// 16x16 LED-matrix animation, 24 frames at 100 ms.
// Row-major, top-left origin. Generated -- do not edit by hand.
#pragma once
#include <stdint.h>

#define EYE16_ANIM_W 16
#define EYE16_ANIM_H 16
#define EYE16_ANIM_FRAMES 24
#define EYE16_ANIM_DELAY_MS 100

static const uint32_t eye16_anim_rgb888[24][256] = {
    {
        0x070202, 0x070202, 0x070202, 0x130402, 0x130402, 0x130402, 0x130402, 0x130402, 0x130402, 0x130402, 0x130402, 0x130402, 0x130402, 0x070202, 0x070202, 0x070202,
        0x130402, 0x130402, 0x130402, 0x130402, 0x130402, 0x130402, 0x130402, 0x130402, 0x130402, 0x130402, 0x130402, 0x130402, 0x130402, 0x130402, 0x130402, 0x130402,
        0x130402, 0x130402, 0x130402, 0x130402, 0x360902, 0x360902, 0x360902, 0x8C1404, 0x360902, 0x8C1404, 0x360902, 0x360902, 0x130402, 0x130402, 0x130402, 0x130402,
        0x130402, 0x360902, 0x360902, 0x8C1404, 0x360902, 0xD63E06, 0xFF8A10, 0xFF8A10, 0xFF8A10, 0xFF8A10, 0x360902, 0xD63E06, 0x8C1404, 0x8C1404, 0x360902, 0x130402,
        0x360902, 0x360902, 0x360902, 0xFF8A10, 0xFF8A10, 0xD63E06, 0xD63E06, 0xD63E06, 0x090100, 0xD63E06, 0xD63E06, 0x360902, 0x360902, 0xD63E06, 0x360902, 0x360902,
        0x8C1404, 0x360902, 0xFF8A10, 0xD63E06, 0xD63E06, 0xFF8A10, 0xFF8A10, 0xFFF2B4, 0x090100, 0xFFF2B4, 0xFF8A10, 0xD63E06, 0xD63E06, 0x360902, 0x360902, 0x360902,
        0x360902, 0xD63E06, 0xD63E06, 0xD63E06, 0xFF8A10, 0xFF8A10, 0xFFC93E, 0xFFF2B4, 0x090100, 0xFFF2B4, 0xFF8A10, 0xFF8A10, 0xD63E06, 0xD63E06, 0xD63E06, 0xD63E06,
        0x360902, 0x360902, 0xD63E06, 0xD63E06, 0xFF8A10, 0xFF8A10, 0xFFC93E, 0xFFF2B4, 0x090100, 0xFFF2B4, 0xFF8A10, 0xFF8A10, 0xD63E06, 0xD63E06, 0x360902, 0x360902,
        0x360902, 0x360902, 0xD63E06, 0xD63E06, 0xD63E06, 0xFF8A10, 0xFF8A10, 0xFFF2B4, 0x090100, 0xFFF2B4, 0xFF8A10, 0xD63E06, 0xD63E06, 0xD63E06, 0x360902, 0x360902,
        0x360902, 0x360902, 0x360902, 0xD63E06, 0xFF8A10, 0xD63E06, 0xD63E06, 0xD63E06, 0x090100, 0xD63E06, 0xD63E06, 0xFF8A10, 0xD63E06, 0x360902, 0x360902, 0x360902,
        0x130402, 0x360902, 0x360902, 0x360902, 0x360902, 0x8C1404, 0x360902, 0xD63E06, 0xD63E06, 0xD63E06, 0x360902, 0x360902, 0x360902, 0x360902, 0x360902, 0x130402,
        0x130402, 0x130402, 0x130402, 0x130402, 0x360902, 0x360902, 0x360902, 0x3C1A0E, 0x3C1A0E, 0x360902, 0x360902, 0x360902, 0x130402, 0x130402, 0x130402, 0x130402,
        0x130402, 0x130402, 0x130402, 0x130402, 0x130402, 0x130402, 0x3C1A0E, 0x0D0A10, 0x0D0A10, 0x3C1A0E, 0x130402, 0x130402, 0x130402, 0x130402, 0x130402, 0x130402,
        0x070202, 0x070202, 0x070202, 0x130402, 0x130402, 0x130402, 0x3C1A0E, 0x0D0A10, 0x0D0A10, 0x3C1A0E, 0x130402, 0x130402, 0x130402, 0x070202, 0x070202, 0x070202,
        0x070202, 0x070202, 0x070202, 0x070202, 0x070202, 0x3C1A0E, 0x0D0A10, 0x0D0A10, 0x0D0A10, 0x0D0A10, 0x3C1A0E, 0x070202, 0x070202, 0x070202, 0x070202, 0x070202,
        0x070202, 0x070202, 0x070202, 0x070202, 0x3C1A0E, 0x0D0A10, 0x0D0A10, 0x0D0A10, 0x0D0A10, 0x0D0A10, 0x0D0A10, 0x3C1A0E, 0x070202, 0x070202, 0x070202, 0x070202,
    },
    {
        0x070202, 0x070202, 0x070202, 0x140402, 0x140402, 0x140402, 0x140402, 0x140402, 0x140402, 0x140402, 0x140402, 0x140402, 0x140402, 0x070202, 0x070202, 0x070202,
        0x140402, 0x140402, 0x140402, 0x140402, 0x140402, 0x140402, 0x140402, 0x140402, 0x140402, 0x140402, 0x140402, 0x140402, 0x140402, 0x140402, 0x140402, 0x140402,
        0x140402, 0x140402, 0x140402, 0x140402, 0x360902, 0x360902, 0x360902, 0x360902, 0x360902, 0x360902, 0x360902, 0x360902, 0x140402, 0x140402, 0x140402, 0x140402,
        0x140402, 0x360902, 0x360902, 0x360902, 0xD63E06, 0x360902, 0xFF8A10, 0xFF8A10, 0xFF8A10, 0xFF8A10, 0xD63E06, 0x360902, 0x360902, 0x360902, 0x360902, 0x140402,
        0x360902, 0x360902, 0x360902, 0xFF8A10, 0xFF8A10, 0xD63E06, 0xD63E06, 0xD63E06, 0x090100, 0xD63E06, 0xD63E06, 0xFF8A10, 0xFF8A10, 0x360902, 0x360902, 0x360902,
        0x8C1404, 0x360902, 0xFF8A10, 0xD63E06, 0xD63E06, 0xFF8A10, 0xFF8A10, 0xFFF2B4, 0x090100, 0xFFF2B4, 0xFF8A10, 0xD63E06, 0xD63E06, 0xFF8A10, 0xD63E06, 0x8C1404,
        0xD63E06, 0xD63E06, 0xD63E06, 0xD63E06, 0xFF8A10, 0xFF8A10, 0xFFC93E, 0xFFF2B4, 0x090100, 0xFFF2B4, 0xFF8A10, 0xFF8A10, 0xD63E06, 0xD63E06, 0xD63E06, 0xD63E06,
        0x360902, 0x360902, 0xD63E06, 0xD63E06, 0xFF8A10, 0xFF8A10, 0xFFC93E, 0xFFF2B4, 0x090100, 0xFFF2B4, 0xFF8A10, 0xFF8A10, 0xD63E06, 0xD63E06, 0x360902, 0x360902,
        0x360902, 0x360902, 0xD63E06, 0xD63E06, 0xD63E06, 0xFF8A10, 0xFF8A10, 0xFFF2B4, 0x090100, 0xFFF2B4, 0xFF8A10, 0xD63E06, 0xD63E06, 0xD63E06, 0x360902, 0x360902,
        0x360902, 0x360902, 0x360902, 0xD63E06, 0x360902, 0xD63E06, 0xD63E06, 0xD63E06, 0x090100, 0xD63E06, 0xD63E06, 0x360902, 0xD63E06, 0x360902, 0x360902, 0x360902,
        0x140402, 0x360902, 0x360902, 0x360902, 0x360902, 0x8C1404, 0x360902, 0x360902, 0xD63E06, 0xD63E06, 0x8C1404, 0x360902, 0x360902, 0x360902, 0x360902, 0x140402,
        0x140402, 0x140402, 0x140402, 0x140402, 0x360902, 0x360902, 0x360902, 0x3C1A0E, 0x3C1A0E, 0x360902, 0x360902, 0x360902, 0x140402, 0x140402, 0x140402, 0x140402,
        0x140402, 0x140402, 0x140402, 0x140402, 0x140402, 0x140402, 0x3C1A0E, 0x0D0A10, 0x0D0A10, 0x3C1A0E, 0x140402, 0x140402, 0x140402, 0x140402, 0x140402, 0x140402,
        0x070202, 0x070202, 0x070202, 0x140402, 0x140402, 0x140402, 0x3C1A0E, 0x0D0A10, 0x0D0A10, 0x3C1A0E, 0x140402, 0x140402, 0x140402, 0x070202, 0x070202, 0x070202,
        0x070202, 0x070202, 0x070202, 0x070202, 0x070202, 0x3C1A0E, 0x0D0A10, 0x0D0A10, 0x0D0A10, 0x0D0A10, 0x3C1A0E, 0x070202, 0x070202, 0x070202, 0x070202, 0x070202,
        0x070202, 0x070202, 0x070202, 0x070202, 0x3C1A0E, 0x0D0A10, 0x0D0A10, 0x0D0A10, 0x0D0A10, 0x0D0A10, 0x0D0A10, 0x3C1A0E, 0x070202, 0x070202, 0x070202, 0x070202,
    },
    {
        0x070202, 0x070202, 0x070202, 0x150402, 0x150402, 0x150402, 0x150402, 0x150402, 0x150402, 0x150402, 0x150402, 0x150402, 0x150402, 0x070202, 0x070202, 0x070202,
        0x150402, 0x150402, 0x150402, 0x150402, 0x150402, 0x150402, 0x150402, 0x150402, 0x150402, 0x150402, 0x150402, 0x150402, 0x150402, 0x150402, 0x150402, 0x150402,
        0x150402, 0x150402, 0x150402, 0x150402, 0x380902, 0x380902, 0x8C1404, 0x380902, 0x380902, 0x380902, 0x8C1404, 0x380902, 0x150402, 0x150402, 0x150402, 0x150402,
        0x150402, 0x380902, 0x8C1404, 0x380902, 0x380902, 0xD63E06, 0x380902, 0xFF8A10, 0xFF8A10, 0x380902, 0xD63E06, 0x380902, 0x380902, 0x380902, 0x380902, 0x150402,
        0x380902, 0x380902, 0x380902, 0xFF8A10, 0xFF8A10, 0xD63E06, 0xD63E06, 0xD63E06, 0xD63E06, 0x090100, 0xD63E06, 0x380902, 0xFF8A10, 0xD63E06, 0x380902, 0x380902,
        0x380902, 0xD63E06, 0xFF8A10, 0xD63E06, 0xD63E06, 0xFF8A10, 0xFF8A10, 0xFF8A10, 0xFFF2B4, 0x090100, 0xFFF2B4, 0xD63E06, 0xD63E06, 0xFF8A10, 0x380902, 0x380902,
        0x380902, 0x380902, 0xD63E06, 0xD63E06, 0xFF8A10, 0xFF8A10, 0xFFC93E, 0xFFC93E, 0xFFF2B4, 0x090100, 0xFFF2B4, 0xFF8A10, 0xD63E06, 0xD63E06, 0xD63E06, 0xD63E06,
        0x380902, 0x380902, 0xD63E06, 0xD63E06, 0xFF8A10, 0xFF8A10, 0xFFC93E, 0xFFC93E, 0xFFF2B4, 0x090100, 0xFFF2B4, 0xFF8A10, 0xD63E06, 0xD63E06, 0x380902, 0x380902,
        0x380902, 0x380902, 0x380902, 0xD63E06, 0xD63E06, 0xFF8A10, 0xFF8A10, 0xFF8A10, 0xFFF2B4, 0x090100, 0xFFF2B4, 0xD63E06, 0xD63E06, 0x380902, 0x380902, 0x380902,
        0x380902, 0x380902, 0x380902, 0x380902, 0xFF8A10, 0xD63E06, 0xD63E06, 0xD63E06, 0xD63E06, 0x090100, 0xD63E06, 0x380902, 0xD63E06, 0x380902, 0x380902, 0x380902,
        0x150402, 0x380902, 0x380902, 0x380902, 0x380902, 0x8C1404, 0x380902, 0x380902, 0xD63E06, 0x380902, 0x380902, 0x380902, 0x380902, 0x380902, 0x380902, 0x150402,
        0x150402, 0x150402, 0x150402, 0x150402, 0x380902, 0x380902, 0x380902, 0x3C1A0E, 0x3C1A0E, 0x380902, 0x380902, 0x380902, 0x150402, 0x150402, 0x150402, 0x150402,
        0x150402, 0x150402, 0x150402, 0x150402, 0x150402, 0x150402, 0x3C1A0E, 0x0D0A10, 0x0D0A10, 0x3C1A0E, 0x150402, 0x150402, 0x150402, 0x150402, 0x150402, 0x150402,
        0x070202, 0x070202, 0x070202, 0x150402, 0x150402, 0x150402, 0x3C1A0E, 0x0D0A10, 0x0D0A10, 0x3C1A0E, 0x150402, 0x150402, 0x150402, 0x070202, 0x070202, 0x070202,
        0x070202, 0x070202, 0x070202, 0x070202, 0x070202, 0x3C1A0E, 0x0D0A10, 0x0D0A10, 0x0D0A10, 0x0D0A10, 0x3C1A0E, 0x070202, 0x070202, 0x070202, 0x070202, 0x070202,
        0x070202, 0x070202, 0x070202, 0x070202, 0x3C1A0E, 0x0D0A10, 0x0D0A10, 0x0D0A10, 0x0D0A10, 0x0D0A10, 0x0D0A10, 0x3C1A0E, 0x070202, 0x070202, 0x070202, 0x070202,
    },
    {
        0x070202, 0x070202, 0x070202, 0x160402, 0x160402, 0x160402, 0x160402, 0x160402, 0x160402, 0x160402, 0x160402, 0x160402, 0x160402, 0x070202, 0x070202, 0x070202,
        0x160402, 0x160402, 0x160402, 0x160402, 0x160402, 0x160402, 0x160402, 0x160402, 0x160402, 0x160402, 0x160402, 0x160402, 0x160402, 0x160402, 0x160402, 0x160402,
        0x160402, 0x160402, 0x160402, 0x160402, 0x3A0902, 0x3A0902, 0x3A0902, 0x3A0902, 0x3A0902, 0x3A0902, 0x3A0902, 0x3A0902, 0x160402, 0x160402, 0x160402, 0x160402,
        0x160402, 0x3A0902, 0x3A0902, 0x8C1404, 0xD63E06, 0x3A0902, 0x3A0902, 0x3A0902, 0x3A0902, 0xFF8A10, 0x3A0902, 0xD63E06, 0x8C1404, 0x8C1404, 0x3A0902, 0x160402,
        0x3A0902, 0x3A0902, 0xD63E06, 0x3A0902, 0x3A0902, 0xD63E06, 0xD63E06, 0xD63E06, 0xD63E06, 0x090100, 0xD63E06, 0xFF8A10, 0xFF8A10, 0xD63E06, 0x8C1404, 0x3A0902,
        0x3A0902, 0x3A0902, 0xFF8A10, 0xD63E06, 0xD63E06, 0xFF8A10, 0xFF8A10, 0xFF8A10, 0xFFF2B4, 0x090100, 0xFFF2B4, 0xD63E06, 0xD63E06, 0xFF8A10, 0x3A0902, 0x3A0902,
        0xD63E06, 0x3A0902, 0xD63E06, 0xD63E06, 0xFF8A10, 0xFF8A10, 0xFFC93E, 0xFFC93E, 0xFFF2B4, 0x090100, 0xFFF2B4, 0xFF8A10, 0xD63E06, 0xD63E06, 0x3A0902, 0x3A0902,
        0x3A0902, 0x3A0902, 0xD63E06, 0xD63E06, 0xFF8A10, 0xFF8A10, 0xFFC93E, 0xFFC93E, 0xFFF2B4, 0x090100, 0xFFF2B4, 0xFF8A10, 0xD63E06, 0xD63E06, 0x8C1404, 0x3A0902,
        0x3A0902, 0x3A0902, 0xD63E06, 0xD63E06, 0xD63E06, 0xFF8A10, 0xFF8A10, 0xFF8A10, 0xFFF2B4, 0x090100, 0xFFF2B4, 0xD63E06, 0xD63E06, 0x3A0902, 0x3A0902, 0x3A0902,
        0x3A0902, 0x3A0902, 0x3A0902, 0xD63E06, 0xFF8A10, 0xD63E06, 0xD63E06, 0xD63E06, 0xD63E06, 0x090100, 0xD63E06, 0xFF8A10, 0x3A0902, 0x3A0902, 0x3A0902, 0x3A0902,
        0x160402, 0x3A0902, 0x3A0902, 0x3A0902, 0x3A0902, 0x3A0902, 0xD63E06, 0x3A0902, 0xD63E06, 0x3A0902, 0x3A0902, 0x3A0902, 0x3A0902, 0x3A0902, 0x3A0902, 0x160402,
        0x160402, 0x160402, 0x160402, 0x160402, 0x3A0902, 0x3A0902, 0x3A0902, 0x3C1A0E, 0x3C1A0E, 0x3A0902, 0x3A0902, 0x3A0902, 0x160402, 0x160402, 0x160402, 0x160402,
        0x160402, 0x160402, 0x160402, 0x160402, 0x160402, 0x160402, 0x3C1A0E, 0x0D0A10, 0x0D0A10, 0x3C1A0E, 0x160402, 0x160402, 0x160402, 0x160402, 0x160402, 0x160402,
        0x070202, 0x070202, 0x070202, 0x160402, 0x160402, 0x160402, 0x3C1A0E, 0x0D0A10, 0x0D0A10, 0x3C1A0E, 0x160402, 0x160402, 0x160402, 0x070202, 0x070202, 0x070202,
        0x070202, 0x070202, 0x070202, 0x070202, 0x070202, 0x3C1A0E, 0x0D0A10, 0x0D0A10, 0x0D0A10, 0x0D0A10, 0x3C1A0E, 0x070202, 0x070202, 0x070202, 0x070202, 0x070202,
        0x070202, 0x070202, 0x070202, 0x070202, 0x3C1A0E, 0x0D0A10, 0x0D0A10, 0x0D0A10, 0x0D0A10, 0x0D0A10, 0x0D0A10, 0x3C1A0E, 0x070202, 0x070202, 0x070202, 0x070202,
    },
    {
        0x070202, 0x070202, 0x070202, 0x180402, 0x180402, 0x180402, 0x180402, 0x180402, 0x180402, 0x180402, 0x180402, 0x180402, 0x180402, 0x070202, 0x070202, 0x070202,
        0x180402, 0x180402, 0x180402, 0x180402, 0x180402, 0x180402, 0x180402, 0x180402, 0x180402, 0x180402, 0x180402, 0x180402, 0x180402, 0x180402, 0x180402, 0x180402,
        0x180402, 0x180402, 0x180402, 0x180402, 0x3C0A02, 0x3C0A02, 0x3C0A02, 0x3C0A02, 0x3C0A02, 0x3C0A02, 0x3C0A02, 0x3C0A02, 0x180402, 0x180402, 0x180402, 0x180402,
        0x180402, 0x3C0A02, 0x3C0A02, 0x3C0A02, 0xD63E06, 0xD63E06, 0x3C0A02, 0x3C0A02, 0xFF8A10, 0x3C0A02, 0xD63E06, 0xD63E06, 0x3C0A02, 0x3C0A02, 0x3C0A02, 0x180402,
        0x3C0A02, 0x3C0A02, 0x3C0A02, 0x3C0A02, 0xFF8A10, 0xD63E06, 0xD63E06, 0xD63E06, 0xD63E06, 0x090100, 0xD63E06, 0xFF8A10, 0xFF8A10, 0x3C0A02, 0x8C1404, 0x3C0A02,
        0x3C0A02, 0xD63E06, 0x3C0A02, 0xD63E06, 0xD63E06, 0xFF8A10, 0xFF8A10, 0xFF8A10, 0xFFF2B4, 0x090100, 0xFFF2B4, 0xD63E06, 0xD63E06, 0xFF8A10, 0xD63E06, 0x3C0A02,
        0xD63E06, 0x3C0A02, 0xD63E06, 0xD63E06, 0xFF8A10, 0xFF8A10, 0xFFC93E, 0xFFC93E, 0xFFF2B4, 0x090100, 0xFFF2B4, 0xFF8A10, 0xD63E06, 0xD63E06, 0x3C0A02, 0x3C0A02,
        0x3C0A02, 0x8C1404, 0xD63E06, 0xD63E06, 0xFF8A10, 0xFF8A10, 0xFFC93E, 0xFFC93E, 0xFFF2B4, 0x090100, 0xFFF2B4, 0xFF8A10, 0xD63E06, 0xD63E06, 0x3C0A02, 0x3C0A02,
        0x3C0A02, 0x3C0A02, 0x3C0A02, 0xD63E06, 0xD63E06, 0xFF8A10, 0xFF8A10, 0xFF8A10, 0xFFF2B4, 0x090100, 0xFFF2B4, 0xD63E06, 0xD63E06, 0xD63E06, 0x3C0A02, 0x3C0A02,
        0x3C0A02, 0x3C0A02, 0x3C0A02, 0x3C0A02, 0xFF8A10, 0xD63E06, 0xD63E06, 0xD63E06, 0xD63E06, 0x090100, 0xD63E06, 0xFF8A10, 0xD63E06, 0x3C0A02, 0x3C0A02, 0x3C0A02,
        0x180402, 0x3C0A02, 0x3C0A02, 0x3C0A02, 0x3C0A02, 0x3C0A02, 0x3C0A02, 0x3C0A02, 0x3C0A02, 0xD63E06, 0x3C0A02, 0x3C0A02, 0x3C0A02, 0x3C0A02, 0x3C0A02, 0x180402,
        0x180402, 0x180402, 0x180402, 0x180402, 0x3C0A02, 0x3C0A02, 0x3C0A02, 0x3C1A0E, 0x3C1A0E, 0x3C0A02, 0x3C0A02, 0x3C0A02, 0x180402, 0x180402, 0x180402, 0x180402,
        0x180402, 0x180402, 0x180402, 0x180402, 0x180402, 0x180402, 0x3C1A0E, 0x0D0A10, 0x0D0A10, 0x3C1A0E, 0x180402, 0x180402, 0x180402, 0x180402, 0x180402, 0x180402,
        0x070202, 0x070202, 0x070202, 0x180402, 0x180402, 0x180402, 0x3C1A0E, 0x0D0A10, 0x0D0A10, 0x3C1A0E, 0x180402, 0x180402, 0x180402, 0x070202, 0x070202, 0x070202,
        0x070202, 0x070202, 0x070202, 0x070202, 0x070202, 0x3C1A0E, 0x0D0A10, 0x0D0A10, 0x0D0A10, 0x0D0A10, 0x3C1A0E, 0x070202, 0x070202, 0x070202, 0x070202, 0x070202,
        0x070202, 0x070202, 0x070202, 0x070202, 0x3C1A0E, 0x0D0A10, 0x0D0A10, 0x0D0A10, 0x0D0A10, 0x0D0A10, 0x0D0A10, 0x3C1A0E, 0x070202, 0x070202, 0x070202, 0x070202,
    },
    {
        0x070202, 0x070202, 0x070202, 0x1A0402, 0x1A0402, 0x1A0402, 0x1A0402, 0x1A0402, 0x1A0402, 0x1A0402, 0x1A0402, 0x1A0402, 0x1A0402, 0x070202, 0x070202, 0x070202,
        0x1A0402, 0x1A0402, 0x1A0402, 0x1A0402, 0x1A0402, 0x1A0402, 0x1A0402, 0x1A0402, 0x1A0402, 0x1A0402, 0x1A0402, 0x1A0402, 0x1A0402, 0x1A0402, 0x1A0402, 0x1A0402,
        0x1A0402, 0x1A0402, 0x1A0402, 0x1A0402, 0x3F0A02, 0x3F0A02, 0x3F0A02, 0x8C1404, 0x3F0A02, 0x3F0A02, 0x3F0A02, 0x3F0A02, 0x1A0402, 0x1A0402, 0x1A0402, 0x1A0402,
        0x1A0402, 0x3F0A02, 0x3F0A02, 0x3F0A02, 0xD63E06, 0xD63E06, 0xFF8A10, 0x3F0A02, 0xFF8A10, 0xFF8A10, 0x3F0A02, 0x3F0A02, 0x3F0A02, 0x3F0A02, 0x3F0A02, 0x1A0402,
        0x3F0A02, 0x3F0A02, 0xD63E06, 0xFF8A10, 0xFF8A10, 0xD63E06, 0xD63E06, 0xD63E06, 0x090100, 0xD63E06, 0xD63E06, 0xFF8A10, 0xFF8A10, 0x3F0A02, 0x8C1404, 0x3F0A02,
        0x8C1404, 0xD63E06, 0xFF8A10, 0xD63E06, 0xD63E06, 0xFF8A10, 0xFF8A10, 0xFFF2B4, 0x090100, 0xFFF2B4, 0xFF8A10, 0xD63E06, 0xD63E06, 0xFF8A10, 0x3F0A02, 0x8C1404,
        0x3F0A02, 0xD63E06, 0xD63E06, 0xD63E06, 0xFF8A10, 0xFF8A10, 0xFFC93E, 0xFFF2B4, 0x090100, 0xFFF2B4, 0xFF8A10, 0xFF8A10, 0xD63E06, 0xD63E06, 0xD63E06, 0x3F0A02,
        0x3F0A02, 0x3F0A02, 0xD63E06, 0xD63E06, 0xFF8A10, 0xFF8A10, 0xFFC93E, 0xFFF2B4, 0x090100, 0xFFF2B4, 0xFF8A10, 0xFF8A10, 0xD63E06, 0xD63E06, 0x3F0A02, 0x3F0A02,
        0x3F0A02, 0x3F0A02, 0xD63E06, 0xD63E06, 0xD63E06, 0xFF8A10, 0xFF8A10, 0xFFF2B4, 0x090100, 0xFFF2B4, 0xFF8A10, 0xD63E06, 0xD63E06, 0x3F0A02, 0x3F0A02, 0x3F0A02,
        0x3F0A02, 0x3F0A02, 0x3F0A02, 0x3F0A02, 0xFF8A10, 0xD63E06, 0xD63E06, 0xD63E06, 0x090100, 0xD63E06, 0xD63E06, 0xFF8A10, 0x3F0A02, 0x3F0A02, 0x3F0A02, 0x3F0A02,
        0x1A0402, 0x3F0A02, 0x3F0A02, 0x3F0A02, 0x3F0A02, 0x3F0A02, 0x3F0A02, 0x3F0A02, 0x3F0A02, 0x3F0A02, 0x3F0A02, 0x3F0A02, 0x3F0A02, 0x3F0A02, 0x3F0A02, 0x1A0402,
        0x1A0402, 0x1A0402, 0x1A0402, 0x1A0402, 0x3F0A02, 0x3F0A02, 0x3F0A02, 0x3C1A0E, 0x3C1A0E, 0x3F0A02, 0x3F0A02, 0x3F0A02, 0x1A0402, 0x1A0402, 0x1A0402, 0x1A0402,
        0x1A0402, 0x1A0402, 0x1A0402, 0x1A0402, 0x1A0402, 0x1A0402, 0x3C1A0E, 0x0D0A10, 0x0D0A10, 0x3C1A0E, 0x1A0402, 0x1A0402, 0x1A0402, 0x1A0402, 0x1A0402, 0x1A0402,
        0x070202, 0x070202, 0x070202, 0x1A0402, 0x1A0402, 0x1A0402, 0x3C1A0E, 0x0D0A10, 0x0D0A10, 0x3C1A0E, 0x1A0402, 0x1A0402, 0x1A0402, 0x070202, 0x070202, 0x070202,
        0x070202, 0x070202, 0x070202, 0x070202, 0x070202, 0x3C1A0E, 0x0D0A10, 0x0D0A10, 0x0D0A10, 0x0D0A10, 0x3C1A0E, 0x070202, 0x070202, 0x070202, 0x070202, 0x070202,
        0x070202, 0x070202, 0x070202, 0x070202, 0x3C1A0E, 0x0D0A10, 0x0D0A10, 0x0D0A10, 0x0D0A10, 0x0D0A10, 0x0D0A10, 0x3C1A0E, 0x070202, 0x070202, 0x070202, 0x070202,
    },
    {
        0x070202, 0x070202, 0x070202, 0x1D0502, 0x1D0502, 0x1D0502, 0x1D0502, 0x1D0502, 0x1D0502, 0x1D0502, 0x1D0502, 0x1D0502, 0x1D0502, 0x070202, 0x070202, 0x070202,
        0x1D0502, 0x1D0502, 0x1D0502, 0x1D0502, 0x1D0502, 0x1D0502, 0x1D0502, 0x1D0502, 0x1D0502, 0x1D0502, 0x1D0502, 0x1D0502, 0x1D0502, 0x1D0502, 0x1D0502, 0x1D0502,
        0x1D0502, 0x1D0502, 0x1D0502, 0x1D0502, 0x420B02, 0x420B02, 0x420B02, 0x420B02, 0x420B02, 0x420B02, 0x420B02, 0x420B02, 0x1D0502, 0x1D0502, 0x1D0502, 0x1D0502,
        0x1D0502, 0x420B02, 0x8C1404, 0x420B02, 0x420B02, 0xD63E06, 0x420B02, 0xFF8A10, 0x420B02, 0xFF8A10, 0xD63E06, 0x420B02, 0x8C1404, 0x420B02, 0x420B02, 0x1D0502,
        0x420B02, 0x420B02, 0xD63E06, 0xFF8A10, 0xFF8A10, 0xD63E06, 0xD63E06, 0xD63E06, 0x090100, 0xD63E06, 0xD63E06, 0xFF8A10, 0x420B02, 0x420B02, 0x420B02, 0x420B02,
        0x420B02, 0xD63E06, 0x420B02, 0xD63E06, 0xD63E06, 0xFF8A10, 0xFF8A10, 0xFFF2B4, 0x090100, 0xFFF2B4, 0xFF8A10, 0xD63E06, 0xD63E06, 0xFF8A10, 0x420B02, 0x420B02,
        0xD63E06, 0xD63E06, 0xD63E06, 0xD63E06, 0xFF8A10, 0xFF8A10, 0xFFC93E, 0xFFF2B4, 0x090100, 0xFFF2B4, 0xFF8A10, 0xFF8A10, 0xD63E06, 0xD63E06, 0xD63E06, 0x420B02,
        0x420B02, 0x420B02, 0xD63E06, 0xD63E06, 0xFF8A10, 0xFF8A10, 0xFFC93E, 0xFFF2B4, 0x090100, 0xFFF2B4, 0xFF8A10, 0xFF8A10, 0xD63E06, 0xD63E06, 0x8C1404, 0x420B02,
        0x420B02, 0x420B02, 0x420B02, 0xD63E06, 0xD63E06, 0xFF8A10, 0xFF8A10, 0xFFF2B4, 0x090100, 0xFFF2B4, 0xFF8A10, 0xD63E06, 0xD63E06, 0xD63E06, 0x420B02, 0x420B02,
        0x420B02, 0x420B02, 0x420B02, 0xD63E06, 0x420B02, 0xD63E06, 0xD63E06, 0xD63E06, 0x090100, 0xD63E06, 0xD63E06, 0xFF8A10, 0x420B02, 0x420B02, 0x420B02, 0x420B02,
        0x1D0502, 0x420B02, 0x420B02, 0x420B02, 0x420B02, 0x420B02, 0x420B02, 0x420B02, 0x420B02, 0xD63E06, 0x420B02, 0x420B02, 0x420B02, 0x420B02, 0x420B02, 0x1D0502,
        0x1D0502, 0x1D0502, 0x1D0502, 0x1D0502, 0x420B02, 0x420B02, 0x420B02, 0x3C1A0E, 0x3C1A0E, 0x420B02, 0x420B02, 0x420B02, 0x1D0502, 0x1D0502, 0x1D0502, 0x1D0502,
        0x1D0502, 0x1D0502, 0x1D0502, 0x1D0502, 0x1D0502, 0x1D0502, 0x3C1A0E, 0x0D0A10, 0x0D0A10, 0x3C1A0E, 0x1D0502, 0x1D0502, 0x1D0502, 0x1D0502, 0x1D0502, 0x1D0502,
        0x070202, 0x070202, 0x070202, 0x1D0502, 0x1D0502, 0x1D0502, 0x3C1A0E, 0x0D0A10, 0x0D0A10, 0x3C1A0E, 0x1D0502, 0x1D0502, 0x1D0502, 0x070202, 0x070202, 0x070202,
        0x070202, 0x070202, 0x070202, 0x070202, 0x070202, 0x3C1A0E, 0x0D0A10, 0x0D0A10, 0x0D0A10, 0x0D0A10, 0x3C1A0E, 0x070202, 0x070202, 0x070202, 0x070202, 0x070202,
        0x070202, 0x070202, 0x070202, 0x070202, 0x3C1A0E, 0x0D0A10, 0x0D0A10, 0x0D0A10, 0x0D0A10, 0x0D0A10, 0x0D0A10, 0x3C1A0E, 0x070202, 0x070202, 0x070202, 0x070202,
    },
    {
        0x070202, 0x070202, 0x070202, 0x1F0502, 0x1F0502, 0x1F0502, 0x1F0502, 0x1F0502, 0x1F0502, 0x1F0502, 0x1F0502, 0x1F0502, 0x1F0502, 0x070202, 0x070202, 0x070202,
        0x1F0502, 0x1F0502, 0x1F0502, 0x1F0502, 0x1F0502, 0x1F0502, 0x1F0502, 0x1F0502, 0x1F0502, 0x1F0502, 0x1F0502, 0x1F0502, 0x1F0502, 0x1F0502, 0x1F0502, 0x1F0502,
        0x1F0502, 0x1F0502, 0x1F0502, 0x1F0502, 0x450B02, 0x450B02, 0x8C1404, 0x450B02, 0x8C1404, 0x450B02, 0x450B02, 0x450B02, 0x1F0502, 0x1F0502, 0x1F0502, 0x1F0502,
        0x1F0502, 0x450B02, 0x450B02, 0x450B02, 0x450B02, 0x450B02, 0xFF8A10, 0xFF8A10, 0xFF8A10, 0xFF8A10, 0x450B02, 0xD63E06, 0x450B02, 0x450B02, 0x450B02, 0x1F0502,
        0x450B02, 0x450B02, 0x450B02, 0x450B02, 0xFF8A10, 0xD63E06, 0xD63E06, 0x090100, 0xD63E06, 0xD63E06, 0xD63E06, 0xFF8A10, 0xFF8A10, 0x450B02, 0x450B02, 0x450B02,
        0x450B02, 0xD63E06, 0xFF8A10, 0xD63E06, 0xD63E06, 0xFF8A10, 0xFFF2B4, 0x090100, 0xFFF2B4, 0xFF8A10, 0xFF8A10, 0xD63E06, 0xD63E06, 0xFF8A10, 0x450B02, 0x450B02,
        0xD63E06, 0xD63E06, 0xD63E06, 0xD63E06, 0xFF8A10, 0xFF8A10, 0xFFF2B4, 0x090100, 0xFFF2B4, 0xFFC93E, 0xFF8A10, 0xFF8A10, 0xD63E06, 0xD63E06, 0x450B02, 0x450B02,
        0x450B02, 0x450B02, 0xD63E06, 0xD63E06, 0xFF8A10, 0xFF8A10, 0xFFF2B4, 0x090100, 0xFFF2B4, 0xFFC93E, 0xFF8A10, 0xFF8A10, 0xD63E06, 0xD63E06, 0x450B02, 0x450B02,
        0x450B02, 0x450B02, 0xD63E06, 0xD63E06, 0xD63E06, 0xFF8A10, 0xFFF2B4, 0x090100, 0xFFF2B4, 0xFF8A10, 0xFF8A10, 0xD63E06, 0xD63E06, 0xD63E06, 0x450B02, 0x450B02,
        0x450B02, 0x450B02, 0x450B02, 0xD63E06, 0xFF8A10, 0xD63E06, 0xD63E06, 0x090100, 0xD63E06, 0xD63E06, 0xD63E06, 0xFF8A10, 0xD63E06, 0x450B02, 0x450B02, 0x450B02,
        0x1F0502, 0x450B02, 0x450B02, 0x450B02, 0x450B02, 0x450B02, 0x450B02, 0x450B02, 0x450B02, 0xD63E06, 0x450B02, 0x450B02, 0x450B02, 0x450B02, 0x450B02, 0x1F0502,
        0x1F0502, 0x1F0502, 0x1F0502, 0x1F0502, 0x450B02, 0x450B02, 0x450B02, 0x3C1A0E, 0x3C1A0E, 0x450B02, 0x450B02, 0x450B02, 0x1F0502, 0x1F0502, 0x1F0502, 0x1F0502,
        0x1F0502, 0x1F0502, 0x1F0502, 0x1F0502, 0x1F0502, 0x1F0502, 0x3C1A0E, 0x0D0A10, 0x0D0A10, 0x3C1A0E, 0x1F0502, 0x1F0502, 0x1F0502, 0x1F0502, 0x1F0502, 0x1F0502,
        0x070202, 0x070202, 0x070202, 0x1F0502, 0x1F0502, 0x1F0502, 0x3C1A0E, 0x0D0A10, 0x0D0A10, 0x3C1A0E, 0x1F0502, 0x1F0502, 0x1F0502, 0x070202, 0x070202, 0x070202,
        0x070202, 0x070202, 0x070202, 0x070202, 0x070202, 0x3C1A0E, 0x0D0A10, 0x0D0A10, 0x0D0A10, 0x0D0A10, 0x3C1A0E, 0x070202, 0x070202, 0x070202, 0x070202, 0x070202,
        0x070202, 0x070202, 0x070202, 0x070202, 0x3C1A0E, 0x0D0A10, 0x0D0A10, 0x0D0A10, 0x0D0A10, 0x0D0A10, 0x0D0A10, 0x3C1A0E, 0x070202, 0x070202, 0x070202, 0x070202,
    },
    {
        0x070202, 0x070202, 0x070202, 0x210502, 0x210502, 0x210502, 0x210502, 0x210502, 0x210502, 0x210502, 0x210502, 0x210502, 0x210502, 0x070202, 0x070202, 0x070202,
        0x210502, 0x210502, 0x210502, 0x210502, 0x210502, 0x210502, 0x210502, 0x210502, 0x210502, 0x210502, 0x210502, 0x210502, 0x210502, 0x210502, 0x210502, 0x210502,
        0x210502, 0x210502, 0x210502, 0x210502, 0x480C02, 0x480C02, 0x480C02, 0x8C1404, 0x8C1404, 0x480C02, 0x480C02, 0x480C02, 0x210502, 0x210502, 0x210502, 0x210502,
        0x210502, 0x480C02, 0x480C02, 0x480C02, 0xD63E06, 0x480C02, 0xFF8A10, 0x480C02, 0xFF8A10, 0xFF8A10, 0xD63E06, 0xD63E06, 0x480C02, 0x480C02, 0x480C02, 0x210502,
        0x480C02, 0x480C02, 0x480C02, 0xFF8A10, 0xFF8A10, 0xD63E06, 0xD63E06, 0x090100, 0xD63E06, 0xD63E06, 0xD63E06, 0xFF8A10, 0xFF8A10, 0xD63E06, 0x480C02, 0x480C02,
        0x480C02, 0xD63E06, 0xFF8A10, 0xD63E06, 0xD63E06, 0xFF8A10, 0xFFF2B4, 0x090100, 0xFFF2B4, 0xFF8A10, 0xFF8A10, 0xD63E06, 0xD63E06, 0xFF8A10, 0xD63E06, 0x480C02,
        0x480C02, 0xD63E06, 0xD63E06, 0xD63E06, 0xFF8A10, 0xFF8A10, 0xFFF2B4, 0x090100, 0xFFF2B4, 0xFFC93E, 0xFF8A10, 0xFF8A10, 0xD63E06, 0xD63E06, 0xD63E06, 0x480C02,
        0x480C02, 0x480C02, 0xD63E06, 0xD63E06, 0xFF8A10, 0xFF8A10, 0xFFF2B4, 0x090100, 0xFFF2B4, 0xFFC93E, 0xFF8A10, 0xFF8A10, 0xD63E06, 0xD63E06, 0x480C02, 0x480C02,
        0x480C02, 0x480C02, 0x480C02, 0xD63E06, 0xD63E06, 0xFF8A10, 0xFFF2B4, 0x090100, 0xFFF2B4, 0xFF8A10, 0xFF8A10, 0xD63E06, 0xD63E06, 0xD63E06, 0x480C02, 0x480C02,
        0x480C02, 0x480C02, 0x480C02, 0xD63E06, 0xFF8A10, 0xD63E06, 0xD63E06, 0x090100, 0xD63E06, 0xD63E06, 0xD63E06, 0x480C02, 0x480C02, 0x480C02, 0x480C02, 0x480C02,
        0x210502, 0x480C02, 0x480C02, 0x480C02, 0x480C02, 0x480C02, 0xD63E06, 0x480C02, 0x480C02, 0xD63E06, 0x8C1404, 0x480C02, 0x480C02, 0x480C02, 0x480C02, 0x210502,
        0x210502, 0x210502, 0x210502, 0x210502, 0x480C02, 0x480C02, 0x480C02, 0x3C1A0E, 0x3C1A0E, 0x480C02, 0x480C02, 0x480C02, 0x210502, 0x210502, 0x210502, 0x210502,
        0x210502, 0x210502, 0x210502, 0x210502, 0x210502, 0x210502, 0x3C1A0E, 0x0D0A10, 0x0D0A10, 0x3C1A0E, 0x210502, 0x210502, 0x210502, 0x210502, 0x210502, 0x210502,
        0x070202, 0x070202, 0x070202, 0x210502, 0x210502, 0x210502, 0x3C1A0E, 0x0D0A10, 0x0D0A10, 0x3C1A0E, 0x210502, 0x210502, 0x210502, 0x070202, 0x070202, 0x070202,
        0x070202, 0x070202, 0x070202, 0x070202, 0x070202, 0x3C1A0E, 0x0D0A10, 0x0D0A10, 0x0D0A10, 0x0D0A10, 0x3C1A0E, 0x070202, 0x070202, 0x070202, 0x070202, 0x070202,
        0x070202, 0x070202, 0x070202, 0x070202, 0x3C1A0E, 0x0D0A10, 0x0D0A10, 0x0D0A10, 0x0D0A10, 0x0D0A10, 0x0D0A10, 0x3C1A0E, 0x070202, 0x070202, 0x070202, 0x070202,
    },
    {
        0x070202, 0x070202, 0x070202, 0x230602, 0x230602, 0x230602, 0x230602, 0x230602, 0x230602, 0x230602, 0x230602, 0x230602, 0x230602, 0x070202, 0x070202, 0x070202,
        0x230602, 0x230602, 0x230602, 0x230602, 0x230602, 0x230602, 0x230602, 0x230602, 0x230602, 0x230602, 0x230602, 0x230602, 0x230602, 0x230602, 0x230602, 0x230602,
        0x230602, 0x230602, 0x230602, 0x230602, 0x4A0C02, 0x4A0C02, 0x8C1404, 0x8C1404, 0x4A0C02, 0x4A0C02, 0x4A0C02, 0x4A0C02, 0x230602, 0x230602, 0x230602, 0x230602,
        0x230602, 0x4A0C02, 0x4A0C02, 0x8C1404, 0xD63E06, 0xD63E06, 0xFF8A10, 0x4A0C02, 0xFF8A10, 0xFF8A10, 0xD63E06, 0xD63E06, 0x4A0C02, 0x4A0C02, 0x4A0C02, 0x230602,
        0x4A0C02, 0x8C1404, 0x4A0C02, 0xFF8A10, 0xFF8A10, 0xD63E06, 0xD63E06, 0x090100, 0xD63E06, 0xD63E06, 0xD63E06, 0xFF8A10, 0xFF8A10, 0x4A0C02, 0x8C1404, 0x4A0C02,
        0x4A0C02, 0x4A0C02, 0xFF8A10, 0xD63E06, 0xD63E06, 0xFF8A10, 0xFFF2B4, 0x090100, 0xFFF2B4, 0xFF8A10, 0xFF8A10, 0xD63E06, 0xD63E06, 0xFF8A10, 0xD63E06, 0x4A0C02,
        0xD63E06, 0x4A0C02, 0xD63E06, 0xD63E06, 0xFF8A10, 0xFF8A10, 0xFFF2B4, 0x090100, 0xFFF2B4, 0xFFC93E, 0xFF8A10, 0xFF8A10, 0xD63E06, 0xD63E06, 0x4A0C02, 0x4A0C02,
        0x4A0C02, 0x4A0C02, 0xD63E06, 0xD63E06, 0xFF8A10, 0xFF8A10, 0xFFF2B4, 0x090100, 0xFFF2B4, 0xFFC93E, 0xFF8A10, 0xFF8A10, 0xD63E06, 0xD63E06, 0x8C1404, 0x4A0C02,
        0x4A0C02, 0x4A0C02, 0xD63E06, 0xD63E06, 0xD63E06, 0xFF8A10, 0xFFF2B4, 0x090100, 0xFFF2B4, 0xFF8A10, 0xFF8A10, 0xD63E06, 0xD63E06, 0xD63E06, 0x4A0C02, 0x4A0C02,
        0x4A0C02, 0x4A0C02, 0x4A0C02, 0x4A0C02, 0xFF8A10, 0xD63E06, 0xD63E06, 0x090100, 0xD63E06, 0xD63E06, 0xD63E06, 0xFF8A10, 0xD63E06, 0x4A0C02, 0x4A0C02, 0x4A0C02,
        0x230602, 0x4A0C02, 0x4A0C02, 0x4A0C02, 0x4A0C02, 0x4A0C02, 0xD63E06, 0x4A0C02, 0xD63E06, 0x4A0C02, 0x8C1404, 0x4A0C02, 0x4A0C02, 0x4A0C02, 0x4A0C02, 0x230602,
        0x230602, 0x230602, 0x230602, 0x230602, 0x4A0C02, 0x4A0C02, 0x4A0C02, 0x3C1A0E, 0x3C1A0E, 0x4A0C02, 0x4A0C02, 0x4A0C02, 0x230602, 0x230602, 0x230602, 0x230602,
        0x230602, 0x230602, 0x230602, 0x230602, 0x230602, 0x230602, 0x3C1A0E, 0x0D0A10, 0x0D0A10, 0x3C1A0E, 0x230602, 0x230602, 0x230602, 0x230602, 0x230602, 0x230602,
        0x070202, 0x070202, 0x070202, 0x230602, 0x230602, 0x230602, 0x3C1A0E, 0x0D0A10, 0x0D0A10, 0x3C1A0E, 0x230602, 0x230602, 0x230602, 0x070202, 0x070202, 0x070202,
        0x070202, 0x070202, 0x070202, 0x070202, 0x070202, 0x3C1A0E, 0x0D0A10, 0x0D0A10, 0x0D0A10, 0x0D0A10, 0x3C1A0E, 0x070202, 0x070202, 0x070202, 0x070202, 0x070202,
        0x070202, 0x070202, 0x070202, 0x070202, 0x3C1A0E, 0x0D0A10, 0x0D0A10, 0x0D0A10, 0x0D0A10, 0x0D0A10, 0x0D0A10, 0x3C1A0E, 0x070202, 0x070202, 0x070202, 0x070202,
    },
    {
        0x070202, 0x070202, 0x070202, 0x250602, 0x250602, 0x250602, 0x250602, 0x250602, 0x250602, 0x250602, 0x250602, 0x250602, 0x250602, 0x070202, 0x070202, 0x070202,
        0x250602, 0x250602, 0x250602, 0x250602, 0x250602, 0x250602, 0x250602, 0x250602, 0x250602, 0x250602, 0x250602, 0x250602, 0x250602, 0x250602, 0x250602, 0x250602,
        0x250602, 0x250602, 0x250602, 0x250602, 0x4C0D02, 0x8C1404, 0x4C0D02, 0x8C1404, 0x4C0D02, 0x4C0D02, 0x4C0D02, 0x4C0D02, 0x250602, 0x250602, 0x250602, 0x250602,
        0x250602, 0x4C0D02, 0x4C0D02, 0x8C1404, 0xD63E06, 0x4C0D02, 0xFF8A10, 0xFF8A10, 0xFF8A10, 0xFF8A10, 0xD63E06, 0x4C0D02, 0x4C0D02, 0x4C0D02, 0x4C0D02, 0x250602,
        0x4C0D02, 0x4C0D02, 0x4C0D02, 0xFF8A10, 0xFF8A10, 0xD63E06, 0xD63E06, 0x090100, 0xD63E06, 0xD63E06, 0xD63E06, 0xFF8A10, 0xFF8A10, 0xD63E06, 0x4C0D02, 0x4C0D02,
        0x4C0D02, 0x4C0D02, 0x4C0D02, 0xD63E06, 0xD63E06, 0xFF8A10, 0xFFF2B4, 0x090100, 0xFFF2B4, 0xFF8A10, 0xFF8A10, 0xD63E06, 0xD63E06, 0xFF8A10, 0xD63E06, 0x4C0D02,
        0xD63E06, 0xD63E06, 0xD63E06, 0xD63E06, 0xFF8A10, 0xFF8A10, 0xFFF2B4, 0x090100, 0xFFF2B4, 0xFFC93E, 0xFF8A10, 0xFF8A10, 0xD63E06, 0xD63E06, 0xD63E06, 0x4C0D02,
        0x4C0D02, 0x4C0D02, 0xD63E06, 0xD63E06, 0xFF8A10, 0xFF8A10, 0xFFF2B4, 0x090100, 0xFFF2B4, 0xFFC93E, 0xFF8A10, 0xFF8A10, 0xD63E06, 0xD63E06, 0x4C0D02, 0x4C0D02,
        0x4C0D02, 0x4C0D02, 0xD63E06, 0xD63E06, 0xD63E06, 0xFF8A10, 0xFFF2B4, 0x090100, 0xFFF2B4, 0xFF8A10, 0xFF8A10, 0xD63E06, 0xD63E06, 0x4C0D02, 0x4C0D02, 0x4C0D02,
        0x4C0D02, 0x4C0D02, 0x4C0D02, 0x4C0D02, 0x4C0D02, 0xD63E06, 0xD63E06, 0x090100, 0xD63E06, 0xD63E06, 0xD63E06, 0xFF8A10, 0xD63E06, 0x4C0D02, 0x4C0D02, 0x4C0D02,
        0x250602, 0x4C0D02, 0x4C0D02, 0x4C0D02, 0x4C0D02, 0x4C0D02, 0xD63E06, 0xD63E06, 0x4C0D02, 0xD63E06, 0x4C0D02, 0x4C0D02, 0x4C0D02, 0x4C0D02, 0x4C0D02, 0x250602,
        0x250602, 0x250602, 0x250602, 0x250602, 0x4C0D02, 0x4C0D02, 0x4C0D02, 0x3C1A0E, 0x3C1A0E, 0x4C0D02, 0x4C0D02, 0x4C0D02, 0x250602, 0x250602, 0x250602, 0x250602,
        0x250602, 0x250602, 0x250602, 0x250602, 0x250602, 0x250602, 0x3C1A0E, 0x0D0A10, 0x0D0A10, 0x3C1A0E, 0x250602, 0x250602, 0x250602, 0x250602, 0x250602, 0x250602,
        0x070202, 0x070202, 0x070202, 0x250602, 0x250602, 0x250602, 0x3C1A0E, 0x0D0A10, 0x0D0A10, 0x3C1A0E, 0x250602, 0x250602, 0x250602, 0x070202, 0x070202, 0x070202,
        0x070202, 0x070202, 0x070202, 0x070202, 0x070202, 0x3C1A0E, 0x0D0A10, 0x0D0A10, 0x0D0A10, 0x0D0A10, 0x3C1A0E, 0x070202, 0x070202, 0x070202, 0x070202, 0x070202,
        0x070202, 0x070202, 0x070202, 0x070202, 0x3C1A0E, 0x0D0A10, 0x0D0A10, 0x0D0A10, 0x0D0A10, 0x0D0A10, 0x0D0A10, 0x3C1A0E, 0x070202, 0x070202, 0x070202, 0x070202,
    },
    {
        0x070202, 0x070202, 0x070202, 0x260602, 0x260602, 0x260602, 0x260602, 0x260602, 0x260602, 0x260602, 0x260602, 0x260602, 0x260602, 0x070202, 0x070202, 0x070202,
        0x260602, 0x260602, 0x260602, 0x260602, 0x260602, 0x260602, 0x260602, 0x260602, 0x260602, 0x260602, 0x260602, 0x260602, 0x260602, 0x260602, 0x260602, 0x260602,
        0x260602, 0x260602, 0x260602, 0x260602, 0x4E0D02, 0x4E0D02, 0x4E0D02, 0x8C1404, 0x4E0D02, 0x8C1404, 0x4E0D02, 0x4E0D02, 0x260602, 0x260602, 0x260602, 0x260602,
        0x260602, 0x4E0D02, 0x4E0D02, 0x4E0D02, 0x4E0D02, 0x4E0D02, 0x4E0D02, 0xFF8A10, 0xFF8A10, 0xFF8A10, 0x4E0D02, 0xD63E06, 0x8C1404, 0x4E0D02, 0x4E0D02, 0x260602,
        0x4E0D02, 0x8C1404, 0x4E0D02, 0xFF8A10, 0xFF8A10, 0xD63E06, 0xD63E06, 0xD63E06, 0x090100, 0xD63E06, 0xD63E06, 0xFF8A10, 0xFF8A10, 0xD63E06, 0x8C1404, 0x4E0D02,
        0x4E0D02, 0x4E0D02, 0xFF8A10, 0xD63E06, 0xD63E06, 0xFF8A10, 0xFF8A10, 0xFFF2B4, 0x090100, 0xFFF2B4, 0xFF8A10, 0xD63E06, 0xD63E06, 0xFF8A10, 0x4E0D02, 0x4E0D02,
        0x4E0D02, 0xD63E06, 0xD63E06, 0xD63E06, 0xFF8A10, 0xFF8A10, 0xFFC93E, 0xFFF2B4, 0x090100, 0xFFF2B4, 0xFF8A10, 0xFF8A10, 0xD63E06, 0xD63E06, 0x4E0D02, 0x4E0D02,
        0x4E0D02, 0x8C1404, 0xD63E06, 0xD63E06, 0xFF8A10, 0xFF8A10, 0xFFC93E, 0xFFF2B4, 0x090100, 0xFFF2B4, 0xFF8A10, 0xFF8A10, 0xD63E06, 0xD63E06, 0x4E0D02, 0x4E0D02,
        0x4E0D02, 0x4E0D02, 0x4E0D02, 0xD63E06, 0xD63E06, 0xFF8A10, 0xFF8A10, 0xFFF2B4, 0x090100, 0xFFF2B4, 0xFF8A10, 0xD63E06, 0xD63E06, 0xD63E06, 0x4E0D02, 0x4E0D02,
        0x4E0D02, 0x4E0D02, 0x4E0D02, 0x4E0D02, 0xFF8A10, 0xD63E06, 0xD63E06, 0xD63E06, 0x090100, 0xD63E06, 0xD63E06, 0xFF8A10, 0x4E0D02, 0x4E0D02, 0x4E0D02, 0x4E0D02,
        0x260602, 0x4E0D02, 0x4E0D02, 0x4E0D02, 0x4E0D02, 0x4E0D02, 0x4E0D02, 0x4E0D02, 0x4E0D02, 0xD63E06, 0x4E0D02, 0x4E0D02, 0x4E0D02, 0x4E0D02, 0x4E0D02, 0x260602,
        0x260602, 0x260602, 0x260602, 0x260602, 0x4E0D02, 0x4E0D02, 0x4E0D02, 0x3C1A0E, 0x3C1A0E, 0x4E0D02, 0x4E0D02, 0x4E0D02, 0x260602, 0x260602, 0x260602, 0x260602,
        0x260602, 0x260602, 0x260602, 0x260602, 0x260602, 0x260602, 0x3C1A0E, 0x0D0A10, 0x0D0A10, 0x3C1A0E, 0x260602, 0x260602, 0x260602, 0x260602, 0x260602, 0x260602,
        0x070202, 0x070202, 0x070202, 0x260602, 0x260602, 0x260602, 0x3C1A0E, 0x0D0A10, 0x0D0A10, 0x3C1A0E, 0x260602, 0x260602, 0x260602, 0x070202, 0x070202, 0x070202,
        0x070202, 0x070202, 0x070202, 0x070202, 0x070202, 0x3C1A0E, 0x0D0A10, 0x0D0A10, 0x0D0A10, 0x0D0A10, 0x3C1A0E, 0x070202, 0x070202, 0x070202, 0x070202, 0x070202,
        0x070202, 0x070202, 0x070202, 0x070202, 0x3C1A0E, 0x0D0A10, 0x0D0A10, 0x0D0A10, 0x0D0A10, 0x0D0A10, 0x0D0A10, 0x3C1A0E, 0x070202, 0x070202, 0x070202, 0x070202,
    },
    {
        0x070202, 0x070202, 0x070202, 0x260602, 0x260602, 0x260602, 0x260602, 0x260602, 0x260602, 0x260602, 0x260602, 0x260602, 0x260602, 0x070202, 0x070202, 0x070202,
        0x260602, 0x260602, 0x260602, 0x260602, 0x260602, 0x260602, 0x260602, 0x260602, 0x260602, 0x260602, 0x260602, 0x260602, 0x260602, 0x260602, 0x260602, 0x260602,
        0x260602, 0x260602, 0x260602, 0x260602, 0x4E0D02, 0x4E0D02, 0x8C1404, 0x4E0D02, 0x4E0D02, 0x4E0D02, 0x4E0D02, 0x4E0D02, 0x260602, 0x260602, 0x260602, 0x260602,
        0x260602, 0x4E0D02, 0x4E0D02, 0x4E0D02, 0x4E0D02, 0xD63E06, 0xFF8A10, 0x4E0D02, 0x4E0D02, 0xFF8A10, 0x4E0D02, 0xD63E06, 0x4E0D02, 0x4E0D02, 0x4E0D02, 0x260602,
        0x4E0D02, 0x4E0D02, 0x4E0D02, 0xFF8A10, 0xFF8A10, 0xD63E06, 0xD63E06, 0xD63E06, 0x090100, 0xD63E06, 0xD63E06, 0xFF8A10, 0x4E0D02, 0x4E0D02, 0x4E0D02, 0x4E0D02,
        0x8C1404, 0x4E0D02, 0x4E0D02, 0xD63E06, 0xD63E06, 0xFF8A10, 0xFF8A10, 0xFFF2B4, 0x090100, 0xFFF2B4, 0xFF8A10, 0xD63E06, 0xD63E06, 0xFF8A10, 0x4E0D02, 0x8C1404,
        0x4E0D02, 0xD63E06, 0xD63E06, 0xD63E06, 0xFF8A10, 0xFF8A10, 0xFFC93E, 0xFFF2B4, 0x090100, 0xFFF2B4, 0xFF8A10, 0xFF8A10, 0xD63E06, 0xD63E06, 0x4E0D02, 0x4E0D02,
        0x4E0D02, 0x8C1404, 0xD63E06, 0xD63E06, 0xFF8A10, 0xFF8A10, 0xFFC93E, 0xFFF2B4, 0x090100, 0xFFF2B4, 0xFF8A10, 0xFF8A10, 0xD63E06, 0xD63E06, 0x4E0D02, 0x4E0D02,
        0x4E0D02, 0x4E0D02, 0x4E0D02, 0xD63E06, 0xD63E06, 0xFF8A10, 0xFF8A10, 0xFFF2B4, 0x090100, 0xFFF2B4, 0xFF8A10, 0xD63E06, 0xD63E06, 0x4E0D02, 0x4E0D02, 0x4E0D02,
        0x4E0D02, 0x4E0D02, 0x4E0D02, 0x4E0D02, 0xFF8A10, 0xD63E06, 0xD63E06, 0xD63E06, 0x090100, 0xD63E06, 0xD63E06, 0xFF8A10, 0x4E0D02, 0x4E0D02, 0x4E0D02, 0x4E0D02,
        0x260602, 0x4E0D02, 0x4E0D02, 0x4E0D02, 0x4E0D02, 0x4E0D02, 0xD63E06, 0x4E0D02, 0x4E0D02, 0x4E0D02, 0x4E0D02, 0x4E0D02, 0x4E0D02, 0x4E0D02, 0x4E0D02, 0x260602,
        0x260602, 0x260602, 0x260602, 0x260602, 0x4E0D02, 0x4E0D02, 0x4E0D02, 0x3C1A0E, 0x3C1A0E, 0x4E0D02, 0x4E0D02, 0x4E0D02, 0x260602, 0x260602, 0x260602, 0x260602,
        0x260602, 0x260602, 0x260602, 0x260602, 0x260602, 0x260602, 0x3C1A0E, 0x0D0A10, 0x0D0A10, 0x3C1A0E, 0x260602, 0x260602, 0x260602, 0x260602, 0x260602, 0x260602,
        0x070202, 0x070202, 0x070202, 0x260602, 0x260602, 0x260602, 0x3C1A0E, 0x0D0A10, 0x0D0A10, 0x3C1A0E, 0x260602, 0x260602, 0x260602, 0x070202, 0x070202, 0x070202,
        0x070202, 0x070202, 0x070202, 0x070202, 0x070202, 0x3C1A0E, 0x0D0A10, 0x0D0A10, 0x0D0A10, 0x0D0A10, 0x3C1A0E, 0x070202, 0x070202, 0x070202, 0x070202, 0x070202,
        0x070202, 0x070202, 0x070202, 0x070202, 0x3C1A0E, 0x0D0A10, 0x0D0A10, 0x0D0A10, 0x0D0A10, 0x0D0A10, 0x0D0A10, 0x3C1A0E, 0x070202, 0x070202, 0x070202, 0x070202,
    },
    {
        0x070202, 0x070202, 0x070202, 0x260602, 0x260602, 0x260602, 0x260602, 0x260602, 0x260602, 0x260602, 0x260602, 0x260602, 0x260602, 0x070202, 0x070202, 0x070202,
        0x260602, 0x260602, 0x260602, 0x260602, 0x260602, 0x260602, 0x260602, 0x260602, 0x260602, 0x260602, 0x260602, 0x260602, 0x260602, 0x260602, 0x260602, 0x260602,
        0x260602, 0x260602, 0x260602, 0x260602, 0x4E0D02, 0x4E0D02, 0x4E0D02, 0x4E0D02, 0x4E0D02, 0x4E0D02, 0x4E0D02, 0x4E0D02, 0x260602, 0x260602, 0x260602, 0x260602,
        0x260602, 0x4E0D02, 0x4E0D02, 0x4E0D02, 0xD63E06, 0xD63E06, 0xFF8A10, 0xFF8A10, 0xFF8A10, 0x4E0D02, 0xD63E06, 0x4E0D02, 0x4E0D02, 0x4E0D02, 0x4E0D02, 0x260602,
        0x4E0D02, 0x4E0D02, 0x4E0D02, 0xFF8A10, 0x4E0D02, 0xD63E06, 0xD63E06, 0xD63E06, 0xD63E06, 0x090100, 0xD63E06, 0xFF8A10, 0x4E0D02, 0xD63E06, 0x8C1404, 0x4E0D02,
        0x8C1404, 0xD63E06, 0xFF8A10, 0xD63E06, 0xD63E06, 0xFF8A10, 0xFF8A10, 0xFF8A10, 0xFFF2B4, 0x090100, 0xFFF2B4, 0xD63E06, 0xD63E06, 0xFF8A10, 0xD63E06, 0x4E0D02,
        0x4E0D02, 0xD63E06, 0xD63E06, 0xD63E06, 0xFF8A10, 0xFF8A10, 0xFFC93E, 0xFFC93E, 0xFFF2B4, 0x090100, 0xFFF2B4, 0xFF8A10, 0xD63E06, 0xD63E06, 0x4E0D02, 0xD63E06,
        0x4E0D02, 0x8C1404, 0xD63E06, 0xD63E06, 0xFF8A10, 0xFF8A10, 0xFFC93E, 0xFFC93E, 0xFFF2B4, 0x090100, 0xFFF2B4, 0xFF8A10, 0xD63E06, 0xD63E06, 0x4E0D02, 0x4E0D02,
        0x4E0D02, 0x4E0D02, 0x4E0D02, 0xD63E06, 0xD63E06, 0xFF8A10, 0xFF8A10, 0xFF8A10, 0xFFF2B4, 0x090100, 0xFFF2B4, 0xD63E06, 0xD63E06, 0x4E0D02, 0x4E0D02, 0x4E0D02,
        0x4E0D02, 0x4E0D02, 0x4E0D02, 0xD63E06, 0xFF8A10, 0xD63E06, 0xD63E06, 0xD63E06, 0xD63E06, 0x090100, 0xD63E06, 0xFF8A10, 0xD63E06, 0x4E0D02, 0x4E0D02, 0x4E0D02,
        0x260602, 0x4E0D02, 0x4E0D02, 0x4E0D02, 0x4E0D02, 0x4E0D02, 0x4E0D02, 0x4E0D02, 0x4E0D02, 0x4E0D02, 0x4E0D02, 0x4E0D02, 0x4E0D02, 0x4E0D02, 0x4E0D02, 0x260602,
        0x260602, 0x260602, 0x260602, 0x260602, 0x4E0D02, 0x4E0D02, 0x4E0D02, 0x3C1A0E, 0x3C1A0E, 0x4E0D02, 0x4E0D02, 0x4E0D02, 0x260602, 0x260602, 0x260602, 0x260602,
        0x260602, 0x260602, 0x260602, 0x260602, 0x260602, 0x260602, 0x3C1A0E, 0x0D0A10, 0x0D0A10, 0x3C1A0E, 0x260602, 0x260602, 0x260602, 0x260602, 0x260602, 0x260602,
        0x070202, 0x070202, 0x070202, 0x260602, 0x260602, 0x260602, 0x3C1A0E, 0x0D0A10, 0x0D0A10, 0x3C1A0E, 0x260602, 0x260602, 0x260602, 0x070202, 0x070202, 0x070202,
        0x070202, 0x070202, 0x070202, 0x070202, 0x070202, 0x3C1A0E, 0x0D0A10, 0x0D0A10, 0x0D0A10, 0x0D0A10, 0x3C1A0E, 0x070202, 0x070202, 0x070202, 0x070202, 0x070202,
        0x070202, 0x070202, 0x070202, 0x070202, 0x3C1A0E, 0x0D0A10, 0x0D0A10, 0x0D0A10, 0x0D0A10, 0x0D0A10, 0x0D0A10, 0x3C1A0E, 0x070202, 0x070202, 0x070202, 0x070202,
    },
    {
        0x070202, 0x070202, 0x070202, 0x250602, 0x250602, 0x250602, 0x250602, 0x250602, 0x250602, 0x250602, 0x250602, 0x250602, 0x250602, 0x070202, 0x070202, 0x070202,
        0x250602, 0x250602, 0x250602, 0x250602, 0x250602, 0x250602, 0x250602, 0x250602, 0x250602, 0x250602, 0x250602, 0x250602, 0x250602, 0x250602, 0x250602, 0x250602,
        0x250602, 0x250602, 0x250602, 0x250602, 0x4C0D02, 0x4C0D02, 0x4C0D02, 0x4C0D02, 0x4C0D02, 0x4C0D02, 0x4C0D02, 0x4C0D02, 0x250602, 0x250602, 0x250602, 0x250602,
        0x250602, 0x4C0D02, 0x4C0D02, 0x8C1404, 0xD63E06, 0x4C0D02, 0xFF8A10, 0xFF8A10, 0xFF8A10, 0xFF8A10, 0x4C0D02, 0x4C0D02, 0x8C1404, 0x4C0D02, 0x4C0D02, 0x250602,
        0x4C0D02, 0x8C1404, 0x4C0D02, 0xFF8A10, 0xFF8A10, 0xD63E06, 0xD63E06, 0xD63E06, 0xD63E06, 0x090100, 0xD63E06, 0xFF8A10, 0xFF8A10, 0xD63E06, 0x4C0D02, 0x4C0D02,
        0x4C0D02, 0x4C0D02, 0x4C0D02, 0xD63E06, 0xD63E06, 0xFF8A10, 0xFF8A10, 0xFF8A10, 0xFFF2B4, 0x090100, 0xFFF2B4, 0xD63E06, 0xD63E06, 0x4C0D02, 0x4C0D02, 0x4C0D02,
        0x4C0D02, 0xD63E06, 0xD63E06, 0xD63E06, 0xFF8A10, 0xFF8A10, 0xFFC93E, 0xFFC93E, 0xFFF2B4, 0x090100, 0xFFF2B4, 0xFF8A10, 0xD63E06, 0xD63E06, 0x4C0D02, 0x4C0D02,
        0x4C0D02, 0x4C0D02, 0xD63E06, 0xD63E06, 0xFF8A10, 0xFF8A10, 0xFFC93E, 0xFFC93E, 0xFFF2B4, 0x090100, 0xFFF2B4, 0xFF8A10, 0xD63E06, 0xD63E06, 0x8C1404, 0x4C0D02,
        0x4C0D02, 0x4C0D02, 0x4C0D02, 0xD63E06, 0xD63E06, 0xFF8A10, 0xFF8A10, 0xFF8A10, 0xFFF2B4, 0x090100, 0xFFF2B4, 0xD63E06, 0xD63E06, 0xD63E06, 0x4C0D02, 0x4C0D02,
        0x4C0D02, 0x4C0D02, 0x4C0D02, 0xD63E06, 0xFF8A10, 0xD63E06, 0xD63E06, 0xD63E06, 0xD63E06, 0x090100, 0xD63E06, 0xFF8A10, 0xD63E06, 0x4C0D02, 0x4C0D02, 0x4C0D02,
        0x250602, 0x4C0D02, 0x4C0D02, 0x4C0D02, 0x4C0D02, 0x8C1404, 0xD63E06, 0xD63E06, 0xD63E06, 0x4C0D02, 0x4C0D02, 0x4C0D02, 0x4C0D02, 0x4C0D02, 0x4C0D02, 0x250602,
        0x250602, 0x250602, 0x250602, 0x250602, 0x4C0D02, 0x4C0D02, 0x4C0D02, 0x3C1A0E, 0x3C1A0E, 0x4C0D02, 0x4C0D02, 0x4C0D02, 0x250602, 0x250602, 0x250602, 0x250602,
        0x250602, 0x250602, 0x250602, 0x250602, 0x250602, 0x250602, 0x3C1A0E, 0x0D0A10, 0x0D0A10, 0x3C1A0E, 0x250602, 0x250602, 0x250602, 0x250602, 0x250602, 0x250602,
        0x070202, 0x070202, 0x070202, 0x250602, 0x250602, 0x250602, 0x3C1A0E, 0x0D0A10, 0x0D0A10, 0x3C1A0E, 0x250602, 0x250602, 0x250602, 0x070202, 0x070202, 0x070202,
        0x070202, 0x070202, 0x070202, 0x070202, 0x070202, 0x3C1A0E, 0x0D0A10, 0x0D0A10, 0x0D0A10, 0x0D0A10, 0x3C1A0E, 0x070202, 0x070202, 0x070202, 0x070202, 0x070202,
        0x070202, 0x070202, 0x070202, 0x070202, 0x3C1A0E, 0x0D0A10, 0x0D0A10, 0x0D0A10, 0x0D0A10, 0x0D0A10, 0x0D0A10, 0x3C1A0E, 0x070202, 0x070202, 0x070202, 0x070202,
    },
    {
        0x070202, 0x070202, 0x070202, 0x230602, 0x230602, 0x230602, 0x230602, 0x230602, 0x230602, 0x230602, 0x230602, 0x230602, 0x230602, 0x070202, 0x070202, 0x070202,
        0x230602, 0x230602, 0x230602, 0x230602, 0x230602, 0x230602, 0x230602, 0x230602, 0x230602, 0x230602, 0x230602, 0x230602, 0x230602, 0x230602, 0x230602, 0x230602,
        0x230602, 0x230602, 0x230602, 0x230602, 0x4A0C02, 0x4A0C02, 0x8C1404, 0x4A0C02, 0x8C1404, 0x4A0C02, 0x4A0C02, 0x4A0C02, 0x230602, 0x230602, 0x230602, 0x230602,
        0x230602, 0x4A0C02, 0x4A0C02, 0x4A0C02, 0xD63E06, 0xD63E06, 0x4A0C02, 0xFF8A10, 0x4A0C02, 0xFF8A10, 0xD63E06, 0x4A0C02, 0x8C1404, 0x4A0C02, 0x4A0C02, 0x230602,
        0x4A0C02, 0x4A0C02, 0x4A0C02, 0xFF8A10, 0xFF8A10, 0xD63E06, 0xD63E06, 0xD63E06, 0xD63E06, 0x090100, 0xD63E06, 0xFF8A10, 0xFF8A10, 0x4A0C02, 0x4A0C02, 0x4A0C02,
        0x4A0C02, 0xD63E06, 0xFF8A10, 0xD63E06, 0xD63E06, 0xFF8A10, 0xFF8A10, 0xFF8A10, 0xFFF2B4, 0x090100, 0xFFF2B4, 0xD63E06, 0xD63E06, 0xFF8A10, 0x4A0C02, 0x8C1404,
        0x4A0C02, 0x4A0C02, 0xD63E06, 0xD63E06, 0xFF8A10, 0xFF8A10, 0xFFC93E, 0xFFC93E, 0xFFF2B4, 0x090100, 0xFFF2B4, 0xFF8A10, 0xD63E06, 0xD63E06, 0xD63E06, 0x4A0C02,
        0x4A0C02, 0x4A0C02, 0xD63E06, 0xD63E06, 0xFF8A10, 0xFF8A10, 0xFFC93E, 0xFFC93E, 0xFFF2B4, 0x090100, 0xFFF2B4, 0xFF8A10, 0xD63E06, 0xD63E06, 0x4A0C02, 0x4A0C02,
        0x4A0C02, 0x4A0C02, 0xD63E06, 0xD63E06, 0xD63E06, 0xFF8A10, 0xFF8A10, 0xFF8A10, 0xFFF2B4, 0x090100, 0xFFF2B4, 0xD63E06, 0xD63E06, 0x4A0C02, 0x4A0C02, 0x4A0C02,
        0x4A0C02, 0x4A0C02, 0x4A0C02, 0x4A0C02, 0xFF8A10, 0xD63E06, 0xD63E06, 0xD63E06, 0xD63E06, 0x090100, 0xD63E06, 0xFF8A10, 0x4A0C02, 0x4A0C02, 0x4A0C02, 0x4A0C02,
        0x230602, 0x4A0C02, 0x4A0C02, 0x4A0C02, 0x4A0C02, 0x4A0C02, 0x4A0C02, 0xD63E06, 0xD63E06, 0xD63E06, 0x4A0C02, 0x4A0C02, 0x4A0C02, 0x4A0C02, 0x4A0C02, 0x230602,
        0x230602, 0x230602, 0x230602, 0x230602, 0x4A0C02, 0x4A0C02, 0x4A0C02, 0x3C1A0E, 0x3C1A0E, 0x4A0C02, 0x4A0C02, 0x4A0C02, 0x230602, 0x230602, 0x230602, 0x230602,
        0x230602, 0x230602, 0x230602, 0x230602, 0x230602, 0x230602, 0x3C1A0E, 0x0D0A10, 0x0D0A10, 0x3C1A0E, 0x230602, 0x230602, 0x230602, 0x230602, 0x230602, 0x230602,
        0x070202, 0x070202, 0x070202, 0x230602, 0x230602, 0x230602, 0x3C1A0E, 0x0D0A10, 0x0D0A10, 0x3C1A0E, 0x230602, 0x230602, 0x230602, 0x070202, 0x070202, 0x070202,
        0x070202, 0x070202, 0x070202, 0x070202, 0x070202, 0x3C1A0E, 0x0D0A10, 0x0D0A10, 0x0D0A10, 0x0D0A10, 0x3C1A0E, 0x070202, 0x070202, 0x070202, 0x070202, 0x070202,
        0x070202, 0x070202, 0x070202, 0x070202, 0x3C1A0E, 0x0D0A10, 0x0D0A10, 0x0D0A10, 0x0D0A10, 0x0D0A10, 0x0D0A10, 0x3C1A0E, 0x070202, 0x070202, 0x070202, 0x070202,
    },
    {
        0x070202, 0x070202, 0x070202, 0x210502, 0x210502, 0x210502, 0x210502, 0x210502, 0x210502, 0x210502, 0x210502, 0x210502, 0x210502, 0x070202, 0x070202, 0x070202,
        0x210502, 0x210502, 0x210502, 0x210502, 0x210502, 0x210502, 0x210502, 0x210502, 0x210502, 0x210502, 0x210502, 0x210502, 0x210502, 0x210502, 0x210502, 0x210502,
        0x210502, 0x210502, 0x210502, 0x210502, 0x480C02, 0x480C02, 0x480C02, 0x480C02, 0x8C1404, 0x480C02, 0x8C1404, 0x480C02, 0x210502, 0x210502, 0x210502, 0x210502,
        0x210502, 0x480C02, 0x480C02, 0x480C02, 0x480C02, 0xD63E06, 0xFF8A10, 0x480C02, 0xFF8A10, 0xFF8A10, 0xD63E06, 0xD63E06, 0x480C02, 0x480C02, 0x480C02, 0x210502,
        0x480C02, 0x480C02, 0x480C02, 0xFF8A10, 0xFF8A10, 0xD63E06, 0xD63E06, 0xD63E06, 0xD63E06, 0x090100, 0xD63E06, 0xFF8A10, 0xFF8A10, 0xD63E06, 0x480C02, 0x480C02,
        0x480C02, 0x480C02, 0x480C02, 0xD63E06, 0xD63E06, 0xFF8A10, 0xFF8A10, 0xFF8A10, 0xFFF2B4, 0x090100, 0xFFF2B4, 0xD63E06, 0xD63E06, 0x480C02, 0x480C02, 0x480C02,
        0xD63E06, 0x480C02, 0xD63E06, 0xD63E06, 0xFF8A10, 0xFF8A10, 0xFFC93E, 0xFFC93E, 0xFFF2B4, 0x090100, 0xFFF2B4, 0xFF8A10, 0xD63E06, 0xD63E06, 0xD63E06, 0x480C02,
        0x480C02, 0x8C1404, 0xD63E06, 0xD63E06, 0xFF8A10, 0xFF8A10, 0xFFC93E, 0xFFC93E, 0xFFF2B4, 0x090100, 0xFFF2B4, 0xFF8A10, 0xD63E06, 0xD63E06, 0x480C02, 0x480C02,
        0x480C02, 0x480C02, 0xD63E06, 0xD63E06, 0xD63E06, 0xFF8A10, 0xFF8A10, 0xFF8A10, 0xFFF2B4, 0x090100, 0xFFF2B4, 0xD63E06, 0xD63E06, 0xD63E06, 0x480C02, 0x480C02,
        0x480C02, 0x480C02, 0x480C02, 0x480C02, 0xFF8A10, 0xD63E06, 0xD63E06, 0xD63E06, 0xD63E06, 0x090100, 0xD63E06, 0xFF8A10, 0xD63E06, 0x480C02, 0x480C02, 0x480C02,
        0x210502, 0x480C02, 0x480C02, 0x480C02, 0x480C02, 0x480C02, 0x480C02, 0xD63E06, 0xD63E06, 0x480C02, 0x480C02, 0x480C02, 0x480C02, 0x480C02, 0x480C02, 0x210502,
        0x210502, 0x210502, 0x210502, 0x210502, 0x480C02, 0x480C02, 0x480C02, 0x3C1A0E, 0x3C1A0E, 0x480C02, 0x480C02, 0x480C02, 0x210502, 0x210502, 0x210502, 0x210502,
        0x210502, 0x210502, 0x210502, 0x210502, 0x210502, 0x210502, 0x3C1A0E, 0x0D0A10, 0x0D0A10, 0x3C1A0E, 0x210502, 0x210502, 0x210502, 0x210502, 0x210502, 0x210502,
        0x070202, 0x070202, 0x070202, 0x210502, 0x210502, 0x210502, 0x3C1A0E, 0x0D0A10, 0x0D0A10, 0x3C1A0E, 0x210502, 0x210502, 0x210502, 0x070202, 0x070202, 0x070202,
        0x070202, 0x070202, 0x070202, 0x070202, 0x070202, 0x3C1A0E, 0x0D0A10, 0x0D0A10, 0x0D0A10, 0x0D0A10, 0x3C1A0E, 0x070202, 0x070202, 0x070202, 0x070202, 0x070202,
        0x070202, 0x070202, 0x070202, 0x070202, 0x3C1A0E, 0x0D0A10, 0x0D0A10, 0x0D0A10, 0x0D0A10, 0x0D0A10, 0x0D0A10, 0x3C1A0E, 0x070202, 0x070202, 0x070202, 0x070202,
    },
    {
        0x070202, 0x070202, 0x070202, 0x1F0502, 0x1F0502, 0x1F0502, 0x1F0502, 0x1F0502, 0x1F0502, 0x1F0502, 0x1F0502, 0x1F0502, 0x1F0502, 0x070202, 0x070202, 0x070202,
        0x1F0502, 0x1F0502, 0x1F0502, 0x1F0502, 0x1F0502, 0x1F0502, 0x1F0502, 0x1F0502, 0x1F0502, 0x1F0502, 0x1F0502, 0x1F0502, 0x1F0502, 0x1F0502, 0x1F0502, 0x1F0502,
        0x1F0502, 0x1F0502, 0x1F0502, 0x1F0502, 0x450B02, 0x450B02, 0x450B02, 0x450B02, 0x8C1404, 0x450B02, 0x450B02, 0x450B02, 0x1F0502, 0x1F0502, 0x1F0502, 0x1F0502,
        0x1F0502, 0x450B02, 0x450B02, 0x8C1404, 0x450B02, 0xD63E06, 0x450B02, 0xFF8A10, 0xFF8A10, 0xFF8A10, 0x450B02, 0xD63E06, 0x450B02, 0x450B02, 0x450B02, 0x1F0502,
        0x450B02, 0x450B02, 0x450B02, 0x450B02, 0x450B02, 0xD63E06, 0xD63E06, 0xD63E06, 0x090100, 0xD63E06, 0xD63E06, 0xFF8A10, 0x450B02, 0xD63E06, 0x450B02, 0x450B02,
        0x450B02, 0xD63E06, 0xFF8A10, 0xD63E06, 0xD63E06, 0xFF8A10, 0xFF8A10, 0xFFF2B4, 0x090100, 0xFFF2B4, 0xFF8A10, 0xD63E06, 0xD63E06, 0xFF8A10, 0xD63E06, 0x8C1404,
        0x450B02, 0xD63E06, 0xD63E06, 0xD63E06, 0xFF8A10, 0xFF8A10, 0xFFC93E, 0xFFF2B4, 0x090100, 0xFFF2B4, 0xFF8A10, 0xFF8A10, 0xD63E06, 0xD63E06, 0xD63E06, 0xD63E06,
        0x450B02, 0x8C1404, 0xD63E06, 0xD63E06, 0xFF8A10, 0xFF8A10, 0xFFC93E, 0xFFF2B4, 0x090100, 0xFFF2B4, 0xFF8A10, 0xFF8A10, 0xD63E06, 0xD63E06, 0x450B02, 0x450B02,
        0x450B02, 0x450B02, 0xD63E06, 0xD63E06, 0xD63E06, 0xFF8A10, 0xFF8A10, 0xFFF2B4, 0x090100, 0xFFF2B4, 0xFF8A10, 0xD63E06, 0xD63E06, 0xD63E06, 0x450B02, 0x450B02,
        0x450B02, 0x450B02, 0x450B02, 0xD63E06, 0xFF8A10, 0xD63E06, 0xD63E06, 0xD63E06, 0x090100, 0xD63E06, 0xD63E06, 0xFF8A10, 0x450B02, 0x450B02, 0x450B02, 0x450B02,
        0x1F0502, 0x450B02, 0x450B02, 0x450B02, 0x450B02, 0x450B02, 0x450B02, 0x450B02, 0xD63E06, 0xD63E06, 0x450B02, 0x450B02, 0x450B02, 0x450B02, 0x450B02, 0x1F0502,
        0x1F0502, 0x1F0502, 0x1F0502, 0x1F0502, 0x450B02, 0x450B02, 0x450B02, 0x3C1A0E, 0x3C1A0E, 0x450B02, 0x450B02, 0x450B02, 0x1F0502, 0x1F0502, 0x1F0502, 0x1F0502,
        0x1F0502, 0x1F0502, 0x1F0502, 0x1F0502, 0x1F0502, 0x1F0502, 0x3C1A0E, 0x0D0A10, 0x0D0A10, 0x3C1A0E, 0x1F0502, 0x1F0502, 0x1F0502, 0x1F0502, 0x1F0502, 0x1F0502,
        0x070202, 0x070202, 0x070202, 0x1F0502, 0x1F0502, 0x1F0502, 0x3C1A0E, 0x0D0A10, 0x0D0A10, 0x3C1A0E, 0x1F0502, 0x1F0502, 0x1F0502, 0x070202, 0x070202, 0x070202,
        0x070202, 0x070202, 0x070202, 0x070202, 0x070202, 0x3C1A0E, 0x0D0A10, 0x0D0A10, 0x0D0A10, 0x0D0A10, 0x3C1A0E, 0x070202, 0x070202, 0x070202, 0x070202, 0x070202,
        0x070202, 0x070202, 0x070202, 0x070202, 0x3C1A0E, 0x0D0A10, 0x0D0A10, 0x0D0A10, 0x0D0A10, 0x0D0A10, 0x0D0A10, 0x3C1A0E, 0x070202, 0x070202, 0x070202, 0x070202,
    },
    {
        0x070202, 0x070202, 0x070202, 0x1D0502, 0x1D0502, 0x1D0502, 0x1D0502, 0x1D0502, 0x1D0502, 0x1D0502, 0x1D0502, 0x1D0502, 0x1D0502, 0x070202, 0x070202, 0x070202,
        0x1D0502, 0x1D0502, 0x1D0502, 0x1D0502, 0x1D0502, 0x1D0502, 0x1D0502, 0x1D0502, 0x1D0502, 0x1D0502, 0x1D0502, 0x1D0502, 0x1D0502, 0x1D0502, 0x1D0502, 0x1D0502,
        0x1D0502, 0x1D0502, 0x1D0502, 0x1D0502, 0x420B02, 0x8C1404, 0x420B02, 0x420B02, 0x420B02, 0x420B02, 0x420B02, 0x420B02, 0x1D0502, 0x1D0502, 0x1D0502, 0x1D0502,
        0x1D0502, 0x420B02, 0x420B02, 0x420B02, 0x420B02, 0xD63E06, 0xFF8A10, 0xFF8A10, 0xFF8A10, 0x420B02, 0x420B02, 0x420B02, 0x420B02, 0x420B02, 0x420B02, 0x1D0502,
        0x420B02, 0x420B02, 0x420B02, 0xFF8A10, 0xFF8A10, 0xD63E06, 0xD63E06, 0xD63E06, 0x090100, 0xD63E06, 0xD63E06, 0xFF8A10, 0xFF8A10, 0x420B02, 0x420B02, 0x420B02,
        0x420B02, 0xD63E06, 0xFF8A10, 0xD63E06, 0xD63E06, 0xFF8A10, 0xFF8A10, 0xFFF2B4, 0x090100, 0xFFF2B4, 0xFF8A10, 0xD63E06, 0xD63E06, 0xFF8A10, 0x420B02, 0x420B02,
        0x420B02, 0x420B02, 0xD63E06, 0xD63E06, 0xFF8A10, 0xFF8A10, 0xFFC93E, 0xFFF2B4, 0x090100, 0xFFF2B4, 0xFF8A10, 0xFF8A10, 0xD63E06, 0xD63E06, 0xD63E06, 0x420B02,
        0x420B02, 0x420B02, 0xD63E06, 0xD63E06, 0xFF8A10, 0xFF8A10, 0xFFC93E, 0xFFF2B4, 0x090100, 0xFFF2B4, 0xFF8A10, 0xFF8A10, 0xD63E06, 0xD63E06, 0x420B02, 0x420B02,
        0x420B02, 0x420B02, 0xD63E06, 0xD63E06, 0xD63E06, 0xFF8A10, 0xFF8A10, 0xFFF2B4, 0x090100, 0xFFF2B4, 0xFF8A10, 0xD63E06, 0xD63E06, 0xD63E06, 0x420B02, 0x420B02,
        0x420B02, 0x420B02, 0x420B02, 0x420B02, 0xFF8A10, 0xD63E06, 0xD63E06, 0xD63E06, 0x090100, 0xD63E06, 0xD63E06, 0xFF8A10, 0x420B02, 0x420B02, 0x420B02, 0x420B02,
        0x1D0502, 0x420B02, 0x420B02, 0x420B02, 0x420B02, 0x420B02, 0x420B02, 0x420B02, 0xD63E06, 0x420B02, 0x420B02, 0x420B02, 0x420B02, 0x420B02, 0x420B02, 0x1D0502,
        0x1D0502, 0x1D0502, 0x1D0502, 0x1D0502, 0x420B02, 0x420B02, 0x420B02, 0x3C1A0E, 0x3C1A0E, 0x420B02, 0x420B02, 0x420B02, 0x1D0502, 0x1D0502, 0x1D0502, 0x1D0502,
        0x1D0502, 0x1D0502, 0x1D0502, 0x1D0502, 0x1D0502, 0x1D0502, 0x3C1A0E, 0x0D0A10, 0x0D0A10, 0x3C1A0E, 0x1D0502, 0x1D0502, 0x1D0502, 0x1D0502, 0x1D0502, 0x1D0502,
        0x070202, 0x070202, 0x070202, 0x1D0502, 0x1D0502, 0x1D0502, 0x3C1A0E, 0x0D0A10, 0x0D0A10, 0x3C1A0E, 0x1D0502, 0x1D0502, 0x1D0502, 0x070202, 0x070202, 0x070202,
        0x070202, 0x070202, 0x070202, 0x070202, 0x070202, 0x3C1A0E, 0x0D0A10, 0x0D0A10, 0x0D0A10, 0x0D0A10, 0x3C1A0E, 0x070202, 0x070202, 0x070202, 0x070202, 0x070202,
        0x070202, 0x070202, 0x070202, 0x070202, 0x3C1A0E, 0x0D0A10, 0x0D0A10, 0x0D0A10, 0x0D0A10, 0x0D0A10, 0x0D0A10, 0x3C1A0E, 0x070202, 0x070202, 0x070202, 0x070202,
    },
    {
        0x070202, 0x070202, 0x070202, 0x1A0402, 0x1A0402, 0x1A0402, 0x1A0402, 0x1A0402, 0x1A0402, 0x1A0402, 0x1A0402, 0x1A0402, 0x1A0402, 0x070202, 0x070202, 0x070202,
        0x1A0402, 0x1A0402, 0x1A0402, 0x1A0402, 0x1A0402, 0x1A0402, 0x1A0402, 0x1A0402, 0x1A0402, 0x1A0402, 0x1A0402, 0x1A0402, 0x1A0402, 0x1A0402, 0x1A0402, 0x1A0402,
        0x1A0402, 0x1A0402, 0x1A0402, 0x1A0402, 0x3F0A02, 0x3F0A02, 0x3F0A02, 0x3F0A02, 0x3F0A02, 0x8C1404, 0x3F0A02, 0x3F0A02, 0x1A0402, 0x1A0402, 0x1A0402, 0x1A0402,
        0x1A0402, 0x3F0A02, 0x3F0A02, 0x3F0A02, 0xD63E06, 0xD63E06, 0x3F0A02, 0xFF8A10, 0x3F0A02, 0x3F0A02, 0x3F0A02, 0x3F0A02, 0x3F0A02, 0x3F0A02, 0x3F0A02, 0x1A0402,
        0x3F0A02, 0x3F0A02, 0xD63E06, 0xFF8A10, 0x3F0A02, 0xD63E06, 0xD63E06, 0x090100, 0xD63E06, 0xD63E06, 0xD63E06, 0xFF8A10, 0x3F0A02, 0x3F0A02, 0x3F0A02, 0x3F0A02,
        0x3F0A02, 0xD63E06, 0xFF8A10, 0xD63E06, 0xD63E06, 0xFF8A10, 0xFFF2B4, 0x090100, 0xFFF2B4, 0xFF8A10, 0xFF8A10, 0xD63E06, 0xD63E06, 0xFF8A10, 0xD63E06, 0x3F0A02,
        0xD63E06, 0xD63E06, 0xD63E06, 0xD63E06, 0xFF8A10, 0xFF8A10, 0xFFF2B4, 0x090100, 0xFFF2B4, 0xFFC93E, 0xFF8A10, 0xFF8A10, 0xD63E06, 0xD63E06, 0x3F0A02, 0xD63E06,
        0x3F0A02, 0x3F0A02, 0xD63E06, 0xD63E06, 0xFF8A10, 0xFF8A10, 0xFFF2B4, 0x090100, 0xFFF2B4, 0xFFC93E, 0xFF8A10, 0xFF8A10, 0xD63E06, 0xD63E06, 0x3F0A02, 0x3F0A02,
        0x3F0A02, 0x3F0A02, 0xD63E06, 0xD63E06, 0xD63E06, 0xFF8A10, 0xFFF2B4, 0x090100, 0xFFF2B4, 0xFF8A10, 0xFF8A10, 0xD63E06, 0xD63E06, 0xD63E06, 0x3F0A02, 0x3F0A02,
        0x3F0A02, 0x3F0A02, 0x3F0A02, 0x3F0A02, 0xFF8A10, 0xD63E06, 0xD63E06, 0x090100, 0xD63E06, 0xD63E06, 0xD63E06, 0xFF8A10, 0xD63E06, 0x3F0A02, 0x3F0A02, 0x3F0A02,
        0x1A0402, 0x3F0A02, 0x3F0A02, 0x3F0A02, 0x3F0A02, 0x3F0A02, 0xD63E06, 0xD63E06, 0xD63E06, 0xD63E06, 0x3F0A02, 0x3F0A02, 0x3F0A02, 0x3F0A02, 0x3F0A02, 0x1A0402,
        0x1A0402, 0x1A0402, 0x1A0402, 0x1A0402, 0x3F0A02, 0x3F0A02, 0x3F0A02, 0x3C1A0E, 0x3C1A0E, 0x3F0A02, 0x3F0A02, 0x3F0A02, 0x1A0402, 0x1A0402, 0x1A0402, 0x1A0402,
        0x1A0402, 0x1A0402, 0x1A0402, 0x1A0402, 0x1A0402, 0x1A0402, 0x3C1A0E, 0x0D0A10, 0x0D0A10, 0x3C1A0E, 0x1A0402, 0x1A0402, 0x1A0402, 0x1A0402, 0x1A0402, 0x1A0402,
        0x070202, 0x070202, 0x070202, 0x1A0402, 0x1A0402, 0x1A0402, 0x3C1A0E, 0x0D0A10, 0x0D0A10, 0x3C1A0E, 0x1A0402, 0x1A0402, 0x1A0402, 0x070202, 0x070202, 0x070202,
        0x070202, 0x070202, 0x070202, 0x070202, 0x070202, 0x3C1A0E, 0x0D0A10, 0x0D0A10, 0x0D0A10, 0x0D0A10, 0x3C1A0E, 0x070202, 0x070202, 0x070202, 0x070202, 0x070202,
        0x070202, 0x070202, 0x070202, 0x070202, 0x3C1A0E, 0x0D0A10, 0x0D0A10, 0x0D0A10, 0x0D0A10, 0x0D0A10, 0x0D0A10, 0x3C1A0E, 0x070202, 0x070202, 0x070202, 0x070202,
    },
    {
        0x070202, 0x070202, 0x070202, 0x180402, 0x180402, 0x180402, 0x180402, 0x180402, 0x180402, 0x180402, 0x180402, 0x180402, 0x180402, 0x070202, 0x070202, 0x070202,
        0x180402, 0x180402, 0x180402, 0x180402, 0x180402, 0x180402, 0x180402, 0x180402, 0x180402, 0x180402, 0x180402, 0x180402, 0x180402, 0x180402, 0x180402, 0x180402,
        0x180402, 0x180402, 0x180402, 0x180402, 0x3C0A02, 0x3C0A02, 0x3C0A02, 0x3C0A02, 0x3C0A02, 0x3C0A02, 0x8C1404, 0x3C0A02, 0x180402, 0x180402, 0x180402, 0x180402,
        0x180402, 0x3C0A02, 0x3C0A02, 0x3C0A02, 0x3C0A02, 0xD63E06, 0xFF8A10, 0xFF8A10, 0x3C0A02, 0xFF8A10, 0x3C0A02, 0x3C0A02, 0x3C0A02, 0x3C0A02, 0x3C0A02, 0x180402,
        0x3C0A02, 0x8C1404, 0x3C0A02, 0xFF8A10, 0xFF8A10, 0xD63E06, 0xD63E06, 0x090100, 0xD63E06, 0xD63E06, 0xD63E06, 0xFF8A10, 0xFF8A10, 0x3C0A02, 0x3C0A02, 0x3C0A02,
        0x3C0A02, 0x3C0A02, 0xFF8A10, 0xD63E06, 0xD63E06, 0xFF8A10, 0xFFF2B4, 0x090100, 0xFFF2B4, 0xFF8A10, 0xFF8A10, 0xD63E06, 0xD63E06, 0xFF8A10, 0xD63E06, 0x3C0A02,
        0xD63E06, 0x3C0A02, 0xD63E06, 0xD63E06, 0xFF8A10, 0xFF8A10, 0xFFF2B4, 0x090100, 0xFFF2B4, 0xFFC93E, 0xFF8A10, 0xFF8A10, 0xD63E06, 0xD63E06, 0xD63E06, 0x3C0A02,
        0x3C0A02, 0x3C0A02, 0xD63E06, 0xD63E06, 0xFF8A10, 0xFF8A10, 0xFFF2B4, 0x090100, 0xFFF2B4, 0xFFC93E, 0xFF8A10, 0xFF8A10, 0xD63E06, 0xD63E06, 0x8C1404, 0x3C0A02,
        0x3C0A02, 0x3C0A02, 0x3C0A02, 0xD63E06, 0xD63E06, 0xFF8A10, 0xFFF2B4, 0x090100, 0xFFF2B4, 0xFF8A10, 0xFF8A10, 0xD63E06, 0xD63E06, 0xD63E06, 0x3C0A02, 0x3C0A02,
        0x3C0A02, 0x3C0A02, 0x3C0A02, 0x3C0A02, 0xFF8A10, 0xD63E06, 0xD63E06, 0x090100, 0xD63E06, 0xD63E06, 0xD63E06, 0xFF8A10, 0xD63E06, 0x3C0A02, 0x3C0A02, 0x3C0A02,
        0x180402, 0x3C0A02, 0x3C0A02, 0x3C0A02, 0x3C0A02, 0x3C0A02, 0xD63E06, 0xD63E06, 0x3C0A02, 0x3C0A02, 0x8C1404, 0x3C0A02, 0x3C0A02, 0x3C0A02, 0x3C0A02, 0x180402,
        0x180402, 0x180402, 0x180402, 0x180402, 0x3C0A02, 0x3C0A02, 0x3C0A02, 0x3C1A0E, 0x3C1A0E, 0x3C0A02, 0x3C0A02, 0x3C0A02, 0x180402, 0x180402, 0x180402, 0x180402,
        0x180402, 0x180402, 0x180402, 0x180402, 0x180402, 0x180402, 0x3C1A0E, 0x0D0A10, 0x0D0A10, 0x3C1A0E, 0x180402, 0x180402, 0x180402, 0x180402, 0x180402, 0x180402,
        0x070202, 0x070202, 0x070202, 0x180402, 0x180402, 0x180402, 0x3C1A0E, 0x0D0A10, 0x0D0A10, 0x3C1A0E, 0x180402, 0x180402, 0x180402, 0x070202, 0x070202, 0x070202,
        0x070202, 0x070202, 0x070202, 0x070202, 0x070202, 0x3C1A0E, 0x0D0A10, 0x0D0A10, 0x0D0A10, 0x0D0A10, 0x3C1A0E, 0x070202, 0x070202, 0x070202, 0x070202, 0x070202,
        0x070202, 0x070202, 0x070202, 0x070202, 0x3C1A0E, 0x0D0A10, 0x0D0A10, 0x0D0A10, 0x0D0A10, 0x0D0A10, 0x0D0A10, 0x3C1A0E, 0x070202, 0x070202, 0x070202, 0x070202,
    },
    {
        0x070202, 0x070202, 0x070202, 0x160402, 0x160402, 0x160402, 0x160402, 0x160402, 0x160402, 0x160402, 0x160402, 0x160402, 0x160402, 0x070202, 0x070202, 0x070202,
        0x160402, 0x160402, 0x160402, 0x160402, 0x160402, 0x160402, 0x160402, 0x160402, 0x160402, 0x160402, 0x160402, 0x160402, 0x160402, 0x160402, 0x160402, 0x160402,
        0x160402, 0x160402, 0x160402, 0x160402, 0x3A0902, 0x3A0902, 0x3A0902, 0x3A0902, 0x3A0902, 0x3A0902, 0x3A0902, 0x3A0902, 0x160402, 0x160402, 0x160402, 0x160402,
        0x160402, 0x3A0902, 0x3A0902, 0x8C1404, 0x3A0902, 0xD63E06, 0xFF8A10, 0xFF8A10, 0xFF8A10, 0xFF8A10, 0xD63E06, 0xD63E06, 0x3A0902, 0x3A0902, 0x3A0902, 0x160402,
        0x3A0902, 0x3A0902, 0xD63E06, 0xFF8A10, 0xFF8A10, 0xD63E06, 0xD63E06, 0x090100, 0xD63E06, 0xD63E06, 0xD63E06, 0xFF8A10, 0xFF8A10, 0xD63E06, 0x8C1404, 0x3A0902,
        0x3A0902, 0xD63E06, 0xFF8A10, 0xD63E06, 0xD63E06, 0xFF8A10, 0xFFF2B4, 0x090100, 0xFFF2B4, 0xFF8A10, 0xFF8A10, 0xD63E06, 0xD63E06, 0xFF8A10, 0x3A0902, 0x3A0902,
        0xD63E06, 0xD63E06, 0xD63E06, 0xD63E06, 0xFF8A10, 0xFF8A10, 0xFFF2B4, 0x090100, 0xFFF2B4, 0xFFC93E, 0xFF8A10, 0xFF8A10, 0xD63E06, 0xD63E06, 0xD63E06, 0xD63E06,
        0x3A0902, 0x8C1404, 0xD63E06, 0xD63E06, 0xFF8A10, 0xFF8A10, 0xFFF2B4, 0x090100, 0xFFF2B4, 0xFFC93E, 0xFF8A10, 0xFF8A10, 0xD63E06, 0xD63E06, 0x8C1404, 0x3A0902,
        0x3A0902, 0x3A0902, 0xD63E06, 0xD63E06, 0xD63E06, 0xFF8A10, 0xFFF2B4, 0x090100, 0xFFF2B4, 0xFF8A10, 0xFF8A10, 0xD63E06, 0xD63E06, 0x3A0902, 0x3A0902, 0x3A0902,
        0x3A0902, 0x3A0902, 0x3A0902, 0xD63E06, 0xFF8A10, 0xD63E06, 0xD63E06, 0x090100, 0xD63E06, 0xD63E06, 0xD63E06, 0xFF8A10, 0xD63E06, 0x3A0902, 0x3A0902, 0x3A0902,
        0x160402, 0x3A0902, 0x3A0902, 0x3A0902, 0x3A0902, 0x3A0902, 0x3A0902, 0x3A0902, 0xD63E06, 0x3A0902, 0x8C1404, 0x3A0902, 0x3A0902, 0x3A0902, 0x3A0902, 0x160402,
        0x160402, 0x160402, 0x160402, 0x160402, 0x3A0902, 0x3A0902, 0x3A0902, 0x3C1A0E, 0x3C1A0E, 0x3A0902, 0x3A0902, 0x3A0902, 0x160402, 0x160402, 0x160402, 0x160402,
        0x160402, 0x160402, 0x160402, 0x160402, 0x160402, 0x160402, 0x3C1A0E, 0x0D0A10, 0x0D0A10, 0x3C1A0E, 0x160402, 0x160402, 0x160402, 0x160402, 0x160402, 0x160402,
        0x070202, 0x070202, 0x070202, 0x160402, 0x160402, 0x160402, 0x3C1A0E, 0x0D0A10, 0x0D0A10, 0x3C1A0E, 0x160402, 0x160402, 0x160402, 0x070202, 0x070202, 0x070202,
        0x070202, 0x070202, 0x070202, 0x070202, 0x070202, 0x3C1A0E, 0x0D0A10, 0x0D0A10, 0x0D0A10, 0x0D0A10, 0x3C1A0E, 0x070202, 0x070202, 0x070202, 0x070202, 0x070202,
        0x070202, 0x070202, 0x070202, 0x070202, 0x3C1A0E, 0x0D0A10, 0x0D0A10, 0x0D0A10, 0x0D0A10, 0x0D0A10, 0x0D0A10, 0x3C1A0E, 0x070202, 0x070202, 0x070202, 0x070202,
    },
    {
        0x070202, 0x070202, 0x070202, 0x150402, 0x150402, 0x150402, 0x150402, 0x150402, 0x150402, 0x150402, 0x150402, 0x150402, 0x150402, 0x070202, 0x070202, 0x070202,
        0x150402, 0x150402, 0x150402, 0x150402, 0x150402, 0x150402, 0x150402, 0x150402, 0x150402, 0x150402, 0x150402, 0x150402, 0x150402, 0x150402, 0x150402, 0x150402,
        0x150402, 0x150402, 0x150402, 0x150402, 0x380902, 0x380902, 0x380902, 0x380902, 0x380902, 0x380902, 0x380902, 0x380902, 0x150402, 0x150402, 0x150402, 0x150402,
        0x150402, 0x380902, 0x380902, 0x8C1404, 0xD63E06, 0xD63E06, 0x380902, 0xFF8A10, 0x380902, 0xFF8A10, 0xD63E06, 0xD63E06, 0x380902, 0x380902, 0x380902, 0x150402,
        0x380902, 0x380902, 0xD63E06, 0x380902, 0xFF8A10, 0xD63E06, 0xD63E06, 0xD63E06, 0x090100, 0xD63E06, 0xD63E06, 0xFF8A10, 0x380902, 0x380902, 0x380902, 0x380902,
        0x8C1404, 0xD63E06, 0xFF8A10, 0xD63E06, 0xD63E06, 0xFF8A10, 0xFF8A10, 0xFFF2B4, 0x090100, 0xFFF2B4, 0xFF8A10, 0xD63E06, 0xD63E06, 0xFF8A10, 0xD63E06, 0x380902,
        0x380902, 0x380902, 0xD63E06, 0xD63E06, 0xFF8A10, 0xFF8A10, 0xFFC93E, 0xFFF2B4, 0x090100, 0xFFF2B4, 0xFF8A10, 0xFF8A10, 0xD63E06, 0xD63E06, 0xD63E06, 0x380902,
        0x380902, 0x380902, 0xD63E06, 0xD63E06, 0xFF8A10, 0xFF8A10, 0xFFC93E, 0xFFF2B4, 0x090100, 0xFFF2B4, 0xFF8A10, 0xFF8A10, 0xD63E06, 0xD63E06, 0x380902, 0x380902,
        0x380902, 0x380902, 0x380902, 0xD63E06, 0xD63E06, 0xFF8A10, 0xFF8A10, 0xFFF2B4, 0x090100, 0xFFF2B4, 0xFF8A10, 0xD63E06, 0xD63E06, 0xD63E06, 0x380902, 0x380902,
        0x380902, 0x380902, 0x380902, 0x380902, 0xFF8A10, 0xD63E06, 0xD63E06, 0xD63E06, 0x090100, 0xD63E06, 0xD63E06, 0xFF8A10, 0x380902, 0x380902, 0x380902, 0x380902,
        0x150402, 0x380902, 0x380902, 0x380902, 0x380902, 0x380902, 0xD63E06, 0x380902, 0x380902, 0x380902, 0x380902, 0x380902, 0x380902, 0x380902, 0x380902, 0x150402,
        0x150402, 0x150402, 0x150402, 0x150402, 0x380902, 0x380902, 0x380902, 0x3C1A0E, 0x3C1A0E, 0x380902, 0x380902, 0x380902, 0x150402, 0x150402, 0x150402, 0x150402,
        0x150402, 0x150402, 0x150402, 0x150402, 0x150402, 0x150402, 0x3C1A0E, 0x0D0A10, 0x0D0A10, 0x3C1A0E, 0x150402, 0x150402, 0x150402, 0x150402, 0x150402, 0x150402,
        0x070202, 0x070202, 0x070202, 0x150402, 0x150402, 0x150402, 0x3C1A0E, 0x0D0A10, 0x0D0A10, 0x3C1A0E, 0x150402, 0x150402, 0x150402, 0x070202, 0x070202, 0x070202,
        0x070202, 0x070202, 0x070202, 0x070202, 0x070202, 0x3C1A0E, 0x0D0A10, 0x0D0A10, 0x0D0A10, 0x0D0A10, 0x3C1A0E, 0x070202, 0x070202, 0x070202, 0x070202, 0x070202,
        0x070202, 0x070202, 0x070202, 0x070202, 0x3C1A0E, 0x0D0A10, 0x0D0A10, 0x0D0A10, 0x0D0A10, 0x0D0A10, 0x0D0A10, 0x3C1A0E, 0x070202, 0x070202, 0x070202, 0x070202,
    },
    {
        0x070202, 0x070202, 0x070202, 0x140402, 0x140402, 0x140402, 0x140402, 0x140402, 0x140402, 0x140402, 0x140402, 0x140402, 0x140402, 0x070202, 0x070202, 0x070202,
        0x140402, 0x140402, 0x140402, 0x140402, 0x140402, 0x140402, 0x140402, 0x140402, 0x140402, 0x140402, 0x140402, 0x140402, 0x140402, 0x140402, 0x140402, 0x140402,
        0x140402, 0x140402, 0x140402, 0x140402, 0x360902, 0x8C1404, 0x360902, 0x360902, 0x360902, 0x8C1404, 0x360902, 0x360902, 0x140402, 0x140402, 0x140402, 0x140402,
        0x140402, 0x360902, 0x360902, 0x360902, 0xD63E06, 0xD63E06, 0x360902, 0x360902, 0xFF8A10, 0x360902, 0x360902, 0xD63E06, 0x360902, 0x360902, 0x360902, 0x140402,
        0x360902, 0x360902, 0x360902, 0x360902, 0xFF8A10, 0xD63E06, 0xD63E06, 0xD63E06, 0x090100, 0xD63E06, 0xD63E06, 0xFF8A10, 0xFF8A10, 0x360902, 0x360902, 0x360902,
        0x360902, 0xD63E06, 0x360902, 0xD63E06, 0xD63E06, 0xFF8A10, 0xFF8A10, 0xFFF2B4, 0x090100, 0xFFF2B4, 0xFF8A10, 0xD63E06, 0xD63E06, 0xFF8A10, 0xD63E06, 0x360902,
        0x360902, 0x360902, 0xD63E06, 0xD63E06, 0xFF8A10, 0xFF8A10, 0xFFC93E, 0xFFF2B4, 0x090100, 0xFFF2B4, 0xFF8A10, 0xFF8A10, 0xD63E06, 0xD63E06, 0x360902, 0xD63E06,
        0x360902, 0x8C1404, 0xD63E06, 0xD63E06, 0xFF8A10, 0xFF8A10, 0xFFC93E, 0xFFF2B4, 0x090100, 0xFFF2B4, 0xFF8A10, 0xFF8A10, 0xD63E06, 0xD63E06, 0x360902, 0x360902,
        0x360902, 0x360902, 0xD63E06, 0xD63E06, 0xD63E06, 0xFF8A10, 0xFF8A10, 0xFFF2B4, 0x090100, 0xFFF2B4, 0xFF8A10, 0xD63E06, 0xD63E06, 0xD63E06, 0x360902, 0x360902,
        0x360902, 0x360902, 0x360902, 0x360902, 0xFF8A10, 0xD63E06, 0xD63E06, 0xD63E06, 0x090100, 0xD63E06, 0xD63E06, 0xFF8A10, 0x360902, 0x360902, 0x360902, 0x360902,
        0x140402, 0x360902, 0x360902, 0x360902, 0x360902, 0x360902, 0x360902, 0x360902, 0xD63E06, 0xD63E06, 0x360902, 0x360902, 0x360902, 0x360902, 0x360902, 0x140402,
        0x140402, 0x140402, 0x140402, 0x140402, 0x360902, 0x360902, 0x360902, 0x3C1A0E, 0x3C1A0E, 0x360902, 0x360902, 0x360902, 0x140402, 0x140402, 0x140402, 0x140402,
        0x140402, 0x140402, 0x140402, 0x140402, 0x140402, 0x140402, 0x3C1A0E, 0x0D0A10, 0x0D0A10, 0x3C1A0E, 0x140402, 0x140402, 0x140402, 0x140402, 0x140402, 0x140402,
        0x070202, 0x070202, 0x070202, 0x140402, 0x140402, 0x140402, 0x3C1A0E, 0x0D0A10, 0x0D0A10, 0x3C1A0E, 0x140402, 0x140402, 0x140402, 0x070202, 0x070202, 0x070202,
        0x070202, 0x070202, 0x070202, 0x070202, 0x070202, 0x3C1A0E, 0x0D0A10, 0x0D0A10, 0x0D0A10, 0x0D0A10, 0x3C1A0E, 0x070202, 0x070202, 0x070202, 0x070202, 0x070202,
        0x070202, 0x070202, 0x070202, 0x070202, 0x3C1A0E, 0x0D0A10, 0x0D0A10, 0x0D0A10, 0x0D0A10, 0x0D0A10, 0x0D0A10, 0x3C1A0E, 0x070202, 0x070202, 0x070202, 0x070202,
    },
};

static const uint16_t eye16_anim_rgb565[24][256] = {
    {
        0x0000, 0x0000, 0x0000, 0x1020, 0x1020, 0x1020, 0x1020, 0x1020, 0x1020, 0x1020, 0x1020, 0x1020, 0x1020, 0x0000, 0x0000, 0x0000,
        0x1020, 0x1020, 0x1020, 0x1020, 0x1020, 0x1020, 0x1020, 0x1020, 0x1020, 0x1020, 0x1020, 0x1020, 0x1020, 0x1020, 0x1020, 0x1020,
        0x1020, 0x1020, 0x1020, 0x1020, 0x3040, 0x3040, 0x3040, 0x88A0, 0x3040, 0x88A0, 0x3040, 0x3040, 0x1020, 0x1020, 0x1020, 0x1020,
        0x1020, 0x3040, 0x3040, 0x88A0, 0x3040, 0xD1E0, 0xFC42, 0xFC42, 0xFC42, 0xFC42, 0x3040, 0xD1E0, 0x88A0, 0x88A0, 0x3040, 0x1020,
        0x3040, 0x3040, 0x3040, 0xFC42, 0xFC42, 0xD1E0, 0xD1E0, 0xD1E0, 0x0800, 0xD1E0, 0xD1E0, 0x3040, 0x3040, 0xD1E0, 0x3040, 0x3040,
        0x88A0, 0x3040, 0xFC42, 0xD1E0, 0xD1E0, 0xFC42, 0xFC42, 0xFF96, 0x0800, 0xFF96, 0xFC42, 0xD1E0, 0xD1E0, 0x3040, 0x3040, 0x3040,
        0x3040, 0xD1E0, 0xD1E0, 0xD1E0, 0xFC42, 0xFC42, 0xFE47, 0xFF96, 0x0800, 0xFF96, 0xFC42, 0xFC42, 0xD1E0, 0xD1E0, 0xD1E0, 0xD1E0,
        0x3040, 0x3040, 0xD1E0, 0xD1E0, 0xFC42, 0xFC42, 0xFE47, 0xFF96, 0x0800, 0xFF96, 0xFC42, 0xFC42, 0xD1E0, 0xD1E0, 0x3040, 0x3040,
        0x3040, 0x3040, 0xD1E0, 0xD1E0, 0xD1E0, 0xFC42, 0xFC42, 0xFF96, 0x0800, 0xFF96, 0xFC42, 0xD1E0, 0xD1E0, 0xD1E0, 0x3040, 0x3040,
        0x3040, 0x3040, 0x3040, 0xD1E0, 0xFC42, 0xD1E0, 0xD1E0, 0xD1E0, 0x0800, 0xD1E0, 0xD1E0, 0xFC42, 0xD1E0, 0x3040, 0x3040, 0x3040,
        0x1020, 0x3040, 0x3040, 0x3040, 0x3040, 0x88A0, 0x3040, 0xD1E0, 0xD1E0, 0xD1E0, 0x3040, 0x3040, 0x3040, 0x3040, 0x3040, 0x1020,
        0x1020, 0x1020, 0x1020, 0x1020, 0x3040, 0x3040, 0x3040, 0x38C1, 0x38C1, 0x3040, 0x3040, 0x3040, 0x1020, 0x1020, 0x1020, 0x1020,
        0x1020, 0x1020, 0x1020, 0x1020, 0x1020, 0x1020, 0x38C1, 0x0842, 0x0842, 0x38C1, 0x1020, 0x1020, 0x1020, 0x1020, 0x1020, 0x1020,
        0x0000, 0x0000, 0x0000, 0x1020, 0x1020, 0x1020, 0x38C1, 0x0842, 0x0842, 0x38C1, 0x1020, 0x1020, 0x1020, 0x0000, 0x0000, 0x0000,
        0x0000, 0x0000, 0x0000, 0x0000, 0x0000, 0x38C1, 0x0842, 0x0842, 0x0842, 0x0842, 0x38C1, 0x0000, 0x0000, 0x0000, 0x0000, 0x0000,
        0x0000, 0x0000, 0x0000, 0x0000, 0x38C1, 0x0842, 0x0842, 0x0842, 0x0842, 0x0842, 0x0842, 0x38C1, 0x0000, 0x0000, 0x0000, 0x0000,
    },
    {
        0x0000, 0x0000, 0x0000, 0x1020, 0x1020, 0x1020, 0x1020, 0x1020, 0x1020, 0x1020, 0x1020, 0x1020, 0x1020, 0x0000, 0x0000, 0x0000,
        0x1020, 0x1020, 0x1020, 0x1020, 0x1020, 0x1020, 0x1020, 0x1020, 0x1020, 0x1020, 0x1020, 0x1020, 0x1020, 0x1020, 0x1020, 0x1020,
        0x1020, 0x1020, 0x1020, 0x1020, 0x3040, 0x3040, 0x3040, 0x3040, 0x3040, 0x3040, 0x3040, 0x3040, 0x1020, 0x1020, 0x1020, 0x1020,
        0x1020, 0x3040, 0x3040, 0x3040, 0xD1E0, 0x3040, 0xFC42, 0xFC42, 0xFC42, 0xFC42, 0xD1E0, 0x3040, 0x3040, 0x3040, 0x3040, 0x1020,
        0x3040, 0x3040, 0x3040, 0xFC42, 0xFC42, 0xD1E0, 0xD1E0, 0xD1E0, 0x0800, 0xD1E0, 0xD1E0, 0xFC42, 0xFC42, 0x3040, 0x3040, 0x3040,
        0x88A0, 0x3040, 0xFC42, 0xD1E0, 0xD1E0, 0xFC42, 0xFC42, 0xFF96, 0x0800, 0xFF96, 0xFC42, 0xD1E0, 0xD1E0, 0xFC42, 0xD1E0, 0x88A0,
        0xD1E0, 0xD1E0, 0xD1E0, 0xD1E0, 0xFC42, 0xFC42, 0xFE47, 0xFF96, 0x0800, 0xFF96, 0xFC42, 0xFC42, 0xD1E0, 0xD1E0, 0xD1E0, 0xD1E0,
        0x3040, 0x3040, 0xD1E0, 0xD1E0, 0xFC42, 0xFC42, 0xFE47, 0xFF96, 0x0800, 0xFF96, 0xFC42, 0xFC42, 0xD1E0, 0xD1E0, 0x3040, 0x3040,
        0x3040, 0x3040, 0xD1E0, 0xD1E0, 0xD1E0, 0xFC42, 0xFC42, 0xFF96, 0x0800, 0xFF96, 0xFC42, 0xD1E0, 0xD1E0, 0xD1E0, 0x3040, 0x3040,
        0x3040, 0x3040, 0x3040, 0xD1E0, 0x3040, 0xD1E0, 0xD1E0, 0xD1E0, 0x0800, 0xD1E0, 0xD1E0, 0x3040, 0xD1E0, 0x3040, 0x3040, 0x3040,
        0x1020, 0x3040, 0x3040, 0x3040, 0x3040, 0x88A0, 0x3040, 0x3040, 0xD1E0, 0xD1E0, 0x88A0, 0x3040, 0x3040, 0x3040, 0x3040, 0x1020,
        0x1020, 0x1020, 0x1020, 0x1020, 0x3040, 0x3040, 0x3040, 0x38C1, 0x38C1, 0x3040, 0x3040, 0x3040, 0x1020, 0x1020, 0x1020, 0x1020,
        0x1020, 0x1020, 0x1020, 0x1020, 0x1020, 0x1020, 0x38C1, 0x0842, 0x0842, 0x38C1, 0x1020, 0x1020, 0x1020, 0x1020, 0x1020, 0x1020,
        0x0000, 0x0000, 0x0000, 0x1020, 0x1020, 0x1020, 0x38C1, 0x0842, 0x0842, 0x38C1, 0x1020, 0x1020, 0x1020, 0x0000, 0x0000, 0x0000,
        0x0000, 0x0000, 0x0000, 0x0000, 0x0000, 0x38C1, 0x0842, 0x0842, 0x0842, 0x0842, 0x38C1, 0x0000, 0x0000, 0x0000, 0x0000, 0x0000,
        0x0000, 0x0000, 0x0000, 0x0000, 0x38C1, 0x0842, 0x0842, 0x0842, 0x0842, 0x0842, 0x0842, 0x38C1, 0x0000, 0x0000, 0x0000, 0x0000,
    },
    {
        0x0000, 0x0000, 0x0000, 0x1020, 0x1020, 0x1020, 0x1020, 0x1020, 0x1020, 0x1020, 0x1020, 0x1020, 0x1020, 0x0000, 0x0000, 0x0000,
        0x1020, 0x1020, 0x1020, 0x1020, 0x1020, 0x1020, 0x1020, 0x1020, 0x1020, 0x1020, 0x1020, 0x1020, 0x1020, 0x1020, 0x1020, 0x1020,
        0x1020, 0x1020, 0x1020, 0x1020, 0x3840, 0x3840, 0x88A0, 0x3840, 0x3840, 0x3840, 0x88A0, 0x3840, 0x1020, 0x1020, 0x1020, 0x1020,
        0x1020, 0x3840, 0x88A0, 0x3840, 0x3840, 0xD1E0, 0x3840, 0xFC42, 0xFC42, 0x3840, 0xD1E0, 0x3840, 0x3840, 0x3840, 0x3840, 0x1020,
        0x3840, 0x3840, 0x3840, 0xFC42, 0xFC42, 0xD1E0, 0xD1E0, 0xD1E0, 0xD1E0, 0x0800, 0xD1E0, 0x3840, 0xFC42, 0xD1E0, 0x3840, 0x3840,
        0x3840, 0xD1E0, 0xFC42, 0xD1E0, 0xD1E0, 0xFC42, 0xFC42, 0xFC42, 0xFF96, 0x0800, 0xFF96, 0xD1E0, 0xD1E0, 0xFC42, 0x3840, 0x3840,
        0x3840, 0x3840, 0xD1E0, 0xD1E0, 0xFC42, 0xFC42, 0xFE47, 0xFE47, 0xFF96, 0x0800, 0xFF96, 0xFC42, 0xD1E0, 0xD1E0, 0xD1E0, 0xD1E0,
        0x3840, 0x3840, 0xD1E0, 0xD1E0, 0xFC42, 0xFC42, 0xFE47, 0xFE47, 0xFF96, 0x0800, 0xFF96, 0xFC42, 0xD1E0, 0xD1E0, 0x3840, 0x3840,
        0x3840, 0x3840, 0x3840, 0xD1E0, 0xD1E0, 0xFC42, 0xFC42, 0xFC42, 0xFF96, 0x0800, 0xFF96, 0xD1E0, 0xD1E0, 0x3840, 0x3840, 0x3840,
        0x3840, 0x3840, 0x3840, 0x3840, 0xFC42, 0xD1E0, 0xD1E0, 0xD1E0, 0xD1E0, 0x0800, 0xD1E0, 0x3840, 0xD1E0, 0x3840, 0x3840, 0x3840,
        0x1020, 0x3840, 0x3840, 0x3840, 0x3840, 0x88A0, 0x3840, 0x3840, 0xD1E0, 0x3840, 0x3840, 0x3840, 0x3840, 0x3840, 0x3840, 0x1020,
        0x1020, 0x1020, 0x1020, 0x1020, 0x3840, 0x3840, 0x3840, 0x38C1, 0x38C1, 0x3840, 0x3840, 0x3840, 0x1020, 0x1020, 0x1020, 0x1020,
        0x1020, 0x1020, 0x1020, 0x1020, 0x1020, 0x1020, 0x38C1, 0x0842, 0x0842, 0x38C1, 0x1020, 0x1020, 0x1020, 0x1020, 0x1020, 0x1020,
        0x0000, 0x0000, 0x0000, 0x1020, 0x1020, 0x1020, 0x38C1, 0x0842, 0x0842, 0x38C1, 0x1020, 0x1020, 0x1020, 0x0000, 0x0000, 0x0000,
        0x0000, 0x0000, 0x0000, 0x0000, 0x0000, 0x38C1, 0x0842, 0x0842, 0x0842, 0x0842, 0x38C1, 0x0000, 0x0000, 0x0000, 0x0000, 0x0000,
        0x0000, 0x0000, 0x0000, 0x0000, 0x38C1, 0x0842, 0x0842, 0x0842, 0x0842, 0x0842, 0x0842, 0x38C1, 0x0000, 0x0000, 0x0000, 0x0000,
    },
    {
        0x0000, 0x0000, 0x0000, 0x1020, 0x1020, 0x1020, 0x1020, 0x1020, 0x1020, 0x1020, 0x1020, 0x1020, 0x1020, 0x0000, 0x0000, 0x0000,
        0x1020, 0x1020, 0x1020, 0x1020, 0x1020, 0x1020, 0x1020, 0x1020, 0x1020, 0x1020, 0x1020, 0x1020, 0x1020, 0x1020, 0x1020, 0x1020,
        0x1020, 0x1020, 0x1020, 0x1020, 0x3840, 0x3840, 0x3840, 0x3840, 0x3840, 0x3840, 0x3840, 0x3840, 0x1020, 0x1020, 0x1020, 0x1020,
        0x1020, 0x3840, 0x3840, 0x88A0, 0xD1E0, 0x3840, 0x3840, 0x3840, 0x3840, 0xFC42, 0x3840, 0xD1E0, 0x88A0, 0x88A0, 0x3840, 0x1020,
        0x3840, 0x3840, 0xD1E0, 0x3840, 0x3840, 0xD1E0, 0xD1E0, 0xD1E0, 0xD1E0, 0x0800, 0xD1E0, 0xFC42, 0xFC42, 0xD1E0, 0x88A0, 0x3840,
        0x3840, 0x3840, 0xFC42, 0xD1E0, 0xD1E0, 0xFC42, 0xFC42, 0xFC42, 0xFF96, 0x0800, 0xFF96, 0xD1E0, 0xD1E0, 0xFC42, 0x3840, 0x3840,
        0xD1E0, 0x3840, 0xD1E0, 0xD1E0, 0xFC42, 0xFC42, 0xFE47, 0xFE47, 0xFF96, 0x0800, 0xFF96, 0xFC42, 0xD1E0, 0xD1E0, 0x3840, 0x3840,
        0x3840, 0x3840, 0xD1E0, 0xD1E0, 0xFC42, 0xFC42, 0xFE47, 0xFE47, 0xFF96, 0x0800, 0xFF96, 0xFC42, 0xD1E0, 0xD1E0, 0x88A0, 0x3840,
        0x3840, 0x3840, 0xD1E0, 0xD1E0, 0xD1E0, 0xFC42, 0xFC42, 0xFC42, 0xFF96, 0x0800, 0xFF96, 0xD1E0, 0xD1E0, 0x3840, 0x3840, 0x3840,
        0x3840, 0x3840, 0x3840, 0xD1E0, 0xFC42, 0xD1E0, 0xD1E0, 0xD1E0, 0xD1E0, 0x0800, 0xD1E0, 0xFC42, 0x3840, 0x3840, 0x3840, 0x3840,
        0x1020, 0x3840, 0x3840, 0x3840, 0x3840, 0x3840, 0xD1E0, 0x3840, 0xD1E0, 0x3840, 0x3840, 0x3840, 0x3840, 0x3840, 0x3840, 0x1020,
        0x1020, 0x1020, 0x1020, 0x1020, 0x3840, 0x3840, 0x3840, 0x38C1, 0x38C1, 0x3840, 0x3840, 0x3840, 0x1020, 0x1020, 0x1020, 0x1020,
        0x1020, 0x1020, 0x1020, 0x1020, 0x1020, 0x1020, 0x38C1, 0x0842, 0x0842, 0x38C1, 0x1020, 0x1020, 0x1020, 0x1020, 0x1020, 0x1020,
        0x0000, 0x0000, 0x0000, 0x1020, 0x1020, 0x1020, 0x38C1, 0x0842, 0x0842, 0x38C1, 0x1020, 0x1020, 0x1020, 0x0000, 0x0000, 0x0000,
        0x0000, 0x0000, 0x0000, 0x0000, 0x0000, 0x38C1, 0x0842, 0x0842, 0x0842, 0x0842, 0x38C1, 0x0000, 0x0000, 0x0000, 0x0000, 0x0000,
        0x0000, 0x0000, 0x0000, 0x0000, 0x38C1, 0x0842, 0x0842, 0x0842, 0x0842, 0x0842, 0x0842, 0x38C1, 0x0000, 0x0000, 0x0000, 0x0000,
    },
    {
        0x0000, 0x0000, 0x0000, 0x1820, 0x1820, 0x1820, 0x1820, 0x1820, 0x1820, 0x1820, 0x1820, 0x1820, 0x1820, 0x0000, 0x0000, 0x0000,
        0x1820, 0x1820, 0x1820, 0x1820, 0x1820, 0x1820, 0x1820, 0x1820, 0x1820, 0x1820, 0x1820, 0x1820, 0x1820, 0x1820, 0x1820, 0x1820,
        0x1820, 0x1820, 0x1820, 0x1820, 0x3840, 0x3840, 0x3840, 0x3840, 0x3840, 0x3840, 0x3840, 0x3840, 0x1820, 0x1820, 0x1820, 0x1820,
        0x1820, 0x3840, 0x3840, 0x3840, 0xD1E0, 0xD1E0, 0x3840, 0x3840, 0xFC42, 0x3840, 0xD1E0, 0xD1E0, 0x3840, 0x3840, 0x3840, 0x1820,
        0x3840, 0x3840, 0x3840, 0x3840, 0xFC42, 0xD1E0, 0xD1E0, 0xD1E0, 0xD1E0, 0x0800, 0xD1E0, 0xFC42, 0xFC42, 0x3840, 0x88A0, 0x3840,
        0x3840, 0xD1E0, 0x3840, 0xD1E0, 0xD1E0, 0xFC42, 0xFC42, 0xFC42, 0xFF96, 0x0800, 0xFF96, 0xD1E0, 0xD1E0, 0xFC42, 0xD1E0, 0x3840,
        0xD1E0, 0x3840, 0xD1E0, 0xD1E0, 0xFC42, 0xFC42, 0xFE47, 0xFE47, 0xFF96, 0x0800, 0xFF96, 0xFC42, 0xD1E0, 0xD1E0, 0x3840, 0x3840,
        0x3840, 0x88A0, 0xD1E0, 0xD1E0, 0xFC42, 0xFC42, 0xFE47, 0xFE47, 0xFF96, 0x0800, 0xFF96, 0xFC42, 0xD1E0, 0xD1E0, 0x3840, 0x3840,
        0x3840, 0x3840, 0x3840, 0xD1E0, 0xD1E0, 0xFC42, 0xFC42, 0xFC42, 0xFF96, 0x0800, 0xFF96, 0xD1E0, 0xD1E0, 0xD1E0, 0x3840, 0x3840,
        0x3840, 0x3840, 0x3840, 0x3840, 0xFC42, 0xD1E0, 0xD1E0, 0xD1E0, 0xD1E0, 0x0800, 0xD1E0, 0xFC42, 0xD1E0, 0x3840, 0x3840, 0x3840,
        0x1820, 0x3840, 0x3840, 0x3840, 0x3840, 0x3840, 0x3840, 0x3840, 0x3840, 0xD1E0, 0x3840, 0x3840, 0x3840, 0x3840, 0x3840, 0x1820,
        0x1820, 0x1820, 0x1820, 0x1820, 0x3840, 0x3840, 0x3840, 0x38C1, 0x38C1, 0x3840, 0x3840, 0x3840, 0x1820, 0x1820, 0x1820, 0x1820,
        0x1820, 0x1820, 0x1820, 0x1820, 0x1820, 0x1820, 0x38C1, 0x0842, 0x0842, 0x38C1, 0x1820, 0x1820, 0x1820, 0x1820, 0x1820, 0x1820,
        0x0000, 0x0000, 0x0000, 0x1820, 0x1820, 0x1820, 0x38C1, 0x0842, 0x0842, 0x38C1, 0x1820, 0x1820, 0x1820, 0x0000, 0x0000, 0x0000,
        0x0000, 0x0000, 0x0000, 0x0000, 0x0000, 0x38C1, 0x0842, 0x0842, 0x0842, 0x0842, 0x38C1, 0x0000, 0x0000, 0x0000, 0x0000, 0x0000,
        0x0000, 0x0000, 0x0000, 0x0000, 0x38C1, 0x0842, 0x0842, 0x0842, 0x0842, 0x0842, 0x0842, 0x38C1, 0x0000, 0x0000, 0x0000, 0x0000,
    },
    {
        0x0000, 0x0000, 0x0000, 0x1820, 0x1820, 0x1820, 0x1820, 0x1820, 0x1820, 0x1820, 0x1820, 0x1820, 0x1820, 0x0000, 0x0000, 0x0000,
        0x1820, 0x1820, 0x1820, 0x1820, 0x1820, 0x1820, 0x1820, 0x1820, 0x1820, 0x1820, 0x1820, 0x1820, 0x1820, 0x1820, 0x1820, 0x1820,
        0x1820, 0x1820, 0x1820, 0x1820, 0x3840, 0x3840, 0x3840, 0x88A0, 0x3840, 0x3840, 0x3840, 0x3840, 0x1820, 0x1820, 0x1820, 0x1820,
        0x1820, 0x3840, 0x3840, 0x3840, 0xD1E0, 0xD1E0, 0xFC42, 0x3840, 0xFC42, 0xFC42, 0x3840, 0x3840, 0x3840, 0x3840, 0x3840, 0x1820,
        0x3840, 0x3840, 0xD1E0, 0xFC42, 0xFC42, 0xD1E0, 0xD1E0, 0xD1E0, 0x0800, 0xD1E0, 0xD1E0, 0xFC42, 0xFC42, 0x3840, 0x88A0, 0x3840,
        0x88A0, 0xD1E0, 0xFC42, 0xD1E0, 0xD1E0, 0xFC42, 0xFC42, 0xFF96, 0x0800, 0xFF96, 0xFC42, 0xD1E0, 0xD1E0, 0xFC42, 0x3840, 0x88A0,
        0x3840, 0xD1E0, 0xD1E0, 0xD1E0, 0xFC42, 0xFC42, 0xFE47, 0xFF96, 0x0800, 0xFF96, 0xFC42, 0xFC42, 0xD1E0, 0xD1E0, 0xD1E0, 0x3840,
        0x3840, 0x3840, 0xD1E0, 0xD1E0, 0xFC42, 0xFC42, 0xFE47, 0xFF96, 0x0800, 0xFF96, 0xFC42, 0xFC42, 0xD1E0, 0xD1E0, 0x3840, 0x3840,
        0x3840, 0x3840, 0xD1E0, 0xD1E0, 0xD1E0, 0xFC42, 0xFC42, 0xFF96, 0x0800, 0xFF96, 0xFC42, 0xD1E0, 0xD1E0, 0x3840, 0x3840, 0x3840,
        0x3840, 0x3840, 0x3840, 0x3840, 0xFC42, 0xD1E0, 0xD1E0, 0xD1E0, 0x0800, 0xD1E0, 0xD1E0, 0xFC42, 0x3840, 0x3840, 0x3840, 0x3840,
        0x1820, 0x3840, 0x3840, 0x3840, 0x3840, 0x3840, 0x3840, 0x3840, 0x3840, 0x3840, 0x3840, 0x3840, 0x3840, 0x3840, 0x3840, 0x1820,
        0x1820, 0x1820, 0x1820, 0x1820, 0x3840, 0x3840, 0x3840, 0x38C1, 0x38C1, 0x3840, 0x3840, 0x3840, 0x1820, 0x1820, 0x1820, 0x1820,
        0x1820, 0x1820, 0x1820, 0x1820, 0x1820, 0x1820, 0x38C1, 0x0842, 0x0842, 0x38C1, 0x1820, 0x1820, 0x1820, 0x1820, 0x1820, 0x1820,
        0x0000, 0x0000, 0x0000, 0x1820, 0x1820, 0x1820, 0x38C1, 0x0842, 0x0842, 0x38C1, 0x1820, 0x1820, 0x1820, 0x0000, 0x0000, 0x0000,
        0x0000, 0x0000, 0x0000, 0x0000, 0x0000, 0x38C1, 0x0842, 0x0842, 0x0842, 0x0842, 0x38C1, 0x0000, 0x0000, 0x0000, 0x0000, 0x0000,
        0x0000, 0x0000, 0x0000, 0x0000, 0x38C1, 0x0842, 0x0842, 0x0842, 0x0842, 0x0842, 0x0842, 0x38C1, 0x0000, 0x0000, 0x0000, 0x0000,
    },
    {
        0x0000, 0x0000, 0x0000, 0x1820, 0x1820, 0x1820, 0x1820, 0x1820, 0x1820, 0x1820, 0x1820, 0x1820, 0x1820, 0x0000, 0x0000, 0x0000,
        0x1820, 0x1820, 0x1820, 0x1820, 0x1820, 0x1820, 0x1820, 0x1820, 0x1820, 0x1820, 0x1820, 0x1820, 0x1820, 0x1820, 0x1820, 0x1820,
        0x1820, 0x1820, 0x1820, 0x1820, 0x4040, 0x4040, 0x4040, 0x4040, 0x4040, 0x4040, 0x4040, 0x4040, 0x1820, 0x1820, 0x1820, 0x1820,
        0x1820, 0x4040, 0x88A0, 0x4040, 0x4040, 0xD1E0, 0x4040, 0xFC42, 0x4040, 0xFC42, 0xD1E0, 0x4040, 0x88A0, 0x4040, 0x4040, 0x1820,
        0x4040, 0x4040, 0xD1E0, 0xFC42, 0xFC42, 0xD1E0, 0xD1E0, 0xD1E0, 0x0800, 0xD1E0, 0xD1E0, 0xFC42, 0x4040, 0x4040, 0x4040, 0x4040,
        0x4040, 0xD1E0, 0x4040, 0xD1E0, 0xD1E0, 0xFC42, 0xFC42, 0xFF96, 0x0800, 0xFF96, 0xFC42, 0xD1E0, 0xD1E0, 0xFC42, 0x4040, 0x4040,
        0xD1E0, 0xD1E0, 0xD1E0, 0xD1E0, 0xFC42, 0xFC42, 0xFE47, 0xFF96, 0x0800, 0xFF96, 0xFC42, 0xFC42, 0xD1E0, 0xD1E0, 0xD1E0, 0x4040,
        0x4040, 0x4040, 0xD1E0, 0xD1E0, 0xFC42, 0xFC42, 0xFE47, 0xFF96, 0x0800, 0xFF96, 0xFC42, 0xFC42, 0xD1E0, 0xD1E0, 0x88A0, 0x4040,
        0x4040, 0x4040, 0x4040, 0xD1E0, 0xD1E0, 0xFC42, 0xFC42, 0xFF96, 0x0800, 0xFF96, 0xFC42, 0xD1E0, 0xD1E0, 0xD1E0, 0x4040, 0x4040,
        0x4040, 0x4040, 0x4040, 0xD1E0, 0x4040, 0xD1E0, 0xD1E0, 0xD1E0, 0x0800, 0xD1E0, 0xD1E0, 0xFC42, 0x4040, 0x4040, 0x4040, 0x4040,
        0x1820, 0x4040, 0x4040, 0x4040, 0x4040, 0x4040, 0x4040, 0x4040, 0x4040, 0xD1E0, 0x4040, 0x4040, 0x4040, 0x4040, 0x4040, 0x1820,
        0x1820, 0x1820, 0x1820, 0x1820, 0x4040, 0x4040, 0x4040, 0x38C1, 0x38C1, 0x4040, 0x4040, 0x4040, 0x1820, 0x1820, 0x1820, 0x1820,
        0x1820, 0x1820, 0x1820, 0x1820, 0x1820, 0x1820, 0x38C1, 0x0842, 0x0842, 0x38C1, 0x1820, 0x1820, 0x1820, 0x1820, 0x1820, 0x1820,
        0x0000, 0x0000, 0x0000, 0x1820, 0x1820, 0x1820, 0x38C1, 0x0842, 0x0842, 0x38C1, 0x1820, 0x1820, 0x1820, 0x0000, 0x0000, 0x0000,
        0x0000, 0x0000, 0x0000, 0x0000, 0x0000, 0x38C1, 0x0842, 0x0842, 0x0842, 0x0842, 0x38C1, 0x0000, 0x0000, 0x0000, 0x0000, 0x0000,
        0x0000, 0x0000, 0x0000, 0x0000, 0x38C1, 0x0842, 0x0842, 0x0842, 0x0842, 0x0842, 0x0842, 0x38C1, 0x0000, 0x0000, 0x0000, 0x0000,
    },
    {
        0x0000, 0x0000, 0x0000, 0x1820, 0x1820, 0x1820, 0x1820, 0x1820, 0x1820, 0x1820, 0x1820, 0x1820, 0x1820, 0x0000, 0x0000, 0x0000,
        0x1820, 0x1820, 0x1820, 0x1820, 0x1820, 0x1820, 0x1820, 0x1820, 0x1820, 0x1820, 0x1820, 0x1820, 0x1820, 0x1820, 0x1820, 0x1820,
        0x1820, 0x1820, 0x1820, 0x1820, 0x4040, 0x4040, 0x88A0, 0x4040, 0x88A0, 0x4040, 0x4040, 0x4040, 0x1820, 0x1820, 0x1820, 0x1820,
        0x1820, 0x4040, 0x4040, 0x4040, 0x4040, 0x4040, 0xFC42, 0xFC42, 0xFC42, 0xFC42, 0x4040, 0xD1E0, 0x4040, 0x4040, 0x4040, 0x1820,
        0x4040, 0x4040, 0x4040, 0x4040, 0xFC42, 0xD1E0, 0xD1E0, 0x0800, 0xD1E0, 0xD1E0, 0xD1E0, 0xFC42, 0xFC42, 0x4040, 0x4040, 0x4040,
        0x4040, 0xD1E0, 0xFC42, 0xD1E0, 0xD1E0, 0xFC42, 0xFF96, 0x0800, 0xFF96, 0xFC42, 0xFC42, 0xD1E0, 0xD1E0, 0xFC42, 0x4040, 0x4040,
        0xD1E0, 0xD1E0, 0xD1E0, 0xD1E0, 0xFC42, 0xFC42, 0xFF96, 0x0800, 0xFF96, 0xFE47, 0xFC42, 0xFC42, 0xD1E0, 0xD1E0, 0x4040, 0x4040,
        0x4040, 0x4040, 0xD1E0, 0xD1E0, 0xFC42, 0xFC42, 0xFF96, 0x0800, 0xFF96, 0xFE47, 0xFC42, 0xFC42, 0xD1E0, 0xD1E0, 0x4040, 0x4040,
        0x4040, 0x4040, 0xD1E0, 0xD1E0, 0xD1E0, 0xFC42, 0xFF96, 0x0800, 0xFF96, 0xFC42, 0xFC42, 0xD1E0, 0xD1E0, 0xD1E0, 0x4040, 0x4040,
        0x4040, 0x4040, 0x4040, 0xD1E0, 0xFC42, 0xD1E0, 0xD1E0, 0x0800, 0xD1E0, 0xD1E0, 0xD1E0, 0xFC42, 0xD1E0, 0x4040, 0x4040, 0x4040,
        0x1820, 0x4040, 0x4040, 0x4040, 0x4040, 0x4040, 0x4040, 0x4040, 0x4040, 0xD1E0, 0x4040, 0x4040, 0x4040, 0x4040, 0x4040, 0x1820,
        0x1820, 0x1820, 0x1820, 0x1820, 0x4040, 0x4040, 0x4040, 0x38C1, 0x38C1, 0x4040, 0x4040, 0x4040, 0x1820, 0x1820, 0x1820, 0x1820,
        0x1820, 0x1820, 0x1820, 0x1820, 0x1820, 0x1820, 0x38C1, 0x0842, 0x0842, 0x38C1, 0x1820, 0x1820, 0x1820, 0x1820, 0x1820, 0x1820,
        0x0000, 0x0000, 0x0000, 0x1820, 0x1820, 0x1820, 0x38C1, 0x0842, 0x0842, 0x38C1, 0x1820, 0x1820, 0x1820, 0x0000, 0x0000, 0x0000,
        0x0000, 0x0000, 0x0000, 0x0000, 0x0000, 0x38C1, 0x0842, 0x0842, 0x0842, 0x0842, 0x38C1, 0x0000, 0x0000, 0x0000, 0x0000, 0x0000,
        0x0000, 0x0000, 0x0000, 0x0000, 0x38C1, 0x0842, 0x0842, 0x0842, 0x0842, 0x0842, 0x0842, 0x38C1, 0x0000, 0x0000, 0x0000, 0x0000,
    },
    {
        0x0000, 0x0000, 0x0000, 0x2020, 0x2020, 0x2020, 0x2020, 0x2020, 0x2020, 0x2020, 0x2020, 0x2020, 0x2020, 0x0000, 0x0000, 0x0000,
        0x2020, 0x2020, 0x2020, 0x2020, 0x2020, 0x2020, 0x2020, 0x2020, 0x2020, 0x2020, 0x2020, 0x2020, 0x2020, 0x2020, 0x2020, 0x2020,
        0x2020, 0x2020, 0x2020, 0x2020, 0x4860, 0x4860, 0x4860, 0x88A0, 0x88A0, 0x4860, 0x4860, 0x4860, 0x2020, 0x2020, 0x2020, 0x2020,
        0x2020, 0x4860, 0x4860, 0x4860, 0xD1E0, 0x4860, 0xFC42, 0x4860, 0xFC42, 0xFC42, 0xD1E0, 0xD1E0, 0x4860, 0x4860, 0x4860, 0x2020,
        0x4860, 0x4860, 0x4860, 0xFC42, 0xFC42, 0xD1E0, 0xD1E0, 0x0800, 0xD1E0, 0xD1E0, 0xD1E0, 0xFC42, 0xFC42, 0xD1E0, 0x4860, 0x4860,
        0x4860, 0xD1E0, 0xFC42, 0xD1E0, 0xD1E0, 0xFC42, 0xFF96, 0x0800, 0xFF96, 0xFC42, 0xFC42, 0xD1E0, 0xD1E0, 0xFC42, 0xD1E0, 0x4860,
        0x4860, 0xD1E0, 0xD1E0, 0xD1E0, 0xFC42, 0xFC42, 0xFF96, 0x0800, 0xFF96, 0xFE47, 0xFC42, 0xFC42, 0xD1E0, 0xD1E0, 0xD1E0, 0x4860,
        0x4860, 0x4860, 0xD1E0, 0xD1E0, 0xFC42, 0xFC42, 0xFF96, 0x0800, 0xFF96, 0xFE47, 0xFC42, 0xFC42, 0xD1E0, 0xD1E0, 0x4860, 0x4860,
        0x4860, 0x4860, 0x4860, 0xD1E0, 0xD1E0, 0xFC42, 0xFF96, 0x0800, 0xFF96, 0xFC42, 0xFC42, 0xD1E0, 0xD1E0, 0xD1E0, 0x4860, 0x4860,
        0x4860, 0x4860, 0x4860, 0xD1E0, 0xFC42, 0xD1E0, 0xD1E0, 0x0800, 0xD1E0, 0xD1E0, 0xD1E0, 0x4860, 0x4860, 0x4860, 0x4860, 0x4860,
        0x2020, 0x4860, 0x4860, 0x4860, 0x4860, 0x4860, 0xD1E0, 0x4860, 0x4860, 0xD1E0, 0x88A0, 0x4860, 0x4860, 0x4860, 0x4860, 0x2020,
        0x2020, 0x2020, 0x2020, 0x2020, 0x4860, 0x4860, 0x4860, 0x38C1, 0x38C1, 0x4860, 0x4860, 0x4860, 0x2020, 0x2020, 0x2020, 0x2020,
        0x2020, 0x2020, 0x2020, 0x2020, 0x2020, 0x2020, 0x38C1, 0x0842, 0x0842, 0x38C1, 0x2020, 0x2020, 0x2020, 0x2020, 0x2020, 0x2020,
        0x0000, 0x0000, 0x0000, 0x2020, 0x2020, 0x2020, 0x38C1, 0x0842, 0x0842, 0x38C1, 0x2020, 0x2020, 0x2020, 0x0000, 0x0000, 0x0000,
        0x0000, 0x0000, 0x0000, 0x0000, 0x0000, 0x38C1, 0x0842, 0x0842, 0x0842, 0x0842, 0x38C1, 0x0000, 0x0000, 0x0000, 0x0000, 0x0000,
        0x0000, 0x0000, 0x0000, 0x0000, 0x38C1, 0x0842, 0x0842, 0x0842, 0x0842, 0x0842, 0x0842, 0x38C1, 0x0000, 0x0000, 0x0000, 0x0000,
    },
    {
        0x0000, 0x0000, 0x0000, 0x2020, 0x2020, 0x2020, 0x2020, 0x2020, 0x2020, 0x2020, 0x2020, 0x2020, 0x2020, 0x0000, 0x0000, 0x0000,
        0x2020, 0x2020, 0x2020, 0x2020, 0x2020, 0x2020, 0x2020, 0x2020, 0x2020, 0x2020, 0x2020, 0x2020, 0x2020, 0x2020, 0x2020, 0x2020,
        0x2020, 0x2020, 0x2020, 0x2020, 0x4860, 0x4860, 0x88A0, 0x88A0, 0x4860, 0x4860, 0x4860, 0x4860, 0x2020, 0x2020, 0x2020, 0x2020,
        0x2020, 0x4860, 0x4860, 0x88A0, 0xD1E0, 0xD1E0, 0xFC42, 0x4860, 0xFC42, 0xFC42, 0xD1E0, 0xD1E0, 0x4860, 0x4860, 0x4860, 0x2020,
        0x4860, 0x88A0, 0x4860, 0xFC42, 0xFC42, 0xD1E0, 0xD1E0, 0x0800, 0xD1E0, 0xD1E0, 0xD1E0, 0xFC42, 0xFC42, 0x4860, 0x88A0, 0x4860,
        0x4860, 0x4860, 0xFC42, 0xD1E0, 0xD1E0, 0xFC42, 0xFF96, 0x0800, 0xFF96, 0xFC42, 0xFC42, 0xD1E0, 0xD1E0, 0xFC42, 0xD1E0, 0x4860,
        0xD1E0, 0x4860, 0xD1E0, 0xD1E0, 0xFC42, 0xFC42, 0xFF96, 0x0800, 0xFF96, 0xFE47, 0xFC42, 0xFC42, 0xD1E0, 0xD1E0, 0x4860, 0x4860,
        0x4860, 0x4860, 0xD1E0, 0xD1E0, 0xFC42, 0xFC42, 0xFF96, 0x0800, 0xFF96, 0xFE47, 0xFC42, 0xFC42, 0xD1E0, 0xD1E0, 0x88A0, 0x4860,
        0x4860, 0x4860, 0xD1E0, 0xD1E0, 0xD1E0, 0xFC42, 0xFF96, 0x0800, 0xFF96, 0xFC42, 0xFC42, 0xD1E0, 0xD1E0, 0xD1E0, 0x4860, 0x4860,
        0x4860, 0x4860, 0x4860, 0x4860, 0xFC42, 0xD1E0, 0xD1E0, 0x0800, 0xD1E0, 0xD1E0, 0xD1E0, 0xFC42, 0xD1E0, 0x4860, 0x4860, 0x4860,
        0x2020, 0x4860, 0x4860, 0x4860, 0x4860, 0x4860, 0xD1E0, 0x4860, 0xD1E0, 0x4860, 0x88A0, 0x4860, 0x4860, 0x4860, 0x4860, 0x2020,
        0x2020, 0x2020, 0x2020, 0x2020, 0x4860, 0x4860, 0x4860, 0x38C1, 0x38C1, 0x4860, 0x4860, 0x4860, 0x2020, 0x2020, 0x2020, 0x2020,
        0x2020, 0x2020, 0x2020, 0x2020, 0x2020, 0x2020, 0x38C1, 0x0842, 0x0842, 0x38C1, 0x2020, 0x2020, 0x2020, 0x2020, 0x2020, 0x2020,
        0x0000, 0x0000, 0x0000, 0x2020, 0x2020, 0x2020, 0x38C1, 0x0842, 0x0842, 0x38C1, 0x2020, 0x2020, 0x2020, 0x0000, 0x0000, 0x0000,
        0x0000, 0x0000, 0x0000, 0x0000, 0x0000, 0x38C1, 0x0842, 0x0842, 0x0842, 0x0842, 0x38C1, 0x0000, 0x0000, 0x0000, 0x0000, 0x0000,
        0x0000, 0x0000, 0x0000, 0x0000, 0x38C1, 0x0842, 0x0842, 0x0842, 0x0842, 0x0842, 0x0842, 0x38C1, 0x0000, 0x0000, 0x0000, 0x0000,
    },
    {
        0x0000, 0x0000, 0x0000, 0x2020, 0x2020, 0x2020, 0x2020, 0x2020, 0x2020, 0x2020, 0x2020, 0x2020, 0x2020, 0x0000, 0x0000, 0x0000,
        0x2020, 0x2020, 0x2020, 0x2020, 0x2020, 0x2020, 0x2020, 0x2020, 0x2020, 0x2020, 0x2020, 0x2020, 0x2020, 0x2020, 0x2020, 0x2020,
        0x2020, 0x2020, 0x2020, 0x2020, 0x4860, 0x88A0, 0x4860, 0x88A0, 0x4860, 0x4860, 0x4860, 0x4860, 0x2020, 0x2020, 0x2020, 0x2020,
        0x2020, 0x4860, 0x4860, 0x88A0, 0xD1E0, 0x4860, 0xFC42, 0xFC42, 0xFC42, 0xFC42, 0xD1E0, 0x4860, 0x4860, 0x4860, 0x4860, 0x2020,
        0x4860, 0x4860, 0x4860, 0xFC42, 0xFC42, 0xD1E0, 0xD1E0, 0x0800, 0xD1E0, 0xD1E0, 0xD1E0, 0xFC42, 0xFC42, 0xD1E0, 0x4860, 0x4860,
        0x4860, 0x4860, 0x4860, 0xD1E0, 0xD1E0, 0xFC42, 0xFF96, 0x0800, 0xFF96, 0xFC42, 0xFC42, 0xD1E0, 0xD1E0, 0xFC42, 0xD1E0, 0x4860,
        0xD1E0, 0xD1E0, 0xD1E0, 0xD1E0, 0xFC42, 0xFC42, 0xFF96, 0x0800, 0xFF96, 0xFE47, 0xFC42, 0xFC42, 0xD1E0, 0xD1E0, 0xD1E0, 0x4860,
        0x4860, 0x4860, 0xD1E0, 0xD1E0, 0xFC42, 0xFC42, 0xFF96, 0x0800, 0xFF96, 0xFE47, 0xFC42, 0xFC42, 0xD1E0, 0xD1E0, 0x4860, 0x4860,
        0x4860, 0x4860, 0xD1E0, 0xD1E0, 0xD1E0, 0xFC42, 0xFF96, 0x0800, 0xFF96, 0xFC42, 0xFC42, 0xD1E0, 0xD1E0, 0x4860, 0x4860, 0x4860,
        0x4860, 0x4860, 0x4860, 0x4860, 0x4860, 0xD1E0, 0xD1E0, 0x0800, 0xD1E0, 0xD1E0, 0xD1E0, 0xFC42, 0xD1E0, 0x4860, 0x4860, 0x4860,
        0x2020, 0x4860, 0x4860, 0x4860, 0x4860, 0x4860, 0xD1E0, 0xD1E0, 0x4860, 0xD1E0, 0x4860, 0x4860, 0x4860, 0x4860, 0x4860, 0x2020,
        0x2020, 0x2020, 0x2020, 0x2020, 0x4860, 0x4860, 0x4860, 0x38C1, 0x38C1, 0x4860, 0x4860, 0x4860, 0x2020, 0x2020, 0x2020, 0x2020,
        0x2020, 0x2020, 0x2020, 0x2020, 0x2020, 0x2020, 0x38C1, 0x0842, 0x0842, 0x38C1, 0x2020, 0x2020, 0x2020, 0x2020, 0x2020, 0x2020,
        0x0000, 0x0000, 0x0000, 0x2020, 0x2020, 0x2020, 0x38C1, 0x0842, 0x0842, 0x38C1, 0x2020, 0x2020, 0x2020, 0x0000, 0x0000, 0x0000,
        0x0000, 0x0000, 0x0000, 0x0000, 0x0000, 0x38C1, 0x0842, 0x0842, 0x0842, 0x0842, 0x38C1, 0x0000, 0x0000, 0x0000, 0x0000, 0x0000,
        0x0000, 0x0000, 0x0000, 0x0000, 0x38C1, 0x0842, 0x0842, 0x0842, 0x0842, 0x0842, 0x0842, 0x38C1, 0x0000, 0x0000, 0x0000, 0x0000,
    },
    {
        0x0000, 0x0000, 0x0000, 0x2020, 0x2020, 0x2020, 0x2020, 0x2020, 0x2020, 0x2020, 0x2020, 0x2020, 0x2020, 0x0000, 0x0000, 0x0000,
        0x2020, 0x2020, 0x2020, 0x2020, 0x2020, 0x2020, 0x2020, 0x2020, 0x2020, 0x2020, 0x2020, 0x2020, 0x2020, 0x2020, 0x2020, 0x2020,
        0x2020, 0x2020, 0x2020, 0x2020, 0x4860, 0x4860, 0x4860, 0x88A0, 0x4860, 0x88A0, 0x4860, 0x4860, 0x2020, 0x2020, 0x2020, 0x2020,
        0x2020, 0x4860, 0x4860, 0x4860, 0x4860, 0x4860, 0x4860, 0xFC42, 0xFC42, 0xFC42, 0x4860, 0xD1E0, 0x88A0, 0x4860, 0x4860, 0x2020,
        0x4860, 0x88A0, 0x4860, 0xFC42, 0xFC42, 0xD1E0, 0xD1E0, 0xD1E0, 0x0800, 0xD1E0, 0xD1E0, 0xFC42, 0xFC42, 0xD1E0, 0x88A0, 0x4860,
        0x4860, 0x4860, 0xFC42, 0xD1E0, 0xD1E0, 0xFC42, 0xFC42, 0xFF96, 0x0800, 0xFF96, 0xFC42, 0xD1E0, 0xD1E0, 0xFC42, 0x4860, 0x4860,
        0x4860, 0xD1E0, 0xD1E0, 0xD1E0, 0xFC42, 0xFC42, 0xFE47, 0xFF96, 0x0800, 0xFF96, 0xFC42, 0xFC42, 0xD1E0, 0xD1E0, 0x4860, 0x4860,
        0x4860, 0x88A0, 0xD1E0, 0xD1E0, 0xFC42, 0xFC42, 0xFE47, 0xFF96, 0x0800, 0xFF96, 0xFC42, 0xFC42, 0xD1E0, 0xD1E0, 0x4860, 0x4860,
        0x4860, 0x4860, 0x4860, 0xD1E0, 0xD1E0, 0xFC42, 0xFC42, 0xFF96, 0x0800, 0xFF96, 0xFC42, 0xD1E0, 0xD1E0, 0xD1E0, 0x4860, 0x4860,
        0x4860, 0x4860, 0x4860, 0x4860, 0xFC42, 0xD1E0, 0xD1E0, 0xD1E0, 0x0800, 0xD1E0, 0xD1E0, 0xFC42, 0x4860, 0x4860, 0x4860, 0x4860,
        0x2020, 0x4860, 0x4860, 0x4860, 0x4860, 0x4860, 0x4860, 0x4860, 0x4860, 0xD1E0, 0x4860, 0x4860, 0x4860, 0x4860, 0x4860, 0x2020,
        0x2020, 0x2020, 0x2020, 0x2020, 0x4860, 0x4860, 0x4860, 0x38C1, 0x38C1, 0x4860, 0x4860, 0x4860, 0x2020, 0x2020, 0x2020, 0x2020,
        0x2020, 0x2020, 0x2020, 0x2020, 0x2020, 0x2020, 0x38C1, 0x0842, 0x0842, 0x38C1, 0x2020, 0x2020, 0x2020, 0x2020, 0x2020, 0x2020,
        0x0000, 0x0000, 0x0000, 0x2020, 0x2020, 0x2020, 0x38C1, 0x0842, 0x0842, 0x38C1, 0x2020, 0x2020, 0x2020, 0x0000, 0x0000, 0x0000,
        0x0000, 0x0000, 0x0000, 0x0000, 0x0000, 0x38C1, 0x0842, 0x0842, 0x0842, 0x0842, 0x38C1, 0x0000, 0x0000, 0x0000, 0x0000, 0x0000,
        0x0000, 0x0000, 0x0000, 0x0000, 0x38C1, 0x0842, 0x0842, 0x0842, 0x0842, 0x0842, 0x0842, 0x38C1, 0x0000, 0x0000, 0x0000, 0x0000,
    },
    {
        0x0000, 0x0000, 0x0000, 0x2020, 0x2020, 0x2020, 0x2020, 0x2020, 0x2020, 0x2020, 0x2020, 0x2020, 0x2020, 0x0000, 0x0000, 0x0000,
        0x2020, 0x2020, 0x2020, 0x2020, 0x2020, 0x2020, 0x2020, 0x2020, 0x2020, 0x2020, 0x2020, 0x2020, 0x2020, 0x2020, 0x2020, 0x2020,
        0x2020, 0x2020, 0x2020, 0x2020, 0x4860, 0x4860, 0x88A0, 0x4860, 0x4860, 0x4860, 0x4860, 0x4860, 0x2020, 0x2020, 0x2020, 0x2020,
        0x2020, 0x4860, 0x4860, 0x4860, 0x4860, 0xD1E0, 0xFC42, 0x4860, 0x4860, 0xFC42, 0x4860, 0xD1E0, 0x4860, 0x4860, 0x4860, 0x2020,
        0x4860, 0x4860, 0x4860, 0xFC42, 0xFC42, 0xD1E0, 0xD1E0, 0xD1E0, 0x0800, 0xD1E0, 0xD1E0, 0xFC42, 0x4860, 0x4860, 0x4860, 0x4860,
        0x88A0, 0x4860, 0x4860, 0xD1E0, 0xD1E0, 0xFC42, 0xFC42, 0xFF96, 0x0800, 0xFF96, 0xFC42, 0xD1E0, 0xD1E0, 0xFC42, 0x4860, 0x88A0,
        0x4860, 0xD1E0, 0xD1E0, 0xD1E0, 0xFC42, 0xFC42, 0xFE47, 0xFF96, 0x0800, 0xFF96, 0xFC42, 0xFC42, 0xD1E0, 0xD1E0, 0x4860, 0x4860,
        0x4860, 0x88A0, 0xD1E0, 0xD1E0, 0xFC42, 0xFC42, 0xFE47, 0xFF96, 0x0800, 0xFF96, 0xFC42, 0xFC42, 0xD1E0, 0xD1E0, 0x4860, 0x4860,
        0x4860, 0x4860, 0x4860, 0xD1E0, 0xD1E0, 0xFC42, 0xFC42, 0xFF96, 0x0800, 0xFF96, 0xFC42, 0xD1E0, 0xD1E0, 0x4860, 0x4860, 0x4860,
        0x4860, 0x4860, 0x4860, 0x4860, 0xFC42, 0xD1E0, 0xD1E0, 0xD1E0, 0x0800, 0xD1E0, 0xD1E0, 0xFC42, 0x4860, 0x4860, 0x4860, 0x4860,
        0x2020, 0x4860, 0x4860, 0x4860, 0x4860, 0x4860, 0xD1E0, 0x4860, 0x4860, 0x4860, 0x4860, 0x4860, 0x4860, 0x4860, 0x4860, 0x2020,
        0x2020, 0x2020, 0x2020, 0x2020, 0x4860, 0x4860, 0x4860, 0x38C1, 0x38C1, 0x4860, 0x4860, 0x4860, 0x2020, 0x2020, 0x2020, 0x2020,
        0x2020, 0x2020, 0x2020, 0x2020, 0x2020, 0x2020, 0x38C1, 0x0842, 0x0842, 0x38C1, 0x2020, 0x2020, 0x2020, 0x2020, 0x2020, 0x2020,
        0x0000, 0x0000, 0x0000, 0x2020, 0x2020, 0x2020, 0x38C1, 0x0842, 0x0842, 0x38C1, 0x2020, 0x2020, 0x2020, 0x0000, 0x0000, 0x0000,
        0x0000, 0x0000, 0x0000, 0x0000, 0x0000, 0x38C1, 0x0842, 0x0842, 0x0842, 0x0842, 0x38C1, 0x0000, 0x0000, 0x0000, 0x0000, 0x0000,
        0x0000, 0x0000, 0x0000, 0x0000, 0x38C1, 0x0842, 0x0842, 0x0842, 0x0842, 0x0842, 0x0842, 0x38C1, 0x0000, 0x0000, 0x0000, 0x0000,
    },
    {
        0x0000, 0x0000, 0x0000, 0x2020, 0x2020, 0x2020, 0x2020, 0x2020, 0x2020, 0x2020, 0x2020, 0x2020, 0x2020, 0x0000, 0x0000, 0x0000,
        0x2020, 0x2020, 0x2020, 0x2020, 0x2020, 0x2020, 0x2020, 0x2020, 0x2020, 0x2020, 0x2020, 0x2020, 0x2020, 0x2020, 0x2020, 0x2020,
        0x2020, 0x2020, 0x2020, 0x2020, 0x4860, 0x4860, 0x4860, 0x4860, 0x4860, 0x4860, 0x4860, 0x4860, 0x2020, 0x2020, 0x2020, 0x2020,
        0x2020, 0x4860, 0x4860, 0x4860, 0xD1E0, 0xD1E0, 0xFC42, 0xFC42, 0xFC42, 0x4860, 0xD1E0, 0x4860, 0x4860, 0x4860, 0x4860, 0x2020,
        0x4860, 0x4860, 0x4860, 0xFC42, 0x4860, 0xD1E0, 0xD1E0, 0xD1E0, 0xD1E0, 0x0800, 0xD1E0, 0xFC42, 0x4860, 0xD1E0, 0x88A0, 0x4860,
        0x88A0, 0xD1E0, 0xFC42, 0xD1E0, 0xD1E0, 0xFC42, 0xFC42, 0xFC42, 0xFF96, 0x0800, 0xFF96, 0xD1E0, 0xD1E0, 0xFC42, 0xD1E0, 0x4860,
        0x4860, 0xD1E0, 0xD1E0, 0xD1E0, 0xFC42, 0xFC42, 0xFE47, 0xFE47, 0xFF96, 0x0800, 0xFF96, 0xFC42, 0xD1E0, 0xD1E0, 0x4860, 0xD1E0,
        0x4860, 0x88A0, 0xD1E0, 0xD1E0, 0xFC42, 0xFC42, 0xFE47, 0xFE47, 0xFF96, 0x0800, 0xFF96, 0xFC42, 0xD1E0, 0xD1E0, 0x4860, 0x4860,
        0x4860, 0x4860, 0x4860, 0xD1E0, 0xD1E0, 0xFC42, 0xFC42, 0xFC42, 0xFF96, 0x0800, 0xFF96, 0xD1E0, 0xD1E0, 0x4860, 0x4860, 0x4860,
        0x4860, 0x4860, 0x4860, 0xD1E0, 0xFC42, 0xD1E0, 0xD1E0, 0xD1E0, 0xD1E0, 0x0800, 0xD1E0, 0xFC42, 0xD1E0, 0x4860, 0x4860, 0x4860,
        0x2020, 0x4860, 0x4860, 0x4860, 0x4860, 0x4860, 0x4860, 0x4860, 0x4860, 0x4860, 0x4860, 0x4860, 0x4860, 0x4860, 0x4860, 0x2020,
        0x2020, 0x2020, 0x2020, 0x2020, 0x4860, 0x4860, 0x4860, 0x38C1, 0x38C1, 0x4860, 0x4860, 0x4860, 0x2020, 0x2020, 0x2020, 0x2020,
        0x2020, 0x2020, 0x2020, 0x2020, 0x2020, 0x2020, 0x38C1, 0x0842, 0x0842, 0x38C1, 0x2020, 0x2020, 0x2020, 0x2020, 0x2020, 0x2020,
        0x0000, 0x0000, 0x0000, 0x2020, 0x2020, 0x2020, 0x38C1, 0x0842, 0x0842, 0x38C1, 0x2020, 0x2020, 0x2020, 0x0000, 0x0000, 0x0000,
        0x0000, 0x0000, 0x0000, 0x0000, 0x0000, 0x38C1, 0x0842, 0x0842, 0x0842, 0x0842, 0x38C1, 0x0000, 0x0000, 0x0000, 0x0000, 0x0000,
        0x0000, 0x0000, 0x0000, 0x0000, 0x38C1, 0x0842, 0x0842, 0x0842, 0x0842, 0x0842, 0x0842, 0x38C1, 0x0000, 0x0000, 0x0000, 0x0000,
    },
    {
        0x0000, 0x0000, 0x0000, 0x2020, 0x2020, 0x2020, 0x2020, 0x2020, 0x2020, 0x2020, 0x2020, 0x2020, 0x2020, 0x0000, 0x0000, 0x0000,
        0x2020, 0x2020, 0x2020, 0x2020, 0x2020, 0x2020, 0x2020, 0x2020, 0x2020, 0x2020, 0x2020, 0x2020, 0x2020, 0x2020, 0x2020, 0x2020,
        0x2020, 0x2020, 0x2020, 0x2020, 0x4860, 0x4860, 0x4860, 0x4860, 0x4860, 0x4860, 0x4860, 0x4860, 0x2020, 0x2020, 0x2020, 0x2020,
        0x2020, 0x4860, 0x4860, 0x88A0, 0xD1E0, 0x4860, 0xFC42, 0xFC42, 0xFC42, 0xFC42, 0x4860, 0x4860, 0x88A0, 0x4860, 0x4860, 0x2020,
        0x4860, 0x88A0, 0x4860, 0xFC42, 0xFC42, 0xD1E0, 0xD1E0, 0xD1E0, 0xD1E0, 0x0800, 0xD1E0, 0xFC42, 0xFC42, 0xD1E0, 0x4860, 0x4860,
        0x4860, 0x4860, 0x4860, 0xD1E0, 0xD1E0, 0xFC42, 0xFC42, 0xFC42, 0xFF96, 0x0800, 0xFF96, 0xD1E0, 0xD1E0, 0x4860, 0x4860, 0x4860,
        0x4860, 0xD1E0, 0xD1E0, 0xD1E0, 0xFC42, 0xFC42, 0xFE47, 0xFE47, 0xFF96, 0x0800, 0xFF96, 0xFC42, 0xD1E0, 0xD1E0, 0x4860, 0x4860,
        0x4860, 0x4860, 0xD1E0, 0xD1E0, 0xFC42, 0xFC42, 0xFE47, 0xFE47, 0xFF96, 0x0800, 0xFF96, 0xFC42, 0xD1E0, 0xD1E0, 0x88A0, 0x4860,
        0x4860, 0x4860, 0x4860, 0xD1E0, 0xD1E0, 0xFC42, 0xFC42, 0xFC42, 0xFF96, 0x0800, 0xFF96, 0xD1E0, 0xD1E0, 0xD1E0, 0x4860, 0x4860,
        0x4860, 0x4860, 0x4860, 0xD1E0, 0xFC42, 0xD1E0, 0xD1E0, 0xD1E0, 0xD1E0, 0x0800, 0xD1E0, 0xFC42, 0xD1E0, 0x4860, 0x4860, 0x4860,
        0x2020, 0x4860, 0x4860, 0x4860, 0x4860, 0x88A0, 0xD1E0, 0xD1E0, 0xD1E0, 0x4860, 0x4860, 0x4860, 0x4860, 0x4860, 0x4860, 0x2020,
        0x2020, 0x2020, 0x2020, 0x2020, 0x4860, 0x4860, 0x4860, 0x38C1, 0x38C1, 0x4860, 0x4860, 0x4860, 0x2020, 0x2020, 0x2020, 0x2020,
        0x2020, 0x2020, 0x2020, 0x2020, 0x2020, 0x2020, 0x38C1, 0x0842, 0x0842, 0x38C1, 0x2020, 0x2020, 0x2020, 0x2020, 0x2020, 0x2020,
        0x0000, 0x0000, 0x0000, 0x2020, 0x2020, 0x2020, 0x38C1, 0x0842, 0x0842, 0x38C1, 0x2020, 0x2020, 0x2020, 0x0000, 0x0000, 0x0000,
        0x0000, 0x0000, 0x0000, 0x0000, 0x0000, 0x38C1, 0x0842, 0x0842, 0x0842, 0x0842, 0x38C1, 0x0000, 0x0000, 0x0000, 0x0000, 0x0000,
        0x0000, 0x0000, 0x0000, 0x0000, 0x38C1, 0x0842, 0x0842, 0x0842, 0x0842, 0x0842, 0x0842, 0x38C1, 0x0000, 0x0000, 0x0000, 0x0000,
    },
    {
        0x0000, 0x0000, 0x0000, 0x2020, 0x2020, 0x2020, 0x2020, 0x2020, 0x2020, 0x2020, 0x2020, 0x2020, 0x2020, 0x0000, 0x0000, 0x0000,
        0x2020, 0x2020, 0x2020, 0x2020, 0x2020, 0x2020, 0x2020, 0x2020, 0x2020, 0x2020, 0x2020, 0x2020, 0x2020, 0x2020, 0x2020, 0x2020,
        0x2020, 0x2020, 0x2020, 0x2020, 0x4860, 0x4860, 0x88A0, 0x4860, 0x88A0, 0x4860, 0x4860, 0x4860, 0x2020, 0x2020, 0x2020, 0x2020,
        0x2020, 0x4860, 0x4860, 0x4860, 0xD1E0, 0xD1E0, 0x4860, 0xFC42, 0x4860, 0xFC42, 0xD1E0, 0x4860, 0x88A0, 0x4860, 0x4860, 0x2020,
        0x4860, 0x4860, 0x4860, 0xFC42, 0xFC42, 0xD1E0, 0xD1E0, 0xD1E0, 0xD1E0, 0x0800, 0xD1E0, 0xFC42, 0xFC42, 0x4860, 0x4860, 0x4860,
        0x4860, 0xD1E0, 0xFC42, 0xD1E0, 0xD1E0, 0xFC42, 0xFC42, 0xFC42, 0xFF96, 0x0800, 0xFF96, 0xD1E0, 0xD1E0, 0xFC42, 0x4860, 0x88A0,
        0x4860, 0x4860, 0xD1E0, 0xD1E0, 0xFC42, 0xFC42, 0xFE47, 0xFE47, 0xFF96, 0x0800, 0xFF96, 0xFC42, 0xD1E0, 0xD1E0, 0xD1E0, 0x4860,
        0x4860, 0x4860, 0xD1E0, 0xD1E0, 0xFC42, 0xFC42, 0xFE47, 0xFE47, 0xFF96, 0x0800, 0xFF96, 0xFC42, 0xD1E0, 0xD1E0, 0x4860, 0x4860,
        0x4860, 0x4860, 0xD1E0, 0xD1E0, 0xD1E0, 0xFC42, 0xFC42, 0xFC42, 0xFF96, 0x0800, 0xFF96, 0xD1E0, 0xD1E0, 0x4860, 0x4860, 0x4860,
        0x4860, 0x4860, 0x4860, 0x4860, 0xFC42, 0xD1E0, 0xD1E0, 0xD1E0, 0xD1E0, 0x0800, 0xD1E0, 0xFC42, 0x4860, 0x4860, 0x4860, 0x4860,
        0x2020, 0x4860, 0x4860, 0x4860, 0x4860, 0x4860, 0x4860, 0xD1E0, 0xD1E0, 0xD1E0, 0x4860, 0x4860, 0x4860, 0x4860, 0x4860, 0x2020,
        0x2020, 0x2020, 0x2020, 0x2020, 0x4860, 0x4860, 0x4860, 0x38C1, 0x38C1, 0x4860, 0x4860, 0x4860, 0x2020, 0x2020, 0x2020, 0x2020,
        0x2020, 0x2020, 0x2020, 0x2020, 0x2020, 0x2020, 0x38C1, 0x0842, 0x0842, 0x38C1, 0x2020, 0x2020, 0x2020, 0x2020, 0x2020, 0x2020,
        0x0000, 0x0000, 0x0000, 0x2020, 0x2020, 0x2020, 0x38C1, 0x0842, 0x0842, 0x38C1, 0x2020, 0x2020, 0x2020, 0x0000, 0x0000, 0x0000,
        0x0000, 0x0000, 0x0000, 0x0000, 0x0000, 0x38C1, 0x0842, 0x0842, 0x0842, 0x0842, 0x38C1, 0x0000, 0x0000, 0x0000, 0x0000, 0x0000,
        0x0000, 0x0000, 0x0000, 0x0000, 0x38C1, 0x0842, 0x0842, 0x0842, 0x0842, 0x0842, 0x0842, 0x38C1, 0x0000, 0x0000, 0x0000, 0x0000,
    },
    {
        0x0000, 0x0000, 0x0000, 0x2020, 0x2020, 0x2020, 0x2020, 0x2020, 0x2020, 0x2020, 0x2020, 0x2020, 0x2020, 0x0000, 0x0000, 0x0000,
        0x2020, 0x2020, 0x2020, 0x2020, 0x2020, 0x2020, 0x2020, 0x2020, 0x2020, 0x2020, 0x2020, 0x2020, 0x2020, 0x2020, 0x2020, 0x2020,
        0x2020, 0x2020, 0x2020, 0x2020, 0x4860, 0x4860, 0x4860, 0x4860, 0x88A0, 0x4860, 0x88A0, 0x4860, 0x2020, 0x2020, 0x2020, 0x2020,
        0x2020, 0x4860, 0x4860, 0x4860, 0x4860, 0xD1E0, 0xFC42, 0x4860, 0xFC42, 0xFC42, 0xD1E0, 0xD1E0, 0x4860, 0x4860, 0x4860, 0x2020,
        0x4860, 0x4860, 0x4860, 0xFC42, 0xFC42, 0xD1E0, 0xD1E0, 0xD1E0, 0xD1E0, 0x0800, 0xD1E0, 0xFC42, 0xFC42, 0xD1E0, 0x4860, 0x4860,
        0x4860, 0x4860, 0x4860, 0xD1E0, 0xD1E0, 0xFC42, 0xFC42, 0xFC42, 0xFF96, 0x0800, 0xFF96, 0xD1E0, 0xD1E0, 0x4860, 0x4860, 0x4860,
        0xD1E0, 0x4860, 0xD1E0, 0xD1E0, 0xFC42, 0xFC42, 0xFE47, 0xFE47, 0xFF96, 0x0800, 0xFF96, 0xFC42, 0xD1E0, 0xD1E0, 0xD1E0, 0x4860,
        0x4860, 0x88A0, 0xD1E0, 0xD1E0, 0xFC42, 0xFC42, 0xFE47, 0xFE47, 0xFF96, 0x0800, 0xFF96, 0xFC42, 0xD1E0, 0xD1E0, 0x4860, 0x4860,
        0x4860, 0x4860, 0xD1E0, 0xD1E0, 0xD1E0, 0xFC42, 0xFC42, 0xFC42, 0xFF96, 0x0800, 0xFF96, 0xD1E0, 0xD1E0, 0xD1E0, 0x4860, 0x4860,
        0x4860, 0x4860, 0x4860, 0x4860, 0xFC42, 0xD1E0, 0xD1E0, 0xD1E0, 0xD1E0, 0x0800, 0xD1E0, 0xFC42, 0xD1E0, 0x4860, 0x4860, 0x4860,
        0x2020, 0x4860, 0x4860, 0x4860, 0x4860, 0x4860, 0x4860, 0xD1E0, 0xD1E0, 0x4860, 0x4860, 0x4860, 0x4860, 0x4860, 0x4860, 0x2020,
        0x2020, 0x2020, 0x2020, 0x2020, 0x4860, 0x4860, 0x4860, 0x38C1, 0x38C1, 0x4860, 0x4860, 0x4860, 0x2020, 0x2020, 0x2020, 0x2020,
        0x2020, 0x2020, 0x2020, 0x2020, 0x2020, 0x2020, 0x38C1, 0x0842, 0x0842, 0x38C1, 0x2020, 0x2020, 0x2020, 0x2020, 0x2020, 0x2020,
        0x0000, 0x0000, 0x0000, 0x2020, 0x2020, 0x2020, 0x38C1, 0x0842, 0x0842, 0x38C1, 0x2020, 0x2020, 0x2020, 0x0000, 0x0000, 0x0000,
        0x0000, 0x0000, 0x0000, 0x0000, 0x0000, 0x38C1, 0x0842, 0x0842, 0x0842, 0x0842, 0x38C1, 0x0000, 0x0000, 0x0000, 0x0000, 0x0000,
        0x0000, 0x0000, 0x0000, 0x0000, 0x38C1, 0x0842, 0x0842, 0x0842, 0x0842, 0x0842, 0x0842, 0x38C1, 0x0000, 0x0000, 0x0000, 0x0000,
    },
    {
        0x0000, 0x0000, 0x0000, 0x1820, 0x1820, 0x1820, 0x1820, 0x1820, 0x1820, 0x1820, 0x1820, 0x1820, 0x1820, 0x0000, 0x0000, 0x0000,
        0x1820, 0x1820, 0x1820, 0x1820, 0x1820, 0x1820, 0x1820, 0x1820, 0x1820, 0x1820, 0x1820, 0x1820, 0x1820, 0x1820, 0x1820, 0x1820,
        0x1820, 0x1820, 0x1820, 0x1820, 0x4040, 0x4040, 0x4040, 0x4040, 0x88A0, 0x4040, 0x4040, 0x4040, 0x1820, 0x1820, 0x1820, 0x1820,
        0x1820, 0x4040, 0x4040, 0x88A0, 0x4040, 0xD1E0, 0x4040, 0xFC42, 0xFC42, 0xFC42, 0x4040, 0xD1E0, 0x4040, 0x4040, 0x4040, 0x1820,
        0x4040, 0x4040, 0x4040, 0x4040, 0x4040, 0xD1E0, 0xD1E0, 0xD1E0, 0x0800, 0xD1E0, 0xD1E0, 0xFC42, 0x4040, 0xD1E0, 0x4040, 0x4040,
        0x4040, 0xD1E0, 0xFC42, 0xD1E0, 0xD1E0, 0xFC42, 0xFC42, 0xFF96, 0x0800, 0xFF96, 0xFC42, 0xD1E0, 0xD1E0, 0xFC42, 0xD1E0, 0x88A0,
        0x4040, 0xD1E0, 0xD1E0, 0xD1E0, 0xFC42, 0xFC42, 0xFE47, 0xFF96, 0x0800, 0xFF96, 0xFC42, 0xFC42, 0xD1E0, 0xD1E0, 0xD1E0, 0xD1E0,
        0x4040, 0x88A0, 0xD1E0, 0xD1E0, 0xFC42, 0xFC42, 0xFE47, 0xFF96, 0x0800, 0xFF96, 0xFC42, 0xFC42, 0xD1E0, 0xD1E0, 0x4040, 0x4040,
        0x4040, 0x4040, 0xD1E0, 0xD1E0, 0xD1E0, 0xFC42, 0xFC42, 0xFF96, 0x0800, 0xFF96, 0xFC42, 0xD1E0, 0xD1E0, 0xD1E0, 0x4040, 0x4040,
        0x4040, 0x4040, 0x4040, 0xD1E0, 0xFC42, 0xD1E0, 0xD1E0, 0xD1E0, 0x0800, 0xD1E0, 0xD1E0, 0xFC42, 0x4040, 0x4040, 0x4040, 0x4040,
        0x1820, 0x4040, 0x4040, 0x4040, 0x4040, 0x4040, 0x4040, 0x4040, 0xD1E0, 0xD1E0, 0x4040, 0x4040, 0x4040, 0x4040, 0x4040, 0x1820,
        0x1820, 0x1820, 0x1820, 0x1820, 0x4040, 0x4040, 0x4040, 0x38C1, 0x38C1, 0x4040, 0x4040, 0x4040, 0x1820, 0x1820, 0x1820, 0x1820,
        0x1820, 0x1820, 0x1820, 0x1820, 0x1820, 0x1820, 0x38C1, 0x0842, 0x0842, 0x38C1, 0x1820, 0x1820, 0x1820, 0x1820, 0x1820, 0x1820,
        0x0000, 0x0000, 0x0000, 0x1820, 0x1820, 0x1820, 0x38C1, 0x0842, 0x0842, 0x38C1, 0x1820, 0x1820, 0x1820, 0x0000, 0x0000, 0x0000,
        0x0000, 0x0000, 0x0000, 0x0000, 0x0000, 0x38C1, 0x0842, 0x0842, 0x0842, 0x0842, 0x38C1, 0x0000, 0x0000, 0x0000, 0x0000, 0x0000,
        0x0000, 0x0000, 0x0000, 0x0000, 0x38C1, 0x0842, 0x0842, 0x0842, 0x0842, 0x0842, 0x0842, 0x38C1, 0x0000, 0x0000, 0x0000, 0x0000,
    },
    {
        0x0000, 0x0000, 0x0000, 0x1820, 0x1820, 0x1820, 0x1820, 0x1820, 0x1820, 0x1820, 0x1820, 0x1820, 0x1820, 0x0000, 0x0000, 0x0000,
        0x1820, 0x1820, 0x1820, 0x1820, 0x1820, 0x1820, 0x1820, 0x1820, 0x1820, 0x1820, 0x1820, 0x1820, 0x1820, 0x1820, 0x1820, 0x1820,
        0x1820, 0x1820, 0x1820, 0x1820, 0x4040, 0x88A0, 0x4040, 0x4040, 0x4040, 0x4040, 0x4040, 0x4040, 0x1820, 0x1820, 0x1820, 0x1820,
        0x1820, 0x4040, 0x4040, 0x4040, 0x4040, 0xD1E0, 0xFC42, 0xFC42, 0xFC42, 0x4040, 0x4040, 0x4040, 0x4040, 0x4040, 0x4040, 0x1820,
        0x4040, 0x4040, 0x4040, 0xFC42, 0xFC42, 0xD1E0, 0xD1E0, 0xD1E0, 0x0800, 0xD1E0, 0xD1E0, 0xFC42, 0xFC42, 0x4040, 0x4040, 0x4040,
        0x4040, 0xD1E0, 0xFC42, 0xD1E0, 0xD1E0, 0xFC42, 0xFC42, 0xFF96, 0x0800, 0xFF96, 0xFC42, 0xD1E0, 0xD1E0, 0xFC42, 0x4040, 0x4040,
        0x4040, 0x4040, 0xD1E0, 0xD1E0, 0xFC42, 0xFC42, 0xFE47, 0xFF96, 0x0800, 0xFF96, 0xFC42, 0xFC42, 0xD1E0, 0xD1E0, 0xD1E0, 0x4040,
        0x4040, 0x4040, 0xD1E0, 0xD1E0, 0xFC42, 0xFC42, 0xFE47, 0xFF96, 0x0800, 0xFF96, 0xFC42, 0xFC42, 0xD1E0, 0xD1E0, 0x4040, 0x4040,
        0x4040, 0x4040, 0xD1E0, 0xD1E0, 0xD1E0, 0xFC42, 0xFC42, 0xFF96, 0x0800, 0xFF96, 0xFC42, 0xD1E0, 0xD1E0, 0xD1E0, 0x4040, 0x4040,
        0x4040, 0x4040, 0x4040, 0x4040, 0xFC42, 0xD1E0, 0xD1E0, 0xD1E0, 0x0800, 0xD1E0, 0xD1E0, 0xFC42, 0x4040, 0x4040, 0x4040, 0x4040,
        0x1820, 0x4040, 0x4040, 0x4040, 0x4040, 0x4040, 0x4040, 0x4040, 0xD1E0, 0x4040, 0x4040, 0x4040, 0x4040, 0x4040, 0x4040, 0x1820,
        0x1820, 0x1820, 0x1820, 0x1820, 0x4040, 0x4040, 0x4040, 0x38C1, 0x38C1, 0x4040, 0x4040, 0x4040, 0x1820, 0x1820, 0x1820, 0x1820,
        0x1820, 0x1820, 0x1820, 0x1820, 0x1820, 0x1820, 0x38C1, 0x0842, 0x0842, 0x38C1, 0x1820, 0x1820, 0x1820, 0x1820, 0x1820, 0x1820,
        0x0000, 0x0000, 0x0000, 0x1820, 0x1820, 0x1820, 0x38C1, 0x0842, 0x0842, 0x38C1, 0x1820, 0x1820, 0x1820, 0x0000, 0x0000, 0x0000,
        0x0000, 0x0000, 0x0000, 0x0000, 0x0000, 0x38C1, 0x0842, 0x0842, 0x0842, 0x0842, 0x38C1, 0x0000, 0x0000, 0x0000, 0x0000, 0x0000,
        0x0000, 0x0000, 0x0000, 0x0000, 0x38C1, 0x0842, 0x0842, 0x0842, 0x0842, 0x0842, 0x0842, 0x38C1, 0x0000, 0x0000, 0x0000, 0x0000,
    },
    {
        0x0000, 0x0000, 0x0000, 0x1820, 0x1820, 0x1820, 0x1820, 0x1820, 0x1820, 0x1820, 0x1820, 0x1820, 0x1820, 0x0000, 0x0000, 0x0000,
        0x1820, 0x1820, 0x1820, 0x1820, 0x1820, 0x1820, 0x1820, 0x1820, 0x1820, 0x1820, 0x1820, 0x1820, 0x1820, 0x1820, 0x1820, 0x1820,
        0x1820, 0x1820, 0x1820, 0x1820, 0x3840, 0x3840, 0x3840, 0x3840, 0x3840, 0x88A0, 0x3840, 0x3840, 0x1820, 0x1820, 0x1820, 0x1820,
        0x1820, 0x3840, 0x3840, 0x3840, 0xD1E0, 0xD1E0, 0x3840, 0xFC42, 0x3840, 0x3840, 0x3840, 0x3840, 0x3840, 0x3840, 0x3840, 0x1820,
        0x3840, 0x3840, 0xD1E0, 0xFC42, 0x3840, 0xD1E0, 0xD1E0, 0x0800, 0xD1E0, 0xD1E0, 0xD1E0, 0xFC42, 0x3840, 0x3840, 0x3840, 0x3840,
        0x3840, 0xD1E0, 0xFC42, 0xD1E0, 0xD1E0, 0xFC42, 0xFF96, 0x0800, 0xFF96, 0xFC42, 0xFC42, 0xD1E0, 0xD1E0, 0xFC42, 0xD1E0, 0x3840,
        0xD1E0, 0xD1E0, 0xD1E0, 0xD1E0, 0xFC42, 0xFC42, 0xFF96, 0x0800, 0xFF96, 0xFE47, 0xFC42, 0xFC42, 0xD1E0, 0xD1E0, 0x3840, 0xD1E0,
        0x3840, 0x3840, 0xD1E0, 0xD1E0, 0xFC42, 0xFC42, 0xFF96, 0x0800, 0xFF96, 0xFE47, 0xFC42, 0xFC42, 0xD1E0, 0xD1E0, 0x3840, 0x3840,
        0x3840, 0x3840, 0xD1E0, 0xD1E0, 0xD1E0, 0xFC42, 0xFF96, 0x0800, 0xFF96, 0xFC42, 0xFC42, 0xD1E0, 0xD1E0, 0xD1E0, 0x3840, 0x3840,
        0x3840, 0x3840, 0x3840, 0x3840, 0xFC42, 0xD1E0, 0xD1E0, 0x0800, 0xD1E0, 0xD1E0, 0xD1E0, 0xFC42, 0xD1E0, 0x3840, 0x3840, 0x3840,
        0x1820, 0x3840, 0x3840, 0x3840, 0x3840, 0x3840, 0xD1E0, 0xD1E0, 0xD1E0, 0xD1E0, 0x3840, 0x3840, 0x3840, 0x3840, 0x3840, 0x1820,
        0x1820, 0x1820, 0x1820, 0x1820, 0x3840, 0x3840, 0x3840, 0x38C1, 0x38C1, 0x3840, 0x3840, 0x3840, 0x1820, 0x1820, 0x1820, 0x1820,
        0x1820, 0x1820, 0x1820, 0x1820, 0x1820, 0x1820, 0x38C1, 0x0842, 0x0842, 0x38C1, 0x1820, 0x1820, 0x1820, 0x1820, 0x1820, 0x1820,
        0x0000, 0x0000, 0x0000, 0x1820, 0x1820, 0x1820, 0x38C1, 0x0842, 0x0842, 0x38C1, 0x1820, 0x1820, 0x1820, 0x0000, 0x0000, 0x0000,
        0x0000, 0x0000, 0x0000, 0x0000, 0x0000, 0x38C1, 0x0842, 0x0842, 0x0842, 0x0842, 0x38C1, 0x0000, 0x0000, 0x0000, 0x0000, 0x0000,
        0x0000, 0x0000, 0x0000, 0x0000, 0x38C1, 0x0842, 0x0842, 0x0842, 0x0842, 0x0842, 0x0842, 0x38C1, 0x0000, 0x0000, 0x0000, 0x0000,
    },
    {
        0x0000, 0x0000, 0x0000, 0x1820, 0x1820, 0x1820, 0x1820, 0x1820, 0x1820, 0x1820, 0x1820, 0x1820, 0x1820, 0x0000, 0x0000, 0x0000,
        0x1820, 0x1820, 0x1820, 0x1820, 0x1820, 0x1820, 0x1820, 0x1820, 0x1820, 0x1820, 0x1820, 0x1820, 0x1820, 0x1820, 0x1820, 0x1820,
        0x1820, 0x1820, 0x1820, 0x1820, 0x3840, 0x3840, 0x3840, 0x3840, 0x3840, 0x3840, 0x88A0, 0x3840, 0x1820, 0x1820, 0x1820, 0x1820,
        0x1820, 0x3840, 0x3840, 0x3840, 0x3840, 0xD1E0, 0xFC42, 0xFC42, 0x3840, 0xFC42, 0x3840, 0x3840, 0x3840, 0x3840, 0x3840, 0x1820,
        0x3840, 0x88A0, 0x3840, 0xFC42, 0xFC42, 0xD1E0, 0xD1E0, 0x0800, 0xD1E0, 0xD1E0, 0xD1E0, 0xFC42, 0xFC42, 0x3840, 0x3840, 0x3840,
        0x3840, 0x3840, 0xFC42, 0xD1E0, 0xD1E0, 0xFC42, 0xFF96, 0x0800, 0xFF96, 0xFC42, 0xFC42, 0xD1E0, 0xD1E0, 0xFC42, 0xD1E0, 0x3840,
        0xD1E0, 0x3840, 0xD1E0, 0xD1E0, 0xFC42, 0xFC42, 0xFF96, 0x0800, 0xFF96, 0xFE47, 0xFC42, 0xFC42, 0xD1E0, 0xD1E0, 0xD1E0, 0x3840,
        0x3840, 0x3840, 0xD1E0, 0xD1E0, 0xFC42, 0xFC42, 0xFF96, 0x0800, 0xFF96, 0xFE47, 0xFC42, 0xFC42, 0xD1E0, 0xD1E0, 0x88A0, 0x3840,
        0x3840, 0x3840, 0x3840, 0xD1E0, 0xD1E0, 0xFC42, 0xFF96, 0x0800, 0xFF96, 0xFC42, 0xFC42, 0xD1E0, 0xD1E0, 0xD1E0, 0x3840, 0x3840,
        0x3840, 0x3840, 0x3840, 0x3840, 0xFC42, 0xD1E0, 0xD1E0, 0x0800, 0xD1E0, 0xD1E0, 0xD1E0, 0xFC42, 0xD1E0, 0x3840, 0x3840, 0x3840,
        0x1820, 0x3840, 0x3840, 0x3840, 0x3840, 0x3840, 0xD1E0, 0xD1E0, 0x3840, 0x3840, 0x88A0, 0x3840, 0x3840, 0x3840, 0x3840, 0x1820,
        0x1820, 0x1820, 0x1820, 0x1820, 0x3840, 0x3840, 0x3840, 0x38C1, 0x38C1, 0x3840, 0x3840, 0x3840, 0x1820, 0x1820, 0x1820, 0x1820,
        0x1820, 0x1820, 0x1820, 0x1820, 0x1820, 0x1820, 0x38C1, 0x0842, 0x0842, 0x38C1, 0x1820, 0x1820, 0x1820, 0x1820, 0x1820, 0x1820,
        0x0000, 0x0000, 0x0000, 0x1820, 0x1820, 0x1820, 0x38C1, 0x0842, 0x0842, 0x38C1, 0x1820, 0x1820, 0x1820, 0x0000, 0x0000, 0x0000,
        0x0000, 0x0000, 0x0000, 0x0000, 0x0000, 0x38C1, 0x0842, 0x0842, 0x0842, 0x0842, 0x38C1, 0x0000, 0x0000, 0x0000, 0x0000, 0x0000,
        0x0000, 0x0000, 0x0000, 0x0000, 0x38C1, 0x0842, 0x0842, 0x0842, 0x0842, 0x0842, 0x0842, 0x38C1, 0x0000, 0x0000, 0x0000, 0x0000,
    },
    {
        0x0000, 0x0000, 0x0000, 0x1020, 0x1020, 0x1020, 0x1020, 0x1020, 0x1020, 0x1020, 0x1020, 0x1020, 0x1020, 0x0000, 0x0000, 0x0000,
        0x1020, 0x1020, 0x1020, 0x1020, 0x1020, 0x1020, 0x1020, 0x1020, 0x1020, 0x1020, 0x1020, 0x1020, 0x1020, 0x1020, 0x1020, 0x1020,
        0x1020, 0x1020, 0x1020, 0x1020, 0x3840, 0x3840, 0x3840, 0x3840, 0x3840, 0x3840, 0x3840, 0x3840, 0x1020, 0x1020, 0x1020, 0x1020,
        0x1020, 0x3840, 0x3840, 0x88A0, 0x3840, 0xD1E0, 0xFC42, 0xFC42, 0xFC42, 0xFC42, 0xD1E0, 0xD1E0, 0x3840, 0x3840, 0x3840, 0x1020,
        0x3840, 0x3840, 0xD1E0, 0xFC42, 0xFC42, 0xD1E0, 0xD1E0, 0x0800, 0xD1E0, 0xD1E0, 0xD1E0, 0xFC42, 0xFC42, 0xD1E0, 0x88A0, 0x3840,
        0x3840, 0xD1E0, 0xFC42, 0xD1E0, 0xD1E0, 0xFC42, 0xFF96, 0x0800, 0xFF96, 0xFC42, 0xFC42, 0xD1E0, 0xD1E0, 0xFC42, 0x3840, 0x3840,
        0xD1E0, 0xD1E0, 0xD1E0, 0xD1E0, 0xFC42, 0xFC42, 0xFF96, 0x0800, 0xFF96, 0xFE47, 0xFC42, 0xFC42, 0xD1E0, 0xD1E0, 0xD1E0, 0xD1E0,
        0x3840, 0x88A0, 0xD1E0, 0xD1E0, 0xFC42, 0xFC42, 0xFF96, 0x0800, 0xFF96, 0xFE47, 0xFC42, 0xFC42, 0xD1E0, 0xD1E0, 0x88A0, 0x3840,
        0x3840, 0x3840, 0xD1E0, 0xD1E0, 0xD1E0, 0xFC42, 0xFF96, 0x0800, 0xFF96, 0xFC42, 0xFC42, 0xD1E0, 0xD1E0, 0x3840, 0x3840, 0x3840,
        0x3840, 0x3840, 0x3840, 0xD1E0, 0xFC42, 0xD1E0, 0xD1E0, 0x0800, 0xD1E0, 0xD1E0, 0xD1E0, 0xFC42, 0xD1E0, 0x3840, 0x3840, 0x3840,
        0x1020, 0x3840, 0x3840, 0x3840, 0x3840, 0x3840, 0x3840, 0x3840, 0xD1E0, 0x3840, 0x88A0, 0x3840, 0x3840, 0x3840, 0x3840, 0x1020,
        0x1020, 0x1020, 0x1020, 0x1020, 0x3840, 0x3840, 0x3840, 0x38C1, 0x38C1, 0x3840, 0x3840, 0x3840, 0x1020, 0x1020, 0x1020, 0x1020,
        0x1020, 0x1020, 0x1020, 0x1020, 0x1020, 0x1020, 0x38C1, 0x0842, 0x0842, 0x38C1, 0x1020, 0x1020, 0x1020, 0x1020, 0x1020, 0x1020,
        0x0000, 0x0000, 0x0000, 0x1020, 0x1020, 0x1020, 0x38C1, 0x0842, 0x0842, 0x38C1, 0x1020, 0x1020, 0x1020, 0x0000, 0x0000, 0x0000,
        0x0000, 0x0000, 0x0000, 0x0000, 0x0000, 0x38C1, 0x0842, 0x0842, 0x0842, 0x0842, 0x38C1, 0x0000, 0x0000, 0x0000, 0x0000, 0x0000,
        0x0000, 0x0000, 0x0000, 0x0000, 0x38C1, 0x0842, 0x0842, 0x0842, 0x0842, 0x0842, 0x0842, 0x38C1, 0x0000, 0x0000, 0x0000, 0x0000,
    },
    {
        0x0000, 0x0000, 0x0000, 0x1020, 0x1020, 0x1020, 0x1020, 0x1020, 0x1020, 0x1020, 0x1020, 0x1020, 0x1020, 0x0000, 0x0000, 0x0000,
        0x1020, 0x1020, 0x1020, 0x1020, 0x1020, 0x1020, 0x1020, 0x1020, 0x1020, 0x1020, 0x1020, 0x1020, 0x1020, 0x1020, 0x1020, 0x1020,
        0x1020, 0x1020, 0x1020, 0x1020, 0x3840, 0x3840, 0x3840, 0x3840, 0x3840, 0x3840, 0x3840, 0x3840, 0x1020, 0x1020, 0x1020, 0x1020,
        0x1020, 0x3840, 0x3840, 0x88A0, 0xD1E0, 0xD1E0, 0x3840, 0xFC42, 0x3840, 0xFC42, 0xD1E0, 0xD1E0, 0x3840, 0x3840, 0x3840, 0x1020,
        0x3840, 0x3840, 0xD1E0, 0x3840, 0xFC42, 0xD1E0, 0xD1E0, 0xD1E0, 0x0800, 0xD1E0, 0xD1E0, 0xFC42, 0x3840, 0x3840, 0x3840, 0x3840,
        0x88A0, 0xD1E0, 0xFC42, 0xD1E0, 0xD1E0, 0xFC42, 0xFC42, 0xFF96, 0x0800, 0xFF96, 0xFC42, 0xD1E0, 0xD1E0, 0xFC42, 0xD1E0, 0x3840,
        0x3840, 0x3840, 0xD1E0, 0xD1E0, 0xFC42, 0xFC42, 0xFE47, 0xFF96, 0x0800, 0xFF96, 0xFC42, 0xFC42, 0xD1E0, 0xD1E0, 0xD1E0, 0x3840,
        0x3840, 0x3840, 0xD1E0, 0xD1E0, 0xFC42, 0xFC42, 0xFE47, 0xFF96, 0x0800, 0xFF96, 0xFC42, 0xFC42, 0xD1E0, 0xD1E0, 0x3840, 0x3840,
        0x3840, 0x3840, 0x3840, 0xD1E0, 0xD1E0, 0xFC42, 0xFC42, 0xFF96, 0x0800, 0xFF96, 0xFC42, 0xD1E0, 0xD1E0, 0xD1E0, 0x3840, 0x3840,
        0x3840, 0x3840, 0x3840, 0x3840, 0xFC42, 0xD1E0, 0xD1E0, 0xD1E0, 0x0800, 0xD1E0, 0xD1E0, 0xFC42, 0x3840, 0x3840, 0x3840, 0x3840,
        0x1020, 0x3840, 0x3840, 0x3840, 0x3840, 0x3840, 0xD1E0, 0x3840, 0x3840, 0x3840, 0x3840, 0x3840, 0x3840, 0x3840, 0x3840, 0x1020,
        0x1020, 0x1020, 0x1020, 0x1020, 0x3840, 0x3840, 0x3840, 0x38C1, 0x38C1, 0x3840, 0x3840, 0x3840, 0x1020, 0x1020, 0x1020, 0x1020,
        0x1020, 0x1020, 0x1020, 0x1020, 0x1020, 0x1020, 0x38C1, 0x0842, 0x0842, 0x38C1, 0x1020, 0x1020, 0x1020, 0x1020, 0x1020, 0x1020,
        0x0000, 0x0000, 0x0000, 0x1020, 0x1020, 0x1020, 0x38C1, 0x0842, 0x0842, 0x38C1, 0x1020, 0x1020, 0x1020, 0x0000, 0x0000, 0x0000,
        0x0000, 0x0000, 0x0000, 0x0000, 0x0000, 0x38C1, 0x0842, 0x0842, 0x0842, 0x0842, 0x38C1, 0x0000, 0x0000, 0x0000, 0x0000, 0x0000,
        0x0000, 0x0000, 0x0000, 0x0000, 0x38C1, 0x0842, 0x0842, 0x0842, 0x0842, 0x0842, 0x0842, 0x38C1, 0x0000, 0x0000, 0x0000, 0x0000,
    },
    {
        0x0000, 0x0000, 0x0000, 0x1020, 0x1020, 0x1020, 0x1020, 0x1020, 0x1020, 0x1020, 0x1020, 0x1020, 0x1020, 0x0000, 0x0000, 0x0000,
        0x1020, 0x1020, 0x1020, 0x1020, 0x1020, 0x1020, 0x1020, 0x1020, 0x1020, 0x1020, 0x1020, 0x1020, 0x1020, 0x1020, 0x1020, 0x1020,
        0x1020, 0x1020, 0x1020, 0x1020, 0x3040, 0x88A0, 0x3040, 0x3040, 0x3040, 0x88A0, 0x3040, 0x3040, 0x1020, 0x1020, 0x1020, 0x1020,
        0x1020, 0x3040, 0x3040, 0x3040, 0xD1E0, 0xD1E0, 0x3040, 0x3040, 0xFC42, 0x3040, 0x3040, 0xD1E0, 0x3040, 0x3040, 0x3040, 0x1020,
        0x3040, 0x3040, 0x3040, 0x3040, 0xFC42, 0xD1E0, 0xD1E0, 0xD1E0, 0x0800, 0xD1E0, 0xD1E0, 0xFC42, 0xFC42, 0x3040, 0x3040, 0x3040,
        0x3040, 0xD1E0, 0x3040, 0xD1E0, 0xD1E0, 0xFC42, 0xFC42, 0xFF96, 0x0800, 0xFF96, 0xFC42, 0xD1E0, 0xD1E0, 0xFC42, 0xD1E0, 0x3040,
        0x3040, 0x3040, 0xD1E0, 0xD1E0, 0xFC42, 0xFC42, 0xFE47, 0xFF96, 0x0800, 0xFF96, 0xFC42, 0xFC42, 0xD1E0, 0xD1E0, 0x3040, 0xD1E0,
        0x3040, 0x88A0, 0xD1E0, 0xD1E0, 0xFC42, 0xFC42, 0xFE47, 0xFF96, 0x0800, 0xFF96, 0xFC42, 0xFC42, 0xD1E0, 0xD1E0, 0x3040, 0x3040,
        0x3040, 0x3040, 0xD1E0, 0xD1E0, 0xD1E0, 0xFC42, 0xFC42, 0xFF96, 0x0800, 0xFF96, 0xFC42, 0xD1E0, 0xD1E0, 0xD1E0, 0x3040, 0x3040,
        0x3040, 0x3040, 0x3040, 0x3040, 0xFC42, 0xD1E0, 0xD1E0, 0xD1E0, 0x0800, 0xD1E0, 0xD1E0, 0xFC42, 0x3040, 0x3040, 0x3040, 0x3040,
        0x1020, 0x3040, 0x3040, 0x3040, 0x3040, 0x3040, 0x3040, 0x3040, 0xD1E0, 0xD1E0, 0x3040, 0x3040, 0x3040, 0x3040, 0x3040, 0x1020,
        0x1020, 0x1020, 0x1020, 0x1020, 0x3040, 0x3040, 0x3040, 0x38C1, 0x38C1, 0x3040, 0x3040, 0x3040, 0x1020, 0x1020, 0x1020, 0x1020,
        0x1020, 0x1020, 0x1020, 0x1020, 0x1020, 0x1020, 0x38C1, 0x0842, 0x0842, 0x38C1, 0x1020, 0x1020, 0x1020, 0x1020, 0x1020, 0x1020,
        0x0000, 0x0000, 0x0000, 0x1020, 0x1020, 0x1020, 0x38C1, 0x0842, 0x0842, 0x38C1, 0x1020, 0x1020, 0x1020, 0x0000, 0x0000, 0x0000,
        0x0000, 0x0000, 0x0000, 0x0000, 0x0000, 0x38C1, 0x0842, 0x0842, 0x0842, 0x0842, 0x38C1, 0x0000, 0x0000, 0x0000, 0x0000, 0x0000,
        0x0000, 0x0000, 0x0000, 0x0000, 0x38C1, 0x0842, 0x0842, 0x0842, 0x0842, 0x0842, 0x0842, 0x38C1, 0x0000, 0x0000, 0x0000, 0x0000,
    },
};
