// 16x16 LED-matrix animation, 32 frames at 110 ms.
// Row-major, top-left origin. Generated -- do not edit by hand.
#pragma once
#include <stdint.h>

#define FOREST16_ANIM_W 16
#define FOREST16_ANIM_H 16
#define FOREST16_ANIM_FRAMES 32
#define FOREST16_ANIM_DELAY_MS 110

static const uint32_t forest16_anim_rgb888[32][256] = {
    {
        0x285826, 0x0A1C0E, 0x14361A, 0x14361A, 0xA86A28, 0x0A1C0E, 0x0A1C0E, 0x285826, 0x0A1C0E, 0x0A1C0E, 0x14361A, 0x285826, 0x0A1C0E, 0x0A1C0E, 0x0A1C0E, 0x14361A,
        0x0A1C0E, 0x285826, 0x0A1C0E, 0x0A1C0E, 0x0A1C0E, 0x0A1C0E, 0x0A1C0E, 0x285826, 0x518C34, 0x0A1C0E, 0x285826, 0x0A1C0E, 0x14361A, 0x593B22, 0x2A1B11, 0x14361A,
        0x0A1C0E, 0x2A1B11, 0x593B22, 0x14361A, 0x0A1C0E, 0x285826, 0x285826, 0x132A1C, 0x285826, 0x285826, 0x285826, 0x285826, 0x0A1C0E, 0x593B22, 0x2A1B11, 0x14361A,
        0x0A1C0E, 0x2A1B11, 0x593B22, 0x14361A, 0x14361A, 0x14361A, 0x132A1C, 0x132A1C, 0x132A1C, 0x285826, 0x132A1C, 0x285826, 0x0A1C0E, 0x593B22, 0x2A1B11, 0x0A1C0E,
        0x14361A, 0x2A1B11, 0x593B22, 0x07130D, 0x14361A, 0x132A1C, 0x132A1C, 0x132A1C, 0x132A1C, 0x325633, 0x3E6631, 0x213E23, 0x285826, 0x593B22, 0x2A1B11, 0x14361A,
        0x040A07, 0x2A1B11, 0x593B22, 0x07130D, 0x07130D, 0x132A1C, 0x1B1D18, 0x325633, 0x325633, 0x325633, 0x3E6631, 0xD2EE86, 0x132A1C, 0x593B22, 0x2A1B11, 0x14361A,
        0x040A07, 0x2A1B11, 0x593B22, 0x07130D, 0x07130D, 0x132A1C, 0x1B1D18, 0x325633, 0x325633, 0x3E6631, 0x1B1D18, 0x325633, 0x132A1C, 0x593B22, 0x2A1B11, 0x07130D,
        0x040A07, 0x2A1B11, 0x593B22, 0x07130D, 0x07130D, 0x132A1C, 0x1B1D18, 0x325633, 0x325633, 0x3E6631, 0x1B1D18, 0x325633, 0x3E6631, 0x593B22, 0x2A1B11, 0x07130D,
        0x040A07, 0x2A1B11, 0x593B22, 0x07130D, 0x07130D, 0x132A1C, 0x1B1D18, 0x325633, 0x3E6631, 0x213E23, 0x1B1D18, 0x325633, 0x3E6631, 0x593B22, 0x2A1B11, 0x07130D,
        0x040A07, 0x2A1B11, 0x593B22, 0x07130D, 0x07130D, 0x132A1C, 0x1B1D18, 0x132A1C, 0x3E6631, 0x213E23, 0x1B1D18, 0x213E23, 0x213E23, 0x593B22, 0x2A1B11, 0x07130D,
        0x040A07, 0x2A1B11, 0x593B22, 0x07130D, 0x07130D, 0x07130D, 0x1B1D18, 0x6E8A40, 0x213E23, 0x132A1C, 0x1B1D18, 0x213E23, 0x213E23, 0x593B22, 0x2A1B11, 0x07130D,
        0x040A07, 0x2A1B11, 0x593B22, 0x07130D, 0x203A16, 0x07130D, 0x1B1D18, 0x213E23, 0x213E23, 0x132A1C, 0x1B1D18, 0x203A16, 0x07130D, 0x593B22, 0x2A1B11, 0x07130D,
        0x040A07, 0x2A1B11, 0x593B22, 0x040A07, 0x091108, 0x07130D, 0x1B1D18, 0x213E23, 0x07130D, 0x07130D, 0x1B1D18, 0x6E8A40, 0x07130D, 0x593B22, 0x2A1B11, 0x040A07,
        0x040A07, 0x203A16, 0x593B22, 0x040A07, 0x203A16, 0x07130D, 0x1B1D18, 0x203A16, 0x07130D, 0x07130D, 0x203A16, 0x07130D, 0x07130D, 0x203A16, 0x2A1B11, 0x040A07,
        0x203A16, 0x091108, 0x203A16, 0x040A07, 0x091108, 0x203A16, 0x203A16, 0x091108, 0x07130D, 0x203A16, 0x091108, 0x203A16, 0x040A07, 0x091108, 0x203A16, 0x203A16,
        0x091108, 0x091108, 0x091108, 0x203A16, 0x091108, 0x091108, 0x091108, 0x091108, 0x203A16, 0x091108, 0x091108, 0x091108, 0x203A16, 0x091108, 0x091108, 0x091108,
    },
    {
        0x285826, 0x0A1C0E, 0x0A1C0E, 0x14361A, 0xA86A28, 0x0A1C0E, 0x0A1C0E, 0x285826, 0x0A1C0E, 0x0A1C0E, 0x14361A, 0x285826, 0x0A1C0E, 0x0A1C0E, 0x0A1C0E, 0x14361A,
        0x0A1C0E, 0x285826, 0x0A1C0E, 0x0A1C0E, 0x0A1C0E, 0x0A1C0E, 0x0A1C0E, 0x285826, 0x518C34, 0x0A1C0E, 0x285826, 0x0A1C0E, 0x14361A, 0x593B22, 0x2A1B11, 0x14361A,
        0x0A1C0E, 0x2A1B11, 0x593B22, 0x14361A, 0x0A1C0E, 0x285826, 0x14361A, 0x132A1C, 0x285826, 0x285826, 0x285826, 0x285826, 0x0A1C0E, 0x593B22, 0x2A1B11, 0x14361A,
        0x0A1C0E, 0x2A1B11, 0x593B22, 0x14361A, 0x14361A, 0x14361A, 0x132A1C, 0x132A1C, 0x132A1C, 0x285826, 0x132A1C, 0x518C34, 0x0A1C0E, 0x593B22, 0x2A1B11, 0x14361A,
        0x14361A, 0x2A1B11, 0x593B22, 0x07130D, 0x14361A, 0x132A1C, 0x132A1C, 0x132A1C, 0x132A1C, 0x325733, 0x3E6631, 0x223E23, 0x285826, 0x593B22, 0x2A1B11, 0x14361A,
        0x040A07, 0x2A1B11, 0x593B22, 0x07130D, 0x07130D, 0x132A1C, 0x1B1D18, 0x325733, 0x325733, 0x325733, 0x3E6631, 0x6E8A40, 0x132A1C, 0x593B22, 0x2A1B11, 0x14361A,
        0x040A07, 0x2A1B11, 0x593B22, 0x07130D, 0x07130D, 0x132A1C, 0x1B1D18, 0x325733, 0x325733, 0x3E6631, 0x1B1D18, 0x325733, 0x132A1C, 0x593B22, 0x2A1B11, 0x07130D,
        0x040A07, 0x2A1B11, 0x593B22, 0x07130D, 0x07130D, 0x132A1C, 0x1B1D18, 0x325733, 0x325733, 0x3E6631, 0x1B1D18, 0x325733, 0x3E6631, 0x593B22, 0x2A1B11, 0x07130D,
        0x040A07, 0x2A1B11, 0x593B22, 0x07130D, 0x07130D, 0x132A1C, 0x1B1D18, 0x325733, 0x3E6631, 0x223E23, 0x1B1D18, 0x325733, 0x3E6631, 0x593B22, 0x2A1B11, 0x07130D,
        0x040A07, 0x2A1B11, 0x593B22, 0x07130D, 0x07130D, 0x132A1C, 0x1B1D18, 0x132A1C, 0x3E6631, 0x223E23, 0x1B1D18, 0x223E23, 0x223E23, 0x593B22, 0x2A1B11, 0x07130D,
        0x040A07, 0x2A1B11, 0x593B22, 0x07130D, 0x07130D, 0x07130D, 0x1B1D18, 0xD2EE86, 0x223E23, 0x132A1C, 0x1B1D18, 0x223E23, 0x223E23, 0x593B22, 0x2A1B11, 0x07130D,
        0x040A07, 0x2A1B11, 0x593B22, 0x07130D, 0x203A16, 0x07130D, 0x1B1D18, 0x223E23, 0x223E23, 0x132A1C, 0x1B1D18, 0x203A16, 0x07130D, 0x593B22, 0x2A1B11, 0x07130D,
        0x040A07, 0x2A1B11, 0x593B22, 0x040A07, 0x091108, 0x07130D, 0x1B1D18, 0x223E23, 0x07130D, 0x07130D, 0x1B1D18, 0x6E8A40, 0x07130D, 0x593B22, 0x2A1B11, 0x040A07,
        0x040A07, 0x203A16, 0x593B22, 0x040A07, 0x203A16, 0x07130D, 0x1B1D18, 0x203A16, 0x07130D, 0x07130D, 0x203A16, 0x07130D, 0x07130D, 0x203A16, 0x2A1B11, 0x040A07,
        0x203A16, 0x091108, 0x203A16, 0x040A07, 0x091108, 0x203A16, 0x203A16, 0x091108, 0x07130D, 0x203A16, 0x091108, 0x203A16, 0x040A07, 0x091108, 0x203A16, 0x203A16,
        0x091108, 0x091108, 0x091108, 0x203A16, 0x091108, 0x091108, 0x091108, 0x091108, 0x203A16, 0x091108, 0x091108, 0x091108, 0x203A16, 0x091108, 0x091108, 0x091108,
    },
    {
        0x285826, 0x0A1C0E, 0x0A1C0E, 0x14361A, 0x285826, 0x0A1C0E, 0x0A1C0E, 0x285826, 0x0A1C0E, 0x0A1C0E, 0x14361A, 0x285826, 0x0A1C0E, 0x0A1C0E, 0x0A1C0E, 0x14361A,
        0x0A1C0E, 0x285826, 0x14361A, 0x0A1C0E, 0xA86A28, 0x0A1C0E, 0x0A1C0E, 0x285826, 0x518C34, 0x14361A, 0x285826, 0x0A1C0E, 0x14361A, 0x593B22, 0x2A1B11, 0x14361A,
        0x0A1C0E, 0x2A1B11, 0x593B22, 0x14361A, 0x0A1C0E, 0x285826, 0x14361A, 0x132A1C, 0x285826, 0x285826, 0x285826, 0x285826, 0x14361A, 0x593B22, 0x2A1B11, 0x14361A,
        0x0A1C0E, 0x2A1B11, 0x593B22, 0x14361A, 0x14361A, 0x14361A, 0x132A1C, 0x132A1C, 0x132A1C, 0x285826, 0x132A1C, 0x285826, 0x0A1C0E, 0x593B22, 0x2A1B11, 0x0A1C0E,
        0x14361A, 0x2A1B11, 0x593B22, 0x07130D, 0x14361A, 0x132A1C, 0x132A1C, 0x132A1C, 0x132A1C, 0x325833, 0x3F6731, 0x223F23, 0x285826, 0x593B22, 0x2A1B11, 0x14361A,
        0x040A07, 0x2A1B11, 0x593B22, 0x07130D, 0x07130D, 0x132A1C, 0x1B1D18, 0x325833, 0x325833, 0x325833, 0x3F6731, 0x6E8A40, 0x132A1C, 0x593B22, 0x2A1B11, 0x14361A,
        0x040A07, 0x2A1B11, 0x593B22, 0x07130D, 0x07130D, 0x132A1C, 0x1B1D18, 0x325833, 0x325833, 0x3F6731, 0x1B1D18, 0x325833, 0x132A1C, 0x593B22, 0x2A1B11, 0x07130D,
        0x040A07, 0x2A1B11, 0x593B22, 0x07130D, 0x07130D, 0x132A1C, 0x1B1D18, 0x325833, 0x325833, 0x3F6731, 0x1B1D18, 0x325833, 0x3F6731, 0x593B22, 0x2A1B11, 0x07130D,
        0x040A07, 0x2A1B11, 0x593B22, 0x07130D, 0x07130D, 0x132A1C, 0x1B1D18, 0x325833, 0x3F6731, 0x223F23, 0x1B1D18, 0x325833, 0x3F6731, 0x593B22, 0x2A1B11, 0x07130D,
        0x040A07, 0x2A1B11, 0x593B22, 0x07130D, 0x07130D, 0x132A1C, 0x1B1D18, 0x132A1C, 0x3F6731, 0x223F23, 0x1B1D18, 0x223F23, 0x223F23, 0x593B22, 0x2A1B11, 0x07130D,
        0x040A07, 0x2A1B11, 0x593B22, 0x07130D, 0x07130D, 0x07130D, 0x1B1D18, 0xD2EE86, 0x223F23, 0x132A1C, 0x1B1D18, 0x223F23, 0x223F23, 0x593B22, 0x2A1B11, 0x07130D,
        0x040A07, 0x2A1B11, 0x593B22, 0x07130D, 0x203A16, 0x07130D, 0x1B1D18, 0x223F23, 0x223F23, 0x132A1C, 0x1B1D18, 0x203A16, 0x07130D, 0x593B22, 0x2A1B11, 0x07130D,
        0x040A07, 0x2A1B11, 0x593B22, 0x040A07, 0x091108, 0x07130D, 0x1B1D18, 0x223F23, 0x07130D, 0x07130D, 0x1B1D18, 0x6E8A40, 0x07130D, 0x593B22, 0x2A1B11, 0x040A07,
        0x040A07, 0x203A16, 0x593B22, 0x040A07, 0x203A16, 0x07130D, 0x1B1D18, 0x203A16, 0x07130D, 0x07130D, 0x203A16, 0x07130D, 0x07130D, 0x203A16, 0x2A1B11, 0x040A07,
        0x203A16, 0x091108, 0x203A16, 0x040A07, 0x091108, 0x203A16, 0x203A16, 0x091108, 0x07130D, 0x203A16, 0x091108, 0x203A16, 0x040A07, 0x091108, 0x203A16, 0x203A16,
        0x091108, 0x091108, 0x091108, 0x203A16, 0x091108, 0x091108, 0x091108, 0x091108, 0x203A16, 0x091108, 0x091108, 0x091108, 0x203A16, 0x091108, 0x091108, 0x091108,
    },
    {
        0x285826, 0x0A1C0E, 0x0A1C0E, 0x14361A, 0x285826, 0x0A1C0E, 0x0A1C0E, 0x285826, 0x0A1C0E, 0x0A1C0E, 0x14361A, 0x285826, 0x0A1C0E, 0x0A1C0E, 0x0A1C0E, 0x285826,
        0x0A1C0E, 0x285826, 0x0A1C0E, 0x0A1C0E, 0xA86A28, 0x0A1C0E, 0x0A1C0E, 0x285826, 0x518C34, 0x0A1C0E, 0x285826, 0x0A1C0E, 0x14361A, 0x593B22, 0x2A1B11, 0x14361A,
        0x0A1C0E, 0x2A1B11, 0x593B22, 0x14361A, 0x0A1C0E, 0x285826, 0x14361A, 0x132A1C, 0x285826, 0x285826, 0x285826, 0x518C34, 0x0A1C0E, 0x593B22, 0x2A1B11, 0x14361A,
        0x0A1C0E, 0x2A1B11, 0x593B22, 0x14361A, 0x14361A, 0x14361A, 0x132A1C, 0x132A1C, 0x132A1C, 0x285826, 0x132A1C, 0x285826, 0x0A1C0E, 0x593B22, 0x2A1B11, 0x0A1C0E,
        0x14361A, 0x2A1B11, 0x593B22, 0x07130D, 0x14361A, 0x132A1C, 0x132A1C, 0x132A1C, 0x132A1C, 0x335934, 0x3F6731, 0x234023, 0x285826, 0x593B22, 0x2A1B11, 0x14361A,
        0x040A07, 0x2A1B11, 0x593B22, 0x07130D, 0x07130D, 0x132A1C, 0x1B1D18, 0x335934, 0x335934, 0x335934, 0x3F6731, 0xD2EE86, 0x132A1C, 0x593B22, 0x2A1B11, 0x14361A,
        0x040A07, 0x2A1B11, 0x593B22, 0x07130D, 0x07130D, 0x132A1C, 0x1B1D18, 0x335934, 0x335934, 0x3F6731, 0x1B1D18, 0x335934, 0x132A1C, 0x593B22, 0x2A1B11, 0x07130D,
        0x040A07, 0x2A1B11, 0x593B22, 0x07130D, 0x07130D, 0x132A1C, 0x1B1D18, 0x335934, 0x335934, 0x3F6731, 0x1B1D18, 0x335934, 0x3F6731, 0x593B22, 0x2A1B11, 0x07130D,
        0x040A07, 0x2A1B11, 0x593B22, 0x07130D, 0x07130D, 0x132A1C, 0x1B1D18, 0x335934, 0x3F6731, 0x234023, 0x1B1D18, 0x335934, 0x3F6731, 0x593B22, 0x2A1B11, 0x07130D,
        0x040A07, 0x2A1B11, 0x593B22, 0x07130D, 0x07130D, 0x132A1C, 0x1B1D18, 0x132A1C, 0x3F6731, 0x234023, 0x1B1D18, 0x234023, 0x234023, 0x593B22, 0x2A1B11, 0x07130D,
        0x040A07, 0x2A1B11, 0x593B22, 0x07130D, 0x07130D, 0x07130D, 0x1B1D18, 0x6E8A40, 0x234023, 0x132A1C, 0x1B1D18, 0x234023, 0x234023, 0x593B22, 0x2A1B11, 0x07130D,
        0x040A07, 0x2A1B11, 0x593B22, 0x07130D, 0x203A16, 0x07130D, 0x1B1D18, 0x234023, 0x234023, 0x132A1C, 0x1B1D18, 0x203A16, 0x07130D, 0x593B22, 0x2A1B11, 0x07130D,
        0x040A07, 0x2A1B11, 0x593B22, 0x040A07, 0x091108, 0x07130D, 0x1B1D18, 0x234023, 0x07130D, 0x07130D, 0x1B1D18, 0x6E8A40, 0x07130D, 0x593B22, 0x2A1B11, 0x040A07,
        0x040A07, 0x203A16, 0x593B22, 0x040A07, 0x203A16, 0x07130D, 0x1B1D18, 0x203A16, 0x07130D, 0x07130D, 0x203A16, 0x07130D, 0x07130D, 0x203A16, 0x2A1B11, 0x040A07,
        0x203A16, 0x091108, 0x203A16, 0x040A07, 0x091108, 0x203A16, 0x203A16, 0x091108, 0x07130D, 0x203A16, 0x091108, 0x203A16, 0x040A07, 0x091108, 0x203A16, 0x203A16,
        0x091108, 0x091108, 0x091108, 0x203A16, 0x091108, 0x091108, 0x091108, 0x091108, 0x203A16, 0x091108, 0x091108, 0x091108, 0x203A16, 0x091108, 0x091108, 0x091108,
    },
    {
        0x285826, 0x0A1C0E, 0x0A1C0E, 0x14361A, 0x285826, 0x0A1C0E, 0x0A1C0E, 0x285826, 0x0A1C0E, 0x0A1C0E, 0x14361A, 0x285826, 0x0A1C0E, 0x0A1C0E, 0x0A1C0E, 0x14361A,
        0x0A1C0E, 0x285826, 0x0A1C0E, 0x0A1C0E, 0x0A1C0E, 0x0A1C0E, 0x14361A, 0x285826, 0x518C34, 0x14361A, 0x285826, 0x0A1C0E, 0x14361A, 0x593B22, 0x2A1B11, 0x14361A,
        0x0A1C0E, 0x2A1B11, 0x593B22, 0x14361A, 0x0A1C0E, 0xA86A28, 0x14361A, 0x132A1C, 0x285826, 0x285826, 0x285826, 0x285826, 0x0A1C0E, 0x593B22, 0x2A1B11, 0x14361A,
        0x0A1C0E, 0x2A1B11, 0x593B22, 0x14361A, 0x14361A, 0x14361A, 0x132A1C, 0x132A1C, 0x132A1C, 0x285826, 0x132A1C, 0x285826, 0x0A1C0E, 0x593B22, 0x2A1B11, 0x0A1C0E,
        0x14361A, 0x2A1B11, 0x593B22, 0x07130D, 0x14361A, 0x132A1C, 0x132A1C, 0x132A1C, 0x132A1C, 0x355B35, 0x6E8A40, 0x244224, 0x285826, 0x593B22, 0x2A1B11, 0x14361A,
        0x040A07, 0x2A1B11, 0x593B22, 0x07130D, 0x07130D, 0x132A1C, 0x1B1D18, 0x355B35, 0x355B35, 0x355B35, 0x406932, 0x244224, 0x132A1C, 0x593B22, 0x2A1B11, 0x14361A,
        0x040A07, 0x2A1B11, 0x593B22, 0x07130D, 0x07130D, 0x132A1C, 0x1B1D18, 0x355B35, 0x355B35, 0x406932, 0x1B1D18, 0x355B35, 0x132A1C, 0x593B22, 0x2A1B11, 0x07130D,
        0x040A07, 0x2A1B11, 0x593B22, 0x07130D, 0x07130D, 0x132A1C, 0x1B1D18, 0x355B35, 0x355B35, 0x406932, 0x1B1D18, 0x355B35, 0x406932, 0x593B22, 0x2A1B11, 0x07130D,
        0x040A07, 0x2A1B11, 0x593B22, 0x07130D, 0x07130D, 0x132A1C, 0x1B1D18, 0x355B35, 0x406932, 0x244224, 0x1B1D18, 0x355B35, 0x406932, 0x593B22, 0x2A1B11, 0x07130D,
        0x040A07, 0x2A1B11, 0x593B22, 0x07130D, 0x07130D, 0x132A1C, 0x6E8A40, 0x132A1C, 0x406932, 0x244224, 0x1B1D18, 0x244224, 0x244224, 0x593B22, 0x2A1B11, 0x07130D,
        0x040A07, 0x2A1B11, 0x593B22, 0x07130D, 0x07130D, 0x07130D, 0x1B1D18, 0x244224, 0x244224, 0x132A1C, 0x1B1D18, 0x244224, 0x244224, 0x593B22, 0x2A1B11, 0x07130D,
        0x040A07, 0x2A1B11, 0x593B22, 0x07130D, 0x203A16, 0x07130D, 0x1B1D18, 0x244224, 0x244224, 0x132A1C, 0x1B1D18, 0xD2EE86, 0x07130D, 0x593B22, 0x2A1B11, 0x07130D,
        0x040A07, 0x2A1B11, 0x593B22, 0x040A07, 0x091108, 0x07130D, 0x1B1D18, 0x244224, 0x07130D, 0x07130D, 0x1B1D18, 0x091108, 0x07130D, 0x593B22, 0x2A1B11, 0x040A07,
        0x040A07, 0x203A16, 0x593B22, 0x040A07, 0x203A16, 0x07130D, 0x1B1D18, 0x203A16, 0x07130D, 0x07130D, 0x203A16, 0x07130D, 0x07130D, 0x203A16, 0x2A1B11, 0x040A07,
        0x203A16, 0x091108, 0x203A16, 0x040A07, 0x091108, 0x203A16, 0x203A16, 0x091108, 0x07130D, 0x203A16, 0x091108, 0x203A16, 0x040A07, 0x091108, 0x203A16, 0x203A16,
        0x091108, 0x091108, 0x091108, 0x203A16, 0x091108, 0x091108, 0x091108, 0x091108, 0x203A16, 0x091108, 0x091108, 0x091108, 0x203A16, 0x091108, 0x091108, 0x091108,
    },
    {
        0x285826, 0x0A1C0E, 0x0A1C0E, 0x14361A, 0x285826, 0x0A1C0E, 0x0A1C0E, 0x285826, 0x0A1C0E, 0x0A1C0E, 0x14361A, 0x285826, 0x0A1C0E, 0x0A1C0E, 0x0A1C0E, 0x14361A,
        0x0A1C0E, 0x285826, 0x0A1C0E, 0x0A1C0E, 0x0A1C0E, 0x0A1C0E, 0x0A1C0E, 0x285826, 0x518C34, 0x0A1C0E, 0x285826, 0x0A1C0E, 0x14361A, 0x593B22, 0x2A1B11, 0x14361A,
        0x0A1C0E, 0x2A1B11, 0x593B22, 0x14361A, 0x14361A, 0xA86A28, 0x14361A, 0x132A1C, 0x285826, 0x285826, 0x285826, 0x285826, 0x0A1C0E, 0x593B22, 0x2A1B11, 0x14361A,
        0x0A1C0E, 0x2A1B11, 0x593B22, 0x285826, 0x14361A, 0x14361A, 0x132A1C, 0x132A1C, 0x132A1C, 0x285826, 0x132A1C, 0x285826, 0x0A1C0E, 0x593B22, 0x2A1B11, 0x0A1C0E,
        0x14361A, 0x2A1B11, 0x593B22, 0x07130D, 0x14361A, 0x132A1C, 0x132A1C, 0x132A1C, 0x132A1C, 0x365D36, 0x6E8A40, 0x254425, 0x285826, 0x593B22, 0x2A1B11, 0x14361A,
        0x040A07, 0x2A1B11, 0x593B22, 0x07130D, 0x07130D, 0x132A1C, 0x1B1D18, 0x365D36, 0x365D36, 0x365D36, 0x416A32, 0x254425, 0x132A1C, 0x593B22, 0x2A1B11, 0x14361A,
        0x040A07, 0x2A1B11, 0x593B22, 0x07130D, 0x07130D, 0x132A1C, 0x1B1D18, 0x365D36, 0x365D36, 0x416A32, 0x1B1D18, 0x365D36, 0x132A1C, 0x593B22, 0x2A1B11, 0x07130D,
        0x040A07, 0x2A1B11, 0x593B22, 0x07130D, 0x07130D, 0x132A1C, 0x1B1D18, 0x365D36, 0x365D36, 0x416A32, 0x1B1D18, 0x365D36, 0x416A32, 0x593B22, 0x2A1B11, 0x07130D,
        0x040A07, 0x2A1B11, 0x593B22, 0x07130D, 0x07130D, 0x132A1C, 0x1B1D18, 0x365D36, 0x416A32, 0x254425, 0x1B1D18, 0x365D36, 0x416A32, 0x593B22, 0x2A1B11, 0x07130D,
        0x040A07, 0x2A1B11, 0x593B22, 0x07130D, 0x07130D, 0x132A1C, 0xD2EE86, 0x132A1C, 0x416A32, 0x254425, 0x1B1D18, 0x254425, 0x254425, 0x593B22, 0x2A1B11, 0x07130D,
        0x040A07, 0x2A1B11, 0x593B22, 0x07130D, 0x07130D, 0x07130D, 0x1B1D18, 0x254425, 0x254425, 0x132A1C, 0x1B1D18, 0x254425, 0x254425, 0x593B22, 0x2A1B11, 0x07130D,
        0x040A07, 0x2A1B11, 0x593B22, 0x07130D, 0x203A16, 0x07130D, 0x1B1D18, 0x254425, 0x254425, 0x132A1C, 0x1B1D18, 0xD2EE86, 0x07130D, 0x593B22, 0x2A1B11, 0x07130D,
        0x040A07, 0x2A1B11, 0x593B22, 0x040A07, 0x091108, 0x07130D, 0x1B1D18, 0x254425, 0x07130D, 0x07130D, 0x1B1D18, 0x091108, 0x07130D, 0x593B22, 0x2A1B11, 0x040A07,
        0x040A07, 0x203A16, 0x593B22, 0x040A07, 0x203A16, 0x07130D, 0x1B1D18, 0x203A16, 0x07130D, 0x07130D, 0x203A16, 0x07130D, 0x07130D, 0x203A16, 0x2A1B11, 0x040A07,
        0x203A16, 0x091108, 0x203A16, 0x040A07, 0x091108, 0x203A16, 0x203A16, 0x091108, 0x07130D, 0x203A16, 0x091108, 0x203A16, 0x040A07, 0x091108, 0x203A16, 0x203A16,
        0x091108, 0x091108, 0x091108, 0x203A16, 0x091108, 0x091108, 0x091108, 0x091108, 0x203A16, 0x091108, 0x091108, 0x091108, 0x203A16, 0x091108, 0x091108, 0x091108,
    },
    {
        0x285826, 0x0A1C0E, 0x0A1C0E, 0x14361A, 0x285826, 0x14361A, 0x0A1C0E, 0x285826, 0x14361A, 0x0A1C0E, 0x14361A, 0x285826, 0x0A1C0E, 0x0A1C0E, 0x0A1C0E, 0x14361A,
        0x0A1C0E, 0x285826, 0x0A1C0E, 0x0A1C0E, 0x0A1C0E, 0x0A1C0E, 0x0A1C0E, 0x285826, 0x518C34, 0x0A1C0E, 0x285826, 0x0A1C0E, 0x14361A, 0x593B22, 0x2A1B11, 0x14361A,
        0x0A1C0E, 0x2A1B11, 0x593B22, 0x14361A, 0x0A1C0E, 0x285826, 0x14361A, 0x132A1C, 0x285826, 0x285826, 0x285826, 0x285826, 0x0A1C0E, 0x593B22, 0x2A1B11, 0x14361A,
        0x0A1C0E, 0x2A1B11, 0x593B22, 0x14361A, 0x14361A, 0xA86A28, 0x132A1C, 0x132A1C, 0x132A1C, 0x285826, 0x132A1C, 0x285826, 0x0A1C0E, 0x593B22, 0x2A1B11, 0x0A1C0E,
        0x14361A, 0x2A1B11, 0x593B22, 0x07130D, 0x14361A, 0x132A1C, 0x132A1C, 0x132A1C, 0x132A1C, 0x386037, 0x6E8A40, 0x274625, 0x285826, 0x593B22, 0x2A1B11, 0x14361A,
        0x040A07, 0x2A1B11, 0x593B22, 0x07130D, 0x07130D, 0x132A1C, 0x1B1D18, 0x386037, 0x386037, 0x386037, 0x426B33, 0x274625, 0x132A1C, 0x593B22, 0x2A1B11, 0x14361A,
        0x040A07, 0x2A1B11, 0x593B22, 0x07130D, 0x07130D, 0x132A1C, 0x1B1D18, 0x386037, 0x386037, 0x426B33, 0x1B1D18, 0x386037, 0x132A1C, 0x593B22, 0x2A1B11, 0x07130D,
        0x040A07, 0x2A1B11, 0x593B22, 0x07130D, 0x07130D, 0x132A1C, 0x1B1D18, 0x386037, 0x386037, 0x426B33, 0x1B1D18, 0x386037, 0x426B33, 0x593B22, 0x2A1B11, 0x07130D,
        0x040A07, 0x2A1B11, 0x593B22, 0x07130D, 0x07130D, 0x132A1C, 0x1B1D18, 0x386037, 0x426B33, 0x274625, 0x1B1D18, 0x386037, 0x426B33, 0x593B22, 0x2A1B11, 0x07130D,
        0x040A07, 0x2A1B11, 0x593B22, 0x07130D, 0x07130D, 0x132A1C, 0xD2EE86, 0x132A1C, 0x426B33, 0x274625, 0x1B1D18, 0x274625, 0x274625, 0x593B22, 0x2A1B11, 0x07130D,
        0x040A07, 0x2A1B11, 0x593B22, 0x07130D, 0x07130D, 0x07130D, 0x1B1D18, 0x274625, 0x274625, 0x132A1C, 0x1B1D18, 0x274625, 0x274625, 0x593B22, 0x2A1B11, 0x07130D,
        0x040A07, 0x2A1B11, 0x593B22, 0x07130D, 0x203A16, 0x07130D, 0x1B1D18, 0x274625, 0x274625, 0x132A1C, 0x1B1D18, 0x6E8A40, 0x07130D, 0x593B22, 0x2A1B11, 0x07130D,
        0x040A07, 0x2A1B11, 0x593B22, 0x040A07, 0x091108, 0x07130D, 0x1B1D18, 0x274625, 0x07130D, 0x07130D, 0x1B1D18, 0x091108, 0x07130D, 0x593B22, 0x2A1B11, 0x040A07,
        0x040A07, 0x203A16, 0x593B22, 0x040A07, 0x203A16, 0x07130D, 0x1B1D18, 0x203A16, 0x07130D, 0x07130D, 0x203A16, 0x07130D, 0x07130D, 0x203A16, 0x2A1B11, 0x040A07,
        0x203A16, 0x091108, 0x203A16, 0x040A07, 0x091108, 0x203A16, 0x203A16, 0x091108, 0x07130D, 0x203A16, 0x091108, 0x203A16, 0x040A07, 0x091108, 0x203A16, 0x203A16,
        0x091108, 0x091108, 0x091108, 0x203A16, 0x091108, 0x091108, 0x091108, 0x091108, 0x203A16, 0x091108, 0x091108, 0x091108, 0x203A16, 0x091108, 0x091108, 0x091108,
    },
    {
        0x285826, 0x0A1C0E, 0x0A1C0E, 0x14361A, 0x285826, 0x0A1C0E, 0x0A1C0E, 0x285826, 0x0A1C0E, 0x0A1C0E, 0x14361A, 0x285826, 0x0A1C0E, 0x0A1C0E, 0x0A1C0E, 0x14361A,
        0x14361A, 0x285826, 0x0A1C0E, 0x0A1C0E, 0x0A1C0E, 0x0A1C0E, 0x0A1C0E, 0x285826, 0x518C34, 0x0A1C0E, 0x285826, 0x0A1C0E, 0x14361A, 0x593B22, 0x2A1B11, 0x14361A,
        0x0A1C0E, 0x2A1B11, 0x593B22, 0x14361A, 0x0A1C0E, 0x518C34, 0x14361A, 0x132A1C, 0x285826, 0x285826, 0x285826, 0x285826, 0x0A1C0E, 0x593B22, 0x2A1B11, 0x14361A,
        0x0A1C0E, 0x2A1B11, 0x593B22, 0x14361A, 0x14361A, 0xA86A28, 0x132A1C, 0x132A1C, 0x132A1C, 0x285826, 0x132A1C, 0x285826, 0x0A1C0E, 0x593B22, 0x2A1B11, 0x0A1C0E,
        0x14361A, 0x2A1B11, 0x593B22, 0x07130D, 0x14361A, 0x132A1C, 0x132A1C, 0x132A1C, 0x132A1C, 0x3A6239, 0x6E8A40, 0x284826, 0x285826, 0x593B22, 0x2A1B11, 0x14361A,
        0x040A07, 0x2A1B11, 0x593B22, 0x07130D, 0x07130D, 0x132A1C, 0x1B1D18, 0x3A6239, 0x3A6239, 0x3A6239, 0x446D34, 0x284826, 0x132A1C, 0x593B22, 0x2A1B11, 0x14361A,
        0x040A07, 0x2A1B11, 0x593B22, 0x07130D, 0x07130D, 0x132A1C, 0x1B1D18, 0x3A6239, 0x3A6239, 0x446D34, 0x1B1D18, 0x3A6239, 0x132A1C, 0x593B22, 0x2A1B11, 0x07130D,
        0x040A07, 0x2A1B11, 0x593B22, 0x07130D, 0x07130D, 0x132A1C, 0x1B1D18, 0x3A6239, 0x3A6239, 0x446D34, 0x1B1D18, 0x3A6239, 0x446D34, 0x593B22, 0x2A1B11, 0x07130D,
        0x040A07, 0x2A1B11, 0x593B22, 0x07130D, 0x07130D, 0x132A1C, 0x1B1D18, 0x3A6239, 0x446D34, 0x284826, 0x1B1D18, 0x3A6239, 0x446D34, 0x593B22, 0x2A1B11, 0x07130D,
        0x040A07, 0x2A1B11, 0x593B22, 0x07130D, 0x07130D, 0x132A1C, 0x6E8A40, 0x132A1C, 0x446D34, 0x284826, 0x1B1D18, 0x284826, 0x284826, 0x593B22, 0x2A1B11, 0x07130D,
        0x040A07, 0x2A1B11, 0x593B22, 0x07130D, 0x07130D, 0x07130D, 0x1B1D18, 0x284826, 0x284826, 0x132A1C, 0x1B1D18, 0x284826, 0x284826, 0x593B22, 0x2A1B11, 0x07130D,
        0x040A07, 0x2A1B11, 0x593B22, 0x07130D, 0x203A16, 0x07130D, 0x1B1D18, 0x284826, 0x284826, 0x132A1C, 0x1B1D18, 0x6E8A40, 0x07130D, 0x593B22, 0x2A1B11, 0x07130D,
        0x040A07, 0x2A1B11, 0x593B22, 0x040A07, 0x091108, 0x07130D, 0x1B1D18, 0x284826, 0x07130D, 0x07130D, 0x1B1D18, 0x091108, 0x07130D, 0x593B22, 0x2A1B11, 0x040A07,
        0x040A07, 0x203A16, 0x593B22, 0x040A07, 0x203A16, 0x07130D, 0x1B1D18, 0x203A16, 0x07130D, 0x07130D, 0x203A16, 0x07130D, 0x07130D, 0x203A16, 0x2A1B11, 0x040A07,
        0x203A16, 0x091108, 0x203A16, 0x040A07, 0x091108, 0x203A16, 0x203A16, 0x091108, 0x07130D, 0x203A16, 0x091108, 0x203A16, 0x040A07, 0x091108, 0x203A16, 0x203A16,
        0x091108, 0x091108, 0x091108, 0x203A16, 0x091108, 0x091108, 0x091108, 0x091108, 0x203A16, 0x091108, 0x091108, 0x091108, 0x203A16, 0x091108, 0x091108, 0x091108,
    },
    {
        0x285826, 0x0A1C0E, 0x0A1C0E, 0x14361A, 0x285826, 0x0A1C0E, 0x0A1C0E, 0x285826, 0x0A1C0E, 0x0A1C0E, 0x14361A, 0x285826, 0x0A1C0E, 0x0A1C0E, 0x0A1C0E, 0x14361A,
        0x0A1C0E, 0x285826, 0x0A1C0E, 0x0A1C0E, 0x14361A, 0x0A1C0E, 0x0A1C0E, 0x285826, 0x518C34, 0x0A1C0E, 0x285826, 0x0A1C0E, 0x14361A, 0x593B22, 0x2A1B11, 0x14361A,
        0x0A1C0E, 0x2A1B11, 0x593B22, 0x285826, 0x0A1C0E, 0x285826, 0x14361A, 0x132A1C, 0x285826, 0x285826, 0x285826, 0x285826, 0x0A1C0E, 0x593B22, 0x2A1B11, 0x14361A,
        0x0A1C0E, 0x2A1B11, 0x593B22, 0x14361A, 0x14361A, 0x14361A, 0x132A1C, 0x132A1C, 0x132A1C, 0x285826, 0x6E8A40, 0x285826, 0x0A1C0E, 0x593B22, 0x2A1B11, 0x0A1C0E,
        0x14361A, 0x2A1B11, 0x593B22, 0x07130D, 0xA86A28, 0x132A1C, 0x132A1C, 0x132A1C, 0x132A1C, 0x3C653A, 0x456F34, 0x2A4B27, 0x285826, 0x593B22, 0x2A1B11, 0x14361A,
        0x040A07, 0x2A1B11, 0x593B22, 0x07130D, 0x07130D, 0x132A1C, 0x1B1D18, 0x3C653A, 0x3C653A, 0x3C653A, 0x456F34, 0x2A4B27, 0x132A1C, 0x593B22, 0x2A1B11, 0x14361A,
        0x040A07, 0x2A1B11, 0x593B22, 0x07130D, 0x07130D, 0x132A1C, 0x1B1D18, 0x3C653A, 0x3C653A, 0x456F34, 0x1B1D18, 0x3C653A, 0x132A1C, 0x593B22, 0x2A1B11, 0x07130D,
        0x040A07, 0x2A1B11, 0x593B22, 0x07130D, 0x07130D, 0x132A1C, 0x1B1D18, 0x3C653A, 0x3C653A, 0x456F34, 0x1B1D18, 0x3C653A, 0x456F34, 0x593B22, 0x2A1B11, 0x07130D,
        0x040A07, 0x2A1B11, 0x593B22, 0x07130D, 0x07130D, 0x132A1C, 0x6E8A40, 0x3C653A, 0x456F34, 0x2A4B27, 0x1B1D18, 0x3C653A, 0x456F34, 0x593B22, 0x2A1B11, 0x07130D,
        0x040A07, 0x2A1B11, 0x593B22, 0x07130D, 0x07130D, 0x132A1C, 0x1B1D18, 0x132A1C, 0x456F34, 0x2A4B27, 0x1B1D18, 0x2A4B27, 0x2A4B27, 0x593B22, 0x2A1B11, 0x07130D,
        0x040A07, 0x2A1B11, 0x593B22, 0x07130D, 0x07130D, 0x07130D, 0x1B1D18, 0x2A4B27, 0x2A4B27, 0x132A1C, 0xD2EE86, 0x2A4B27, 0x2A4B27, 0x593B22, 0x2A1B11, 0x07130D,
        0x040A07, 0x2A1B11, 0x593B22, 0x07130D, 0x203A16, 0x07130D, 0x1B1D18, 0x2A4B27, 0x2A4B27, 0x132A1C, 0x1B1D18, 0x203A16, 0x07130D, 0x593B22, 0x2A1B11, 0x07130D,
        0x040A07, 0x2A1B11, 0x593B22, 0x040A07, 0x091108, 0x07130D, 0x1B1D18, 0x2A4B27, 0x07130D, 0x07130D, 0x1B1D18, 0x091108, 0x07130D, 0x593B22, 0x2A1B11, 0x040A07,
        0x040A07, 0x203A16, 0x593B22, 0x040A07, 0x203A16, 0x07130D, 0x1B1D18, 0x203A16, 0x07130D, 0x07130D, 0x203A16, 0x07130D, 0x07130D, 0x203A16, 0x2A1B11, 0x040A07,
        0x203A16, 0x091108, 0x203A16, 0x040A07, 0x091108, 0x203A16, 0x203A16, 0x091108, 0x07130D, 0x203A16, 0x091108, 0x203A16, 0x040A07, 0x091108, 0x203A16, 0x203A16,
        0x091108, 0x091108, 0x091108, 0x203A16, 0x091108, 0x091108, 0x091108, 0x091108, 0x203A16, 0x091108, 0x091108, 0x091108, 0x203A16, 0x091108, 0x091108, 0x091108,
    },
    {
        0x285826, 0x0A1C0E, 0x0A1C0E, 0x14361A, 0x285826, 0x0A1C0E, 0x0A1C0E, 0x285826, 0x0A1C0E, 0x0A1C0E, 0x14361A, 0x285826, 0x0A1C0E, 0x0A1C0E, 0x0A1C0E, 0x14361A,
        0x0A1C0E, 0x285826, 0x0A1C0E, 0x0A1C0E, 0x14361A, 0x0A1C0E, 0x0A1C0E, 0x285826, 0x518C34, 0x0A1C0E, 0x285826, 0x0A1C0E, 0x14361A, 0x593B22, 0x2A1B11, 0x14361A,
        0x0A1C0E, 0x2A1B11, 0x593B22, 0x14361A, 0x0A1C0E, 0x285826, 0x14361A, 0x132A1C, 0x285826, 0x285826, 0x285826, 0x285826, 0x14361A, 0x593B22, 0x2A1B11, 0x14361A,
        0x0A1C0E, 0x2A1B11, 0x593B22, 0x14361A, 0x14361A, 0x14361A, 0x132A1C, 0x132A1C, 0x132A1C, 0x285826, 0x6E8A40, 0x285826, 0x0A1C0E, 0x593B22, 0x2A1B11, 0x0A1C0E,
        0x14361A, 0x2A1B11, 0x593B22, 0x07130D, 0xA86A28, 0x132A1C, 0x132A1C, 0x132A1C, 0x132A1C, 0x3E683C, 0x467135, 0x2C4D28, 0x285826, 0x593B22, 0x2A1B11, 0x14361A,
        0x040A07, 0x2A1B11, 0x593B22, 0x07130D, 0x07130D, 0x132A1C, 0x1B1D18, 0x3E683C, 0x3E683C, 0x3E683C, 0x467135, 0x2C4D28, 0x132A1C, 0x593B22, 0x2A1B11, 0x14361A,
        0x040A07, 0x2A1B11, 0x593B22, 0x07130D, 0x07130D, 0x132A1C, 0x1B1D18, 0x3E683C, 0x3E683C, 0x467135, 0x1B1D18, 0x3E683C, 0x132A1C, 0x593B22, 0x2A1B11, 0x07130D,
        0x040A07, 0x2A1B11, 0x593B22, 0x07130D, 0x07130D, 0x132A1C, 0x1B1D18, 0x3E683C, 0x3E683C, 0x467135, 0x1B1D18, 0x3E683C, 0x467135, 0x593B22, 0x2A1B11, 0x07130D,
        0x040A07, 0x2A1B11, 0x593B22, 0x07130D, 0x07130D, 0x132A1C, 0xD2EE86, 0x3E683C, 0x467135, 0x2C4D28, 0x1B1D18, 0x3E683C, 0x467135, 0x593B22, 0x2A1B11, 0x07130D,
        0x040A07, 0x2A1B11, 0x593B22, 0x07130D, 0x07130D, 0x132A1C, 0x1B1D18, 0x132A1C, 0x467135, 0x2C4D28, 0x1B1D18, 0x2C4D28, 0x2C4D28, 0x593B22, 0x2A1B11, 0x07130D,
        0x040A07, 0x2A1B11, 0x593B22, 0x07130D, 0x07130D, 0x07130D, 0x1B1D18, 0x2C4D28, 0x2C4D28, 0x132A1C, 0xD2EE86, 0x2C4D28, 0x2C4D28, 0x593B22, 0x2A1B11, 0x07130D,
        0x040A07, 0x2A1B11, 0x593B22, 0x07130D, 0x203A16, 0x07130D, 0x1B1D18, 0x2C4D28, 0x2C4D28, 0x132A1C, 0x1B1D18, 0x203A16, 0x07130D, 0x593B22, 0x2A1B11, 0x07130D,
        0x040A07, 0x2A1B11, 0x593B22, 0x040A07, 0x091108, 0x07130D, 0x1B1D18, 0x2C4D28, 0x07130D, 0x07130D, 0x1B1D18, 0x091108, 0x07130D, 0x593B22, 0x2A1B11, 0x040A07,
        0x040A07, 0x203A16, 0x593B22, 0x040A07, 0x203A16, 0x07130D, 0x1B1D18, 0x203A16, 0x07130D, 0x07130D, 0x203A16, 0x07130D, 0x07130D, 0x203A16, 0x2A1B11, 0x040A07,
        0x203A16, 0x091108, 0x203A16, 0x040A07, 0x091108, 0x203A16, 0x203A16, 0x091108, 0x07130D, 0x203A16, 0x091108, 0x203A16, 0x040A07, 0x091108, 0x203A16, 0x203A16,
        0x091108, 0x091108, 0x091108, 0x203A16, 0x091108, 0x091108, 0x091108, 0x091108, 0x203A16, 0x091108, 0x091108, 0x091108, 0x203A16, 0x091108, 0x091108, 0x091108,
    },
    {
        0x285826, 0x0A1C0E, 0x0A1C0E, 0x14361A, 0x285826, 0x0A1C0E, 0x0A1C0E, 0x285826, 0x0A1C0E, 0x14361A, 0x14361A, 0x285826, 0x0A1C0E, 0x0A1C0E, 0x0A1C0E, 0x285826,
        0x0A1C0E, 0x285826, 0x0A1C0E, 0x0A1C0E, 0x0A1C0E, 0x0A1C0E, 0x0A1C0E, 0x285826, 0x518C34, 0x0A1C0E, 0x285826, 0x0A1C0E, 0x14361A, 0x593B22, 0x2A1B11, 0x14361A,
        0x0A1C0E, 0x2A1B11, 0x593B22, 0x14361A, 0x0A1C0E, 0x285826, 0x14361A, 0x132A1C, 0x518C34, 0x285826, 0x285826, 0x285826, 0x0A1C0E, 0x593B22, 0x2A1B11, 0x14361A,
        0x0A1C0E, 0x2A1B11, 0x593B22, 0x14361A, 0x14361A, 0x14361A, 0x132A1C, 0x132A1C, 0x132A1C, 0x285826, 0x6E8A40, 0x285826, 0x0A1C0E, 0x593B22, 0x2A1B11, 0x0A1C0E,
        0x14361A, 0x2A1B11, 0x593B22, 0x07130D, 0x14361A, 0x132A1C, 0x132A1C, 0x132A1C, 0x132A1C, 0x406B3D, 0x487236, 0x2E4F28, 0x285826, 0x593B22, 0x2A1B11, 0x14361A,
        0x040A07, 0x2A1B11, 0x593B22, 0x07130D, 0xA86A28, 0x132A1C, 0x1B1D18, 0x406B3D, 0x406B3D, 0x406B3D, 0x487236, 0x2E4F28, 0x132A1C, 0x593B22, 0x2A1B11, 0x14361A,
        0x040A07, 0x2A1B11, 0x593B22, 0x07130D, 0x07130D, 0x132A1C, 0x1B1D18, 0x406B3D, 0x406B3D, 0x487236, 0x1B1D18, 0x406B3D, 0x132A1C, 0x593B22, 0x2A1B11, 0x07130D,
        0x040A07, 0x2A1B11, 0x593B22, 0x07130D, 0x07130D, 0x132A1C, 0x1B1D18, 0x406B3D, 0x406B3D, 0x487236, 0x1B1D18, 0x406B3D, 0x487236, 0x593B22, 0x2A1B11, 0x07130D,
        0x040A07, 0x2A1B11, 0x593B22, 0x07130D, 0x07130D, 0x132A1C, 0xD2EE86, 0x406B3D, 0x487236, 0x2E4F28, 0x1B1D18, 0x406B3D, 0x487236, 0x593B22, 0x2A1B11, 0x07130D,
        0x040A07, 0x2A1B11, 0x593B22, 0x07130D, 0x07130D, 0x132A1C, 0x1B1D18, 0x132A1C, 0x487236, 0x2E4F28, 0x1B1D18, 0x2E4F28, 0x2E4F28, 0x593B22, 0x2A1B11, 0x07130D,
        0x040A07, 0x2A1B11, 0x593B22, 0x07130D, 0x07130D, 0x07130D, 0x1B1D18, 0x2E4F28, 0x2E4F28, 0x132A1C, 0x6E8A40, 0x2E4F28, 0x2E4F28, 0x593B22, 0x2A1B11, 0x07130D,
        0x040A07, 0x2A1B11, 0x593B22, 0x07130D, 0x203A16, 0x07130D, 0x1B1D18, 0x2E4F28, 0x2E4F28, 0x132A1C, 0x1B1D18, 0x203A16, 0x07130D, 0x593B22, 0x2A1B11, 0x07130D,
        0x040A07, 0x2A1B11, 0x593B22, 0x040A07, 0x091108, 0x07130D, 0x1B1D18, 0x2E4F28, 0x07130D, 0x07130D, 0x1B1D18, 0x091108, 0x07130D, 0x593B22, 0x2A1B11, 0x040A07,
        0x040A07, 0x203A16, 0x593B22, 0x040A07, 0x203A16, 0x07130D, 0x1B1D18, 0x203A16, 0x07130D, 0x07130D, 0x203A16, 0x07130D, 0x07130D, 0x203A16, 0x2A1B11, 0x040A07,
        0x203A16, 0x091108, 0x203A16, 0x040A07, 0x091108, 0x203A16, 0x203A16, 0x091108, 0x07130D, 0x203A16, 0x091108, 0x203A16, 0x040A07, 0x091108, 0x203A16, 0x203A16,
        0x091108, 0x091108, 0x091108, 0x203A16, 0x091108, 0x091108, 0x091108, 0x091108, 0x203A16, 0x091108, 0x091108, 0x091108, 0x203A16, 0x091108, 0x091108, 0x091108,
    },
    {
        0x285826, 0x0A1C0E, 0x0A1C0E, 0x14361A, 0x285826, 0x0A1C0E, 0x0A1C0E, 0x285826, 0x0A1C0E, 0x0A1C0E, 0x14361A, 0x285826, 0x0A1C0E, 0x0A1C0E, 0x0A1C0E, 0x14361A,
        0x0A1C0E, 0x285826, 0x0A1C0E, 0x0A1C0E, 0x0A1C0E, 0x0A1C0E, 0x0A1C0E, 0x285826, 0x518C34, 0x0A1C0E, 0x285826, 0x0A1C0E, 0x14361A, 0x593B22, 0x2A1B11, 0x14361A,
        0x0A1C0E, 0x2A1B11, 0x593B22, 0x14361A, 0x0A1C0E, 0x518C34, 0x14361A, 0x132A1C, 0x285826, 0x285826, 0x285826, 0x518C34, 0x0A1C0E, 0x593B22, 0x2A1B11, 0x14361A,
        0x0A1C0E, 0x2A1B11, 0x593B22, 0x14361A, 0x14361A, 0x14361A, 0x132A1C, 0x132A1C, 0x132A1C, 0x285826, 0x6E8A40, 0x285826, 0x0A1C0E, 0x593B22, 0x2A1B11, 0x0A1C0E,
        0x14361A, 0x2A1B11, 0x593B22, 0x07130D, 0x14361A, 0x132A1C, 0x132A1C, 0x132A1C, 0x132A1C, 0x416D3F, 0x497436, 0x2F5229, 0x285826, 0x593B22, 0x2A1B11, 0x14361A,
        0x040A07, 0x2A1B11, 0x593B22, 0x07130D, 0xA86A28, 0x132A1C, 0x1B1D18, 0x416D3F, 0x416D3F, 0x416D3F, 0x497436, 0x2F5229, 0x132A1C, 0x593B22, 0x2A1B11, 0x14361A,
        0x040A07, 0x2A1B11, 0x593B22, 0x07130D, 0x07130D, 0x132A1C, 0x1B1D18, 0x416D3F, 0x416D3F, 0x497436, 0x1B1D18, 0x416D3F, 0x132A1C, 0x593B22, 0x2A1B11, 0x07130D,
        0x040A07, 0x2A1B11, 0x593B22, 0x07130D, 0x07130D, 0x132A1C, 0x1B1D18, 0x416D3F, 0x416D3F, 0x497436, 0x1B1D18, 0x416D3F, 0x497436, 0x593B22, 0x2A1B11, 0x07130D,
        0x040A07, 0x2A1B11, 0x593B22, 0x07130D, 0x07130D, 0x132A1C, 0x6E8A40, 0x416D3F, 0x497436, 0x2F5229, 0x1B1D18, 0x416D3F, 0x497436, 0x593B22, 0x2A1B11, 0x07130D,
        0x040A07, 0x2A1B11, 0x593B22, 0x07130D, 0x07130D, 0x132A1C, 0x1B1D18, 0x132A1C, 0x497436, 0x2F5229, 0x1B1D18, 0x2F5229, 0x2F5229, 0x593B22, 0x2A1B11, 0x07130D,
        0x040A07, 0x2A1B11, 0x593B22, 0x07130D, 0x07130D, 0x07130D, 0x1B1D18, 0x2F5229, 0x2F5229, 0x132A1C, 0x6E8A40, 0x2F5229, 0x2F5229, 0x593B22, 0x2A1B11, 0x07130D,
        0x040A07, 0x2A1B11, 0x593B22, 0x07130D, 0x203A16, 0x07130D, 0x1B1D18, 0x2F5229, 0x2F5229, 0x132A1C, 0x1B1D18, 0x203A16, 0x07130D, 0x593B22, 0x2A1B11, 0x07130D,
        0x040A07, 0x2A1B11, 0x593B22, 0x040A07, 0x091108, 0x07130D, 0x1B1D18, 0x2F5229, 0x07130D, 0x07130D, 0x1B1D18, 0x091108, 0x07130D, 0x593B22, 0x2A1B11, 0x040A07,
        0x040A07, 0x203A16, 0x593B22, 0x040A07, 0x203A16, 0x07130D, 0x1B1D18, 0x203A16, 0x07130D, 0x07130D, 0x203A16, 0x07130D, 0x07130D, 0x203A16, 0x2A1B11, 0x040A07,
        0x203A16, 0x091108, 0x203A16, 0x040A07, 0x091108, 0x203A16, 0x203A16, 0x091108, 0x07130D, 0x203A16, 0x091108, 0x203A16, 0x040A07, 0x091108, 0x203A16, 0x203A16,
        0x091108, 0x091108, 0x091108, 0x203A16, 0x091108, 0x091108, 0x091108, 0x091108, 0x203A16, 0x091108, 0x091108, 0x091108, 0x203A16, 0x091108, 0x091108, 0x091108,
    },
    {
        0x285826, 0x0A1C0E, 0x0A1C0E, 0x14361A, 0x285826, 0x0A1C0E, 0x0A1C0E, 0x285826, 0x0A1C0E, 0x0A1C0E, 0x14361A, 0x518C34, 0x0A1C0E, 0x14361A, 0x0A1C0E, 0x14361A,
        0x0A1C0E, 0x285826, 0x0A1C0E, 0x0A1C0E, 0x0A1C0E, 0x0A1C0E, 0x0A1C0E, 0x285826, 0x518C34, 0x0A1C0E, 0x518C34, 0x0A1C0E, 0x14361A, 0x593B22, 0x2A1B11, 0x14361A,
        0x0A1C0E, 0x2A1B11, 0x593B22, 0x14361A, 0x0A1C0E, 0x285826, 0x14361A, 0x132A1C, 0x285826, 0x285826, 0x518C34, 0x285826, 0x0A1C0E, 0x593B22, 0x2A1B11, 0x14361A,
        0x0A1C0E, 0x2A1B11, 0x593B22, 0x14361A, 0x14361A, 0x14361A, 0x132A1C, 0x132A1C, 0x132A1C, 0x285826, 0x132A1C, 0x518C34, 0x14361A, 0x593B22, 0x2A1B11, 0x0A1C0E,
        0x14361A, 0x2A1B11, 0x593B22, 0x07130D, 0x285826, 0x132A1C, 0x132A1C, 0x132A1C, 0x132A1C, 0x437040, 0x4A7537, 0x30532A, 0x285826, 0x593B22, 0x2A1B11, 0x14361A,
        0x040A07, 0x2A1B11, 0x593B22, 0x07130D, 0x07130D, 0x132A1C, 0x1B1D18, 0x437040, 0x437040, 0x437040, 0x4A7537, 0x30532A, 0x132A1C, 0x593B22, 0x2A1B11, 0x14361A,
        0x040A07, 0x2A1B11, 0x593B22, 0x07130D, 0x07130D, 0xA86A28, 0x1B1D18, 0x437040, 0x437040, 0x4A7537, 0x1B1D18, 0x437040, 0x132A1C, 0x593B22, 0x2A1B11, 0x07130D,
        0x040A07, 0x2A1B11, 0x593B22, 0x07130D, 0x07130D, 0x6E8A40, 0x1B1D18, 0x437040, 0x437040, 0x4A7537, 0x1B1D18, 0x437040, 0x4A7537, 0x593B22, 0x2A1B11, 0x07130D,
        0x040A07, 0x2A1B11, 0x593B22, 0x07130D, 0x07130D, 0x132A1C, 0x1B1D18, 0x437040, 0x4A7537, 0x30532A, 0x1B1D18, 0x437040, 0x4A7537, 0x593B22, 0x2A1B11, 0x07130D,
        0x040A07, 0x2A1B11, 0x593B22, 0x07130D, 0x07130D, 0x132A1C, 0x1B1D18, 0x132A1C, 0x4A7537, 0x30532A, 0xD2EE86, 0x30532A, 0x30532A, 0x593B22, 0x2A1B11, 0x07130D,
        0x040A07, 0x2A1B11, 0x593B22, 0x07130D, 0x07130D, 0x07130D, 0x1B1D18, 0x30532A, 0x30532A, 0x132A1C, 0x1B1D18, 0x30532A, 0x30532A, 0x6E8A40, 0x2A1B11, 0x07130D,
        0x040A07, 0x2A1B11, 0x593B22, 0x07130D, 0x203A16, 0x07130D, 0x1B1D18, 0x30532A, 0x30532A, 0x132A1C, 0x1B1D18, 0x203A16, 0x07130D, 0x593B22, 0x2A1B11, 0x07130D,
        0x040A07, 0x2A1B11, 0x593B22, 0x040A07, 0x091108, 0x07130D, 0x1B1D18, 0x30532A, 0x07130D, 0x07130D, 0x1B1D18, 0x091108, 0x07130D, 0x593B22, 0x2A1B11, 0x040A07,
        0x040A07, 0x203A16, 0x593B22, 0x040A07, 0x203A16, 0x07130D, 0x1B1D18, 0x203A16, 0x07130D, 0x07130D, 0x203A16, 0x07130D, 0x07130D, 0x203A16, 0x2A1B11, 0x040A07,
        0x203A16, 0x091108, 0x203A16, 0x040A07, 0x091108, 0x203A16, 0x203A16, 0x091108, 0x07130D, 0x203A16, 0x091108, 0x203A16, 0x040A07, 0x091108, 0x203A16, 0x203A16,
        0x091108, 0x091108, 0x091108, 0x203A16, 0x091108, 0x091108, 0x091108, 0x091108, 0x203A16, 0x091108, 0x091108, 0x091108, 0x203A16, 0x091108, 0x091108, 0x091108,
    },
    {
        0x285826, 0x0A1C0E, 0x0A1C0E, 0x14361A, 0x285826, 0x14361A, 0x0A1C0E, 0x285826, 0x0A1C0E, 0x0A1C0E, 0x14361A, 0x285826, 0x0A1C0E, 0x0A1C0E, 0x0A1C0E, 0x14361A,
        0x0A1C0E, 0x518C34, 0x0A1C0E, 0x0A1C0E, 0x0A1C0E, 0x0A1C0E, 0x0A1C0E, 0x285826, 0x518C34, 0x0A1C0E, 0x518C34, 0x0A1C0E, 0x14361A, 0x593B22, 0x2A1B11, 0x14361A,
        0x0A1C0E, 0x2A1B11, 0x593B22, 0x14361A, 0x0A1C0E, 0x518C34, 0x14361A, 0x132A1C, 0x285826, 0x285826, 0x285826, 0x285826, 0x0A1C0E, 0x593B22, 0x2A1B11, 0x14361A,
        0x0A1C0E, 0x2A1B11, 0x593B22, 0x14361A, 0x14361A, 0x285826, 0x132A1C, 0x132A1C, 0x132A1C, 0x285826, 0x132A1C, 0x518C34, 0x0A1C0E, 0x593B22, 0x2A1B11, 0x14361A,
        0x14361A, 0x2A1B11, 0x593B22, 0x07130D, 0x14361A, 0x132A1C, 0x132A1C, 0x132A1C, 0x132A1C, 0x447241, 0x4B7637, 0x32552A, 0x285826, 0x593B22, 0x2A1B11, 0x14361A,
        0x040A07, 0x2A1B11, 0x593B22, 0x07130D, 0x07130D, 0x132A1C, 0x1B1D18, 0x447241, 0x447241, 0x447241, 0x4B7637, 0x32552A, 0x132A1C, 0x593B22, 0x2A1B11, 0x14361A,
        0x040A07, 0x2A1B11, 0x593B22, 0x07130D, 0x07130D, 0xA86A28, 0x1B1D18, 0x447241, 0x447241, 0x4B7637, 0x1B1D18, 0x447241, 0x132A1C, 0x593B22, 0x2A1B11, 0x07130D,
        0x040A07, 0x2A1B11, 0x593B22, 0x07130D, 0x07130D, 0x6E8A40, 0x1B1D18, 0x447241, 0x447241, 0x4B7637, 0x1B1D18, 0x447241, 0x4B7637, 0x593B22, 0x2A1B11, 0x07130D,
        0x040A07, 0x2A1B11, 0x593B22, 0x07130D, 0x07130D, 0x132A1C, 0x1B1D18, 0x447241, 0x4B7637, 0x32552A, 0x1B1D18, 0x447241, 0x4B7637, 0x593B22, 0x2A1B11, 0x07130D,
        0x040A07, 0x2A1B11, 0x593B22, 0x07130D, 0x07130D, 0x132A1C, 0x1B1D18, 0x132A1C, 0x4B7637, 0x32552A, 0xD2EE86, 0x32552A, 0x32552A, 0x593B22, 0x2A1B11, 0x07130D,
        0x040A07, 0x2A1B11, 0x593B22, 0x07130D, 0x07130D, 0x07130D, 0x1B1D18, 0x32552A, 0x32552A, 0x132A1C, 0x1B1D18, 0x32552A, 0x32552A, 0x6E8A40, 0x2A1B11, 0x07130D,
        0x040A07, 0x2A1B11, 0x593B22, 0x07130D, 0x203A16, 0x07130D, 0x1B1D18, 0x32552A, 0x32552A, 0x132A1C, 0x1B1D18, 0x203A16, 0x07130D, 0x593B22, 0x2A1B11, 0x07130D,
        0x040A07, 0x2A1B11, 0x593B22, 0x040A07, 0x091108, 0x07130D, 0x1B1D18, 0x32552A, 0x07130D, 0x07130D, 0x1B1D18, 0x091108, 0x07130D, 0x593B22, 0x2A1B11, 0x040A07,
        0x040A07, 0x203A16, 0x593B22, 0x040A07, 0x203A16, 0x07130D, 0x1B1D18, 0x203A16, 0x07130D, 0x07130D, 0x203A16, 0x07130D, 0x07130D, 0x203A16, 0x2A1B11, 0x040A07,
        0x203A16, 0x091108, 0x203A16, 0x040A07, 0x091108, 0x203A16, 0x203A16, 0x091108, 0x07130D, 0x203A16, 0x091108, 0x203A16, 0x040A07, 0x091108, 0x203A16, 0x203A16,
        0x091108, 0x091108, 0x091108, 0x203A16, 0x091108, 0x091108, 0x091108, 0x091108, 0x203A16, 0x091108, 0x091108, 0x091108, 0x203A16, 0x091108, 0x091108, 0x091108,
    },
    {
        0x285826, 0x0A1C0E, 0x0A1C0E, 0x14361A, 0x285826, 0x0A1C0E, 0x0A1C0E, 0x285826, 0x0A1C0E, 0x0A1C0E, 0x14361A, 0x285826, 0x0A1C0E, 0x0A1C0E, 0x0A1C0E, 0x14361A,
        0x14361A, 0x518C34, 0x0A1C0E, 0x0A1C0E, 0x0A1C0E, 0x0A1C0E, 0x0A1C0E, 0x285826, 0x518C34, 0x0A1C0E, 0x285826, 0x0A1C0E, 0x14361A, 0x593B22, 0x2A1B11, 0x14361A,
        0x0A1C0E, 0x2A1B11, 0x593B22, 0x14361A, 0x0A1C0E, 0x285826, 0x14361A, 0x132A1C, 0x285826, 0x285826, 0x285826, 0x285826, 0x0A1C0E, 0x593B22, 0x2A1B11, 0x14361A,
        0x0A1C0E, 0x2A1B11, 0x593B22, 0x14361A, 0x14361A, 0x14361A, 0x132A1C, 0x132A1C, 0x132A1C, 0x285826, 0x132A1C, 0x285826, 0x0A1C0E, 0x593B22, 0x2A1B11, 0x0A1C0E,
        0x14361A, 0x2A1B11, 0x593B22, 0x07130D, 0x14361A, 0x132A1C, 0x132A1C, 0x132A1C, 0x132A1C, 0x457341, 0x4B7738, 0x32562B, 0x285826, 0x593B22, 0x2A1B11, 0x14361A,
        0x040A07, 0x2A1B11, 0x593B22, 0x07130D, 0x07130D, 0x132A1C, 0x1B1D18, 0x457341, 0x457341, 0x457341, 0x4B7738, 0x32562B, 0x132A1C, 0x593B22, 0x2A1B11, 0x14361A,
        0x040A07, 0x2A1B11, 0x593B22, 0x07130D, 0x07130D, 0x132A1C, 0x1B1D18, 0x457341, 0x457341, 0x4B7738, 0x1B1D18, 0x457341, 0x132A1C, 0x593B22, 0x2A1B11, 0x07130D,
        0x040A07, 0x2A1B11, 0x593B22, 0x07130D, 0x07130D, 0x6E8A40, 0x1B1D18, 0x457341, 0x457341, 0x4B7738, 0x1B1D18, 0x457341, 0x4B7738, 0x593B22, 0x2A1B11, 0x07130D,
        0x040A07, 0x2A1B11, 0x593B22, 0x07130D, 0x07130D, 0x132A1C, 0x1B1D18, 0x457341, 0x4B7738, 0x32562B, 0x1B1D18, 0x457341, 0x4B7738, 0x593B22, 0x2A1B11, 0x07130D,
        0x040A07, 0x2A1B11, 0x593B22, 0x07130D, 0x07130D, 0x132A1C, 0x1B1D18, 0x132A1C, 0x4B7738, 0x32562B, 0x6E8A40, 0x32562B, 0x32562B, 0x593B22, 0x2A1B11, 0x07130D,
        0x040A07, 0x2A1B11, 0x593B22, 0x07130D, 0x07130D, 0x07130D, 0x1B1D18, 0x32562B, 0x32562B, 0x132A1C, 0x1B1D18, 0x32562B, 0x32562B, 0x6E8A40, 0x2A1B11, 0x07130D,
        0x040A07, 0x2A1B11, 0x593B22, 0x07130D, 0x203A16, 0x07130D, 0x1B1D18, 0x32562B, 0x32562B, 0x132A1C, 0x1B1D18, 0x203A16, 0x07130D, 0x593B22, 0x2A1B11, 0x07130D,
        0x040A07, 0x2A1B11, 0x593B22, 0x040A07, 0x091108, 0x07130D, 0x1B1D18, 0x32562B, 0x07130D, 0x07130D, 0x1B1D18, 0x091108, 0x07130D, 0x593B22, 0x2A1B11, 0x040A07,
        0x040A07, 0x203A16, 0x593B22, 0x040A07, 0x203A16, 0x07130D, 0x1B1D18, 0x203A16, 0x07130D, 0x07130D, 0x203A16, 0x07130D, 0x07130D, 0x203A16, 0x2A1B11, 0x040A07,
        0x203A16, 0x091108, 0x203A16, 0x040A07, 0x091108, 0x203A16, 0x203A16, 0x091108, 0x07130D, 0x203A16, 0x091108, 0x203A16, 0x040A07, 0x091108, 0x203A16, 0x203A16,
        0x091108, 0x091108, 0x091108, 0x203A16, 0x091108, 0x091108, 0x091108, 0x091108, 0x203A16, 0x091108, 0x091108, 0x091108, 0x203A16, 0x091108, 0x091108, 0x091108,
    },
    {
        0x285826, 0x0A1C0E, 0x0A1C0E, 0x14361A, 0x285826, 0x0A1C0E, 0x0A1C0E, 0x285826, 0x0A1C0E, 0x0A1C0E, 0x14361A, 0x285826, 0x0A1C0E, 0x0A1C0E, 0x0A1C0E, 0x14361A,
        0x0A1C0E, 0x285826, 0x0A1C0E, 0x0A1C0E, 0x0A1C0E, 0x0A1C0E, 0x0A1C0E, 0x285826, 0x518C34, 0x0A1C0E, 0x285826, 0x0A1C0E, 0x14361A, 0x593B22, 0x2A1B11, 0x14361A,
        0x14361A, 0x2A1B11, 0x593B22, 0x285826, 0x0A1C0E, 0x285826, 0x14361A, 0x132A1C, 0x285826, 0x285826, 0x285826, 0x285826, 0x0A1C0E, 0x593B22, 0x2A1B11, 0x14361A,
        0x14361A, 0x2A1B11, 0x593B22, 0x14361A, 0x14361A, 0x14361A, 0x132A1C, 0x132A1C, 0x132A1C, 0x285826, 0x132A1C, 0x285826, 0x0A1C0E, 0x593B22, 0x2A1B11, 0x0A1C0E,
        0x14361A, 0x2A1B11, 0x593B22, 0x07130D, 0x14361A, 0x132A1C, 0x132A1C, 0x132A1C, 0x132A1C, 0x467442, 0x4C7838, 0x33572B, 0x285826, 0x593B22, 0x2A1B11, 0x14361A,
        0x040A07, 0x2A1B11, 0x593B22, 0x07130D, 0x07130D, 0x132A1C, 0x1B1D18, 0x467442, 0x467442, 0x467442, 0x4C7838, 0x33572B, 0x132A1C, 0x593B22, 0x2A1B11, 0x14361A,
        0x040A07, 0x2A1B11, 0x593B22, 0x07130D, 0x07130D, 0x132A1C, 0x1B1D18, 0x467442, 0x467442, 0x4C7838, 0x1B1D18, 0x467442, 0x132A1C, 0x593B22, 0x2A1B11, 0x07130D,
        0x040A07, 0x2A1B11, 0x593B22, 0x07130D, 0x07130D, 0x6E8A40, 0x1B1D18, 0x467442, 0x467442, 0x4C7838, 0x1B1D18, 0x467442, 0x4C7838, 0x593B22, 0x2A1B11, 0x07130D,
        0x040A07, 0x2A1B11, 0x593B22, 0x07130D, 0x07130D, 0x132A1C, 0x1B1D18, 0x467442, 0x4C7838, 0x33572B, 0x1B1D18, 0x467442, 0x4C7838, 0x593B22, 0x2A1B11, 0x07130D,
        0x040A07, 0x2A1B11, 0x593B22, 0x07130D, 0x07130D, 0x132A1C, 0x1B1D18, 0x132A1C, 0x4C7838, 0x33572B, 0x6E8A40, 0x33572B, 0x33572B, 0x593B22, 0x2A1B11, 0x07130D,
        0x040A07, 0x2A1B11, 0x593B22, 0x07130D, 0x07130D, 0x07130D, 0x1B1D18, 0x33572B, 0x33572B, 0x132A1C, 0x1B1D18, 0x33572B, 0x33572B, 0x6E8A40, 0x2A1B11, 0x07130D,
        0x040A07, 0x2A1B11, 0x593B22, 0x07130D, 0x203A16, 0x07130D, 0x1B1D18, 0x33572B, 0x33572B, 0x132A1C, 0x1B1D18, 0x203A16, 0x07130D, 0x593B22, 0x2A1B11, 0x07130D,
        0x040A07, 0x2A1B11, 0x593B22, 0x040A07, 0x091108, 0x07130D, 0x1B1D18, 0x33572B, 0x07130D, 0x07130D, 0x1B1D18, 0x091108, 0x07130D, 0x593B22, 0x2A1B11, 0x040A07,
        0x040A07, 0x203A16, 0x593B22, 0x040A07, 0x203A16, 0x07130D, 0x1B1D18, 0x203A16, 0x07130D, 0x07130D, 0x203A16, 0x07130D, 0x07130D, 0x203A16, 0x2A1B11, 0x040A07,
        0x203A16, 0x091108, 0x203A16, 0x040A07, 0x091108, 0x203A16, 0x203A16, 0x091108, 0x07130D, 0x203A16, 0x091108, 0x203A16, 0x040A07, 0x091108, 0x203A16, 0x203A16,
        0x091108, 0x091108, 0x091108, 0x203A16, 0x091108, 0x091108, 0x091108, 0x091108, 0x203A16, 0x091108, 0x091108, 0x091108, 0x203A16, 0x091108, 0x091108, 0x091108,
    },
    {
        0x285826, 0x14361A, 0x0A1C0E, 0x14361A, 0x285826, 0x0A1C0E, 0x0A1C0E, 0x518C34, 0x14361A, 0x0A1C0E, 0x14361A, 0x285826, 0x0A1C0E, 0x0A1C0E, 0x0A1C0E, 0x14361A,
        0x0A1C0E, 0x518C34, 0x0A1C0E, 0x0A1C0E, 0x0A1C0E, 0x0A1C0E, 0x14361A, 0x285826, 0x518C34, 0x0A1C0E, 0x285826, 0x0A1C0E, 0x14361A, 0x593B22, 0x2A1B11, 0x14361A,
        0x0A1C0E, 0x2A1B11, 0x593B22, 0x14361A, 0x0A1C0E, 0x285826, 0x14361A, 0x132A1C, 0x285826, 0x285826, 0x285826, 0x285826, 0x0A1C0E, 0x593B22, 0x2A1B11, 0x14361A,
        0x0A1C0E, 0x2A1B11, 0x593B22, 0x14361A, 0x14361A, 0x14361A, 0x132A1C, 0x132A1C, 0x132A1C, 0x285826, 0x132A1C, 0x285826, 0x0A1C0E, 0x593B22, 0x2A1B11, 0x0A1C0E,
        0x14361A, 0x2A1B11, 0x593B22, 0x07130D, 0x14361A, 0x132A1C, 0x132A1C, 0x132A1C, 0x132A1C, 0x467442, 0x4C7838, 0x33572B, 0x285826, 0x593B22, 0x2A1B11, 0x14361A,
        0x040A07, 0x2A1B11, 0x593B22, 0x07130D, 0x07130D, 0x132A1C, 0x1B1D18, 0x467442, 0x467442, 0x467442, 0x4C7838, 0x33572B, 0x132A1C, 0x593B22, 0x2A1B11, 0x14361A,
        0x040A07, 0x2A1B11, 0x593B22, 0x07130D, 0x07130D, 0x6E8A40, 0x1B1D18, 0x467442, 0x467442, 0x4C7838, 0x1B1D18, 0x467442, 0x132A1C, 0x593B22, 0x2A1B11, 0x07130D,
        0x040A07, 0x2A1B11, 0x593B22, 0x07130D, 0x07130D, 0x132A1C, 0x1B1D18, 0x467442, 0x467442, 0x4C7838, 0x1B1D18, 0x467442, 0x4C7838, 0x593B22, 0x2A1B11, 0x07130D,
        0x040A07, 0x2A1B11, 0x593B22, 0x07130D, 0xA86A28, 0x132A1C, 0x1B1D18, 0x467442, 0x4C7838, 0xD2EE86, 0x1B1D18, 0x467442, 0x4C7838, 0x593B22, 0x2A1B11, 0x07130D,
        0x040A07, 0x2A1B11, 0x593B22, 0x07130D, 0x07130D, 0x132A1C, 0x1B1D18, 0x132A1C, 0x4C7838, 0x33572B, 0x1B1D18, 0x33572B, 0x33572B, 0xD2EE86, 0x2A1B11, 0x07130D,
        0x040A07, 0x2A1B11, 0x593B22, 0x07130D, 0x07130D, 0x07130D, 0x1B1D18, 0x33572B, 0x33572B, 0x132A1C, 0x1B1D18, 0x33572B, 0x33572B, 0x593B22, 0x2A1B11, 0x07130D,
        0x040A07, 0x2A1B11, 0x593B22, 0x07130D, 0x203A16, 0x07130D, 0x1B1D18, 0x33572B, 0x33572B, 0x132A1C, 0x1B1D18, 0x203A16, 0x07130D, 0x593B22, 0x2A1B11, 0x07130D,
        0x040A07, 0x2A1B11, 0x593B22, 0x040A07, 0x091108, 0x07130D, 0x1B1D18, 0x33572B, 0x07130D, 0x07130D, 0x1B1D18, 0x091108, 0x07130D, 0x593B22, 0x2A1B11, 0x040A07,
        0x040A07, 0x203A16, 0x593B22, 0x040A07, 0x203A16, 0x07130D, 0x1B1D18, 0x203A16, 0x07130D, 0x07130D, 0x203A16, 0x07130D, 0x07130D, 0x203A16, 0x2A1B11, 0x040A07,
        0x203A16, 0x091108, 0x203A16, 0x040A07, 0x091108, 0x203A16, 0x203A16, 0x091108, 0x07130D, 0x203A16, 0x091108, 0x203A16, 0x040A07, 0x091108, 0x203A16, 0x203A16,
        0x091108, 0x091108, 0x091108, 0x203A16, 0x091108, 0x091108, 0x091108, 0x091108, 0x203A16, 0x091108, 0x091108, 0x091108, 0x203A16, 0x091108, 0x091108, 0x091108,
    },
    {
        0x285826, 0x0A1C0E, 0x0A1C0E, 0x14361A, 0x285826, 0x0A1C0E, 0x0A1C0E, 0x285826, 0x0A1C0E, 0x0A1C0E, 0x14361A, 0x285826, 0x0A1C0E, 0x0A1C0E, 0x0A1C0E, 0x14361A,
        0x0A1C0E, 0x285826, 0x0A1C0E, 0x0A1C0E, 0x0A1C0E, 0x0A1C0E, 0x0A1C0E, 0x285826, 0x518C34, 0x0A1C0E, 0x285826, 0x0A1C0E, 0x14361A, 0x593B22, 0x2A1B11, 0x14361A,
        0x0A1C0E, 0x2A1B11, 0x593B22, 0x14361A, 0x0A1C0E, 0x285826, 0x14361A, 0x132A1C, 0x285826, 0x285826, 0x285826, 0x285826, 0x0A1C0E, 0x593B22, 0x2A1B11, 0x14361A,
        0x0A1C0E, 0x2A1B11, 0x593B22, 0x14361A, 0x285826, 0x14361A, 0x132A1C, 0x132A1C, 0x132A1C, 0x285826, 0x132A1C, 0x285826, 0x0A1C0E, 0x593B22, 0x2A1B11, 0x0A1C0E,
        0x285826, 0x2A1B11, 0x593B22, 0x07130D, 0x14361A, 0x132A1C, 0x132A1C, 0x132A1C, 0x132A1C, 0x467442, 0x4C7838, 0x33572B, 0x285826, 0x593B22, 0x2A1B11, 0x14361A,
        0x040A07, 0x2A1B11, 0x593B22, 0x07130D, 0x07130D, 0x132A1C, 0x1B1D18, 0x467442, 0x467442, 0x467442, 0x4C7838, 0x33572B, 0x132A1C, 0x593B22, 0x2A1B11, 0x14361A,
        0x040A07, 0x2A1B11, 0x593B22, 0x07130D, 0x07130D, 0x6E8A40, 0x1B1D18, 0x467442, 0x467442, 0x4C7838, 0x1B1D18, 0x467442, 0x132A1C, 0x593B22, 0x2A1B11, 0x07130D,
        0x040A07, 0x2A1B11, 0x593B22, 0x07130D, 0x07130D, 0x132A1C, 0x1B1D18, 0x467442, 0x467442, 0x4C7838, 0x1B1D18, 0x467442, 0x4C7838, 0x593B22, 0x2A1B11, 0x07130D,
        0x040A07, 0x2A1B11, 0x593B22, 0x07130D, 0xA86A28, 0x132A1C, 0x1B1D18, 0x467442, 0x4C7838, 0xD2EE86, 0x1B1D18, 0x467442, 0x4C7838, 0x593B22, 0x2A1B11, 0x07130D,
        0x040A07, 0x2A1B11, 0x593B22, 0x07130D, 0x07130D, 0x132A1C, 0x1B1D18, 0x132A1C, 0x4C7838, 0x33572B, 0x1B1D18, 0x33572B, 0x33572B, 0x6E8A40, 0x2A1B11, 0x07130D,
        0x040A07, 0x2A1B11, 0x593B22, 0x07130D, 0x07130D, 0x07130D, 0x1B1D18, 0x33572B, 0x33572B, 0x132A1C, 0x1B1D18, 0x33572B, 0x33572B, 0x593B22, 0x2A1B11, 0x07130D,
        0x040A07, 0x2A1B11, 0x593B22, 0x07130D, 0x203A16, 0x07130D, 0x1B1D18, 0x33572B, 0x33572B, 0x132A1C, 0x1B1D18, 0x203A16, 0x07130D, 0x593B22, 0x2A1B11, 0x07130D,
        0x040A07, 0x2A1B11, 0x593B22, 0x040A07, 0x091108, 0x07130D, 0x1B1D18, 0x33572B, 0x07130D, 0x07130D, 0x1B1D18, 0x091108, 0x07130D, 0x593B22, 0x2A1B11, 0x040A07,
        0x040A07, 0x203A16, 0x593B22, 0x040A07, 0x203A16, 0x07130D, 0x1B1D18, 0x203A16, 0x07130D, 0x07130D, 0x203A16, 0x07130D, 0x07130D, 0x203A16, 0x2A1B11, 0x040A07,
        0x203A16, 0x091108, 0x203A16, 0x040A07, 0x091108, 0x203A16, 0x203A16, 0x091108, 0x07130D, 0x203A16, 0x091108, 0x203A16, 0x040A07, 0x091108, 0x203A16, 0x203A16,
        0x091108, 0x091108, 0x091108, 0x203A16, 0x091108, 0x091108, 0x091108, 0x091108, 0x203A16, 0x091108, 0x091108, 0x091108, 0x203A16, 0x091108, 0x091108, 0x091108,
    },
    {
        0x285826, 0x0A1C0E, 0x14361A, 0x14361A, 0x285826, 0x0A1C0E, 0x0A1C0E, 0x285826, 0x0A1C0E, 0x0A1C0E, 0x14361A, 0x285826, 0x0A1C0E, 0x14361A, 0x0A1C0E, 0x14361A,
        0x0A1C0E, 0x285826, 0x0A1C0E, 0x0A1C0E, 0x0A1C0E, 0x0A1C0E, 0x0A1C0E, 0x285826, 0x518C34, 0x0A1C0E, 0x285826, 0x0A1C0E, 0x14361A, 0x593B22, 0x2A1B11, 0x14361A,
        0x0A1C0E, 0x2A1B11, 0x593B22, 0x14361A, 0x0A1C0E, 0x285826, 0x14361A, 0x132A1C, 0x285826, 0x285826, 0x285826, 0x285826, 0x0A1C0E, 0x593B22, 0x2A1B11, 0x14361A,
        0x0A1C0E, 0x2A1B11, 0x593B22, 0x14361A, 0x14361A, 0x14361A, 0x132A1C, 0x132A1C, 0x132A1C, 0x285826, 0x132A1C, 0x285826, 0x0A1C0E, 0x593B22, 0x2A1B11, 0x0A1C0E,
        0x14361A, 0x2A1B11, 0x593B22, 0x07130D, 0x285826, 0x132A1C, 0x132A1C, 0x132A1C, 0x132A1C, 0x457341, 0x4B7738, 0x32562B, 0x518C34, 0x593B22, 0x2A1B11, 0x14361A,
        0x040A07, 0x2A1B11, 0x593B22, 0x07130D, 0x07130D, 0x132A1C, 0x1B1D18, 0x457341, 0x457341, 0x457341, 0x4B7738, 0x32562B, 0x132A1C, 0x593B22, 0x2A1B11, 0x14361A,
        0x040A07, 0x2A1B11, 0x593B22, 0x07130D, 0x07130D, 0x6E8A40, 0x1B1D18, 0x457341, 0x457341, 0x4B7738, 0x1B1D18, 0x457341, 0x132A1C, 0x593B22, 0x2A1B11, 0x07130D,
        0x040A07, 0x2A1B11, 0x593B22, 0x07130D, 0x07130D, 0x132A1C, 0x1B1D18, 0x457341, 0x457341, 0x4B7738, 0x1B1D18, 0x457341, 0x4B7738, 0x593B22, 0x2A1B11, 0x07130D,
        0x040A07, 0x2A1B11, 0x593B22, 0x07130D, 0x07130D, 0x132A1C, 0x1B1D18, 0x457341, 0x4B7738, 0x6E8A40, 0x1B1D18, 0x457341, 0x4B7738, 0x593B22, 0x2A1B11, 0x07130D,
        0x040A07, 0x2A1B11, 0x593B22, 0x07130D, 0xA86A28, 0x132A1C, 0x1B1D18, 0x132A1C, 0x4B7738, 0x32562B, 0x1B1D18, 0x32562B, 0x32562B, 0x6E8A40, 0x2A1B11, 0x07130D,
        0x040A07, 0x2A1B11, 0x593B22, 0x07130D, 0x07130D, 0x07130D, 0x1B1D18, 0x32562B, 0x32562B, 0x132A1C, 0x1B1D18, 0x32562B, 0x32562B, 0x593B22, 0x2A1B11, 0x07130D,
        0x040A07, 0x2A1B11, 0x593B22, 0x07130D, 0x203A16, 0x07130D, 0x1B1D18, 0x32562B, 0x32562B, 0x132A1C, 0x1B1D18, 0x203A16, 0x07130D, 0x593B22, 0x2A1B11, 0x07130D,
        0x040A07, 0x2A1B11, 0x593B22, 0x040A07, 0x091108, 0x07130D, 0x1B1D18, 0x32562B, 0x07130D, 0x07130D, 0x1B1D18, 0x091108, 0x07130D, 0x593B22, 0x2A1B11, 0x040A07,
        0x040A07, 0x203A16, 0x593B22, 0x040A07, 0x203A16, 0x07130D, 0x1B1D18, 0x203A16, 0x07130D, 0x07130D, 0x203A16, 0x07130D, 0x07130D, 0x203A16, 0x2A1B11, 0x040A07,
        0x203A16, 0x091108, 0x203A16, 0x040A07, 0x091108, 0x203A16, 0x203A16, 0x091108, 0x07130D, 0x203A16, 0x091108, 0x203A16, 0x040A07, 0x091108, 0x203A16, 0x203A16,
        0x091108, 0x091108, 0x091108, 0x203A16, 0x091108, 0x091108, 0x091108, 0x091108, 0x203A16, 0x091108, 0x091108, 0x091108, 0x203A16, 0x091108, 0x091108, 0x091108,
    },
    {
        0x285826, 0x0A1C0E, 0x0A1C0E, 0x14361A, 0x285826, 0x0A1C0E, 0x0A1C0E, 0x285826, 0x0A1C0E, 0x0A1C0E, 0x14361A, 0x285826, 0x0A1C0E, 0x0A1C0E, 0x0A1C0E, 0x14361A,
        0x0A1C0E, 0x518C34, 0x0A1C0E, 0x0A1C0E, 0x0A1C0E, 0x0A1C0E, 0x0A1C0E, 0x285826, 0x518C34, 0x0A1C0E, 0x285826, 0x0A1C0E, 0x14361A, 0x593B22, 0x2A1B11, 0x14361A,
        0x0A1C0E, 0x2A1B11, 0x593B22, 0x14361A, 0x0A1C0E, 0x285826, 0x14361A, 0x132A1C, 0x285826, 0x285826, 0x285826, 0x285826, 0x0A1C0E, 0x593B22, 0x2A1B11, 0x14361A,
        0x0A1C0E, 0x2A1B11, 0x593B22, 0x14361A, 0x285826, 0x14361A, 0x132A1C, 0x132A1C, 0x132A1C, 0x285826, 0x132A1C, 0x285826, 0x0A1C0E, 0x593B22, 0x2A1B11, 0x0A1C0E,
        0x14361A, 0x2A1B11, 0x593B22, 0x07130D, 0x14361A, 0x132A1C, 0x132A1C, 0x132A1C, 0x132A1C, 0x447241, 0x4B7637, 0x32552A, 0x285826, 0x593B22, 0x2A1B11, 0x14361A,
        0x040A07, 0x2A1B11, 0x593B22, 0x07130D, 0x07130D, 0x132A1C, 0x1B1D18, 0x447241, 0x447241, 0x447241, 0x4B7637, 0x32552A, 0x132A1C, 0x593B22, 0x2A1B11, 0x14361A,
        0x040A07, 0x2A1B11, 0x593B22, 0x07130D, 0x07130D, 0x6E8A40, 0x1B1D18, 0x447241, 0x447241, 0x4B7637, 0x1B1D18, 0x447241, 0x132A1C, 0x593B22, 0x2A1B11, 0x07130D,
        0x040A07, 0x2A1B11, 0x593B22, 0x07130D, 0x07130D, 0x132A1C, 0x1B1D18, 0x447241, 0x447241, 0x4B7637, 0x1B1D18, 0x447241, 0x4B7637, 0x593B22, 0x2A1B11, 0x07130D,
        0x040A07, 0x2A1B11, 0x593B22, 0x07130D, 0x07130D, 0x132A1C, 0x1B1D18, 0x447241, 0x4B7637, 0x6E8A40, 0x1B1D18, 0x447241, 0x4B7637, 0x593B22, 0x2A1B11, 0x07130D,
        0x040A07, 0x2A1B11, 0x593B22, 0x07130D, 0xA86A28, 0x132A1C, 0x1B1D18, 0x132A1C, 0x4B7637, 0x32552A, 0x1B1D18, 0x32552A, 0x32552A, 0xD2EE86, 0x2A1B11, 0x07130D,
        0x040A07, 0x2A1B11, 0x593B22, 0x07130D, 0x07130D, 0x07130D, 0x1B1D18, 0x32552A, 0x32552A, 0x132A1C, 0x1B1D18, 0x32552A, 0x32552A, 0x593B22, 0x2A1B11, 0x07130D,
        0x040A07, 0x2A1B11, 0x593B22, 0x07130D, 0x203A16, 0x07130D, 0x1B1D18, 0x32552A, 0x32552A, 0x132A1C, 0x1B1D18, 0x203A16, 0x07130D, 0x593B22, 0x2A1B11, 0x07130D,
        0x040A07, 0x2A1B11, 0x593B22, 0x040A07, 0x091108, 0x07130D, 0x1B1D18, 0x32552A, 0x07130D, 0x07130D, 0x1B1D18, 0x091108, 0x07130D, 0x593B22, 0x2A1B11, 0x040A07,
        0x040A07, 0x203A16, 0x593B22, 0x040A07, 0x203A16, 0x07130D, 0x1B1D18, 0x203A16, 0x07130D, 0x07130D, 0x203A16, 0x07130D, 0x07130D, 0x203A16, 0x2A1B11, 0x040A07,
        0x203A16, 0x091108, 0x203A16, 0x040A07, 0x091108, 0x203A16, 0x203A16, 0x091108, 0x07130D, 0x203A16, 0x091108, 0x203A16, 0x040A07, 0x091108, 0x203A16, 0x203A16,
        0x091108, 0x091108, 0x091108, 0x203A16, 0x091108, 0x091108, 0x091108, 0x091108, 0x203A16, 0x091108, 0x091108, 0x091108, 0x203A16, 0x091108, 0x091108, 0x091108,
    },
    {
        0x285826, 0x0A1C0E, 0x0A1C0E, 0x14361A, 0x285826, 0x0A1C0E, 0x0A1C0E, 0x518C34, 0x0A1C0E, 0x0A1C0E, 0x14361A, 0x285826, 0x0A1C0E, 0x0A1C0E, 0x0A1C0E, 0x14361A,
        0x0A1C0E, 0x285826, 0x0A1C0E, 0x0A1C0E, 0x14361A, 0x0A1C0E, 0x0A1C0E, 0x285826, 0x518C34, 0x0A1C0E, 0x518C34, 0x0A1C0E, 0x14361A, 0x593B22, 0x2A1B11, 0x14361A,
        0x0A1C0E, 0x2A1B11, 0x593B22, 0x14361A, 0x0A1C0E, 0x285826, 0x14361A, 0x132A1C, 0x285826, 0x285826, 0x285826, 0x285826, 0x0A1C0E, 0x593B22, 0x2A1B11, 0x14361A,
        0x0A1C0E, 0x2A1B11, 0x593B22, 0x14361A, 0x14361A, 0x14361A, 0x132A1C, 0x132A1C, 0x132A1C, 0x285826, 0x132A1C, 0x285826, 0x14361A, 0x593B22, 0x2A1B11, 0x0A1C0E,
        0x14361A, 0x2A1B11, 0x593B22, 0x07130D, 0x14361A, 0x132A1C, 0x132A1C, 0x132A1C, 0x132A1C, 0x437040, 0x4A7537, 0x30532A, 0x285826, 0x593B22, 0x2A1B11, 0x14361A,
        0x040A07, 0x2A1B11, 0x593B22, 0x07130D, 0x07130D, 0x132A1C, 0x1B1D18, 0x437040, 0x437040, 0x437040, 0x4A7537, 0x30532A, 0x132A1C, 0x593B22, 0x2A1B11, 0x14361A,
        0x040A07, 0x2A1B11, 0x593B22, 0x07130D, 0x07130D, 0x132A1C, 0x1B1D18, 0x437040, 0x437040, 0x4A7537, 0x1B1D18, 0x437040, 0x132A1C, 0x593B22, 0x2A1B11, 0x07130D,
        0x040A07, 0x2A1B11, 0x593B22, 0x07130D, 0x07130D, 0x132A1C, 0x1B1D18, 0x437040, 0x437040, 0xD2EE86, 0x1B1D18, 0x437040, 0x4A7537, 0x593B22, 0x2A1B11, 0x07130D,
        0x040A07, 0x2A1B11, 0x593B22, 0x07130D, 0x07130D, 0x132A1C, 0x1B1D18, 0x437040, 0x4A7537, 0x30532A, 0x1B1D18, 0x437040, 0xD2EE86, 0x593B22, 0x2A1B11, 0x07130D,
        0x040A07, 0x2A1B11, 0x593B22, 0x07130D, 0x07130D, 0x132A1C, 0x1B1D18, 0x132A1C, 0x4A7537, 0x30532A, 0x1B1D18, 0x30532A, 0x30532A, 0x593B22, 0x2A1B11, 0x07130D,
        0x040A07, 0x2A1B11, 0x593B22, 0x07130D, 0x07130D, 0xA86A28, 0x1B1D18, 0x30532A, 0x30532A, 0x132A1C, 0x1B1D18, 0x30532A, 0x30532A, 0x593B22, 0x2A1B11, 0x07130D,
        0x040A07, 0x2A1B11, 0x593B22, 0x07130D, 0x203A16, 0x07130D, 0x1B1D18, 0x30532A, 0x30532A, 0x132A1C, 0x1B1D18, 0x203A16, 0x07130D, 0x593B22, 0x2A1B11, 0x07130D,
        0x040A07, 0x2A1B11, 0x593B22, 0x040A07, 0x091108, 0x07130D, 0x1B1D18, 0x30532A, 0x07130D, 0x07130D, 0x1B1D18, 0x091108, 0x07130D, 0x593B22, 0x2A1B11, 0x040A07,
        0x040A07, 0x203A16, 0x593B22, 0x040A07, 0x203A16, 0x07130D, 0x1B1D18, 0x203A16, 0x6E8A40, 0x07130D, 0x203A16, 0x07130D, 0x07130D, 0x203A16, 0x2A1B11, 0x040A07,
        0x203A16, 0x091108, 0x203A16, 0x040A07, 0x091108, 0x203A16, 0x203A16, 0x091108, 0x07130D, 0x203A16, 0x091108, 0x203A16, 0x040A07, 0x091108, 0x203A16, 0x203A16,
        0x091108, 0x091108, 0x091108, 0x203A16, 0x091108, 0x091108, 0x091108, 0x091108, 0x203A16, 0x091108, 0x091108, 0x091108, 0x203A16, 0x091108, 0x091108, 0x091108,
    },
    {
        0x285826, 0x0A1C0E, 0x0A1C0E, 0x14361A, 0x285826, 0x0A1C0E, 0x14361A, 0x285826, 0x0A1C0E, 0x0A1C0E, 0x14361A, 0x285826, 0x0A1C0E, 0x0A1C0E, 0x0A1C0E, 0x14361A,
        0x0A1C0E, 0x285826, 0x0A1C0E, 0x0A1C0E, 0x0A1C0E, 0x0A1C0E, 0x0A1C0E, 0x285826, 0x518C34, 0x0A1C0E, 0x285826, 0x0A1C0E, 0x14361A, 0x593B22, 0x2A1B11, 0x14361A,
        0x0A1C0E, 0x2A1B11, 0x593B22, 0x14361A, 0x0A1C0E, 0x285826, 0x14361A, 0x132A1C, 0x285826, 0x285826, 0x285826, 0x285826, 0x14361A, 0x593B22, 0x2A1B11, 0x14361A,
        0x14361A, 0x2A1B11, 0x593B22, 0x14361A, 0x14361A, 0x14361A, 0x132A1C, 0x132A1C, 0x132A1C, 0x285826, 0x132A1C, 0x285826, 0x0A1C0E, 0x593B22, 0x2A1B11, 0x0A1C0E,
        0x14361A, 0x2A1B11, 0x593B22, 0x07130D, 0x14361A, 0x132A1C, 0x132A1C, 0x132A1C, 0x132A1C, 0x416D3F, 0x497436, 0x2F5229, 0x285826, 0x593B22, 0x2A1B11, 0x14361A,
        0x040A07, 0x2A1B11, 0x593B22, 0x07130D, 0x07130D, 0x132A1C, 0x1B1D18, 0x416D3F, 0x416D3F, 0x416D3F, 0x497436, 0x2F5229, 0x132A1C, 0x593B22, 0x2A1B11, 0x14361A,
        0x040A07, 0x2A1B11, 0x593B22, 0x07130D, 0x07130D, 0x132A1C, 0x1B1D18, 0x416D3F, 0x416D3F, 0x497436, 0x1B1D18, 0x416D3F, 0x132A1C, 0x593B22, 0x2A1B11, 0x07130D,
        0x040A07, 0x2A1B11, 0x593B22, 0x07130D, 0x07130D, 0x132A1C, 0x1B1D18, 0x416D3F, 0x416D3F, 0xD2EE86, 0x1B1D18, 0x416D3F, 0x497436, 0x593B22, 0x2A1B11, 0x07130D,
        0x040A07, 0x2A1B11, 0x593B22, 0x07130D, 0x07130D, 0x132A1C, 0x1B1D18, 0x416D3F, 0x497436, 0x2F5229, 0x1B1D18, 0x416D3F, 0x6E8A40, 0x593B22, 0x2A1B11, 0x07130D,
        0x040A07, 0x2A1B11, 0x593B22, 0x07130D, 0x07130D, 0x132A1C, 0x1B1D18, 0x132A1C, 0x497436, 0x2F5229, 0x1B1D18, 0x2F5229, 0x2F5229, 0x593B22, 0x2A1B11, 0x07130D,
        0x040A07, 0x2A1B11, 0x593B22, 0x07130D, 0x07130D, 0xA86A28, 0x1B1D18, 0x2F5229, 0x2F5229, 0x132A1C, 0x1B1D18, 0x2F5229, 0x2F5229, 0x593B22, 0x2A1B11, 0x07130D,
        0x040A07, 0x2A1B11, 0x593B22, 0x07130D, 0x203A16, 0x07130D, 0x1B1D18, 0x2F5229, 0x2F5229, 0x132A1C, 0x1B1D18, 0x203A16, 0x07130D, 0x593B22, 0x2A1B11, 0x07130D,
        0x040A07, 0x2A1B11, 0x593B22, 0x040A07, 0x091108, 0x07130D, 0x1B1D18, 0x2F5229, 0x07130D, 0x07130D, 0x1B1D18, 0x091108, 0x07130D, 0x593B22, 0x2A1B11, 0x040A07,
        0x040A07, 0x203A16, 0x593B22, 0x040A07, 0x203A16, 0x07130D, 0x1B1D18, 0x203A16, 0x6E8A40, 0x07130D, 0x203A16, 0x07130D, 0x07130D, 0x203A16, 0x2A1B11, 0x040A07,
        0x203A16, 0x091108, 0x203A16, 0x040A07, 0x091108, 0x203A16, 0x203A16, 0x091108, 0x07130D, 0x203A16, 0x091108, 0x203A16, 0x040A07, 0x091108, 0x203A16, 0x203A16,
        0x091108, 0x091108, 0x091108, 0x203A16, 0x091108, 0x091108, 0x091108, 0x091108, 0x203A16, 0x091108, 0x091108, 0x091108, 0x203A16, 0x091108, 0x091108, 0x091108,
    },
    {
        0x285826, 0x14361A, 0x0A1C0E, 0x14361A, 0x285826, 0x14361A, 0x0A1C0E, 0x285826, 0x0A1C0E, 0x0A1C0E, 0x14361A, 0x285826, 0x0A1C0E, 0x0A1C0E, 0x0A1C0E, 0x285826,
        0x0A1C0E, 0x285826, 0x0A1C0E, 0x0A1C0E, 0x0A1C0E, 0x0A1C0E, 0x0A1C0E, 0x285826, 0x518C34, 0x0A1C0E, 0x285826, 0x0A1C0E, 0x14361A, 0x593B22, 0x2A1B11, 0x14361A,
        0x0A1C0E, 0x2A1B11, 0x593B22, 0x14361A, 0x0A1C0E, 0x285826, 0x14361A, 0x132A1C, 0x285826, 0x285826, 0x285826, 0x285826, 0x0A1C0E, 0x593B22, 0x2A1B11, 0x14361A,
        0x0A1C0E, 0x2A1B11, 0x593B22, 0x285826, 0x14361A, 0x14361A, 0x132A1C, 0x132A1C, 0x132A1C, 0x285826, 0x132A1C, 0x285826, 0x0A1C0E, 0x593B22, 0x2A1B11, 0x0A1C0E,
        0x14361A, 0x2A1B11, 0x593B22, 0x07130D, 0x14361A, 0x132A1C, 0x132A1C, 0x132A1C, 0x132A1C, 0x406B3D, 0x487236, 0x2E4F28, 0x285826, 0x593B22, 0x2A1B11, 0x14361A,
        0x040A07, 0x2A1B11, 0x593B22, 0x07130D, 0x07130D, 0x132A1C, 0x1B1D18, 0x406B3D, 0x406B3D, 0x406B3D, 0x487236, 0x2E4F28, 0x132A1C, 0x593B22, 0x2A1B11, 0x14361A,
        0x040A07, 0x2A1B11, 0x593B22, 0x07130D, 0x07130D, 0x132A1C, 0x1B1D18, 0x406B3D, 0x406B3D, 0x487236, 0x1B1D18, 0x406B3D, 0x132A1C, 0x593B22, 0x2A1B11, 0x07130D,
        0x040A07, 0x2A1B11, 0x593B22, 0x07130D, 0x07130D, 0x132A1C, 0x1B1D18, 0x406B3D, 0x406B3D, 0x6E8A40, 0x1B1D18, 0x406B3D, 0x487236, 0x593B22, 0x2A1B11, 0x07130D,
        0x040A07, 0x2A1B11, 0x593B22, 0x07130D, 0x07130D, 0x132A1C, 0x1B1D18, 0x406B3D, 0x487236, 0x2E4F28, 0x1B1D18, 0x406B3D, 0x6E8A40, 0x593B22, 0x2A1B11, 0x07130D,
        0x040A07, 0x2A1B11, 0x593B22, 0x07130D, 0x07130D, 0x132A1C, 0x1B1D18, 0x132A1C, 0x487236, 0x2E4F28, 0x1B1D18, 0x2E4F28, 0x2E4F28, 0x593B22, 0x2A1B11, 0x07130D,
        0x040A07, 0x2A1B11, 0x593B22, 0x07130D, 0x07130D, 0x07130D, 0x1B1D18, 0x2E4F28, 0x2E4F28, 0x132A1C, 0x1B1D18, 0x2E4F28, 0x2E4F28, 0x593B22, 0x2A1B11, 0x07130D,
        0x040A07, 0x2A1B11, 0x593B22, 0x07130D, 0x203A16, 0xA86A28, 0x1B1D18, 0x2E4F28, 0x2E4F28, 0x132A1C, 0x1B1D18, 0x203A16, 0x07130D, 0x593B22, 0x2A1B11, 0x07130D,
        0x040A07, 0x2A1B11, 0x593B22, 0x040A07, 0x091108, 0x07130D, 0x1B1D18, 0x2E4F28, 0x07130D, 0x07130D, 0x1B1D18, 0x091108, 0x07130D, 0x593B22, 0x2A1B11, 0x040A07,
        0x040A07, 0x203A16, 0x593B22, 0x040A07, 0x203A16, 0x07130D, 0x1B1D18, 0x203A16, 0x6E8A40, 0x07130D, 0x203A16, 0x07130D, 0x07130D, 0x203A16, 0x2A1B11, 0x040A07,
        0x203A16, 0x091108, 0x203A16, 0x040A07, 0x091108, 0x203A16, 0x203A16, 0x091108, 0x07130D, 0x203A16, 0x091108, 0x203A16, 0x040A07, 0x091108, 0x203A16, 0x203A16,
        0x091108, 0x091108, 0x091108, 0x203A16, 0x091108, 0x091108, 0x091108, 0x091108, 0x203A16, 0x091108, 0x091108, 0x091108, 0x203A16, 0x091108, 0x091108, 0x091108,
    },
    {
        0x285826, 0x0A1C0E, 0x0A1C0E, 0x14361A, 0x518C34, 0x0A1C0E, 0x0A1C0E, 0x285826, 0x0A1C0E, 0x0A1C0E, 0x14361A, 0x518C34, 0x0A1C0E, 0x0A1C0E, 0x0A1C0E, 0x14361A,
        0x14361A, 0x285826, 0x0A1C0E, 0x0A1C0E, 0x0A1C0E, 0x0A1C0E, 0x0A1C0E, 0x518C34, 0x518C34, 0x0A1C0E, 0x285826, 0x0A1C0E, 0x14361A, 0x593B22, 0x2A1B11, 0x14361A,
        0x0A1C0E, 0x2A1B11, 0x593B22, 0x14361A, 0x0A1C0E, 0x285826, 0x14361A, 0x132A1C, 0x285826, 0x285826, 0x285826, 0x285826, 0x0A1C0E, 0x593B22, 0x2A1B11, 0x14361A,
        0x0A1C0E, 0x2A1B11, 0x593B22, 0x14361A, 0x285826, 0x285826, 0x132A1C, 0x132A1C, 0x132A1C, 0x285826, 0x132A1C, 0x285826, 0x0A1C0E, 0x593B22, 0x2A1B11, 0x0A1C0E,
        0x14361A, 0x2A1B11, 0x593B22, 0x07130D, 0x14361A, 0x132A1C, 0x132A1C, 0x132A1C, 0x132A1C, 0x3E683C, 0x467135, 0x2C4D28, 0x285826, 0x593B22, 0x2A1B11, 0x14361A,
        0x040A07, 0x2A1B11, 0x593B22, 0x07130D, 0x07130D, 0x132A1C, 0x1B1D18, 0x3E683C, 0x3E683C, 0x3E683C, 0x467135, 0x2C4D28, 0x132A1C, 0x593B22, 0x2A1B11, 0x14361A,
        0x040A07, 0x2A1B11, 0x593B22, 0x07130D, 0x07130D, 0x132A1C, 0x1B1D18, 0x3E683C, 0x3E683C, 0x467135, 0x1B1D18, 0x3E683C, 0x132A1C, 0x593B22, 0x2A1B11, 0x07130D,
        0x040A07, 0x2A1B11, 0x593B22, 0x07130D, 0x07130D, 0x132A1C, 0x1B1D18, 0x3E683C, 0x3E683C, 0x6E8A40, 0x1B1D18, 0x3E683C, 0x467135, 0x593B22, 0x2A1B11, 0x07130D,
        0x040A07, 0x2A1B11, 0x593B22, 0x07130D, 0x07130D, 0x132A1C, 0x1B1D18, 0x3E683C, 0x467135, 0x2C4D28, 0x1B1D18, 0x3E683C, 0xD2EE86, 0x593B22, 0x2A1B11, 0x07130D,
        0x040A07, 0x2A1B11, 0x593B22, 0x07130D, 0x07130D, 0x132A1C, 0x1B1D18, 0x132A1C, 0x467135, 0x2C4D28, 0x1B1D18, 0x2C4D28, 0x2C4D28, 0x593B22, 0x2A1B11, 0x07130D,
        0x040A07, 0x2A1B11, 0x593B22, 0x07130D, 0x07130D, 0x07130D, 0x1B1D18, 0x2C4D28, 0x2C4D28, 0x132A1C, 0x1B1D18, 0x2C4D28, 0x2C4D28, 0x593B22, 0x2A1B11, 0x07130D,
        0x040A07, 0x2A1B11, 0x593B22, 0x07130D, 0x203A16, 0xA86A28, 0x1B1D18, 0x2C4D28, 0x2C4D28, 0x132A1C, 0x1B1D18, 0x203A16, 0x07130D, 0x593B22, 0x2A1B11, 0x07130D,
        0x040A07, 0x2A1B11, 0x593B22, 0x040A07, 0x091108, 0x07130D, 0x1B1D18, 0x2C4D28, 0x07130D, 0x07130D, 0x1B1D18, 0x091108, 0x07130D, 0x593B22, 0x2A1B11, 0x040A07,
        0x040A07, 0x203A16, 0x593B22, 0x040A07, 0x203A16, 0x07130D, 0x1B1D18, 0x203A16, 0x6E8A40, 0x07130D, 0x203A16, 0x07130D, 0x07130D, 0x203A16, 0x2A1B11, 0x040A07,
        0x203A16, 0x091108, 0x203A16, 0x040A07, 0x091108, 0x203A16, 0x203A16, 0x091108, 0x07130D, 0x203A16, 0x091108, 0x203A16, 0x040A07, 0x091108, 0x203A16, 0x203A16,
        0x091108, 0x091108, 0x091108, 0x203A16, 0x091108, 0x091108, 0x091108, 0x091108, 0x203A16, 0x091108, 0x091108, 0x091108, 0x203A16, 0x091108, 0x091108, 0x091108,
    },
    {
        0x285826, 0x0A1C0E, 0x0A1C0E, 0x14361A, 0x285826, 0x0A1C0E, 0x0A1C0E, 0x285826, 0x0A1C0E, 0x14361A, 0x285826, 0x285826, 0x0A1C0E, 0x0A1C0E, 0x0A1C0E, 0x14361A,
        0x0A1C0E, 0x518C34, 0x0A1C0E, 0x0A1C0E, 0x0A1C0E, 0x0A1C0E, 0x0A1C0E, 0x285826, 0x518C34, 0x0A1C0E, 0x285826, 0x14361A, 0x14361A, 0x593B22, 0x2A1B11, 0x14361A,
        0x0A1C0E, 0x2A1B11, 0x593B22, 0x14361A, 0x0A1C0E, 0x285826, 0x14361A, 0x132A1C, 0x285826, 0x518C34, 0x285826, 0x285826, 0x14361A, 0x593B22, 0x2A1B11, 0x14361A,
        0x14361A, 0x2A1B11, 0x593B22, 0x14361A, 0x14361A, 0x14361A, 0x132A1C, 0x132A1C, 0x132A1C, 0x285826, 0x132A1C, 0x285826, 0x0A1C0E, 0x593B22, 0x2A1B11, 0x0A1C0E,
        0x14361A, 0x2A1B11, 0x593B22, 0x07130D, 0x14361A, 0x132A1C, 0x132A1C, 0x132A1C, 0x132A1C, 0x3C653A, 0x456F34, 0x2A4B27, 0x285826, 0x593B22, 0x2A1B11, 0x14361A,
        0x040A07, 0x2A1B11, 0x593B22, 0x07130D, 0x07130D, 0x132A1C, 0x1B1D18, 0x3C653A, 0x3C653A, 0x3C653A, 0x456F34, 0x2A4B27, 0x132A1C, 0x593B22, 0x2A1B11, 0x14361A,
        0x040A07, 0x2A1B11, 0x593B22, 0x07130D, 0x07130D, 0x132A1C, 0x1B1D18, 0x3C653A, 0x6E8A40, 0x456F34, 0x1B1D18, 0x3C653A, 0x132A1C, 0x593B22, 0x2A1B11, 0x07130D,
        0x040A07, 0x2A1B11, 0x593B22, 0x07130D, 0x07130D, 0x132A1C, 0x1B1D18, 0x3C653A, 0x3C653A, 0x456F34, 0x1B1D18, 0x3C653A, 0xD2EE86, 0x593B22, 0x2A1B11, 0x07130D,
        0x040A07, 0x2A1B11, 0x593B22, 0x07130D, 0x07130D, 0x132A1C, 0x1B1D18, 0x3C653A, 0x456F34, 0x2A4B27, 0x1B1D18, 0x3C653A, 0x456F34, 0x593B22, 0x2A1B11, 0x07130D,
        0x040A07, 0x2A1B11, 0x593B22, 0x07130D, 0x07130D, 0x132A1C, 0x1B1D18, 0x132A1C, 0x456F34, 0x2A4B27, 0x1B1D18, 0x2A4B27, 0x2A4B27, 0x593B22, 0x2A1B11, 0x07130D,
        0x040A07, 0x2A1B11, 0x593B22, 0x07130D, 0x07130D, 0x07130D, 0x1B1D18, 0x2A4B27, 0x2A4B27, 0x132A1C, 0x1B1D18, 0x2A4B27, 0x2A4B27, 0x593B22, 0x2A1B11, 0x07130D,
        0x040A07, 0x2A1B11, 0x593B22, 0x07130D, 0x203A16, 0x07130D, 0x1B1D18, 0x2A4B27, 0x2A4B27, 0x132A1C, 0x1B1D18, 0x203A16, 0x07130D, 0x593B22, 0x2A1B11, 0x07130D,
        0x040A07, 0x2A1B11, 0x593B22, 0x040A07, 0xA86A28, 0x07130D, 0x1B1D18, 0x2A4B27, 0x6E8A40, 0x07130D, 0x1B1D18, 0x091108, 0x07130D, 0x593B22, 0x2A1B11, 0x040A07,
        0x040A07, 0x203A16, 0x593B22, 0x040A07, 0x203A16, 0x07130D, 0x1B1D18, 0x203A16, 0x07130D, 0x07130D, 0x203A16, 0x07130D, 0x07130D, 0x203A16, 0x2A1B11, 0x040A07,
        0x203A16, 0x091108, 0x203A16, 0x040A07, 0x091108, 0x203A16, 0x203A16, 0x091108, 0x07130D, 0x203A16, 0x091108, 0x203A16, 0x040A07, 0x091108, 0x203A16, 0x203A16,
        0x091108, 0x091108, 0x091108, 0x203A16, 0x091108, 0x091108, 0x091108, 0x091108, 0x203A16, 0x091108, 0x091108, 0x091108, 0x203A16, 0x091108, 0x091108, 0x091108,
    },
    {
        0x285826, 0x0A1C0E, 0x14361A, 0x285826, 0x518C34, 0x0A1C0E, 0x0A1C0E, 0x285826, 0x0A1C0E, 0x0A1C0E, 0x14361A, 0x285826, 0x0A1C0E, 0x0A1C0E, 0x14361A, 0x14361A,
        0x0A1C0E, 0x285826, 0x14361A, 0x0A1C0E, 0x0A1C0E, 0x14361A, 0x0A1C0E, 0x285826, 0x518C34, 0x0A1C0E, 0x285826, 0x0A1C0E, 0x14361A, 0x593B22, 0x2A1B11, 0x14361A,
        0x0A1C0E, 0x2A1B11, 0x593B22, 0x14361A, 0x0A1C0E, 0x285826, 0x14361A, 0x132A1C, 0x285826, 0x285826, 0x285826, 0x285826, 0x0A1C0E, 0x593B22, 0x2A1B11, 0x14361A,
        0x0A1C0E, 0x2A1B11, 0x593B22, 0x14361A, 0x285826, 0x14361A, 0x132A1C, 0x132A1C, 0x132A1C, 0x285826, 0x132A1C, 0x285826, 0x0A1C0E, 0x593B22, 0x2A1B11, 0x0A1C0E,
        0x285826, 0x2A1B11, 0x593B22, 0x07130D, 0x14361A, 0x132A1C, 0x132A1C, 0x132A1C, 0x132A1C, 0x3A6239, 0x446D34, 0x284826, 0x285826, 0x593B22, 0x2A1B11, 0x14361A,
        0x040A07, 0x2A1B11, 0x593B22, 0x07130D, 0x07130D, 0x132A1C, 0x1B1D18, 0x3A6239, 0x3A6239, 0x3A6239, 0x446D34, 0x284826, 0x132A1C, 0x593B22, 0x2A1B11, 0x14361A,
        0x040A07, 0x2A1B11, 0x593B22, 0x07130D, 0x07130D, 0x132A1C, 0x1B1D18, 0x3A6239, 0x6E8A40, 0x446D34, 0x1B1D18, 0x3A6239, 0x132A1C, 0x593B22, 0x2A1B11, 0x07130D,
        0x040A07, 0x2A1B11, 0x593B22, 0x07130D, 0x07130D, 0x132A1C, 0x1B1D18, 0x3A6239, 0x3A6239, 0x446D34, 0x1B1D18, 0x3A6239, 0x6E8A40, 0x593B22, 0x2A1B11, 0x07130D,
        0x040A07, 0x2A1B11, 0x593B22, 0x07130D, 0x07130D, 0x132A1C, 0x1B1D18, 0x3A6239, 0x446D34, 0x284826, 0x1B1D18, 0x3A6239, 0x446D34, 0x593B22, 0x2A1B11, 0x07130D,
        0x040A07, 0x2A1B11, 0x593B22, 0x07130D, 0x07130D, 0x132A1C, 0x1B1D18, 0x132A1C, 0x446D34, 0x284826, 0x1B1D18, 0x284826, 0x284826, 0x593B22, 0x2A1B11, 0x07130D,
        0x040A07, 0x2A1B11, 0x593B22, 0x07130D, 0x07130D, 0x07130D, 0x1B1D18, 0x284826, 0x284826, 0x132A1C, 0x1B1D18, 0x284826, 0x284826, 0x593B22, 0x2A1B11, 0x07130D,
        0x040A07, 0x2A1B11, 0x593B22, 0x07130D, 0x203A16, 0x07130D, 0x1B1D18, 0x284826, 0x284826, 0x132A1C, 0x1B1D18, 0x203A16, 0x07130D, 0x593B22, 0x2A1B11, 0x07130D,
        0x040A07, 0x2A1B11, 0x593B22, 0x040A07, 0xA86A28, 0x07130D, 0x1B1D18, 0x284826, 0xD2EE86, 0x07130D, 0x1B1D18, 0x091108, 0x07130D, 0x593B22, 0x2A1B11, 0x040A07,
        0x040A07, 0x203A16, 0x593B22, 0x040A07, 0x203A16, 0x07130D, 0x1B1D18, 0x203A16, 0x07130D, 0x07130D, 0x203A16, 0x07130D, 0x07130D, 0x203A16, 0x2A1B11, 0x040A07,
        0x203A16, 0x091108, 0x203A16, 0x040A07, 0x091108, 0x203A16, 0x203A16, 0x091108, 0x07130D, 0x203A16, 0x091108, 0x203A16, 0x040A07, 0x091108, 0x203A16, 0x203A16,
        0x091108, 0x091108, 0x091108, 0x203A16, 0x091108, 0x091108, 0x091108, 0x091108, 0x203A16, 0x091108, 0x091108, 0x091108, 0x203A16, 0x091108, 0x091108, 0x091108,
    },
    {
        0x285826, 0x0A1C0E, 0x0A1C0E, 0x14361A, 0x285826, 0x0A1C0E, 0x0A1C0E, 0x285826, 0x0A1C0E, 0x0A1C0E, 0x14361A, 0x518C34, 0x0A1C0E, 0x0A1C0E, 0x0A1C0E, 0x14361A,
        0x0A1C0E, 0x285826, 0x0A1C0E, 0x0A1C0E, 0x0A1C0E, 0x0A1C0E, 0x0A1C0E, 0x285826, 0x518C34, 0x0A1C0E, 0x285826, 0x0A1C0E, 0x285826, 0x593B22, 0x2A1B11, 0x285826,
        0x0A1C0E, 0x2A1B11, 0x593B22, 0x14361A, 0x0A1C0E, 0x285826, 0x14361A, 0x132A1C, 0x285826, 0x285826, 0x285826, 0x285826, 0x14361A, 0x593B22, 0x2A1B11, 0x14361A,
        0x0A1C0E, 0x2A1B11, 0x593B22, 0x285826, 0x14361A, 0x14361A, 0x132A1C, 0x132A1C, 0x132A1C, 0x285826, 0x132A1C, 0x285826, 0x0A1C0E, 0x593B22, 0x2A1B11, 0x0A1C0E,
        0x14361A, 0x2A1B11, 0x593B22, 0x07130D, 0x14361A, 0x132A1C, 0x132A1C, 0x132A1C, 0x132A1C, 0x386037, 0x426B33, 0x274625, 0x285826, 0x593B22, 0x2A1B11, 0x14361A,
        0x040A07, 0x2A1B11, 0x593B22, 0x07130D, 0x07130D, 0x132A1C, 0x1B1D18, 0x386037, 0x386037, 0x386037, 0x426B33, 0x274625, 0x132A1C, 0x593B22, 0x2A1B11, 0x14361A,
        0x040A07, 0x2A1B11, 0x593B22, 0x07130D, 0x07130D, 0x132A1C, 0x1B1D18, 0x386037, 0x6E8A40, 0x426B33, 0x1B1D18, 0x386037, 0x132A1C, 0x593B22, 0x2A1B11, 0x07130D,
        0x040A07, 0x2A1B11, 0x593B22, 0x07130D, 0x07130D, 0x132A1C, 0x1B1D18, 0x386037, 0x386037, 0x426B33, 0x1B1D18, 0x386037, 0x6E8A40, 0x593B22, 0x2A1B11, 0x07130D,
        0x040A07, 0x2A1B11, 0x593B22, 0x07130D, 0x07130D, 0x132A1C, 0x1B1D18, 0x386037, 0x426B33, 0x274625, 0x1B1D18, 0x386037, 0x426B33, 0x593B22, 0x2A1B11, 0x07130D,
        0x040A07, 0x2A1B11, 0x593B22, 0x07130D, 0x07130D, 0x132A1C, 0x1B1D18, 0x132A1C, 0x426B33, 0x274625, 0x1B1D18, 0x274625, 0x274625, 0x593B22, 0x2A1B11, 0x07130D,
        0x040A07, 0x2A1B11, 0x593B22, 0x07130D, 0x07130D, 0x07130D, 0x1B1D18, 0x274625, 0x274625, 0x132A1C, 0x1B1D18, 0x274625, 0x274625, 0x593B22, 0x2A1B11, 0x07130D,
        0x040A07, 0x2A1B11, 0x593B22, 0x07130D, 0x203A16, 0x07130D, 0x1B1D18, 0x274625, 0x274625, 0x132A1C, 0x1B1D18, 0x203A16, 0x07130D, 0x593B22, 0x2A1B11, 0x07130D,
        0x040A07, 0x2A1B11, 0x593B22, 0x040A07, 0x091108, 0x07130D, 0x1B1D18, 0x274625, 0xD2EE86, 0x07130D, 0x1B1D18, 0x091108, 0x07130D, 0x593B22, 0x2A1B11, 0x040A07,
        0x040A07, 0x203A16, 0x593B22, 0x040A07, 0xA86A28, 0x07130D, 0x1B1D18, 0x203A16, 0x07130D, 0x07130D, 0x203A16, 0x07130D, 0x07130D, 0x203A16, 0x2A1B11, 0x040A07,
        0x203A16, 0x091108, 0x203A16, 0x040A07, 0x091108, 0x203A16, 0x203A16, 0x091108, 0x07130D, 0x203A16, 0x091108, 0x203A16, 0x040A07, 0x091108, 0x203A16, 0x203A16,
        0x091108, 0x091108, 0x091108, 0x203A16, 0x091108, 0x091108, 0x091108, 0x091108, 0x203A16, 0x091108, 0x091108, 0x091108, 0x203A16, 0x091108, 0x091108, 0x091108,
    },
    {
        0x285826, 0x0A1C0E, 0x0A1C0E, 0x14361A, 0x285826, 0x0A1C0E, 0x14361A, 0x285826, 0x0A1C0E, 0x0A1C0E, 0x14361A, 0x285826, 0x0A1C0E, 0x0A1C0E, 0x0A1C0E, 0x14361A,
        0x0A1C0E, 0x285826, 0x0A1C0E, 0x0A1C0E, 0x0A1C0E, 0x0A1C0E, 0x0A1C0E, 0x285826, 0x518C34, 0x0A1C0E, 0x285826, 0x0A1C0E, 0x14361A, 0x593B22, 0x2A1B11, 0x14361A,
        0x0A1C0E, 0x2A1B11, 0x593B22, 0x14361A, 0x0A1C0E, 0x285826, 0x14361A, 0x132A1C, 0x285826, 0x285826, 0x285826, 0x285826, 0x0A1C0E, 0x593B22, 0x2A1B11, 0x14361A,
        0x0A1C0E, 0x2A1B11, 0x593B22, 0x14361A, 0x14361A, 0x14361A, 0x132A1C, 0x132A1C, 0x132A1C, 0x285826, 0x132A1C, 0x285826, 0x0A1C0E, 0x593B22, 0x2A1B11, 0x0A1C0E,
        0x14361A, 0x2A1B11, 0x593B22, 0x07130D, 0x285826, 0x132A1C, 0x132A1C, 0x132A1C, 0x132A1C, 0x365D36, 0x416A32, 0x254425, 0x285826, 0x593B22, 0x2A1B11, 0x14361A,
        0x040A07, 0x2A1B11, 0x593B22, 0x07130D, 0x07130D, 0x132A1C, 0x1B1D18, 0x365D36, 0x365D36, 0x365D36, 0x416A32, 0x254425, 0x132A1C, 0x593B22, 0x2A1B11, 0x285826,
        0x040A07, 0x2A1B11, 0x593B22, 0x07130D, 0x07130D, 0x132A1C, 0x1B1D18, 0x365D36, 0x6E8A40, 0x416A32, 0x1B1D18, 0x365D36, 0x132A1C, 0x593B22, 0x2A1B11, 0x07130D,
        0x040A07, 0x2A1B11, 0x593B22, 0x07130D, 0x07130D, 0x132A1C, 0x1B1D18, 0x365D36, 0x365D36, 0x416A32, 0x1B1D18, 0x365D36, 0xD2EE86, 0x593B22, 0x2A1B11, 0x07130D,
        0x040A07, 0x2A1B11, 0x593B22, 0x07130D, 0x07130D, 0x132A1C, 0x1B1D18, 0x365D36, 0x416A32, 0x254425, 0x1B1D18, 0x365D36, 0x416A32, 0x593B22, 0x2A1B11, 0x07130D,
        0x040A07, 0x2A1B11, 0x593B22, 0x07130D, 0x07130D, 0x132A1C, 0x1B1D18, 0x132A1C, 0x416A32, 0x254425, 0x1B1D18, 0x254425, 0x254425, 0x593B22, 0x2A1B11, 0x07130D,
        0x040A07, 0x2A1B11, 0x593B22, 0x07130D, 0x07130D, 0x07130D, 0x1B1D18, 0x254425, 0x254425, 0x132A1C, 0x1B1D18, 0x254425, 0x254425, 0x593B22, 0x2A1B11, 0x07130D,
        0x040A07, 0x2A1B11, 0x593B22, 0x07130D, 0x203A16, 0x07130D, 0x1B1D18, 0x254425, 0x254425, 0x132A1C, 0x1B1D18, 0x203A16, 0x07130D, 0x593B22, 0x2A1B11, 0x07130D,
        0x040A07, 0x2A1B11, 0x593B22, 0x040A07, 0x091108, 0x07130D, 0x1B1D18, 0x254425, 0x6E8A40, 0x07130D, 0x1B1D18, 0x091108, 0x07130D, 0x593B22, 0x2A1B11, 0x040A07,
        0x040A07, 0x203A16, 0x593B22, 0x040A07, 0xA86A28, 0x07130D, 0x1B1D18, 0x203A16, 0x07130D, 0x07130D, 0x203A16, 0x07130D, 0x07130D, 0x203A16, 0x2A1B11, 0x040A07,
        0x203A16, 0x091108, 0x203A16, 0x040A07, 0x091108, 0x203A16, 0x203A16, 0x091108, 0x07130D, 0x203A16, 0x091108, 0x203A16, 0x040A07, 0x091108, 0x203A16, 0x203A16,
        0x091108, 0x091108, 0x091108, 0x203A16, 0x091108, 0x091108, 0x091108, 0x091108, 0x203A16, 0x091108, 0x091108, 0x091108, 0x203A16, 0x091108, 0x091108, 0x091108,
    },
    {
        0x285826, 0x14361A, 0x0A1C0E, 0x14361A, 0x285826, 0x0A1C0E, 0x0A1C0E, 0x285826, 0x0A1C0E, 0x14361A, 0x14361A, 0x285826, 0x0A1C0E, 0x0A1C0E, 0x0A1C0E, 0x14361A,
        0x0A1C0E, 0x518C34, 0x0A1C0E, 0x0A1C0E, 0x0A1C0E, 0x0A1C0E, 0x0A1C0E, 0x285826, 0x518C34, 0x0A1C0E, 0x285826, 0x0A1C0E, 0x14361A, 0x593B22, 0x2A1B11, 0x14361A,
        0x0A1C0E, 0x2A1B11, 0x593B22, 0x14361A, 0x0A1C0E, 0x285826, 0x14361A, 0x132A1C, 0x285826, 0x285826, 0x285826, 0x285826, 0x0A1C0E, 0x593B22, 0x2A1B11, 0x285826,
        0x0A1C0E, 0x2A1B11, 0x593B22, 0x14361A, 0x14361A, 0x14361A, 0x132A1C, 0x132A1C, 0x132A1C, 0x285826, 0x132A1C, 0x285826, 0x0A1C0E, 0x593B22, 0x2A1B11, 0x0A1C0E,
        0x14361A, 0x2A1B11, 0x593B22, 0x07130D, 0x14361A, 0x132A1C, 0x132A1C, 0x132A1C, 0x132A1C, 0x355B35, 0x406932, 0x244224, 0x285826, 0x593B22, 0x2A1B11, 0x14361A,
        0x040A07, 0x2A1B11, 0x593B22, 0x07130D, 0x07130D, 0x132A1C, 0x1B1D18, 0x355B35, 0x6E8A40, 0x355B35, 0x406932, 0x244224, 0x132A1C, 0x593B22, 0x2A1B11, 0x14361A,
        0x040A07, 0x2A1B11, 0x593B22, 0x07130D, 0x07130D, 0x132A1C, 0x1B1D18, 0x355B35, 0x355B35, 0x406932, 0x1B1D18, 0xD2EE86, 0x132A1C, 0x593B22, 0x2A1B11, 0x07130D,
        0x040A07, 0x2A1B11, 0x593B22, 0x07130D, 0x07130D, 0x132A1C, 0x1B1D18, 0x355B35, 0x355B35, 0x406932, 0x1B1D18, 0x355B35, 0x406932, 0x593B22, 0x2A1B11, 0x07130D,
        0x040A07, 0x2A1B11, 0x593B22, 0x07130D, 0x07130D, 0x132A1C, 0x1B1D18, 0x355B35, 0x406932, 0x244224, 0x1B1D18, 0x355B35, 0x406932, 0x593B22, 0x2A1B11, 0x07130D,
        0x040A07, 0x2A1B11, 0x593B22, 0x07130D, 0x07130D, 0x132A1C, 0x1B1D18, 0x132A1C, 0x406932, 0x244224, 0x1B1D18, 0x244224, 0x244224, 0x593B22, 0x2A1B11, 0x07130D,
        0x040A07, 0x2A1B11, 0x593B22, 0x07130D, 0x07130D, 0x07130D, 0x1B1D18, 0x244224, 0x244224, 0x132A1C, 0x1B1D18, 0x244224, 0x244224, 0x593B22, 0x2A1B11, 0x07130D,
        0x040A07, 0x2A1B11, 0x593B22, 0x07130D, 0x203A16, 0x07130D, 0x1B1D18, 0x6E8A40, 0x244224, 0x132A1C, 0x1B1D18, 0x203A16, 0x07130D, 0x593B22, 0x2A1B11, 0x07130D,
        0x040A07, 0x2A1B11, 0x593B22, 0x040A07, 0x091108, 0x07130D, 0x1B1D18, 0x244224, 0x07130D, 0x07130D, 0x1B1D18, 0x091108, 0x07130D, 0x593B22, 0x2A1B11, 0x040A07,
        0x040A07, 0x203A16, 0x593B22, 0x040A07, 0x203A16, 0x07130D, 0x1B1D18, 0x203A16, 0x07130D, 0x07130D, 0x203A16, 0x07130D, 0x07130D, 0x203A16, 0x2A1B11, 0x040A07,
        0x203A16, 0x091108, 0x203A16, 0x040A07, 0x091108, 0xA86A28, 0x203A16, 0x091108, 0x07130D, 0x203A16, 0x091108, 0x203A16, 0x040A07, 0x091108, 0x203A16, 0x203A16,
        0x091108, 0x091108, 0x091108, 0x203A16, 0x091108, 0x091108, 0x091108, 0x091108, 0x203A16, 0x091108, 0x091108, 0x091108, 0x203A16, 0x091108, 0x091108, 0x091108,
    },
    {
        0x285826, 0x0A1C0E, 0x14361A, 0x14361A, 0x285826, 0x0A1C0E, 0x0A1C0E, 0x285826, 0x0A1C0E, 0x0A1C0E, 0x14361A, 0x285826, 0x0A1C0E, 0x0A1C0E, 0x0A1C0E, 0x14361A,
        0x0A1C0E, 0x285826, 0x0A1C0E, 0x0A1C0E, 0x0A1C0E, 0x0A1C0E, 0x0A1C0E, 0x285826, 0x518C34, 0x0A1C0E, 0x285826, 0x0A1C0E, 0x14361A, 0x593B22, 0x2A1B11, 0x14361A,
        0x0A1C0E, 0x2A1B11, 0x593B22, 0x14361A, 0x0A1C0E, 0x285826, 0x14361A, 0x132A1C, 0x518C34, 0x285826, 0x285826, 0x285826, 0x0A1C0E, 0x593B22, 0x2A1B11, 0x14361A,
        0x0A1C0E, 0x2A1B11, 0x593B22, 0x14361A, 0x14361A, 0x14361A, 0x132A1C, 0x132A1C, 0x132A1C, 0x285826, 0x132A1C, 0x285826, 0x0A1C0E, 0x593B22, 0x2A1B11, 0x0A1C0E,
        0x14361A, 0x2A1B11, 0x593B22, 0x07130D, 0x14361A, 0x132A1C, 0x132A1C, 0x132A1C, 0x132A1C, 0x335934, 0x3F6731, 0x234023, 0x285826, 0x593B22, 0x2A1B11, 0x14361A,
        0x040A07, 0x2A1B11, 0x593B22, 0x07130D, 0x07130D, 0x132A1C, 0x1B1D18, 0x335934, 0x6E8A40, 0x335934, 0x3F6731, 0x234023, 0x132A1C, 0x593B22, 0x2A1B11, 0x14361A,
        0x040A07, 0x2A1B11, 0x593B22, 0x07130D, 0x07130D, 0x132A1C, 0x1B1D18, 0x335934, 0x335934, 0x3F6731, 0x1B1D18, 0x6E8A40, 0x132A1C, 0x593B22, 0x2A1B11, 0x07130D,
        0x040A07, 0x2A1B11, 0x593B22, 0x07130D, 0x07130D, 0x132A1C, 0x1B1D18, 0x335934, 0x335934, 0x3F6731, 0x1B1D18, 0x335934, 0x3F6731, 0x593B22, 0x2A1B11, 0x07130D,
        0x040A07, 0x2A1B11, 0x593B22, 0x07130D, 0x07130D, 0x132A1C, 0x1B1D18, 0x335934, 0x3F6731, 0x234023, 0x1B1D18, 0x335934, 0x3F6731, 0x593B22, 0x2A1B11, 0x07130D,
        0x040A07, 0x2A1B11, 0x593B22, 0x07130D, 0x07130D, 0x132A1C, 0x1B1D18, 0x132A1C, 0x3F6731, 0x234023, 0x1B1D18, 0x234023, 0x234023, 0x593B22, 0x2A1B11, 0x07130D,
        0x040A07, 0x2A1B11, 0x593B22, 0x07130D, 0x07130D, 0x07130D, 0x1B1D18, 0x234023, 0x234023, 0x132A1C, 0x1B1D18, 0x234023, 0x234023, 0x593B22, 0x2A1B11, 0x07130D,
        0x040A07, 0x2A1B11, 0x593B22, 0x07130D, 0x203A16, 0x07130D, 0x1B1D18, 0xD2EE86, 0x234023, 0x132A1C, 0x1B1D18, 0x203A16, 0x07130D, 0x593B22, 0x2A1B11, 0x07130D,
        0x040A07, 0x2A1B11, 0x593B22, 0x040A07, 0x091108, 0x07130D, 0x1B1D18, 0x234023, 0x07130D, 0x07130D, 0x1B1D18, 0x091108, 0x07130D, 0x593B22, 0x2A1B11, 0x040A07,
        0x040A07, 0x203A16, 0x593B22, 0x040A07, 0x203A16, 0x07130D, 0x1B1D18, 0x203A16, 0x07130D, 0x07130D, 0x203A16, 0x07130D, 0x07130D, 0x203A16, 0x2A1B11, 0x040A07,
        0x203A16, 0x091108, 0x203A16, 0x040A07, 0x091108, 0xA86A28, 0x203A16, 0x091108, 0x07130D, 0x203A16, 0x091108, 0x203A16, 0x040A07, 0x091108, 0x203A16, 0x203A16,
        0x091108, 0x091108, 0x091108, 0x203A16, 0x091108, 0x091108, 0x091108, 0x091108, 0x203A16, 0x091108, 0x091108, 0x091108, 0x203A16, 0x091108, 0x091108, 0x091108,
    },
    {
        0x285826, 0x0A1C0E, 0x0A1C0E, 0x14361A, 0x285826, 0x0A1C0E, 0x0A1C0E, 0x285826, 0x0A1C0E, 0x0A1C0E, 0x14361A, 0x285826, 0x0A1C0E, 0x0A1C0E, 0x0A1C0E, 0x14361A,
        0x0A1C0E, 0x285826, 0x0A1C0E, 0x0A1C0E, 0x0A1C0E, 0x0A1C0E, 0x0A1C0E, 0x285826, 0x518C34, 0x0A1C0E, 0x285826, 0x0A1C0E, 0x14361A, 0x593B22, 0x2A1B11, 0x14361A,
        0x0A1C0E, 0x2A1B11, 0x593B22, 0x14361A, 0x0A1C0E, 0x285826, 0x14361A, 0x132A1C, 0x285826, 0x285826, 0x285826, 0x518C34, 0x0A1C0E, 0x593B22, 0x2A1B11, 0x285826,
        0x0A1C0E, 0x2A1B11, 0x593B22, 0x14361A, 0x14361A, 0x14361A, 0x132A1C, 0x132A1C, 0x132A1C, 0x285826, 0x132A1C, 0x285826, 0x0A1C0E, 0x593B22, 0x2A1B11, 0x14361A,
        0x285826, 0x2A1B11, 0x593B22, 0x07130D, 0x14361A, 0x132A1C, 0x132A1C, 0x132A1C, 0x132A1C, 0x325833, 0x3F6731, 0x223F23, 0x285826, 0x593B22, 0x2A1B11, 0x14361A,
        0x040A07, 0x2A1B11, 0x593B22, 0x07130D, 0x07130D, 0x132A1C, 0x1B1D18, 0x325833, 0x6E8A40, 0x325833, 0x3F6731, 0x223F23, 0x132A1C, 0x593B22, 0x2A1B11, 0x285826,
        0x040A07, 0x2A1B11, 0x593B22, 0x07130D, 0x07130D, 0x132A1C, 0x1B1D18, 0x325833, 0x325833, 0x3F6731, 0x1B1D18, 0x6E8A40, 0x132A1C, 0x593B22, 0x2A1B11, 0x07130D,
        0x040A07, 0x2A1B11, 0x593B22, 0x07130D, 0x07130D, 0x132A1C, 0x1B1D18, 0x325833, 0x325833, 0x3F6731, 0x1B1D18, 0x325833, 0x3F6731, 0x593B22, 0x2A1B11, 0x07130D,
        0x040A07, 0x2A1B11, 0x593B22, 0x07130D, 0x07130D, 0x132A1C, 0x1B1D18, 0x325833, 0x3F6731, 0x223F23, 0x1B1D18, 0x325833, 0x3F6731, 0x593B22, 0x2A1B11, 0x07130D,
        0x040A07, 0x2A1B11, 0x593B22, 0x07130D, 0x07130D, 0x132A1C, 0x1B1D18, 0x132A1C, 0x3F6731, 0x223F23, 0x1B1D18, 0x223F23, 0x223F23, 0x593B22, 0x2A1B11, 0x07130D,
        0x040A07, 0x2A1B11, 0x593B22, 0x07130D, 0x07130D, 0x07130D, 0x1B1D18, 0x223F23, 0x223F23, 0x132A1C, 0x1B1D18, 0x223F23, 0x223F23, 0x593B22, 0x2A1B11, 0x07130D,
        0x040A07, 0x2A1B11, 0x593B22, 0x07130D, 0x203A16, 0x07130D, 0x1B1D18, 0xD2EE86, 0x223F23, 0x132A1C, 0x1B1D18, 0x203A16, 0x07130D, 0x593B22, 0x2A1B11, 0x07130D,
        0x040A07, 0x2A1B11, 0x593B22, 0x040A07, 0x091108, 0x07130D, 0x1B1D18, 0x223F23, 0x07130D, 0x07130D, 0x1B1D18, 0x091108, 0x07130D, 0x593B22, 0x2A1B11, 0x040A07,
        0x040A07, 0x203A16, 0x593B22, 0x040A07, 0x203A16, 0x07130D, 0x1B1D18, 0x203A16, 0x07130D, 0x07130D, 0x203A16, 0x07130D, 0x07130D, 0x203A16, 0x2A1B11, 0x040A07,
        0x203A16, 0x091108, 0x203A16, 0x040A07, 0x091108, 0x203A16, 0x203A16, 0x091108, 0x07130D, 0x203A16, 0x091108, 0x203A16, 0x040A07, 0x091108, 0x203A16, 0x203A16,
        0x091108, 0x091108, 0x091108, 0x203A16, 0x091108, 0xA86A28, 0x091108, 0x091108, 0x203A16, 0x091108, 0x091108, 0x091108, 0x203A16, 0x091108, 0x091108, 0x091108,
    },
    {
        0x285826, 0x0A1C0E, 0x0A1C0E, 0x14361A, 0x285826, 0x0A1C0E, 0x0A1C0E, 0x285826, 0x0A1C0E, 0x0A1C0E, 0x14361A, 0x285826, 0x0A1C0E, 0x0A1C0E, 0x0A1C0E, 0x14361A,
        0x0A1C0E, 0x285826, 0x0A1C0E, 0x0A1C0E, 0x0A1C0E, 0x0A1C0E, 0x0A1C0E, 0x285826, 0x518C34, 0x0A1C0E, 0x285826, 0x0A1C0E, 0x14361A, 0x593B22, 0x2A1B11, 0x14361A,
        0x0A1C0E, 0x2A1B11, 0x593B22, 0x14361A, 0x0A1C0E, 0x285826, 0x285826, 0x132A1C, 0x285826, 0x518C34, 0x285826, 0x285826, 0x0A1C0E, 0x593B22, 0x2A1B11, 0x14361A,
        0x0A1C0E, 0x2A1B11, 0x593B22, 0x14361A, 0x14361A, 0x14361A, 0x132A1C, 0x132A1C, 0x132A1C, 0x285826, 0x132A1C, 0x285826, 0x14361A, 0x593B22, 0x2A1B11, 0x0A1C0E,
        0x14361A, 0x2A1B11, 0x593B22, 0x07130D, 0x14361A, 0x132A1C, 0x132A1C, 0x132A1C, 0x132A1C, 0x325733, 0x3E6631, 0x223E23, 0x285826, 0x593B22, 0x2A1B11, 0x14361A,
        0x040A07, 0x2A1B11, 0x593B22, 0x07130D, 0x07130D, 0x132A1C, 0x1B1D18, 0x325733, 0x6E8A40, 0x325733, 0x3E6631, 0x223E23, 0x132A1C, 0x593B22, 0x2A1B11, 0x14361A,
        0x040A07, 0x2A1B11, 0x593B22, 0x07130D, 0x07130D, 0x132A1C, 0x1B1D18, 0x325733, 0x325733, 0x3E6631, 0x1B1D18, 0xD2EE86, 0x132A1C, 0x593B22, 0x2A1B11, 0x07130D,
        0x040A07, 0x2A1B11, 0x593B22, 0x07130D, 0x07130D, 0x132A1C, 0x1B1D18, 0x325733, 0x325733, 0x3E6631, 0x1B1D18, 0x325733, 0x3E6631, 0x593B22, 0x2A1B11, 0x07130D,
        0x040A07, 0x2A1B11, 0x593B22, 0x07130D, 0x07130D, 0x132A1C, 0x1B1D18, 0x325733, 0x3E6631, 0x223E23, 0x1B1D18, 0x325733, 0x3E6631, 0x593B22, 0x2A1B11, 0x07130D,
        0x040A07, 0x2A1B11, 0x593B22, 0x07130D, 0x07130D, 0x132A1C, 0x1B1D18, 0x132A1C, 0x3E6631, 0x223E23, 0x1B1D18, 0x223E23, 0x223E23, 0x593B22, 0x2A1B11, 0x07130D,
        0x040A07, 0x2A1B11, 0x593B22, 0x07130D, 0x07130D, 0x07130D, 0x1B1D18, 0x223E23, 0x223E23, 0x132A1C, 0x1B1D18, 0x223E23, 0x223E23, 0x593B22, 0x2A1B11, 0x07130D,
        0x040A07, 0x2A1B11, 0x593B22, 0x07130D, 0x203A16, 0x07130D, 0x1B1D18, 0x6E8A40, 0x223E23, 0x132A1C, 0x1B1D18, 0x203A16, 0x07130D, 0x593B22, 0x2A1B11, 0x07130D,
        0x040A07, 0x2A1B11, 0x593B22, 0x040A07, 0x091108, 0x07130D, 0x1B1D18, 0x223E23, 0x07130D, 0x07130D, 0x1B1D18, 0x091108, 0x07130D, 0x593B22, 0x2A1B11, 0x040A07,
        0x040A07, 0x203A16, 0x593B22, 0x040A07, 0x203A16, 0x07130D, 0x1B1D18, 0x203A16, 0x07130D, 0x07130D, 0x203A16, 0x07130D, 0x07130D, 0x203A16, 0x2A1B11, 0x040A07,
        0x203A16, 0x091108, 0x203A16, 0x040A07, 0x091108, 0x203A16, 0x203A16, 0x091108, 0x07130D, 0x203A16, 0x091108, 0x203A16, 0x040A07, 0x091108, 0x203A16, 0x203A16,
        0x091108, 0x091108, 0x091108, 0x203A16, 0x091108, 0xA86A28, 0x091108, 0x091108, 0x203A16, 0x091108, 0x091108, 0x091108, 0x203A16, 0x091108, 0x091108, 0x091108,
    },
};

static const uint16_t forest16_anim_rgb565[32][256] = {
    {
        0x2AC4, 0x08E1, 0x11A3, 0x11A3, 0xAB45, 0x08E1, 0x08E1, 0x2AC4, 0x08E1, 0x08E1, 0x11A3, 0x2AC4, 0x08E1, 0x08E1, 0x08E1, 0x11A3,
        0x08E1, 0x2AC4, 0x08E1, 0x08E1, 0x08E1, 0x08E1, 0x08E1, 0x2AC4, 0x5466, 0x08E1, 0x2AC4, 0x08E1, 0x11A3, 0x59C4, 0x28C2, 0x11A3,
        0x08E1, 0x28C2, 0x59C4, 0x11A3, 0x08E1, 0x2AC4, 0x2AC4, 0x1143, 0x2AC4, 0x2AC4, 0x2AC4, 0x2AC4, 0x08E1, 0x59C4, 0x28C2, 0x11A3,
        0x08E1, 0x28C2, 0x59C4, 0x11A3, 0x11A3, 0x11A3, 0x1143, 0x1143, 0x1143, 0x2AC4, 0x1143, 0x2AC4, 0x08E1, 0x59C4, 0x28C2, 0x08E1,
        0x11A3, 0x28C2, 0x59C4, 0x0081, 0x11A3, 0x1143, 0x1143, 0x1143, 0x1143, 0x32A6, 0x3B26, 0x21E4, 0x2AC4, 0x59C4, 0x28C2, 0x11A3,
        0x0040, 0x28C2, 0x59C4, 0x0081, 0x0081, 0x1143, 0x18E3, 0x32A6, 0x32A6, 0x32A6, 0x3B26, 0xD770, 0x1143, 0x59C4, 0x28C2, 0x11A3,
        0x0040, 0x28C2, 0x59C4, 0x0081, 0x0081, 0x1143, 0x18E3, 0x32A6, 0x32A6, 0x3B26, 0x18E3, 0x32A6, 0x1143, 0x59C4, 0x28C2, 0x0081,
        0x0040, 0x28C2, 0x59C4, 0x0081, 0x0081, 0x1143, 0x18E3, 0x32A6, 0x32A6, 0x3B26, 0x18E3, 0x32A6, 0x3B26, 0x59C4, 0x28C2, 0x0081,
        0x0040, 0x28C2, 0x59C4, 0x0081, 0x0081, 0x1143, 0x18E3, 0x32A6, 0x3B26, 0x21E4, 0x18E3, 0x32A6, 0x3B26, 0x59C4, 0x28C2, 0x0081,
        0x0040, 0x28C2, 0x59C4, 0x0081, 0x0081, 0x1143, 0x18E3, 0x1143, 0x3B26, 0x21E4, 0x18E3, 0x21E4, 0x21E4, 0x59C4, 0x28C2, 0x0081,
        0x0040, 0x28C2, 0x59C4, 0x0081, 0x0081, 0x0081, 0x18E3, 0x6C48, 0x21E4, 0x1143, 0x18E3, 0x21E4, 0x21E4, 0x59C4, 0x28C2, 0x0081,
        0x0040, 0x28C2, 0x59C4, 0x0081, 0x21C2, 0x0081, 0x18E3, 0x21E4, 0x21E4, 0x1143, 0x18E3, 0x21C2, 0x0081, 0x59C4, 0x28C2, 0x0081,
        0x0040, 0x28C2, 0x59C4, 0x0040, 0x0881, 0x0081, 0x18E3, 0x21E4, 0x0081, 0x0081, 0x18E3, 0x6C48, 0x0081, 0x59C4, 0x28C2, 0x0040,
        0x0040, 0x21C2, 0x59C4, 0x0040, 0x21C2, 0x0081, 0x18E3, 0x21C2, 0x0081, 0x0081, 0x21C2, 0x0081, 0x0081, 0x21C2, 0x28C2, 0x0040,
        0x21C2, 0x0881, 0x21C2, 0x0040, 0x0881, 0x21C2, 0x21C2, 0x0881, 0x0081, 0x21C2, 0x0881, 0x21C2, 0x0040, 0x0881, 0x21C2, 0x21C2,
        0x0881, 0x0881, 0x0881, 0x21C2, 0x0881, 0x0881, 0x0881, 0x0881, 0x21C2, 0x0881, 0x0881, 0x0881, 0x21C2, 0x0881, 0x0881, 0x0881,
    },
    {
        0x2AC4, 0x08E1, 0x08E1, 0x11A3, 0xAB45, 0x08E1, 0x08E1, 0x2AC4, 0x08E1, 0x08E1, 0x11A3, 0x2AC4, 0x08E1, 0x08E1, 0x08E1, 0x11A3,
        0x08E1, 0x2AC4, 0x08E1, 0x08E1, 0x08E1, 0x08E1, 0x08E1, 0x2AC4, 0x5466, 0x08E1, 0x2AC4, 0x08E1, 0x11A3, 0x59C4, 0x28C2, 0x11A3,
        0x08E1, 0x28C2, 0x59C4, 0x11A3, 0x08E1, 0x2AC4, 0x11A3, 0x1143, 0x2AC4, 0x2AC4, 0x2AC4, 0x2AC4, 0x08E1, 0x59C4, 0x28C2, 0x11A3,
        0x08E1, 0x28C2, 0x59C4, 0x11A3, 0x11A3, 0x11A3, 0x1143, 0x1143, 0x1143, 0x2AC4, 0x1143, 0x5466, 0x08E1, 0x59C4, 0x28C2, 0x11A3,
        0x11A3, 0x28C2, 0x59C4, 0x0081, 0x11A3, 0x1143, 0x1143, 0x1143, 0x1143, 0x32A6, 0x3B26, 0x21E4, 0x2AC4, 0x59C4, 0x28C2, 0x11A3,
        0x0040, 0x28C2, 0x59C4, 0x0081, 0x0081, 0x1143, 0x18E3, 0x32A6, 0x32A6, 0x32A6, 0x3B26, 0x6C48, 0x1143, 0x59C4, 0x28C2, 0x11A3,
        0x0040, 0x28C2, 0x59C4, 0x0081, 0x0081, 0x1143, 0x18E3, 0x32A6, 0x32A6, 0x3B26, 0x18E3, 0x32A6, 0x1143, 0x59C4, 0x28C2, 0x0081,
        0x0040, 0x28C2, 0x59C4, 0x0081, 0x0081, 0x1143, 0x18E3, 0x32A6, 0x32A6, 0x3B26, 0x18E3, 0x32A6, 0x3B26, 0x59C4, 0x28C2, 0x0081,
        0x0040, 0x28C2, 0x59C4, 0x0081, 0x0081, 0x1143, 0x18E3, 0x32A6, 0x3B26, 0x21E4, 0x18E3, 0x32A6, 0x3B26, 0x59C4, 0x28C2, 0x0081,
        0x0040, 0x28C2, 0x59C4, 0x0081, 0x0081, 0x1143, 0x18E3, 0x1143, 0x3B26, 0x21E4, 0x18E3, 0x21E4, 0x21E4, 0x59C4, 0x28C2, 0x0081,
        0x0040, 0x28C2, 0x59C4, 0x0081, 0x0081, 0x0081, 0x18E3, 0xD770, 0x21E4, 0x1143, 0x18E3, 0x21E4, 0x21E4, 0x59C4, 0x28C2, 0x0081,
        0x0040, 0x28C2, 0x59C4, 0x0081, 0x21C2, 0x0081, 0x18E3, 0x21E4, 0x21E4, 0x1143, 0x18E3, 0x21C2, 0x0081, 0x59C4, 0x28C2, 0x0081,
        0x0040, 0x28C2, 0x59C4, 0x0040, 0x0881, 0x0081, 0x18E3, 0x21E4, 0x0081, 0x0081, 0x18E3, 0x6C48, 0x0081, 0x59C4, 0x28C2, 0x0040,
        0x0040, 0x21C2, 0x59C4, 0x0040, 0x21C2, 0x0081, 0x18E3, 0x21C2, 0x0081, 0x0081, 0x21C2, 0x0081, 0x0081, 0x21C2, 0x28C2, 0x0040,
        0x21C2, 0x0881, 0x21C2, 0x0040, 0x0881, 0x21C2, 0x21C2, 0x0881, 0x0081, 0x21C2, 0x0881, 0x21C2, 0x0040, 0x0881, 0x21C2, 0x21C2,
        0x0881, 0x0881, 0x0881, 0x21C2, 0x0881, 0x0881, 0x0881, 0x0881, 0x21C2, 0x0881, 0x0881, 0x0881, 0x21C2, 0x0881, 0x0881, 0x0881,
    },
    {
        0x2AC4, 0x08E1, 0x08E1, 0x11A3, 0x2AC4, 0x08E1, 0x08E1, 0x2AC4, 0x08E1, 0x08E1, 0x11A3, 0x2AC4, 0x08E1, 0x08E1, 0x08E1, 0x11A3,
        0x08E1, 0x2AC4, 0x11A3, 0x08E1, 0xAB45, 0x08E1, 0x08E1, 0x2AC4, 0x5466, 0x11A3, 0x2AC4, 0x08E1, 0x11A3, 0x59C4, 0x28C2, 0x11A3,
        0x08E1, 0x28C2, 0x59C4, 0x11A3, 0x08E1, 0x2AC4, 0x11A3, 0x1143, 0x2AC4, 0x2AC4, 0x2AC4, 0x2AC4, 0x11A3, 0x59C4, 0x28C2, 0x11A3,
        0x08E1, 0x28C2, 0x59C4, 0x11A3, 0x11A3, 0x11A3, 0x1143, 0x1143, 0x1143, 0x2AC4, 0x1143, 0x2AC4, 0x08E1, 0x59C4, 0x28C2, 0x08E1,
        0x11A3, 0x28C2, 0x59C4, 0x0081, 0x11A3, 0x1143, 0x1143, 0x1143, 0x1143, 0x32C6, 0x3B26, 0x21E4, 0x2AC4, 0x59C4, 0x28C2, 0x11A3,
        0x0040, 0x28C2, 0x59C4, 0x0081, 0x0081, 0x1143, 0x18E3, 0x32C6, 0x32C6, 0x32C6, 0x3B26, 0x6C48, 0x1143, 0x59C4, 0x28C2, 0x11A3,
        0x0040, 0x28C2, 0x59C4, 0x0081, 0x0081, 0x1143, 0x18E3, 0x32C6, 0x32C6, 0x3B26, 0x18E3, 0x32C6, 0x1143, 0x59C4, 0x28C2, 0x0081,
        0x0040, 0x28C2, 0x59C4, 0x0081, 0x0081, 0x1143, 0x18E3, 0x32C6, 0x32C6, 0x3B26, 0x18E3, 0x32C6, 0x3B26, 0x59C4, 0x28C2, 0x0081,
        0x0040, 0x28C2, 0x59C4, 0x0081, 0x0081, 0x1143, 0x18E3, 0x32C6, 0x3B26, 0x21E4, 0x18E3, 0x32C6, 0x3B26, 0x59C4, 0x28C2, 0x0081,
        0x0040, 0x28C2, 0x59C4, 0x0081, 0x0081, 0x1143, 0x18E3, 0x1143, 0x3B26, 0x21E4, 0x18E3, 0x21E4, 0x21E4, 0x59C4, 0x28C2, 0x0081,
        0x0040, 0x28C2, 0x59C4, 0x0081, 0x0081, 0x0081, 0x18E3, 0xD770, 0x21E4, 0x1143, 0x18E3, 0x21E4, 0x21E4, 0x59C4, 0x28C2, 0x0081,
        0x0040, 0x28C2, 0x59C4, 0x0081, 0x21C2, 0x0081, 0x18E3, 0x21E4, 0x21E4, 0x1143, 0x18E3, 0x21C2, 0x0081, 0x59C4, 0x28C2, 0x0081,
        0x0040, 0x28C2, 0x59C4, 0x0040, 0x0881, 0x0081, 0x18E3, 0x21E4, 0x0081, 0x0081, 0x18E3, 0x6C48, 0x0081, 0x59C4, 0x28C2, 0x0040,
        0x0040, 0x21C2, 0x59C4, 0x0040, 0x21C2, 0x0081, 0x18E3, 0x21C2, 0x0081, 0x0081, 0x21C2, 0x0081, 0x0081, 0x21C2, 0x28C2, 0x0040,
        0x21C2, 0x0881, 0x21C2, 0x0040, 0x0881, 0x21C2, 0x21C2, 0x0881, 0x0081, 0x21C2, 0x0881, 0x21C2, 0x0040, 0x0881, 0x21C2, 0x21C2,
        0x0881, 0x0881, 0x0881, 0x21C2, 0x0881, 0x0881, 0x0881, 0x0881, 0x21C2, 0x0881, 0x0881, 0x0881, 0x21C2, 0x0881, 0x0881, 0x0881,
    },
    {
        0x2AC4, 0x08E1, 0x08E1, 0x11A3, 0x2AC4, 0x08E1, 0x08E1, 0x2AC4, 0x08E1, 0x08E1, 0x11A3, 0x2AC4, 0x08E1, 0x08E1, 0x08E1, 0x2AC4,
        0x08E1, 0x2AC4, 0x08E1, 0x08E1, 0xAB45, 0x08E1, 0x08E1, 0x2AC4, 0x5466, 0x08E1, 0x2AC4, 0x08E1, 0x11A3, 0x59C4, 0x28C2, 0x11A3,
        0x08E1, 0x28C2, 0x59C4, 0x11A3, 0x08E1, 0x2AC4, 0x11A3, 0x1143, 0x2AC4, 0x2AC4, 0x2AC4, 0x5466, 0x08E1, 0x59C4, 0x28C2, 0x11A3,
        0x08E1, 0x28C2, 0x59C4, 0x11A3, 0x11A3, 0x11A3, 0x1143, 0x1143, 0x1143, 0x2AC4, 0x1143, 0x2AC4, 0x08E1, 0x59C4, 0x28C2, 0x08E1,
        0x11A3, 0x28C2, 0x59C4, 0x0081, 0x11A3, 0x1143, 0x1143, 0x1143, 0x1143, 0x32C6, 0x3B26, 0x2204, 0x2AC4, 0x59C4, 0x28C2, 0x11A3,
        0x0040, 0x28C2, 0x59C4, 0x0081, 0x0081, 0x1143, 0x18E3, 0x32C6, 0x32C6, 0x32C6, 0x3B26, 0xD770, 0x1143, 0x59C4, 0x28C2, 0x11A3,
        0x0040, 0x28C2, 0x59C4, 0x0081, 0x0081, 0x1143, 0x18E3, 0x32C6, 0x32C6, 0x3B26, 0x18E3, 0x32C6, 0x1143, 0x59C4, 0x28C2, 0x0081,
        0x0040, 0x28C2, 0x59C4, 0x0081, 0x0081, 0x1143, 0x18E3, 0x32C6, 0x32C6, 0x3B26, 0x18E3, 0x32C6, 0x3B26, 0x59C4, 0x28C2, 0x0081,
        0x0040, 0x28C2, 0x59C4, 0x0081, 0x0081, 0x1143, 0x18E3, 0x32C6, 0x3B26, 0x2204, 0x18E3, 0x32C6, 0x3B26, 0x59C4, 0x28C2, 0x0081,
        0x0040, 0x28C2, 0x59C4, 0x0081, 0x0081, 0x1143, 0x18E3, 0x1143, 0x3B26, 0x2204, 0x18E3, 0x2204, 0x2204, 0x59C4, 0x28C2, 0x0081,
        0x0040, 0x28C2, 0x59C4, 0x0081, 0x0081, 0x0081, 0x18E3, 0x6C48, 0x2204, 0x1143, 0x18E3, 0x2204, 0x2204, 0x59C4, 0x28C2, 0x0081,
        0x0040, 0x28C2, 0x59C4, 0x0081, 0x21C2, 0x0081, 0x18E3, 0x2204, 0x2204, 0x1143, 0x18E3, 0x21C2, 0x0081, 0x59C4, 0x28C2, 0x0081,
        0x0040, 0x28C2, 0x59C4, 0x0040, 0x0881, 0x0081, 0x18E3, 0x2204, 0x0081, 0x0081, 0x18E3, 0x6C48, 0x0081, 0x59C4, 0x28C2, 0x0040,
        0x0040, 0x21C2, 0x59C4, 0x0040, 0x21C2, 0x0081, 0x18E3, 0x21C2, 0x0081, 0x0081, 0x21C2, 0x0081, 0x0081, 0x21C2, 0x28C2, 0x0040,
        0x21C2, 0x0881, 0x21C2, 0x0040, 0x0881, 0x21C2, 0x21C2, 0x0881, 0x0081, 0x21C2, 0x0881, 0x21C2, 0x0040, 0x0881, 0x21C2, 0x21C2,
        0x0881, 0x0881, 0x0881, 0x21C2, 0x0881, 0x0881, 0x0881, 0x0881, 0x21C2, 0x0881, 0x0881, 0x0881, 0x21C2, 0x0881, 0x0881, 0x0881,
    },
    {
        0x2AC4, 0x08E1, 0x08E1, 0x11A3, 0x2AC4, 0x08E1, 0x08E1, 0x2AC4, 0x08E1, 0x08E1, 0x11A3, 0x2AC4, 0x08E1, 0x08E1, 0x08E1, 0x11A3,
        0x08E1, 0x2AC4, 0x08E1, 0x08E1, 0x08E1, 0x08E1, 0x11A3, 0x2AC4, 0x5466, 0x11A3, 0x2AC4, 0x08E1, 0x11A3, 0x59C4, 0x28C2, 0x11A3,
        0x08E1, 0x28C2, 0x59C4, 0x11A3, 0x08E1, 0xAB45, 0x11A3, 0x1143, 0x2AC4, 0x2AC4, 0x2AC4, 0x2AC4, 0x08E1, 0x59C4, 0x28C2, 0x11A3,
        0x08E1, 0x28C2, 0x59C4, 0x11A3, 0x11A3, 0x11A3, 0x1143, 0x1143, 0x1143, 0x2AC4, 0x1143, 0x2AC4, 0x08E1, 0x59C4, 0x28C2, 0x08E1,
        0x11A3, 0x28C2, 0x59C4, 0x0081, 0x11A3, 0x1143, 0x1143, 0x1143, 0x1143, 0x32C6, 0x6C48, 0x2204, 0x2AC4, 0x59C4, 0x28C2, 0x11A3,
        0x0040, 0x28C2, 0x59C4, 0x0081, 0x0081, 0x1143, 0x18E3, 0x32C6, 0x32C6, 0x32C6, 0x4346, 0x2204, 0x1143, 0x59C4, 0x28C2, 0x11A3,
        0x0040, 0x28C2, 0x59C4, 0x0081, 0x0081, 0x1143, 0x18E3, 0x32C6, 0x32C6, 0x4346, 0x18E3, 0x32C6, 0x1143, 0x59C4, 0x28C2, 0x0081,
        0x0040, 0x28C2, 0x59C4, 0x0081, 0x0081, 0x1143, 0x18E3, 0x32C6, 0x32C6, 0x4346, 0x18E3, 0x32C6, 0x4346, 0x59C4, 0x28C2, 0x0081,
        0x0040, 0x28C2, 0x59C4, 0x0081, 0x0081, 0x1143, 0x18E3, 0x32C6, 0x4346, 0x2204, 0x18E3, 0x32C6, 0x4346, 0x59C4, 0x28C2, 0x0081,
        0x0040, 0x28C2, 0x59C4, 0x0081, 0x0081, 0x1143, 0x6C48, 0x1143, 0x4346, 0x2204, 0x18E3, 0x2204, 0x2204, 0x59C4, 0x28C2, 0x0081,
        0x0040, 0x28C2, 0x59C4, 0x0081, 0x0081, 0x0081, 0x18E3, 0x2204, 0x2204, 0x1143, 0x18E3, 0x2204, 0x2204, 0x59C4, 0x28C2, 0x0081,
        0x0040, 0x28C2, 0x59C4, 0x0081, 0x21C2, 0x0081, 0x18E3, 0x2204, 0x2204, 0x1143, 0x18E3, 0xD770, 0x0081, 0x59C4, 0x28C2, 0x0081,
        0x0040, 0x28C2, 0x59C4, 0x0040, 0x0881, 0x0081, 0x18E3, 0x2204, 0x0081, 0x0081, 0x18E3, 0x0881, 0x0081, 0x59C4, 0x28C2, 0x0040,
        0x0040, 0x21C2, 0x59C4, 0x0040, 0x21C2, 0x0081, 0x18E3, 0x21C2, 0x0081, 0x0081, 0x21C2, 0x0081, 0x0081, 0x21C2, 0x28C2, 0x0040,
        0x21C2, 0x0881, 0x21C2, 0x0040, 0x0881, 0x21C2, 0x21C2, 0x0881, 0x0081, 0x21C2, 0x0881, 0x21C2, 0x0040, 0x0881, 0x21C2, 0x21C2,
        0x0881, 0x0881, 0x0881, 0x21C2, 0x0881, 0x0881, 0x0881, 0x0881, 0x21C2, 0x0881, 0x0881, 0x0881, 0x21C2, 0x0881, 0x0881, 0x0881,
    },
    {
        0x2AC4, 0x08E1, 0x08E1, 0x11A3, 0x2AC4, 0x08E1, 0x08E1, 0x2AC4, 0x08E1, 0x08E1, 0x11A3, 0x2AC4, 0x08E1, 0x08E1, 0x08E1, 0x11A3,
        0x08E1, 0x2AC4, 0x08E1, 0x08E1, 0x08E1, 0x08E1, 0x08E1, 0x2AC4, 0x5466, 0x08E1, 0x2AC4, 0x08E1, 0x11A3, 0x59C4, 0x28C2, 0x11A3,
        0x08E1, 0x28C2, 0x59C4, 0x11A3, 0x11A3, 0xAB45, 0x11A3, 0x1143, 0x2AC4, 0x2AC4, 0x2AC4, 0x2AC4, 0x08E1, 0x59C4, 0x28C2, 0x11A3,
        0x08E1, 0x28C2, 0x59C4, 0x2AC4, 0x11A3, 0x11A3, 0x1143, 0x1143, 0x1143, 0x2AC4, 0x1143, 0x2AC4, 0x08E1, 0x59C4, 0x28C2, 0x08E1,
        0x11A3, 0x28C2, 0x59C4, 0x0081, 0x11A3, 0x1143, 0x1143, 0x1143, 0x1143, 0x32E6, 0x6C48, 0x2224, 0x2AC4, 0x59C4, 0x28C2, 0x11A3,
        0x0040, 0x28C2, 0x59C4, 0x0081, 0x0081, 0x1143, 0x18E3, 0x32E6, 0x32E6, 0x32E6, 0x4346, 0x2224, 0x1143, 0x59C4, 0x28C2, 0x11A3,
        0x0040, 0x28C2, 0x59C4, 0x0081, 0x0081, 0x1143, 0x18E3, 0x32E6, 0x32E6, 0x4346, 0x18E3, 0x32E6, 0x1143, 0x59C4, 0x28C2, 0x0081,
        0x0040, 0x28C2, 0x59C4, 0x0081, 0x0081, 0x1143, 0x18E3, 0x32E6, 0x32E6, 0x4346, 0x18E3, 0x32E6, 0x4346, 0x59C4, 0x28C2, 0x0081,
        0x0040, 0x28C2, 0x59C4, 0x0081, 0x0081, 0x1143, 0x18E3, 0x32E6, 0x4346, 0x2224, 0x18E3, 0x32E6, 0x4346, 0x59C4, 0x28C2, 0x0081,
        0x0040, 0x28C2, 0x59C4, 0x0081, 0x0081, 0x1143, 0xD770, 0x1143, 0x4346, 0x2224, 0x18E3, 0x2224, 0x2224, 0x59C4, 0x28C2, 0x0081,
        0x0040, 0x28C2, 0x59C4, 0x0081, 0x0081, 0x0081, 0x18E3, 0x2224, 0x2224, 0x1143, 0x18E3, 0x2224, 0x2224, 0x59C4, 0x28C2, 0x0081,
        0x0040, 0x28C2, 0x59C4, 0x0081, 0x21C2, 0x0081, 0x18E3, 0x2224, 0x2224, 0x1143, 0x18E3, 0xD770, 0x0081, 0x59C4, 0x28C2, 0x0081,
        0x0040, 0x28C2, 0x59C4, 0x0040, 0x0881, 0x0081, 0x18E3, 0x2224, 0x0081, 0x0081, 0x18E3, 0x0881, 0x0081, 0x59C4, 0x28C2, 0x0040,
        0x0040, 0x21C2, 0x59C4, 0x0040, 0x21C2, 0x0081, 0x18E3, 0x21C2, 0x0081, 0x0081, 0x21C2, 0x0081, 0x0081, 0x21C2, 0x28C2, 0x0040,
        0x21C2, 0x0881, 0x21C2, 0x0040, 0x0881, 0x21C2, 0x21C2, 0x0881, 0x0081, 0x21C2, 0x0881, 0x21C2, 0x0040, 0x0881, 0x21C2, 0x21C2,
        0x0881, 0x0881, 0x0881, 0x21C2, 0x0881, 0x0881, 0x0881, 0x0881, 0x21C2, 0x0881, 0x0881, 0x0881, 0x21C2, 0x0881, 0x0881, 0x0881,
    },
    {
        0x2AC4, 0x08E1, 0x08E1, 0x11A3, 0x2AC4, 0x11A3, 0x08E1, 0x2AC4, 0x11A3, 0x08E1, 0x11A3, 0x2AC4, 0x08E1, 0x08E1, 0x08E1, 0x11A3,
        0x08E1, 0x2AC4, 0x08E1, 0x08E1, 0x08E1, 0x08E1, 0x08E1, 0x2AC4, 0x5466, 0x08E1, 0x2AC4, 0x08E1, 0x11A3, 0x59C4, 0x28C2, 0x11A3,
        0x08E1, 0x28C2, 0x59C4, 0x11A3, 0x08E1, 0x2AC4, 0x11A3, 0x1143, 0x2AC4, 0x2AC4, 0x2AC4, 0x2AC4, 0x08E1, 0x59C4, 0x28C2, 0x11A3,
        0x08E1, 0x28C2, 0x59C4, 0x11A3, 0x11A3, 0xAB45, 0x1143, 0x1143, 0x1143, 0x2AC4, 0x1143, 0x2AC4, 0x08E1, 0x59C4, 0x28C2, 0x08E1,
        0x11A3, 0x28C2, 0x59C4, 0x0081, 0x11A3, 0x1143, 0x1143, 0x1143, 0x1143, 0x3B06, 0x6C48, 0x2224, 0x2AC4, 0x59C4, 0x28C2, 0x11A3,
        0x0040, 0x28C2, 0x59C4, 0x0081, 0x0081, 0x1143, 0x18E3, 0x3B06, 0x3B06, 0x3B06, 0x4346, 0x2224, 0x1143, 0x59C4, 0x28C2, 0x11A3,
        0x0040, 0x28C2, 0x59C4, 0x0081, 0x0081, 0x1143, 0x18E3, 0x3B06, 0x3B06, 0x4346, 0x18E3, 0x3B06, 0x1143, 0x59C4, 0x28C2, 0x0081,
        0x0040, 0x28C2, 0x59C4, 0x0081, 0x0081, 0x1143, 0x18E3, 0x3B06, 0x3B06, 0x4346, 0x18E3, 0x3B06, 0x4346, 0x59C4, 0x28C2, 0x0081,
        0x0040, 0x28C2, 0x59C4, 0x0081, 0x0081, 0x1143, 0x18E3, 0x3B06, 0x4346, 0x2224, 0x18E3, 0x3B06, 0x4346, 0x59C4, 0x28C2, 0x0081,
        0x0040, 0x28C2, 0x59C4, 0x0081, 0x0081, 0x1143, 0xD770, 0x1143, 0x4346, 0x2224, 0x18E3, 0x2224, 0x2224, 0x59C4, 0x28C2, 0x0081,
        0x0040, 0x28C2, 0x59C4, 0x0081, 0x0081, 0x0081, 0x18E3, 0x2224, 0x2224, 0x1143, 0x18E3, 0x2224, 0x2224, 0x59C4, 0x28C2, 0x0081,
        0x0040, 0x28C2, 0x59C4, 0x0081, 0x21C2, 0x0081, 0x18E3, 0x2224, 0x2224, 0x1143, 0x18E3, 0x6C48, 0x0081, 0x59C4, 0x28C2, 0x0081,
        0x0040, 0x28C2, 0x59C4, 0x0040, 0x0881, 0x0081, 0x18E3, 0x2224, 0x0081, 0x0081, 0x18E3, 0x0881, 0x0081, 0x59C4, 0x28C2, 0x0040,
        0x0040, 0x21C2, 0x59C4, 0x0040, 0x21C2, 0x0081, 0x18E3, 0x21C2, 0x0081, 0x0081, 0x21C2, 0x0081, 0x0081, 0x21C2, 0x28C2, 0x0040,
        0x21C2, 0x0881, 0x21C2, 0x0040, 0x0881, 0x21C2, 0x21C2, 0x0881, 0x0081, 0x21C2, 0x0881, 0x21C2, 0x0040, 0x0881, 0x21C2, 0x21C2,
        0x0881, 0x0881, 0x0881, 0x21C2, 0x0881, 0x0881, 0x0881, 0x0881, 0x21C2, 0x0881, 0x0881, 0x0881, 0x21C2, 0x0881, 0x0881, 0x0881,
    },
    {
        0x2AC4, 0x08E1, 0x08E1, 0x11A3, 0x2AC4, 0x08E1, 0x08E1, 0x2AC4, 0x08E1, 0x08E1, 0x11A3, 0x2AC4, 0x08E1, 0x08E1, 0x08E1, 0x11A3,
        0x11A3, 0x2AC4, 0x08E1, 0x08E1, 0x08E1, 0x08E1, 0x08E1, 0x2AC4, 0x5466, 0x08E1, 0x2AC4, 0x08E1, 0x11A3, 0x59C4, 0x28C2, 0x11A3,
        0x08E1, 0x28C2, 0x59C4, 0x11A3, 0x08E1, 0x5466, 0x11A3, 0x1143, 0x2AC4, 0x2AC4, 0x2AC4, 0x2AC4, 0x08E1, 0x59C4, 0x28C2, 0x11A3,
        0x08E1, 0x28C2, 0x59C4, 0x11A3, 0x11A3, 0xAB45, 0x1143, 0x1143, 0x1143, 0x2AC4, 0x1143, 0x2AC4, 0x08E1, 0x59C4, 0x28C2, 0x08E1,
        0x11A3, 0x28C2, 0x59C4, 0x0081, 0x11A3, 0x1143, 0x1143, 0x1143, 0x1143, 0x3B07, 0x6C48, 0x2A44, 0x2AC4, 0x59C4, 0x28C2, 0x11A3,
        0x0040, 0x28C2, 0x59C4, 0x0081, 0x0081, 0x1143, 0x18E3, 0x3B07, 0x3B07, 0x3B07, 0x4366, 0x2A44, 0x1143, 0x59C4, 0x28C2, 0x11A3,
        0x0040, 0x28C2, 0x59C4, 0x0081, 0x0081, 0x1143, 0x18E3, 0x3B07, 0x3B07, 0x4366, 0x18E3, 0x3B07, 0x1143, 0x59C4, 0x28C2, 0x0081,
        0x0040, 0x28C2, 0x59C4, 0x0081, 0x0081, 0x1143, 0x18E3, 0x3B07, 0x3B07, 0x4366, 0x18E3, 0x3B07, 0x4366, 0x59C4, 0x28C2, 0x0081,
        0x0040, 0x28C2, 0x59C4, 0x0081, 0x0081, 0x1143, 0x18E3, 0x3B07, 0x4366, 0x2A44, 0x18E3, 0x3B07, 0x4366, 0x59C4, 0x28C2, 0x0081,
        0x0040, 0x28C2, 0x59C4, 0x0081, 0x0081, 0x1143, 0x6C48, 0x1143, 0x4366, 0x2A44, 0x18E3, 0x2A44, 0x2A44, 0x59C4, 0x28C2, 0x0081,
        0x0040, 0x28C2, 0x59C4, 0x0081, 0x0081, 0x0081, 0x18E3, 0x2A44, 0x2A44, 0x1143, 0x18E3, 0x2A44, 0x2A44, 0x59C4, 0x28C2, 0x0081,
        0x0040, 0x28C2, 0x59C4, 0x0081, 0x21C2, 0x0081, 0x18E3, 0x2A44, 0x2A44, 0x1143, 0x18E3, 0x6C48, 0x0081, 0x59C4, 0x28C2, 0x0081,
        0x0040, 0x28C2, 0x59C4, 0x0040, 0x0881, 0x0081, 0x18E3, 0x2A44, 0x0081, 0x0081, 0x18E3, 0x0881, 0x0081, 0x59C4, 0x28C2, 0x0040,
        0x0040, 0x21C2, 0x59C4, 0x0040, 0x21C2, 0x0081, 0x18E3, 0x21C2, 0x0081, 0x0081, 0x21C2, 0x0081, 0x0081, 0x21C2, 0x28C2, 0x0040,
        0x21C2, 0x0881, 0x21C2, 0x0040, 0x0881, 0x21C2, 0x21C2, 0x0881, 0x0081, 0x21C2, 0x0881, 0x21C2, 0x0040, 0x0881, 0x21C2, 0x21C2,
        0x0881, 0x0881, 0x0881, 0x21C2, 0x0881, 0x0881, 0x0881, 0x0881, 0x21C2, 0x0881, 0x0881, 0x0881, 0x21C2, 0x0881, 0x0881, 0x0881,
    },
    {
        0x2AC4, 0x08E1, 0x08E1, 0x11A3, 0x2AC4, 0x08E1, 0x08E1, 0x2AC4, 0x08E1, 0x08E1, 0x11A3, 0x2AC4, 0x08E1, 0x08E1, 0x08E1, 0x11A3,
        0x08E1, 0x2AC4, 0x08E1, 0x08E1, 0x11A3, 0x08E1, 0x08E1, 0x2AC4, 0x5466, 0x08E1, 0x2AC4, 0x08E1, 0x11A3, 0x59C4, 0x28C2, 0x11A3,
        0x08E1, 0x28C2, 0x59C4, 0x2AC4, 0x08E1, 0x2AC4, 0x11A3, 0x1143, 0x2AC4, 0x2AC4, 0x2AC4, 0x2AC4, 0x08E1, 0x59C4, 0x28C2, 0x11A3,
        0x08E1, 0x28C2, 0x59C4, 0x11A3, 0x11A3, 0x11A3, 0x1143, 0x1143, 0x1143, 0x2AC4, 0x6C48, 0x2AC4, 0x08E1, 0x59C4, 0x28C2, 0x08E1,
        0x11A3, 0x28C2, 0x59C4, 0x0081, 0xAB45, 0x1143, 0x1143, 0x1143, 0x1143, 0x3B27, 0x4366, 0x2A44, 0x2AC4, 0x59C4, 0x28C2, 0x11A3,
        0x0040, 0x28C2, 0x59C4, 0x0081, 0x0081, 0x1143, 0x18E3, 0x3B27, 0x3B27, 0x3B27, 0x4366, 0x2A44, 0x1143, 0x59C4, 0x28C2, 0x11A3,
        0x0040, 0x28C2, 0x59C4, 0x0081, 0x0081, 0x1143, 0x18E3, 0x3B27, 0x3B27, 0x4366, 0x18E3, 0x3B27, 0x1143, 0x59C4, 0x28C2, 0x0081,
        0x0040, 0x28C2, 0x59C4, 0x0081, 0x0081, 0x1143, 0x18E3, 0x3B27, 0x3B27, 0x4366, 0x18E3, 0x3B27, 0x4366, 0x59C4, 0x28C2, 0x0081,
        0x0040, 0x28C2, 0x59C4, 0x0081, 0x0081, 0x1143, 0x6C48, 0x3B27, 0x4366, 0x2A44, 0x18E3, 0x3B27, 0x4366, 0x59C4, 0x28C2, 0x0081,
        0x0040, 0x28C2, 0x59C4, 0x0081, 0x0081, 0x1143, 0x18E3, 0x1143, 0x4366, 0x2A44, 0x18E3, 0x2A44, 0x2A44, 0x59C4, 0x28C2, 0x0081,
        0x0040, 0x28C2, 0x59C4, 0x0081, 0x0081, 0x0081, 0x18E3, 0x2A44, 0x2A44, 0x1143, 0xD770, 0x2A44, 0x2A44, 0x59C4, 0x28C2, 0x0081,
        0x0040, 0x28C2, 0x59C4, 0x0081, 0x21C2, 0x0081, 0x18E3, 0x2A44, 0x2A44, 0x1143, 0x18E3, 0x21C2, 0x0081, 0x59C4, 0x28C2, 0x0081,
        0x0040, 0x28C2, 0x59C4, 0x0040, 0x0881, 0x0081, 0x18E3, 0x2A44, 0x0081, 0x0081, 0x18E3, 0x0881, 0x0081, 0x59C4, 0x28C2, 0x0040,
        0x0040, 0x21C2, 0x59C4, 0x0040, 0x21C2, 0x0081, 0x18E3, 0x21C2, 0x0081, 0x0081, 0x21C2, 0x0081, 0x0081, 0x21C2, 0x28C2, 0x0040,
        0x21C2, 0x0881, 0x21C2, 0x0040, 0x0881, 0x21C2, 0x21C2, 0x0881, 0x0081, 0x21C2, 0x0881, 0x21C2, 0x0040, 0x0881, 0x21C2, 0x21C2,
        0x0881, 0x0881, 0x0881, 0x21C2, 0x0881, 0x0881, 0x0881, 0x0881, 0x21C2, 0x0881, 0x0881, 0x0881, 0x21C2, 0x0881, 0x0881, 0x0881,
    },
    {
        0x2AC4, 0x08E1, 0x08E1, 0x11A3, 0x2AC4, 0x08E1, 0x08E1, 0x2AC4, 0x08E1, 0x08E1, 0x11A3, 0x2AC4, 0x08E1, 0x08E1, 0x08E1, 0x11A3,
        0x08E1, 0x2AC4, 0x08E1, 0x08E1, 0x11A3, 0x08E1, 0x08E1, 0x2AC4, 0x5466, 0x08E1, 0x2AC4, 0x08E1, 0x11A3, 0x59C4, 0x28C2, 0x11A3,
        0x08E1, 0x28C2, 0x59C4, 0x11A3, 0x08E1, 0x2AC4, 0x11A3, 0x1143, 0x2AC4, 0x2AC4, 0x2AC4, 0x2AC4, 0x11A3, 0x59C4, 0x28C2, 0x11A3,
        0x08E1, 0x28C2, 0x59C4, 0x11A3, 0x11A3, 0x11A3, 0x1143, 0x1143, 0x1143, 0x2AC4, 0x6C48, 0x2AC4, 0x08E1, 0x59C4, 0x28C2, 0x08E1,
        0x11A3, 0x28C2, 0x59C4, 0x0081, 0xAB45, 0x1143, 0x1143, 0x1143, 0x1143, 0x3B47, 0x4386, 0x2A65, 0x2AC4, 0x59C4, 0x28C2, 0x11A3,
        0x0040, 0x28C2, 0x59C4, 0x0081, 0x0081, 0x1143, 0x18E3, 0x3B47, 0x3B47, 0x3B47, 0x4386, 0x2A65, 0x1143, 0x59C4, 0x28C2, 0x11A3,
        0x0040, 0x28C2, 0x59C4, 0x0081, 0x0081, 0x1143, 0x18E3, 0x3B47, 0x3B47, 0x4386, 0x18E3, 0x3B47, 0x1143, 0x59C4, 0x28C2, 0x0081,
        0x0040, 0x28C2, 0x59C4, 0x0081, 0x0081, 0x1143, 0x18E3, 0x3B47, 0x3B47, 0x4386, 0x18E3, 0x3B47, 0x4386, 0x59C4, 0x28C2, 0x0081,
        0x0040, 0x28C2, 0x59C4, 0x0081, 0x0081, 0x1143, 0xD770, 0x3B47, 0x4386, 0x2A65, 0x18E3, 0x3B47, 0x4386, 0x59C4, 0x28C2, 0x0081,
        0x0040, 0x28C2, 0x59C4, 0x0081, 0x0081, 0x1143, 0x18E3, 0x1143, 0x4386, 0x2A65, 0x18E3, 0x2A65, 0x2A65, 0x59C4, 0x28C2, 0x0081,
        0x0040, 0x28C2, 0x59C4, 0x0081, 0x0081, 0x0081, 0x18E3, 0x2A65, 0x2A65, 0x1143, 0xD770, 0x2A65, 0x2A65, 0x59C4, 0x28C2, 0x0081,
        0x0040, 0x28C2, 0x59C4, 0x0081, 0x21C2, 0x0081, 0x18E3, 0x2A65, 0x2A65, 0x1143, 0x18E3, 0x21C2, 0x0081, 0x59C4, 0x28C2, 0x0081,
        0x0040, 0x28C2, 0x59C4, 0x0040, 0x0881, 0x0081, 0x18E3, 0x2A65, 0x0081, 0x0081, 0x18E3, 0x0881, 0x0081, 0x59C4, 0x28C2, 0x0040,
        0x0040, 0x21C2, 0x59C4, 0x0040, 0x21C2, 0x0081, 0x18E3, 0x21C2, 0x0081, 0x0081, 0x21C2, 0x0081, 0x0081, 0x21C2, 0x28C2, 0x0040,
        0x21C2, 0x0881, 0x21C2, 0x0040, 0x0881, 0x21C2, 0x21C2, 0x0881, 0x0081, 0x21C2, 0x0881, 0x21C2, 0x0040, 0x0881, 0x21C2, 0x21C2,
        0x0881, 0x0881, 0x0881, 0x21C2, 0x0881, 0x0881, 0x0881, 0x0881, 0x21C2, 0x0881, 0x0881, 0x0881, 0x21C2, 0x0881, 0x0881, 0x0881,
    },
    {
        0x2AC4, 0x08E1, 0x08E1, 0x11A3, 0x2AC4, 0x08E1, 0x08E1, 0x2AC4, 0x08E1, 0x11A3, 0x11A3, 0x2AC4, 0x08E1, 0x08E1, 0x08E1, 0x2AC4,
        0x08E1, 0x2AC4, 0x08E1, 0x08E1, 0x08E1, 0x08E1, 0x08E1, 0x2AC4, 0x5466, 0x08E1, 0x2AC4, 0x08E1, 0x11A3, 0x59C4, 0x28C2, 0x11A3,
        0x08E1, 0x28C2, 0x59C4, 0x11A3, 0x08E1, 0x2AC4, 0x11A3, 0x1143, 0x5466, 0x2AC4, 0x2AC4, 0x2AC4, 0x08E1, 0x59C4, 0x28C2, 0x11A3,
        0x08E1, 0x28C2, 0x59C4, 0x11A3, 0x11A3, 0x11A3, 0x1143, 0x1143, 0x1143, 0x2AC4, 0x6C48, 0x2AC4, 0x08E1, 0x59C4, 0x28C2, 0x08E1,
        0x11A3, 0x28C2, 0x59C4, 0x0081, 0x11A3, 0x1143, 0x1143, 0x1143, 0x1143, 0x4347, 0x4B86, 0x2A65, 0x2AC4, 0x59C4, 0x28C2, 0x11A3,
        0x0040, 0x28C2, 0x59C4, 0x0081, 0xAB45, 0x1143, 0x18E3, 0x4347, 0x4347, 0x4347, 0x4B86, 0x2A65, 0x1143, 0x59C4, 0x28C2, 0x11A3,
        0x0040, 0x28C2, 0x59C4, 0x0081, 0x0081, 0x1143, 0x18E3, 0x4347, 0x4347, 0x4B86, 0x18E3, 0x4347, 0x1143, 0x59C4, 0x28C2, 0x0081,
        0x0040, 0x28C2, 0x59C4, 0x0081, 0x0081, 0x1143, 0x18E3, 0x4347, 0x4347, 0x4B86, 0x18E3, 0x4347, 0x4B86, 0x59C4, 0x28C2, 0x0081,
        0x0040, 0x28C2, 0x59C4, 0x0081, 0x0081, 0x1143, 0xD770, 0x4347, 0x4B86, 0x2A65, 0x18E3, 0x4347, 0x4B86, 0x59C4, 0x28C2, 0x0081,
        0x0040, 0x28C2, 0x59C4, 0x0081, 0x0081, 0x1143, 0x18E3, 0x1143, 0x4B86, 0x2A65, 0x18E3, 0x2A65, 0x2A65, 0x59C4, 0x28C2, 0x0081,
        0x0040, 0x28C2, 0x59C4, 0x0081, 0x0081, 0x0081, 0x18E3, 0x2A65, 0x2A65, 0x1143, 0x6C48, 0x2A65, 0x2A65, 0x59C4, 0x28C2, 0x0081,
        0x0040, 0x28C2, 0x59C4, 0x0081, 0x21C2, 0x0081, 0x18E3, 0x2A65, 0x2A65, 0x1143, 0x18E3, 0x21C2, 0x0081, 0x59C4, 0x28C2, 0x0081,
        0x0040, 0x28C2, 0x59C4, 0x0040, 0x0881, 0x0081, 0x18E3, 0x2A65, 0x0081, 0x0081, 0x18E3, 0x0881, 0x0081, 0x59C4, 0x28C2, 0x0040,
        0x0040, 0x21C2, 0x59C4, 0x0040, 0x21C2, 0x0081, 0x18E3, 0x21C2, 0x0081, 0x0081, 0x21C2, 0x0081, 0x0081, 0x21C2, 0x28C2, 0x0040,
        0x21C2, 0x0881, 0x21C2, 0x0040, 0x0881, 0x21C2, 0x21C2, 0x0881, 0x0081, 0x21C2, 0x0881, 0x21C2, 0x0040, 0x0881, 0x21C2, 0x21C2,
        0x0881, 0x0881, 0x0881, 0x21C2, 0x0881, 0x0881, 0x0881, 0x0881, 0x21C2, 0x0881, 0x0881, 0x0881, 0x21C2, 0x0881, 0x0881, 0x0881,
    },
    {
        0x2AC4, 0x08E1, 0x08E1, 0x11A3, 0x2AC4, 0x08E1, 0x08E1, 0x2AC4, 0x08E1, 0x08E1, 0x11A3, 0x2AC4, 0x08E1, 0x08E1, 0x08E1, 0x11A3,
        0x08E1, 0x2AC4, 0x08E1, 0x08E1, 0x08E1, 0x08E1, 0x08E1, 0x2AC4, 0x5466, 0x08E1, 0x2AC4, 0x08E1, 0x11A3, 0x59C4, 0x28C2, 0x11A3,
        0x08E1, 0x28C2, 0x59C4, 0x11A3, 0x08E1, 0x5466, 0x11A3, 0x1143, 0x2AC4, 0x2AC4, 0x2AC4, 0x5466, 0x08E1, 0x59C4, 0x28C2, 0x11A3,
        0x08E1, 0x28C2, 0x59C4, 0x11A3, 0x11A3, 0x11A3, 0x1143, 0x1143, 0x1143, 0x2AC4, 0x6C48, 0x2AC4, 0x08E1, 0x59C4, 0x28C2, 0x08E1,
        0x11A3, 0x28C2, 0x59C4, 0x0081, 0x11A3, 0x1143, 0x1143, 0x1143, 0x1143, 0x4367, 0x4BA6, 0x2A85, 0x2AC4, 0x59C4, 0x28C2, 0x11A3,
        0x0040, 0x28C2, 0x59C4, 0x0081, 0xAB45, 0x1143, 0x18E3, 0x4367, 0x4367, 0x4367, 0x4BA6, 0x2A85, 0x1143, 0x59C4, 0x28C2, 0x11A3,
        0x0040, 0x28C2, 0x59C4, 0x0081, 0x0081, 0x1143, 0x18E3, 0x4367, 0x4367, 0x4BA6, 0x18E3, 0x4367, 0x1143, 0x59C4, 0x28C2, 0x0081,
        0x0040, 0x28C2, 0x59C4, 0x0081, 0x0081, 0x1143, 0x18E3, 0x4367, 0x4367, 0x4BA6, 0x18E3, 0x4367, 0x4BA6, 0x59C4, 0x28C2, 0x0081,
        0x0040, 0x28C2, 0x59C4, 0x0081, 0x0081, 0x1143, 0x6C48, 0x4367, 0x4BA6, 0x2A85, 0x18E3, 0x4367, 0x4BA6, 0x59C4, 0x28C2, 0x0081,
        0x0040, 0x28C2, 0x59C4, 0x0081, 0x0081, 0x1143, 0x18E3, 0x1143, 0x4BA6, 0x2A85, 0x18E3, 0x2A85, 0x2A85, 0x59C4, 0x28C2, 0x0081,
        0x0040, 0x28C2, 0x59C4, 0x0081, 0x0081, 0x0081, 0x18E3, 0x2A85, 0x2A85, 0x1143, 0x6C48, 0x2A85, 0x2A85, 0x59C4, 0x28C2, 0x0081,
        0x0040, 0x28C2, 0x59C4, 0x0081, 0x21C2, 0x0081, 0x18E3, 0x2A85, 0x2A85, 0x1143, 0x18E3, 0x21C2, 0x0081, 0x59C4, 0x28C2, 0x0081,
        0x0040, 0x28C2, 0x59C4, 0x0040, 0x0881, 0x0081, 0x18E3, 0x2A85, 0x0081, 0x0081, 0x18E3, 0x0881, 0x0081, 0x59C4, 0x28C2, 0x0040,
        0x0040, 0x21C2, 0x59C4, 0x0040, 0x21C2, 0x0081, 0x18E3, 0x21C2, 0x0081, 0x0081, 0x21C2, 0x0081, 0x0081, 0x21C2, 0x28C2, 0x0040,
        0x21C2, 0x0881, 0x21C2, 0x0040, 0x0881, 0x21C2, 0x21C2, 0x0881, 0x0081, 0x21C2, 0x0881, 0x21C2, 0x0040, 0x0881, 0x21C2, 0x21C2,
        0x0881, 0x0881, 0x0881, 0x21C2, 0x0881, 0x0881, 0x0881, 0x0881, 0x21C2, 0x0881, 0x0881, 0x0881, 0x21C2, 0x0881, 0x0881, 0x0881,
    },
    {
        0x2AC4, 0x08E1, 0x08E1, 0x11A3, 0x2AC4, 0x08E1, 0x08E1, 0x2AC4, 0x08E1, 0x08E1, 0x11A3, 0x5466, 0x08E1, 0x11A3, 0x08E1, 0x11A3,
        0x08E1, 0x2AC4, 0x08E1, 0x08E1, 0x08E1, 0x08E1, 0x08E1, 0x2AC4, 0x5466, 0x08E1, 0x5466, 0x08E1, 0x11A3, 0x59C4, 0x28C2, 0x11A3,
        0x08E1, 0x28C2, 0x59C4, 0x11A3, 0x08E1, 0x2AC4, 0x11A3, 0x1143, 0x2AC4, 0x2AC4, 0x5466, 0x2AC4, 0x08E1, 0x59C4, 0x28C2, 0x11A3,
        0x08E1, 0x28C2, 0x59C4, 0x11A3, 0x11A3, 0x11A3, 0x1143, 0x1143, 0x1143, 0x2AC4, 0x1143, 0x5466, 0x11A3, 0x59C4, 0x28C2, 0x08E1,
        0x11A3, 0x28C2, 0x59C4, 0x0081, 0x2AC4, 0x1143, 0x1143, 0x1143, 0x1143, 0x4388, 0x4BA6, 0x3285, 0x2AC4, 0x59C4, 0x28C2, 0x11A3,
        0x0040, 0x28C2, 0x59C4, 0x0081, 0x0081, 0x1143, 0x18E3, 0x4388, 0x4388, 0x4388, 0x4BA6, 0x3285, 0x1143, 0x59C4, 0x28C2, 0x11A3,
        0x0040, 0x28C2, 0x59C4, 0x0081, 0x0081, 0xAB45, 0x18E3, 0x4388, 0x4388, 0x4BA6, 0x18E3, 0x4388, 0x1143, 0x59C4, 0x28C2, 0x0081,
        0x0040, 0x28C2, 0x59C4, 0x0081, 0x0081, 0x6C48, 0x18E3, 0x4388, 0x4388, 0x4BA6, 0x18E3, 0x4388, 0x4BA6, 0x59C4, 0x28C2, 0x0081,
        0x0040, 0x28C2, 0x59C4, 0x0081, 0x0081, 0x1143, 0x18E3, 0x4388, 0x4BA6, 0x3285, 0x18E3, 0x4388, 0x4BA6, 0x59C4, 0x28C2, 0x0081,
        0x0040, 0x28C2, 0x59C4, 0x0081, 0x0081, 0x1143, 0x18E3, 0x1143, 0x4BA6, 0x3285, 0xD770, 0x3285, 0x3285, 0x59C4, 0x28C2, 0x0081,
        0x0040, 0x28C2, 0x59C4, 0x0081, 0x0081, 0x0081, 0x18E3, 0x3285, 0x3285, 0x1143, 0x18E3, 0x3285, 0x3285, 0x6C48, 0x28C2, 0x0081,
        0x0040, 0x28C2, 0x59C4, 0x0081, 0x21C2, 0x0081, 0x18E3, 0x3285, 0x3285, 0x1143, 0x18E3, 0x21C2, 0x0081, 0x59C4, 0x28C2, 0x0081,
        0x0040, 0x28C2, 0x59C4, 0x0040, 0x0881, 0x0081, 0x18E3, 0x3285, 0x0081, 0x0081, 0x18E3, 0x0881, 0x0081, 0x59C4, 0x28C2, 0x0040,
        0x0040, 0x21C2, 0x59C4, 0x0040, 0x21C2, 0x0081, 0x18E3, 0x21C2, 0x0081, 0x0081, 0x21C2, 0x0081, 0x0081, 0x21C2, 0x28C2, 0x0040,
        0x21C2, 0x0881, 0x21C2, 0x0040, 0x0881, 0x21C2, 0x21C2, 0x0881, 0x0081, 0x21C2, 0x0881, 0x21C2, 0x0040, 0x0881, 0x21C2, 0x21C2,
        0x0881, 0x0881, 0x0881, 0x21C2, 0x0881, 0x0881, 0x0881, 0x0881, 0x21C2, 0x0881, 0x0881, 0x0881, 0x21C2, 0x0881, 0x0881, 0x0881,
    },
    {
        0x2AC4, 0x08E1, 0x08E1, 0x11A3, 0x2AC4, 0x11A3, 0x08E1, 0x2AC4, 0x08E1, 0x08E1, 0x11A3, 0x2AC4, 0x08E1, 0x08E1, 0x08E1, 0x11A3,
        0x08E1, 0x5466, 0x08E1, 0x08E1, 0x08E1, 0x08E1, 0x08E1, 0x2AC4, 0x5466, 0x08E1, 0x5466, 0x08E1, 0x11A3, 0x59C4, 0x28C2, 0x11A3,
        0x08E1, 0x28C2, 0x59C4, 0x11A3, 0x08E1, 0x5466, 0x11A3, 0x1143, 0x2AC4, 0x2AC4, 0x2AC4, 0x2AC4, 0x08E1, 0x59C4, 0x28C2, 0x11A3,
        0x08E1, 0x28C2, 0x59C4, 0x11A3, 0x11A3, 0x2AC4, 0x1143, 0x1143, 0x1143, 0x2AC4, 0x1143, 0x5466, 0x08E1, 0x59C4, 0x28C2, 0x11A3,
        0x11A3, 0x28C2, 0x59C4, 0x0081, 0x11A3, 0x1143, 0x1143, 0x1143, 0x1143, 0x4388, 0x4BA6, 0x32A5, 0x2AC4, 0x59C4, 0x28C2, 0x11A3,
        0x0040, 0x28C2, 0x59C4, 0x0081, 0x0081, 0x1143, 0x18E3, 0x4388, 0x4388, 0x4388, 0x4BA6, 0x32A5, 0x1143, 0x59C4, 0x28C2, 0x11A3,
        0x0040, 0x28C2, 0x59C4, 0x0081, 0x0081, 0xAB45, 0x18E3, 0x4388, 0x4388, 0x4BA6, 0x18E3, 0x4388, 0x1143, 0x59C4, 0x28C2, 0x0081,
        0x0040, 0x28C2, 0x59C4, 0x0081, 0x0081, 0x6C48, 0x18E3, 0x4388, 0x4388, 0x4BA6, 0x18E3, 0x4388, 0x4BA6, 0x59C4, 0x28C2, 0x0081,
        0x0040, 0x28C2, 0x59C4, 0x0081, 0x0081, 0x1143, 0x18E3, 0x4388, 0x4BA6, 0x32A5, 0x18E3, 0x4388, 0x4BA6, 0x59C4, 0x28C2, 0x0081,
        0x0040, 0x28C2, 0x59C4, 0x0081, 0x0081, 0x1143, 0x18E3, 0x1143, 0x4BA6, 0x32A5, 0xD770, 0x32A5, 0x32A5, 0x59C4, 0x28C2, 0x0081,
        0x0040, 0x28C2, 0x59C4, 0x0081, 0x0081, 0x0081, 0x18E3, 0x32A5, 0x32A5, 0x1143, 0x18E3, 0x32A5, 0x32A5, 0x6C48, 0x28C2, 0x0081,
        0x0040, 0x28C2, 0x59C4, 0x0081, 0x21C2, 0x0081, 0x18E3, 0x32A5, 0x32A5, 0x1143, 0x18E3, 0x21C2, 0x0081, 0x59C4, 0x28C2, 0x0081,
        0x0040, 0x28C2, 0x59C4, 0x0040, 0x0881, 0x0081, 0x18E3, 0x32A5, 0x0081, 0x0081, 0x18E3, 0x0881, 0x0081, 0x59C4, 0x28C2, 0x0040,
        0x0040, 0x21C2, 0x59C4, 0x0040, 0x21C2, 0x0081, 0x18E3, 0x21C2, 0x0081, 0x0081, 0x21C2, 0x0081, 0x0081, 0x21C2, 0x28C2, 0x0040,
        0x21C2, 0x0881, 0x21C2, 0x0040, 0x0881, 0x21C2, 0x21C2, 0x0881, 0x0081, 0x21C2, 0x0881, 0x21C2, 0x0040, 0x0881, 0x21C2, 0x21C2,
        0x0881, 0x0881, 0x0881, 0x21C2, 0x0881, 0x0881, 0x0881, 0x0881, 0x21C2, 0x0881, 0x0881, 0x0881, 0x21C2, 0x0881, 0x0881, 0x0881,
    },
    {
        0x2AC4, 0x08E1, 0x08E1, 0x11A3, 0x2AC4, 0x08E1, 0x08E1, 0x2AC4, 0x08E1, 0x08E1, 0x11A3, 0x2AC4, 0x08E1, 0x08E1, 0x08E1, 0x11A3,
        0x11A3, 0x5466, 0x08E1, 0x08E1, 0x08E1, 0x08E1, 0x08E1, 0x2AC4, 0x5466, 0x08E1, 0x2AC4, 0x08E1, 0x11A3, 0x59C4, 0x28C2, 0x11A3,
        0x08E1, 0x28C2, 0x59C4, 0x11A3, 0x08E1, 0x2AC4, 0x11A3, 0x1143, 0x2AC4, 0x2AC4, 0x2AC4, 0x2AC4, 0x08E1, 0x59C4, 0x28C2, 0x11A3,
        0x08E1, 0x28C2, 0x59C4, 0x11A3, 0x11A3, 0x11A3, 0x1143, 0x1143, 0x1143, 0x2AC4, 0x1143, 0x2AC4, 0x08E1, 0x59C4, 0x28C2, 0x08E1,
        0x11A3, 0x28C2, 0x59C4, 0x0081, 0x11A3, 0x1143, 0x1143, 0x1143, 0x1143, 0x4388, 0x4BA7, 0x32A5, 0x2AC4, 0x59C4, 0x28C2, 0x11A3,
        0x0040, 0x28C2, 0x59C4, 0x0081, 0x0081, 0x1143, 0x18E3, 0x4388, 0x4388, 0x4388, 0x4BA7, 0x32A5, 0x1143, 0x59C4, 0x28C2, 0x11A3,
        0x0040, 0x28C2, 0x59C4, 0x0081, 0x0081, 0x1143, 0x18E3, 0x4388, 0x4388, 0x4BA7, 0x18E3, 0x4388, 0x1143, 0x59C4, 0x28C2, 0x0081,
        0x0040, 0x28C2, 0x59C4, 0x0081, 0x0081, 0x6C48, 0x18E3, 0x4388, 0x4388, 0x4BA7, 0x18E3, 0x4388, 0x4BA7, 0x59C4, 0x28C2, 0x0081,
        0x0040, 0x28C2, 0x59C4, 0x0081, 0x0081, 0x1143, 0x18E3, 0x4388, 0x4BA7, 0x32A5, 0x18E3, 0x4388, 0x4BA7, 0x59C4, 0x28C2, 0x0081,
        0x0040, 0x28C2, 0x59C4, 0x0081, 0x0081, 0x1143, 0x18E3, 0x1143, 0x4BA7, 0x32A5, 0x6C48, 0x32A5, 0x32A5, 0x59C4, 0x28C2, 0x0081,
        0x0040, 0x28C2, 0x59C4, 0x0081, 0x0081, 0x0081, 0x18E3, 0x32A5, 0x32A5, 0x1143, 0x18E3, 0x32A5, 0x32A5, 0x6C48, 0x28C2, 0x0081,
        0x0040, 0x28C2, 0x59C4, 0x0081, 0x21C2, 0x0081, 0x18E3, 0x32A5, 0x32A5, 0x1143, 0x18E3, 0x21C2, 0x0081, 0x59C4, 0x28C2, 0x0081,
        0x0040, 0x28C2, 0x59C4, 0x0040, 0x0881, 0x0081, 0x18E3, 0x32A5, 0x0081, 0x0081, 0x18E3, 0x0881, 0x0081, 0x59C4, 0x28C2, 0x0040,
        0x0040, 0x21C2, 0x59C4, 0x0040, 0x21C2, 0x0081, 0x18E3, 0x21C2, 0x0081, 0x0081, 0x21C2, 0x0081, 0x0081, 0x21C2, 0x28C2, 0x0040,
        0x21C2, 0x0881, 0x21C2, 0x0040, 0x0881, 0x21C2, 0x21C2, 0x0881, 0x0081, 0x21C2, 0x0881, 0x21C2, 0x0040, 0x0881, 0x21C2, 0x21C2,
        0x0881, 0x0881, 0x0881, 0x21C2, 0x0881, 0x0881, 0x0881, 0x0881, 0x21C2, 0x0881, 0x0881, 0x0881, 0x21C2, 0x0881, 0x0881, 0x0881,
    },
    {
        0x2AC4, 0x08E1, 0x08E1, 0x11A3, 0x2AC4, 0x08E1, 0x08E1, 0x2AC4, 0x08E1, 0x08E1, 0x11A3, 0x2AC4, 0x08E1, 0x08E1, 0x08E1, 0x11A3,
        0x08E1, 0x2AC4, 0x08E1, 0x08E1, 0x08E1, 0x08E1, 0x08E1, 0x2AC4, 0x5466, 0x08E1, 0x2AC4, 0x08E1, 0x11A3, 0x59C4, 0x28C2, 0x11A3,
        0x11A3, 0x28C2, 0x59C4, 0x2AC4, 0x08E1, 0x2AC4, 0x11A3, 0x1143, 0x2AC4, 0x2AC4, 0x2AC4, 0x2AC4, 0x08E1, 0x59C4, 0x28C2, 0x11A3,
        0x11A3, 0x28C2, 0x59C4, 0x11A3, 0x11A3, 0x11A3, 0x1143, 0x1143, 0x1143, 0x2AC4, 0x1143, 0x2AC4, 0x08E1, 0x59C4, 0x28C2, 0x08E1,
        0x11A3, 0x28C2, 0x59C4, 0x0081, 0x11A3, 0x1143, 0x1143, 0x1143, 0x1143, 0x43A8, 0x4BC7, 0x32A5, 0x2AC4, 0x59C4, 0x28C2, 0x11A3,
        0x0040, 0x28C2, 0x59C4, 0x0081, 0x0081, 0x1143, 0x18E3, 0x43A8, 0x43A8, 0x43A8, 0x4BC7, 0x32A5, 0x1143, 0x59C4, 0x28C2, 0x11A3,
        0x0040, 0x28C2, 0x59C4, 0x0081, 0x0081, 0x1143, 0x18E3, 0x43A8, 0x43A8, 0x4BC7, 0x18E3, 0x43A8, 0x1143, 0x59C4, 0x28C2, 0x0081,
        0x0040, 0x28C2, 0x59C4, 0x0081, 0x0081, 0x6C48, 0x18E3, 0x43A8, 0x43A8, 0x4BC7, 0x18E3, 0x43A8, 0x4BC7, 0x59C4, 0x28C2, 0x0081,
        0x0040, 0x28C2, 0x59C4, 0x0081, 0x0081, 0x1143, 0x18E3, 0x43A8, 0x4BC7, 0x32A5, 0x18E3, 0x43A8, 0x4BC7, 0x59C4, 0x28C2, 0x0081,
        0x0040, 0x28C2, 0x59C4, 0x0081, 0x0081, 0x1143, 0x18E3, 0x1143, 0x4BC7, 0x32A5, 0x6C48, 0x32A5, 0x32A5, 0x59C4, 0x28C2, 0x0081,
        0x0040, 0x28C2, 0x59C4, 0x0081, 0x0081, 0x0081, 0x18E3, 0x32A5, 0x32A5, 0x1143, 0x18E3, 0x32A5, 0x32A5, 0x6C48, 0x28C2, 0x0081,
        0x0040, 0x28C2, 0x59C4, 0x0081, 0x21C2, 0x0081, 0x18E3, 0x32A5, 0x32A5, 0x1143, 0x18E3, 0x21C2, 0x0081, 0x59C4, 0x28C2, 0x0081,
        0x0040, 0x28C2, 0x59C4, 0x0040, 0x0881, 0x0081, 0x18E3, 0x32A5, 0x0081, 0x0081, 0x18E3, 0x0881, 0x0081, 0x59C4, 0x28C2, 0x0040,
        0x0040, 0x21C2, 0x59C4, 0x0040, 0x21C2, 0x0081, 0x18E3, 0x21C2, 0x0081, 0x0081, 0x21C2, 0x0081, 0x0081, 0x21C2, 0x28C2, 0x0040,
        0x21C2, 0x0881, 0x21C2, 0x0040, 0x0881, 0x21C2, 0x21C2, 0x0881, 0x0081, 0x21C2, 0x0881, 0x21C2, 0x0040, 0x0881, 0x21C2, 0x21C2,
        0x0881, 0x0881, 0x0881, 0x21C2, 0x0881, 0x0881, 0x0881, 0x0881, 0x21C2, 0x0881, 0x0881, 0x0881, 0x21C2, 0x0881, 0x0881, 0x0881,
    },
    {
        0x2AC4, 0x11A3, 0x08E1, 0x11A3, 0x2AC4, 0x08E1, 0x08E1, 0x5466, 0x11A3, 0x08E1, 0x11A3, 0x2AC4, 0x08E1, 0x08E1, 0x08E1, 0x11A3,
        0x08E1, 0x5466, 0x08E1, 0x08E1, 0x08E1, 0x08E1, 0x11A3, 0x2AC4, 0x5466, 0x08E1, 0x2AC4, 0x08E1, 0x11A3, 0x59C4, 0x28C2, 0x11A3,
        0x08E1, 0x28C2, 0x59C4, 0x11A3, 0x08E1, 0x2AC4, 0x11A3, 0x1143, 0x2AC4, 0x2AC4, 0x2AC4, 0x2AC4, 0x08E1, 0x59C4, 0x28C2, 0x11A3,
        0x08E1, 0x28C2, 0x59C4, 0x11A3, 0x11A3, 0x11A3, 0x1143, 0x1143, 0x1143, 0x2AC4, 0x1143, 0x2AC4, 0x08E1, 0x59C4, 0x28C2, 0x08E1,
        0x11A3, 0x28C2, 0x59C4, 0x0081, 0x11A3, 0x1143, 0x1143, 0x1143, 0x1143, 0x43A8, 0x4BC7, 0x32A5, 0x2AC4, 0x59C4, 0x28C2, 0x11A3,
        0x0040, 0x28C2, 0x59C4, 0x0081, 0x0081, 0x1143, 0x18E3, 0x43A8, 0x43A8, 0x43A8, 0x4BC7, 0x32A5, 0x1143, 0x59C4, 0x28C2, 0x11A3,
        0x0040, 0x28C2, 0x59C4, 0x0081, 0x0081, 0x6C48, 0x18E3, 0x43A8, 0x43A8, 0x4BC7, 0x18E3, 0x43A8, 0x1143, 0x59C4, 0x28C2, 0x0081,
        0x0040, 0x28C2, 0x59C4, 0x0081, 0x0081, 0x1143, 0x18E3, 0x43A8, 0x43A8, 0x4BC7, 0x18E3, 0x43A8, 0x4BC7, 0x59C4, 0x28C2, 0x0081,
        0x0040, 0x28C2, 0x59C4, 0x0081, 0xAB45, 0x1143, 0x18E3, 0x43A8, 0x4BC7, 0xD770, 0x18E3, 0x43A8, 0x4BC7, 0x59C4, 0x28C2, 0x0081,
        0x0040, 0x28C2, 0x59C4, 0x0081, 0x0081, 0x1143, 0x18E3, 0x1143, 0x4BC7, 0x32A5, 0x18E3, 0x32A5, 0x32A5, 0xD770, 0x28C2, 0x0081,
        0x0040, 0x28C2, 0x59C4, 0x0081, 0x0081, 0x0081, 0x18E3, 0x32A5, 0x32A5, 0x1143, 0x18E3, 0x32A5, 0x32A5, 0x59C4, 0x28C2, 0x0081,
        0x0040, 0x28C2, 0x59C4, 0x0081, 0x21C2, 0x0081, 0x18E3, 0x32A5, 0x32A5, 0x1143, 0x18E3, 0x21C2, 0x0081, 0x59C4, 0x28C2, 0x0081,
        0x0040, 0x28C2, 0x59C4, 0x0040, 0x0881, 0x0081, 0x18E3, 0x32A5, 0x0081, 0x0081, 0x18E3, 0x0881, 0x0081, 0x59C4, 0x28C2, 0x0040,
        0x0040, 0x21C2, 0x59C4, 0x0040, 0x21C2, 0x0081, 0x18E3, 0x21C2, 0x0081, 0x0081, 0x21C2, 0x0081, 0x0081, 0x21C2, 0x28C2, 0x0040,
        0x21C2, 0x0881, 0x21C2, 0x0040, 0x0881, 0x21C2, 0x21C2, 0x0881, 0x0081, 0x21C2, 0x0881, 0x21C2, 0x0040, 0x0881, 0x21C2, 0x21C2,
        0x0881, 0x0881, 0x0881, 0x21C2, 0x0881, 0x0881, 0x0881, 0x0881, 0x21C2, 0x0881, 0x0881, 0x0881, 0x21C2, 0x0881, 0x0881, 0x0881,
    },
    {
        0x2AC4, 0x08E1, 0x08E1, 0x11A3, 0x2AC4, 0x08E1, 0x08E1, 0x2AC4, 0x08E1, 0x08E1, 0x11A3, 0x2AC4, 0x08E1, 0x08E1, 0x08E1, 0x11A3,
        0x08E1, 0x2AC4, 0x08E1, 0x08E1, 0x08E1, 0x08E1, 0x08E1, 0x2AC4, 0x5466, 0x08E1, 0x2AC4, 0x08E1, 0x11A3, 0x59C4, 0x28C2, 0x11A3,
        0x08E1, 0x28C2, 0x59C4, 0x11A3, 0x08E1, 0x2AC4, 0x11A3, 0x1143, 0x2AC4, 0x2AC4, 0x2AC4, 0x2AC4, 0x08E1, 0x59C4, 0x28C2, 0x11A3,
        0x08E1, 0x28C2, 0x59C4, 0x11A3, 0x2AC4, 0x11A3, 0x1143, 0x1143, 0x1143, 0x2AC4, 0x1143, 0x2AC4, 0x08E1, 0x59C4, 0x28C2, 0x08E1,
        0x2AC4, 0x28C2, 0x59C4, 0x0081, 0x11A3, 0x1143, 0x1143, 0x1143, 0x1143, 0x43A8, 0x4BC7, 0x32A5, 0x2AC4, 0x59C4, 0x28C2, 0x11A3,
        0x0040, 0x28C2, 0x59C4, 0x0081, 0x0081, 0x1143, 0x18E3, 0x43A8, 0x43A8, 0x43A8, 0x4BC7, 0x32A5, 0x1143, 0x59C4, 0x28C2, 0x11A3,
        0x0040, 0x28C2, 0x59C4, 0x0081, 0x0081, 0x6C48, 0x18E3, 0x43A8, 0x43A8, 0x4BC7, 0x18E3, 0x43A8, 0x1143, 0x59C4, 0x28C2, 0x0081,
        0x0040, 0x28C2, 0x59C4, 0x0081, 0x0081, 0x1143, 0x18E3, 0x43A8, 0x43A8, 0x4BC7, 0x18E3, 0x43A8, 0x4BC7, 0x59C4, 0x28C2, 0x0081,
        0x0040, 0x28C2, 0x59C4, 0x0081, 0xAB45, 0x1143, 0x18E3, 0x43A8, 0x4BC7, 0xD770, 0x18E3, 0x43A8, 0x4BC7, 0x59C4, 0x28C2, 0x0081,
        0x0040, 0x28C2, 0x59C4, 0x0081, 0x0081, 0x1143, 0x18E3, 0x1143, 0x4BC7, 0x32A5, 0x18E3, 0x32A5, 0x32A5, 0x6C48, 0x28C2, 0x0081,
        0x0040, 0x28C2, 0x59C4, 0x0081, 0x0081, 0x0081, 0x18E3, 0x32A5, 0x32A5, 0x1143, 0x18E3, 0x32A5, 0x32A5, 0x59C4, 0x28C2, 0x0081,
        0x0040, 0x28C2, 0x59C4, 0x0081, 0x21C2, 0x0081, 0x18E3, 0x32A5, 0x32A5, 0x1143, 0x18E3, 0x21C2, 0x0081, 0x59C4, 0x28C2, 0x0081,
        0x0040, 0x28C2, 0x59C4, 0x0040, 0x0881, 0x0081, 0x18E3, 0x32A5, 0x0081, 0x0081, 0x18E3, 0x0881, 0x0081, 0x59C4, 0x28C2, 0x0040,
        0x0040, 0x21C2, 0x59C4, 0x0040, 0x21C2, 0x0081, 0x18E3, 0x21C2, 0x0081, 0x0081, 0x21C2, 0x0081, 0x0081, 0x21C2, 0x28C2, 0x0040,
        0x21C2, 0x0881, 0x21C2, 0x0040, 0x0881, 0x21C2, 0x21C2, 0x0881, 0x0081, 0x21C2, 0x0881, 0x21C2, 0x0040, 0x0881, 0x21C2, 0x21C2,
        0x0881, 0x0881, 0x0881, 0x21C2, 0x0881, 0x0881, 0x0881, 0x0881, 0x21C2, 0x0881, 0x0881, 0x0881, 0x21C2, 0x0881, 0x0881, 0x0881,
    },
    {
        0x2AC4, 0x08E1, 0x11A3, 0x11A3, 0x2AC4, 0x08E1, 0x08E1, 0x2AC4, 0x08E1, 0x08E1, 0x11A3, 0x2AC4, 0x08E1, 0x11A3, 0x08E1, 0x11A3,
        0x08E1, 0x2AC4, 0x08E1, 0x08E1, 0x08E1, 0x08E1, 0x08E1, 0x2AC4, 0x5466, 0x08E1, 0x2AC4, 0x08E1, 0x11A3, 0x59C4, 0x28C2, 0x11A3,
        0x08E1, 0x28C2, 0x59C4, 0x11A3, 0x08E1, 0x2AC4, 0x11A3, 0x1143, 0x2AC4, 0x2AC4, 0x2AC4, 0x2AC4, 0x08E1, 0x59C4, 0x28C2, 0x11A3,
        0x08E1, 0x28C2, 0x59C4, 0x11A3, 0x11A3, 0x11A3, 0x1143, 0x1143, 0x1143, 0x2AC4, 0x1143, 0x2AC4, 0x08E1, 0x59C4, 0x28C2, 0x08E1,
        0x11A3, 0x28C2, 0x59C4, 0x0081, 0x2AC4, 0x1143, 0x1143, 0x1143, 0x1143, 0x4388, 0x4BA7, 0x32A5, 0x5466, 0x59C4, 0x28C2, 0x11A3,
        0x0040, 0x28C2, 0x59C4, 0x0081, 0x0081, 0x1143, 0x18E3, 0x4388, 0x4388, 0x4388, 0x4BA7, 0x32A5, 0x1143, 0x59C4, 0x28C2, 0x11A3,
        0x0040, 0x28C2, 0x59C4, 0x0081, 0x0081, 0x6C48, 0x18E3, 0x4388, 0x4388, 0x4BA7, 0x18E3, 0x4388, 0x1143, 0x59C4, 0x28C2, 0x0081,
        0x0040, 0x28C2, 0x59C4, 0x0081, 0x0081, 0x1143, 0x18E3, 0x4388, 0x4388, 0x4BA7, 0x18E3, 0x4388, 0x4BA7, 0x59C4, 0x28C2, 0x0081,
        0x0040, 0x28C2, 0x59C4, 0x0081, 0x0081, 0x1143, 0x18E3, 0x4388, 0x4BA7, 0x6C48, 0x18E3, 0x4388, 0x4BA7, 0x59C4, 0x28C2, 0x0081,
        0x0040, 0x28C2, 0x59C4, 0x0081, 0xAB45, 0x1143, 0x18E3, 0x1143, 0x4BA7, 0x32A5, 0x18E3, 0x32A5, 0x32A5, 0x6C48, 0x28C2, 0x0081,
        0x0040, 0x28C2, 0x59C4, 0x0081, 0x0081, 0x0081, 0x18E3, 0x32A5, 0x32A5, 0x1143, 0x18E3, 0x32A5, 0x32A5, 0x59C4, 0x28C2, 0x0081,
        0x0040, 0x28C2, 0x59C4, 0x0081, 0x21C2, 0x0081, 0x18E3, 0x32A5, 0x32A5, 0x1143, 0x18E3, 0x21C2, 0x0081, 0x59C4, 0x28C2, 0x0081,
        0x0040, 0x28C2, 0x59C4, 0x0040, 0x0881, 0x0081, 0x18E3, 0x32A5, 0x0081, 0x0081, 0x18E3, 0x0881, 0x0081, 0x59C4, 0x28C2, 0x0040,
        0x0040, 0x21C2, 0x59C4, 0x0040, 0x21C2, 0x0081, 0x18E3, 0x21C2, 0x0081, 0x0081, 0x21C2, 0x0081, 0x0081, 0x21C2, 0x28C2, 0x0040,
        0x21C2, 0x0881, 0x21C2, 0x0040, 0x0881, 0x21C2, 0x21C2, 0x0881, 0x0081, 0x21C2, 0x0881, 0x21C2, 0x0040, 0x0881, 0x21C2, 0x21C2,
        0x0881, 0x0881, 0x0881, 0x21C2, 0x0881, 0x0881, 0x0881, 0x0881, 0x21C2, 0x0881, 0x0881, 0x0881, 0x21C2, 0x0881, 0x0881, 0x0881,
    },
    {
        0x2AC4, 0x08E1, 0x08E1, 0x11A3, 0x2AC4, 0x08E1, 0x08E1, 0x2AC4, 0x08E1, 0x08E1, 0x11A3, 0x2AC4, 0x08E1, 0x08E1, 0x08E1, 0x11A3,
        0x08E1, 0x5466, 0x08E1, 0x08E1, 0x08E1, 0x08E1, 0x08E1, 0x2AC4, 0x5466, 0x08E1, 0x2AC4, 0x08E1, 0x11A3, 0x59C4, 0x28C2, 0x11A3,
        0x08E1, 0x28C2, 0x59C4, 0x11A3, 0x08E1, 0x2AC4, 0x11A3, 0x1143, 0x2AC4, 0x2AC4, 0x2AC4, 0x2AC4, 0x08E1, 0x59C4, 0x28C2, 0x11A3,
        0x08E1, 0x28C2, 0x59C4, 0x11A3, 0x2AC4, 0x11A3, 0x1143, 0x1143, 0x1143, 0x2AC4, 0x1143, 0x2AC4, 0x08E1, 0x59C4, 0x28C2, 0x08E1,
        0x11A3, 0x28C2, 0x59C4, 0x0081, 0x11A3, 0x1143, 0x1143, 0x1143, 0x1143, 0x4388, 0x4BA6, 0x32A5, 0x2AC4, 0x59C4, 0x28C2, 0x11A3,
        0x0040, 0x28C2, 0x59C4, 0x0081, 0x0081, 0x1143, 0x18E3, 0x4388, 0x4388, 0x4388, 0x4BA6, 0x32A5, 0x1143, 0x59C4, 0x28C2, 0x11A3,
        0x0040, 0x28C2, 0x59C4, 0x0081, 0x0081, 0x6C48, 0x18E3, 0x4388, 0x4388, 0x4BA6, 0x18E3, 0x4388, 0x1143, 0x59C4, 0x28C2, 0x0081,
        0x0040, 0x28C2, 0x59C4, 0x0081, 0x0081, 0x1143, 0x18E3, 0x4388, 0x4388, 0x4BA6, 0x18E3, 0x4388, 0x4BA6, 0x59C4, 0x28C2, 0x0081,
        0x0040, 0x28C2, 0x59C4, 0x0081, 0x0081, 0x1143, 0x18E3, 0x4388, 0x4BA6, 0x6C48, 0x18E3, 0x4388, 0x4BA6, 0x59C4, 0x28C2, 0x0081,
        0x0040, 0x28C2, 0x59C4, 0x0081, 0xAB45, 0x1143, 0x18E3, 0x1143, 0x4BA6, 0x32A5, 0x18E3, 0x32A5, 0x32A5, 0xD770, 0x28C2, 0x0081,
        0x0040, 0x28C2, 0x59C4, 0x0081, 0x0081, 0x0081, 0x18E3, 0x32A5, 0x32A5, 0x1143, 0x18E3, 0x32A5, 0x32A5, 0x59C4, 0x28C2, 0x0081,
        0x0040, 0x28C2, 0x59C4, 0x0081, 0x21C2, 0x0081, 0x18E3, 0x32A5, 0x32A5, 0x1143, 0x18E3, 0x21C2, 0x0081, 0x59C4, 0x28C2, 0x0081,
        0x0040, 0x28C2, 0x59C4, 0x0040, 0x0881, 0x0081, 0x18E3, 0x32A5, 0x0081, 0x0081, 0x18E3, 0x0881, 0x0081, 0x59C4, 0x28C2, 0x0040,
        0x0040, 0x21C2, 0x59C4, 0x0040, 0x21C2, 0x0081, 0x18E3, 0x21C2, 0x0081, 0x0081, 0x21C2, 0x0081, 0x0081, 0x21C2, 0x28C2, 0x0040,
        0x21C2, 0x0881, 0x21C2, 0x0040, 0x0881, 0x21C2, 0x21C2, 0x0881, 0x0081, 0x21C2, 0x0881, 0x21C2, 0x0040, 0x0881, 0x21C2, 0x21C2,
        0x0881, 0x0881, 0x0881, 0x21C2, 0x0881, 0x0881, 0x0881, 0x0881, 0x21C2, 0x0881, 0x0881, 0x0881, 0x21C2, 0x0881, 0x0881, 0x0881,
    },
    {
        0x2AC4, 0x08E1, 0x08E1, 0x11A3, 0x2AC4, 0x08E1, 0x08E1, 0x5466, 0x08E1, 0x08E1, 0x11A3, 0x2AC4, 0x08E1, 0x08E1, 0x08E1, 0x11A3,
        0x08E1, 0x2AC4, 0x08E1, 0x08E1, 0x11A3, 0x08E1, 0x08E1, 0x2AC4, 0x5466, 0x08E1, 0x5466, 0x08E1, 0x11A3, 0x59C4, 0x28C2, 0x11A3,
        0x08E1, 0x28C2, 0x59C4, 0x11A3, 0x08E1, 0x2AC4, 0x11A3, 0x1143, 0x2AC4, 0x2AC4, 0x2AC4, 0x2AC4, 0x08E1, 0x59C4, 0x28C2, 0x11A3,
        0x08E1, 0x28C2, 0x59C4, 0x11A3, 0x11A3, 0x11A3, 0x1143, 0x1143, 0x1143, 0x2AC4, 0x1143, 0x2AC4, 0x11A3, 0x59C4, 0x28C2, 0x08E1,
        0x11A3, 0x28C2, 0x59C4, 0x0081, 0x11A3, 0x1143, 0x1143, 0x1143, 0x1143, 0x4388, 0x4BA6, 0x3285, 0x2AC4, 0x59C4, 0x28C2, 0x11A3,
        0x0040, 0x28C2, 0x59C4, 0x0081, 0x0081, 0x1143, 0x18E3, 0x4388, 0x4388, 0x4388, 0x4BA6, 0x3285, 0x1143, 0x59C4, 0x28C2, 0x11A3,
        0x0040, 0x28C2, 0x59C4, 0x0081, 0x0081, 0x1143, 0x18E3, 0x4388, 0x4388, 0x4BA6, 0x18E3, 0x4388, 0x1143, 0x59C4, 0x28C2, 0x0081,
        0x0040, 0x28C2, 0x59C4, 0x0081, 0x0081, 0x1143, 0x18E3, 0x4388, 0x4388, 0xD770, 0x18E3, 0x4388, 0x4BA6, 0x59C4, 0x28C2, 0x0081,
        0x0040, 0x28C2, 0x59C4, 0x0081, 0x0081, 0x1143, 0x18E3, 0x4388, 0x4BA6, 0x3285, 0x18E3, 0x4388, 0xD770, 0x59C4, 0x28C2, 0x0081,
        0x0040, 0x28C2, 0x59C4, 0x0081, 0x0081, 0x1143, 0x18E3, 0x1143, 0x4BA6, 0x3285, 0x18E3, 0x3285, 0x3285, 0x59C4, 0x28C2, 0x0081,
        0x0040, 0x28C2, 0x59C4, 0x0081, 0x0081, 0xAB45, 0x18E3, 0x3285, 0x3285, 0x1143, 0x18E3, 0x3285, 0x3285, 0x59C4, 0x28C2, 0x0081,
        0x0040, 0x28C2, 0x59C4, 0x0081, 0x21C2, 0x0081, 0x18E3, 0x3285, 0x3285, 0x1143, 0x18E3, 0x21C2, 0x0081, 0x59C4, 0x28C2, 0x0081,
        0x0040, 0x28C2, 0x59C4, 0x0040, 0x0881, 0x0081, 0x18E3, 0x3285, 0x0081, 0x0081, 0x18E3, 0x0881, 0x0081, 0x59C4, 0x28C2, 0x0040,
        0x0040, 0x21C2, 0x59C4, 0x0040, 0x21C2, 0x0081, 0x18E3, 0x21C2, 0x6C48, 0x0081, 0x21C2, 0x0081, 0x0081, 0x21C2, 0x28C2, 0x0040,
        0x21C2, 0x0881, 0x21C2, 0x0040, 0x0881, 0x21C2, 0x21C2, 0x0881, 0x0081, 0x21C2, 0x0881, 0x21C2, 0x0040, 0x0881, 0x21C2, 0x21C2,
        0x0881, 0x0881, 0x0881, 0x21C2, 0x0881, 0x0881, 0x0881, 0x0881, 0x21C2, 0x0881, 0x0881, 0x0881, 0x21C2, 0x0881, 0x0881, 0x0881,
    },
    {
        0x2AC4, 0x08E1, 0x08E1, 0x11A3, 0x2AC4, 0x08E1, 0x11A3, 0x2AC4, 0x08E1, 0x08E1, 0x11A3, 0x2AC4, 0x08E1, 0x08E1, 0x08E1, 0x11A3,
        0x08E1, 0x2AC4, 0x08E1, 0x08E1, 0x08E1, 0x08E1, 0x08E1, 0x2AC4, 0x5466, 0x08E1, 0x2AC4, 0x08E1, 0x11A3, 0x59C4, 0x28C2, 0x11A3,
        0x08E1, 0x28C2, 0x59C4, 0x11A3, 0x08E1, 0x2AC4, 0x11A3, 0x1143, 0x2AC4, 0x2AC4, 0x2AC4, 0x2AC4, 0x11A3, 0x59C4, 0x28C2, 0x11A3,
        0x11A3, 0x28C2, 0x59C4, 0x11A3, 0x11A3, 0x11A3, 0x1143, 0x1143, 0x1143, 0x2AC4, 0x1143, 0x2AC4, 0x08E1, 0x59C4, 0x28C2, 0x08E1,
        0x11A3, 0x28C2, 0x59C4, 0x0081, 0x11A3, 0x1143, 0x1143, 0x1143, 0x1143, 0x4367, 0x4BA6, 0x2A85, 0x2AC4, 0x59C4, 0x28C2, 0x11A3,
        0x0040, 0x28C2, 0x59C4, 0x0081, 0x0081, 0x1143, 0x18E3, 0x4367, 0x4367, 0x4367, 0x4BA6, 0x2A85, 0x1143, 0x59C4, 0x28C2, 0x11A3,
        0x0040, 0x28C2, 0x59C4, 0x0081, 0x0081, 0x1143, 0x18E3, 0x4367, 0x4367, 0x4BA6, 0x18E3, 0x4367, 0x1143, 0x59C4, 0x28C2, 0x0081,
        0x0040, 0x28C2, 0x59C4, 0x0081, 0x0081, 0x1143, 0x18E3, 0x4367, 0x4367, 0xD770, 0x18E3, 0x4367, 0x4BA6, 0x59C4, 0x28C2, 0x0081,
        0x0040, 0x28C2, 0x59C4, 0x0081, 0x0081, 0x1143, 0x18E3, 0x4367, 0x4BA6, 0x2A85, 0x18E3, 0x4367, 0x6C48, 0x59C4, 0x28C2, 0x0081,
        0x0040, 0x28C2, 0x59C4, 0x0081, 0x0081, 0x1143, 0x18E3, 0x1143, 0x4BA6, 0x2A85, 0x18E3, 0x2A85, 0x2A85, 0x59C4, 0x28C2, 0x0081,
        0x0040, 0x28C2, 0x59C4, 0x0081, 0x0081, 0xAB45, 0x18E3, 0x2A85, 0x2A85, 0x1143, 0x18E3, 0x2A85, 0x2A85, 0x59C4, 0x28C2, 0x0081,
        0x0040, 0x28C2, 0x59C4, 0x0081, 0x21C2, 0x0081, 0x18E3, 0x2A85, 0x2A85, 0x1143, 0x18E3, 0x21C2, 0x0081, 0x59C4, 0x28C2, 0x0081,
        0x0040, 0x28C2, 0x59C4, 0x0040, 0x0881, 0x0081, 0x18E3, 0x2A85, 0x0081, 0x0081, 0x18E3, 0x0881, 0x0081, 0x59C4, 0x28C2, 0x0040,
        0x0040, 0x21C2, 0x59C4, 0x0040, 0x21C2, 0x0081, 0x18E3, 0x21C2, 0x6C48, 0x0081, 0x21C2, 0x0081, 0x0081, 0x21C2, 0x28C2, 0x0040,
        0x21C2, 0x0881, 0x21C2, 0x0040, 0x0881, 0x21C2, 0x21C2, 0x0881, 0x0081, 0x21C2, 0x0881, 0x21C2, 0x0040, 0x0881, 0x21C2, 0x21C2,
        0x0881, 0x0881, 0x0881, 0x21C2, 0x0881, 0x0881, 0x0881, 0x0881, 0x21C2, 0x0881, 0x0881, 0x0881, 0x21C2, 0x0881, 0x0881, 0x0881,
    },
    {
        0x2AC4, 0x11A3, 0x08E1, 0x11A3, 0x2AC4, 0x11A3, 0x08E1, 0x2AC4, 0x08E1, 0x08E1, 0x11A3, 0x2AC4, 0x08E1, 0x08E1, 0x08E1, 0x2AC4,
        0x08E1, 0x2AC4, 0x08E1, 0x08E1, 0x08E1, 0x08E1, 0x08E1, 0x2AC4, 0x5466, 0x08E1, 0x2AC4, 0x08E1, 0x11A3, 0x59C4, 0x28C2, 0x11A3,
        0x08E1, 0x28C2, 0x59C4, 0x11A3, 0x08E1, 0x2AC4, 0x11A3, 0x1143, 0x2AC4, 0x2AC4, 0x2AC4, 0x2AC4, 0x08E1, 0x59C4, 0x28C2, 0x11A3,
        0x08E1, 0x28C2, 0x59C4, 0x2AC4, 0x11A3, 0x11A3, 0x1143, 0x1143, 0x1143, 0x2AC4, 0x1143, 0x2AC4, 0x08E1, 0x59C4, 0x28C2, 0x08E1,
        0x11A3, 0x28C2, 0x59C4, 0x0081, 0x11A3, 0x1143, 0x1143, 0x1143, 0x1143, 0x4347, 0x4B86, 0x2A65, 0x2AC4, 0x59C4, 0x28C2, 0x11A3,
        0x0040, 0x28C2, 0x59C4, 0x0081, 0x0081, 0x1143, 0x18E3, 0x4347, 0x4347, 0x4347, 0x4B86, 0x2A65, 0x1143, 0x59C4, 0x28C2, 0x11A3,
        0x0040, 0x28C2, 0x59C4, 0x0081, 0x0081, 0x1143, 0x18E3, 0x4347, 0x4347, 0x4B86, 0x18E3, 0x4347, 0x1143, 0x59C4, 0x28C2, 0x0081,
        0x0040, 0x28C2, 0x59C4, 0x0081, 0x0081, 0x1143, 0x18E3, 0x4347, 0x4347, 0x6C48, 0x18E3, 0x4347, 0x4B86, 0x59C4, 0x28C2, 0x0081,
        0x0040, 0x28C2, 0x59C4, 0x0081, 0x0081, 0x1143, 0x18E3, 0x4347, 0x4B86, 0x2A65, 0x18E3, 0x4347, 0x6C48, 0x59C4, 0x28C2, 0x0081,
        0x0040, 0x28C2, 0x59C4, 0x0081, 0x0081, 0x1143, 0x18E3, 0x1143, 0x4B86, 0x2A65, 0x18E3, 0x2A65, 0x2A65, 0x59C4, 0x28C2, 0x0081,
        0x0040, 0x28C2, 0x59C4, 0x0081, 0x0081, 0x0081, 0x18E3, 0x2A65, 0x2A65, 0x1143, 0x18E3, 0x2A65, 0x2A65, 0x59C4, 0x28C2, 0x0081,
        0x0040, 0x28C2, 0x59C4, 0x0081, 0x21C2, 0xAB45, 0x18E3, 0x2A65, 0x2A65, 0x1143, 0x18E3, 0x21C2, 0x0081, 0x59C4, 0x28C2, 0x0081,
        0x0040, 0x28C2, 0x59C4, 0x0040, 0x0881, 0x0081, 0x18E3, 0x2A65, 0x0081, 0x0081, 0x18E3, 0x0881, 0x0081, 0x59C4, 0x28C2, 0x0040,
        0x0040, 0x21C2, 0x59C4, 0x0040, 0x21C2, 0x0081, 0x18E3, 0x21C2, 0x6C48, 0x0081, 0x21C2, 0x0081, 0x0081, 0x21C2, 0x28C2, 0x0040,
        0x21C2, 0x0881, 0x21C2, 0x0040, 0x0881, 0x21C2, 0x21C2, 0x0881, 0x0081, 0x21C2, 0x0881, 0x21C2, 0x0040, 0x0881, 0x21C2, 0x21C2,
        0x0881, 0x0881, 0x0881, 0x21C2, 0x0881, 0x0881, 0x0881, 0x0881, 0x21C2, 0x0881, 0x0881, 0x0881, 0x21C2, 0x0881, 0x0881, 0x0881,
    },
    {
        0x2AC4, 0x08E1, 0x08E1, 0x11A3, 0x5466, 0x08E1, 0x08E1, 0x2AC4, 0x08E1, 0x08E1, 0x11A3, 0x5466, 0x08E1, 0x08E1, 0x08E1, 0x11A3,
        0x11A3, 0x2AC4, 0x08E1, 0x08E1, 0x08E1, 0x08E1, 0x08E1, 0x5466, 0x5466, 0x08E1, 0x2AC4, 0x08E1, 0x11A3, 0x59C4, 0x28C2, 0x11A3,
        0x08E1, 0x28C2, 0x59C4, 0x11A3, 0x08E1, 0x2AC4, 0x11A3, 0x1143, 0x2AC4, 0x2AC4, 0x2AC4, 0x2AC4, 0x08E1, 0x59C4, 0x28C2, 0x11A3,
        0x08E1, 0x28C2, 0x59C4, 0x11A3, 0x2AC4, 0x2AC4, 0x1143, 0x1143, 0x1143, 0x2AC4, 0x1143, 0x2AC4, 0x08E1, 0x59C4, 0x28C2, 0x08E1,
        0x11A3, 0x28C2, 0x59C4, 0x0081, 0x11A3, 0x1143, 0x1143, 0x1143, 0x1143, 0x3B47, 0x4386, 0x2A65, 0x2AC4, 0x59C4, 0x28C2, 0x11A3,
        0x0040, 0x28C2, 0x59C4, 0x0081, 0x0081, 0x1143, 0x18E3, 0x3B47, 0x3B47, 0x3B47, 0x4386, 0x2A65, 0x1143, 0x59C4, 0x28C2, 0x11A3,
        0x0040, 0x28C2, 0x59C4, 0x0081, 0x0081, 0x1143, 0x18E3, 0x3B47, 0x3B47, 0x4386, 0x18E3, 0x3B47, 0x1143, 0x59C4, 0x28C2, 0x0081,
        0x0040, 0x28C2, 0x59C4, 0x0081, 0x0081, 0x1143, 0x18E3, 0x3B47, 0x3B47, 0x6C48, 0x18E3, 0x3B47, 0x4386, 0x59C4, 0x28C2, 0x0081,
        0x0040, 0x28C2, 0x59C4, 0x0081, 0x0081, 0x1143, 0x18E3, 0x3B47, 0x4386, 0x2A65, 0x18E3, 0x3B47, 0xD770, 0x59C4, 0x28C2, 0x0081,
        0x0040, 0x28C2, 0x59C4, 0x0081, 0x0081, 0x1143, 0x18E3, 0x1143, 0x4386, 0x2A65, 0x18E3, 0x2A65, 0x2A65, 0x59C4, 0x28C2, 0x0081,
        0x0040, 0x28C2, 0x59C4, 0x0081, 0x0081, 0x0081, 0x18E3, 0x2A65, 0x2A65, 0x1143, 0x18E3, 0x2A65, 0x2A65, 0x59C4, 0x28C2, 0x0081,
        0x0040, 0x28C2, 0x59C4, 0x0081, 0x21C2, 0xAB45, 0x18E3, 0x2A65, 0x2A65, 0x1143, 0x18E3, 0x21C2, 0x0081, 0x59C4, 0x28C2, 0x0081,
        0x0040, 0x28C2, 0x59C4, 0x0040, 0x0881, 0x0081, 0x18E3, 0x2A65, 0x0081, 0x0081, 0x18E3, 0x0881, 0x0081, 0x59C4, 0x28C2, 0x0040,
        0x0040, 0x21C2, 0x59C4, 0x0040, 0x21C2, 0x0081, 0x18E3, 0x21C2, 0x6C48, 0x0081, 0x21C2, 0x0081, 0x0081, 0x21C2, 0x28C2, 0x0040,
        0x21C2, 0x0881, 0x21C2, 0x0040, 0x0881, 0x21C2, 0x21C2, 0x0881, 0x0081, 0x21C2, 0x0881, 0x21C2, 0x0040, 0x0881, 0x21C2, 0x21C2,
        0x0881, 0x0881, 0x0881, 0x21C2, 0x0881, 0x0881, 0x0881, 0x0881, 0x21C2, 0x0881, 0x0881, 0x0881, 0x21C2, 0x0881, 0x0881, 0x0881,
    },
    {
        0x2AC4, 0x08E1, 0x08E1, 0x11A3, 0x2AC4, 0x08E1, 0x08E1, 0x2AC4, 0x08E1, 0x11A3, 0x2AC4, 0x2AC4, 0x08E1, 0x08E1, 0x08E1, 0x11A3,
        0x08E1, 0x5466, 0x08E1, 0x08E1, 0x08E1, 0x08E1, 0x08E1, 0x2AC4, 0x5466, 0x08E1, 0x2AC4, 0x11A3, 0x11A3, 0x59C4, 0x28C2, 0x11A3,
        0x08E1, 0x28C2, 0x59C4, 0x11A3, 0x08E1, 0x2AC4, 0x11A3, 0x1143, 0x2AC4, 0x5466, 0x2AC4, 0x2AC4, 0x11A3, 0x59C4, 0x28C2, 0x11A3,
        0x11A3, 0x28C2, 0x59C4, 0x11A3, 0x11A3, 0x11A3, 0x1143, 0x1143, 0x1143, 0x2AC4, 0x1143, 0x2AC4, 0x08E1, 0x59C4, 0x28C2, 0x08E1,
        0x11A3, 0x28C2, 0x59C4, 0x0081, 0x11A3, 0x1143, 0x1143, 0x1143, 0x1143, 0x3B27, 0x4366, 0x2A44, 0x2AC4, 0x59C4, 0x28C2, 0x11A3,
        0x0040, 0x28C2, 0x59C4, 0x0081, 0x0081, 0x1143, 0x18E3, 0x3B27, 0x3B27, 0x3B27, 0x4366, 0x2A44, 0x1143, 0x59C4, 0x28C2, 0x11A3,
        0x0040, 0x28C2, 0x59C4, 0x0081, 0x0081, 0x1143, 0x18E3, 0x3B27, 0x6C48, 0x4366, 0x18E3, 0x3B27, 0x1143, 0x59C4, 0x28C2, 0x0081,
        0x0040, 0x28C2, 0x59C4, 0x0081, 0x0081, 0x1143, 0x18E3, 0x3B27, 0x3B27, 0x4366, 0x18E3, 0x3B27, 0xD770, 0x59C4, 0x28C2, 0x0081,
        0x0040, 0x28C2, 0x59C4, 0x0081, 0x0081, 0x1143, 0x18E3, 0x3B27, 0x4366, 0x2A44, 0x18E3, 0x3B27, 0x4366, 0x59C4, 0x28C2, 0x0081,
        0x0040, 0x28C2, 0x59C4, 0x0081, 0x0081, 0x1143, 0x18E3, 0x1143, 0x4366, 0x2A44, 0x18E3, 0x2A44, 0x2A44, 0x59C4, 0x28C2, 0x0081,
        0x0040, 0x28C2, 0x59C4, 0x0081, 0x0081, 0x0081, 0x18E3, 0x2A44, 0x2A44, 0x1143, 0x18E3, 0x2A44, 0x2A44, 0x59C4, 0x28C2, 0x0081,
        0x0040, 0x28C2, 0x59C4, 0x0081, 0x21C2, 0x0081, 0x18E3, 0x2A44, 0x2A44, 0x1143, 0x18E3, 0x21C2, 0x0081, 0x59C4, 0x28C2, 0x0081,
        0x0040, 0x28C2, 0x59C4, 0x0040, 0xAB45, 0x0081, 0x18E3, 0x2A44, 0x6C48, 0x0081, 0x18E3, 0x0881, 0x0081, 0x59C4, 0x28C2, 0x0040,
        0x0040, 0x21C2, 0x59C4, 0x0040, 0x21C2, 0x0081, 0x18E3, 0x21C2, 0x0081, 0x0081, 0x21C2, 0x0081, 0x0081, 0x21C2, 0x28C2, 0x0040,
        0x21C2, 0x0881, 0x21C2, 0x0040, 0x0881, 0x21C2, 0x21C2, 0x0881, 0x0081, 0x21C2, 0x0881, 0x21C2, 0x0040, 0x0881, 0x21C2, 0x21C2,
        0x0881, 0x0881, 0x0881, 0x21C2, 0x0881, 0x0881, 0x0881, 0x0881, 0x21C2, 0x0881, 0x0881, 0x0881, 0x21C2, 0x0881, 0x0881, 0x0881,
    },
    {
        0x2AC4, 0x08E1, 0x11A3, 0x2AC4, 0x5466, 0x08E1, 0x08E1, 0x2AC4, 0x08E1, 0x08E1, 0x11A3, 0x2AC4, 0x08E1, 0x08E1, 0x11A3, 0x11A3,
        0x08E1, 0x2AC4, 0x11A3, 0x08E1, 0x08E1, 0x11A3, 0x08E1, 0x2AC4, 0x5466, 0x08E1, 0x2AC4, 0x08E1, 0x11A3, 0x59C4, 0x28C2, 0x11A3,
        0x08E1, 0x28C2, 0x59C4, 0x11A3, 0x08E1, 0x2AC4, 0x11A3, 0x1143, 0x2AC4, 0x2AC4, 0x2AC4, 0x2AC4, 0x08E1, 0x59C4, 0x28C2, 0x11A3,
        0x08E1, 0x28C2, 0x59C4, 0x11A3, 0x2AC4, 0x11A3, 0x1143, 0x1143, 0x1143, 0x2AC4, 0x1143, 0x2AC4, 0x08E1, 0x59C4, 0x28C2, 0x08E1,
        0x2AC4, 0x28C2, 0x59C4, 0x0081, 0x11A3, 0x1143, 0x1143, 0x1143, 0x1143, 0x3B07, 0x4366, 0x2A44, 0x2AC4, 0x59C4, 0x28C2, 0x11A3,
        0x0040, 0x28C2, 0x59C4, 0x0081, 0x0081, 0x1143, 0x18E3, 0x3B07, 0x3B07, 0x3B07, 0x4366, 0x2A44, 0x1143, 0x59C4, 0x28C2, 0x11A3,
        0x0040, 0x28C2, 0x59C4, 0x0081, 0x0081, 0x1143, 0x18E3, 0x3B07, 0x6C48, 0x4366, 0x18E3, 0x3B07, 0x1143, 0x59C4, 0x28C2, 0x0081,
        0x0040, 0x28C2, 0x59C4, 0x0081, 0x0081, 0x1143, 0x18E3, 0x3B07, 0x3B07, 0x4366, 0x18E3, 0x3B07, 0x6C48, 0x59C4, 0x28C2, 0x0081,
        0x0040, 0x28C2, 0x59C4, 0x0081, 0x0081, 0x1143, 0x18E3, 0x3B07, 0x4366, 0x2A44, 0x18E3, 0x3B07, 0x4366, 0x59C4, 0x28C2, 0x0081,
        0x0040, 0x28C2, 0x59C4, 0x0081, 0x0081, 0x1143, 0x18E3, 0x1143, 0x4366, 0x2A44, 0x18E3, 0x2A44, 0x2A44, 0x59C4, 0x28C2, 0x0081,
        0x0040, 0x28C2, 0x59C4, 0x0081, 0x0081, 0x0081, 0x18E3, 0x2A44, 0x2A44, 0x1143, 0x18E3, 0x2A44, 0x2A44, 0x59C4, 0x28C2, 0x0081,
        0x0040, 0x28C2, 0x59C4, 0x0081, 0x21C2, 0x0081, 0x18E3, 0x2A44, 0x2A44, 0x1143, 0x18E3, 0x21C2, 0x0081, 0x59C4, 0x28C2, 0x0081,
        0x0040, 0x28C2, 0x59C4, 0x0040, 0xAB45, 0x0081, 0x18E3, 0x2A44, 0xD770, 0x0081, 0x18E3, 0x0881, 0x0081, 0x59C4, 0x28C2, 0x0040,
        0x0040, 0x21C2, 0x59C4, 0x0040, 0x21C2, 0x0081, 0x18E3, 0x21C2, 0x0081, 0x0081, 0x21C2, 0x0081, 0x0081, 0x21C2, 0x28C2, 0x0040,
        0x21C2, 0x0881, 0x21C2, 0x0040, 0x0881, 0x21C2, 0x21C2, 0x0881, 0x0081, 0x21C2, 0x0881, 0x21C2, 0x0040, 0x0881, 0x21C2, 0x21C2,
        0x0881, 0x0881, 0x0881, 0x21C2, 0x0881, 0x0881, 0x0881, 0x0881, 0x21C2, 0x0881, 0x0881, 0x0881, 0x21C2, 0x0881, 0x0881, 0x0881,
    },
    {
        0x2AC4, 0x08E1, 0x08E1, 0x11A3, 0x2AC4, 0x08E1, 0x08E1, 0x2AC4, 0x08E1, 0x08E1, 0x11A3, 0x5466, 0x08E1, 0x08E1, 0x08E1, 0x11A3,
        0x08E1, 0x2AC4, 0x08E1, 0x08E1, 0x08E1, 0x08E1, 0x08E1, 0x2AC4, 0x5466, 0x08E1, 0x2AC4, 0x08E1, 0x2AC4, 0x59C4, 0x28C2, 0x2AC4,
        0x08E1, 0x28C2, 0x59C4, 0x11A3, 0x08E1, 0x2AC4, 0x11A3, 0x1143, 0x2AC4, 0x2AC4, 0x2AC4, 0x2AC4, 0x11A3, 0x59C4, 0x28C2, 0x11A3,
        0x08E1, 0x28C2, 0x59C4, 0x2AC4, 0x11A3, 0x11A3, 0x1143, 0x1143, 0x1143, 0x2AC4, 0x1143, 0x2AC4, 0x08E1, 0x59C4, 0x28C2, 0x08E1,
        0x11A3, 0x28C2, 0x59C4, 0x0081, 0x11A3, 0x1143, 0x1143, 0x1143, 0x1143, 0x3B06, 0x4346, 0x2224, 0x2AC4, 0x59C4, 0x28C2, 0x11A3,
        0x0040, 0x28C2, 0x59C4, 0x0081, 0x0081, 0x1143, 0x18E3, 0x3B06, 0x3B06, 0x3B06, 0x4346, 0x2224, 0x1143, 0x59C4, 0x28C2, 0x11A3,
        0x0040, 0x28C2, 0x59C4, 0x0081, 0x0081, 0x1143, 0x18E3, 0x3B06, 0x6C48, 0x4346, 0x18E3, 0x3B06, 0x1143, 0x59C4, 0x28C2, 0x0081,
        0x0040, 0x28C2, 0x59C4, 0x0081, 0x0081, 0x1143, 0x18E3, 0x3B06, 0x3B06, 0x4346, 0x18E3, 0x3B06, 0x6C48, 0x59C4, 0x28C2, 0x0081,
        0x0040, 0x28C2, 0x59C4, 0x0081, 0x0081, 0x1143, 0x18E3, 0x3B06, 0x4346, 0x2224, 0x18E3, 0x3B06, 0x4346, 0x59C4, 0x28C2, 0x0081,
        0x0040, 0x28C2, 0x59C4, 0x0081, 0x0081, 0x1143, 0x18E3, 0x1143, 0x4346, 0x2224, 0x18E3, 0x2224, 0x2224, 0x59C4, 0x28C2, 0x0081,
        0x0040, 0x28C2, 0x59C4, 0x0081, 0x0081, 0x0081, 0x18E3, 0x2224, 0x2224, 0x1143, 0x18E3, 0x2224, 0x2224, 0x59C4, 0x28C2, 0x0081,
        0x0040, 0x28C2, 0x59C4, 0x0081, 0x21C2, 0x0081, 0x18E3, 0x2224, 0x2224, 0x1143, 0x18E3, 0x21C2, 0x0081, 0x59C4, 0x28C2, 0x0081,
        0x0040, 0x28C2, 0x59C4, 0x0040, 0x0881, 0x0081, 0x18E3, 0x2224, 0xD770, 0x0081, 0x18E3, 0x0881, 0x0081, 0x59C4, 0x28C2, 0x0040,
        0x0040, 0x21C2, 0x59C4, 0x0040, 0xAB45, 0x0081, 0x18E3, 0x21C2, 0x0081, 0x0081, 0x21C2, 0x0081, 0x0081, 0x21C2, 0x28C2, 0x0040,
        0x21C2, 0x0881, 0x21C2, 0x0040, 0x0881, 0x21C2, 0x21C2, 0x0881, 0x0081, 0x21C2, 0x0881, 0x21C2, 0x0040, 0x0881, 0x21C2, 0x21C2,
        0x0881, 0x0881, 0x0881, 0x21C2, 0x0881, 0x0881, 0x0881, 0x0881, 0x21C2, 0x0881, 0x0881, 0x0881, 0x21C2, 0x0881, 0x0881, 0x0881,
    },
    {
        0x2AC4, 0x08E1, 0x08E1, 0x11A3, 0x2AC4, 0x08E1, 0x11A3, 0x2AC4, 0x08E1, 0x08E1, 0x11A3, 0x2AC4, 0x08E1, 0x08E1, 0x08E1, 0x11A3,
        0x08E1, 0x2AC4, 0x08E1, 0x08E1, 0x08E1, 0x08E1, 0x08E1, 0x2AC4, 0x5466, 0x08E1, 0x2AC4, 0x08E1, 0x11A3, 0x59C4, 0x28C2, 0x11A3,
        0x08E1, 0x28C2, 0x59C4, 0x11A3, 0x08E1, 0x2AC4, 0x11A3, 0x1143, 0x2AC4, 0x2AC4, 0x2AC4, 0x2AC4, 0x08E1, 0x59C4, 0x28C2, 0x11A3,
        0x08E1, 0x28C2, 0x59C4, 0x11A3, 0x11A3, 0x11A3, 0x1143, 0x1143, 0x1143, 0x2AC4, 0x1143, 0x2AC4, 0x08E1, 0x59C4, 0x28C2, 0x08E1,
        0x11A3, 0x28C2, 0x59C4, 0x0081, 0x2AC4, 0x1143, 0x1143, 0x1143, 0x1143, 0x32E6, 0x4346, 0x2224, 0x2AC4, 0x59C4, 0x28C2, 0x11A3,
        0x0040, 0x28C2, 0x59C4, 0x0081, 0x0081, 0x1143, 0x18E3, 0x32E6, 0x32E6, 0x32E6, 0x4346, 0x2224, 0x1143, 0x59C4, 0x28C2, 0x2AC4,
        0x0040, 0x28C2, 0x59C4, 0x0081, 0x0081, 0x1143, 0x18E3, 0x32E6, 0x6C48, 0x4346, 0x18E3, 0x32E6, 0x1143, 0x59C4, 0x28C2, 0x0081,
        0x0040, 0x28C2, 0x59C4, 0x0081, 0x0081, 0x1143, 0x18E3, 0x32E6, 0x32E6, 0x4346, 0x18E3, 0x32E6, 0xD770, 0x59C4, 0x28C2, 0x0081,
        0x0040, 0x28C2, 0x59C4, 0x0081, 0x0081, 0x1143, 0x18E3, 0x32E6, 0x4346, 0x2224, 0x18E3, 0x32E6, 0x4346, 0x59C4, 0x28C2, 0x0081,
        0x0040, 0x28C2, 0x59C4, 0x0081, 0x0081, 0x1143, 0x18E3, 0x1143, 0x4346, 0x2224, 0x18E3, 0x2224, 0x2224, 0x59C4, 0x28C2, 0x0081,
        0x0040, 0x28C2, 0x59C4, 0x0081, 0x0081, 0x0081, 0x18E3, 0x2224, 0x2224, 0x1143, 0x18E3, 0x2224, 0x2224, 0x59C4, 0x28C2, 0x0081,
        0x0040, 0x28C2, 0x59C4, 0x0081, 0x21C2, 0x0081, 0x18E3, 0x2224, 0x2224, 0x1143, 0x18E3, 0x21C2, 0x0081, 0x59C4, 0x28C2, 0x0081,
        0x0040, 0x28C2, 0x59C4, 0x0040, 0x0881, 0x0081, 0x18E3, 0x2224, 0x6C48, 0x0081, 0x18E3, 0x0881, 0x0081, 0x59C4, 0x28C2, 0x0040,
        0x0040, 0x21C2, 0x59C4, 0x0040, 0xAB45, 0x0081, 0x18E3, 0x21C2, 0x0081, 0x0081, 0x21C2, 0x0081, 0x0081, 0x21C2, 0x28C2, 0x0040,
        0x21C2, 0x0881, 0x21C2, 0x0040, 0x0881, 0x21C2, 0x21C2, 0x0881, 0x0081, 0x21C2, 0x0881, 0x21C2, 0x0040, 0x0881, 0x21C2, 0x21C2,
        0x0881, 0x0881, 0x0881, 0x21C2, 0x0881, 0x0881, 0x0881, 0x0881, 0x21C2, 0x0881, 0x0881, 0x0881, 0x21C2, 0x0881, 0x0881, 0x0881,
    },
    {
        0x2AC4, 0x11A3, 0x08E1, 0x11A3, 0x2AC4, 0x08E1, 0x08E1, 0x2AC4, 0x08E1, 0x11A3, 0x11A3, 0x2AC4, 0x08E1, 0x08E1, 0x08E1, 0x11A3,
        0x08E1, 0x5466, 0x08E1, 0x08E1, 0x08E1, 0x08E1, 0x08E1, 0x2AC4, 0x5466, 0x08E1, 0x2AC4, 0x08E1, 0x11A3, 0x59C4, 0x28C2, 0x11A3,
        0x08E1, 0x28C2, 0x59C4, 0x11A3, 0x08E1, 0x2AC4, 0x11A3, 0x1143, 0x2AC4, 0x2AC4, 0x2AC4, 0x2AC4, 0x08E1, 0x59C4, 0x28C2, 0x2AC4,
        0x08E1, 0x28C2, 0x59C4, 0x11A3, 0x11A3, 0x11A3, 0x1143, 0x1143, 0x1143, 0x2AC4, 0x1143, 0x2AC4, 0x08E1, 0x59C4, 0x28C2, 0x08E1,
        0x11A3, 0x28C2, 0x59C4, 0x0081, 0x11A3, 0x1143, 0x1143, 0x1143, 0x1143, 0x32C6, 0x4346, 0x2204, 0x2AC4, 0x59C4, 0x28C2, 0x11A3,
        0x0040, 0x28C2, 0x59C4, 0x0081, 0x0081, 0x1143, 0x18E3, 0x32C6, 0x6C48, 0x32C6, 0x4346, 0x2204, 0x1143, 0x59C4, 0x28C2, 0x11A3,
        0x0040, 0x28C2, 0x59C4, 0x0081, 0x0081, 0x1143, 0x18E3, 0x32C6, 0x32C6, 0x4346, 0x18E3, 0xD770, 0x1143, 0x59C4, 0x28C2, 0x0081,
        0x0040, 0x28C2, 0x59C4, 0x0081, 0x0081, 0x1143, 0x18E3, 0x32C6, 0x32C6, 0x4346, 0x18E3, 0x32C6, 0x4346, 0x59C4, 0x28C2, 0x0081,
        0x0040, 0x28C2, 0x59C4, 0x0081, 0x0081, 0x1143, 0x18E3, 0x32C6, 0x4346, 0x2204, 0x18E3, 0x32C6, 0x4346, 0x59C4, 0x28C2, 0x0081,
        0x0040, 0x28C2, 0x59C4, 0x0081, 0x0081, 0x1143, 0x18E3, 0x1143, 0x4346, 0x2204, 0x18E3, 0x2204, 0x2204, 0x59C4, 0x28C2, 0x0081,
        0x0040, 0x28C2, 0x59C4, 0x0081, 0x0081, 0x0081, 0x18E3, 0x2204, 0x2204, 0x1143, 0x18E3, 0x2204, 0x2204, 0x59C4, 0x28C2, 0x0081,
        0x0040, 0x28C2, 0x59C4, 0x0081, 0x21C2, 0x0081, 0x18E3, 0x6C48, 0x2204, 0x1143, 0x18E3, 0x21C2, 0x0081, 0x59C4, 0x28C2, 0x0081,
        0x0040, 0x28C2, 0x59C4, 0x0040, 0x0881, 0x0081, 0x18E3, 0x2204, 0x0081, 0x0081, 0x18E3, 0x0881, 0x0081, 0x59C4, 0x28C2, 0x0040,
        0x0040, 0x21C2, 0x59C4, 0x0040, 0x21C2, 0x0081, 0x18E3, 0x21C2, 0x0081, 0x0081, 0x21C2, 0x0081, 0x0081, 0x21C2, 0x28C2, 0x0040,
        0x21C2, 0x0881, 0x21C2, 0x0040, 0x0881, 0xAB45, 0x21C2, 0x0881, 0x0081, 0x21C2, 0x0881, 0x21C2, 0x0040, 0x0881, 0x21C2, 0x21C2,
        0x0881, 0x0881, 0x0881, 0x21C2, 0x0881, 0x0881, 0x0881, 0x0881, 0x21C2, 0x0881, 0x0881, 0x0881, 0x21C2, 0x0881, 0x0881, 0x0881,
    },
    {
        0x2AC4, 0x08E1, 0x11A3, 0x11A3, 0x2AC4, 0x08E1, 0x08E1, 0x2AC4, 0x08E1, 0x08E1, 0x11A3, 0x2AC4, 0x08E1, 0x08E1, 0x08E1, 0x11A3,
        0x08E1, 0x2AC4, 0x08E1, 0x08E1, 0x08E1, 0x08E1, 0x08E1, 0x2AC4, 0x5466, 0x08E1, 0x2AC4, 0x08E1, 0x11A3, 0x59C4, 0x28C2, 0x11A3,
        0x08E1, 0x28C2, 0x59C4, 0x11A3, 0x08E1, 0x2AC4, 0x11A3, 0x1143, 0x5466, 0x2AC4, 0x2AC4, 0x2AC4, 0x08E1, 0x59C4, 0x28C2, 0x11A3,
        0x08E1, 0x28C2, 0x59C4, 0x11A3, 0x11A3, 0x11A3, 0x1143, 0x1143, 0x1143, 0x2AC4, 0x1143, 0x2AC4, 0x08E1, 0x59C4, 0x28C2, 0x08E1,
        0x11A3, 0x28C2, 0x59C4, 0x0081, 0x11A3, 0x1143, 0x1143, 0x1143, 0x1143, 0x32C6, 0x3B26, 0x2204, 0x2AC4, 0x59C4, 0x28C2, 0x11A3,
        0x0040, 0x28C2, 0x59C4, 0x0081, 0x0081, 0x1143, 0x18E3, 0x32C6, 0x6C48, 0x32C6, 0x3B26, 0x2204, 0x1143, 0x59C4, 0x28C2, 0x11A3,
        0x0040, 0x28C2, 0x59C4, 0x0081, 0x0081, 0x1143, 0x18E3, 0x32C6, 0x32C6, 0x3B26, 0x18E3, 0x6C48, 0x1143, 0x59C4, 0x28C2, 0x0081,
        0x0040, 0x28C2, 0x59C4, 0x0081, 0x0081, 0x1143, 0x18E3, 0x32C6, 0x32C6, 0x3B26, 0x18E3, 0x32C6, 0x3B26, 0x59C4, 0x28C2, 0x0081,
        0x0040, 0x28C2, 0x59C4, 0x0081, 0x0081, 0x1143, 0x18E3, 0x32C6, 0x3B26, 0x2204, 0x18E3, 0x32C6, 0x3B26, 0x59C4, 0x28C2, 0x0081,
        0x0040, 0x28C2, 0x59C4, 0x0081, 0x0081, 0x1143, 0x18E3, 0x1143, 0x3B26, 0x2204, 0x18E3, 0x2204, 0x2204, 0x59C4, 0x28C2, 0x0081,
        0x0040, 0x28C2, 0x59C4, 0x0081, 0x0081, 0x0081, 0x18E3, 0x2204, 0x2204, 0x1143, 0x18E3, 0x2204, 0x2204, 0x59C4, 0x28C2, 0x0081,
        0x0040, 0x28C2, 0x59C4, 0x0081, 0x21C2, 0x0081, 0x18E3, 0xD770, 0x2204, 0x1143, 0x18E3, 0x21C2, 0x0081, 0x59C4, 0x28C2, 0x0081,
        0x0040, 0x28C2, 0x59C4, 0x0040, 0x0881, 0x0081, 0x18E3, 0x2204, 0x0081, 0x0081, 0x18E3, 0x0881, 0x0081, 0x59C4, 0x28C2, 0x0040,
        0x0040, 0x21C2, 0x59C4, 0x0040, 0x21C2, 0x0081, 0x18E3, 0x21C2, 0x0081, 0x0081, 0x21C2, 0x0081, 0x0081, 0x21C2, 0x28C2, 0x0040,
        0x21C2, 0x0881, 0x21C2, 0x0040, 0x0881, 0xAB45, 0x21C2, 0x0881, 0x0081, 0x21C2, 0x0881, 0x21C2, 0x0040, 0x0881, 0x21C2, 0x21C2,
        0x0881, 0x0881, 0x0881, 0x21C2, 0x0881, 0x0881, 0x0881, 0x0881, 0x21C2, 0x0881, 0x0881, 0x0881, 0x21C2, 0x0881, 0x0881, 0x0881,
    },
    {
        0x2AC4, 0x08E1, 0x08E1, 0x11A3, 0x2AC4, 0x08E1, 0x08E1, 0x2AC4, 0x08E1, 0x08E1, 0x11A3, 0x2AC4, 0x08E1, 0x08E1, 0x08E1, 0x11A3,
        0x08E1, 0x2AC4, 0x08E1, 0x08E1, 0x08E1, 0x08E1, 0x08E1, 0x2AC4, 0x5466, 0x08E1, 0x2AC4, 0x08E1, 0x11A3, 0x59C4, 0x28C2, 0x11A3,
        0x08E1, 0x28C2, 0x59C4, 0x11A3, 0x08E1, 0x2AC4, 0x11A3, 0x1143, 0x2AC4, 0x2AC4, 0x2AC4, 0x5466, 0x08E1, 0x59C4, 0x28C2, 0x2AC4,
        0x08E1, 0x28C2, 0x59C4, 0x11A3, 0x11A3, 0x11A3, 0x1143, 0x1143, 0x1143, 0x2AC4, 0x1143, 0x2AC4, 0x08E1, 0x59C4, 0x28C2, 0x11A3,
        0x2AC4, 0x28C2, 0x59C4, 0x0081, 0x11A3, 0x1143, 0x1143, 0x1143, 0x1143, 0x32C6, 0x3B26, 0x21E4, 0x2AC4, 0x59C4, 0x28C2, 0x11A3,
        0x0040, 0x28C2, 0x59C4, 0x0081, 0x0081, 0x1143, 0x18E3, 0x32C6, 0x6C48, 0x32C6, 0x3B26, 0x21E4, 0x1143, 0x59C4, 0x28C2, 0x2AC4,
        0x0040, 0x28C2, 0x59C4, 0x0081, 0x0081, 0x1143, 0x18E3, 0x32C6, 0x32C6, 0x3B26, 0x18E3, 0x6C48, 0x1143, 0x59C4, 0x28C2, 0x0081,
        0x0040, 0x28C2, 0x59C4, 0x0081, 0x0081, 0x1143, 0x18E3, 0x32C6, 0x32C6, 0x3B26, 0x18E3, 0x32C6, 0x3B26, 0x59C4, 0x28C2, 0x0081,
        0x0040, 0x28C2, 0x59C4, 0x0081, 0x0081, 0x1143, 0x18E3, 0x32C6, 0x3B26, 0x21E4, 0x18E3, 0x32C6, 0x3B26, 0x59C4, 0x28C2, 0x0081,
        0x0040, 0x28C2, 0x59C4, 0x0081, 0x0081, 0x1143, 0x18E3, 0x1143, 0x3B26, 0x21E4, 0x18E3, 0x21E4, 0x21E4, 0x59C4, 0x28C2, 0x0081,
        0x0040, 0x28C2, 0x59C4, 0x0081, 0x0081, 0x0081, 0x18E3, 0x21E4, 0x21E4, 0x1143, 0x18E3, 0x21E4, 0x21E4, 0x59C4, 0x28C2, 0x0081,
        0x0040, 0x28C2, 0x59C4, 0x0081, 0x21C2, 0x0081, 0x18E3, 0xD770, 0x21E4, 0x1143, 0x18E3, 0x21C2, 0x0081, 0x59C4, 0x28C2, 0x0081,
        0x0040, 0x28C2, 0x59C4, 0x0040, 0x0881, 0x0081, 0x18E3, 0x21E4, 0x0081, 0x0081, 0x18E3, 0x0881, 0x0081, 0x59C4, 0x28C2, 0x0040,
        0x0040, 0x21C2, 0x59C4, 0x0040, 0x21C2, 0x0081, 0x18E3, 0x21C2, 0x0081, 0x0081, 0x21C2, 0x0081, 0x0081, 0x21C2, 0x28C2, 0x0040,
        0x21C2, 0x0881, 0x21C2, 0x0040, 0x0881, 0x21C2, 0x21C2, 0x0881, 0x0081, 0x21C2, 0x0881, 0x21C2, 0x0040, 0x0881, 0x21C2, 0x21C2,
        0x0881, 0x0881, 0x0881, 0x21C2, 0x0881, 0xAB45, 0x0881, 0x0881, 0x21C2, 0x0881, 0x0881, 0x0881, 0x21C2, 0x0881, 0x0881, 0x0881,
    },
    {
        0x2AC4, 0x08E1, 0x08E1, 0x11A3, 0x2AC4, 0x08E1, 0x08E1, 0x2AC4, 0x08E1, 0x08E1, 0x11A3, 0x2AC4, 0x08E1, 0x08E1, 0x08E1, 0x11A3,
        0x08E1, 0x2AC4, 0x08E1, 0x08E1, 0x08E1, 0x08E1, 0x08E1, 0x2AC4, 0x5466, 0x08E1, 0x2AC4, 0x08E1, 0x11A3, 0x59C4, 0x28C2, 0x11A3,
        0x08E1, 0x28C2, 0x59C4, 0x11A3, 0x08E1, 0x2AC4, 0x2AC4, 0x1143, 0x2AC4, 0x5466, 0x2AC4, 0x2AC4, 0x08E1, 0x59C4, 0x28C2, 0x11A3,
        0x08E1, 0x28C2, 0x59C4, 0x11A3, 0x11A3, 0x11A3, 0x1143, 0x1143, 0x1143, 0x2AC4, 0x1143, 0x2AC4, 0x11A3, 0x59C4, 0x28C2, 0x08E1,
        0x11A3, 0x28C2, 0x59C4, 0x0081, 0x11A3, 0x1143, 0x1143, 0x1143, 0x1143, 0x32A6, 0x3B26, 0x21E4, 0x2AC4, 0x59C4, 0x28C2, 0x11A3,
        0x0040, 0x28C2, 0x59C4, 0x0081, 0x0081, 0x1143, 0x18E3, 0x32A6, 0x6C48, 0x32A6, 0x3B26, 0x21E4, 0x1143, 0x59C4, 0x28C2, 0x11A3,
        0x0040, 0x28C2, 0x59C4, 0x0081, 0x0081, 0x1143, 0x18E3, 0x32A6, 0x32A6, 0x3B26, 0x18E3, 0xD770, 0x1143, 0x59C4, 0x28C2, 0x0081,
        0x0040, 0x28C2, 0x59C4, 0x0081, 0x0081, 0x1143, 0x18E3, 0x32A6, 0x32A6, 0x3B26, 0x18E3, 0x32A6, 0x3B26, 0x59C4, 0x28C2, 0x0081,
        0x0040, 0x28C2, 0x59C4, 0x0081, 0x0081, 0x1143, 0x18E3, 0x32A6, 0x3B26, 0x21E4, 0x18E3, 0x32A6, 0x3B26, 0x59C4, 0x28C2, 0x0081,
        0x0040, 0x28C2, 0x59C4, 0x0081, 0x0081, 0x1143, 0x18E3, 0x1143, 0x3B26, 0x21E4, 0x18E3, 0x21E4, 0x21E4, 0x59C4, 0x28C2, 0x0081,
        0x0040, 0x28C2, 0x59C4, 0x0081, 0x0081, 0x0081, 0x18E3, 0x21E4, 0x21E4, 0x1143, 0x18E3, 0x21E4, 0x21E4, 0x59C4, 0x28C2, 0x0081,
        0x0040, 0x28C2, 0x59C4, 0x0081, 0x21C2, 0x0081, 0x18E3, 0x6C48, 0x21E4, 0x1143, 0x18E3, 0x21C2, 0x0081, 0x59C4, 0x28C2, 0x0081,
        0x0040, 0x28C2, 0x59C4, 0x0040, 0x0881, 0x0081, 0x18E3, 0x21E4, 0x0081, 0x0081, 0x18E3, 0x0881, 0x0081, 0x59C4, 0x28C2, 0x0040,
        0x0040, 0x21C2, 0x59C4, 0x0040, 0x21C2, 0x0081, 0x18E3, 0x21C2, 0x0081, 0x0081, 0x21C2, 0x0081, 0x0081, 0x21C2, 0x28C2, 0x0040,
        0x21C2, 0x0881, 0x21C2, 0x0040, 0x0881, 0x21C2, 0x21C2, 0x0881, 0x0081, 0x21C2, 0x0881, 0x21C2, 0x0040, 0x0881, 0x21C2, 0x21C2,
        0x0881, 0x0881, 0x0881, 0x21C2, 0x0881, 0xAB45, 0x0881, 0x0881, 0x21C2, 0x0881, 0x0881, 0x0881, 0x21C2, 0x0881, 0x0881, 0x0881,
    },
};
