// 16x16 LED-matrix animation, 96 frames at 90 ms.
// Row-major, top-left origin. Generated -- do not edit by hand.
#pragma once
#include <stdint.h>

#define LANTERN16_ANIM_W 16
#define LANTERN16_ANIM_H 16
#define LANTERN16_ANIM_FRAMES 96
#define LANTERN16_ANIM_DELAY_MS 90

// RGB888 array omitted: 96 frames. Play from the RGB565 copy.

static const uint16_t lantern16_anim_rgb565[96][256] = {
    {
        0x0000, 0x0000, 0x0000, 0x0000, 0x0000, 0x0000, 0x0000, 0x28E2, 0x0000, 0x0000, 0x0000, 0x0000, 0x0000, 0x0000, 0x0000, 0x0000,
        0x0000, 0x0000, 0x0000, 0x0000, 0x0000, 0x0000, 0x0000, 0x28E2, 0x0000, 0x0000, 0x0000, 0x0000, 0x0000, 0x0000, 0x0000, 0x0000,
        0x0000, 0x0000, 0x0000, 0x0000, 0x0000, 0x1881, 0x1881, 0x1881, 0x1881, 0x1881, 0x0000, 0x0000, 0x0000, 0x0000, 0x0000, 0x0000,
        0x0000, 0x0000, 0x0000, 0x0000, 0x69C1, 0x71E2, 0x7202, 0x7A02, 0x7202, 0x71E2, 0x69C2, 0x0000, 0x0000, 0x0000, 0x0000, 0x0000,
        0x0000, 0x0000, 0x0000, 0x69C1, 0x71E2, 0x7A02, 0x7A22, 0x8222, 0x8222, 0x7A22, 0x7202, 0x69C1, 0x0000, 0x0000, 0x0000, 0x0000,
        0x0000, 0x0000, 0x0000, 0x4121, 0x4941, 0x5161, 0x5161, 0x5161, 0x5161, 0x5161, 0x4941, 0x4921, 0x0000, 0x0000, 0x0000, 0x0000,
        0x0000, 0x0000, 0x0020, 0x71E2, 0x7A22, 0x5901, 0x5901, 0x5901, 0x5901, 0x5901, 0x8222, 0x7A02, 0x0020, 0x0000, 0x0000, 0x0000,
        0x0000, 0x0000, 0x0020, 0x7A02, 0x8242, 0x8A62, 0x92A2, 0x5921, 0x9AA2, 0x8A82, 0x8242, 0x7A02, 0x0020, 0x0000, 0x0000, 0x0000,
        0x0000, 0x0000, 0x0020, 0x7A02, 0x8242, 0x5901, 0x5921, 0x6121, 0x5921, 0x5901, 0x8A42, 0x7A22, 0x0020, 0x0000, 0x0000, 0x0000,
        0x0000, 0x0000, 0x0000, 0x4941, 0x5161, 0x5181, 0x59A1, 0x61C1, 0x59A1, 0x5981, 0x5161, 0x4941, 0x0000, 0x0000, 0x0000, 0x0000,
        0x0000, 0x0000, 0x0000, 0x7202, 0x8222, 0x8A62, 0x9282, 0x92A2, 0x9282, 0x8A62, 0x8242, 0x7A02, 0x0000, 0x0000, 0x0000, 0x0000,
        0x0000, 0x0000, 0x0000, 0x0000, 0x7A22, 0x8242, 0x8A62, 0x8A62, 0x8A62, 0x8242, 0x7A22, 0x0000, 0x0000, 0x0000, 0x0000, 0x0000,
        0x0000, 0x0000, 0x0000, 0x0000, 0x0020, 0x1881, 0x1881, 0x1881, 0x1881, 0x1881, 0x0020, 0x0000, 0x0000, 0x0000, 0x0000, 0x0000,
        0x0000, 0x0000, 0x0000, 0x0000, 0x0000, 0x0000, 0x0020, 0x4962, 0x0020, 0x0000, 0x0000, 0x0000, 0x0000, 0x0000, 0x0000, 0x0000,
        0x0000, 0x0000, 0x0000, 0x0000, 0x0000, 0x0000, 0x4962, 0x4962, 0x4962, 0x0000, 0x0000, 0x0000, 0x0000, 0x0000, 0x0000, 0x0000,
        0x0000, 0x0000, 0x0000, 0x0000, 0x0000, 0x0000, 0x0000, 0x0000, 0x0000, 0x0000, 0x0000, 0x0000, 0x0000, 0x0000, 0x0000, 0x0000,
    },
    {
        0x0000, 0x0000, 0x0000, 0x0000, 0x0000, 0x0000, 0x0000, 0x28E2, 0x0000, 0x0000, 0x0000, 0x0000, 0x0000, 0x0000, 0x0000, 0x0000,
        0x0000, 0x0000, 0x0000, 0x0000, 0x0000, 0x0000, 0x0000, 0x28E2, 0x0000, 0x0000, 0x0000, 0x0000, 0x0000, 0x0000, 0x0000, 0x0000,
        0x0000, 0x0000, 0x0000, 0x0000, 0x0000, 0x1881, 0x1881, 0x1881, 0x1881, 0x1881, 0x0000, 0x0000, 0x0000, 0x0000, 0x0000, 0x0000,
        0x0000, 0x0000, 0x0000, 0x0000, 0x69C1, 0x71E2, 0x71E2, 0x7202, 0x71E2, 0x71E2, 0x69C1, 0x0000, 0x0000, 0x0000, 0x0000, 0x0000,
        0x0000, 0x0000, 0x0000, 0x69C1, 0x71E2, 0x7202, 0x7A22, 0x7A22, 0x7A22, 0x7A02, 0x71E2, 0x69C1, 0x0000, 0x0000, 0x0000, 0x0000,
        0x0000, 0x0000, 0x0000, 0x4121, 0x4941, 0x4941, 0x5161, 0x5161, 0x5161, 0x5161, 0x4941, 0x4921, 0x0000, 0x0000, 0x0000, 0x0000,
        0x0000, 0x0000, 0x0000, 0x71E2, 0x7A02, 0x5901, 0x5901, 0x5901, 0x5901, 0x5901, 0x8222, 0x7A02, 0x0000, 0x0000, 0x0000, 0x0000,
        0x0000, 0x0000, 0x0020, 0x71E2, 0x7A22, 0x8A62, 0x9282, 0x5901, 0x92A2, 0x8A82, 0x8242, 0x7A02, 0x0020, 0x0000, 0x0000, 0x0000,
        0x0000, 0x0000, 0x0020, 0x7202, 0x8222, 0x5901, 0x5901, 0x6121, 0x5921, 0x5901, 0x8242, 0x7A22, 0x0020, 0x0000, 0x0000, 0x0000,
        0x0000, 0x0000, 0x0000, 0x4941, 0x5161, 0x5181, 0x59A1, 0x61A1, 0x59A1, 0x5981, 0x5161, 0x4941, 0x0000, 0x0000, 0x0000, 0x0000,
        0x0000, 0x0000, 0x0000, 0x71E2, 0x7A22, 0x8A42, 0x9282, 0x92A2, 0x9282, 0x8A62, 0x8242, 0x7A02, 0x0000, 0x0000, 0x0000, 0x0000,
        0x0000, 0x0000, 0x0000, 0x0000, 0x7A02, 0x8242, 0x8A62, 0x8A62, 0x8A62, 0x8242, 0x7A22, 0x0000, 0x0000, 0x0000, 0x0000, 0x0000,
        0x0000, 0x0000, 0x0000, 0x0000, 0x0020, 0x1881, 0x1881, 0x1881, 0x1881, 0x1881, 0x0020, 0x0000, 0x0000, 0x0000, 0x0000, 0x0000,
        0x0000, 0x0000, 0x0000, 0x0000, 0x0000, 0x0000, 0x0020, 0x4942, 0x0020, 0x0000, 0x0000, 0x0000, 0x0000, 0x0000, 0x0000, 0x0000,
        0x0000, 0x0000, 0x0000, 0x0000, 0x0000, 0x0000, 0x4942, 0x4942, 0x4942, 0x0000, 0x0000, 0x0000, 0x0000, 0x0000, 0x0000, 0x0000,
        0x0000, 0x0000, 0x0000, 0x0000, 0x0000, 0x0000, 0x0000, 0x0000, 0x0000, 0x0000, 0x0000, 0x0000, 0x0000, 0x0000, 0x0000, 0x0000,
    },
    {
        0x0000, 0x0000, 0x0000, 0x0000, 0x0000, 0x0000, 0x0000, 0x28E2, 0x0000, 0x0000, 0x0000, 0x0000, 0x0000, 0x0000, 0x0000, 0x0000,
        0x0000, 0x0000, 0x0000, 0x0000, 0x0000, 0x0000, 0x0000, 0x28E2, 0x0000, 0x0000, 0x0000, 0x0000, 0x0000, 0x0000, 0x0000, 0x0000,
        0x0000, 0x0000, 0x0000, 0x0000, 0x0000, 0x1881, 0x1881, 0x1881, 0x1881, 0x1881, 0x0000, 0x0000, 0x0000, 0x0000, 0x0000, 0x0000,
        0x0000, 0x0000, 0x0000, 0x0000, 0x61A1, 0x69A1, 0x69C1, 0x69C1, 0x69C1, 0x69C1, 0x69A1, 0x0000, 0x0000, 0x0000, 0x0000, 0x0000,
        0x0000, 0x0000, 0x0000, 0x6181, 0x69C1, 0x71C2, 0x71E2, 0x7202, 0x7202, 0x71E2, 0x69C1, 0x69A1, 0x0000, 0x0000, 0x0000, 0x0000,
        0x0000, 0x0000, 0x0000, 0x4101, 0x4121, 0x4921, 0x4941, 0x4941, 0x4941, 0x4941, 0x4921, 0x4121, 0x0000, 0x0000, 0x0000, 0x0000,
        0x0000, 0x0000, 0x0000, 0x69C1, 0x71E2, 0x50E1, 0x5901, 0x5901, 0x5901, 0x5901, 0x7A02, 0x71E2, 0x0000, 0x0000, 0x0000, 0x0000,
        0x0000, 0x0000, 0x0000, 0x69C1, 0x7202, 0x7A22, 0x8242, 0x5901, 0x8A62, 0x8242, 0x7A22, 0x71E2, 0x0000, 0x0000, 0x0000, 0x0000,
        0x0000, 0x0000, 0x0000, 0x69C1, 0x7A02, 0x5901, 0x5901, 0x5901, 0x5901, 0x5901, 0x7A22, 0x7202, 0x0000, 0x0000, 0x0000, 0x0000,
        0x0000, 0x0000, 0x0000, 0x4121, 0x4941, 0x5161, 0x5181, 0x5981, 0x5981, 0x5161, 0x4941, 0x4941, 0x0000, 0x0000, 0x0000, 0x0000,
        0x0000, 0x0000, 0x0000, 0x69C1, 0x7202, 0x7A22, 0x8242, 0x8A62, 0x8A62, 0x8242, 0x7A22, 0x71E2, 0x0000, 0x0000, 0x0000, 0x0000,
        0x0000, 0x0000, 0x0000, 0x0000, 0x71E2, 0x7A02, 0x8222, 0x8242, 0x8242, 0x7A22, 0x7A02, 0x0000, 0x0000, 0x0000, 0x0000, 0x0000,
        0x0000, 0x0000, 0x0000, 0x0000, 0x0000, 0x1881, 0x1881, 0x1881, 0x1881, 0x1881, 0x0000, 0x0000, 0x0000, 0x0000, 0x0000, 0x0000,
        0x0000, 0x0000, 0x0000, 0x0000, 0x0000, 0x0000, 0x0000, 0x4141, 0x0000, 0x0000, 0x0000, 0x0000, 0x0000, 0x0000, 0x0000, 0x0000,
        0x0000, 0x0000, 0x0000, 0x0000, 0x0000, 0x0000, 0x4141, 0x4141, 0x4141, 0x0000, 0x0000, 0x0000, 0x0000, 0x0000, 0x0000, 0x0000,
        0x0000, 0x0000, 0x0000, 0x0000, 0x0000, 0x0000, 0x0000, 0x0000, 0x0000, 0x0000, 0x0000, 0x0000, 0x0000, 0x0000, 0x0000, 0x0000,
    },
    {
        0x0000, 0x0000, 0x0000, 0x0000, 0x0000, 0x0000, 0x0000, 0x28E2, 0x0000, 0x0000, 0x0000, 0x0000, 0x0000, 0x0000, 0x0000, 0x0000,
        0x0000, 0x0000, 0x0000, 0x0000, 0x0000, 0x0000, 0x0000, 0x28E2, 0x0000, 0x0000, 0x0000, 0x0000, 0x0000, 0x0000, 0x0000, 0x0000,
        0x0000, 0x0000, 0x0000, 0x0000, 0x0000, 0x1881, 0x1881, 0x1881, 0x1881, 0x1881, 0x0000, 0x0000, 0x0000, 0x0000, 0x0000, 0x0000,
        0x0000, 0x0000, 0x0000, 0x0000, 0x6181, 0x69A1, 0x69C1, 0x69C1, 0x69C1, 0x69C1, 0x61A1, 0x0000, 0x0000, 0x0000, 0x0000, 0x0000,
        0x0000, 0x0000, 0x0000, 0x6181, 0x69A1, 0x69C1, 0x71E2, 0x71E2, 0x71E2, 0x71E2, 0x69C1, 0x69A1, 0x0000, 0x0000, 0x0000, 0x0000,
        0x0000, 0x0000, 0x0000, 0x3901, 0x4121, 0x4921, 0x4941, 0x4941, 0x4941, 0x4941, 0x4121, 0x4101, 0x0000, 0x0000, 0x0000, 0x0000,
        0x0000, 0x0000, 0x0000, 0x69A1, 0x71E2, 0x50E1, 0x58E1, 0x5901, 0x5901, 0x58E1, 0x7A02, 0x71E2, 0x0000, 0x0000, 0x0000, 0x0000,
        0x0000, 0x0000, 0x0000, 0x69C1, 0x71E2, 0x7A22, 0x8242, 0x5901, 0x8A62, 0x8242, 0x7A02, 0x71E2, 0x0000, 0x0000, 0x0000, 0x0000,
        0x0000, 0x0000, 0x0000, 0x69C1, 0x7202, 0x58E1, 0x5901, 0x5901, 0x5901, 0x5901, 0x7A22, 0x71E2, 0x0000, 0x0000, 0x0000, 0x0000,
        0x0000, 0x0000, 0x0000, 0x4121, 0x4921, 0x4941, 0x5161, 0x5981, 0x5981, 0x5161, 0x4941, 0x4921, 0x0000, 0x0000, 0x0000, 0x0000,
        0x0000, 0x0000, 0x0000, 0x69C1, 0x71E2, 0x7A02, 0x8242, 0x8A42, 0x8A42, 0x8242, 0x7A02, 0x71E2, 0x0000, 0x0000, 0x0000, 0x0000,
        0x0000, 0x0000, 0x0000, 0x0000, 0x71E2, 0x7A02, 0x7A22, 0x8222, 0x8222, 0x7A22, 0x7202, 0x0000, 0x0000, 0x0000, 0x0000, 0x0000,
        0x0000, 0x0000, 0x0000, 0x0000, 0x0000, 0x1881, 0x1881, 0x1881, 0x1881, 0x1881, 0x0000, 0x0000, 0x0000, 0x0000, 0x0000, 0x0000,
        0x0000, 0x0000, 0x0000, 0x0000, 0x0000, 0x0000, 0x0000, 0x4141, 0x0000, 0x0000, 0x0000, 0x0000, 0x0000, 0x0000, 0x0000, 0x0000,
        0x0000, 0x0000, 0x0000, 0x0000, 0x0000, 0x0000, 0x4141, 0x4141, 0x4141, 0x0000, 0x0000, 0x0000, 0x0000, 0x0000, 0x0000, 0x0000,
        0x0000, 0x0000, 0x0000, 0x0000, 0x0000, 0x0000, 0x0000, 0x0000, 0x0000, 0x0000, 0x0000, 0x0000, 0x0000, 0x0000, 0x0000, 0x0000,
    },
    {
        0x0000, 0x0000, 0x0000, 0x0000, 0x0000, 0x0000, 0x0000, 0x28E2, 0x0000, 0x0000, 0x0000, 0x0000, 0x0000, 0x0000, 0x0000, 0x0000,
        0x0000, 0x0000, 0x0000, 0x0000, 0x0000, 0x0000, 0x0000, 0x28E2, 0x0000, 0x0000, 0x0000, 0x0000, 0x0000, 0x0000, 0x0000, 0x0000,
        0x0000, 0x0000, 0x0000, 0x0000, 0x0000, 0x1881, 0x1881, 0x1881, 0x1881, 0x1881, 0x0000, 0x0000, 0x0000, 0x0000, 0x0000, 0x0000,
        0x0000, 0x0000, 0x0000, 0x0000, 0x69A1, 0x69C1, 0x71E2, 0x71E2, 0x71E2, 0x71E2, 0x69C1, 0x0000, 0x0000, 0x0000, 0x0000, 0x0000,
        0x0000, 0x0000, 0x0000, 0x61A1, 0x69C1, 0x71E2, 0x7A02, 0x7A22, 0x7A22, 0x7A02, 0x71E2, 0x69C1, 0x0000, 0x0000, 0x0000, 0x0000,
        0x0000, 0x0000, 0x0000, 0x4101, 0x4921, 0x4941, 0x5161, 0x5161, 0x5161, 0x5161, 0x4941, 0x4121, 0x0000, 0x0000, 0x0000, 0x0000,
        0x0000, 0x0000, 0x0000, 0x71C2, 0x7A02, 0x5901, 0x5901, 0x5901, 0x5901, 0x5901, 0x8222, 0x7A02, 0x0000, 0x0000, 0x0000, 0x0000,
        0x0000, 0x0000, 0x0020, 0x71E2, 0x7A02, 0x8242, 0x8A62, 0x5901, 0x9282, 0x8A62, 0x8242, 0x7A02, 0x0020, 0x0000, 0x0000, 0x0000,
        0x0000, 0x0000, 0x0000, 0x71E2, 0x7A22, 0x5901, 0x5901, 0x5921, 0x5921, 0x5901, 0x8242, 0x7A22, 0x0000, 0x0000, 0x0000, 0x0000,
        0x0000, 0x0000, 0x0000, 0x4121, 0x4941, 0x5161, 0x5981, 0x59A1, 0x59A1, 0x5981, 0x5161, 0x4941, 0x0000, 0x0000, 0x0000, 0x0000,
        0x0000, 0x0000, 0x0000, 0x71E2, 0x7A02, 0x8242, 0x8A62, 0x9282, 0x9282, 0x8A62, 0x8242, 0x7A02, 0x0000, 0x0000, 0x0000, 0x0000,
        0x0000, 0x0000, 0x0000, 0x0000, 0x7202, 0x7A22, 0x8242, 0x8A62, 0x8A62, 0x8242, 0x7A22, 0x0000, 0x0000, 0x0000, 0x0000, 0x0000,
        0x0000, 0x0000, 0x0000, 0x0000, 0x0020, 0x1881, 0x1881, 0x1881, 0x1881, 0x1881, 0x0020, 0x0000, 0x0000, 0x0000, 0x0000, 0x0000,
        0x0000, 0x0000, 0x0000, 0x0000, 0x0000, 0x0000, 0x0020, 0x4142, 0x0020, 0x0000, 0x0000, 0x0000, 0x0000, 0x0000, 0x0000, 0x0000,
        0x0000, 0x0000, 0x0000, 0x0000, 0x0000, 0x0000, 0x4142, 0x4142, 0x4142, 0x0000, 0x0000, 0x0000, 0x0000, 0x0000, 0x0000, 0x0000,
        0x0000, 0x0000, 0x0000, 0x0000, 0x0000, 0x0000, 0x0000, 0x0000, 0x0000, 0x0000, 0x0000, 0x0000, 0x0000, 0x0000, 0x0000, 0x0000,
    },
    {
        0x0000, 0x0000, 0x0000, 0x0000, 0x0000, 0x0000, 0x0000, 0x28E2, 0x0000, 0x0000, 0x0000, 0x0000, 0x0000, 0x0000, 0x0000, 0x0000,
        0x0000, 0x0000, 0x0000, 0x0000, 0x0000, 0x0000, 0x0000, 0x28E2, 0x0000, 0x0000, 0x0000, 0x0000, 0x0000, 0x0000, 0x0000, 0x0000,
        0x0000, 0x0000, 0x0000, 0x0000, 0x0000, 0x1881, 0x1881, 0x1881, 0x1881, 0x1881, 0x0000, 0x0000, 0x0000, 0x0000, 0x0000, 0x0000,
        0x0000, 0x0000, 0x0000, 0x0000, 0x69C1, 0x71E2, 0x7A02, 0x7A02, 0x7A02, 0x7202, 0x71E2, 0x0000, 0x0000, 0x0000, 0x0000, 0x0000,
        0x0000, 0x0000, 0x0000, 0x69C1, 0x71E2, 0x7A02, 0x8222, 0x8242, 0x8242, 0x7A22, 0x7A02, 0x71E2, 0x0000, 0x0000, 0x0000, 0x0000,
        0x0000, 0x0000, 0x0000, 0x4121, 0x4941, 0x5161, 0x5161, 0x5181, 0x5181, 0x5161, 0x4941, 0x4941, 0x0000, 0x0000, 0x0000, 0x0000,
        0x0000, 0x0000, 0x0020, 0x71E2, 0x7A22, 0x5901, 0x5901, 0x5901, 0x5901, 0x5901, 0x8242, 0x7A22, 0x0020, 0x0000, 0x0000, 0x0000,
        0x0000, 0x0000, 0x0020, 0x7202, 0x8222, 0x8A62, 0x92A2, 0x6121, 0x9AC3, 0x9282, 0x8A62, 0x8222, 0x0020, 0x0000, 0x0000, 0x0000,
        0x0000, 0x0000, 0x0020, 0x7A02, 0x8242, 0x5901, 0x5921, 0x6121, 0x6121, 0x5901, 0x8A62, 0x8222, 0x0020, 0x0000, 0x0000, 0x0000,
        0x0000, 0x0000, 0x0000, 0x4941, 0x5161, 0x5181, 0x59A1, 0x61C1, 0x61A1, 0x59A1, 0x5181, 0x4941, 0x0000, 0x0000, 0x0000, 0x0000,
        0x0000, 0x0000, 0x0000, 0x71E2, 0x7A22, 0x8A62, 0x9282, 0x92A2, 0x92A2, 0x8A82, 0x8242, 0x7A22, 0x0000, 0x0000, 0x0000, 0x0000,
        0x0000, 0x0000, 0x0000, 0x0020, 0x7A02, 0x8242, 0x8A62, 0x8A62, 0x8A62, 0x8A62, 0x8222, 0x0020, 0x0000, 0x0000, 0x0000, 0x0000,
        0x0000, 0x0000, 0x0000, 0x0000, 0x0020, 0x1881, 0x1881, 0x1881, 0x1881, 0x1881, 0x0020, 0x0000, 0x0000, 0x0000, 0x0000, 0x0000,
        0x0000, 0x0000, 0x0000, 0x0000, 0x0000, 0x0000, 0x0020, 0x4962, 0x0020, 0x0000, 0x0000, 0x0000, 0x0000, 0x0000, 0x0000, 0x0000,
        0x0000, 0x0000, 0x0000, 0x0000, 0x0000, 0x0000, 0x4962, 0x4962, 0x4962, 0x0000, 0x0000, 0x0000, 0x0000, 0x0000, 0x0000, 0x0000,
        0x0000, 0x0000, 0x0000, 0x0000, 0x0000, 0x0000, 0x0000, 0x0000, 0x0000, 0x0000, 0x0000, 0x0000, 0x0000, 0x0000, 0x0000, 0x0000,
    },
    {
        0x0000, 0x0000, 0x0000, 0x0000, 0x0000, 0x0000, 0x0000, 0x28E2, 0x0000, 0x0000, 0x0000, 0x0000, 0x0000, 0x0000, 0x0000, 0x0000,
        0x0000, 0x0000, 0x0000, 0x0000, 0x0000, 0x0000, 0x0000, 0x28E2, 0x0000, 0x0000, 0x0000, 0x0000, 0x0000, 0x0000, 0x0000, 0x0000,
        0x0000, 0x0000, 0x0000, 0x0000, 0x0000, 0x1881, 0x1881, 0x1881, 0x1881, 0x1881, 0x0000, 0x0000, 0x0000, 0x0000, 0x0000, 0x0000,
        0x0000, 0x0000, 0x0000, 0x0000, 0x69C1, 0x71E2, 0x71E2, 0x7202, 0x7202, 0x71E2, 0x71C2, 0x0000, 0x0000, 0x0000, 0x0000, 0x0000,
        0x0000, 0x0000, 0x0000, 0x69C1, 0x71E2, 0x7A02, 0x7A22, 0x8222, 0x7A22, 0x7A02, 0x7202, 0x69C2, 0x0000, 0x0000, 0x0000, 0x0000,
        0x0000, 0x0000, 0x0000, 0x4121, 0x4941, 0x4941, 0x5161, 0x5161, 0x5161, 0x5161, 0x4941, 0x4921, 0x0000, 0x0000, 0x0000, 0x0000,
        0x0000, 0x0000, 0x0000, 0x71E2, 0x7A02, 0x5901, 0x5901, 0x5901, 0x5901, 0x5901, 0x8222, 0x7A02, 0x0000, 0x0000, 0x0000, 0x0000,
        0x0000, 0x0000, 0x0020, 0x71E2, 0x7A22, 0x8A62, 0x9282, 0x5921, 0x92A2, 0x8A82, 0x8242, 0x7A02, 0x0020, 0x0000, 0x0000, 0x0000,
        0x0000, 0x0000, 0x0020, 0x71E2, 0x8222, 0x5901, 0x5901, 0x6121, 0x5921, 0x5901, 0x8242, 0x7A22, 0x0020, 0x0000, 0x0000, 0x0000,
        0x0000, 0x0000, 0x0000, 0x4921, 0x4941, 0x5161, 0x5981, 0x59A1, 0x59A1, 0x5981, 0x5161, 0x4941, 0x0000, 0x0000, 0x0000, 0x0000,
        0x0000, 0x0000, 0x0000, 0x71E2, 0x7A02, 0x8242, 0x8A62, 0x9282, 0x8A82, 0x8A62, 0x8222, 0x7A02, 0x0000, 0x0000, 0x0000, 0x0000,
        0x0000, 0x0000, 0x0000, 0x0000, 0x7A02, 0x7A22, 0x8242, 0x8A62, 0x8A42, 0x8242, 0x7A22, 0x0000, 0x0000, 0x0000, 0x0000, 0x0000,
        0x0000, 0x0000, 0x0000, 0x0000, 0x0020, 0x1881, 0x1881, 0x1881, 0x1881, 0x1881, 0x0020, 0x0000, 0x0000, 0x0000, 0x0000, 0x0000,
        0x0000, 0x0000, 0x0000, 0x0000, 0x0000, 0x0000, 0x0020, 0x4942, 0x0020, 0x0000, 0x0000, 0x0000, 0x0000, 0x0000, 0x0000, 0x0000,
        0x0000, 0x0000, 0x0000, 0x0000, 0x0000, 0x0000, 0x4942, 0x4942, 0x4942, 0x0000, 0x0000, 0x0000, 0x0000, 0x0000, 0x0000, 0x0000,
        0x0000, 0x0000, 0x0000, 0x0000, 0x0000, 0x0000, 0x0000, 0x0000, 0x0000, 0x0000, 0x0000, 0x0000, 0x0000, 0x0000, 0x0000, 0x0000,
    },
    {
        0x0000, 0x0000, 0x0000, 0x0000, 0x0000, 0x0000, 0x0000, 0x28E2, 0x0000, 0x0000, 0x0000, 0x0000, 0x0000, 0x0000, 0x0000, 0x0000,
        0x0000, 0x0000, 0x0000, 0x0000, 0x0000, 0x0000, 0x0000, 0x28E2, 0x0000, 0x0000, 0x0000, 0x0000, 0x0000, 0x0000, 0x0000, 0x0000,
        0x0000, 0x0000, 0x0000, 0x0000, 0x0000, 0x1881, 0x1881, 0x1881, 0x1881, 0x1881, 0x0000, 0x0000, 0x0000, 0x0000, 0x0000, 0x0000,
        0x0000, 0x0000, 0x0000, 0x0000, 0x69A1, 0x69C1, 0x71E2, 0x71E2, 0x71E2, 0x69C1, 0x69C1, 0x0000, 0x0000, 0x0000, 0x0000, 0x0000,
        0x0000, 0x0000, 0x0000, 0x61A1, 0x69C1, 0x71E2, 0x7A02, 0x7A02, 0x7A02, 0x71E2, 0x71E2, 0x69C1, 0x0000, 0x0000, 0x0000, 0x0000,
        0x0000, 0x0000, 0x0000, 0x4101, 0x4121, 0x4941, 0x4941, 0x5161, 0x4941, 0x4941, 0x4921, 0x4121, 0x0000, 0x0000, 0x0000, 0x0000,
        0x0000, 0x0000, 0x0000, 0x69C1, 0x7202, 0x58E1, 0x5901, 0x5901, 0x5901, 0x5901, 0x7A02, 0x71E2, 0x0000, 0x0000, 0x0000, 0x0000,
        0x0000, 0x0000, 0x0000, 0x71E2, 0x7A02, 0x8242, 0x8A62, 0x5901, 0x8A62, 0x8242, 0x7A22, 0x71E2, 0x0000, 0x0000, 0x0000, 0x0000,
        0x0000, 0x0000, 0x0000, 0x71E2, 0x7A02, 0x5901, 0x5901, 0x5901, 0x5901, 0x5901, 0x7A22, 0x71E2, 0x0000, 0x0000, 0x0000, 0x0000,
        0x0000, 0x0000, 0x0000, 0x4121, 0x4941, 0x5161, 0x5181, 0x5981, 0x5981, 0x5161, 0x4941, 0x4921, 0x0000, 0x0000, 0x0000, 0x0000,
        0x0000, 0x0000, 0x0000, 0x69C1, 0x7202, 0x7A22, 0x8242, 0x8A62, 0x8242, 0x8222, 0x7A02, 0x71E2, 0x0000, 0x0000, 0x0000, 0x0000,
        0x0000, 0x0000, 0x0000, 0x0000, 0x71E2, 0x7A02, 0x7A22, 0x8222, 0x8222, 0x7A22, 0x71E2, 0x0000, 0x0000, 0x0000, 0x0000, 0x0000,
        0x0000, 0x0000, 0x0000, 0x0000, 0x0000, 0x1881, 0x1881, 0x1881, 0x1881, 0x1881, 0x0000, 0x0000, 0x0000, 0x0000, 0x0000, 0x0000,
        0x0000, 0x0000, 0x0000, 0x0000, 0x0000, 0x0000, 0x0000, 0x4141, 0x0000, 0x0000, 0x0000, 0x0000, 0x0000, 0x0000, 0x0000, 0x0000,
        0x0000, 0x0000, 0x0000, 0x0000, 0x0000, 0x0000, 0x4141, 0x4141, 0x4141, 0x0000, 0x0000, 0x0000, 0x0000, 0x0000, 0x0000, 0x0000,
        0x0000, 0x0000, 0x0000, 0x0000, 0x0000, 0x0000, 0x0000, 0x0000, 0x0000, 0x0000, 0x0000, 0x0000, 0x0000, 0x0000, 0x0000, 0x0000,
    },
    {
        0x0000, 0x0000, 0x0000, 0x0000, 0x0000, 0x0000, 0x0000, 0x28E2, 0x0000, 0x0000, 0x0000, 0x0000, 0x0000, 0x0000, 0x0000, 0x0000,
        0x0000, 0x0000, 0x0000, 0x0000, 0x0000, 0x0000, 0x0000, 0x28E2, 0x0000, 0x0000, 0x0000, 0x0000, 0x0000, 0x0000, 0x0000, 0x0000,
        0x0000, 0x0000, 0x0000, 0x0000, 0x0000, 0x1881, 0x1881, 0x1881, 0x1881, 0x1881, 0x0000, 0x0000, 0x0000, 0x0000, 0x0000, 0x0000,
        0x0000, 0x0000, 0x0000, 0x0000, 0x69A1, 0x69C1, 0x71C2, 0x71E2, 0x71E2, 0x69C1, 0x69A1, 0x0000, 0x0000, 0x0000, 0x0000, 0x0000,
        0x0000, 0x0000, 0x0000, 0x61A1, 0x69C1, 0x71E2, 0x7202, 0x7A02, 0x7202, 0x71E2, 0x69C1, 0x69A1, 0x0000, 0x0000, 0x0000, 0x0000,
        0x0000, 0x0000, 0x0000, 0x4101, 0x4121, 0x4941, 0x4941, 0x4941, 0x4941, 0x4941, 0x4921, 0x4101, 0x0000, 0x0000, 0x0000, 0x0000,
        0x0000, 0x0000, 0x0000, 0x69C1, 0x7202, 0x58E1, 0x5901, 0x5901, 0x5901, 0x5901, 0x7A02, 0x71E2, 0x0000, 0x0000, 0x0000, 0x0000,
        0x0000, 0x0000, 0x0000, 0x71E2, 0x7A02, 0x8242, 0x8A62, 0x5901, 0x8A62, 0x8242, 0x7A02, 0x71E2, 0x0000, 0x0000, 0x0000, 0x0000,
        0x0000, 0x0000, 0x0000, 0x71E2, 0x7A02, 0x5901, 0x5901, 0x5901, 0x5901, 0x5901, 0x7A22, 0x71E2, 0x0000, 0x0000, 0x0000, 0x0000,
        0x0000, 0x0000, 0x0000, 0x4121, 0x4941, 0x5161, 0x5181, 0x5981, 0x5181, 0x5161, 0x4941, 0x4121, 0x0000, 0x0000, 0x0000, 0x0000,
        0x0000, 0x0000, 0x0000, 0x69C2, 0x7A02, 0x8222, 0x8242, 0x8A62, 0x8242, 0x8222, 0x7A02, 0x71E2, 0x0000, 0x0000, 0x0000, 0x0000,
        0x0000, 0x0000, 0x0000, 0x0000, 0x71E2, 0x7A02, 0x7A22, 0x8222, 0x8222, 0x7A02, 0x71E2, 0x0000, 0x0000, 0x0000, 0x0000, 0x0000,
        0x0000, 0x0000, 0x0000, 0x0000, 0x0000, 0x1881, 0x1881, 0x1881, 0x1881, 0x1881, 0x0000, 0x0000, 0x0000, 0x0000, 0x0000, 0x0000,
        0x0000, 0x0000, 0x0000, 0x0000, 0x0000, 0x0000, 0x0000, 0x4141, 0x0000, 0x0000, 0x0000, 0x0000, 0x0000, 0x0000, 0x0000, 0x0000,
        0x0000, 0x0000, 0x0000, 0x0000, 0x0000, 0x0000, 0x4141, 0x4141, 0x4141, 0x0000, 0x0000, 0x0000, 0x0000, 0x0000, 0x0000, 0x0000,
        0x0000, 0x0000, 0x0000, 0x0000, 0x0000, 0x0000, 0x0000, 0x0000, 0x0000, 0x0000, 0x0000, 0x0000, 0x0000, 0x0000, 0x0000, 0x0000,
    },
    {
        0x0000, 0x0000, 0x0000, 0x0000, 0x0000, 0x0000, 0x0000, 0x28E2, 0x0000, 0x0000, 0x0000, 0x0000, 0x0000, 0x0000, 0x0000, 0x0000,
        0x0000, 0x0000, 0x0000, 0x0000, 0x0000, 0x0000, 0x0000, 0x28E2, 0x0000, 0x0000, 0x0000, 0x0000, 0x0000, 0x0000, 0x0000, 0x0000,
        0x0000, 0x0000, 0x0000, 0x0000, 0x0000, 0x1881, 0x1881, 0x1881, 0x1881, 0x1881, 0x0000, 0x0000, 0x0000, 0x0000, 0x0000, 0x0000,
        0x0000, 0x0000, 0x0000, 0x0000, 0x69A1, 0x69C1, 0x69C2, 0x71E2, 0x69C1, 0x69C1, 0x61A1, 0x0000, 0x0000, 0x0000, 0x0000, 0x0000,
        0x0000, 0x0000, 0x0000, 0x69A1, 0x69C1, 0x71E2, 0x7202, 0x7A02, 0x7202, 0x71E2, 0x69C1, 0x61A1, 0x0000, 0x0000, 0x0000, 0x0000,
        0x0000, 0x0000, 0x0000, 0x4101, 0x4921, 0x4941, 0x4941, 0x4941, 0x4941, 0x4941, 0x4121, 0x4101, 0x0000, 0x0000, 0x0000, 0x0000,
        0x0000, 0x0000, 0x0000, 0x71E2, 0x7A02, 0x5901, 0x5901, 0x5901, 0x5901, 0x58E1, 0x7202, 0x69C1, 0x0000, 0x0000, 0x0000, 0x0000,
        0x0000, 0x0000, 0x0000, 0x71E2, 0x7A02, 0x8242, 0x8A62, 0x5901, 0x8A62, 0x8242, 0x7A02, 0x71E2, 0x0000, 0x0000, 0x0000, 0x0000,
        0x0000, 0x0000, 0x0000, 0x71E2, 0x7A22, 0x5901, 0x5901, 0x5901, 0x5901, 0x5901, 0x7A02, 0x71E2, 0x0000, 0x0000, 0x0000, 0x0000,
        0x0000, 0x0000, 0x0000, 0x4121, 0x4941, 0x5161, 0x5981, 0x5981, 0x5181, 0x5161, 0x4941, 0x4121, 0x0000, 0x0000, 0x0000, 0x0000,
        0x0000, 0x0000, 0x0000, 0x71E2, 0x7A02, 0x8222, 0x8A42, 0x8A62, 0x8242, 0x8222, 0x7A02, 0x71E2, 0x0000, 0x0000, 0x0000, 0x0000,
        0x0000, 0x0000, 0x0000, 0x0000, 0x7202, 0x7A22, 0x8222, 0x8242, 0x8222, 0x7A02, 0x71E2, 0x0000, 0x0000, 0x0000, 0x0000, 0x0000,
        0x0000, 0x0000, 0x0000, 0x0000, 0x0000, 0x1881, 0x1881, 0x1881, 0x1881, 0x1881, 0x0000, 0x0000, 0x0000, 0x0000, 0x0000, 0x0000,
        0x0000, 0x0000, 0x0000, 0x0000, 0x0000, 0x0000, 0x0000, 0x4141, 0x0000, 0x0000, 0x0000, 0x0000, 0x0000, 0x0000, 0x0000, 0x0000,
        0x0000, 0x0000, 0x0000, 0x0000, 0x0000, 0x0000, 0x4141, 0x4141, 0x4141, 0x0000, 0x0000, 0x0000, 0x0000, 0x0000, 0x0000, 0x0000,
        0x0000, 0x0000, 0x0000, 0x0000, 0x0000, 0x0000, 0x0000, 0x0000, 0x0000, 0x0000, 0x0000, 0x0000, 0x0000, 0x0000, 0x0000, 0x0000,
    },
    {
        0x0000, 0x0000, 0x0000, 0x0000, 0x0000, 0x0000, 0x0000, 0x28E2, 0x0000, 0x0000, 0x0000, 0x0000, 0x0000, 0x0000, 0x0000, 0x0000,
        0x0000, 0x0000, 0x0000, 0x0000, 0x0000, 0x0000, 0x0000, 0x28E2, 0x0000, 0x0000, 0x0000, 0x0000, 0x0000, 0x0000, 0x0000, 0x0000,
        0x0000, 0x0000, 0x0000, 0x0000, 0x0000, 0x1881, 0x1881, 0x1881, 0x1881, 0x1881, 0x0000, 0x0000, 0x0000, 0x0000, 0x0000, 0x0000,
        0x0000, 0x0000, 0x0000, 0x0000, 0x61A1, 0x69C1, 0x69C1, 0x69C1, 0x69C1, 0x69A1, 0x61A1, 0x0000, 0x0000, 0x0000, 0x0000, 0x0000,
        0x0000, 0x0000, 0x0000, 0x61A1, 0x69C1, 0x71E2, 0x71E2, 0x71E2, 0x71E2, 0x69C1, 0x69C1, 0x6181, 0x0000, 0x0000, 0x0000, 0x0000,
        0x0000, 0x0000, 0x0000, 0x4101, 0x4121, 0x4941, 0x4941, 0x4941, 0x4941, 0x4921, 0x4121, 0x4101, 0x0000, 0x0000, 0x0000, 0x0000,
        0x0000, 0x0000, 0x0000, 0x69C1, 0x7202, 0x50E1, 0x5901, 0x5901, 0x5901, 0x50E1, 0x71E2, 0x69C1, 0x0000, 0x0000, 0x0000, 0x0000,
        0x0000, 0x0000, 0x0000, 0x71E2, 0x7A02, 0x8242, 0x8A62, 0x5901, 0x8242, 0x7A22, 0x7202, 0x69C1, 0x0000, 0x0000, 0x0000, 0x0000,
        0x0000, 0x0000, 0x0000, 0x71E2, 0x7A02, 0x5901, 0x5901, 0x5901, 0x5901, 0x5901, 0x7A02, 0x69C1, 0x0000, 0x0000, 0x0000, 0x0000,
        0x0000, 0x0000, 0x0000, 0x4121, 0x4941, 0x5161, 0x5181, 0x5981, 0x5161, 0x4941, 0x4941, 0x4121, 0x0000, 0x0000, 0x0000, 0x0000,
        0x0000, 0x0000, 0x0000, 0x71E2, 0x7A02, 0x8222, 0x8242, 0x8A62, 0x8242, 0x7A22, 0x71E2, 0x69C1, 0x0000, 0x0000, 0x0000, 0x0000,
        0x0000, 0x0000, 0x0000, 0x0000, 0x71E2, 0x7A02, 0x8222, 0x8222, 0x7A22, 0x7A02, 0x71E2, 0x0000, 0x0000, 0x0000, 0x0000, 0x0000,
        0x0000, 0x0000, 0x0000, 0x0000, 0x0000, 0x1881, 0x1881, 0x1881, 0x1881, 0x1881, 0x0000, 0x0000, 0x0000, 0x0000, 0x0000, 0x0000,
        0x0000, 0x0000, 0x0000, 0x0000, 0x0000, 0x0000, 0x0000, 0x4141, 0x0000, 0x0000, 0x0000, 0x0000, 0x0000, 0x0000, 0x0000, 0x0000,
        0x0000, 0x0000, 0x0000, 0x0000, 0x0000, 0x0000, 0x4141, 0x4141, 0x4141, 0x0000, 0x0000, 0x0000, 0x0000, 0x0000, 0x0000, 0x0000,
        0x0000, 0x0000, 0x0000, 0x0000, 0x0000, 0x0000, 0x0000, 0x0000, 0x0000, 0x0000, 0x0000, 0x0000, 0x0000, 0x0000, 0x0000, 0x0000,
    },
    {
        0x0000, 0x0000, 0x0000, 0x0000, 0x0000, 0x0000, 0x0000, 0x28E2, 0x0000, 0x0000, 0x0000, 0x0000, 0x0000, 0x0000, 0x0000, 0x0000,
        0x0000, 0x0000, 0x0000, 0x0000, 0x0000, 0x0000, 0x0000, 0x28E2, 0x0000, 0x0000, 0x0000, 0x0000, 0x0000, 0x0000, 0x0000, 0x0000,
        0x0000, 0x0000, 0x0000, 0x0000, 0x0000, 0x1881, 0x1881, 0x1881, 0x1881, 0x1881, 0x0000, 0x0000, 0x0000, 0x0000, 0x0000, 0x0000,
        0x0000, 0x0000, 0x0000, 0x0000, 0x69A1, 0x69C1, 0x69C1, 0x69C1, 0x69C1, 0x69C1, 0x61A1, 0x0000, 0x0000, 0x0000, 0x0000, 0x0000,
        0x0000, 0x0000, 0x0000, 0x69A1, 0x69C1, 0x71E2, 0x7202, 0x7202, 0x71E2, 0x71E2, 0x69C1, 0x61A1, 0x0000, 0x0000, 0x0000, 0x0000,
        0x0000, 0x0000, 0x0000, 0x4121, 0x4921, 0x4941, 0x4941, 0x4941, 0x4941, 0x4941, 0x4121, 0x4101, 0x0000, 0x0000, 0x0000, 0x0000,
        0x0000, 0x0000, 0x0000, 0x71E2, 0x7A02, 0x5901, 0x5901, 0x5901, 0x5901, 0x50E1, 0x71E2, 0x69C1, 0x0000, 0x0000, 0x0000, 0x0000,
        0x0000, 0x0000, 0x0000, 0x71E2, 0x7A22, 0x8242, 0x8A62, 0x5901, 0x8A42, 0x8222, 0x7A02, 0x69C1, 0x0000, 0x0000, 0x0000, 0x0000,
        0x0000, 0x0000, 0x0000, 0x7202, 0x7A22, 0x5901, 0x5901, 0x5901, 0x5901, 0x5901, 0x7A02, 0x71E2, 0x0000, 0x0000, 0x0000, 0x0000,
        0x0000, 0x0000, 0x0000, 0x4941, 0x4941, 0x5161, 0x5981, 0x5981, 0x5181, 0x5161, 0x4941, 0x4121, 0x0000, 0x0000, 0x0000, 0x0000,
        0x0000, 0x0000, 0x0000, 0x71E2, 0x7A22, 0x8242, 0x8A62, 0x8A62, 0x8242, 0x7A22, 0x7202, 0x69C1, 0x0000, 0x0000, 0x0000, 0x0000,
        0x0000, 0x0000, 0x0000, 0x0000, 0x7A02, 0x7A22, 0x8242, 0x8242, 0x8222, 0x7A02, 0x71E2, 0x0000, 0x0000, 0x0000, 0x0000, 0x0000,
        0x0000, 0x0000, 0x0000, 0x0000, 0x0000, 0x1881, 0x1881, 0x1881, 0x1881, 0x1881, 0x0000, 0x0000, 0x0000, 0x0000, 0x0000, 0x0000,
        0x0000, 0x0000, 0x0000, 0x0000, 0x0000, 0x0000, 0x0000, 0x4141, 0x0000, 0x0000, 0x0000, 0x0000, 0x0000, 0x0000, 0x0000, 0x0000,
        0x0000, 0x0000, 0x0000, 0x0000, 0x0000, 0x0000, 0x4141, 0x4141, 0x4141, 0x0000, 0x0000, 0x0000, 0x0000, 0x0000, 0x0000, 0x0000,
        0x0000, 0x0000, 0x0000, 0x0000, 0x0000, 0x0000, 0x0000, 0x0000, 0x0000, 0x0000, 0x0000, 0x0000, 0x0000, 0x0000, 0x0000, 0x0000,
    },
    {
        0x0000, 0x0000, 0x0000, 0x0000, 0x0000, 0x0000, 0x0000, 0x28E2, 0x0000, 0x0000, 0x0000, 0x0000, 0x0000, 0x0000, 0x0000, 0x0000,
        0x0000, 0x0000, 0x0000, 0x0000, 0x0000, 0x0000, 0x0000, 0x28E2, 0x0000, 0x0000, 0x0000, 0x0000, 0x0000, 0x0000, 0x0000, 0x0000,
        0x0000, 0x0000, 0x0000, 0x0000, 0x0000, 0x1881, 0x1881, 0x1881, 0x1881, 0x1881, 0x0000, 0x0000, 0x0000, 0x0000, 0x0000, 0x0000,
        0x0000, 0x0000, 0x0000, 0x0000, 0x71E2, 0x7202, 0x7A02, 0x7A02, 0x7202, 0x71E2, 0x69C1, 0x0000, 0x0000, 0x0000, 0x0000, 0x0000,
        0x0000, 0x0000, 0x0000, 0x71E2, 0x7A02, 0x7A22, 0x8222, 0x8222, 0x7A22, 0x7A02, 0x71E2, 0x69C1, 0x0000, 0x0000, 0x0000, 0x0000,
        0x0000, 0x0000, 0x0000, 0x4941, 0x4941, 0x5161, 0x5181, 0x5181, 0x5161, 0x5161, 0x4941, 0x4121, 0x0000, 0x0000, 0x0000, 0x0000,
        0x0000, 0x0000, 0x0020, 0x7A22, 0x8242, 0x5901, 0x5901, 0x5901, 0x5901, 0x5901, 0x7A22, 0x71E2, 0x0020, 0x0000, 0x0000, 0x0000,
        0x0000, 0x0000, 0x0020, 0x8222, 0x8A62, 0x9282, 0x9AC3, 0x5921, 0x92A2, 0x8A62, 0x8222, 0x7202, 0x0020, 0x0000, 0x0000, 0x0000,
        0x0000, 0x0000, 0x0020, 0x8222, 0x8A62, 0x5901, 0x6121, 0x6121, 0x5921, 0x5901, 0x8242, 0x7A02, 0x0020, 0x0000, 0x0000, 0x0000,
        0x0000, 0x0000, 0x0000, 0x5161, 0x5181, 0x59A1, 0x61C2, 0x61C2, 0x59A1, 0x5981, 0x5161, 0x4941, 0x0000, 0x0000, 0x0000, 0x0000,
        0x0000, 0x0000, 0x0000, 0x7A22, 0x8A62, 0x9282, 0x9AA2, 0x9AA2, 0x9282, 0x8A62, 0x8222, 0x7202, 0x0000, 0x0000, 0x0000, 0x0000,
        0x0000, 0x0000, 0x0000, 0x0020, 0x8242, 0x8A62, 0x9282, 0x9282, 0x8A62, 0x8242, 0x7A22, 0x0020, 0x0000, 0x0000, 0x0000, 0x0000,
        0x0000, 0x0000, 0x0000, 0x0000, 0x0020, 0x1881, 0x1881, 0x1881, 0x1881, 0x1881, 0x0020, 0x0000, 0x0000, 0x0000, 0x0000, 0x0000,
        0x0000, 0x0000, 0x0000, 0x0000, 0x0000, 0x0000, 0x0020, 0x4962, 0x0020, 0x0000, 0x0000, 0x0000, 0x0000, 0x0000, 0x0000, 0x0000,
        0x0000, 0x0000, 0x0000, 0x0000, 0x0000, 0x0000, 0x4962, 0x4962, 0x4962, 0x0000, 0x0000, 0x0000, 0x0000, 0x0000, 0x0000, 0x0000,
        0x0000, 0x0000, 0x0000, 0x0000, 0x0000, 0x0000, 0x0000, 0x0000, 0x0000, 0x0000, 0x0000, 0x0000, 0x0000, 0x0000, 0x0000, 0x0000,
    },
    {
        0x0000, 0x0000, 0x0000, 0x0000, 0x0000, 0x0000, 0x0000, 0x28E2, 0x0000, 0x0000, 0x0000, 0x0000, 0x0000, 0x0000, 0x0000, 0x0000,
        0x0000, 0x0000, 0x0000, 0x0000, 0x0000, 0x0000, 0x0020, 0x28E2, 0x0020, 0x0000, 0x0000, 0x0000, 0x0000, 0x0000, 0x0000, 0x0000,
        0x0000, 0x0000, 0x0000, 0x0000, 0x0020, 0x1881, 0x1881, 0x1881, 0x1881, 0x1881, 0x0020, 0x0000, 0x0000, 0x0000, 0x0000, 0x0000,
        0x0000, 0x0000, 0x0000, 0x0000, 0x7A02, 0x7A22, 0x8222, 0x8222, 0x7A22, 0x7A02, 0x71E2, 0x0000, 0x0000, 0x0000, 0x0000, 0x0000,
        0x0000, 0x0000, 0x0000, 0x7A02, 0x8242, 0x8A62, 0x8A62, 0x8A62, 0x8A62, 0x8242, 0x7A02, 0x71E2, 0x0000, 0x0000, 0x0000, 0x0000,
        0x0000, 0x0000, 0x0000, 0x5161, 0x5181, 0x5981, 0x59A1, 0x59A1, 0x5981, 0x5181, 0x5161, 0x4941, 0x0000, 0x0000, 0x0000, 0x0000,
        0x0000, 0x0000, 0x0820, 0x8242, 0x9282, 0x5921, 0x6121, 0x6121, 0x5921, 0x5901, 0x8242, 0x7A22, 0x0820, 0x0000, 0x0000, 0x0000,
        0x0000, 0x0000, 0x0820, 0x8A62, 0x92A2, 0xA2C3, 0xAB03, 0x6121, 0xA2E3, 0x92A2, 0x8A62, 0x7A22, 0x0820, 0x0000, 0x0000, 0x0000,
        0x0000, 0x0000, 0x0820, 0x8A62, 0x92A2, 0x6121, 0x6141, 0x6141, 0x6121, 0x5921, 0x8A62, 0x8222, 0x0820, 0x0000, 0x0000, 0x0000,
        0x0000, 0x0000, 0x0020, 0x5181, 0x59A1, 0x61C2, 0x69E2, 0x69E2, 0x61C2, 0x59A1, 0x5181, 0x4941, 0x0020, 0x0000, 0x0000, 0x0000,
        0x0000, 0x0000, 0x0000, 0x8A42, 0x9282, 0x9AC3, 0xA2E3, 0xA2E3, 0x9AC3, 0x9282, 0x8A62, 0x7A22, 0x0000, 0x0000, 0x0000, 0x0000,
        0x0000, 0x0000, 0x0000, 0x0020, 0x8A62, 0x92A2, 0x9AA3, 0x9AA3, 0x92A2, 0x8A62, 0x8242, 0x0020, 0x0000, 0x0000, 0x0000, 0x0000,
        0x0000, 0x0000, 0x0000, 0x0000, 0x0820, 0x1881, 0x1881, 0x1881, 0x1881, 0x1881, 0x0820, 0x0000, 0x0000, 0x0000, 0x0000, 0x0000,
        0x0000, 0x0000, 0x0000, 0x0000, 0x0000, 0x0020, 0x0820, 0x5182, 0x0820, 0x0020, 0x0000, 0x0000, 0x0000, 0x0000, 0x0000, 0x0000,
        0x0000, 0x0000, 0x0000, 0x0000, 0x0000, 0x0000, 0x5182, 0x5182, 0x5182, 0x0000, 0x0000, 0x0000, 0x0000, 0x0000, 0x0000, 0x0000,
        0x0000, 0x0000, 0x0000, 0x0000, 0x0000, 0x0000, 0x0000, 0x0000, 0x0000, 0x0000, 0x0000, 0x0000, 0x0000, 0x0000, 0x0000, 0x0000,
    },
    {
        0x0000, 0x0000, 0x0000, 0x0000, 0x0000, 0x0000, 0x0000, 0x28E2, 0x0000, 0x0000, 0x0000, 0x0000, 0x0000, 0x0000, 0x0000, 0x0000,
        0x0000, 0x0000, 0x0000, 0x0000, 0x0000, 0x0000, 0x0000, 0x28E2, 0x0000, 0x0000, 0x0000, 0x0000, 0x0000, 0x0000, 0x0000, 0x0000,
        0x0000, 0x0000, 0x0000, 0x0000, 0x0000, 0x1881, 0x1881, 0x1881, 0x1881, 0x1881, 0x0000, 0x0000, 0x0000, 0x0000, 0x0000, 0x0000,
        0x0000, 0x0000, 0x0000, 0x0000, 0x7A02, 0x7A22, 0x8222, 0x8222, 0x7A22, 0x7A02, 0x71E2, 0x0000, 0x0000, 0x0000, 0x0000, 0x0000,
        0x0000, 0x0000, 0x0000, 0x7A02, 0x8222, 0x8242, 0x8A62, 0x8A62, 0x8242, 0x8222, 0x7A02, 0x71E2, 0x0000, 0x0000, 0x0000, 0x0000,
        0x0000, 0x0000, 0x0000, 0x4941, 0x5161, 0x5981, 0x5981, 0x5981, 0x5981, 0x5161, 0x4941, 0x4921, 0x0000, 0x0000, 0x0000, 0x0000,
        0x0000, 0x0000, 0x0020, 0x8242, 0x8A62, 0x5901, 0x5921, 0x5921, 0x5901, 0x5901, 0x8242, 0x7A02, 0x0020, 0x0000, 0x0000, 0x0000,
        0x0000, 0x0000, 0x0820, 0x8242, 0x9282, 0x9AC3, 0xA2E3, 0x6121, 0x9AC3, 0x9282, 0x8A42, 0x7A22, 0x0820, 0x0000, 0x0000, 0x0000,
        0x0000, 0x0000, 0x0820, 0x8242, 0x9282, 0x6121, 0x6121, 0x6121, 0x6121, 0x5901, 0x8A62, 0x7A22, 0x0820, 0x0000, 0x0000, 0x0000,
        0x0000, 0x0000, 0x0020, 0x5161, 0x5981, 0x61A1, 0x61C2, 0x69E2, 0x61C1, 0x5981, 0x5161, 0x4941, 0x0020, 0x0000, 0x0000, 0x0000,
        0x0000, 0x0000, 0x0000, 0x8242, 0x8A62, 0x92A2, 0x9AC3, 0x9AC3, 0x9AA2, 0x8A82, 0x8242, 0x7A02, 0x0000, 0x0000, 0x0000, 0x0000,
        0x0000, 0x0000, 0x0000, 0x0020, 0x8A42, 0x9282, 0x9282, 0x92A2, 0x9282, 0x8A62, 0x8222, 0x0020, 0x0000, 0x0000, 0x0000, 0x0000,
        0x0000, 0x0000, 0x0000, 0x0000, 0x0820, 0x1881, 0x1881, 0x1881, 0x1881, 0x1881, 0x0820, 0x0000, 0x0000, 0x0000, 0x0000, 0x0000,
        0x0000, 0x0000, 0x0000, 0x0000, 0x0000, 0x0000, 0x0820, 0x4962, 0x0820, 0x0000, 0x0000, 0x0000, 0x0000, 0x0000, 0x0000, 0x0000,
        0x0000, 0x0000, 0x0000, 0x0000, 0x0000, 0x0000, 0x4962, 0x4962, 0x4962, 0x0000, 0x0000, 0x0000, 0x0000, 0x0000, 0x0000, 0x0000,
        0x0000, 0x0000, 0x0000, 0x0000, 0x0000, 0x0000, 0x0000, 0x0000, 0x0000, 0x0000, 0x0000, 0x0000, 0x0000, 0x0000, 0x0000, 0x0000,
    },
    {
        0x0000, 0x0000, 0x0000, 0x0000, 0x0000, 0x0000, 0x0000, 0x28E2, 0x0000, 0x0000, 0x0000, 0x0000, 0x0000, 0x0000, 0x0000, 0x0000,
        0x0000, 0x0000, 0x0000, 0x0000, 0x0000, 0x0000, 0x0000, 0x28E2, 0x0000, 0x0000, 0x0000, 0x0000, 0x0000, 0x0000, 0x0000, 0x0000,
        0x0000, 0x0000, 0x0000, 0x0000, 0x0000, 0x1881, 0x1881, 0x1881, 0x1881, 0x1881, 0x0000, 0x0000, 0x0000, 0x0000, 0x0000, 0x0000,
        0x0000, 0x0000, 0x0000, 0x0000, 0x69C1, 0x71E2, 0x71E2, 0x7202, 0x71E2, 0x71E2, 0x69C1, 0x0000, 0x0000, 0x0000, 0x0000, 0x0000,
        0x0000, 0x0000, 0x0000, 0x69C1, 0x71E2, 0x7A02, 0x7A22, 0x7A22, 0x7A02, 0x7202, 0x71E2, 0x69A1, 0x0000, 0x0000, 0x0000, 0x0000,
        0x0000, 0x0000, 0x0000, 0x4121, 0x4941, 0x5161, 0x5161, 0x5161, 0x5161, 0x4941, 0x4921, 0x4121, 0x0000, 0x0000, 0x0000, 0x0000,
        0x0000, 0x0000, 0x0000, 0x7202, 0x8222, 0x5901, 0x5901, 0x5901, 0x5901, 0x5901, 0x7A02, 0x71E2, 0x0000, 0x0000, 0x0000, 0x0000,
        0x0000, 0x0000, 0x0020, 0x7A02, 0x8242, 0x8A62, 0x92A2, 0x5901, 0x8A82, 0x8242, 0x7A22, 0x71E2, 0x0020, 0x0000, 0x0000, 0x0000,
        0x0000, 0x0000, 0x0000, 0x7A02, 0x8242, 0x5901, 0x5921, 0x5921, 0x5901, 0x5901, 0x7A22, 0x71E2, 0x0000, 0x0000, 0x0000, 0x0000,
        0x0000, 0x0000, 0x0000, 0x4941, 0x5161, 0x5181, 0x59A1, 0x59A1, 0x5981, 0x5161, 0x4941, 0x4121, 0x0000, 0x0000, 0x0000, 0x0000,
        0x0000, 0x0000, 0x0000, 0x7A02, 0x8222, 0x8A42, 0x8A62, 0x8A62, 0x8A62, 0x8242, 0x7A02, 0x71E2, 0x0000, 0x0000, 0x0000, 0x0000,
        0x0000, 0x0000, 0x0000, 0x0000, 0x7A02, 0x8222, 0x8242, 0x8242, 0x8242, 0x7A22, 0x71E2, 0x0000, 0x0000, 0x0000, 0x0000, 0x0000,
        0x0000, 0x0000, 0x0000, 0x0000, 0x0000, 0x1881, 0x1881, 0x1881, 0x1881, 0x1881, 0x0000, 0x0000, 0x0000, 0x0000, 0x0000, 0x0000,
        0x0000, 0x0000, 0x0000, 0x0000, 0x0000, 0x0000, 0x0020, 0x4142, 0x0020, 0x0000, 0x0000, 0x0000, 0x0000, 0x0000, 0x0000, 0x0000,
        0x0000, 0x0000, 0x0000, 0x0000, 0x0000, 0x0000, 0x4142, 0x4142, 0x4142, 0x0000, 0x0000, 0x0000, 0x0000, 0x0000, 0x0000, 0x0000,
        0x0000, 0x0000, 0x0000, 0x0000, 0x0000, 0x0000, 0x0000, 0x0000, 0x0000, 0x0000, 0x0000, 0x0000, 0x0000, 0x0000, 0x0000, 0x0000,
    },
    {
        0x0000, 0x0000, 0x0000, 0x0000, 0x0000, 0x0000, 0x0000, 0x28E2, 0x0000, 0x0000, 0x0000, 0x0000, 0x0000, 0x0000, 0x0000, 0x0000,
        0x0000, 0x0000, 0x0000, 0x0000, 0x0000, 0x0000, 0x0000, 0x28E2, 0x0000, 0x0000, 0x0000, 0x0000, 0x0000, 0x0000, 0x0000, 0x0000,
        0x0000, 0x0000, 0x0000, 0x0000, 0x0000, 0x1881, 0x1881, 0x1881, 0x1881, 0x1881, 0x0000, 0x0000, 0x0000, 0x0000, 0x0000, 0x0000,
        0x0000, 0x0000, 0x0000, 0x0000, 0x61A1, 0x69C1, 0x69C1, 0x69C1, 0x69C1, 0x69A1, 0x61A1, 0x0000, 0x0000, 0x0000, 0x0000, 0x0000,
        0x0000, 0x0000, 0x0000, 0x61A1, 0x69C1, 0x71E2, 0x71E2, 0x71E2, 0x71E2, 0x69C2, 0x69C1, 0x6181, 0x0000, 0x0000, 0x0000, 0x0000,
        0x0000, 0x0000, 0x0000, 0x4101, 0x4121, 0x4941, 0x4941, 0x4941, 0x4941, 0x4921, 0x4121, 0x4101, 0x0000, 0x0000, 0x0000, 0x0000,
        0x0000, 0x0000, 0x0000, 0x69C1, 0x7202, 0x50E1, 0x5901, 0x5901, 0x5901, 0x50E1, 0x71E2, 0x69C1, 0x0000, 0x0000, 0x0000, 0x0000,
        0x0000, 0x0000, 0x0000, 0x71E2, 0x7A02, 0x8222, 0x8A62, 0x5901, 0x8242, 0x7A22, 0x71E2, 0x69C1, 0x0000, 0x0000, 0x0000, 0x0000,
        0x0000, 0x0000, 0x0000, 0x71E2, 0x7A02, 0x5901, 0x5901, 0x5901, 0x5901, 0x58E1, 0x71E2, 0x69C1, 0x0000, 0x0000, 0x0000, 0x0000,
        0x0000, 0x0000, 0x0000, 0x4121, 0x4941, 0x5161, 0x5161, 0x5181, 0x5161, 0x4941, 0x4921, 0x4101, 0x0000, 0x0000, 0x0000, 0x0000,
        0x0000, 0x0000, 0x0000, 0x69C1, 0x7202, 0x7A22, 0x8242, 0x8242, 0x8222, 0x7A02, 0x71E2, 0x69C1, 0x0000, 0x0000, 0x0000, 0x0000,
        0x0000, 0x0000, 0x0000, 0x0000, 0x71E2, 0x7A02, 0x7A22, 0x7A22, 0x7A02, 0x71E2, 0x69C1, 0x0000, 0x0000, 0x0000, 0x0000, 0x0000,
        0x0000, 0x0000, 0x0000, 0x0000, 0x0000, 0x1881, 0x1881, 0x1881, 0x1881, 0x1881, 0x0000, 0x0000, 0x0000, 0x0000, 0x0000, 0x0000,
        0x0000, 0x0000, 0x0000, 0x0000, 0x0000, 0x0000, 0x0000, 0x4121, 0x0000, 0x0000, 0x0000, 0x0000, 0x0000, 0x0000, 0x0000, 0x0000,
        0x0000, 0x0000, 0x0000, 0x0000, 0x0000, 0x0000, 0x4121, 0x4121, 0x4121, 0x0000, 0x0000, 0x0000, 0x0000, 0x0000, 0x0000, 0x0000,
        0x0000, 0x0000, 0x0000, 0x0000, 0x0000, 0x0000, 0x0000, 0x0000, 0x0000, 0x0000, 0x0000, 0x0000, 0x0000, 0x0000, 0x0000, 0x0000,
    },
    {
        0x0000, 0x0000, 0x0000, 0x0000, 0x0000, 0x0000, 0x0000, 0x28E2, 0x0000, 0x0000, 0x0000, 0x0000, 0x0000, 0x0000, 0x0000, 0x0000,
        0x0000, 0x0000, 0x0000, 0x0000, 0x0000, 0x0000, 0x0000, 0x28E2, 0x0000, 0x0000, 0x0000, 0x0000, 0x0000, 0x0000, 0x0000, 0x0000,
        0x0000, 0x0000, 0x0000, 0x0000, 0x0000, 0x1881, 0x1881, 0x1881, 0x1881, 0x1881, 0x0000, 0x0000, 0x0000, 0x0000, 0x0000, 0x0000,
        0x0000, 0x0000, 0x0000, 0x0000, 0x6181, 0x61A1, 0x69A1, 0x69C1, 0x69A1, 0x61A1, 0x6181, 0x0000, 0x0000, 0x0000, 0x0000, 0x0000,
        0x0000, 0x0000, 0x0000, 0x6181, 0x69A1, 0x69C1, 0x69C2, 0x71E2, 0x69C1, 0x69C1, 0x61A1, 0x6181, 0x0000, 0x0000, 0x0000, 0x0000,
        0x0000, 0x0000, 0x0000, 0x3901, 0x4121, 0x4121, 0x4921, 0x4941, 0x4921, 0x4121, 0x4101, 0x3901, 0x0000, 0x0000, 0x0000, 0x0000,
        0x0000, 0x0000, 0x0000, 0x69A1, 0x71E2, 0x50E1, 0x50E1, 0x50E1, 0x50E1, 0x50E1, 0x69C1, 0x69A1, 0x0000, 0x0000, 0x0000, 0x0000,
        0x0000, 0x0000, 0x0000, 0x69C1, 0x71E2, 0x7A02, 0x8222, 0x5901, 0x8222, 0x7A02, 0x71E2, 0x69A1, 0x0000, 0x0000, 0x0000, 0x0000,
        0x0000, 0x0000, 0x0000, 0x69C1, 0x71E2, 0x50E1, 0x5901, 0x5901, 0x5901, 0x50E1, 0x71E2, 0x69C1, 0x0000, 0x0000, 0x0000, 0x0000,
        0x0000, 0x0000, 0x0000, 0x4101, 0x4921, 0x4941, 0x5161, 0x5161, 0x5161, 0x4941, 0x4121, 0x4101, 0x0000, 0x0000, 0x0000, 0x0000,
        0x0000, 0x0000, 0x0000, 0x69C1, 0x71E2, 0x7A02, 0x7A22, 0x7A22, 0x7A22, 0x7202, 0x71C2, 0x69A1, 0x0000, 0x0000, 0x0000, 0x0000,
        0x0000, 0x0000, 0x0000, 0x0000, 0x69C1, 0x71E2, 0x7202, 0x7A02, 0x7202, 0x71E2, 0x69C1, 0x0000, 0x0000, 0x0000, 0x0000, 0x0000,
        0x0000, 0x0000, 0x0000, 0x0000, 0x0000, 0x1881, 0x1881, 0x1881, 0x1881, 0x1881, 0x0000, 0x0000, 0x0000, 0x0000, 0x0000, 0x0000,
        0x0000, 0x0000, 0x0000, 0x0000, 0x0000, 0x0000, 0x0000, 0x3921, 0x0000, 0x0000, 0x0000, 0x0000, 0x0000, 0x0000, 0x0000, 0x0000,
        0x0000, 0x0000, 0x0000, 0x0000, 0x0000, 0x0000, 0x3921, 0x3921, 0x3921, 0x0000, 0x0000, 0x0000, 0x0000, 0x0000, 0x0000, 0x0000,
        0x0000, 0x0000, 0x0000, 0x0000, 0x0000, 0x0000, 0x0000, 0x0000, 0x0000, 0x0000, 0x0000, 0x0000, 0x0000, 0x0000, 0x0000, 0x0000,
    },
    {
        0x0000, 0x0000, 0x0000, 0x0000, 0x0000, 0x0000, 0x0000, 0x28E2, 0x0000, 0x0000, 0x0000, 0x0000, 0x0000, 0x0000, 0x0000, 0x0000,
        0x0000, 0x0000, 0x0000, 0x0000, 0x0000, 0x0000, 0x0000, 0x28E2, 0x0000, 0x0000, 0x0000, 0x0000, 0x0000, 0x0000, 0x0000, 0x0000,
        0x0000, 0x0000, 0x0000, 0x0000, 0x0000, 0x1881, 0x1881, 0x1881, 0x1881, 0x1881, 0x0000, 0x0000, 0x0000, 0x0000, 0x0000, 0x0000,
        0x0000, 0x0000, 0x0000, 0x0000, 0x5961, 0x6181, 0x6181, 0x6181, 0x6181, 0x6181, 0x5961, 0x0000, 0x0000, 0x0000, 0x0000, 0x0000,
        0x0000, 0x0000, 0x0000, 0x5961, 0x6181, 0x61A1, 0x69A1, 0x69A1, 0x69A1, 0x61A1, 0x6181, 0x5961, 0x0000, 0x0000, 0x0000, 0x0000,
        0x0000, 0x0000, 0x0000, 0x38E1, 0x3901, 0x4101, 0x4121, 0x4121, 0x4121, 0x4101, 0x3901, 0x38E1, 0x0000, 0x0000, 0x0000, 0x0000,
        0x0000, 0x0000, 0x0000, 0x6181, 0x69A1, 0x50E1, 0x50E1, 0x50E1, 0x50E1, 0x50E1, 0x69A1, 0x6181, 0x0000, 0x0000, 0x0000, 0x0000,
        0x0000, 0x0000, 0x0000, 0x61A1, 0x69C1, 0x71E2, 0x7A02, 0x50E1, 0x7A02, 0x71E2, 0x69C1, 0x61A1, 0x0000, 0x0000, 0x0000, 0x0000,
        0x0000, 0x0000, 0x0000, 0x61A1, 0x69C1, 0x50E1, 0x50E1, 0x5901, 0x50E1, 0x50E1, 0x69C1, 0x61A1, 0x0000, 0x0000, 0x0000, 0x0000,
        0x0000, 0x0000, 0x0000, 0x3901, 0x4101, 0x4121, 0x4941, 0x4941, 0x4941, 0x4121, 0x4101, 0x3901, 0x0000, 0x0000, 0x0000, 0x0000,
        0x0000, 0x0000, 0x0000, 0x61A1, 0x69C1, 0x71E2, 0x71E2, 0x7A02, 0x71E2, 0x71E2, 0x69C1, 0x61A1, 0x0000, 0x0000, 0x0000, 0x0000,
        0x0000, 0x0000, 0x0000, 0x0000, 0x61A1, 0x69C1, 0x71E2, 0x71E2, 0x71E2, 0x69C1, 0x61A1, 0x0000, 0x0000, 0x0000, 0x0000, 0x0000,
        0x0000, 0x0000, 0x0000, 0x0000, 0x0000, 0x1881, 0x1881, 0x1881, 0x1881, 0x1881, 0x0000, 0x0000, 0x0000, 0x0000, 0x0000, 0x0000,
        0x0000, 0x0000, 0x0000, 0x0000, 0x0000, 0x0000, 0x0000, 0x3901, 0x0000, 0x0000, 0x0000, 0x0000, 0x0000, 0x0000, 0x0000, 0x0000,
        0x0000, 0x0000, 0x0000, 0x0000, 0x0000, 0x0000, 0x3901, 0x3901, 0x3901, 0x0000, 0x0000, 0x0000, 0x0000, 0x0000, 0x0000, 0x0000,
        0x0000, 0x0000, 0x0000, 0x0000, 0x0000, 0x0000, 0x0000, 0x0000, 0x0000, 0x0000, 0x0000, 0x0000, 0x0000, 0x0000, 0x0000, 0x0000,
    },
    {
        0x0000, 0x0000, 0x0000, 0x0000, 0x0000, 0x0000, 0x0000, 0x28E2, 0x0000, 0x0000, 0x0000, 0x0000, 0x0000, 0x0000, 0x0000, 0x0000,
        0x0000, 0x0000, 0x0000, 0x0000, 0x0000, 0x0000, 0x0000, 0x28E2, 0x0000, 0x0000, 0x0000, 0x0000, 0x0000, 0x0000, 0x0000, 0x0000,
        0x0000, 0x0000, 0x0000, 0x0000, 0x0000, 0x1881, 0x1881, 0x1881, 0x1881, 0x1881, 0x0000, 0x0000, 0x0000, 0x0000, 0x0000, 0x0000,
        0x0000, 0x0000, 0x0000, 0x0000, 0x5141, 0x5961, 0x5961, 0x5961, 0x5961, 0x5961, 0x5961, 0x0000, 0x0000, 0x0000, 0x0000, 0x0000,
        0x0000, 0x0000, 0x0000, 0x5141, 0x5961, 0x5981, 0x6181, 0x6181, 0x6181, 0x5981, 0x5961, 0x5961, 0x0000, 0x0000, 0x0000, 0x0000,
        0x0000, 0x0000, 0x0000, 0x30E0, 0x38E0, 0x3901, 0x3901, 0x4101, 0x3901, 0x3901, 0x38E1, 0x38E0, 0x0000, 0x0000, 0x0000, 0x0000,
        0x0000, 0x0000, 0x0000, 0x5961, 0x6181, 0x50C1, 0x50E1, 0x50E1, 0x50E1, 0x50C1, 0x6181, 0x5981, 0x0000, 0x0000, 0x0000, 0x0000,
        0x0000, 0x0000, 0x0000, 0x5981, 0x6181, 0x69A1, 0x69C1, 0x50E1, 0x69C2, 0x69C1, 0x61A1, 0x5981, 0x0000, 0x0000, 0x0000, 0x0000,
        0x0000, 0x0000, 0x0000, 0x5981, 0x61A1, 0x50E1, 0x50E1, 0x50E1, 0x50E1, 0x50E1, 0x61A1, 0x6181, 0x0000, 0x0000, 0x0000, 0x0000,
        0x0000, 0x0000, 0x0000, 0x38E0, 0x3901, 0x4101, 0x4121, 0x4921, 0x4121, 0x4101, 0x3901, 0x38E1, 0x0000, 0x0000, 0x0000, 0x0000,
        0x0000, 0x0000, 0x0000, 0x5961, 0x6181, 0x69A1, 0x69C1, 0x71E2, 0x69C1, 0x69C1, 0x61A1, 0x5981, 0x0000, 0x0000, 0x0000, 0x0000,
        0x0000, 0x0000, 0x0000, 0x0000, 0x6181, 0x61A1, 0x69A1, 0x69C1, 0x69C1, 0x61A1, 0x6181, 0x0000, 0x0000, 0x0000, 0x0000, 0x0000,
        0x0000, 0x0000, 0x0000, 0x0000, 0x0000, 0x1881, 0x1881, 0x1881, 0x1881, 0x1881, 0x0000, 0x0000, 0x0000, 0x0000, 0x0000, 0x0000,
        0x0000, 0x0000, 0x0000, 0x0000, 0x0000, 0x0000, 0x0000, 0x3101, 0x0000, 0x0000, 0x0000, 0x0000, 0x0000, 0x0000, 0x0000, 0x0000,
        0x0000, 0x0000, 0x0000, 0x0000, 0x0000, 0x0000, 0x3101, 0x3101, 0x3101, 0x0000, 0x0000, 0x0000, 0x0000, 0x0000, 0x0000, 0x0000,
        0x0000, 0x0000, 0x0000, 0x0000, 0x0000, 0x0000, 0x0000, 0x0000, 0x0000, 0x0000, 0x0000, 0x0000, 0x0000, 0x0000, 0x0000, 0x0000,
    },
    {
        0x0000, 0x0000, 0x0000, 0x0000, 0x0000, 0x0000, 0x0000, 0x28E2, 0x0000, 0x0000, 0x0000, 0x0000, 0x0000, 0x0000, 0x0000, 0x0000,
        0x0000, 0x0000, 0x0000, 0x0000, 0x0000, 0x0000, 0x0000, 0x28E2, 0x0000, 0x0000, 0x0000, 0x0000, 0x0000, 0x0000, 0x0000, 0x0000,
        0x0000, 0x0000, 0x0000, 0x0000, 0x0000, 0x1881, 0x1881, 0x1881, 0x1881, 0x1881, 0x0000, 0x0000, 0x0000, 0x0000, 0x0000, 0x0000,
        0x0000, 0x0000, 0x0000, 0x0000, 0x5141, 0x5961, 0x5961, 0x5961, 0x5961, 0x5961, 0x5961, 0x0000, 0x0000, 0x0000, 0x0000, 0x0000,
        0x0000, 0x0000, 0x0000, 0x5141, 0x5961, 0x5981, 0x6181, 0x6181, 0x6181, 0x6181, 0x5961, 0x5961, 0x0000, 0x0000, 0x0000, 0x0000,
        0x0000, 0x0000, 0x0000, 0x30E0, 0x38E0, 0x3901, 0x3901, 0x4101, 0x4101, 0x3901, 0x38E1, 0x38E0, 0x0000, 0x0000, 0x0000, 0x0000,
        0x0000, 0x0000, 0x0000, 0x5961, 0x6181, 0x50C1, 0x50E1, 0x50E1, 0x50E1, 0x50E1, 0x61A1, 0x5981, 0x0000, 0x0000, 0x0000, 0x0000,
        0x0000, 0x0000, 0x0000, 0x5961, 0x6181, 0x69A1, 0x69C1, 0x50E1, 0x71E2, 0x69C1, 0x61A1, 0x6181, 0x0000, 0x0000, 0x0000, 0x0000,
        0x0000, 0x0000, 0x0000, 0x5981, 0x61A1, 0x50E1, 0x50E1, 0x50E1, 0x50E1, 0x50E1, 0x69A1, 0x6181, 0x0000, 0x0000, 0x0000, 0x0000,
        0x0000, 0x0000, 0x0000, 0x38E0, 0x3901, 0x4101, 0x4121, 0x4921, 0x4121, 0x4121, 0x4101, 0x38E1, 0x0000, 0x0000, 0x0000, 0x0000,
        0x0000, 0x0000, 0x0000, 0x5961, 0x6181, 0x69A1, 0x69C1, 0x71E2, 0x69C2, 0x69C1, 0x61A1, 0x6181, 0x0000, 0x0000, 0x0000, 0x0000,
        0x0000, 0x0000, 0x0000, 0x0000, 0x6181, 0x61A1, 0x69A1, 0x69C1, 0x69C1, 0x69A1, 0x6181, 0x0000, 0x0000, 0x0000, 0x0000, 0x0000,
        0x0000, 0x0000, 0x0000, 0x0000, 0x0000, 0x1881, 0x1881, 0x1881, 0x1881, 0x1881, 0x0000, 0x0000, 0x0000, 0x0000, 0x0000, 0x0000,
        0x0000, 0x0000, 0x0000, 0x0000, 0x0000, 0x0000, 0x0000, 0x3101, 0x0000, 0x0000, 0x0000, 0x0000, 0x0000, 0x0000, 0x0000, 0x0000,
        0x0000, 0x0000, 0x0000, 0x0000, 0x0000, 0x0000, 0x3101, 0x3101, 0x3101, 0x0000, 0x0000, 0x0000, 0x0000, 0x0000, 0x0000, 0x0000,
        0x0000, 0x0000, 0x0000, 0x0000, 0x0000, 0x0000, 0x0000, 0x0000, 0x0000, 0x0000, 0x0000, 0x0000, 0x0000, 0x0000, 0x0000, 0x0000,
    },
    {
        0x0000, 0x0000, 0x0000, 0x0000, 0x0000, 0x0000, 0x0000, 0x28E2, 0x0000, 0x0000, 0x0000, 0x0000, 0x0000, 0x0000, 0x0000, 0x0000,
        0x0000, 0x0000, 0x0000, 0x0000, 0x0000, 0x0000, 0x0000, 0x28E2, 0x0000, 0x0000, 0x0000, 0x0000, 0x0000, 0x0000, 0x0000, 0x0000,
        0x0000, 0x0000, 0x0000, 0x0000, 0x0000, 0x1881, 0x1881, 0x1881, 0x1881, 0x1881, 0x0000, 0x0000, 0x0000, 0x0000, 0x0000, 0x0000,
        0x0000, 0x0000, 0x0000, 0x0000, 0x5961, 0x5961, 0x5981, 0x6181, 0x6181, 0x5981, 0x5961, 0x0000, 0x0000, 0x0000, 0x0000, 0x0000,
        0x0000, 0x0000, 0x0000, 0x5961, 0x5961, 0x6181, 0x61A1, 0x61A1, 0x61A1, 0x61A1, 0x6181, 0x5961, 0x0000, 0x0000, 0x0000, 0x0000,
        0x0000, 0x0000, 0x0000, 0x38E0, 0x38E1, 0x3901, 0x4101, 0x4101, 0x4101, 0x4101, 0x3901, 0x38E1, 0x0000, 0x0000, 0x0000, 0x0000,
        0x0000, 0x0000, 0x0000, 0x5981, 0x61A1, 0x50E1, 0x50E1, 0x50E1, 0x50E1, 0x50E1, 0x69A1, 0x6181, 0x0000, 0x0000, 0x0000, 0x0000,
        0x0000, 0x0000, 0x0000, 0x6181, 0x61A1, 0x69C1, 0x71E2, 0x50E1, 0x71E2, 0x71E2, 0x69C1, 0x61A1, 0x0000, 0x0000, 0x0000, 0x0000,
        0x0000, 0x0000, 0x0000, 0x6181, 0x61A1, 0x50E1, 0x50E1, 0x50E1, 0x50E1, 0x50E1, 0x69C1, 0x61A1, 0x0000, 0x0000, 0x0000, 0x0000,
        0x0000, 0x0000, 0x0000, 0x38E1, 0x4101, 0x4121, 0x4921, 0x4941, 0x4941, 0x4121, 0x4101, 0x3901, 0x0000, 0x0000, 0x0000, 0x0000,
        0x0000, 0x0000, 0x0000, 0x5981, 0x61A1, 0x69C1, 0x71E2, 0x71E2, 0x71E2, 0x71C2, 0x69C1, 0x61A1, 0x0000, 0x0000, 0x0000, 0x0000,
        0x0000, 0x0000, 0x0000, 0x0000, 0x6181, 0x69A1, 0x69C1, 0x69C1, 0x69C1, 0x69C1, 0x61A1, 0x0000, 0x0000, 0x0000, 0x0000, 0x0000,
        0x0000, 0x0000, 0x0000, 0x0000, 0x0000, 0x1881, 0x1881, 0x1881, 0x1881, 0x1881, 0x0000, 0x0000, 0x0000, 0x0000, 0x0000, 0x0000,
        0x0000, 0x0000, 0x0000, 0x0000, 0x0000, 0x0000, 0x0000, 0x3901, 0x0000, 0x0000, 0x0000, 0x0000, 0x0000, 0x0000, 0x0000, 0x0000,
        0x0000, 0x0000, 0x0000, 0x0000, 0x0000, 0x0000, 0x3901, 0x3901, 0x3901, 0x0000, 0x0000, 0x0000, 0x0000, 0x0000, 0x0000, 0x0000,
        0x0000, 0x0000, 0x0000, 0x0000, 0x0000, 0x0000, 0x0000, 0x0000, 0x0000, 0x0000, 0x0000, 0x0000, 0x0000, 0x0000, 0x0000, 0x0000,
    },
    {
        0x0000, 0x0000, 0x0000, 0x0000, 0x0000, 0x0000, 0x0000, 0x28E2, 0x0000, 0x0000, 0x0000, 0x0000, 0x0000, 0x0000, 0x0000, 0x0000,
        0x0000, 0x0000, 0x0000, 0x0000, 0x0000, 0x0000, 0x0000, 0x28E2, 0x0000, 0x0000, 0x0000, 0x0000, 0x0000, 0x0000, 0x0000, 0x0000,
        0x0000, 0x0000, 0x0000, 0x0000, 0x0000, 0x1881, 0x1881, 0x1881, 0x1881, 0x1881, 0x0000, 0x0000, 0x0000, 0x0000, 0x0000, 0x0000,
        0x0000, 0x0000, 0x0000, 0x0000, 0x5141, 0x5961, 0x5961, 0x5981, 0x5981, 0x5961, 0x5961, 0x0000, 0x0000, 0x0000, 0x0000, 0x0000,
        0x0000, 0x0000, 0x0000, 0x5141, 0x5961, 0x5981, 0x6181, 0x6181, 0x6181, 0x6181, 0x5981, 0x5961, 0x0000, 0x0000, 0x0000, 0x0000,
        0x0000, 0x0000, 0x0000, 0x30C0, 0x38E0, 0x3901, 0x3901, 0x4101, 0x4101, 0x3901, 0x3901, 0x38E0, 0x0000, 0x0000, 0x0000, 0x0000,
        0x0000, 0x0000, 0x0000, 0x5961, 0x6181, 0x50C1, 0x50E1, 0x50E1, 0x50E1, 0x50E1, 0x61A1, 0x6181, 0x0000, 0x0000, 0x0000, 0x0000,
        0x0000, 0x0000, 0x0000, 0x5961, 0x6181, 0x69A1, 0x69C1, 0x50E1, 0x71E2, 0x69C1, 0x69A1, 0x6181, 0x0000, 0x0000, 0x0000, 0x0000,
        0x0000, 0x0000, 0x0000, 0x5961, 0x6181, 0x50E1, 0x50E1, 0x50E1, 0x50E1, 0x50E1, 0x69A1, 0x6181, 0x0000, 0x0000, 0x0000, 0x0000,
        0x0000, 0x0000, 0x0000, 0x38E0, 0x3901, 0x4101, 0x4121, 0x4921, 0x4121, 0x4121, 0x4101, 0x3901, 0x0000, 0x0000, 0x0000, 0x0000,
        0x0000, 0x0000, 0x0000, 0x5961, 0x6181, 0x61A1, 0x69C1, 0x69C1, 0x69C1, 0x69C1, 0x61A1, 0x6181, 0x0000, 0x0000, 0x0000, 0x0000,
        0x0000, 0x0000, 0x0000, 0x0000, 0x5981, 0x61A1, 0x69A1, 0x69C1, 0x69C1, 0x61A1, 0x6181, 0x0000, 0x0000, 0x0000, 0x0000, 0x0000,
        0x0000, 0x0000, 0x0000, 0x0000, 0x0000, 0x1881, 0x1881, 0x1881, 0x1881, 0x1881, 0x0000, 0x0000, 0x0000, 0x0000, 0x0000, 0x0000,
        0x0000, 0x0000, 0x0000, 0x0000, 0x0000, 0x0000, 0x0000, 0x3101, 0x0000, 0x0000, 0x0000, 0x0000, 0x0000, 0x0000, 0x0000, 0x0000,
        0x0000, 0x0000, 0x0000, 0x0000, 0x0000, 0x0000, 0x3101, 0x3101, 0x3101, 0x0000, 0x0000, 0x0000, 0x0000, 0x0000, 0x0000, 0x0000,
        0x0000, 0x0000, 0x0000, 0x0000, 0x0000, 0x0000, 0x0000, 0x0000, 0x0000, 0x0000, 0x0000, 0x0000, 0x0000, 0x0000, 0x0000, 0x0000,
    },
    {
        0x0000, 0x0000, 0x0000, 0x0000, 0x0000, 0x0000, 0x0000, 0x28E2, 0x0000, 0x0000, 0x0000, 0x0000, 0x0000, 0x0000, 0x0000, 0x0000,
        0x0000, 0x0000, 0x0000, 0x0000, 0x0000, 0x0000, 0x0000, 0x28E2, 0x0000, 0x0000, 0x0000, 0x0000, 0x0000, 0x0000, 0x0000, 0x0000,
        0x0000, 0x0000, 0x0000, 0x0000, 0x0000, 0x1881, 0x1881, 0x1881, 0x1881, 0x1881, 0x0000, 0x0000, 0x0000, 0x0000, 0x0000, 0x0000,
        0x0000, 0x0000, 0x0000, 0x0000, 0x5121, 0x5141, 0x5141, 0x5141, 0x5141, 0x5141, 0x5141, 0x0000, 0x0000, 0x0000, 0x0000, 0x0000,
        0x0000, 0x0000, 0x0000, 0x5121, 0x5141, 0x5141, 0x5961, 0x5961, 0x5961, 0x5961, 0x5141, 0x5141, 0x0000, 0x0000, 0x0000, 0x0000,
        0x0000, 0x0000, 0x0000, 0x30C0, 0x30C0, 0x38E0, 0x38E0, 0x38E0, 0x38E0, 0x38E0, 0x38E0, 0x30C0, 0x0000, 0x0000, 0x0000, 0x0000,
        0x0000, 0x0000, 0x0000, 0x5141, 0x5961, 0x48C1, 0x50C1, 0x50C1, 0x50C1, 0x50C1, 0x5961, 0x5961, 0x0000, 0x0000, 0x0000, 0x0000,
        0x0000, 0x0000, 0x0000, 0x5141, 0x5961, 0x5981, 0x6181, 0x50C1, 0x61A1, 0x6181, 0x5981, 0x5961, 0x0000, 0x0000, 0x0000, 0x0000,
        0x0000, 0x0000, 0x0000, 0x5141, 0x5961, 0x48C1, 0x50C1, 0x50E1, 0x50E1, 0x50C1, 0x5981, 0x5961, 0x0000, 0x0000, 0x0000, 0x0000,
        0x0000, 0x0000, 0x0000, 0x30C0, 0x38E0, 0x38E0, 0x3901, 0x4101, 0x4101, 0x3901, 0x38E0, 0x30E0, 0x0000, 0x0000, 0x0000, 0x0000,
        0x0000, 0x0000, 0x0000, 0x5141, 0x5961, 0x5961, 0x6181, 0x6181, 0x6181, 0x6181, 0x5961, 0x5961, 0x0000, 0x0000, 0x0000, 0x0000,
        0x0000, 0x0000, 0x0000, 0x0000, 0x5141, 0x5961, 0x5981, 0x5981, 0x5981, 0x5961, 0x5961, 0x0000, 0x0000, 0x0000, 0x0000, 0x0000,
        0x0000, 0x0000, 0x0000, 0x0000, 0x0000, 0x1881, 0x1881, 0x1881, 0x1881, 0x1881, 0x0000, 0x0000, 0x0000, 0x0000, 0x0000, 0x0000,
        0x0000, 0x0000, 0x0000, 0x0000, 0x0000, 0x0000, 0x0000, 0x30E1, 0x0000, 0x0000, 0x0000, 0x0000, 0x0000, 0x0000, 0x0000, 0x0000,
        0x0000, 0x0000, 0x0000, 0x0000, 0x0000, 0x0000, 0x30E1, 0x30E1, 0x30E1, 0x0000, 0x0000, 0x0000, 0x0000, 0x0000, 0x0000, 0x0000,
        0x0000, 0x0000, 0x0000, 0x0000, 0x0000, 0x0000, 0x0000, 0x0000, 0x0000, 0x0000, 0x0000, 0x0000, 0x0000, 0x0000, 0x0000, 0x0000,
    },
    {
        0x0000, 0x0000, 0x0000, 0x0000, 0x0000, 0x0000, 0x0000, 0x28E2, 0x0000, 0x0000, 0x0000, 0x0000, 0x0000, 0x0000, 0x0000, 0x0000,
        0x0000, 0x0000, 0x0000, 0x0000, 0x0000, 0x0000, 0x0000, 0x28E2, 0x0000, 0x0000, 0x0000, 0x0000, 0x0000, 0x0000, 0x0000, 0x0000,
        0x0000, 0x0000, 0x0000, 0x0000, 0x0000, 0x1881, 0x1881, 0x1881, 0x1881, 0x1881, 0x0000, 0x0000, 0x0000, 0x0000, 0x0000, 0x0000,
        0x0000, 0x0000, 0x0000, 0x0000, 0x4921, 0x5141, 0x5141, 0x5141, 0x5141, 0x5141, 0x5141, 0x0000, 0x0000, 0x0000, 0x0000, 0x0000,
        0x0000, 0x0000, 0x0000, 0x4921, 0x5141, 0x5141, 0x5161, 0x5961, 0x5961, 0x5141, 0x5141, 0x5141, 0x0000, 0x0000, 0x0000, 0x0000,
        0x0000, 0x0000, 0x0000, 0x30C0, 0x30C0, 0x30C0, 0x38E0, 0x38E0, 0x38E0, 0x38E0, 0x30C0, 0x30C0, 0x0000, 0x0000, 0x0000, 0x0000,
        0x0000, 0x0000, 0x0000, 0x5141, 0x5141, 0x48C1, 0x48C1, 0x50C1, 0x50C1, 0x48C1, 0x5961, 0x5141, 0x0000, 0x0000, 0x0000, 0x0000,
        0x0000, 0x0000, 0x0000, 0x5141, 0x5961, 0x5961, 0x6181, 0x50C1, 0x6181, 0x6181, 0x5961, 0x5141, 0x0000, 0x0000, 0x0000, 0x0000,
        0x0000, 0x0000, 0x0000, 0x5141, 0x5961, 0x48C1, 0x50C1, 0x50C1, 0x50C1, 0x50C1, 0x5961, 0x5161, 0x0000, 0x0000, 0x0000, 0x0000,
        0x0000, 0x0000, 0x0000, 0x30C0, 0x30C0, 0x38E0, 0x38E1, 0x3901, 0x3901, 0x38E1, 0x38E0, 0x30C0, 0x0000, 0x0000, 0x0000, 0x0000,
        0x0000, 0x0000, 0x0000, 0x5141, 0x5141, 0x5961, 0x5981, 0x6181, 0x6181, 0x5961, 0x5961, 0x5141, 0x0000, 0x0000, 0x0000, 0x0000,
        0x0000, 0x0000, 0x0000, 0x0000, 0x5141, 0x5961, 0x5961, 0x5961, 0x5961, 0x5961, 0x5161, 0x0000, 0x0000, 0x0000, 0x0000, 0x0000,
        0x0000, 0x0000, 0x0000, 0x0000, 0x0000, 0x1881, 0x1881, 0x1881, 0x1881, 0x1881, 0x0000, 0x0000, 0x0000, 0x0000, 0x0000, 0x0000,
        0x0000, 0x0000, 0x0000, 0x0000, 0x0000, 0x0000, 0x0000, 0x30E1, 0x0000, 0x0000, 0x0000, 0x0000, 0x0000, 0x0000, 0x0000, 0x0000,
        0x0000, 0x0000, 0x0000, 0x0000, 0x0000, 0x0000, 0x30E1, 0x30E1, 0x30E1, 0x0000, 0x0000, 0x0000, 0x0000, 0x0000, 0x0000, 0x0000,
        0x0000, 0x0000, 0x0000, 0x0000, 0x0000, 0x0000, 0x0000, 0x0000, 0x0000, 0x0000, 0x0000, 0x0000, 0x0000, 0x0000, 0x0000, 0x0000,
    },
    {
        0x0000, 0x0000, 0x0000, 0x0000, 0x0000, 0x0000, 0x0000, 0x28E2, 0x0000, 0x0000, 0x0000, 0x0000, 0x0000, 0x0000, 0x0000, 0x0000,
        0x0000, 0x0000, 0x0000, 0x0000, 0x0000, 0x0000, 0x0000, 0x28E2, 0x0000, 0x0000, 0x0000, 0x0000, 0x0000, 0x0000, 0x0000, 0x0000,
        0x0000, 0x0000, 0x0000, 0x0000, 0x0000, 0x1881, 0x1881, 0x1881, 0x1881, 0x1881, 0x0000, 0x0000, 0x0000, 0x0000, 0x0000, 0x0000,
        0x0000, 0x0000, 0x0000, 0x0000, 0x5141, 0x5141, 0x5961, 0x5961, 0x5961, 0x5961, 0x5141, 0x0000, 0x0000, 0x0000, 0x0000, 0x0000,
        0x0000, 0x0000, 0x0000, 0x5141, 0x5961, 0x5961, 0x5981, 0x5981, 0x5981, 0x5961, 0x5961, 0x5141, 0x0000, 0x0000, 0x0000, 0x0000,
        0x0000, 0x0000, 0x0000, 0x30C0, 0x38E0, 0x38E0, 0x38E1, 0x3901, 0x3901, 0x38E1, 0x38E0, 0x30E0, 0x0000, 0x0000, 0x0000, 0x0000,
        0x0000, 0x0000, 0x0000, 0x5961, 0x5961, 0x50C1, 0x50C1, 0x50E1, 0x50C1, 0x50C1, 0x6181, 0x5961, 0x0000, 0x0000, 0x0000, 0x0000,
        0x0000, 0x0000, 0x0000, 0x5961, 0x5981, 0x61A1, 0x69A1, 0x50E1, 0x69C1, 0x61A1, 0x6181, 0x5961, 0x0000, 0x0000, 0x0000, 0x0000,
        0x0000, 0x0000, 0x0000, 0x5961, 0x5981, 0x50C1, 0x50E1, 0x50E1, 0x50E1, 0x50E1, 0x6181, 0x5961, 0x0000, 0x0000, 0x0000, 0x0000,
        0x0000, 0x0000, 0x0000, 0x30E0, 0x38E0, 0x3901, 0x4101, 0x4121, 0x4101, 0x4101, 0x3901, 0x38E0, 0x0000, 0x0000, 0x0000, 0x0000,
        0x0000, 0x0000, 0x0000, 0x5961, 0x5961, 0x6181, 0x61A1, 0x69A1, 0x69A1, 0x61A1, 0x6181, 0x5961, 0x0000, 0x0000, 0x0000, 0x0000,
        0x0000, 0x0000, 0x0000, 0x0000, 0x5961, 0x5981, 0x6181, 0x61A1, 0x61A1, 0x6181, 0x5981, 0x0000, 0x0000, 0x0000, 0x0000, 0x0000,
        0x0000, 0x0000, 0x0000, 0x0000, 0x0000, 0x1881, 0x1881, 0x1881, 0x1881, 0x1881, 0x0000, 0x0000, 0x0000, 0x0000, 0x0000, 0x0000,
        0x0000, 0x0000, 0x0000, 0x0000, 0x0000, 0x0000, 0x0000, 0x30E1, 0x0000, 0x0000, 0x0000, 0x0000, 0x0000, 0x0000, 0x0000, 0x0000,
        0x0000, 0x0000, 0x0000, 0x0000, 0x0000, 0x0000, 0x30E1, 0x30E1, 0x30E1, 0x0000, 0x0000, 0x0000, 0x0000, 0x0000, 0x0000, 0x0000,
        0x0000, 0x0000, 0x0000, 0x0000, 0x0000, 0x0000, 0x0000, 0x0000, 0x0000, 0x0000, 0x0000, 0x0000, 0x0000, 0x0000, 0x0000, 0x0000,
    },
    {
        0x0000, 0x0000, 0x0000, 0x0000, 0x0000, 0x0000, 0x0000, 0x28E2, 0x0000, 0x0000, 0x0000, 0x0000, 0x0000, 0x0000, 0x0000, 0x0000,
        0x0000, 0x0000, 0x0000, 0x0000, 0x0000, 0x0000, 0x0000, 0x28E2, 0x0000, 0x0000, 0x0000, 0x0000, 0x0000, 0x0000, 0x0000, 0x0000,
        0x0000, 0x0000, 0x0000, 0x0000, 0x0000, 0x1881, 0x1881, 0x1881, 0x1881, 0x1881, 0x0000, 0x0000, 0x0000, 0x0000, 0x0000, 0x0000,
        0x0000, 0x0000, 0x0000, 0x0000, 0x5961, 0x5961, 0x5981, 0x5981, 0x5981, 0x5961, 0x5961, 0x0000, 0x0000, 0x0000, 0x0000, 0x0000,
        0x0000, 0x0000, 0x0000, 0x5161, 0x5961, 0x6181, 0x6181, 0x61A1, 0x6181, 0x6181, 0x5981, 0x5961, 0x0000, 0x0000, 0x0000, 0x0000,
        0x0000, 0x0000, 0x0000, 0x38E0, 0x38E1, 0x3901, 0x4101, 0x4101, 0x4101, 0x3901, 0x38E1, 0x38E0, 0x0000, 0x0000, 0x0000, 0x0000,
        0x0000, 0x0000, 0x0000, 0x5961, 0x6181, 0x50C1, 0x50E1, 0x50E1, 0x50E1, 0x50E1, 0x61A1, 0x5981, 0x0000, 0x0000, 0x0000, 0x0000,
        0x0000, 0x0000, 0x0000, 0x5981, 0x61A1, 0x69C1, 0x71E2, 0x50E1, 0x71E2, 0x69C1, 0x61A1, 0x6181, 0x0000, 0x0000, 0x0000, 0x0000,
        0x0000, 0x0000, 0x0000, 0x5981, 0x61A1, 0x50E1, 0x50E1, 0x50E1, 0x50E1, 0x50E1, 0x69A1, 0x6181, 0x0000, 0x0000, 0x0000, 0x0000,
        0x0000, 0x0000, 0x0000, 0x38E0, 0x3901, 0x4101, 0x4121, 0x4921, 0x4121, 0x4121, 0x4101, 0x38E1, 0x0000, 0x0000, 0x0000, 0x0000,
        0x0000, 0x0000, 0x0000, 0x5961, 0x6181, 0x69A1, 0x69C1, 0x71E2, 0x69C1, 0x69C1, 0x61A1, 0x6181, 0x0000, 0x0000, 0x0000, 0x0000,
        0x0000, 0x0000, 0x0000, 0x0000, 0x6181, 0x61A1, 0x69A1, 0x69C1, 0x69C1, 0x61A1, 0x6181, 0x0000, 0x0000, 0x0000, 0x0000, 0x0000,
        0x0000, 0x0000, 0x0000, 0x0000, 0x0000, 0x1881, 0x1881, 0x1881, 0x1881, 0x1881, 0x0000, 0x0000, 0x0000, 0x0000, 0x0000, 0x0000,
        0x0000, 0x0000, 0x0000, 0x0000, 0x0000, 0x0000, 0x0000, 0x3901, 0x0000, 0x0000, 0x0000, 0x0000, 0x0000, 0x0000, 0x0000, 0x0000,
        0x0000, 0x0000, 0x0000, 0x0000, 0x0000, 0x0000, 0x3901, 0x3901, 0x3901, 0x0000, 0x0000, 0x0000, 0x0000, 0x0000, 0x0000, 0x0000,
        0x0000, 0x0000, 0x0000, 0x0000, 0x0000, 0x0000, 0x0000, 0x0000, 0x0000, 0x0000, 0x0000, 0x0000, 0x0000, 0x0000, 0x0000, 0x0000,
    },
    {
        0x0000, 0x0000, 0x0000, 0x0000, 0x0000, 0x0000, 0x0000, 0x28E2, 0x0000, 0x0000, 0x0000, 0x0000, 0x0000, 0x0000, 0x0000, 0x0000,
        0x0000, 0x0000, 0x0000, 0x0000, 0x0000, 0x0000, 0x0000, 0x28E2, 0x0000, 0x0000, 0x0000, 0x0000, 0x0000, 0x0000, 0x0000, 0x0000,
        0x0000, 0x0000, 0x0000, 0x0000, 0x0000, 0x1881, 0x1881, 0x1881, 0x1881, 0x1881, 0x0000, 0x0000, 0x0000, 0x0000, 0x0000, 0x0000,
        0x0000, 0x0000, 0x0000, 0x0000, 0x5141, 0x5961, 0x5961, 0x5961, 0x5961, 0x5961, 0x5141, 0x0000, 0x0000, 0x0000, 0x0000, 0x0000,
        0x0000, 0x0000, 0x0000, 0x5141, 0x5961, 0x5981, 0x6181, 0x6181, 0x6181, 0x5981, 0x5961, 0x5141, 0x0000, 0x0000, 0x0000, 0x0000,
        0x0000, 0x0000, 0x0000, 0x30E0, 0x38E0, 0x38E1, 0x3901, 0x3901, 0x3901, 0x3901, 0x38E0, 0x38E0, 0x0000, 0x0000, 0x0000, 0x0000,
        0x0000, 0x0000, 0x0000, 0x5961, 0x6181, 0x50C1, 0x50E1, 0x50E1, 0x50E1, 0x50C1, 0x6181, 0x5961, 0x0000, 0x0000, 0x0000, 0x0000,
        0x0000, 0x0000, 0x0000, 0x5961, 0x6181, 0x69A1, 0x69C1, 0x50E1, 0x69C1, 0x69A1, 0x61A1, 0x5981, 0x0000, 0x0000, 0x0000, 0x0000,
        0x0000, 0x0000, 0x0000, 0x5981, 0x61A1, 0x50E1, 0x50E1, 0x50E1, 0x50E1, 0x50E1, 0x61A1, 0x5981, 0x0000, 0x0000, 0x0000, 0x0000,
        0x0000, 0x0000, 0x0000, 0x38E0, 0x3901, 0x4101, 0x4121, 0x4121, 0x4121, 0x4101, 0x3901, 0x38E0, 0x0000, 0x0000, 0x0000, 0x0000,
        0x0000, 0x0000, 0x0000, 0x5961, 0x6181, 0x61A1, 0x69C1, 0x69C1, 0x69C1, 0x69A1, 0x6181, 0x5981, 0x0000, 0x0000, 0x0000, 0x0000,
        0x0000, 0x0000, 0x0000, 0x0000, 0x6181, 0x61A1, 0x69A1, 0x69A1, 0x69A1, 0x61A1, 0x6181, 0x0000, 0x0000, 0x0000, 0x0000, 0x0000,
        0x0000, 0x0000, 0x0000, 0x0000, 0x0000, 0x1881, 0x1881, 0x1881, 0x1881, 0x1881, 0x0000, 0x0000, 0x0000, 0x0000, 0x0000, 0x0000,
        0x0000, 0x0000, 0x0000, 0x0000, 0x0000, 0x0000, 0x0000, 0x3101, 0x0000, 0x0000, 0x0000, 0x0000, 0x0000, 0x0000, 0x0000, 0x0000,
        0x0000, 0x0000, 0x0000, 0x0000, 0x0000, 0x0000, 0x3101, 0x3101, 0x3101, 0x0000, 0x0000, 0x0000, 0x0000, 0x0000, 0x0000, 0x0000,
        0x0000, 0x0000, 0x0000, 0x0000, 0x0000, 0x0000, 0x0000, 0x0000, 0x0000, 0x0000, 0x0000, 0x0000, 0x0000, 0x0000, 0x0000, 0x0000,
    },
    {
        0x0000, 0x0000, 0x0000, 0x0000, 0x0000, 0x0000, 0x0000, 0x28E2, 0x0000, 0x0000, 0x0000, 0x0000, 0x0000, 0x0000, 0x0000, 0x0000,
        0x0000, 0x0000, 0x0000, 0x0000, 0x0000, 0x0000, 0x0000, 0x28E2, 0x0000, 0x0000, 0x0000, 0x0000, 0x0000, 0x0000, 0x0000, 0x0000,
        0x0000, 0x0000, 0x0000, 0x0000, 0x0000, 0x1881, 0x1881, 0x1881, 0x1881, 0x1881, 0x0000, 0x0000, 0x0000, 0x0000, 0x0000, 0x0000,
        0x0000, 0x0000, 0x0000, 0x0000, 0x5141, 0x5141, 0x5141, 0x5161, 0x5141, 0x5141, 0x5141, 0x0000, 0x0000, 0x0000, 0x0000, 0x0000,
        0x0000, 0x0000, 0x0000, 0x5141, 0x5141, 0x5961, 0x5961, 0x5961, 0x5961, 0x5961, 0x5141, 0x5141, 0x0000, 0x0000, 0x0000, 0x0000,
        0x0000, 0x0000, 0x0000, 0x30C0, 0x30E0, 0x38E0, 0x38E0, 0x38E1, 0x38E0, 0x38E0, 0x30E0, 0x30C0, 0x0000, 0x0000, 0x0000, 0x0000,
        0x0000, 0x0000, 0x0000, 0x5961, 0x5961, 0x50C1, 0x50C1, 0x50C1, 0x50C1, 0x50C1, 0x5961, 0x5141, 0x0000, 0x0000, 0x0000, 0x0000,
        0x0000, 0x0000, 0x0000, 0x5961, 0x5981, 0x6181, 0x61A1, 0x50E1, 0x61A1, 0x6181, 0x5981, 0x5961, 0x0000, 0x0000, 0x0000, 0x0000,
        0x0000, 0x0000, 0x0000, 0x5961, 0x5981, 0x50C1, 0x50E1, 0x50E1, 0x50E1, 0x50C1, 0x5981, 0x5961, 0x0000, 0x0000, 0x0000, 0x0000,
        0x0000, 0x0000, 0x0000, 0x38E0, 0x38E0, 0x3901, 0x4101, 0x4101, 0x4101, 0x3901, 0x38E0, 0x30E0, 0x0000, 0x0000, 0x0000, 0x0000,
        0x0000, 0x0000, 0x0000, 0x5961, 0x5981, 0x6181, 0x61A1, 0x69A1, 0x61A1, 0x6181, 0x5961, 0x5961, 0x0000, 0x0000, 0x0000, 0x0000,
        0x0000, 0x0000, 0x0000, 0x0000, 0x5961, 0x6181, 0x6181, 0x6181, 0x6181, 0x5981, 0x5961, 0x0000, 0x0000, 0x0000, 0x0000, 0x0000,
        0x0000, 0x0000, 0x0000, 0x0000, 0x0000, 0x1881, 0x1881, 0x1881, 0x1881, 0x1881, 0x0000, 0x0000, 0x0000, 0x0000, 0x0000, 0x0000,
        0x0000, 0x0000, 0x0000, 0x0000, 0x0000, 0x0000, 0x0000, 0x30E1, 0x0000, 0x0000, 0x0000, 0x0000, 0x0000, 0x0000, 0x0000, 0x0000,
        0x0000, 0x0000, 0x0000, 0x0000, 0x0000, 0x0000, 0x30E1, 0x30E1, 0x30E1, 0x0000, 0x0000, 0x0000, 0x0000, 0x0000, 0x0000, 0x0000,
        0x0000, 0x0000, 0x0000, 0x0000, 0x0000, 0x0000, 0x0000, 0x0000, 0x0000, 0x0000, 0x0000, 0x0000, 0x0000, 0x0000, 0x0000, 0x0000,
    },
    {
        0x0000, 0x0000, 0x0000, 0x0000, 0x0000, 0x0000, 0x0000, 0x28E2, 0x0000, 0x0000, 0x0000, 0x0000, 0x0000, 0x0000, 0x0000, 0x0000,
        0x0000, 0x0000, 0x0000, 0x0000, 0x0000, 0x0000, 0x0000, 0x28E2, 0x0000, 0x0000, 0x0000, 0x0000, 0x0000, 0x0000, 0x0000, 0x0000,
        0x0000, 0x0000, 0x0000, 0x0000, 0x0000, 0x1881, 0x1881, 0x1881, 0x1881, 0x1881, 0x0000, 0x0000, 0x0000, 0x0000, 0x0000, 0x0000,
        0x0000, 0x0000, 0x0000, 0x0000, 0x5961, 0x6181, 0x6181, 0x6181, 0x6181, 0x5981, 0x5961, 0x0000, 0x0000, 0x0000, 0x0000, 0x0000,
        0x0000, 0x0000, 0x0000, 0x5961, 0x6181, 0x61A1, 0x69A1, 0x69A1, 0x61A1, 0x61A1, 0x6181, 0x5961, 0x0000, 0x0000, 0x0000, 0x0000,
        0x0000, 0x0000, 0x0000, 0x38E1, 0x3901, 0x4101, 0x4121, 0x4121, 0x4121, 0x4101, 0x3901, 0x38E0, 0x0000, 0x0000, 0x0000, 0x0000,
        0x0000, 0x0000, 0x0000, 0x61A1, 0x69C1, 0x50E1, 0x50E1, 0x50E1, 0x50E1, 0x50E1, 0x69A1, 0x6181, 0x0000, 0x0000, 0x0000, 0x0000,
        0x0000, 0x0000, 0x0000, 0x61A1, 0x69C1, 0x71E2, 0x7A02, 0x50E1, 0x7202, 0x71E2, 0x69C1, 0x6181, 0x0000, 0x0000, 0x0000, 0x0000,
        0x0000, 0x0000, 0x0000, 0x61A1, 0x69C1, 0x50E1, 0x50E1, 0x5901, 0x50E1, 0x50E1, 0x69C1, 0x61A1, 0x0000, 0x0000, 0x0000, 0x0000,
        0x0000, 0x0000, 0x0000, 0x4101, 0x4121, 0x4921, 0x4941, 0x4941, 0x4941, 0x4121, 0x4101, 0x3901, 0x0000, 0x0000, 0x0000, 0x0000,
        0x0000, 0x0000, 0x0000, 0x61A1, 0x69C1, 0x71E2, 0x7A02, 0x7A02, 0x71E2, 0x71E2, 0x69C1, 0x6181, 0x0000, 0x0000, 0x0000, 0x0000,
        0x0000, 0x0000, 0x0000, 0x0000, 0x69A1, 0x69C1, 0x71E2, 0x71E2, 0x71E2, 0x69C1, 0x61A1, 0x0000, 0x0000, 0x0000, 0x0000, 0x0000,
        0x0000, 0x0000, 0x0000, 0x0000, 0x0000, 0x1881, 0x1881, 0x1881, 0x1881, 0x1881, 0x0000, 0x0000, 0x0000, 0x0000, 0x0000, 0x0000,
        0x0000, 0x0000, 0x0000, 0x0000, 0x0000, 0x0000, 0x0000, 0x3901, 0x0000, 0x0000, 0x0000, 0x0000, 0x0000, 0x0000, 0x0000, 0x0000,
        0x0000, 0x0000, 0x0000, 0x0000, 0x0000, 0x0000, 0x3901, 0x3901, 0x3901, 0x0000, 0x0000, 0x0000, 0x0000, 0x0000, 0x0000, 0x0000,
        0x0000, 0x0000, 0x0000, 0x0000, 0x0000, 0x0000, 0x0000, 0x0000, 0x0000, 0x0000, 0x0000, 0x0000, 0x0000, 0x0000, 0x0000, 0x0000,
    },
    {
        0x0000, 0x0000, 0x0000, 0x0000, 0x0000, 0x0000, 0x0000, 0x28E2, 0x0000, 0x0000, 0x0000, 0x0000, 0x0000, 0x0000, 0x0000, 0x0000,
        0x0000, 0x0000, 0x0000, 0x0000, 0x0000, 0x0000, 0x0000, 0x28E2, 0x0000, 0x0000, 0x0000, 0x0000, 0x0000, 0x0000, 0x0000, 0x0000,
        0x0000, 0x0000, 0x0000, 0x0000, 0x0000, 0x1881, 0x1881, 0x1881, 0x1881, 0x1881, 0x0000, 0x0000, 0x0000, 0x0000, 0x0000, 0x0000,
        0x0000, 0x0000, 0x0000, 0x0000, 0x6181, 0x61A1, 0x61A1, 0x61A1, 0x61A1, 0x6181, 0x5981, 0x0000, 0x0000, 0x0000, 0x0000, 0x0000,
        0x0000, 0x0000, 0x0000, 0x6181, 0x61A1, 0x69C1, 0x69C1, 0x69C1, 0x69C1, 0x69A1, 0x61A1, 0x5981, 0x0000, 0x0000, 0x0000, 0x0000,
        0x0000, 0x0000, 0x0000, 0x3901, 0x4101, 0x4121, 0x4921, 0x4921, 0x4121, 0x4121, 0x4101, 0x38E1, 0x0000, 0x0000, 0x0000, 0x0000,
        0x0000, 0x0000, 0x0000, 0x69A1, 0x71E2, 0x50E1, 0x50E1, 0x50E1, 0x50E1, 0x50E1, 0x69C1, 0x61A1, 0x0000, 0x0000, 0x0000, 0x0000,
        0x0000, 0x0000, 0x0000, 0x69C1, 0x71E2, 0x7A02, 0x8222, 0x5901, 0x7A22, 0x71E2, 0x69C1, 0x61A1, 0x0000, 0x0000, 0x0000, 0x0000,
        0x0000, 0x0000, 0x0000, 0x69C1, 0x71E2, 0x50E1, 0x5901, 0x5901, 0x58E1, 0x50E1, 0x69C2, 0x69A1, 0x0000, 0x0000, 0x0000, 0x0000,
        0x0000, 0x0000, 0x0000, 0x4101, 0x4921, 0x4941, 0x5161, 0x5161, 0x4941, 0x4941, 0x4121, 0x4101, 0x0000, 0x0000, 0x0000, 0x0000,
        0x0000, 0x0000, 0x0000, 0x69C1, 0x71E2, 0x7A02, 0x7A22, 0x7A22, 0x7A02, 0x71E2, 0x69C1, 0x61A1, 0x0000, 0x0000, 0x0000, 0x0000,
        0x0000, 0x0000, 0x0000, 0x0000, 0x69C1, 0x71E2, 0x7202, 0x7A02, 0x71E2, 0x71E2, 0x69C1, 0x0000, 0x0000, 0x0000, 0x0000, 0x0000,
        0x0000, 0x0000, 0x0000, 0x0000, 0x0000, 0x1881, 0x1881, 0x1881, 0x1881, 0x1881, 0x0000, 0x0000, 0x0000, 0x0000, 0x0000, 0x0000,
        0x0000, 0x0000, 0x0000, 0x0000, 0x0000, 0x0000, 0x0000, 0x3921, 0x0000, 0x0000, 0x0000, 0x0000, 0x0000, 0x0000, 0x0000, 0x0000,
        0x0000, 0x0000, 0x0000, 0x0000, 0x0000, 0x0000, 0x3921, 0x3921, 0x3921, 0x0000, 0x0000, 0x0000, 0x0000, 0x0000, 0x0000, 0x0000,
        0x0000, 0x0000, 0x0000, 0x0000, 0x0000, 0x0000, 0x0000, 0x0000, 0x0000, 0x0000, 0x0000, 0x0000, 0x0000, 0x0000, 0x0000, 0x0000,
    },
    {
        0x0000, 0x0000, 0x0000, 0x0000, 0x0000, 0x0000, 0x0000, 0x28E2, 0x0000, 0x0000, 0x0000, 0x0000, 0x0000, 0x0000, 0x0000, 0x0000,
        0x0000, 0x0000, 0x0000, 0x0000, 0x0000, 0x0000, 0x0000, 0x28E2, 0x0000, 0x0000, 0x0000, 0x0000, 0x0000, 0x0000, 0x0000, 0x0000,
        0x0000, 0x0000, 0x0000, 0x0000, 0x0000, 0x1881, 0x1881, 0x1881, 0x1881, 0x1881, 0x0000, 0x0000, 0x0000, 0x0000, 0x0000, 0x0000,
        0x0000, 0x0000, 0x0000, 0x0000, 0x5981, 0x6181, 0x6181, 0x6181, 0x6181, 0x5981, 0x5961, 0x0000, 0x0000, 0x0000, 0x0000, 0x0000,
        0x0000, 0x0000, 0x0000, 0x5981, 0x6181, 0x61A1, 0x69A1, 0x69A1, 0x61A1, 0x61A1, 0x5981, 0x5961, 0x0000, 0x0000, 0x0000, 0x0000,
        0x0000, 0x0000, 0x0000, 0x38E1, 0x4101, 0x4101, 0x4121, 0x4121, 0x4101, 0x4101, 0x3901, 0x38E0, 0x0000, 0x0000, 0x0000, 0x0000,
        0x0000, 0x0000, 0x0000, 0x61A1, 0x69C1, 0x50E1, 0x50E1, 0x50E1, 0x50E1, 0x50E1, 0x61A1, 0x6181, 0x0000, 0x0000, 0x0000, 0x0000,
        0x0000, 0x0000, 0x0000, 0x61A1, 0x69C1, 0x71E2, 0x7A02, 0x50E1, 0x71E2, 0x69C1, 0x69A1, 0x6181, 0x0000, 0x0000, 0x0000, 0x0000,
        0x0000, 0x0000, 0x0000, 0x69A1, 0x69C1, 0x50E1, 0x50E1, 0x58E1, 0x50E1, 0x50E1, 0x69A1, 0x6181, 0x0000, 0x0000, 0x0000, 0x0000,
        0x0000, 0x0000, 0x0000, 0x4101, 0x4121, 0x4921, 0x4941, 0x4941, 0x4941, 0x4121, 0x4101, 0x38E1, 0x0000, 0x0000, 0x0000, 0x0000,
        0x0000, 0x0000, 0x0000, 0x61A1, 0x69C1, 0x71E2, 0x71E2, 0x71E2, 0x71E2, 0x69C1, 0x61A1, 0x6181, 0x0000, 0x0000, 0x0000, 0x0000,
        0x0000, 0x0000, 0x0000, 0x0000, 0x69A1, 0x69C1, 0x71E2, 0x71E2, 0x69C1, 0x69A1, 0x61A1, 0x0000, 0x0000, 0x0000, 0x0000, 0x0000,
        0x0000, 0x0000, 0x0000, 0x0000, 0x0000, 0x1881, 0x1881, 0x1881, 0x1881, 0x1881, 0x0000, 0x0000, 0x0000, 0x0000, 0x0000, 0x0000,
        0x0000, 0x0000, 0x0000, 0x0000, 0x0000, 0x0000, 0x0000, 0x3901, 0x0000, 0x0000, 0x0000, 0x0000, 0x0000, 0x0000, 0x0000, 0x0000,
        0x0000, 0x0000, 0x0000, 0x0000, 0x0000, 0x0000, 0x3901, 0x3901, 0x3901, 0x0000, 0x0000, 0x0000, 0x0000, 0x0000, 0x0000, 0x0000,
        0x0000, 0x0000, 0x0000, 0x0000, 0x0000, 0x0000, 0x0000, 0x0000, 0x0000, 0x0000, 0x0000, 0x0000, 0x0000, 0x0000, 0x0000, 0x0000,
    },
    {
        0x0000, 0x0000, 0x0000, 0x0000, 0x0000, 0x0000, 0x0000, 0x28E2, 0x0000, 0x0000, 0x0000, 0x0000, 0x0000, 0x0000, 0x0000, 0x0000,
        0x0000, 0x0000, 0x0000, 0x0000, 0x0000, 0x0000, 0x0000, 0x28E2, 0x0000, 0x0000, 0x0000, 0x0000, 0x0000, 0x0000, 0x0000, 0x0000,
        0x0000, 0x0000, 0x0000, 0x0000, 0x0000, 0x1881, 0x1881, 0x1881, 0x1881, 0x1881, 0x0000, 0x0000, 0x0000, 0x0000, 0x0000, 0x0000,
        0x0000, 0x0000, 0x0000, 0x0000, 0x5961, 0x5981, 0x6181, 0x6181, 0x5981, 0x5961, 0x5961, 0x0000, 0x0000, 0x0000, 0x0000, 0x0000,
        0x0000, 0x0000, 0x0000, 0x5961, 0x6181, 0x61A1, 0x61A1, 0x61A1, 0x61A1, 0x6181, 0x5961, 0x5961, 0x0000, 0x0000, 0x0000, 0x0000,
        0x0000, 0x0000, 0x0000, 0x38E0, 0x3901, 0x4101, 0x4101, 0x4101, 0x4101, 0x3901, 0x38E1, 0x38E0, 0x0000, 0x0000, 0x0000, 0x0000,
        0x0000, 0x0000, 0x0000, 0x6181, 0x69A1, 0x50E1, 0x50E1, 0x50E1, 0x50E1, 0x50E1, 0x6181, 0x5961, 0x0000, 0x0000, 0x0000, 0x0000,
        0x0000, 0x0000, 0x0000, 0x61A1, 0x69C1, 0x71E2, 0x71E2, 0x50E1, 0x71E2, 0x69C1, 0x61A1, 0x5981, 0x0000, 0x0000, 0x0000, 0x0000,
        0x0000, 0x0000, 0x0000, 0x61A1, 0x69C1, 0x50E1, 0x50E1, 0x50E1, 0x50E1, 0x50E1, 0x61A1, 0x5981, 0x0000, 0x0000, 0x0000, 0x0000,
        0x0000, 0x0000, 0x0000, 0x3901, 0x4101, 0x4121, 0x4921, 0x4921, 0x4121, 0x4101, 0x3901, 0x38E0, 0x0000, 0x0000, 0x0000, 0x0000,
        0x0000, 0x0000, 0x0000, 0x6181, 0x69A1, 0x69C1, 0x71E2, 0x71E2, 0x69C1, 0x69A1, 0x6181, 0x5961, 0x0000, 0x0000, 0x0000, 0x0000,
        0x0000, 0x0000, 0x0000, 0x0000, 0x61A1, 0x69A1, 0x69C1, 0x69C1, 0x69A1, 0x61A1, 0x6181, 0x0000, 0x0000, 0x0000, 0x0000, 0x0000,
        0x0000, 0x0000, 0x0000, 0x0000, 0x0000, 0x1881, 0x1881, 0x1881, 0x1881, 0x1881, 0x0000, 0x0000, 0x0000, 0x0000, 0x0000, 0x0000,
        0x0000, 0x0000, 0x0000, 0x0000, 0x0000, 0x0000, 0x0000, 0x3901, 0x0000, 0x0000, 0x0000, 0x0000, 0x0000, 0x0000, 0x0000, 0x0000,
        0x0000, 0x0000, 0x0000, 0x0000, 0x0000, 0x0000, 0x3901, 0x3901, 0x3901, 0x0000, 0x0000, 0x0000, 0x0000, 0x0000, 0x0000, 0x0000,
        0x0000, 0x0000, 0x0000, 0x0000, 0x0000, 0x0000, 0x0000, 0x0000, 0x0000, 0x0000, 0x0000, 0x0000, 0x0000, 0x0000, 0x0000, 0x0000,
    },
    {
        0x0000, 0x0000, 0x0000, 0x0000, 0x0000, 0x0000, 0x0000, 0x28E2, 0x0000, 0x0000, 0x0000, 0x0000, 0x0000, 0x0000, 0x0000, 0x0000,
        0x0000, 0x0000, 0x0000, 0x0000, 0x0000, 0x0000, 0x0000, 0x28E2, 0x0000, 0x0000, 0x0000, 0x0000, 0x0000, 0x0000, 0x0000, 0x0000,
        0x0000, 0x0000, 0x0000, 0x0000, 0x0000, 0x1881, 0x1881, 0x1881, 0x1881, 0x1881, 0x0000, 0x0000, 0x0000, 0x0000, 0x0000, 0x0000,
        0x0000, 0x0000, 0x0000, 0x0000, 0x6181, 0x61A1, 0x61A1, 0x61A1, 0x61A1, 0x6181, 0x5961, 0x0000, 0x0000, 0x0000, 0x0000, 0x0000,
        0x0000, 0x0000, 0x0000, 0x6181, 0x61A1, 0x69C1, 0x69C1, 0x69C1, 0x69C1, 0x61A1, 0x6181, 0x5961, 0x0000, 0x0000, 0x0000, 0x0000,
        0x0000, 0x0000, 0x0000, 0x3901, 0x4101, 0x4121, 0x4121, 0x4121, 0x4121, 0x4101, 0x3901, 0x38E1, 0x0000, 0x0000, 0x0000, 0x0000,
        0x0000, 0x0000, 0x0000, 0x69A1, 0x69C1, 0x50E1, 0x50E1, 0x50E1, 0x50E1, 0x50E1, 0x69A1, 0x6181, 0x0000, 0x0000, 0x0000, 0x0000,
        0x0000, 0x0000, 0x0000, 0x69C1, 0x71E2, 0x7A02, 0x7A22, 0x58E1, 0x7A02, 0x71E2, 0x69C1, 0x61A1, 0x0000, 0x0000, 0x0000, 0x0000,
        0x0000, 0x0000, 0x0000, 0x69C1, 0x71E2, 0x50E1, 0x5901, 0x5901, 0x50E1, 0x50E1, 0x69C1, 0x61A1, 0x0000, 0x0000, 0x0000, 0x0000,
        0x0000, 0x0000, 0x0000, 0x4101, 0x4121, 0x4941, 0x4941, 0x4941, 0x4941, 0x4121, 0x4101, 0x3901, 0x0000, 0x0000, 0x0000, 0x0000,
        0x0000, 0x0000, 0x0000, 0x69A1, 0x69C1, 0x71E2, 0x7A02, 0x7A02, 0x71E2, 0x69C2, 0x69A1, 0x6181, 0x0000, 0x0000, 0x0000, 0x0000,
        0x0000, 0x0000, 0x0000, 0x0000, 0x69C1, 0x69C2, 0x71E2, 0x71E2, 0x71E2, 0x69C1, 0x61A1, 0x0000, 0x0000, 0x0000, 0x0000, 0x0000,
        0x0000, 0x0000, 0x0000, 0x0000, 0x0000, 0x1881, 0x1881, 0x1881, 0x1881, 0x1881, 0x0000, 0x0000, 0x0000, 0x0000, 0x0000, 0x0000,
        0x0000, 0x0000, 0x0000, 0x0000, 0x0000, 0x0000, 0x0000, 0x3921, 0x0000, 0x0000, 0x0000, 0x0000, 0x0000, 0x0000, 0x0000, 0x0000,
        0x0000, 0x0000, 0x0000, 0x0000, 0x0000, 0x0000, 0x3921, 0x3921, 0x3921, 0x0000, 0x0000, 0x0000, 0x0000, 0x0000, 0x0000, 0x0000,
        0x0000, 0x0000, 0x0000, 0x0000, 0x0000, 0x0000, 0x0000, 0x0000, 0x0000, 0x0000, 0x0000, 0x0000, 0x0000, 0x0000, 0x0000, 0x0000,
    },
    {
        0x0000, 0x0000, 0x0000, 0x0000, 0x0000, 0x0000, 0x0000, 0x28E2, 0x0000, 0x0000, 0x0000, 0x0000, 0x0000, 0x0000, 0x0000, 0x0000,
        0x0000, 0x0000, 0x0000, 0x0000, 0x0000, 0x0000, 0x0000, 0x28E2, 0x0000, 0x0000, 0x0000, 0x0000, 0x0000, 0x0000, 0x0000, 0x0000,
        0x0000, 0x0000, 0x0000, 0x0000, 0x0000, 0x1881, 0x1881, 0x1881, 0x1881, 0x1881, 0x0000, 0x0000, 0x0000, 0x0000, 0x0000, 0x0000,
        0x0000, 0x0000, 0x0000, 0x0000, 0x69A1, 0x69C1, 0x69C1, 0x69C1, 0x69C1, 0x69A1, 0x61A1, 0x0000, 0x0000, 0x0000, 0x0000, 0x0000,
        0x0000, 0x0000, 0x0000, 0x69A1, 0x69C1, 0x71E2, 0x71E2, 0x71E2, 0x71E2, 0x69C1, 0x69A1, 0x6181, 0x0000, 0x0000, 0x0000, 0x0000,
        0x0000, 0x0000, 0x0000, 0x4101, 0x4121, 0x4941, 0x4941, 0x4941, 0x4941, 0x4921, 0x4121, 0x4101, 0x0000, 0x0000, 0x0000, 0x0000,
        0x0000, 0x0000, 0x0000, 0x71E2, 0x7A02, 0x58E1, 0x5901, 0x5901, 0x5901, 0x50E1, 0x71E2, 0x69C1, 0x0000, 0x0000, 0x0000, 0x0000,
        0x0000, 0x0000, 0x0000, 0x71E2, 0x7A02, 0x8242, 0x8A62, 0x5901, 0x8242, 0x7A22, 0x71E2, 0x69C1, 0x0000, 0x0000, 0x0000, 0x0000,
        0x0000, 0x0000, 0x0000, 0x71E2, 0x7A22, 0x5901, 0x5901, 0x5901, 0x5901, 0x58E1, 0x71E2, 0x69C1, 0x0000, 0x0000, 0x0000, 0x0000,
        0x0000, 0x0000, 0x0000, 0x4121, 0x4941, 0x5161, 0x5181, 0x5181, 0x5161, 0x4941, 0x4921, 0x4101, 0x0000, 0x0000, 0x0000, 0x0000,
        0x0000, 0x0000, 0x0000, 0x71E2, 0x7A02, 0x7A22, 0x8242, 0x8242, 0x8222, 0x7A02, 0x71E2, 0x69C1, 0x0000, 0x0000, 0x0000, 0x0000,
        0x0000, 0x0000, 0x0000, 0x0000, 0x71E2, 0x7A02, 0x7A22, 0x7A22, 0x7A02, 0x71E2, 0x69C1, 0x0000, 0x0000, 0x0000, 0x0000, 0x0000,
        0x0000, 0x0000, 0x0000, 0x0000, 0x0000, 0x1881, 0x1881, 0x1881, 0x1881, 0x1881, 0x0000, 0x0000, 0x0000, 0x0000, 0x0000, 0x0000,
        0x0000, 0x0000, 0x0000, 0x0000, 0x0000, 0x0000, 0x0000, 0x4121, 0x0000, 0x0000, 0x0000, 0x0000, 0x0000, 0x0000, 0x0000, 0x0000,
        0x0000, 0x0000, 0x0000, 0x0000, 0x0000, 0x0000, 0x4121, 0x4121, 0x4121, 0x0000, 0x0000, 0x0000, 0x0000, 0x0000, 0x0000, 0x0000,
        0x0000, 0x0000, 0x0000, 0x0000, 0x0000, 0x0000, 0x0000, 0x0000, 0x0000, 0x0000, 0x0000, 0x0000, 0x0000, 0x0000, 0x0000, 0x0000,
    },
    {
        0x0000, 0x0000, 0x0000, 0x0000, 0x0000, 0x0000, 0x0000, 0x28E2, 0x0000, 0x0000, 0x0000, 0x0000, 0x0000, 0x0000, 0x0000, 0x0000,
        0x0000, 0x0000, 0x0000, 0x0000, 0x0000, 0x0000, 0x0000, 0x28E2, 0x0000, 0x0000, 0x0000, 0x0000, 0x0000, 0x0000, 0x0000, 0x0000,
        0x0000, 0x0000, 0x0000, 0x0000, 0x0000, 0x1881, 0x1881, 0x1881, 0x1881, 0x1881, 0x0000, 0x0000, 0x0000, 0x0000, 0x0000, 0x0000,
        0x0000, 0x0000, 0x0000, 0x0000, 0x69A1, 0x69C1, 0x69C2, 0x71E2, 0x69C1, 0x69C1, 0x61A1, 0x0000, 0x0000, 0x0000, 0x0000, 0x0000,
        0x0000, 0x0000, 0x0000, 0x69A1, 0x69C1, 0x71E2, 0x7202, 0x7202, 0x71E2, 0x71E2, 0x69C1, 0x61A1, 0x0000, 0x0000, 0x0000, 0x0000,
        0x0000, 0x0000, 0x0000, 0x4121, 0x4921, 0x4941, 0x4941, 0x4941, 0x4941, 0x4941, 0x4121, 0x4101, 0x0000, 0x0000, 0x0000, 0x0000,
        0x0000, 0x0000, 0x0000, 0x71E2, 0x7A02, 0x5901, 0x5901, 0x5901, 0x5901, 0x50E1, 0x71E2, 0x69C1, 0x0000, 0x0000, 0x0000, 0x0000,
        0x0000, 0x0000, 0x0000, 0x71E2, 0x7A22, 0x8242, 0x8A62, 0x5901, 0x8A42, 0x8222, 0x7A02, 0x69C1, 0x0000, 0x0000, 0x0000, 0x0000,
        0x0000, 0x0000, 0x0000, 0x71E2, 0x7A22, 0x5901, 0x5901, 0x5901, 0x5901, 0x5901, 0x7A02, 0x71E2, 0x0000, 0x0000, 0x0000, 0x0000,
        0x0000, 0x0000, 0x0000, 0x4921, 0x4941, 0x5161, 0x5981, 0x5981, 0x5181, 0x5161, 0x4941, 0x4121, 0x0000, 0x0000, 0x0000, 0x0000,
        0x0000, 0x0000, 0x0000, 0x71E2, 0x7A02, 0x8242, 0x8A62, 0x8A62, 0x8242, 0x7A22, 0x7202, 0x69C1, 0x0000, 0x0000, 0x0000, 0x0000,
        0x0000, 0x0000, 0x0000, 0x0000, 0x7202, 0x7A22, 0x8222, 0x8222, 0x7A22, 0x7A02, 0x71E2, 0x0000, 0x0000, 0x0000, 0x0000, 0x0000,
        0x0000, 0x0000, 0x0000, 0x0000, 0x0000, 0x1881, 0x1881, 0x1881, 0x1881, 0x1881, 0x0000, 0x0000, 0x0000, 0x0000, 0x0000, 0x0000,
        0x0000, 0x0000, 0x0000, 0x0000, 0x0000, 0x0000, 0x0000, 0x4141, 0x0000, 0x0000, 0x0000, 0x0000, 0x0000, 0x0000, 0x0000, 0x0000,
        0x0000, 0x0000, 0x0000, 0x0000, 0x0000, 0x0000, 0x4141, 0x4141, 0x4141, 0x0000, 0x0000, 0x0000, 0x0000, 0x0000, 0x0000, 0x0000,
        0x0000, 0x0000, 0x0000, 0x0000, 0x0000, 0x0000, 0x0000, 0x0000, 0x0000, 0x0000, 0x0000, 0x0000, 0x0000, 0x0000, 0x0000, 0x0000,
    },
    {
        0x0000, 0x0000, 0x0000, 0x0000, 0x0000, 0x0000, 0x0000, 0x28E2, 0x0000, 0x0000, 0x0000, 0x0000, 0x0000, 0x0000, 0x0000, 0x0000,
        0x0000, 0x0000, 0x0000, 0x0000, 0x0000, 0x0000, 0x0000, 0x28E2, 0x0000, 0x0000, 0x0000, 0x0000, 0x0000, 0x0000, 0x0000, 0x0000,
        0x0000, 0x0000, 0x0000, 0x0000, 0x0000, 0x1881, 0x1881, 0x1881, 0x1881, 0x1881, 0x0000, 0x0000, 0x0000, 0x0000, 0x0000, 0x0000,
        0x0000, 0x0000, 0x0000, 0x0000, 0x61A1, 0x69C1, 0x69C1, 0x69C1, 0x69C1, 0x69C1, 0x61A1, 0x0000, 0x0000, 0x0000, 0x0000, 0x0000,
        0x0000, 0x0000, 0x0000, 0x61A1, 0x69C1, 0x71E2, 0x71E2, 0x7202, 0x71E2, 0x71E2, 0x69C1, 0x61A1, 0x0000, 0x0000, 0x0000, 0x0000,
        0x0000, 0x0000, 0x0000, 0x4101, 0x4121, 0x4941, 0x4941, 0x4941, 0x4941, 0x4941, 0x4121, 0x4101, 0x0000, 0x0000, 0x0000, 0x0000,
        0x0000, 0x0000, 0x0000, 0x71C2, 0x7202, 0x58E1, 0x5901, 0x5901, 0x5901, 0x50E1, 0x71E2, 0x69C1, 0x0000, 0x0000, 0x0000, 0x0000,
        0x0000, 0x0000, 0x0000, 0x71E2, 0x7A02, 0x8242, 0x8A62, 0x5901, 0x8A42, 0x8222, 0x7A02, 0x69C2, 0x0000, 0x0000, 0x0000, 0x0000,
        0x0000, 0x0000, 0x0000, 0x71E2, 0x7A22, 0x5901, 0x5901, 0x5901, 0x5901, 0x5901, 0x7A02, 0x71E2, 0x0000, 0x0000, 0x0000, 0x0000,
        0x0000, 0x0000, 0x0000, 0x4121, 0x4941, 0x5161, 0x5981, 0x5981, 0x5181, 0x5161, 0x4941, 0x4121, 0x0000, 0x0000, 0x0000, 0x0000,
        0x0000, 0x0000, 0x0000, 0x71E2, 0x7A02, 0x8222, 0x8A42, 0x8A62, 0x8242, 0x7A22, 0x7202, 0x69C1, 0x0000, 0x0000, 0x0000, 0x0000,
        0x0000, 0x0000, 0x0000, 0x0000, 0x7202, 0x7A22, 0x8222, 0x8242, 0x8222, 0x7A02, 0x71E2, 0x0000, 0x0000, 0x0000, 0x0000, 0x0000,
        0x0000, 0x0000, 0x0000, 0x0000, 0x0000, 0x1881, 0x1881, 0x1881, 0x1881, 0x1881, 0x0000, 0x0000, 0x0000, 0x0000, 0x0000, 0x0000,
        0x0000, 0x0000, 0x0000, 0x0000, 0x0000, 0x0000, 0x0000, 0x4141, 0x0000, 0x0000, 0x0000, 0x0000, 0x0000, 0x0000, 0x0000, 0x0000,
        0x0000, 0x0000, 0x0000, 0x0000, 0x0000, 0x0000, 0x4141, 0x4141, 0x4141, 0x0000, 0x0000, 0x0000, 0x0000, 0x0000, 0x0000, 0x0000,
        0x0000, 0x0000, 0x0000, 0x0000, 0x0000, 0x0000, 0x0000, 0x0000, 0x0000, 0x0000, 0x0000, 0x0000, 0x0000, 0x0000, 0x0000, 0x0000,
    },
    {
        0x0000, 0x0000, 0x0000, 0x0000, 0x0000, 0x0000, 0x0000, 0x28E2, 0x0000, 0x0000, 0x0000, 0x0000, 0x0000, 0x0000, 0x0000, 0x0000,
        0x0000, 0x0000, 0x0000, 0x0000, 0x0000, 0x0000, 0x0000, 0x28E2, 0x0000, 0x0000, 0x0000, 0x0000, 0x0000, 0x0000, 0x0000, 0x0000,
        0x0000, 0x0000, 0x0000, 0x0000, 0x0000, 0x1881, 0x1881, 0x1881, 0x1881, 0x1881, 0x0000, 0x0000, 0x0000, 0x0000, 0x0000, 0x0000,
        0x0000, 0x0000, 0x0000, 0x0000, 0x69A1, 0x69C1, 0x71E2, 0x71E2, 0x71E2, 0x69C1, 0x69A1, 0x0000, 0x0000, 0x0000, 0x0000, 0x0000,
        0x0000, 0x0000, 0x0000, 0x69A1, 0x69C1, 0x71E2, 0x7A02, 0x7A02, 0x7A02, 0x71E2, 0x69C1, 0x69A1, 0x0000, 0x0000, 0x0000, 0x0000,
        0x0000, 0x0000, 0x0000, 0x4121, 0x4921, 0x4941, 0x4941, 0x5161, 0x4941, 0x4941, 0x4921, 0x4121, 0x0000, 0x0000, 0x0000, 0x0000,
        0x0000, 0x0000, 0x0000, 0x71E2, 0x7A02, 0x5901, 0x5901, 0x5901, 0x5901, 0x5901, 0x7A02, 0x71E2, 0x0000, 0x0000, 0x0000, 0x0000,
        0x0000, 0x0000, 0x0000, 0x71E2, 0x7A22, 0x8242, 0x8A62, 0x5901, 0x8A62, 0x8242, 0x7A22, 0x71E2, 0x0000, 0x0000, 0x0000, 0x0000,
        0x0000, 0x0000, 0x0000, 0x71E2, 0x7A22, 0x5901, 0x5901, 0x5921, 0x5901, 0x5901, 0x7A22, 0x71E2, 0x0000, 0x0000, 0x0000, 0x0000,
        0x0000, 0x0000, 0x0000, 0x4921, 0x4941, 0x5161, 0x5981, 0x59A1, 0x5981, 0x5161, 0x4941, 0x4921, 0x0000, 0x0000, 0x0000, 0x0000,
        0x0000, 0x0000, 0x0000, 0x71E2, 0x7A22, 0x8242, 0x8A62, 0x8A82, 0x8A62, 0x8242, 0x7A22, 0x71E2, 0x0000, 0x0000, 0x0000, 0x0000,
        0x0000, 0x0000, 0x0000, 0x0000, 0x7A02, 0x8222, 0x8242, 0x8242, 0x8242, 0x8222, 0x7A02, 0x0000, 0x0000, 0x0000, 0x0000, 0x0000,
        0x0000, 0x0000, 0x0000, 0x0000, 0x0000, 0x1881, 0x1881, 0x1881, 0x1881, 0x1881, 0x0000, 0x0000, 0x0000, 0x0000, 0x0000, 0x0000,
        0x0000, 0x0000, 0x0000, 0x0000, 0x0000, 0x0000, 0x0020, 0x4141, 0x0020, 0x0000, 0x0000, 0x0000, 0x0000, 0x0000, 0x0000, 0x0000,
        0x0000, 0x0000, 0x0000, 0x0000, 0x0000, 0x0000, 0x4141, 0x4141, 0x4141, 0x0000, 0x0000, 0x0000, 0x0000, 0x0000, 0x0000, 0x0000,
        0x0000, 0x0000, 0x0000, 0x0000, 0x0000, 0x0000, 0x0000, 0x0000, 0x0000, 0x0000, 0x0000, 0x0000, 0x0000, 0x0000, 0x0000, 0x0000,
    },
    {
        0x0000, 0x0000, 0x0000, 0x0000, 0x0000, 0x0000, 0x0000, 0x28E2, 0x0000, 0x0000, 0x0000, 0x0000, 0x0000, 0x0000, 0x0000, 0x0000,
        0x0000, 0x0000, 0x0000, 0x0000, 0x0000, 0x0000, 0x0000, 0x28E2, 0x0000, 0x0000, 0x0000, 0x0000, 0x0000, 0x0000, 0x0000, 0x0000,
        0x0000, 0x0000, 0x0000, 0x0000, 0x0000, 0x1881, 0x1881, 0x1881, 0x1881, 0x1881, 0x0000, 0x0000, 0x0000, 0x0000, 0x0000, 0x0000,
        0x0000, 0x0000, 0x0000, 0x0000, 0x69C1, 0x71E2, 0x71E2, 0x71E2, 0x71E2, 0x71E2, 0x69C1, 0x0000, 0x0000, 0x0000, 0x0000, 0x0000,
        0x0000, 0x0000, 0x0000, 0x69C1, 0x71E2, 0x7A02, 0x7A22, 0x7A22, 0x7A22, 0x7A02, 0x71E2, 0x69C1, 0x0000, 0x0000, 0x0000, 0x0000,
        0x0000, 0x0000, 0x0000, 0x4121, 0x4941, 0x4941, 0x5161, 0x5161, 0x5161, 0x4941, 0x4941, 0x4121, 0x0000, 0x0000, 0x0000, 0x0000,
        0x0000, 0x0000, 0x0000, 0x71E2, 0x7A22, 0x5901, 0x5901, 0x5901, 0x5901, 0x5901, 0x7A22, 0x7202, 0x0000, 0x0000, 0x0000, 0x0000,
        0x0000, 0x0000, 0x0020, 0x7202, 0x8222, 0x8A62, 0x9282, 0x5901, 0x9282, 0x8A62, 0x8242, 0x7A02, 0x0020, 0x0000, 0x0000, 0x0000,
        0x0000, 0x0000, 0x0020, 0x7A02, 0x8242, 0x5901, 0x5901, 0x6121, 0x5921, 0x5901, 0x8242, 0x7A02, 0x0020, 0x0000, 0x0000, 0x0000,
        0x0000, 0x0000, 0x0000, 0x4941, 0x5161, 0x5181, 0x59A1, 0x61A1, 0x59A1, 0x5981, 0x5161, 0x4941, 0x0000, 0x0000, 0x0000, 0x0000,
        0x0000, 0x0000, 0x0000, 0x7202, 0x8222, 0x8A62, 0x9282, 0x92A2, 0x9282, 0x8A62, 0x8222, 0x7A02, 0x0000, 0x0000, 0x0000, 0x0000,
        0x0000, 0x0000, 0x0000, 0x0000, 0x7A02, 0x8242, 0x8A62, 0x8A62, 0x8A62, 0x8242, 0x7A22, 0x0000, 0x0000, 0x0000, 0x0000, 0x0000,
        0x0000, 0x0000, 0x0000, 0x0000, 0x0020, 0x1881, 0x1881, 0x1881, 0x1881, 0x1881, 0x0020, 0x0000, 0x0000, 0x0000, 0x0000, 0x0000,
        0x0000, 0x0000, 0x0000, 0x0000, 0x0000, 0x0000, 0x0020, 0x4942, 0x0020, 0x0000, 0x0000, 0x0000, 0x0000, 0x0000, 0x0000, 0x0000,
        0x0000, 0x0000, 0x0000, 0x0000, 0x0000, 0x0000, 0x4942, 0x4942, 0x4942, 0x0000, 0x0000, 0x0000, 0x0000, 0x0000, 0x0000, 0x0000,
        0x0000, 0x0000, 0x0000, 0x0000, 0x0000, 0x0000, 0x0000, 0x0000, 0x0000, 0x0000, 0x0000, 0x0000, 0x0000, 0x0000, 0x0000, 0x0000,
    },
    {
        0x0000, 0x0000, 0x0000, 0x0000, 0x0000, 0x0000, 0x0000, 0x28E2, 0x0000, 0x0000, 0x0000, 0x0000, 0x0000, 0x0000, 0x0000, 0x0000,
        0x0000, 0x0000, 0x0000, 0x0000, 0x0000, 0x0000, 0x0000, 0x28E2, 0x0000, 0x0000, 0x0000, 0x0000, 0x0000, 0x0000, 0x0000, 0x0000,
        0x0000, 0x0000, 0x0000, 0x0000, 0x0000, 0x1881, 0x1881, 0x1881, 0x1881, 0x1881, 0x0000, 0x0000, 0x0000, 0x0000, 0x0000, 0x0000,
        0x0000, 0x0000, 0x0000, 0x0000, 0x69C1, 0x71E2, 0x71E2, 0x7202, 0x71E2, 0x71E2, 0x69C1, 0x0000, 0x0000, 0x0000, 0x0000, 0x0000,
        0x0000, 0x0000, 0x0000, 0x69C1, 0x71E2, 0x7A02, 0x7A22, 0x7A22, 0x7A22, 0x7A02, 0x71E2, 0x69C1, 0x0000, 0x0000, 0x0000, 0x0000,
        0x0000, 0x0000, 0x0000, 0x4121, 0x4941, 0x4941, 0x5161, 0x5161, 0x5161, 0x5161, 0x4941, 0x4121, 0x0000, 0x0000, 0x0000, 0x0000,
        0x0000, 0x0000, 0x0000, 0x71E2, 0x7A02, 0x5901, 0x5901, 0x5901, 0x5901, 0x5901, 0x8222, 0x7202, 0x0000, 0x0000, 0x0000, 0x0000,
        0x0000, 0x0000, 0x0020, 0x71E2, 0x7A22, 0x8A62, 0x9282, 0x5901, 0x92A2, 0x8A62, 0x8242, 0x7A02, 0x0020, 0x0000, 0x0000, 0x0000,
        0x0000, 0x0000, 0x0020, 0x7202, 0x8222, 0x5901, 0x5901, 0x6121, 0x5921, 0x5901, 0x8242, 0x7A02, 0x0020, 0x0000, 0x0000, 0x0000,
        0x0000, 0x0000, 0x0000, 0x4941, 0x4941, 0x5181, 0x5981, 0x61A1, 0x59A1, 0x5981, 0x5161, 0x4941, 0x0000, 0x0000, 0x0000, 0x0000,
        0x0000, 0x0000, 0x0000, 0x71E2, 0x7A22, 0x8242, 0x8A82, 0x9282, 0x9282, 0x8A62, 0x8242, 0x7A02, 0x0000, 0x0000, 0x0000, 0x0000,
        0x0000, 0x0000, 0x0000, 0x0000, 0x7A02, 0x8222, 0x8242, 0x8A62, 0x8A62, 0x8242, 0x7A22, 0x0000, 0x0000, 0x0000, 0x0000, 0x0000,
        0x0000, 0x0000, 0x0000, 0x0000, 0x0020, 0x1881, 0x1881, 0x1881, 0x1881, 0x1881, 0x0020, 0x0000, 0x0000, 0x0000, 0x0000, 0x0000,
        0x0000, 0x0000, 0x0000, 0x0000, 0x0000, 0x0000, 0x0020, 0x4942, 0x0020, 0x0000, 0x0000, 0x0000, 0x0000, 0x0000, 0x0000, 0x0000,
        0x0000, 0x0000, 0x0000, 0x0000, 0x0000, 0x0000, 0x4942, 0x4942, 0x4942, 0x0000, 0x0000, 0x0000, 0x0000, 0x0000, 0x0000, 0x0000,
        0x0000, 0x0000, 0x0000, 0x0000, 0x0000, 0x0000, 0x0000, 0x0000, 0x0000, 0x0000, 0x0000, 0x0000, 0x0000, 0x0000, 0x0000, 0x0000,
    },
    {
        0x0000, 0x0000, 0x0000, 0x0000, 0x0000, 0x0000, 0x0000, 0x28E2, 0x0000, 0x0000, 0x0000, 0x0000, 0x0000, 0x0000, 0x0000, 0x0000,
        0x0000, 0x0000, 0x0000, 0x0000, 0x0000, 0x0000, 0x0000, 0x28E2, 0x0000, 0x0000, 0x0000, 0x0000, 0x0000, 0x0000, 0x0000, 0x0000,
        0x0000, 0x0000, 0x0000, 0x0000, 0x0000, 0x1881, 0x1881, 0x1881, 0x1881, 0x1881, 0x0000, 0x0000, 0x0000, 0x0000, 0x0000, 0x0000,
        0x0000, 0x0000, 0x0000, 0x0000, 0x69C1, 0x71E2, 0x71E2, 0x7202, 0x7202, 0x71E2, 0x71C2, 0x0000, 0x0000, 0x0000, 0x0000, 0x0000,
        0x0000, 0x0000, 0x0000, 0x69C1, 0x71E2, 0x7A02, 0x7A22, 0x7A22, 0x7A22, 0x7A02, 0x7202, 0x69C2, 0x0000, 0x0000, 0x0000, 0x0000,
        0x0000, 0x0000, 0x0000, 0x4121, 0x4941, 0x4941, 0x5161, 0x5161, 0x5161, 0x5161, 0x4941, 0x4921, 0x0000, 0x0000, 0x0000, 0x0000,
        0x0000, 0x0000, 0x0000, 0x71E2, 0x7A02, 0x5901, 0x5901, 0x5901, 0x5901, 0x5901, 0x8222, 0x7A02, 0x0000, 0x0000, 0x0000, 0x0000,
        0x0000, 0x0000, 0x0020, 0x71E2, 0x7A22, 0x8A62, 0x9282, 0x5921, 0x92A2, 0x8A82, 0x8242, 0x7A02, 0x0020, 0x0000, 0x0000, 0x0000,
        0x0000, 0x0000, 0x0020, 0x71E2, 0x8222, 0x5901, 0x5901, 0x6121, 0x5921, 0x5901, 0x8242, 0x7A22, 0x0020, 0x0000, 0x0000, 0x0000,
        0x0000, 0x0000, 0x0000, 0x4921, 0x4941, 0x5161, 0x5981, 0x59A1, 0x59A1, 0x5981, 0x5161, 0x4941, 0x0000, 0x0000, 0x0000, 0x0000,
        0x0000, 0x0000, 0x0000, 0x71E2, 0x7A22, 0x8242, 0x8A62, 0x9282, 0x9282, 0x8A62, 0x8242, 0x7A02, 0x0000, 0x0000, 0x0000, 0x0000,
        0x0000, 0x0000, 0x0000, 0x0000, 0x7A02, 0x8222, 0x8242, 0x8A62, 0x8A62, 0x8242, 0x7A22, 0x0000, 0x0000, 0x0000, 0x0000, 0x0000,
        0x0000, 0x0000, 0x0000, 0x0000, 0x0020, 0x1881, 0x1881, 0x1881, 0x1881, 0x1881, 0x0020, 0x0000, 0x0000, 0x0000, 0x0000, 0x0000,
        0x0000, 0x0000, 0x0000, 0x0000, 0x0000, 0x0000, 0x0020, 0x4942, 0x0020, 0x0000, 0x0000, 0x0000, 0x0000, 0x0000, 0x0000, 0x0000,
        0x0000, 0x0000, 0x0000, 0x0000, 0x0000, 0x0000, 0x4942, 0x4942, 0x4942, 0x0000, 0x0000, 0x0000, 0x0000, 0x0000, 0x0000, 0x0000,
        0x0000, 0x0000, 0x0000, 0x0000, 0x0000, 0x0000, 0x0000, 0x0000, 0x0000, 0x0000, 0x0000, 0x0000, 0x0000, 0x0000, 0x0000, 0x0000,
    },
    {
        0x0000, 0x0000, 0x0000, 0x0000, 0x0000, 0x0000, 0x0000, 0x28E2, 0x0000, 0x0000, 0x0000, 0x0000, 0x0000, 0x0000, 0x0000, 0x0000,
        0x0000, 0x0000, 0x0000, 0x0000, 0x0000, 0x0000, 0x0000, 0x28E2, 0x0000, 0x0000, 0x0000, 0x0000, 0x0000, 0x0000, 0x0000, 0x0000,
        0x0000, 0x0000, 0x0000, 0x0000, 0x0000, 0x1881, 0x1881, 0x1881, 0x1881, 0x1881, 0x0000, 0x0000, 0x0000, 0x0000, 0x0000, 0x0000,
        0x0000, 0x0000, 0x0000, 0x0000, 0x71E2, 0x7A02, 0x7A22, 0x7A22, 0x7A22, 0x7A22, 0x7202, 0x0000, 0x0000, 0x0000, 0x0000, 0x0000,
        0x0000, 0x0000, 0x0000, 0x71C2, 0x7A02, 0x8222, 0x8242, 0x8A62, 0x8A62, 0x8242, 0x7A22, 0x7202, 0x0000, 0x0000, 0x0000, 0x0000,
        0x0000, 0x0000, 0x0000, 0x4921, 0x4941, 0x5161, 0x5981, 0x5981, 0x5981, 0x5181, 0x5161, 0x4941, 0x0000, 0x0000, 0x0000, 0x0000,
        0x0000, 0x0000, 0x0020, 0x7A02, 0x8242, 0x5901, 0x5901, 0x5921, 0x5921, 0x5901, 0x8A62, 0x8222, 0x0020, 0x0000, 0x0000, 0x0000,
        0x0000, 0x0000, 0x0820, 0x7A02, 0x8242, 0x9282, 0x9AC3, 0x6121, 0xA2E3, 0x9AA3, 0x9282, 0x8242, 0x0820, 0x0000, 0x0000, 0x0000,
        0x0000, 0x0000, 0x0020, 0x7A22, 0x8242, 0x5901, 0x6121, 0x6121, 0x6121, 0x6121, 0x9282, 0x8242, 0x0020, 0x0000, 0x0000, 0x0000,
        0x0000, 0x0000, 0x0020, 0x4941, 0x5161, 0x5981, 0x61A1, 0x61C2, 0x61C2, 0x59A1, 0x5981, 0x5161, 0x0020, 0x0000, 0x0000, 0x0000,
        0x0000, 0x0000, 0x0000, 0x7A02, 0x8242, 0x8A62, 0x92A2, 0x9AC3, 0x9AC3, 0x92A2, 0x8A62, 0x8222, 0x0000, 0x0000, 0x0000, 0x0000,
        0x0000, 0x0000, 0x0000, 0x0020, 0x7A22, 0x8242, 0x8A62, 0x9282, 0x9282, 0x8A62, 0x8242, 0x0020, 0x0000, 0x0000, 0x0000, 0x0000,
        0x0000, 0x0000, 0x0000, 0x0000, 0x0020, 0x1881, 0x1881, 0x1881, 0x1881, 0x1881, 0x0020, 0x0000, 0x0000, 0x0000, 0x0000, 0x0000,
        0x0000, 0x0000, 0x0000, 0x0000, 0x0000, 0x0000, 0x0820, 0x4962, 0x0820, 0x0000, 0x0000, 0x0000, 0x0000, 0x0000, 0x0000, 0x0000,
        0x0000, 0x0000, 0x0000, 0x0000, 0x0000, 0x0000, 0x4962, 0x4962, 0x4962, 0x0000, 0x0000, 0x0000, 0x0000, 0x0000, 0x0000, 0x0000,
        0x0000, 0x0000, 0x0000, 0x0000, 0x0000, 0x0000, 0x0000, 0x0000, 0x0000, 0x0000, 0x0000, 0x0000, 0x0000, 0x0000, 0x0000, 0x0000,
    },
    {
        0x0000, 0x0000, 0x0000, 0x0000, 0x0000, 0x0000, 0x0000, 0x28E2, 0x0000, 0x0000, 0x0000, 0x0000, 0x0000, 0x0000, 0x0000, 0x0000,
        0x0000, 0x0000, 0x0000, 0x0000, 0x0000, 0x0000, 0x0020, 0x28E2, 0x0020, 0x0000, 0x0000, 0x0000, 0x0000, 0x0000, 0x0000, 0x0000,
        0x0000, 0x0000, 0x0000, 0x0000, 0x0020, 0x1881, 0x1881, 0x1881, 0x1881, 0x1881, 0x0020, 0x0000, 0x0000, 0x0000, 0x0000, 0x0000,
        0x0000, 0x0000, 0x0000, 0x0020, 0x7A02, 0x8222, 0x8242, 0x8A42, 0x8A42, 0x8242, 0x7A22, 0x0020, 0x0000, 0x0000, 0x0000, 0x0000,
        0x0000, 0x0000, 0x0000, 0x7202, 0x8222, 0x8A62, 0x8A82, 0x9282, 0x9282, 0x8A82, 0x8A42, 0x7A22, 0x0000, 0x0000, 0x0000, 0x0000,
        0x0000, 0x0000, 0x0020, 0x4941, 0x5161, 0x5981, 0x59A1, 0x61A1, 0x61A1, 0x59A1, 0x5981, 0x5161, 0x0020, 0x0000, 0x0000, 0x0000,
        0x0000, 0x0000, 0x0820, 0x8222, 0x8A62, 0x5901, 0x6121, 0x6121, 0x6121, 0x6121, 0x92A2, 0x8A62, 0x0820, 0x0000, 0x0000, 0x0000,
        0x0000, 0x0000, 0x0820, 0x8242, 0x9282, 0x9AC3, 0xAB03, 0x6141, 0xB323, 0xA303, 0x9AC3, 0x8A82, 0x0820, 0x0000, 0x0000, 0x0000,
        0x0000, 0x0000, 0x0820, 0x8242, 0x9282, 0x6121, 0x6121, 0x6141, 0x6141, 0x6121, 0x9AC3, 0x9282, 0x0820, 0x0000, 0x0000, 0x0000,
        0x0000, 0x0000, 0x0020, 0x5161, 0x5981, 0x61A1, 0x69E2, 0x69E2, 0x69E2, 0x69E2, 0x61A1, 0x5981, 0x0020, 0x0000, 0x0000, 0x0000,
        0x0000, 0x0000, 0x0000, 0x8222, 0x8A62, 0x9AA2, 0xA2E3, 0xAB03, 0xA303, 0xA2C3, 0x92A2, 0x8A62, 0x0000, 0x0000, 0x0000, 0x0000,
        0x0000, 0x0000, 0x0000, 0x0820, 0x8242, 0x9282, 0x9AA2, 0x9AC3, 0x9AC3, 0x9AA2, 0x9282, 0x0820, 0x0000, 0x0000, 0x0000, 0x0000,
        0x0000, 0x0000, 0x0000, 0x0000, 0x0820, 0x1881, 0x1881, 0x1881, 0x1881, 0x1881, 0x0820, 0x0000, 0x0000, 0x0000, 0x0000, 0x0000,
        0x0000, 0x0000, 0x0000, 0x0000, 0x0000, 0x0020, 0x0820, 0x5182, 0x0820, 0x0020, 0x0000, 0x0000, 0x0000, 0x0000, 0x0000, 0x0000,
        0x0000, 0x0000, 0x0000, 0x0000, 0x0000, 0x0000, 0x5182, 0x5182, 0x5182, 0x0000, 0x0000, 0x0000, 0x0000, 0x0000, 0x0000, 0x0000,
        0x0000, 0x0000, 0x0000, 0x0000, 0x0000, 0x0000, 0x0000, 0x0000, 0x0000, 0x0000, 0x0000, 0x0000, 0x0000, 0x0000, 0x0000, 0x0000,
    },
    {
        0x0000, 0x0000, 0x0000, 0x0000, 0x0000, 0x0000, 0x0000, 0x28E2, 0x0000, 0x0000, 0x0000, 0x0000, 0x0000, 0x0000, 0x0000, 0x0000,
        0x0000, 0x0000, 0x0000, 0x0000, 0x0000, 0x0000, 0x0020, 0x28E2, 0x0020, 0x0000, 0x0000, 0x0000, 0x0000, 0x0000, 0x0000, 0x0000,
        0x0000, 0x0000, 0x0000, 0x0000, 0x0020, 0x1881, 0x1881, 0x1881, 0x1881, 0x1881, 0x0020, 0x0000, 0x0000, 0x0000, 0x0000, 0x0000,
        0x0000, 0x0000, 0x0000, 0x0020, 0x7202, 0x7A22, 0x8242, 0x8242, 0x8242, 0x8242, 0x7A22, 0x0020, 0x0000, 0x0000, 0x0000, 0x0000,
        0x0000, 0x0000, 0x0000, 0x71E2, 0x7A22, 0x8242, 0x8A62, 0x9282, 0x9282, 0x8A62, 0x8242, 0x7A22, 0x0000, 0x0000, 0x0000, 0x0000,
        0x0000, 0x0000, 0x0020, 0x4941, 0x5161, 0x5981, 0x59A1, 0x59A1, 0x59A1, 0x59A1, 0x5181, 0x5161, 0x0020, 0x0000, 0x0000, 0x0000,
        0x0000, 0x0000, 0x0820, 0x7A22, 0x8A62, 0x5901, 0x6121, 0x6121, 0x6121, 0x6121, 0x9282, 0x8A62, 0x0820, 0x0000, 0x0000, 0x0000,
        0x0000, 0x0000, 0x0820, 0x8242, 0x8A82, 0x9AA3, 0xA2E3, 0x6121, 0xAB23, 0xA2E3, 0x9AA2, 0x8A62, 0x0820, 0x0000, 0x0000, 0x0000,
        0x0000, 0x0000, 0x0820, 0x8242, 0x9282, 0x5921, 0x6121, 0x6141, 0x6141, 0x6121, 0x9AC3, 0x8A62, 0x0820, 0x0000, 0x0000, 0x0000,
        0x0000, 0x0000, 0x0020, 0x5161, 0x5981, 0x61A1, 0x69E2, 0x69E2, 0x69E2, 0x61C2, 0x59A1, 0x5181, 0x0020, 0x0000, 0x0000, 0x0000,
        0x0000, 0x0000, 0x0000, 0x8222, 0x8A62, 0x92A2, 0xA2C3, 0xA303, 0xA2E3, 0x9AC3, 0x92A2, 0x8A62, 0x0000, 0x0000, 0x0000, 0x0000,
        0x0000, 0x0000, 0x0000, 0x0820, 0x8242, 0x9282, 0x9AA2, 0x9AC3, 0x9AC3, 0x92A2, 0x8A82, 0x0820, 0x0000, 0x0000, 0x0000, 0x0000,
        0x0000, 0x0000, 0x0000, 0x0000, 0x0820, 0x1881, 0x1881, 0x1881, 0x1881, 0x1881, 0x0820, 0x0000, 0x0000, 0x0000, 0x0000, 0x0000,
        0x0000, 0x0000, 0x0000, 0x0000, 0x0000, 0x0020, 0x0820, 0x5182, 0x0820, 0x0020, 0x0000, 0x0000, 0x0000, 0x0000, 0x0000, 0x0000,
        0x0000, 0x0000, 0x0000, 0x0000, 0x0000, 0x0000, 0x5182, 0x5182, 0x5182, 0x0000, 0x0000, 0x0000, 0x0000, 0x0000, 0x0000, 0x0000,
        0x0000, 0x0000, 0x0000, 0x0000, 0x0000, 0x0000, 0x0000, 0x0000, 0x0000, 0x0000, 0x0000, 0x0000, 0x0000, 0x0000, 0x0000, 0x0000,
    },
    {
        0x0000, 0x0000, 0x0000, 0x0000, 0x0000, 0x0000, 0x0000, 0x28E2, 0x0000, 0x0000, 0x0000, 0x0000, 0x0000, 0x0000, 0x0000, 0x0000,
        0x0000, 0x0000, 0x0000, 0x0000, 0x0000, 0x0000, 0x0000, 0x28E2, 0x0000, 0x0000, 0x0000, 0x0000, 0x0000, 0x0000, 0x0000, 0x0000,
        0x0000, 0x0000, 0x0000, 0x0000, 0x0000, 0x1881, 0x1881, 0x1881, 0x1881, 0x1881, 0x0000, 0x0000, 0x0000, 0x0000, 0x0000, 0x0000,
        0x0000, 0x0000, 0x0000, 0x0000, 0x69C1, 0x71E2, 0x7A02, 0x7A02, 0x7A02, 0x7202, 0x71E2, 0x0000, 0x0000, 0x0000, 0x0000, 0x0000,
        0x0000, 0x0000, 0x0000, 0x69C1, 0x71E2, 0x7A02, 0x8222, 0x8242, 0x8222, 0x7A22, 0x7A02, 0x71E2, 0x0000, 0x0000, 0x0000, 0x0000,
        0x0000, 0x0000, 0x0000, 0x4121, 0x4941, 0x5161, 0x5161, 0x5181, 0x5181, 0x5161, 0x4941, 0x4941, 0x0000, 0x0000, 0x0000, 0x0000,
        0x0000, 0x0000, 0x0020, 0x71E2, 0x7A22, 0x5901, 0x5901, 0x5901, 0x5901, 0x5901, 0x8242, 0x7A22, 0x0020, 0x0000, 0x0000, 0x0000,
        0x0000, 0x0000, 0x0020, 0x7A02, 0x8242, 0x8A62, 0x92A2, 0x6121, 0x9AC3, 0x9282, 0x8A62, 0x8222, 0x0020, 0x0000, 0x0000, 0x0000,
        0x0000, 0x0000, 0x0020, 0x7A02, 0x8242, 0x5901, 0x5921, 0x6121, 0x6121, 0x5901, 0x8A62, 0x8222, 0x0020, 0x0000, 0x0000, 0x0000,
        0x0000, 0x0000, 0x0000, 0x4941, 0x5161, 0x5981, 0x59A1, 0x61C2, 0x61C2, 0x59A1, 0x5181, 0x5161, 0x0000, 0x0000, 0x0000, 0x0000,
        0x0000, 0x0000, 0x0000, 0x7202, 0x8222, 0x8A62, 0x9282, 0x9AA2, 0x92A2, 0x9282, 0x8A42, 0x7A22, 0x0000, 0x0000, 0x0000, 0x0000,
        0x0000, 0x0000, 0x0000, 0x0020, 0x7A22, 0x8242, 0x8A62, 0x9282, 0x8A82, 0x8A62, 0x8242, 0x0020, 0x0000, 0x0000, 0x0000, 0x0000,
        0x0000, 0x0000, 0x0000, 0x0000, 0x0020, 0x1881, 0x1881, 0x1881, 0x1881, 0x1881, 0x0020, 0x0000, 0x0000, 0x0000, 0x0000, 0x0000,
        0x0000, 0x0000, 0x0000, 0x0000, 0x0000, 0x0000, 0x0020, 0x4962, 0x0020, 0x0000, 0x0000, 0x0000, 0x0000, 0x0000, 0x0000, 0x0000,
        0x0000, 0x0000, 0x0000, 0x0000, 0x0000, 0x0000, 0x4962, 0x4962, 0x4962, 0x0000, 0x0000, 0x0000, 0x0000, 0x0000, 0x0000, 0x0000,
        0x0000, 0x0000, 0x0000, 0x0000, 0x0000, 0x0000, 0x0000, 0x0000, 0x0000, 0x0000, 0x0000, 0x0000, 0x0000, 0x0000, 0x0000, 0x0000,
    },
    {
        0x0000, 0x0000, 0x0000, 0x0000, 0x0000, 0x0000, 0x0000, 0x28E2, 0x0000, 0x0000, 0x0000, 0x0000, 0x0000, 0x0000, 0x0000, 0x0000,
        0x0000, 0x0000, 0x0000, 0x0000, 0x0000, 0x0000, 0x0000, 0x28E2, 0x0000, 0x0000, 0x0000, 0x0000, 0x0000, 0x0000, 0x0000, 0x0000,
        0x0000, 0x0000, 0x0000, 0x0000, 0x0000, 0x1881, 0x1881, 0x1881, 0x1881, 0x1881, 0x0000, 0x0000, 0x0000, 0x0000, 0x0000, 0x0000,
        0x0000, 0x0000, 0x0000, 0x0000, 0x61A1, 0x69C1, 0x69C1, 0x69C1, 0x69C1, 0x69C1, 0x69A1, 0x0000, 0x0000, 0x0000, 0x0000, 0x0000,
        0x0000, 0x0000, 0x0000, 0x61A1, 0x69C1, 0x71E2, 0x71E2, 0x7202, 0x71E2, 0x71E2, 0x69C1, 0x69A1, 0x0000, 0x0000, 0x0000, 0x0000,
        0x0000, 0x0000, 0x0000, 0x4101, 0x4121, 0x4941, 0x4941, 0x4941, 0x4941, 0x4941, 0x4921, 0x4121, 0x0000, 0x0000, 0x0000, 0x0000,
        0x0000, 0x0000, 0x0000, 0x69C1, 0x71E2, 0x50E1, 0x5901, 0x5901, 0x5901, 0x5901, 0x7A02, 0x71E2, 0x0000, 0x0000, 0x0000, 0x0000,
        0x0000, 0x0000, 0x0000, 0x69C2, 0x7A02, 0x8222, 0x8A42, 0x5901, 0x8A62, 0x8242, 0x7A22, 0x71E2, 0x0000, 0x0000, 0x0000, 0x0000,
        0x0000, 0x0000, 0x0000, 0x71E2, 0x7A02, 0x5901, 0x5901, 0x5901, 0x5901, 0x5901, 0x7A22, 0x71E2, 0x0000, 0x0000, 0x0000, 0x0000,
        0x0000, 0x0000, 0x0000, 0x4121, 0x4941, 0x5161, 0x5181, 0x5981, 0x5981, 0x5161, 0x4941, 0x4921, 0x0000, 0x0000, 0x0000, 0x0000,
        0x0000, 0x0000, 0x0000, 0x69C1, 0x7202, 0x7A22, 0x8242, 0x8A62, 0x8A62, 0x8242, 0x7A02, 0x71E2, 0x0000, 0x0000, 0x0000, 0x0000,
        0x0000, 0x0000, 0x0000, 0x0000, 0x71E2, 0x7A02, 0x8222, 0x8242, 0x8242, 0x7A22, 0x7202, 0x0000, 0x0000, 0x0000, 0x0000, 0x0000,
        0x0000, 0x0000, 0x0000, 0x0000, 0x0000, 0x1881, 0x1881, 0x1881, 0x1881, 0x1881, 0x0000, 0x0000, 0x0000, 0x0000, 0x0000, 0x0000,
        0x0000, 0x0000, 0x0000, 0x0000, 0x0000, 0x0000, 0x0000, 0x4141, 0x0000, 0x0000, 0x0000, 0x0000, 0x0000, 0x0000, 0x0000, 0x0000,
        0x0000, 0x0000, 0x0000, 0x0000, 0x0000, 0x0000, 0x4141, 0x4141, 0x4141, 0x0000, 0x0000, 0x0000, 0x0000, 0x0000, 0x0000, 0x0000,
        0x0000, 0x0000, 0x0000, 0x0000, 0x0000, 0x0000, 0x0000, 0x0000, 0x0000, 0x0000, 0x0000, 0x0000, 0x0000, 0x0000, 0x0000, 0x0000,
    },
    {
        0x0000, 0x0000, 0x0000, 0x0000, 0x0000, 0x0000, 0x0000, 0x28E2, 0x0000, 0x0000, 0x0000, 0x0000, 0x0000, 0x0000, 0x0000, 0x0000,
        0x0000, 0x0000, 0x0000, 0x0000, 0x0000, 0x0000, 0x0000, 0x28E2, 0x0000, 0x0000, 0x0000, 0x0000, 0x0000, 0x0000, 0x0000, 0x0000,
        0x0000, 0x0000, 0x0000, 0x0000, 0x0000, 0x1881, 0x1881, 0x1881, 0x1881, 0x1881, 0x0000, 0x0000, 0x0000, 0x0000, 0x0000, 0x0000,
        0x0000, 0x0000, 0x0000, 0x0000, 0x6181, 0x61A1, 0x69A1, 0x69A1, 0x69A1, 0x61A1, 0x6181, 0x0000, 0x0000, 0x0000, 0x0000, 0x0000,
        0x0000, 0x0000, 0x0000, 0x6181, 0x61A1, 0x69C1, 0x69C1, 0x71E2, 0x69C2, 0x69C1, 0x69A1, 0x6181, 0x0000, 0x0000, 0x0000, 0x0000,
        0x0000, 0x0000, 0x0000, 0x3901, 0x4101, 0x4121, 0x4921, 0x4941, 0x4941, 0x4121, 0x4121, 0x4101, 0x0000, 0x0000, 0x0000, 0x0000,
        0x0000, 0x0000, 0x0000, 0x69A1, 0x71E2, 0x50E1, 0x50E1, 0x58E1, 0x50E1, 0x50E1, 0x71E2, 0x69C1, 0x0000, 0x0000, 0x0000, 0x0000,
        0x0000, 0x0000, 0x0000, 0x69C1, 0x71E2, 0x7A02, 0x8222, 0x5901, 0x8242, 0x7A22, 0x71E2, 0x69C1, 0x0000, 0x0000, 0x0000, 0x0000,
        0x0000, 0x0000, 0x0000, 0x69C1, 0x71E2, 0x50E1, 0x5901, 0x5901, 0x5901, 0x58E1, 0x7202, 0x69C1, 0x0000, 0x0000, 0x0000, 0x0000,
        0x0000, 0x0000, 0x0000, 0x4101, 0x4921, 0x4941, 0x5161, 0x5181, 0x5161, 0x4941, 0x4941, 0x4121, 0x0000, 0x0000, 0x0000, 0x0000,
        0x0000, 0x0000, 0x0000, 0x69C1, 0x71E2, 0x7A02, 0x8222, 0x8242, 0x8222, 0x7A02, 0x71E2, 0x69C1, 0x0000, 0x0000, 0x0000, 0x0000,
        0x0000, 0x0000, 0x0000, 0x0000, 0x69C1, 0x71E2, 0x7A02, 0x7A22, 0x7A02, 0x7202, 0x71E2, 0x0000, 0x0000, 0x0000, 0x0000, 0x0000,
        0x0000, 0x0000, 0x0000, 0x0000, 0x0000, 0x1881, 0x1881, 0x1881, 0x1881, 0x1881, 0x0000, 0x0000, 0x0000, 0x0000, 0x0000, 0x0000,
        0x0000, 0x0000, 0x0000, 0x0000, 0x0000, 0x0000, 0x0000, 0x4121, 0x0000, 0x0000, 0x0000, 0x0000, 0x0000, 0x0000, 0x0000, 0x0000,
        0x0000, 0x0000, 0x0000, 0x0000, 0x0000, 0x0000, 0x4121, 0x4121, 0x4121, 0x0000, 0x0000, 0x0000, 0x0000, 0x0000, 0x0000, 0x0000,
        0x0000, 0x0000, 0x0000, 0x0000, 0x0000, 0x0000, 0x0000, 0x0000, 0x0000, 0x0000, 0x0000, 0x0000, 0x0000, 0x0000, 0x0000, 0x0000,
    },
    {
        0x0000, 0x0000, 0x0000, 0x0000, 0x0000, 0x0000, 0x0000, 0x28E2, 0x0000, 0x0000, 0x0000, 0x0000, 0x0000, 0x0000, 0x0000, 0x0000,
        0x0000, 0x0000, 0x0000, 0x0000, 0x0000, 0x0000, 0x0000, 0x28E2, 0x0000, 0x0000, 0x0000, 0x0000, 0x0000, 0x0000, 0x0000, 0x0000,
        0x0000, 0x0000, 0x0000, 0x0000, 0x0000, 0x1881, 0x1881, 0x1881, 0x1881, 0x1881, 0x0000, 0x0000, 0x0000, 0x0000, 0x0000, 0x0000,
        0x0000, 0x0000, 0x0000, 0x0000, 0x5981, 0x6181, 0x6181, 0x61A1, 0x6181, 0x6181, 0x5961, 0x0000, 0x0000, 0x0000, 0x0000, 0x0000,
        0x0000, 0x0000, 0x0000, 0x5961, 0x6181, 0x61A1, 0x69A1, 0x69C1, 0x69A1, 0x61A1, 0x6181, 0x5961, 0x0000, 0x0000, 0x0000, 0x0000,
        0x0000, 0x0000, 0x0000, 0x38E1, 0x4101, 0x4101, 0x4121, 0x4121, 0x4121, 0x4101, 0x3901, 0x38E1, 0x0000, 0x0000, 0x0000, 0x0000,
        0x0000, 0x0000, 0x0000, 0x61A1, 0x69C1, 0x50E1, 0x50E1, 0x50E1, 0x50E1, 0x50E1, 0x69C1, 0x61A1, 0x0000, 0x0000, 0x0000, 0x0000,
        0x0000, 0x0000, 0x0000, 0x61A1, 0x69C1, 0x71E2, 0x7A02, 0x50E1, 0x7A02, 0x71E2, 0x69C1, 0x61A1, 0x0000, 0x0000, 0x0000, 0x0000,
        0x0000, 0x0000, 0x0000, 0x61A1, 0x69C1, 0x50E1, 0x50E1, 0x5901, 0x50E1, 0x50E1, 0x69C1, 0x61A1, 0x0000, 0x0000, 0x0000, 0x0000,
        0x0000, 0x0000, 0x0000, 0x4101, 0x4121, 0x4921, 0x4941, 0x4941, 0x4941, 0x4921, 0x4121, 0x4101, 0x0000, 0x0000, 0x0000, 0x0000,
        0x0000, 0x0000, 0x0000, 0x61A1, 0x69C1, 0x71E2, 0x7A02, 0x7A02, 0x7A02, 0x71E2, 0x69C1, 0x61A1, 0x0000, 0x0000, 0x0000, 0x0000,
        0x0000, 0x0000, 0x0000, 0x0000, 0x69A1, 0x69C1, 0x71E2, 0x71E2, 0x71E2, 0x69C1, 0x69A1, 0x0000, 0x0000, 0x0000, 0x0000, 0x0000,
        0x0000, 0x0000, 0x0000, 0x0000, 0x0000, 0x1881, 0x1881, 0x1881, 0x1881, 0x1881, 0x0000, 0x0000, 0x0000, 0x0000, 0x0000, 0x0000,
        0x0000, 0x0000, 0x0000, 0x0000, 0x0000, 0x0000, 0x0000, 0x3921, 0x0000, 0x0000, 0x0000, 0x0000, 0x0000, 0x0000, 0x0000, 0x0000,
        0x0000, 0x0000, 0x0000, 0x0000, 0x0000, 0x0000, 0x3921, 0x3921, 0x3921, 0x0000, 0x0000, 0x0000, 0x0000, 0x0000, 0x0000, 0x0000,
        0x0000, 0x0000, 0x0000, 0x0000, 0x0000, 0x0000, 0x0000, 0x0000, 0x0000, 0x0000, 0x0000, 0x0000, 0x0000, 0x0000, 0x0000, 0x0000,
    },
    {
        0x0000, 0x0000, 0x0000, 0x0000, 0x0000, 0x0000, 0x0000, 0x28E2, 0x0000, 0x0000, 0x0000, 0x0000, 0x0000, 0x0000, 0x0000, 0x0000,
        0x0000, 0x0000, 0x0000, 0x0000, 0x0000, 0x0000, 0x0000, 0x28E2, 0x0000, 0x0000, 0x0000, 0x0000, 0x0000, 0x0000, 0x0000, 0x0000,
        0x0000, 0x0000, 0x0000, 0x0000, 0x0000, 0x1881, 0x1881, 0x1881, 0x1881, 0x1881, 0x0000, 0x0000, 0x0000, 0x0000, 0x0000, 0x0000,
        0x0000, 0x0000, 0x0000, 0x0000, 0x5961, 0x5961, 0x5981, 0x5981, 0x5981, 0x5961, 0x5961, 0x0000, 0x0000, 0x0000, 0x0000, 0x0000,
        0x0000, 0x0000, 0x0000, 0x5961, 0x5981, 0x6181, 0x61A1, 0x61A1, 0x6181, 0x6181, 0x5961, 0x5961, 0x0000, 0x0000, 0x0000, 0x0000,
        0x0000, 0x0000, 0x0000, 0x38E0, 0x3901, 0x3901, 0x4101, 0x4101, 0x4101, 0x3901, 0x38E1, 0x38E0, 0x0000, 0x0000, 0x0000, 0x0000,
        0x0000, 0x0000, 0x0000, 0x6181, 0x61A1, 0x50E1, 0x50E1, 0x50E1, 0x50E1, 0x50E1, 0x6181, 0x5981, 0x0000, 0x0000, 0x0000, 0x0000,
        0x0000, 0x0000, 0x0000, 0x6181, 0x69A1, 0x69C1, 0x71E2, 0x50E1, 0x71E2, 0x69C1, 0x61A1, 0x5981, 0x0000, 0x0000, 0x0000, 0x0000,
        0x0000, 0x0000, 0x0000, 0x6181, 0x69A1, 0x50E1, 0x50E1, 0x50E1, 0x50E1, 0x50E1, 0x61A1, 0x6181, 0x0000, 0x0000, 0x0000, 0x0000,
        0x0000, 0x0000, 0x0000, 0x38E1, 0x4101, 0x4121, 0x4921, 0x4941, 0x4121, 0x4101, 0x3901, 0x38E1, 0x0000, 0x0000, 0x0000, 0x0000,
        0x0000, 0x0000, 0x0000, 0x6181, 0x61A1, 0x69C1, 0x71E2, 0x71E2, 0x69C1, 0x69C1, 0x61A1, 0x5981, 0x0000, 0x0000, 0x0000, 0x0000,
        0x0000, 0x0000, 0x0000, 0x0000, 0x6181, 0x69A1, 0x69C1, 0x69C1, 0x69C1, 0x61A1, 0x6181, 0x0000, 0x0000, 0x0000, 0x0000, 0x0000,
        0x0000, 0x0000, 0x0000, 0x0000, 0x0000, 0x1881, 0x1881, 0x1881, 0x1881, 0x1881, 0x0000, 0x0000, 0x0000, 0x0000, 0x0000, 0x0000,
        0x0000, 0x0000, 0x0000, 0x0000, 0x0000, 0x0000, 0x0000, 0x3901, 0x0000, 0x0000, 0x0000, 0x0000, 0x0000, 0x0000, 0x0000, 0x0000,
        0x0000, 0x0000, 0x0000, 0x0000, 0x0000, 0x0000, 0x3901, 0x3901, 0x3901, 0x0000, 0x0000, 0x0000, 0x0000, 0x0000, 0x0000, 0x0000,
        0x0000, 0x0000, 0x0000, 0x0000, 0x0000, 0x0000, 0x0000, 0x0000, 0x0000, 0x0000, 0x0000, 0x0000, 0x0000, 0x0000, 0x0000, 0x0000,
    },
    {
        0x0000, 0x0000, 0x0000, 0x0000, 0x0000, 0x0000, 0x0000, 0x28E2, 0x0000, 0x0000, 0x0000, 0x0000, 0x0000, 0x0000, 0x0000, 0x0000,
        0x0000, 0x0000, 0x0000, 0x0000, 0x0000, 0x0000, 0x0000, 0x28E2, 0x0000, 0x0000, 0x0000, 0x0000, 0x0000, 0x0000, 0x0000, 0x0000,
        0x0000, 0x0000, 0x0000, 0x0000, 0x0000, 0x1881, 0x1881, 0x1881, 0x1881, 0x1881, 0x0000, 0x0000, 0x0000, 0x0000, 0x0000, 0x0000,
        0x0000, 0x0000, 0x0000, 0x0000, 0x5961, 0x5981, 0x6181, 0x6181, 0x6181, 0x5981, 0x5961, 0x0000, 0x0000, 0x0000, 0x0000, 0x0000,
        0x0000, 0x0000, 0x0000, 0x5961, 0x6181, 0x61A1, 0x61A1, 0x61A1, 0x61A1, 0x6181, 0x5981, 0x5961, 0x0000, 0x0000, 0x0000, 0x0000,
        0x0000, 0x0000, 0x0000, 0x38E0, 0x3901, 0x4101, 0x4101, 0x4101, 0x4101, 0x3901, 0x38E1, 0x38E0, 0x0000, 0x0000, 0x0000, 0x0000,
        0x0000, 0x0000, 0x0000, 0x6181, 0x69A1, 0x50E1, 0x50E1, 0x50E1, 0x50E1, 0x50E1, 0x61A1, 0x5981, 0x0000, 0x0000, 0x0000, 0x0000,
        0x0000, 0x0000, 0x0000, 0x61A1, 0x69C1, 0x71E2, 0x71E2, 0x50E1, 0x71E2, 0x69C1, 0x61A1, 0x6181, 0x0000, 0x0000, 0x0000, 0x0000,
        0x0000, 0x0000, 0x0000, 0x61A1, 0x69C1, 0x50E1, 0x50E1, 0x50E1, 0x50E1, 0x50E1, 0x61A1, 0x6181, 0x0000, 0x0000, 0x0000, 0x0000,
        0x0000, 0x0000, 0x0000, 0x3901, 0x4101, 0x4121, 0x4941, 0x4941, 0x4121, 0x4121, 0x4101, 0x38E1, 0x0000, 0x0000, 0x0000, 0x0000,
        0x0000, 0x0000, 0x0000, 0x6181, 0x69A1, 0x69C1, 0x71E2, 0x71E2, 0x69C2, 0x69C1, 0x61A1, 0x5981, 0x0000, 0x0000, 0x0000, 0x0000,
        0x0000, 0x0000, 0x0000, 0x0000, 0x61A1, 0x69A1, 0x69C1, 0x69C1, 0x69C1, 0x61A1, 0x6181, 0x0000, 0x0000, 0x0000, 0x0000, 0x0000,
        0x0000, 0x0000, 0x0000, 0x0000, 0x0000, 0x1881, 0x1881, 0x1881, 0x1881, 0x1881, 0x0000, 0x0000, 0x0000, 0x0000, 0x0000, 0x0000,
        0x0000, 0x0000, 0x0000, 0x0000, 0x0000, 0x0000, 0x0000, 0x3901, 0x0000, 0x0000, 0x0000, 0x0000, 0x0000, 0x0000, 0x0000, 0x0000,
        0x0000, 0x0000, 0x0000, 0x0000, 0x0000, 0x0000, 0x3901, 0x3901, 0x3901, 0x0000, 0x0000, 0x0000, 0x0000, 0x0000, 0x0000, 0x0000,
        0x0000, 0x0000, 0x0000, 0x0000, 0x0000, 0x0000, 0x0000, 0x0000, 0x0000, 0x0000, 0x0000, 0x0000, 0x0000, 0x0000, 0x0000, 0x0000,
    },
    {
        0x0000, 0x0000, 0x0000, 0x0000, 0x0000, 0x0000, 0x0000, 0x28E2, 0x0000, 0x0000, 0x0000, 0x0000, 0x0000, 0x0000, 0x0000, 0x0000,
        0x0000, 0x0000, 0x0000, 0x0000, 0x0000, 0x0000, 0x0000, 0x28E2, 0x0000, 0x0000, 0x0000, 0x0000, 0x0000, 0x0000, 0x0000, 0x0000,
        0x0000, 0x0000, 0x0000, 0x0000, 0x0000, 0x1881, 0x1881, 0x1881, 0x1881, 0x1881, 0x0000, 0x0000, 0x0000, 0x0000, 0x0000, 0x0000,
        0x0000, 0x0000, 0x0000, 0x0000, 0x6181, 0x61A1, 0x69A1, 0x69A1, 0x61A1, 0x61A1, 0x5981, 0x0000, 0x0000, 0x0000, 0x0000, 0x0000,
        0x0000, 0x0000, 0x0000, 0x6181, 0x69A1, 0x69C1, 0x69C1, 0x69C1, 0x69C1, 0x69A1, 0x61A1, 0x5981, 0x0000, 0x0000, 0x0000, 0x0000,
        0x0000, 0x0000, 0x0000, 0x4101, 0x4121, 0x4121, 0x4921, 0x4921, 0x4121, 0x4121, 0x4101, 0x38E1, 0x0000, 0x0000, 0x0000, 0x0000,
        0x0000, 0x0000, 0x0000, 0x69C1, 0x71E2, 0x50E1, 0x50E1, 0x50E1, 0x50E1, 0x50E1, 0x69C1, 0x61A1, 0x0000, 0x0000, 0x0000, 0x0000,
        0x0000, 0x0000, 0x0000, 0x69C1, 0x71E2, 0x7A02, 0x8222, 0x5901, 0x7A22, 0x71E2, 0x69C1, 0x61A1, 0x0000, 0x0000, 0x0000, 0x0000,
        0x0000, 0x0000, 0x0000, 0x69C1, 0x71E2, 0x50E1, 0x5901, 0x5901, 0x58E1, 0x50E1, 0x69C1, 0x61A1, 0x0000, 0x0000, 0x0000, 0x0000,
        0x0000, 0x0000, 0x0000, 0x4101, 0x4121, 0x4941, 0x5161, 0x5161, 0x4941, 0x4921, 0x4121, 0x3901, 0x0000, 0x0000, 0x0000, 0x0000,
        0x0000, 0x0000, 0x0000, 0x69C1, 0x71E2, 0x7202, 0x7A02, 0x7A02, 0x7A02, 0x71E2, 0x69C1, 0x61A1, 0x0000, 0x0000, 0x0000, 0x0000,
        0x0000, 0x0000, 0x0000, 0x0000, 0x69C1, 0x71E2, 0x71E2, 0x71E2, 0x71E2, 0x69C1, 0x69A1, 0x0000, 0x0000, 0x0000, 0x0000, 0x0000,
        0x0000, 0x0000, 0x0000, 0x0000, 0x0000, 0x1881, 0x1881, 0x1881, 0x1881, 0x1881, 0x0000, 0x0000, 0x0000, 0x0000, 0x0000, 0x0000,
        0x0000, 0x0000, 0x0000, 0x0000, 0x0000, 0x0000, 0x0000, 0x3921, 0x0000, 0x0000, 0x0000, 0x0000, 0x0000, 0x0000, 0x0000, 0x0000,
        0x0000, 0x0000, 0x0000, 0x0000, 0x0000, 0x0000, 0x3921, 0x3921, 0x3921, 0x0000, 0x0000, 0x0000, 0x0000, 0x0000, 0x0000, 0x0000,
        0x0000, 0x0000, 0x0000, 0x0000, 0x0000, 0x0000, 0x0000, 0x0000, 0x0000, 0x0000, 0x0000, 0x0000, 0x0000, 0x0000, 0x0000, 0x0000,
    },
    {
        0x0000, 0x0000, 0x0000, 0x0000, 0x0000, 0x0000, 0x0000, 0x28E2, 0x0000, 0x0000, 0x0000, 0x0000, 0x0000, 0x0000, 0x0000, 0x0000,
        0x0000, 0x0000, 0x0000, 0x0000, 0x0000, 0x0000, 0x0000, 0x28E2, 0x0000, 0x0000, 0x0000, 0x0000, 0x0000, 0x0000, 0x0000, 0x0000,
        0x0000, 0x0000, 0x0000, 0x0000, 0x0000, 0x1881, 0x1881, 0x1881, 0x1881, 0x1881, 0x0000, 0x0000, 0x0000, 0x0000, 0x0000, 0x0000,
        0x0000, 0x0000, 0x0000, 0x0000, 0x61A1, 0x69A1, 0x69C1, 0x69C1, 0x69A1, 0x61A1, 0x6181, 0x0000, 0x0000, 0x0000, 0x0000, 0x0000,
        0x0000, 0x0000, 0x0000, 0x61A1, 0x69C1, 0x69C1, 0x71E2, 0x71E2, 0x69C1, 0x69C1, 0x61A1, 0x5981, 0x0000, 0x0000, 0x0000, 0x0000,
        0x0000, 0x0000, 0x0000, 0x4101, 0x4121, 0x4921, 0x4941, 0x4941, 0x4921, 0x4121, 0x4101, 0x3901, 0x0000, 0x0000, 0x0000, 0x0000,
        0x0000, 0x0000, 0x0000, 0x69C1, 0x71E2, 0x50E1, 0x50E1, 0x58E1, 0x50E1, 0x50E1, 0x69C1, 0x61A1, 0x0000, 0x0000, 0x0000, 0x0000,
        0x0000, 0x0000, 0x0000, 0x69C1, 0x7202, 0x7A22, 0x8242, 0x5901, 0x7A22, 0x7202, 0x69C1, 0x61A1, 0x0000, 0x0000, 0x0000, 0x0000,
        0x0000, 0x0000, 0x0000, 0x69C1, 0x7202, 0x5901, 0x5901, 0x5901, 0x5901, 0x50E1, 0x71E2, 0x69A1, 0x0000, 0x0000, 0x0000, 0x0000,
        0x0000, 0x0000, 0x0000, 0x4121, 0x4941, 0x4941, 0x5161, 0x5161, 0x4941, 0x4941, 0x4121, 0x4101, 0x0000, 0x0000, 0x0000, 0x0000,
        0x0000, 0x0000, 0x0000, 0x69C1, 0x71E2, 0x7A02, 0x7A22, 0x7A22, 0x7A02, 0x71E2, 0x69C1, 0x61A1, 0x0000, 0x0000, 0x0000, 0x0000,
        0x0000, 0x0000, 0x0000, 0x0000, 0x69C1, 0x71E2, 0x7202, 0x7A02, 0x71E2, 0x71E2, 0x69C1, 0x0000, 0x0000, 0x0000, 0x0000, 0x0000,
        0x0000, 0x0000, 0x0000, 0x0000, 0x0000, 0x1881, 0x1881, 0x1881, 0x1881, 0x1881, 0x0000, 0x0000, 0x0000, 0x0000, 0x0000, 0x0000,
        0x0000, 0x0000, 0x0000, 0x0000, 0x0000, 0x0000, 0x0000, 0x3921, 0x0000, 0x0000, 0x0000, 0x0000, 0x0000, 0x0000, 0x0000, 0x0000,
        0x0000, 0x0000, 0x0000, 0x0000, 0x0000, 0x0000, 0x3921, 0x3921, 0x3921, 0x0000, 0x0000, 0x0000, 0x0000, 0x0000, 0x0000, 0x0000,
        0x0000, 0x0000, 0x0000, 0x0000, 0x0000, 0x0000, 0x0000, 0x0000, 0x0000, 0x0000, 0x0000, 0x0000, 0x0000, 0x0000, 0x0000, 0x0000,
    },
    {
        0x0000, 0x0000, 0x0000, 0x0000, 0x0000, 0x0000, 0x0000, 0x28E2, 0x0000, 0x0000, 0x0000, 0x0000, 0x0000, 0x0000, 0x0000, 0x0000,
        0x0000, 0x0000, 0x0000, 0x0000, 0x0000, 0x0000, 0x0000, 0x28E2, 0x0000, 0x0000, 0x0000, 0x0000, 0x0000, 0x0000, 0x0000, 0x0000,
        0x0000, 0x0000, 0x0000, 0x0000, 0x0000, 0x1881, 0x1881, 0x1881, 0x1881, 0x1881, 0x0000, 0x0000, 0x0000, 0x0000, 0x0000, 0x0000,
        0x0000, 0x0000, 0x0000, 0x0000, 0x5981, 0x6181, 0x6181, 0x6181, 0x6181, 0x5981, 0x5961, 0x0000, 0x0000, 0x0000, 0x0000, 0x0000,
        0x0000, 0x0000, 0x0000, 0x5981, 0x6181, 0x61A1, 0x69A1, 0x69A1, 0x61A1, 0x6181, 0x5981, 0x5961, 0x0000, 0x0000, 0x0000, 0x0000,
        0x0000, 0x0000, 0x0000, 0x3901, 0x4101, 0x4101, 0x4121, 0x4121, 0x4101, 0x4101, 0x3901, 0x38E0, 0x0000, 0x0000, 0x0000, 0x0000,
        0x0000, 0x0000, 0x0000, 0x61A1, 0x69C1, 0x50E1, 0x50E1, 0x50E1, 0x50E1, 0x50E1, 0x61A1, 0x5981, 0x0000, 0x0000, 0x0000, 0x0000,
        0x0000, 0x0000, 0x0000, 0x61A1, 0x69C1, 0x71E2, 0x7A02, 0x50E1, 0x71E2, 0x69C1, 0x69A1, 0x6181, 0x0000, 0x0000, 0x0000, 0x0000,
        0x0000, 0x0000, 0x0000, 0x69A1, 0x69C1, 0x50E1, 0x50E1, 0x58E1, 0x50E1, 0x50E1, 0x69A1, 0x6181, 0x0000, 0x0000, 0x0000, 0x0000,
        0x0000, 0x0000, 0x0000, 0x4101, 0x4121, 0x4921, 0x4941, 0x4941, 0x4921, 0x4121, 0x4101, 0x38E1, 0x0000, 0x0000, 0x0000, 0x0000,
        0x0000, 0x0000, 0x0000, 0x61A1, 0x69C1, 0x71E2, 0x71E2, 0x71E2, 0x71E2, 0x69C1, 0x61A1, 0x6181, 0x0000, 0x0000, 0x0000, 0x0000,
        0x0000, 0x0000, 0x0000, 0x0000, 0x69A1, 0x69C1, 0x71E2, 0x71E2, 0x69C1, 0x69A1, 0x61A1, 0x0000, 0x0000, 0x0000, 0x0000, 0x0000,
        0x0000, 0x0000, 0x0000, 0x0000, 0x0000, 0x1881, 0x1881, 0x1881, 0x1881, 0x1881, 0x0000, 0x0000, 0x0000, 0x0000, 0x0000, 0x0000,
        0x0000, 0x0000, 0x0000, 0x0000, 0x0000, 0x0000, 0x0000, 0x3901, 0x0000, 0x0000, 0x0000, 0x0000, 0x0000, 0x0000, 0x0000, 0x0000,
        0x0000, 0x0000, 0x0000, 0x0000, 0x0000, 0x0000, 0x3901, 0x3901, 0x3901, 0x0000, 0x0000, 0x0000, 0x0000, 0x0000, 0x0000, 0x0000,
        0x0000, 0x0000, 0x0000, 0x0000, 0x0000, 0x0000, 0x0000, 0x0000, 0x0000, 0x0000, 0x0000, 0x0000, 0x0000, 0x0000, 0x0000, 0x0000,
    },
    {
        0x0000, 0x0000, 0x0000, 0x0000, 0x0000, 0x0000, 0x0000, 0x28E2, 0x0000, 0x0000, 0x0000, 0x0000, 0x0000, 0x0000, 0x0000, 0x0000,
        0x0000, 0x0000, 0x0000, 0x0000, 0x0000, 0x0000, 0x0000, 0x28E2, 0x0000, 0x0000, 0x0000, 0x0000, 0x0000, 0x0000, 0x0000, 0x0000,
        0x0000, 0x0000, 0x0000, 0x0000, 0x0000, 0x1881, 0x1881, 0x1881, 0x1881, 0x1881, 0x0000, 0x0000, 0x0000, 0x0000, 0x0000, 0x0000,
        0x0000, 0x0000, 0x0000, 0x0000, 0x5961, 0x5961, 0x5981, 0x5981, 0x5961, 0x5961, 0x5141, 0x0000, 0x0000, 0x0000, 0x0000, 0x0000,
        0x0000, 0x0000, 0x0000, 0x5961, 0x5981, 0x6181, 0x6181, 0x6181, 0x6181, 0x5981, 0x5961, 0x5141, 0x0000, 0x0000, 0x0000, 0x0000,
        0x0000, 0x0000, 0x0000, 0x38E0, 0x38E1, 0x3901, 0x4101, 0x4101, 0x3901, 0x3901, 0x38E0, 0x30C0, 0x0000, 0x0000, 0x0000, 0x0000,
        0x0000, 0x0000, 0x0000, 0x6181, 0x61A1, 0x50E1, 0x50E1, 0x50E1, 0x50E1, 0x50C1, 0x6181, 0x5961, 0x0000, 0x0000, 0x0000, 0x0000,
        0x0000, 0x0000, 0x0000, 0x6181, 0x61A1, 0x69C1, 0x71E2, 0x50E1, 0x69C1, 0x69A1, 0x6181, 0x5961, 0x0000, 0x0000, 0x0000, 0x0000,
        0x0000, 0x0000, 0x0000, 0x6181, 0x69A1, 0x50E1, 0x50E1, 0x50E1, 0x50E1, 0x50E1, 0x61A1, 0x5981, 0x0000, 0x0000, 0x0000, 0x0000,
        0x0000, 0x0000, 0x0000, 0x3901, 0x4101, 0x4121, 0x4921, 0x4921, 0x4121, 0x4101, 0x3901, 0x38E0, 0x0000, 0x0000, 0x0000, 0x0000,
        0x0000, 0x0000, 0x0000, 0x6181, 0x61A1, 0x69C1, 0x69C2, 0x71C2, 0x69C1, 0x69A1, 0x6181, 0x5961, 0x0000, 0x0000, 0x0000, 0x0000,
        0x0000, 0x0000, 0x0000, 0x0000, 0x61A1, 0x69A1, 0x69C1, 0x69C1, 0x69A1, 0x61A1, 0x6181, 0x0000, 0x0000, 0x0000, 0x0000, 0x0000,
        0x0000, 0x0000, 0x0000, 0x0000, 0x0000, 0x1881, 0x1881, 0x1881, 0x1881, 0x1881, 0x0000, 0x0000, 0x0000, 0x0000, 0x0000, 0x0000,
        0x0000, 0x0000, 0x0000, 0x0000, 0x0000, 0x0000, 0x0000, 0x3101, 0x0000, 0x0000, 0x0000, 0x0000, 0x0000, 0x0000, 0x0000, 0x0000,
        0x0000, 0x0000, 0x0000, 0x0000, 0x0000, 0x0000, 0x3101, 0x3101, 0x3101, 0x0000, 0x0000, 0x0000, 0x0000, 0x0000, 0x0000, 0x0000,
        0x0000, 0x0000, 0x0000, 0x0000, 0x0000, 0x0000, 0x0000, 0x0000, 0x0000, 0x0000, 0x0000, 0x0000, 0x0000, 0x0000, 0x0000, 0x0000,
    },
    {
        0x0000, 0x0000, 0x0000, 0x0000, 0x0000, 0x0000, 0x0000, 0x28E2, 0x0000, 0x0000, 0x0000, 0x0000, 0x0000, 0x0000, 0x0000, 0x0000,
        0x0000, 0x0000, 0x0000, 0x0000, 0x0000, 0x0000, 0x0000, 0x28E2, 0x0000, 0x0000, 0x0000, 0x0000, 0x0000, 0x0000, 0x0000, 0x0000,
        0x0000, 0x0000, 0x0000, 0x0000, 0x0000, 0x1881, 0x1881, 0x1881, 0x1881, 0x1881, 0x0000, 0x0000, 0x0000, 0x0000, 0x0000, 0x0000,
        0x0000, 0x0000, 0x0000, 0x0000, 0x5961, 0x5981, 0x6181, 0x6181, 0x5981, 0x5961, 0x5961, 0x0000, 0x0000, 0x0000, 0x0000, 0x0000,
        0x0000, 0x0000, 0x0000, 0x5961, 0x6181, 0x61A1, 0x61A1, 0x61A1, 0x61A1, 0x6181, 0x5981, 0x5961, 0x0000, 0x0000, 0x0000, 0x0000,
        0x0000, 0x0000, 0x0000, 0x38E0, 0x3901, 0x4101, 0x4101, 0x4101, 0x4101, 0x3901, 0x38E1, 0x38E0, 0x0000, 0x0000, 0x0000, 0x0000,
        0x0000, 0x0000, 0x0000, 0x6181, 0x69A1, 0x50E1, 0x50E1, 0x50E1, 0x50E1, 0x50E1, 0x61A1, 0x5981, 0x0000, 0x0000, 0x0000, 0x0000,
        0x0000, 0x0000, 0x0000, 0x61A1, 0x69C1, 0x71E2, 0x71E2, 0x50E1, 0x71E2, 0x69C1, 0x61A1, 0x6181, 0x0000, 0x0000, 0x0000, 0x0000,
        0x0000, 0x0000, 0x0000, 0x61A1, 0x69C1, 0x50E1, 0x50E1, 0x50E1, 0x50E1, 0x50E1, 0x69A1, 0x6181, 0x0000, 0x0000, 0x0000, 0x0000,
        0x0000, 0x0000, 0x0000, 0x3901, 0x4101, 0x4121, 0x4941, 0x4941, 0x4921, 0x4121, 0x4101, 0x38E1, 0x0000, 0x0000, 0x0000, 0x0000,
        0x0000, 0x0000, 0x0000, 0x61A1, 0x69C1, 0x71E2, 0x71E2, 0x71E2, 0x71E2, 0x69C1, 0x61A1, 0x6181, 0x0000, 0x0000, 0x0000, 0x0000,
        0x0000, 0x0000, 0x0000, 0x0000, 0x61A1, 0x69C1, 0x69C2, 0x71E2, 0x69C1, 0x69A1, 0x61A1, 0x0000, 0x0000, 0x0000, 0x0000, 0x0000,
        0x0000, 0x0000, 0x0000, 0x0000, 0x0000, 0x1881, 0x1881, 0x1881, 0x1881, 0x1881, 0x0000, 0x0000, 0x0000, 0x0000, 0x0000, 0x0000,
        0x0000, 0x0000, 0x0000, 0x0000, 0x0000, 0x0000, 0x0000, 0x3901, 0x0000, 0x0000, 0x0000, 0x0000, 0x0000, 0x0000, 0x0000, 0x0000,
        0x0000, 0x0000, 0x0000, 0x0000, 0x0000, 0x0000, 0x3901, 0x3901, 0x3901, 0x0000, 0x0000, 0x0000, 0x0000, 0x0000, 0x0000, 0x0000,
        0x0000, 0x0000, 0x0000, 0x0000, 0x0000, 0x0000, 0x0000, 0x0000, 0x0000, 0x0000, 0x0000, 0x0000, 0x0000, 0x0000, 0x0000, 0x0000,
    },
    {
        0x0000, 0x0000, 0x0000, 0x0000, 0x0000, 0x0000, 0x0000, 0x28E2, 0x0000, 0x0000, 0x0000, 0x0000, 0x0000, 0x0000, 0x0000, 0x0000,
        0x0000, 0x0000, 0x0000, 0x0000, 0x0000, 0x0000, 0x0000, 0x28E2, 0x0000, 0x0000, 0x0000, 0x0000, 0x0000, 0x0000, 0x0000, 0x0000,
        0x0000, 0x0000, 0x0000, 0x0000, 0x0000, 0x1881, 0x1881, 0x1881, 0x1881, 0x1881, 0x0000, 0x0000, 0x0000, 0x0000, 0x0000, 0x0000,
        0x0000, 0x0000, 0x0000, 0x0000, 0x6181, 0x6181, 0x61A1, 0x61A1, 0x61A1, 0x6181, 0x5981, 0x0000, 0x0000, 0x0000, 0x0000, 0x0000,
        0x0000, 0x0000, 0x0000, 0x6181, 0x61A1, 0x69A1, 0x69C1, 0x69C1, 0x69C1, 0x61A1, 0x6181, 0x5961, 0x0000, 0x0000, 0x0000, 0x0000,
        0x0000, 0x0000, 0x0000, 0x3901, 0x4101, 0x4121, 0x4121, 0x4121, 0x4121, 0x4101, 0x4101, 0x38E1, 0x0000, 0x0000, 0x0000, 0x0000,
        0x0000, 0x0000, 0x0000, 0x61A1, 0x69C1, 0x50E1, 0x50E1, 0x50E1, 0x50E1, 0x50E1, 0x69C1, 0x61A1, 0x0000, 0x0000, 0x0000, 0x0000,
        0x0000, 0x0000, 0x0000, 0x69A1, 0x71E2, 0x7202, 0x7A22, 0x58E1, 0x7A02, 0x71E2, 0x69C1, 0x61A1, 0x0000, 0x0000, 0x0000, 0x0000,
        0x0000, 0x0000, 0x0000, 0x69C1, 0x71E2, 0x50E1, 0x5901, 0x5901, 0x58E1, 0x50E1, 0x69C1, 0x69A1, 0x0000, 0x0000, 0x0000, 0x0000,
        0x0000, 0x0000, 0x0000, 0x4101, 0x4121, 0x4941, 0x5141, 0x5161, 0x4941, 0x4941, 0x4121, 0x4101, 0x0000, 0x0000, 0x0000, 0x0000,
        0x0000, 0x0000, 0x0000, 0x69A1, 0x71E2, 0x7202, 0x7A02, 0x7A22, 0x7A02, 0x71E2, 0x69C1, 0x61A1, 0x0000, 0x0000, 0x0000, 0x0000,
        0x0000, 0x0000, 0x0000, 0x0000, 0x69C1, 0x71E2, 0x7202, 0x7202, 0x71E2, 0x71E2, 0x69C1, 0x0000, 0x0000, 0x0000, 0x0000, 0x0000,
        0x0000, 0x0000, 0x0000, 0x0000, 0x0000, 0x1881, 0x1881, 0x1881, 0x1881, 0x1881, 0x0000, 0x0000, 0x0000, 0x0000, 0x0000, 0x0000,
        0x0000, 0x0000, 0x0000, 0x0000, 0x0000, 0x0000, 0x0000, 0x3921, 0x0000, 0x0000, 0x0000, 0x0000, 0x0000, 0x0000, 0x0000, 0x0000,
        0x0000, 0x0000, 0x0000, 0x0000, 0x0000, 0x0000, 0x3921, 0x3921, 0x3921, 0x0000, 0x0000, 0x0000, 0x0000, 0x0000, 0x0000, 0x0000,
        0x0000, 0x0000, 0x0000, 0x0000, 0x0000, 0x0000, 0x0000, 0x0000, 0x0000, 0x0000, 0x0000, 0x0000, 0x0000, 0x0000, 0x0000, 0x0000,
    },
    {
        0x0000, 0x0000, 0x0000, 0x0000, 0x0000, 0x0000, 0x0000, 0x28E2, 0x0000, 0x0000, 0x0000, 0x0000, 0x0000, 0x0000, 0x0000, 0x0000,
        0x0000, 0x0000, 0x0000, 0x0000, 0x0000, 0x0000, 0x0000, 0x28E2, 0x0000, 0x0000, 0x0000, 0x0000, 0x0000, 0x0000, 0x0000, 0x0000,
        0x0000, 0x0000, 0x0000, 0x0000, 0x0000, 0x1881, 0x1881, 0x1881, 0x1881, 0x1881, 0x0000, 0x0000, 0x0000, 0x0000, 0x0000, 0x0000,
        0x0000, 0x0000, 0x0000, 0x0000, 0x6181, 0x61A1, 0x61A1, 0x61A1, 0x61A1, 0x6181, 0x6181, 0x0000, 0x0000, 0x0000, 0x0000, 0x0000,
        0x0000, 0x0000, 0x0000, 0x6181, 0x61A1, 0x69A1, 0x69C1, 0x69C1, 0x69C1, 0x69A1, 0x61A1, 0x5981, 0x0000, 0x0000, 0x0000, 0x0000,
        0x0000, 0x0000, 0x0000, 0x3901, 0x4101, 0x4121, 0x4121, 0x4921, 0x4121, 0x4121, 0x4101, 0x3901, 0x0000, 0x0000, 0x0000, 0x0000,
        0x0000, 0x0000, 0x0000, 0x61A1, 0x69C1, 0x50E1, 0x50E1, 0x50E1, 0x50E1, 0x50E1, 0x69C1, 0x61A1, 0x0000, 0x0000, 0x0000, 0x0000,
        0x0000, 0x0000, 0x0000, 0x69A1, 0x71E2, 0x7A02, 0x7A22, 0x5901, 0x7A22, 0x7202, 0x71E2, 0x69A1, 0x0000, 0x0000, 0x0000, 0x0000,
        0x0000, 0x0000, 0x0000, 0x69C1, 0x71E2, 0x50E1, 0x5901, 0x5901, 0x5901, 0x50E1, 0x71E2, 0x69A1, 0x0000, 0x0000, 0x0000, 0x0000,
        0x0000, 0x0000, 0x0000, 0x4101, 0x4121, 0x4941, 0x4941, 0x5161, 0x4941, 0x4941, 0x4121, 0x4101, 0x0000, 0x0000, 0x0000, 0x0000,
        0x0000, 0x0000, 0x0000, 0x69A1, 0x71C2, 0x7202, 0x7A02, 0x7A22, 0x7A02, 0x71E2, 0x69C1, 0x69A1, 0x0000, 0x0000, 0x0000, 0x0000,
        0x0000, 0x0000, 0x0000, 0x0000, 0x69C1, 0x71E2, 0x7202, 0x7A02, 0x71E2, 0x71E2, 0x69C1, 0x0000, 0x0000, 0x0000, 0x0000, 0x0000,
        0x0000, 0x0000, 0x0000, 0x0000, 0x0000, 0x1881, 0x1881, 0x1881, 0x1881, 0x1881, 0x0000, 0x0000, 0x0000, 0x0000, 0x0000, 0x0000,
        0x0000, 0x0000, 0x0000, 0x0000, 0x0000, 0x0000, 0x0000, 0x3921, 0x0000, 0x0000, 0x0000, 0x0000, 0x0000, 0x0000, 0x0000, 0x0000,
        0x0000, 0x0000, 0x0000, 0x0000, 0x0000, 0x0000, 0x3921, 0x3921, 0x3921, 0x0000, 0x0000, 0x0000, 0x0000, 0x0000, 0x0000, 0x0000,
        0x0000, 0x0000, 0x0000, 0x0000, 0x0000, 0x0000, 0x0000, 0x0000, 0x0000, 0x0000, 0x0000, 0x0000, 0x0000, 0x0000, 0x0000, 0x0000,
    },
    {
        0x0000, 0x0000, 0x0000, 0x0000, 0x0000, 0x0000, 0x0000, 0x28E2, 0x0000, 0x0000, 0x0000, 0x0000, 0x0000, 0x0000, 0x0000, 0x0000,
        0x0000, 0x0000, 0x0000, 0x0000, 0x0000, 0x0000, 0x0000, 0x28E2, 0x0000, 0x0000, 0x0000, 0x0000, 0x0000, 0x0000, 0x0000, 0x0000,
        0x0000, 0x0000, 0x0000, 0x0000, 0x0000, 0x1881, 0x1881, 0x1881, 0x1881, 0x1881, 0x0000, 0x0000, 0x0000, 0x0000, 0x0000, 0x0000,
        0x0000, 0x0000, 0x0000, 0x0000, 0x6181, 0x61A1, 0x61A1, 0x61A1, 0x61A1, 0x61A1, 0x6181, 0x0000, 0x0000, 0x0000, 0x0000, 0x0000,
        0x0000, 0x0000, 0x0000, 0x5981, 0x61A1, 0x69A1, 0x69C1, 0x69C1, 0x69C1, 0x69C1, 0x61A1, 0x6181, 0x0000, 0x0000, 0x0000, 0x0000,
        0x0000, 0x0000, 0x0000, 0x3901, 0x4101, 0x4121, 0x4121, 0x4921, 0x4121, 0x4121, 0x4101, 0x3901, 0x0000, 0x0000, 0x0000, 0x0000,
        0x0000, 0x0000, 0x0000, 0x61A1, 0x69C1, 0x50E1, 0x50E1, 0x50E1, 0x50E1, 0x50E1, 0x69C1, 0x61A1, 0x0000, 0x0000, 0x0000, 0x0000,
        0x0000, 0x0000, 0x0000, 0x69A1, 0x69C2, 0x7202, 0x7A22, 0x5901, 0x7A22, 0x7A02, 0x71E2, 0x69A1, 0x0000, 0x0000, 0x0000, 0x0000,
        0x0000, 0x0000, 0x0000, 0x69A1, 0x71E2, 0x50E1, 0x5901, 0x5901, 0x5901, 0x50E1, 0x71E2, 0x69C1, 0x0000, 0x0000, 0x0000, 0x0000,
        0x0000, 0x0000, 0x0000, 0x4101, 0x4121, 0x4941, 0x4941, 0x5161, 0x4941, 0x4941, 0x4121, 0x4101, 0x0000, 0x0000, 0x0000, 0x0000,
        0x0000, 0x0000, 0x0000, 0x61A1, 0x69C1, 0x71E2, 0x7A02, 0x7A22, 0x7A02, 0x71E2, 0x69C1, 0x69A1, 0x0000, 0x0000, 0x0000, 0x0000,
        0x0000, 0x0000, 0x0000, 0x0000, 0x69C1, 0x71E2, 0x71E2, 0x7202, 0x71E2, 0x71E2, 0x69C1, 0x0000, 0x0000, 0x0000, 0x0000, 0x0000,
        0x0000, 0x0000, 0x0000, 0x0000, 0x0000, 0x1881, 0x1881, 0x1881, 0x1881, 0x1881, 0x0000, 0x0000, 0x0000, 0x0000, 0x0000, 0x0000,
        0x0000, 0x0000, 0x0000, 0x0000, 0x0000, 0x0000, 0x0000, 0x3921, 0x0000, 0x0000, 0x0000, 0x0000, 0x0000, 0x0000, 0x0000, 0x0000,
        0x0000, 0x0000, 0x0000, 0x0000, 0x0000, 0x0000, 0x3921, 0x3921, 0x3921, 0x0000, 0x0000, 0x0000, 0x0000, 0x0000, 0x0000, 0x0000,
        0x0000, 0x0000, 0x0000, 0x0000, 0x0000, 0x0000, 0x0000, 0x0000, 0x0000, 0x0000, 0x0000, 0x0000, 0x0000, 0x0000, 0x0000, 0x0000,
    },
    {
        0x0000, 0x0000, 0x0000, 0x0000, 0x0000, 0x0000, 0x0000, 0x28E2, 0x0000, 0x0000, 0x0000, 0x0000, 0x0000, 0x0000, 0x0000, 0x0000,
        0x0000, 0x0000, 0x0000, 0x0000, 0x0000, 0x0000, 0x0000, 0x28E2, 0x0000, 0x0000, 0x0000, 0x0000, 0x0000, 0x0000, 0x0000, 0x0000,
        0x0000, 0x0000, 0x0000, 0x0000, 0x0000, 0x1881, 0x1881, 0x1881, 0x1881, 0x1881, 0x0000, 0x0000, 0x0000, 0x0000, 0x0000, 0x0000,
        0x0000, 0x0000, 0x0000, 0x0000, 0x6181, 0x61A1, 0x69A1, 0x69C1, 0x69A1, 0x61A1, 0x6181, 0x0000, 0x0000, 0x0000, 0x0000, 0x0000,
        0x0000, 0x0000, 0x0000, 0x6181, 0x61A1, 0x69C1, 0x69C1, 0x71E2, 0x71E2, 0x69C1, 0x69A1, 0x6181, 0x0000, 0x0000, 0x0000, 0x0000,
        0x0000, 0x0000, 0x0000, 0x3901, 0x4101, 0x4121, 0x4921, 0x4941, 0x4941, 0x4121, 0x4121, 0x4101, 0x0000, 0x0000, 0x0000, 0x0000,
        0x0000, 0x0000, 0x0000, 0x61A1, 0x69C1, 0x50E1, 0x50E1, 0x58E1, 0x50E1, 0x50E1, 0x71E2, 0x69C1, 0x0000, 0x0000, 0x0000, 0x0000,
        0x0000, 0x0000, 0x0000, 0x69A1, 0x71E2, 0x7A02, 0x7A22, 0x5901, 0x8242, 0x7A02, 0x71E2, 0x69C1, 0x0000, 0x0000, 0x0000, 0x0000,
        0x0000, 0x0000, 0x0000, 0x69A1, 0x71E2, 0x50E1, 0x5901, 0x5901, 0x5901, 0x50E1, 0x71E2, 0x69C1, 0x0000, 0x0000, 0x0000, 0x0000,
        0x0000, 0x0000, 0x0000, 0x4101, 0x4121, 0x4941, 0x4941, 0x5161, 0x5161, 0x4941, 0x4921, 0x4101, 0x0000, 0x0000, 0x0000, 0x0000,
        0x0000, 0x0000, 0x0000, 0x61A1, 0x69C1, 0x71E2, 0x7A02, 0x7A22, 0x7A22, 0x7A02, 0x71E2, 0x69C1, 0x0000, 0x0000, 0x0000, 0x0000,
        0x0000, 0x0000, 0x0000, 0x0000, 0x69C1, 0x71E2, 0x71E2, 0x7A02, 0x7202, 0x71E2, 0x69C1, 0x0000, 0x0000, 0x0000, 0x0000, 0x0000,
        0x0000, 0x0000, 0x0000, 0x0000, 0x0000, 0x1881, 0x1881, 0x1881, 0x1881, 0x1881, 0x0000, 0x0000, 0x0000, 0x0000, 0x0000, 0x0000,
        0x0000, 0x0000, 0x0000, 0x0000, 0x0000, 0x0000, 0x0000, 0x3921, 0x0000, 0x0000, 0x0000, 0x0000, 0x0000, 0x0000, 0x0000, 0x0000,
        0x0000, 0x0000, 0x0000, 0x0000, 0x0000, 0x0000, 0x3921, 0x3921, 0x3921, 0x0000, 0x0000, 0x0000, 0x0000, 0x0000, 0x0000, 0x0000,
        0x0000, 0x0000, 0x0000, 0x0000, 0x0000, 0x0000, 0x0000, 0x0000, 0x0000, 0x0000, 0x0000, 0x0000, 0x0000, 0x0000, 0x0000, 0x0000,
    },
    {
        0x0000, 0x0000, 0x0000, 0x0000, 0x0000, 0x0000, 0x0000, 0x28E2, 0x0000, 0x0000, 0x0000, 0x0000, 0x0000, 0x0000, 0x0000, 0x0000,
        0x0000, 0x0000, 0x0000, 0x0000, 0x0000, 0x0000, 0x0000, 0x28E2, 0x0000, 0x0000, 0x0000, 0x0000, 0x0000, 0x0000, 0x0000, 0x0000,
        0x0000, 0x0000, 0x0000, 0x0000, 0x0000, 0x1881, 0x1881, 0x1881, 0x1881, 0x1881, 0x0000, 0x0000, 0x0000, 0x0000, 0x0000, 0x0000,
        0x0000, 0x0000, 0x0000, 0x0000, 0x5981, 0x61A1, 0x61A1, 0x69A1, 0x69A1, 0x61A1, 0x6181, 0x0000, 0x0000, 0x0000, 0x0000, 0x0000,
        0x0000, 0x0000, 0x0000, 0x5981, 0x61A1, 0x69A1, 0x69C1, 0x69C1, 0x69C1, 0x69C1, 0x61A1, 0x6181, 0x0000, 0x0000, 0x0000, 0x0000,
        0x0000, 0x0000, 0x0000, 0x38E1, 0x4101, 0x4121, 0x4121, 0x4921, 0x4921, 0x4121, 0x4101, 0x3901, 0x0000, 0x0000, 0x0000, 0x0000,
        0x0000, 0x0000, 0x0000, 0x61A1, 0x69C1, 0x50E1, 0x50E1, 0x50E1, 0x50E1, 0x50E1, 0x71E2, 0x69A1, 0x0000, 0x0000, 0x0000, 0x0000,
        0x0000, 0x0000, 0x0000, 0x61A1, 0x69C1, 0x71E2, 0x7A02, 0x5901, 0x8222, 0x7A02, 0x71E2, 0x69C1, 0x0000, 0x0000, 0x0000, 0x0000,
        0x0000, 0x0000, 0x0000, 0x61A1, 0x69C1, 0x50E1, 0x58E1, 0x5901, 0x5901, 0x50E1, 0x71E2, 0x69C1, 0x0000, 0x0000, 0x0000, 0x0000,
        0x0000, 0x0000, 0x0000, 0x3901, 0x4121, 0x4921, 0x4941, 0x5161, 0x4941, 0x4941, 0x4121, 0x4101, 0x0000, 0x0000, 0x0000, 0x0000,
        0x0000, 0x0000, 0x0000, 0x61A1, 0x69C1, 0x71E2, 0x7A02, 0x7A02, 0x7A02, 0x7202, 0x71E2, 0x69A1, 0x0000, 0x0000, 0x0000, 0x0000,
        0x0000, 0x0000, 0x0000, 0x0000, 0x69A1, 0x69C1, 0x71E2, 0x71E2, 0x71E2, 0x71E2, 0x69C1, 0x0000, 0x0000, 0x0000, 0x0000, 0x0000,
        0x0000, 0x0000, 0x0000, 0x0000, 0x0000, 0x1881, 0x1881, 0x1881, 0x1881, 0x1881, 0x0000, 0x0000, 0x0000, 0x0000, 0x0000, 0x0000,
        0x0000, 0x0000, 0x0000, 0x0000, 0x0000, 0x0000, 0x0000, 0x3921, 0x0000, 0x0000, 0x0000, 0x0000, 0x0000, 0x0000, 0x0000, 0x0000,
        0x0000, 0x0000, 0x0000, 0x0000, 0x0000, 0x0000, 0x3921, 0x3921, 0x3921, 0x0000, 0x0000, 0x0000, 0x0000, 0x0000, 0x0000, 0x0000,
        0x0000, 0x0000, 0x0000, 0x0000, 0x0000, 0x0000, 0x0000, 0x0000, 0x0000, 0x0000, 0x0000, 0x0000, 0x0000, 0x0000, 0x0000, 0x0000,
    },
    {
        0x0000, 0x0000, 0x0000, 0x0000, 0x0000, 0x0000, 0x0000, 0x28E2, 0x0000, 0x0000, 0x0000, 0x0000, 0x0000, 0x0000, 0x0000, 0x0000,
        0x0000, 0x0000, 0x0000, 0x0000, 0x0000, 0x0000, 0x0000, 0x28E2, 0x0000, 0x0000, 0x0000, 0x0000, 0x0000, 0x0000, 0x0000, 0x0000,
        0x0000, 0x0000, 0x0000, 0x0000, 0x0000, 0x1881, 0x1881, 0x1881, 0x1881, 0x1881, 0x0000, 0x0000, 0x0000, 0x0000, 0x0000, 0x0000,
        0x0000, 0x0000, 0x0000, 0x0000, 0x5141, 0x5961, 0x5961, 0x5981, 0x5981, 0x5961, 0x5961, 0x0000, 0x0000, 0x0000, 0x0000, 0x0000,
        0x0000, 0x0000, 0x0000, 0x5141, 0x5961, 0x5981, 0x6181, 0x6181, 0x6181, 0x6181, 0x5981, 0x5961, 0x0000, 0x0000, 0x0000, 0x0000,
        0x0000, 0x0000, 0x0000, 0x30C0, 0x38E0, 0x3901, 0x3901, 0x4101, 0x4101, 0x3901, 0x38E1, 0x38E0, 0x0000, 0x0000, 0x0000, 0x0000,
        0x0000, 0x0000, 0x0000, 0x5961, 0x6181, 0x50C1, 0x50E1, 0x50E1, 0x50E1, 0x50E1, 0x61A1, 0x5981, 0x0000, 0x0000, 0x0000, 0x0000,
        0x0000, 0x0000, 0x0000, 0x5961, 0x6181, 0x69A1, 0x69C1, 0x50E1, 0x71E2, 0x69C1, 0x61A1, 0x6181, 0x0000, 0x0000, 0x0000, 0x0000,
        0x0000, 0x0000, 0x0000, 0x5961, 0x6181, 0x50E1, 0x50E1, 0x50E1, 0x50E1, 0x50E1, 0x69A1, 0x6181, 0x0000, 0x0000, 0x0000, 0x0000,
        0x0000, 0x0000, 0x0000, 0x38E0, 0x3901, 0x4101, 0x4121, 0x4121, 0x4121, 0x4121, 0x4101, 0x38E1, 0x0000, 0x0000, 0x0000, 0x0000,
        0x0000, 0x0000, 0x0000, 0x5961, 0x6181, 0x61A1, 0x69C1, 0x69C1, 0x69C1, 0x69C1, 0x61A1, 0x6181, 0x0000, 0x0000, 0x0000, 0x0000,
        0x0000, 0x0000, 0x0000, 0x0000, 0x5981, 0x6181, 0x61A1, 0x69A1, 0x69A1, 0x61A1, 0x6181, 0x0000, 0x0000, 0x0000, 0x0000, 0x0000,
        0x0000, 0x0000, 0x0000, 0x0000, 0x0000, 0x1881, 0x1881, 0x1881, 0x1881, 0x1881, 0x0000, 0x0000, 0x0000, 0x0000, 0x0000, 0x0000,
        0x0000, 0x0000, 0x0000, 0x0000, 0x0000, 0x0000, 0x0000, 0x3101, 0x0000, 0x0000, 0x0000, 0x0000, 0x0000, 0x0000, 0x0000, 0x0000,
        0x0000, 0x0000, 0x0000, 0x0000, 0x0000, 0x0000, 0x3101, 0x3101, 0x3101, 0x0000, 0x0000, 0x0000, 0x0000, 0x0000, 0x0000, 0x0000,
        0x0000, 0x0000, 0x0000, 0x0000, 0x0000, 0x0000, 0x0000, 0x0000, 0x0000, 0x0000, 0x0000, 0x0000, 0x0000, 0x0000, 0x0000, 0x0000,
    },
    {
        0x0000, 0x0000, 0x0000, 0x0000, 0x0000, 0x0000, 0x0000, 0x28E2, 0x0000, 0x0000, 0x0000, 0x0000, 0x0000, 0x0000, 0x0000, 0x0000,
        0x0000, 0x0000, 0x0000, 0x0000, 0x0000, 0x0000, 0x0000, 0x28E2, 0x0000, 0x0000, 0x0000, 0x0000, 0x0000, 0x0000, 0x0000, 0x0000,
        0x0000, 0x0000, 0x0000, 0x0000, 0x0000, 0x1881, 0x1881, 0x1881, 0x1881, 0x1881, 0x0000, 0x0000, 0x0000, 0x0000, 0x0000, 0x0000,
        0x0000, 0x0000, 0x0000, 0x0000, 0x4921, 0x5141, 0x5141, 0x5141, 0x5141, 0x5141, 0x5141, 0x0000, 0x0000, 0x0000, 0x0000, 0x0000,
        0x0000, 0x0000, 0x0000, 0x4921, 0x5141, 0x5141, 0x5141, 0x5961, 0x5961, 0x5141, 0x5141, 0x5141, 0x0000, 0x0000, 0x0000, 0x0000,
        0x0000, 0x0000, 0x0000, 0x30C0, 0x30C0, 0x30C0, 0x38E0, 0x38E0, 0x38E0, 0x38E0, 0x30C0, 0x30C0, 0x0000, 0x0000, 0x0000, 0x0000,
        0x0000, 0x0000, 0x0000, 0x5141, 0x5141, 0x48C1, 0x48C1, 0x50C1, 0x50C1, 0x48C1, 0x5961, 0x5141, 0x0000, 0x0000, 0x0000, 0x0000,
        0x0000, 0x0000, 0x0000, 0x5141, 0x5961, 0x5961, 0x6181, 0x50C1, 0x6181, 0x6181, 0x5961, 0x5961, 0x0000, 0x0000, 0x0000, 0x0000,
        0x0000, 0x0000, 0x0000, 0x5141, 0x5961, 0x48C1, 0x50C1, 0x50C1, 0x50C1, 0x50C1, 0x5961, 0x5961, 0x0000, 0x0000, 0x0000, 0x0000,
        0x0000, 0x0000, 0x0000, 0x30C0, 0x30C0, 0x38E0, 0x38E1, 0x3901, 0x3901, 0x38E1, 0x38E0, 0x30C0, 0x0000, 0x0000, 0x0000, 0x0000,
        0x0000, 0x0000, 0x0000, 0x5141, 0x5141, 0x5961, 0x5981, 0x6181, 0x6181, 0x5981, 0x5961, 0x5141, 0x0000, 0x0000, 0x0000, 0x0000,
        0x0000, 0x0000, 0x0000, 0x0000, 0x5141, 0x5961, 0x5961, 0x5981, 0x5981, 0x5961, 0x5961, 0x0000, 0x0000, 0x0000, 0x0000, 0x0000,
        0x0000, 0x0000, 0x0000, 0x0000, 0x0000, 0x1881, 0x1881, 0x1881, 0x1881, 0x1881, 0x0000, 0x0000, 0x0000, 0x0000, 0x0000, 0x0000,
        0x0000, 0x0000, 0x0000, 0x0000, 0x0000, 0x0000, 0x0000, 0x30E1, 0x0000, 0x0000, 0x0000, 0x0000, 0x0000, 0x0000, 0x0000, 0x0000,
        0x0000, 0x0000, 0x0000, 0x0000, 0x0000, 0x0000, 0x30E1, 0x30E1, 0x30E1, 0x0000, 0x0000, 0x0000, 0x0000, 0x0000, 0x0000, 0x0000,
        0x0000, 0x0000, 0x0000, 0x0000, 0x0000, 0x0000, 0x0000, 0x0000, 0x0000, 0x0000, 0x0000, 0x0000, 0x0000, 0x0000, 0x0000, 0x0000,
    },
    {
        0x0000, 0x0000, 0x0000, 0x0000, 0x0000, 0x0000, 0x0000, 0x28E2, 0x0000, 0x0000, 0x0000, 0x0000, 0x0000, 0x0000, 0x0000, 0x0000,
        0x0000, 0x0000, 0x0000, 0x0000, 0x0000, 0x0000, 0x0000, 0x28E2, 0x0000, 0x0000, 0x0000, 0x0000, 0x0000, 0x0000, 0x0000, 0x0000,
        0x0000, 0x0000, 0x0000, 0x0000, 0x0000, 0x1881, 0x1881, 0x1881, 0x1881, 0x1881, 0x0000, 0x0000, 0x0000, 0x0000, 0x0000, 0x0000,
        0x0000, 0x0000, 0x0000, 0x0000, 0x5121, 0x5141, 0x5141, 0x5141, 0x5141, 0x5141, 0x5141, 0x0000, 0x0000, 0x0000, 0x0000, 0x0000,
        0x0000, 0x0000, 0x0000, 0x4921, 0x5141, 0x5141, 0x5961, 0x5961, 0x5961, 0x5961, 0x5141, 0x5141, 0x0000, 0x0000, 0x0000, 0x0000,
        0x0000, 0x0000, 0x0000, 0x30C0, 0x30C0, 0x30E0, 0x38E0, 0x38E0, 0x38E0, 0x38E0, 0x30C0, 0x30C0, 0x0000, 0x0000, 0x0000, 0x0000,
        0x0000, 0x0000, 0x0000, 0x5141, 0x5961, 0x48C1, 0x50C1, 0x50C1, 0x50C1, 0x48C1, 0x5961, 0x5161, 0x0000, 0x0000, 0x0000, 0x0000,
        0x0000, 0x0000, 0x0000, 0x5141, 0x5961, 0x5981, 0x6181, 0x50C1, 0x61A1, 0x6181, 0x5981, 0x5961, 0x0000, 0x0000, 0x0000, 0x0000,
        0x0000, 0x0000, 0x0000, 0x5141, 0x5961, 0x48C1, 0x50C1, 0x50E1, 0x50E1, 0x50C1, 0x5981, 0x5961, 0x0000, 0x0000, 0x0000, 0x0000,
        0x0000, 0x0000, 0x0000, 0x30C0, 0x38E0, 0x38E0, 0x3901, 0x4101, 0x4101, 0x3901, 0x38E0, 0x38E0, 0x0000, 0x0000, 0x0000, 0x0000,
        0x0000, 0x0000, 0x0000, 0x5141, 0x5961, 0x5981, 0x6181, 0x61A1, 0x61A1, 0x6181, 0x5961, 0x5961, 0x0000, 0x0000, 0x0000, 0x0000,
        0x0000, 0x0000, 0x0000, 0x0000, 0x5141, 0x5961, 0x5981, 0x6181, 0x6181, 0x5981, 0x5961, 0x0000, 0x0000, 0x0000, 0x0000, 0x0000,
        0x0000, 0x0000, 0x0000, 0x0000, 0x0000, 0x1881, 0x1881, 0x1881, 0x1881, 0x1881, 0x0000, 0x0000, 0x0000, 0x0000, 0x0000, 0x0000,
        0x0000, 0x0000, 0x0000, 0x0000, 0x0000, 0x0000, 0x0000, 0x30E1, 0x0000, 0x0000, 0x0000, 0x0000, 0x0000, 0x0000, 0x0000, 0x0000,
        0x0000, 0x0000, 0x0000, 0x0000, 0x0000, 0x0000, 0x30E1, 0x30E1, 0x30E1, 0x0000, 0x0000, 0x0000, 0x0000, 0x0000, 0x0000, 0x0000,
        0x0000, 0x0000, 0x0000, 0x0000, 0x0000, 0x0000, 0x0000, 0x0000, 0x0000, 0x0000, 0x0000, 0x0000, 0x0000, 0x0000, 0x0000, 0x0000,
    },
    {
        0x0000, 0x0000, 0x0000, 0x0000, 0x0000, 0x0000, 0x0000, 0x28E2, 0x0000, 0x0000, 0x0000, 0x0000, 0x0000, 0x0000, 0x0000, 0x0000,
        0x0000, 0x0000, 0x0000, 0x0000, 0x0000, 0x0000, 0x0000, 0x28E2, 0x0000, 0x0000, 0x0000, 0x0000, 0x0000, 0x0000, 0x0000, 0x0000,
        0x0000, 0x0000, 0x0000, 0x0000, 0x0000, 0x1881, 0x1881, 0x1881, 0x1881, 0x1881, 0x0000, 0x0000, 0x0000, 0x0000, 0x0000, 0x0000,
        0x0000, 0x0000, 0x0000, 0x0000, 0x5141, 0x5961, 0x5961, 0x5961, 0x5961, 0x5961, 0x5961, 0x0000, 0x0000, 0x0000, 0x0000, 0x0000,
        0x0000, 0x0000, 0x0000, 0x5141, 0x5961, 0x5981, 0x6181, 0x6181, 0x6181, 0x6181, 0x5961, 0x5961, 0x0000, 0x0000, 0x0000, 0x0000,
        0x0000, 0x0000, 0x0000, 0x30C0, 0x38E0, 0x38E1, 0x3901, 0x4101, 0x4101, 0x3901, 0x38E1, 0x38E0, 0x0000, 0x0000, 0x0000, 0x0000,
        0x0000, 0x0000, 0x0000, 0x5961, 0x6181, 0x50C1, 0x50E1, 0x50E1, 0x50E1, 0x50E1, 0x61A1, 0x5981, 0x0000, 0x0000, 0x0000, 0x0000,
        0x0000, 0x0000, 0x0000, 0x5961, 0x6181, 0x69A1, 0x69C1, 0x50E1, 0x71E2, 0x69C1, 0x61A1, 0x6181, 0x0000, 0x0000, 0x0000, 0x0000,
        0x0000, 0x0000, 0x0000, 0x5961, 0x6181, 0x50E1, 0x50E1, 0x50E1, 0x50E1, 0x50E1, 0x69A1, 0x6181, 0x0000, 0x0000, 0x0000, 0x0000,
        0x0000, 0x0000, 0x0000, 0x38E0, 0x3901, 0x4101, 0x4121, 0x4921, 0x4121, 0x4121, 0x4101, 0x38E1, 0x0000, 0x0000, 0x0000, 0x0000,
        0x0000, 0x0000, 0x0000, 0x5961, 0x6181, 0x69A1, 0x69C1, 0x71E2, 0x69C2, 0x69C1, 0x61A1, 0x6181, 0x0000, 0x0000, 0x0000, 0x0000,
        0x0000, 0x0000, 0x0000, 0x0000, 0x6181, 0x61A1, 0x69A1, 0x69C1, 0x69C1, 0x69A1, 0x6181, 0x0000, 0x0000, 0x0000, 0x0000, 0x0000,
        0x0000, 0x0000, 0x0000, 0x0000, 0x0000, 0x1881, 0x1881, 0x1881, 0x1881, 0x1881, 0x0000, 0x0000, 0x0000, 0x0000, 0x0000, 0x0000,
        0x0000, 0x0000, 0x0000, 0x0000, 0x0000, 0x0000, 0x0000, 0x3101, 0x0000, 0x0000, 0x0000, 0x0000, 0x0000, 0x0000, 0x0000, 0x0000,
        0x0000, 0x0000, 0x0000, 0x0000, 0x0000, 0x0000, 0x3101, 0x3101, 0x3101, 0x0000, 0x0000, 0x0000, 0x0000, 0x0000, 0x0000, 0x0000,
        0x0000, 0x0000, 0x0000, 0x0000, 0x0000, 0x0000, 0x0000, 0x0000, 0x0000, 0x0000, 0x0000, 0x0000, 0x0000, 0x0000, 0x0000, 0x0000,
    },
    {
        0x0000, 0x0000, 0x0000, 0x0000, 0x0000, 0x0000, 0x0000, 0x28E2, 0x0000, 0x0000, 0x0000, 0x0000, 0x0000, 0x0000, 0x0000, 0x0000,
        0x0000, 0x0000, 0x0000, 0x0000, 0x0000, 0x0000, 0x0000, 0x28E2, 0x0000, 0x0000, 0x0000, 0x0000, 0x0000, 0x0000, 0x0000, 0x0000,
        0x0000, 0x0000, 0x0000, 0x0000, 0x0000, 0x1881, 0x1881, 0x1881, 0x1881, 0x1881, 0x0000, 0x0000, 0x0000, 0x0000, 0x0000, 0x0000,
        0x0000, 0x0000, 0x0000, 0x0000, 0x5961, 0x5961, 0x5981, 0x6181, 0x6181, 0x5981, 0x5961, 0x0000, 0x0000, 0x0000, 0x0000, 0x0000,
        0x0000, 0x0000, 0x0000, 0x5961, 0x5981, 0x6181, 0x61A1, 0x61A1, 0x61A1, 0x6181, 0x6181, 0x5961, 0x0000, 0x0000, 0x0000, 0x0000,
        0x0000, 0x0000, 0x0000, 0x38E0, 0x38E1, 0x3901, 0x4101, 0x4101, 0x4101, 0x4101, 0x3901, 0x38E0, 0x0000, 0x0000, 0x0000, 0x0000,
        0x0000, 0x0000, 0x0000, 0x5981, 0x61A1, 0x50E1, 0x50E1, 0x50E1, 0x50E1, 0x50E1, 0x69A1, 0x6181, 0x0000, 0x0000, 0x0000, 0x0000,
        0x0000, 0x0000, 0x0000, 0x6181, 0x61A1, 0x69C1, 0x71E2, 0x50E1, 0x71E2, 0x71E2, 0x69C1, 0x61A1, 0x0000, 0x0000, 0x0000, 0x0000,
        0x0000, 0x0000, 0x0000, 0x6181, 0x69A1, 0x50E1, 0x50E1, 0x50E1, 0x50E1, 0x50E1, 0x69C1, 0x61A1, 0x0000, 0x0000, 0x0000, 0x0000,
        0x0000, 0x0000, 0x0000, 0x38E1, 0x4101, 0x4121, 0x4921, 0x4941, 0x4941, 0x4121, 0x4101, 0x3901, 0x0000, 0x0000, 0x0000, 0x0000,
        0x0000, 0x0000, 0x0000, 0x6181, 0x61A1, 0x69C1, 0x71E2, 0x71E2, 0x71E2, 0x71C2, 0x69C1, 0x61A1, 0x0000, 0x0000, 0x0000, 0x0000,
        0x0000, 0x0000, 0x0000, 0x0000, 0x61A1, 0x69A1, 0x69C1, 0x71C2, 0x69C1, 0x69C1, 0x61A1, 0x0000, 0x0000, 0x0000, 0x0000, 0x0000,
        0x0000, 0x0000, 0x0000, 0x0000, 0x0000, 0x1881, 0x1881, 0x1881, 0x1881, 0x1881, 0x0000, 0x0000, 0x0000, 0x0000, 0x0000, 0x0000,
        0x0000, 0x0000, 0x0000, 0x0000, 0x0000, 0x0000, 0x0000, 0x3901, 0x0000, 0x0000, 0x0000, 0x0000, 0x0000, 0x0000, 0x0000, 0x0000,
        0x0000, 0x0000, 0x0000, 0x0000, 0x0000, 0x0000, 0x3901, 0x3901, 0x3901, 0x0000, 0x0000, 0x0000, 0x0000, 0x0000, 0x0000, 0x0000,
        0x0000, 0x0000, 0x0000, 0x0000, 0x0000, 0x0000, 0x0000, 0x0000, 0x0000, 0x0000, 0x0000, 0x0000, 0x0000, 0x0000, 0x0000, 0x0000,
    },
    {
        0x0000, 0x0000, 0x0000, 0x0000, 0x0000, 0x0000, 0x0000, 0x28E2, 0x0000, 0x0000, 0x0000, 0x0000, 0x0000, 0x0000, 0x0000, 0x0000,
        0x0000, 0x0000, 0x0000, 0x0000, 0x0000, 0x0000, 0x0000, 0x28E2, 0x0000, 0x0000, 0x0000, 0x0000, 0x0000, 0x0000, 0x0000, 0x0000,
        0x0000, 0x0000, 0x0000, 0x0000, 0x0000, 0x1881, 0x1881, 0x1881, 0x1881, 0x1881, 0x0000, 0x0000, 0x0000, 0x0000, 0x0000, 0x0000,
        0x0000, 0x0000, 0x0000, 0x0000, 0x5961, 0x5961, 0x5981, 0x6181, 0x5981, 0x5961, 0x5961, 0x0000, 0x0000, 0x0000, 0x0000, 0x0000,
        0x0000, 0x0000, 0x0000, 0x5961, 0x5961, 0x6181, 0x61A1, 0x61A1, 0x61A1, 0x6181, 0x5981, 0x5961, 0x0000, 0x0000, 0x0000, 0x0000,
        0x0000, 0x0000, 0x0000, 0x38E0, 0x38E1, 0x3901, 0x4101, 0x4101, 0x4101, 0x4101, 0x3901, 0x38E0, 0x0000, 0x0000, 0x0000, 0x0000,
        0x0000, 0x0000, 0x0000, 0x5981, 0x61A1, 0x50E1, 0x50E1, 0x50E1, 0x50E1, 0x50E1, 0x61A1, 0x6181, 0x0000, 0x0000, 0x0000, 0x0000,
        0x0000, 0x0000, 0x0000, 0x6181, 0x61A1, 0x69C1, 0x71E2, 0x50E1, 0x71E2, 0x69C1, 0x69A1, 0x6181, 0x0000, 0x0000, 0x0000, 0x0000,
        0x0000, 0x0000, 0x0000, 0x6181, 0x61A1, 0x50E1, 0x50E1, 0x50E1, 0x50E1, 0x50E1, 0x69A1, 0x6181, 0x0000, 0x0000, 0x0000, 0x0000,
        0x0000, 0x0000, 0x0000, 0x38E1, 0x4101, 0x4121, 0x4121, 0x4941, 0x4921, 0x4121, 0x4101, 0x3901, 0x0000, 0x0000, 0x0000, 0x0000,
        0x0000, 0x0000, 0x0000, 0x5981, 0x61A1, 0x69C1, 0x71E2, 0x71E2, 0x71E2, 0x69C1, 0x61A1, 0x6181, 0x0000, 0x0000, 0x0000, 0x0000,
        0x0000, 0x0000, 0x0000, 0x0000, 0x6181, 0x69A1, 0x69C1, 0x69C1, 0x69C1, 0x69A1, 0x61A1, 0x0000, 0x0000, 0x0000, 0x0000, 0x0000,
        0x0000, 0x0000, 0x0000, 0x0000, 0x0000, 0x1881, 0x1881, 0x1881, 0x1881, 0x1881, 0x0000, 0x0000, 0x0000, 0x0000, 0x0000, 0x0000,
        0x0000, 0x0000, 0x0000, 0x0000, 0x0000, 0x0000, 0x0000, 0x3901, 0x0000, 0x0000, 0x0000, 0x0000, 0x0000, 0x0000, 0x0000, 0x0000,
        0x0000, 0x0000, 0x0000, 0x0000, 0x0000, 0x0000, 0x3901, 0x3901, 0x3901, 0x0000, 0x0000, 0x0000, 0x0000, 0x0000, 0x0000, 0x0000,
        0x0000, 0x0000, 0x0000, 0x0000, 0x0000, 0x0000, 0x0000, 0x0000, 0x0000, 0x0000, 0x0000, 0x0000, 0x0000, 0x0000, 0x0000, 0x0000,
    },
    {
        0x0000, 0x0000, 0x0000, 0x0000, 0x0000, 0x0000, 0x0000, 0x28E2, 0x0000, 0x0000, 0x0000, 0x0000, 0x0000, 0x0000, 0x0000, 0x0000,
        0x0000, 0x0000, 0x0000, 0x0000, 0x0000, 0x0000, 0x0000, 0x28E2, 0x0000, 0x0000, 0x0000, 0x0000, 0x0000, 0x0000, 0x0000, 0x0000,
        0x0000, 0x0000, 0x0000, 0x0000, 0x0000, 0x1881, 0x1881, 0x1881, 0x1881, 0x1881, 0x0000, 0x0000, 0x0000, 0x0000, 0x0000, 0x0000,
        0x0000, 0x0000, 0x0000, 0x0000, 0x5961, 0x5961, 0x5981, 0x6181, 0x5981, 0x5961, 0x5961, 0x0000, 0x0000, 0x0000, 0x0000, 0x0000,
        0x0000, 0x0000, 0x0000, 0x5961, 0x5981, 0x6181, 0x61A1, 0x61A1, 0x61A1, 0x6181, 0x5981, 0x5961, 0x0000, 0x0000, 0x0000, 0x0000,
        0x0000, 0x0000, 0x0000, 0x38E0, 0x38E1, 0x3901, 0x4101, 0x4101, 0x4101, 0x3901, 0x38E1, 0x38E0, 0x0000, 0x0000, 0x0000, 0x0000,
        0x0000, 0x0000, 0x0000, 0x5981, 0x61A1, 0x50E1, 0x50E1, 0x50E1, 0x50E1, 0x50E1, 0x61A1, 0x5981, 0x0000, 0x0000, 0x0000, 0x0000,
        0x0000, 0x0000, 0x0000, 0x6181, 0x61A1, 0x69C1, 0x71E2, 0x50E1, 0x71E2, 0x69C1, 0x61A1, 0x6181, 0x0000, 0x0000, 0x0000, 0x0000,
        0x0000, 0x0000, 0x0000, 0x6181, 0x69A1, 0x50E1, 0x50E1, 0x50E1, 0x50E1, 0x50E1, 0x61A1, 0x6181, 0x0000, 0x0000, 0x0000, 0x0000,
        0x0000, 0x0000, 0x0000, 0x38E1, 0x4101, 0x4121, 0x4121, 0x4941, 0x4121, 0x4121, 0x4101, 0x38E1, 0x0000, 0x0000, 0x0000, 0x0000,
        0x0000, 0x0000, 0x0000, 0x5981, 0x61A1, 0x69C1, 0x69C1, 0x71E2, 0x69C1, 0x69C1, 0x61A1, 0x5981, 0x0000, 0x0000, 0x0000, 0x0000,
        0x0000, 0x0000, 0x0000, 0x0000, 0x6181, 0x61A1, 0x69C1, 0x69C1, 0x69C1, 0x61A1, 0x6181, 0x0000, 0x0000, 0x0000, 0x0000, 0x0000,
        0x0000, 0x0000, 0x0000, 0x0000, 0x0000, 0x1881, 0x1881, 0x1881, 0x1881, 0x1881, 0x0000, 0x0000, 0x0000, 0x0000, 0x0000, 0x0000,
        0x0000, 0x0000, 0x0000, 0x0000, 0x0000, 0x0000, 0x0000, 0x3901, 0x0000, 0x0000, 0x0000, 0x0000, 0x0000, 0x0000, 0x0000, 0x0000,
        0x0000, 0x0000, 0x0000, 0x0000, 0x0000, 0x0000, 0x3901, 0x3901, 0x3901, 0x0000, 0x0000, 0x0000, 0x0000, 0x0000, 0x0000, 0x0000,
        0x0000, 0x0000, 0x0000, 0x0000, 0x0000, 0x0000, 0x0000, 0x0000, 0x0000, 0x0000, 0x0000, 0x0000, 0x0000, 0x0000, 0x0000, 0x0000,
    },
    {
        0x0000, 0x0000, 0x0000, 0x0000, 0x0000, 0x0000, 0x0000, 0x28E2, 0x0000, 0x0000, 0x0000, 0x0000, 0x0000, 0x0000, 0x0000, 0x0000,
        0x0000, 0x0000, 0x0000, 0x0000, 0x0000, 0x0000, 0x0000, 0x28E2, 0x0000, 0x0000, 0x0000, 0x0000, 0x0000, 0x0000, 0x0000, 0x0000,
        0x0000, 0x0000, 0x0000, 0x0000, 0x0000, 0x1881, 0x1881, 0x1881, 0x1881, 0x1881, 0x0000, 0x0000, 0x0000, 0x0000, 0x0000, 0x0000,
        0x0000, 0x0000, 0x0000, 0x0000, 0x5961, 0x5961, 0x5981, 0x5981, 0x5981, 0x5961, 0x5961, 0x0000, 0x0000, 0x0000, 0x0000, 0x0000,
        0x0000, 0x0000, 0x0000, 0x5961, 0x5961, 0x6181, 0x6181, 0x6181, 0x6181, 0x6181, 0x5961, 0x5141, 0x0000, 0x0000, 0x0000, 0x0000,
        0x0000, 0x0000, 0x0000, 0x38E0, 0x38E1, 0x3901, 0x4101, 0x4101, 0x4101, 0x3901, 0x38E0, 0x38E0, 0x0000, 0x0000, 0x0000, 0x0000,
        0x0000, 0x0000, 0x0000, 0x5981, 0x61A1, 0x50E1, 0x50E1, 0x50E1, 0x50E1, 0x50C1, 0x6181, 0x5961, 0x0000, 0x0000, 0x0000, 0x0000,
        0x0000, 0x0000, 0x0000, 0x6181, 0x61A1, 0x69C1, 0x71E2, 0x50E1, 0x69C1, 0x69C1, 0x61A1, 0x5981, 0x0000, 0x0000, 0x0000, 0x0000,
        0x0000, 0x0000, 0x0000, 0x6181, 0x61A1, 0x50E1, 0x50E1, 0x50E1, 0x50E1, 0x50E1, 0x61A1, 0x5981, 0x0000, 0x0000, 0x0000, 0x0000,
        0x0000, 0x0000, 0x0000, 0x38E1, 0x3901, 0x4101, 0x4121, 0x4121, 0x4121, 0x4101, 0x3901, 0x38E0, 0x0000, 0x0000, 0x0000, 0x0000,
        0x0000, 0x0000, 0x0000, 0x5981, 0x61A1, 0x69A1, 0x69C1, 0x69C1, 0x69C1, 0x61A1, 0x6181, 0x5961, 0x0000, 0x0000, 0x0000, 0x0000,
        0x0000, 0x0000, 0x0000, 0x0000, 0x6181, 0x61A1, 0x69A1, 0x69A1, 0x61A1, 0x61A1, 0x5981, 0x0000, 0x0000, 0x0000, 0x0000, 0x0000,
        0x0000, 0x0000, 0x0000, 0x0000, 0x0000, 0x1881, 0x1881, 0x1881, 0x1881, 0x1881, 0x0000, 0x0000, 0x0000, 0x0000, 0x0000, 0x0000,
        0x0000, 0x0000, 0x0000, 0x0000, 0x0000, 0x0000, 0x0000, 0x3101, 0x0000, 0x0000, 0x0000, 0x0000, 0x0000, 0x0000, 0x0000, 0x0000,
        0x0000, 0x0000, 0x0000, 0x0000, 0x0000, 0x0000, 0x3101, 0x3101, 0x3101, 0x0000, 0x0000, 0x0000, 0x0000, 0x0000, 0x0000, 0x0000,
        0x0000, 0x0000, 0x0000, 0x0000, 0x0000, 0x0000, 0x0000, 0x0000, 0x0000, 0x0000, 0x0000, 0x0000, 0x0000, 0x0000, 0x0000, 0x0000,
    },
    {
        0x0000, 0x0000, 0x0000, 0x0000, 0x0000, 0x0000, 0x0000, 0x28E2, 0x0000, 0x0000, 0x0000, 0x0000, 0x0000, 0x0000, 0x0000, 0x0000,
        0x0000, 0x0000, 0x0000, 0x0000, 0x0000, 0x0000, 0x0000, 0x28E2, 0x0000, 0x0000, 0x0000, 0x0000, 0x0000, 0x0000, 0x0000, 0x0000,
        0x0000, 0x0000, 0x0000, 0x0000, 0x0000, 0x1881, 0x1881, 0x1881, 0x1881, 0x1881, 0x0000, 0x0000, 0x0000, 0x0000, 0x0000, 0x0000,
        0x0000, 0x0000, 0x0000, 0x0000, 0x6181, 0x6181, 0x61A1, 0x61A1, 0x61A1, 0x6181, 0x5981, 0x0000, 0x0000, 0x0000, 0x0000, 0x0000,
        0x0000, 0x0000, 0x0000, 0x6181, 0x61A1, 0x69A1, 0x69C1, 0x69C1, 0x69C1, 0x61A1, 0x6181, 0x5961, 0x0000, 0x0000, 0x0000, 0x0000,
        0x0000, 0x0000, 0x0000, 0x3901, 0x4101, 0x4121, 0x4121, 0x4121, 0x4121, 0x4101, 0x3901, 0x38E1, 0x0000, 0x0000, 0x0000, 0x0000,
        0x0000, 0x0000, 0x0000, 0x61A1, 0x69C1, 0x50E1, 0x50E1, 0x50E1, 0x50E1, 0x50E1, 0x69A1, 0x6181, 0x0000, 0x0000, 0x0000, 0x0000,
        0x0000, 0x0000, 0x0000, 0x69A1, 0x69C2, 0x7202, 0x7A22, 0x58E1, 0x7A02, 0x71E2, 0x69C1, 0x61A1, 0x0000, 0x0000, 0x0000, 0x0000,
        0x0000, 0x0000, 0x0000, 0x69A1, 0x71E2, 0x50E1, 0x58E1, 0x5901, 0x50E1, 0x50E1, 0x69C1, 0x61A1, 0x0000, 0x0000, 0x0000, 0x0000,
        0x0000, 0x0000, 0x0000, 0x4101, 0x4121, 0x4941, 0x4941, 0x4941, 0x4941, 0x4121, 0x4101, 0x3901, 0x0000, 0x0000, 0x0000, 0x0000,
        0x0000, 0x0000, 0x0000, 0x61A1, 0x69C1, 0x71E2, 0x7202, 0x7A02, 0x71E2, 0x71C2, 0x69A1, 0x6181, 0x0000, 0x0000, 0x0000, 0x0000,
        0x0000, 0x0000, 0x0000, 0x0000, 0x69A1, 0x69C1, 0x71E2, 0x71E2, 0x71E2, 0x69C1, 0x61A1, 0x0000, 0x0000, 0x0000, 0x0000, 0x0000,
        0x0000, 0x0000, 0x0000, 0x0000, 0x0000, 0x1881, 0x1881, 0x1881, 0x1881, 0x1881, 0x0000, 0x0000, 0x0000, 0x0000, 0x0000, 0x0000,
        0x0000, 0x0000, 0x0000, 0x0000, 0x0000, 0x0000, 0x0000, 0x3921, 0x0000, 0x0000, 0x0000, 0x0000, 0x0000, 0x0000, 0x0000, 0x0000,
        0x0000, 0x0000, 0x0000, 0x0000, 0x0000, 0x0000, 0x3921, 0x3921, 0x3921, 0x0000, 0x0000, 0x0000, 0x0000, 0x0000, 0x0000, 0x0000,
        0x0000, 0x0000, 0x0000, 0x0000, 0x0000, 0x0000, 0x0000, 0x0000, 0x0000, 0x0000, 0x0000, 0x0000, 0x0000, 0x0000, 0x0000, 0x0000,
    },
    {
        0x0000, 0x0000, 0x0000, 0x0000, 0x0000, 0x0000, 0x0000, 0x28E2, 0x0000, 0x0000, 0x0000, 0x0000, 0x0000, 0x0000, 0x0000, 0x0000,
        0x0000, 0x0000, 0x0000, 0x0000, 0x0000, 0x0000, 0x0000, 0x28E2, 0x0000, 0x0000, 0x0000, 0x0000, 0x0000, 0x0000, 0x0000, 0x0000,
        0x0000, 0x0000, 0x0000, 0x0000, 0x0000, 0x1881, 0x1881, 0x1881, 0x1881, 0x1881, 0x0000, 0x0000, 0x0000, 0x0000, 0x0000, 0x0000,
        0x0000, 0x0000, 0x0000, 0x0000, 0x6181, 0x61A1, 0x69A1, 0x69A1, 0x61A1, 0x61A1, 0x5981, 0x0000, 0x0000, 0x0000, 0x0000, 0x0000,
        0x0000, 0x0000, 0x0000, 0x6181, 0x69A1, 0x69C1, 0x69C1, 0x69C1, 0x69C1, 0x69A1, 0x61A1, 0x5981, 0x0000, 0x0000, 0x0000, 0x0000,
        0x0000, 0x0000, 0x0000, 0x4101, 0x4121, 0x4121, 0x4921, 0x4921, 0x4121, 0x4121, 0x4101, 0x38E1, 0x0000, 0x0000, 0x0000, 0x0000,
        0x0000, 0x0000, 0x0000, 0x69C1, 0x71E2, 0x50E1, 0x50E1, 0x50E1, 0x50E1, 0x50E1, 0x69C1, 0x61A1, 0x0000, 0x0000, 0x0000, 0x0000,
        0x0000, 0x0000, 0x0000, 0x69C1, 0x71E2, 0x7A02, 0x8222, 0x5901, 0x7A22, 0x71E2, 0x69C1, 0x61A1, 0x0000, 0x0000, 0x0000, 0x0000,
        0x0000, 0x0000, 0x0000, 0x69C1, 0x71E2, 0x50E1, 0x5901, 0x5901, 0x58E1, 0x50E1, 0x69C1, 0x61A1, 0x0000, 0x0000, 0x0000, 0x0000,
        0x0000, 0x0000, 0x0000, 0x4101, 0x4921, 0x4941, 0x5161, 0x5161, 0x4941, 0x4941, 0x4121, 0x4101, 0x0000, 0x0000, 0x0000, 0x0000,
        0x0000, 0x0000, 0x0000, 0x69C1, 0x71E2, 0x7A02, 0x7A22, 0x7A22, 0x7A02, 0x71E2, 0x69C1, 0x61A1, 0x0000, 0x0000, 0x0000, 0x0000,
        0x0000, 0x0000, 0x0000, 0x0000, 0x69C1, 0x71E2, 0x7202, 0x7202, 0x71E2, 0x69C1, 0x69A1, 0x0000, 0x0000, 0x0000, 0x0000, 0x0000,
        0x0000, 0x0000, 0x0000, 0x0000, 0x0000, 0x1881, 0x1881, 0x1881, 0x1881, 0x1881, 0x0000, 0x0000, 0x0000, 0x0000, 0x0000, 0x0000,
        0x0000, 0x0000, 0x0000, 0x0000, 0x0000, 0x0000, 0x0000, 0x3921, 0x0000, 0x0000, 0x0000, 0x0000, 0x0000, 0x0000, 0x0000, 0x0000,
        0x0000, 0x0000, 0x0000, 0x0000, 0x0000, 0x0000, 0x3921, 0x3921, 0x3921, 0x0000, 0x0000, 0x0000, 0x0000, 0x0000, 0x0000, 0x0000,
        0x0000, 0x0000, 0x0000, 0x0000, 0x0000, 0x0000, 0x0000, 0x0000, 0x0000, 0x0000, 0x0000, 0x0000, 0x0000, 0x0000, 0x0000, 0x0000,
    },
    {
        0x0000, 0x0000, 0x0000, 0x0000, 0x0000, 0x0000, 0x0000, 0x28E2, 0x0000, 0x0000, 0x0000, 0x0000, 0x0000, 0x0000, 0x0000, 0x0000,
        0x0000, 0x0000, 0x0000, 0x0000, 0x0000, 0x0000, 0x0000, 0x28E2, 0x0000, 0x0000, 0x0000, 0x0000, 0x0000, 0x0000, 0x0000, 0x0000,
        0x0000, 0x0000, 0x0000, 0x0000, 0x0000, 0x1881, 0x1881, 0x1881, 0x1881, 0x1881, 0x0000, 0x0000, 0x0000, 0x0000, 0x0000, 0x0000,
        0x0000, 0x0000, 0x0000, 0x0000, 0x69A1, 0x69C1, 0x71C2, 0x71E2, 0x69C1, 0x69C1, 0x61A1, 0x0000, 0x0000, 0x0000, 0x0000, 0x0000,
        0x0000, 0x0000, 0x0000, 0x69C1, 0x71E2, 0x71E2, 0x7202, 0x7202, 0x71E2, 0x71E2, 0x69C1, 0x61A1, 0x0000, 0x0000, 0x0000, 0x0000,
        0x0000, 0x0000, 0x0000, 0x4121, 0x4921, 0x4941, 0x4941, 0x4941, 0x4941, 0x4941, 0x4121, 0x4101, 0x0000, 0x0000, 0x0000, 0x0000,
        0x0000, 0x0000, 0x0000, 0x71E2, 0x7A02, 0x5901, 0x5901, 0x5901, 0x5901, 0x50E1, 0x71E2, 0x69C1, 0x0000, 0x0000, 0x0000, 0x0000,
        0x0000, 0x0000, 0x0000, 0x71E2, 0x7A22, 0x8242, 0x8A62, 0x5901, 0x8242, 0x7A22, 0x7202, 0x69C1, 0x0000, 0x0000, 0x0000, 0x0000,
        0x0000, 0x0000, 0x0000, 0x7202, 0x8222, 0x5901, 0x5901, 0x5901, 0x5901, 0x5901, 0x7A02, 0x69C1, 0x0000, 0x0000, 0x0000, 0x0000,
        0x0000, 0x0000, 0x0000, 0x4941, 0x4941, 0x5161, 0x5981, 0x5981, 0x5161, 0x4941, 0x4941, 0x4121, 0x0000, 0x0000, 0x0000, 0x0000,
        0x0000, 0x0000, 0x0000, 0x71E2, 0x7A22, 0x8242, 0x8A62, 0x8A62, 0x8242, 0x7A22, 0x71E2, 0x69C1, 0x0000, 0x0000, 0x0000, 0x0000,
        0x0000, 0x0000, 0x0000, 0x0000, 0x7A02, 0x7A22, 0x8222, 0x8242, 0x7A22, 0x7A02, 0x71E2, 0x0000, 0x0000, 0x0000, 0x0000, 0x0000,
        0x0000, 0x0000, 0x0000, 0x0000, 0x0000, 0x1881, 0x1881, 0x1881, 0x1881, 0x1881, 0x0000, 0x0000, 0x0000, 0x0000, 0x0000, 0x0000,
        0x0000, 0x0000, 0x0000, 0x0000, 0x0000, 0x0000, 0x0000, 0x4141, 0x0000, 0x0000, 0x0000, 0x0000, 0x0000, 0x0000, 0x0000, 0x0000,
        0x0000, 0x0000, 0x0000, 0x0000, 0x0000, 0x0000, 0x4141, 0x4141, 0x4141, 0x0000, 0x0000, 0x0000, 0x0000, 0x0000, 0x0000, 0x0000,
        0x0000, 0x0000, 0x0000, 0x0000, 0x0000, 0x0000, 0x0000, 0x0000, 0x0000, 0x0000, 0x0000, 0x0000, 0x0000, 0x0000, 0x0000, 0x0000,
    },
    {
        0x0000, 0x0000, 0x0000, 0x0000, 0x0000, 0x0000, 0x0000, 0x28E2, 0x0000, 0x0000, 0x0000, 0x0000, 0x0000, 0x0000, 0x0000, 0x0000,
        0x0000, 0x0000, 0x0000, 0x0000, 0x0000, 0x0000, 0x0000, 0x28E2, 0x0000, 0x0000, 0x0000, 0x0000, 0x0000, 0x0000, 0x0000, 0x0000,
        0x0000, 0x0000, 0x0000, 0x0000, 0x0000, 0x1881, 0x1881, 0x1881, 0x1881, 0x1881, 0x0000, 0x0000, 0x0000, 0x0000, 0x0000, 0x0000,
        0x0000, 0x0000, 0x0000, 0x0000, 0x71E2, 0x7A02, 0x7A02, 0x7A02, 0x7A02, 0x71E2, 0x69C1, 0x0000, 0x0000, 0x0000, 0x0000, 0x0000,
        0x0000, 0x0000, 0x0000, 0x71E2, 0x7A02, 0x8222, 0x8242, 0x8242, 0x8222, 0x7A02, 0x71E2, 0x69C1, 0x0000, 0x0000, 0x0000, 0x0000,
        0x0000, 0x0000, 0x0000, 0x4941, 0x5161, 0x5161, 0x5181, 0x5181, 0x5161, 0x5161, 0x4941, 0x4121, 0x0000, 0x0000, 0x0000, 0x0000,
        0x0000, 0x0000, 0x0020, 0x7A22, 0x8A62, 0x5901, 0x5901, 0x5901, 0x5901, 0x5901, 0x8222, 0x7202, 0x0020, 0x0000, 0x0000, 0x0000,
        0x0000, 0x0000, 0x0020, 0x8242, 0x8A62, 0x92A2, 0x9AC3, 0x6121, 0x92A2, 0x8A62, 0x8242, 0x7A02, 0x0020, 0x0000, 0x0000, 0x0000,
        0x0000, 0x0000, 0x0020, 0x8242, 0x8A82, 0x5921, 0x6121, 0x6121, 0x5921, 0x5901, 0x8242, 0x7A02, 0x0020, 0x0000, 0x0000, 0x0000,
        0x0000, 0x0000, 0x0000, 0x5161, 0x5981, 0x59A1, 0x61C2, 0x61C2, 0x61A1, 0x5981, 0x5161, 0x4941, 0x0000, 0x0000, 0x0000, 0x0000,
        0x0000, 0x0000, 0x0000, 0x8222, 0x8A62, 0x92A2, 0x9AC3, 0x9AC3, 0x92A2, 0x8A62, 0x8242, 0x7A02, 0x0000, 0x0000, 0x0000, 0x0000,
        0x0000, 0x0000, 0x0000, 0x0020, 0x8242, 0x8A62, 0x9282, 0x9282, 0x8A82, 0x8242, 0x7A22, 0x0020, 0x0000, 0x0000, 0x0000, 0x0000,
        0x0000, 0x0000, 0x0000, 0x0000, 0x0020, 0x1881, 0x1881, 0x1881, 0x1881, 0x1881, 0x0020, 0x0000, 0x0000, 0x0000, 0x0000, 0x0000,
        0x0000, 0x0000, 0x0000, 0x0000, 0x0000, 0x0000, 0x0020, 0x4962, 0x0020, 0x0000, 0x0000, 0x0000, 0x0000, 0x0000, 0x0000, 0x0000,
        0x0000, 0x0000, 0x0000, 0x0000, 0x0000, 0x0000, 0x4962, 0x4962, 0x4962, 0x0000, 0x0000, 0x0000, 0x0000, 0x0000, 0x0000, 0x0000,
        0x0000, 0x0000, 0x0000, 0x0000, 0x0000, 0x0000, 0x0000, 0x0000, 0x0000, 0x0000, 0x0000, 0x0000, 0x0000, 0x0000, 0x0000, 0x0000,
    },
    {
        0x0000, 0x0000, 0x0000, 0x0000, 0x0000, 0x0000, 0x0000, 0x28E2, 0x0000, 0x0000, 0x0000, 0x0000, 0x0000, 0x0000, 0x0000, 0x0000,
        0x0000, 0x0000, 0x0000, 0x0000, 0x0000, 0x0000, 0x0000, 0x28E2, 0x0000, 0x0000, 0x0000, 0x0000, 0x0000, 0x0000, 0x0000, 0x0000,
        0x0000, 0x0000, 0x0000, 0x0000, 0x0000, 0x1881, 0x1881, 0x1881, 0x1881, 0x1881, 0x0000, 0x0000, 0x0000, 0x0000, 0x0000, 0x0000,
        0x0000, 0x0000, 0x0000, 0x0000, 0x7202, 0x7A02, 0x7A22, 0x7A22, 0x7A02, 0x7202, 0x71E2, 0x0000, 0x0000, 0x0000, 0x0000, 0x0000,
        0x0000, 0x0000, 0x0000, 0x7202, 0x7A22, 0x8242, 0x8A42, 0x8A42, 0x8242, 0x8222, 0x7A02, 0x71C2, 0x0000, 0x0000, 0x0000, 0x0000,
        0x0000, 0x0000, 0x0000, 0x4941, 0x5161, 0x5181, 0x5981, 0x5981, 0x5981, 0x5161, 0x4941, 0x4921, 0x0000, 0x0000, 0x0000, 0x0000,
        0x0000, 0x0000, 0x0020, 0x8242, 0x8A62, 0x5901, 0x5921, 0x5921, 0x5901, 0x5901, 0x8242, 0x7A02, 0x0020, 0x0000, 0x0000, 0x0000,
        0x0000, 0x0000, 0x0820, 0x8242, 0x9282, 0x9AC3, 0xA2E3, 0x6121, 0x9AC3, 0x9282, 0x8A62, 0x7A22, 0x0820, 0x0000, 0x0000, 0x0000,
        0x0000, 0x0000, 0x0820, 0x8A62, 0x9282, 0x6121, 0x6121, 0x6121, 0x6121, 0x5901, 0x8A62, 0x7A22, 0x0820, 0x0000, 0x0000, 0x0000,
        0x0000, 0x0000, 0x0020, 0x5161, 0x5981, 0x61C2, 0x69E2, 0x69E2, 0x61C2, 0x59A1, 0x5181, 0x4941, 0x0020, 0x0000, 0x0000, 0x0000,
        0x0000, 0x0000, 0x0000, 0x8242, 0x9282, 0x9AC3, 0xA2E3, 0xA2E3, 0x9AC3, 0x9282, 0x8A42, 0x7A22, 0x0000, 0x0000, 0x0000, 0x0000,
        0x0000, 0x0000, 0x0000, 0x0020, 0x8A62, 0x9282, 0x9AA2, 0x9AA2, 0x92A2, 0x8A62, 0x8242, 0x0020, 0x0000, 0x0000, 0x0000, 0x0000,
        0x0000, 0x0000, 0x0000, 0x0000, 0x0820, 0x1881, 0x1881, 0x1881, 0x1881, 0x1881, 0x0820, 0x0000, 0x0000, 0x0000, 0x0000, 0x0000,
        0x0000, 0x0000, 0x0000, 0x0000, 0x0000, 0x0020, 0x0820, 0x4962, 0x0820, 0x0020, 0x0000, 0x0000, 0x0000, 0x0000, 0x0000, 0x0000,
        0x0000, 0x0000, 0x0000, 0x0000, 0x0000, 0x0000, 0x4962, 0x4962, 0x4962, 0x0000, 0x0000, 0x0000, 0x0000, 0x0000, 0x0000, 0x0000,
        0x0000, 0x0000, 0x0000, 0x0000, 0x0000, 0x0000, 0x0000, 0x0000, 0x0000, 0x0000, 0x0000, 0x0000, 0x0000, 0x0000, 0x0000, 0x0000,
    },
    {
        0x0000, 0x0000, 0x0000, 0x0000, 0x0000, 0x0000, 0x0000, 0x28E2, 0x0000, 0x0000, 0x0000, 0x0000, 0x0000, 0x0000, 0x0000, 0x0000,
        0x0000, 0x0000, 0x0000, 0x0000, 0x0000, 0x0000, 0x0000, 0x28E2, 0x0000, 0x0000, 0x0000, 0x0000, 0x0000, 0x0000, 0x0000, 0x0000,
        0x0000, 0x0000, 0x0000, 0x0000, 0x0000, 0x1881, 0x1881, 0x1881, 0x1881, 0x1881, 0x0000, 0x0000, 0x0000, 0x0000, 0x0000, 0x0000,
        0x0000, 0x0000, 0x0000, 0x0000, 0x71E2, 0x71E2, 0x7A02, 0x7A02, 0x7202, 0x71E2, 0x69C1, 0x0000, 0x0000, 0x0000, 0x0000, 0x0000,
        0x0000, 0x0000, 0x0000, 0x71E2, 0x7A02, 0x7A22, 0x8222, 0x8222, 0x7A22, 0x7A02, 0x71E2, 0x69C1, 0x0000, 0x0000, 0x0000, 0x0000,
        0x0000, 0x0000, 0x0000, 0x4941, 0x4941, 0x5161, 0x5161, 0x5181, 0x5161, 0x5161, 0x4941, 0x4121, 0x0000, 0x0000, 0x0000, 0x0000,
        0x0000, 0x0000, 0x0020, 0x7A02, 0x8242, 0x5901, 0x5901, 0x5901, 0x5901, 0x5901, 0x7A22, 0x71E2, 0x0020, 0x0000, 0x0000, 0x0000,
        0x0000, 0x0000, 0x0020, 0x7A22, 0x8A62, 0x9282, 0x9AA3, 0x5921, 0x92A2, 0x8A62, 0x8222, 0x7A02, 0x0020, 0x0000, 0x0000, 0x0000,
        0x0000, 0x0000, 0x0020, 0x8222, 0x8A62, 0x5901, 0x6121, 0x6121, 0x5921, 0x5901, 0x8242, 0x7A02, 0x0020, 0x0000, 0x0000, 0x0000,
        0x0000, 0x0000, 0x0000, 0x4941, 0x5181, 0x59A1, 0x61C1, 0x61C2, 0x59A1, 0x5981, 0x5161, 0x4941, 0x0000, 0x0000, 0x0000, 0x0000,
        0x0000, 0x0000, 0x0000, 0x7A22, 0x8A42, 0x9282, 0x92A2, 0x9AA2, 0x9282, 0x8A62, 0x8222, 0x7202, 0x0000, 0x0000, 0x0000, 0x0000,
        0x0000, 0x0000, 0x0000, 0x0020, 0x8242, 0x8A62, 0x8A82, 0x9282, 0x8A62, 0x8242, 0x7A22, 0x0020, 0x0000, 0x0000, 0x0000, 0x0000,
        0x0000, 0x0000, 0x0000, 0x0000, 0x0020, 0x1881, 0x1881, 0x1881, 0x1881, 0x1881, 0x0020, 0x0000, 0x0000, 0x0000, 0x0000, 0x0000,
        0x0000, 0x0000, 0x0000, 0x0000, 0x0000, 0x0000, 0x0020, 0x4962, 0x0020, 0x0000, 0x0000, 0x0000, 0x0000, 0x0000, 0x0000, 0x0000,
        0x0000, 0x0000, 0x0000, 0x0000, 0x0000, 0x0000, 0x4962, 0x4962, 0x4962, 0x0000, 0x0000, 0x0000, 0x0000, 0x0000, 0x0000, 0x0000,
        0x0000, 0x0000, 0x0000, 0x0000, 0x0000, 0x0000, 0x0000, 0x0000, 0x0000, 0x0000, 0x0000, 0x0000, 0x0000, 0x0000, 0x0000, 0x0000,
    },
    {
        0x0000, 0x0000, 0x0000, 0x0000, 0x0000, 0x0000, 0x0000, 0x28E2, 0x0000, 0x0000, 0x0000, 0x0000, 0x0000, 0x0000, 0x0000, 0x0000,
        0x0000, 0x0000, 0x0000, 0x0000, 0x0000, 0x0000, 0x0000, 0x28E2, 0x0000, 0x0000, 0x0000, 0x0000, 0x0000, 0x0000, 0x0000, 0x0000,
        0x0000, 0x0000, 0x0000, 0x0000, 0x0000, 0x1881, 0x1881, 0x1881, 0x1881, 0x1881, 0x0000, 0x0000, 0x0000, 0x0000, 0x0000, 0x0000,
        0x0000, 0x0000, 0x0000, 0x0000, 0x69A1, 0x69C1, 0x71E2, 0x71E2, 0x69C2, 0x69C1, 0x61A1, 0x0000, 0x0000, 0x0000, 0x0000, 0x0000,
        0x0000, 0x0000, 0x0000, 0x69A1, 0x71C2, 0x71E2, 0x7A02, 0x7A02, 0x7202, 0x71E2, 0x69C1, 0x61A1, 0x0000, 0x0000, 0x0000, 0x0000,
        0x0000, 0x0000, 0x0000, 0x4121, 0x4921, 0x4941, 0x4941, 0x4941, 0x4941, 0x4941, 0x4121, 0x4101, 0x0000, 0x0000, 0x0000, 0x0000,
        0x0000, 0x0000, 0x0000, 0x71E2, 0x7A02, 0x5901, 0x5901, 0x5901, 0x5901, 0x58E1, 0x7202, 0x69C1, 0x0000, 0x0000, 0x0000, 0x0000,
        0x0000, 0x0000, 0x0000, 0x71E2, 0x7A22, 0x8242, 0x8A62, 0x5901, 0x8A62, 0x8242, 0x7A02, 0x71E2, 0x0000, 0x0000, 0x0000, 0x0000,
        0x0000, 0x0000, 0x0000, 0x7202, 0x7A22, 0x5901, 0x5901, 0x5901, 0x5901, 0x5901, 0x7A02, 0x71E2, 0x0000, 0x0000, 0x0000, 0x0000,
        0x0000, 0x0000, 0x0000, 0x4921, 0x4941, 0x5161, 0x5981, 0x5981, 0x5181, 0x5161, 0x4941, 0x4121, 0x0000, 0x0000, 0x0000, 0x0000,
        0x0000, 0x0000, 0x0000, 0x71E2, 0x7A02, 0x8242, 0x8A62, 0x8A62, 0x8242, 0x8222, 0x7A02, 0x69C2, 0x0000, 0x0000, 0x0000, 0x0000,
        0x0000, 0x0000, 0x0000, 0x0000, 0x7A02, 0x7A22, 0x8242, 0x8242, 0x8222, 0x7A02, 0x71E2, 0x0000, 0x0000, 0x0000, 0x0000, 0x0000,
        0x0000, 0x0000, 0x0000, 0x0000, 0x0000, 0x1881, 0x1881, 0x1881, 0x1881, 0x1881, 0x0000, 0x0000, 0x0000, 0x0000, 0x0000, 0x0000,
        0x0000, 0x0000, 0x0000, 0x0000, 0x0000, 0x0000, 0x0000, 0x4141, 0x0000, 0x0000, 0x0000, 0x0000, 0x0000, 0x0000, 0x0000, 0x0000,
        0x0000, 0x0000, 0x0000, 0x0000, 0x0000, 0x0000, 0x4141, 0x4141, 0x4141, 0x0000, 0x0000, 0x0000, 0x0000, 0x0000, 0x0000, 0x0000,
        0x0000, 0x0000, 0x0000, 0x0000, 0x0000, 0x0000, 0x0000, 0x0000, 0x0000, 0x0000, 0x0000, 0x0000, 0x0000, 0x0000, 0x0000, 0x0000,
    },
    {
        0x0000, 0x0000, 0x0000, 0x0000, 0x0000, 0x0000, 0x0000, 0x28E2, 0x0000, 0x0000, 0x0000, 0x0000, 0x0000, 0x0000, 0x0000, 0x0000,
        0x0000, 0x0000, 0x0000, 0x0000, 0x0000, 0x0000, 0x0000, 0x28E2, 0x0000, 0x0000, 0x0000, 0x0000, 0x0000, 0x0000, 0x0000, 0x0000,
        0x0000, 0x0000, 0x0000, 0x0000, 0x0000, 0x1881, 0x1881, 0x1881, 0x1881, 0x1881, 0x0000, 0x0000, 0x0000, 0x0000, 0x0000, 0x0000,
        0x0000, 0x0000, 0x0000, 0x0000, 0x61A1, 0x69C1, 0x69C1, 0x69C1, 0x69C1, 0x69C1, 0x61A1, 0x0000, 0x0000, 0x0000, 0x0000, 0x0000,
        0x0000, 0x0000, 0x0000, 0x61A1, 0x69C1, 0x71E2, 0x71E2, 0x71E2, 0x71E2, 0x71E2, 0x69C1, 0x61A1, 0x0000, 0x0000, 0x0000, 0x0000,
        0x0000, 0x0000, 0x0000, 0x4101, 0x4121, 0x4941, 0x4941, 0x4941, 0x4941, 0x4921, 0x4121, 0x4101, 0x0000, 0x0000, 0x0000, 0x0000,
        0x0000, 0x0000, 0x0000, 0x69C1, 0x71E2, 0x50E1, 0x5901, 0x5901, 0x5901, 0x50E1, 0x71E2, 0x69C1, 0x0000, 0x0000, 0x0000, 0x0000,
        0x0000, 0x0000, 0x0000, 0x69C2, 0x7A02, 0x8222, 0x8242, 0x5901, 0x8242, 0x7A22, 0x7202, 0x69C1, 0x0000, 0x0000, 0x0000, 0x0000,
        0x0000, 0x0000, 0x0000, 0x71E2, 0x7A02, 0x5901, 0x5901, 0x5901, 0x5901, 0x5901, 0x7202, 0x69C1, 0x0000, 0x0000, 0x0000, 0x0000,
        0x0000, 0x0000, 0x0000, 0x4121, 0x4941, 0x4941, 0x5161, 0x5181, 0x5161, 0x4941, 0x4941, 0x4121, 0x0000, 0x0000, 0x0000, 0x0000,
        0x0000, 0x0000, 0x0000, 0x69C1, 0x71E2, 0x7A22, 0x8242, 0x8242, 0x8222, 0x7A02, 0x71E2, 0x69C1, 0x0000, 0x0000, 0x0000, 0x0000,
        0x0000, 0x0000, 0x0000, 0x0000, 0x71E2, 0x7A02, 0x7A22, 0x7A22, 0x7A02, 0x7202, 0x71E2, 0x0000, 0x0000, 0x0000, 0x0000, 0x0000,
        0x0000, 0x0000, 0x0000, 0x0000, 0x0000, 0x1881, 0x1881, 0x1881, 0x1881, 0x1881, 0x0000, 0x0000, 0x0000, 0x0000, 0x0000, 0x0000,
        0x0000, 0x0000, 0x0000, 0x0000, 0x0000, 0x0000, 0x0000, 0x4121, 0x0000, 0x0000, 0x0000, 0x0000, 0x0000, 0x0000, 0x0000, 0x0000,
        0x0000, 0x0000, 0x0000, 0x0000, 0x0000, 0x0000, 0x4121, 0x4121, 0x4121, 0x0000, 0x0000, 0x0000, 0x0000, 0x0000, 0x0000, 0x0000,
        0x0000, 0x0000, 0x0000, 0x0000, 0x0000, 0x0000, 0x0000, 0x0000, 0x0000, 0x0000, 0x0000, 0x0000, 0x0000, 0x0000, 0x0000, 0x0000,
    },
    {
        0x0000, 0x0000, 0x0000, 0x0000, 0x0000, 0x0000, 0x0000, 0x28E2, 0x0000, 0x0000, 0x0000, 0x0000, 0x0000, 0x0000, 0x0000, 0x0000,
        0x0000, 0x0000, 0x0000, 0x0000, 0x0000, 0x0000, 0x0000, 0x28E2, 0x0000, 0x0000, 0x0000, 0x0000, 0x0000, 0x0000, 0x0000, 0x0000,
        0x0000, 0x0000, 0x0000, 0x0000, 0x0000, 0x1881, 0x1881, 0x1881, 0x1881, 0x1881, 0x0000, 0x0000, 0x0000, 0x0000, 0x0000, 0x0000,
        0x0000, 0x0000, 0x0000, 0x0000, 0x6181, 0x61A1, 0x69C1, 0x69C1, 0x69C1, 0x69A1, 0x6181, 0x0000, 0x0000, 0x0000, 0x0000, 0x0000,
        0x0000, 0x0000, 0x0000, 0x6181, 0x69A1, 0x69C1, 0x71E2, 0x71E2, 0x71E2, 0x69C1, 0x69A1, 0x6181, 0x0000, 0x0000, 0x0000, 0x0000,
        0x0000, 0x0000, 0x0000, 0x3901, 0x4101, 0x4121, 0x4941, 0x4941, 0x4941, 0x4121, 0x4121, 0x4101, 0x0000, 0x0000, 0x0000, 0x0000,
        0x0000, 0x0000, 0x0000, 0x69A1, 0x71E2, 0x50E1, 0x50E1, 0x5901, 0x50E1, 0x50E1, 0x71E2, 0x69C1, 0x0000, 0x0000, 0x0000, 0x0000,
        0x0000, 0x0000, 0x0000, 0x69C1, 0x71E2, 0x7A02, 0x8222, 0x5901, 0x8242, 0x7A02, 0x71E2, 0x69C1, 0x0000, 0x0000, 0x0000, 0x0000,
        0x0000, 0x0000, 0x0000, 0x69C1, 0x71E2, 0x50E1, 0x5901, 0x5901, 0x5901, 0x50E1, 0x71E2, 0x69C1, 0x0000, 0x0000, 0x0000, 0x0000,
        0x0000, 0x0000, 0x0000, 0x4101, 0x4121, 0x4941, 0x5161, 0x5161, 0x5161, 0x4941, 0x4921, 0x4101, 0x0000, 0x0000, 0x0000, 0x0000,
        0x0000, 0x0000, 0x0000, 0x69A1, 0x71E2, 0x7202, 0x7A22, 0x7A22, 0x7A22, 0x7A02, 0x71E2, 0x69C1, 0x0000, 0x0000, 0x0000, 0x0000,
        0x0000, 0x0000, 0x0000, 0x0000, 0x69C1, 0x71E2, 0x7202, 0x7A02, 0x7202, 0x71E2, 0x69C1, 0x0000, 0x0000, 0x0000, 0x0000, 0x0000,
        0x0000, 0x0000, 0x0000, 0x0000, 0x0000, 0x1881, 0x1881, 0x1881, 0x1881, 0x1881, 0x0000, 0x0000, 0x0000, 0x0000, 0x0000, 0x0000,
        0x0000, 0x0000, 0x0000, 0x0000, 0x0000, 0x0000, 0x0000, 0x3921, 0x0000, 0x0000, 0x0000, 0x0000, 0x0000, 0x0000, 0x0000, 0x0000,
        0x0000, 0x0000, 0x0000, 0x0000, 0x0000, 0x0000, 0x3921, 0x3921, 0x3921, 0x0000, 0x0000, 0x0000, 0x0000, 0x0000, 0x0000, 0x0000,
        0x0000, 0x0000, 0x0000, 0x0000, 0x0000, 0x0000, 0x0000, 0x0000, 0x0000, 0x0000, 0x0000, 0x0000, 0x0000, 0x0000, 0x0000, 0x0000,
    },
    {
        0x0000, 0x0000, 0x0000, 0x0000, 0x0000, 0x0000, 0x0000, 0x28E2, 0x0000, 0x0000, 0x0000, 0x0000, 0x0000, 0x0000, 0x0000, 0x0000,
        0x0000, 0x0000, 0x0000, 0x0000, 0x0000, 0x0000, 0x0000, 0x28E2, 0x0000, 0x0000, 0x0000, 0x0000, 0x0000, 0x0000, 0x0000, 0x0000,
        0x0000, 0x0000, 0x0000, 0x0000, 0x0000, 0x1881, 0x1881, 0x1881, 0x1881, 0x1881, 0x0000, 0x0000, 0x0000, 0x0000, 0x0000, 0x0000,
        0x0000, 0x0000, 0x0000, 0x0000, 0x5981, 0x6181, 0x61A1, 0x61A1, 0x61A1, 0x61A1, 0x6181, 0x0000, 0x0000, 0x0000, 0x0000, 0x0000,
        0x0000, 0x0000, 0x0000, 0x5981, 0x6181, 0x69A1, 0x69C1, 0x69C1, 0x69C1, 0x69C1, 0x61A1, 0x6181, 0x0000, 0x0000, 0x0000, 0x0000,
        0x0000, 0x0000, 0x0000, 0x38E1, 0x4101, 0x4121, 0x4121, 0x4121, 0x4121, 0x4121, 0x4101, 0x3901, 0x0000, 0x0000, 0x0000, 0x0000,
        0x0000, 0x0000, 0x0000, 0x61A1, 0x69C1, 0x50E1, 0x50E1, 0x50E1, 0x50E1, 0x50E1, 0x69C1, 0x61A1, 0x0000, 0x0000, 0x0000, 0x0000,
        0x0000, 0x0000, 0x0000, 0x61A1, 0x69C1, 0x71E2, 0x7A02, 0x5901, 0x7A22, 0x7202, 0x71E2, 0x69A1, 0x0000, 0x0000, 0x0000, 0x0000,
        0x0000, 0x0000, 0x0000, 0x61A1, 0x69C1, 0x50E1, 0x50E1, 0x5901, 0x5901, 0x50E1, 0x71E2, 0x69A1, 0x0000, 0x0000, 0x0000, 0x0000,
        0x0000, 0x0000, 0x0000, 0x3901, 0x4121, 0x4921, 0x4941, 0x4941, 0x4941, 0x4941, 0x4121, 0x4101, 0x0000, 0x0000, 0x0000, 0x0000,
        0x0000, 0x0000, 0x0000, 0x61A1, 0x69C1, 0x71E2, 0x7202, 0x7A02, 0x7A02, 0x71E2, 0x69C1, 0x61A1, 0x0000, 0x0000, 0x0000, 0x0000,
        0x0000, 0x0000, 0x0000, 0x0000, 0x69A1, 0x69C1, 0x71E2, 0x71E2, 0x71E2, 0x69C1, 0x69C1, 0x0000, 0x0000, 0x0000, 0x0000, 0x0000,
        0x0000, 0x0000, 0x0000, 0x0000, 0x0000, 0x1881, 0x1881, 0x1881, 0x1881, 0x1881, 0x0000, 0x0000, 0x0000, 0x0000, 0x0000, 0x0000,
        0x0000, 0x0000, 0x0000, 0x0000, 0x0000, 0x0000, 0x0000, 0x3921, 0x0000, 0x0000, 0x0000, 0x0000, 0x0000, 0x0000, 0x0000, 0x0000,
        0x0000, 0x0000, 0x0000, 0x0000, 0x0000, 0x0000, 0x3921, 0x3921, 0x3921, 0x0000, 0x0000, 0x0000, 0x0000, 0x0000, 0x0000, 0x0000,
        0x0000, 0x0000, 0x0000, 0x0000, 0x0000, 0x0000, 0x0000, 0x0000, 0x0000, 0x0000, 0x0000, 0x0000, 0x0000, 0x0000, 0x0000, 0x0000,
    },
    {
        0x0000, 0x0000, 0x0000, 0x0000, 0x0000, 0x0000, 0x0000, 0x28E2, 0x0000, 0x0000, 0x0000, 0x0000, 0x0000, 0x0000, 0x0000, 0x0000,
        0x0000, 0x0000, 0x0000, 0x0000, 0x0000, 0x0000, 0x0000, 0x28E2, 0x0000, 0x0000, 0x0000, 0x0000, 0x0000, 0x0000, 0x0000, 0x0000,
        0x0000, 0x0000, 0x0000, 0x0000, 0x0000, 0x1881, 0x1881, 0x1881, 0x1881, 0x1881, 0x0000, 0x0000, 0x0000, 0x0000, 0x0000, 0x0000,
        0x0000, 0x0000, 0x0000, 0x0000, 0x5981, 0x61A1, 0x61A1, 0x69A1, 0x69A1, 0x61A1, 0x6181, 0x0000, 0x0000, 0x0000, 0x0000, 0x0000,
        0x0000, 0x0000, 0x0000, 0x5981, 0x61A1, 0x69A1, 0x69C1, 0x69C1, 0x69C1, 0x69C1, 0x69A1, 0x6181, 0x0000, 0x0000, 0x0000, 0x0000,
        0x0000, 0x0000, 0x0000, 0x3901, 0x4101, 0x4121, 0x4121, 0x4921, 0x4921, 0x4121, 0x4101, 0x3901, 0x0000, 0x0000, 0x0000, 0x0000,
        0x0000, 0x0000, 0x0000, 0x61A1, 0x69C1, 0x50E1, 0x50E1, 0x50E1, 0x50E1, 0x50E1, 0x71E2, 0x69A1, 0x0000, 0x0000, 0x0000, 0x0000,
        0x0000, 0x0000, 0x0000, 0x61A1, 0x69C1, 0x7202, 0x7A22, 0x5901, 0x8222, 0x7A02, 0x71E2, 0x69C1, 0x0000, 0x0000, 0x0000, 0x0000,
        0x0000, 0x0000, 0x0000, 0x69A1, 0x69C2, 0x50E1, 0x5901, 0x5901, 0x5901, 0x50E1, 0x71E2, 0x69C1, 0x0000, 0x0000, 0x0000, 0x0000,
        0x0000, 0x0000, 0x0000, 0x4101, 0x4121, 0x4941, 0x4941, 0x5161, 0x5161, 0x4941, 0x4921, 0x4101, 0x0000, 0x0000, 0x0000, 0x0000,
        0x0000, 0x0000, 0x0000, 0x61A1, 0x69C1, 0x71E2, 0x7A02, 0x7A22, 0x7A22, 0x7A02, 0x71E2, 0x69C1, 0x0000, 0x0000, 0x0000, 0x0000,
        0x0000, 0x0000, 0x0000, 0x0000, 0x69A1, 0x69C2, 0x71E2, 0x7202, 0x7202, 0x71E2, 0x69C1, 0x0000, 0x0000, 0x0000, 0x0000, 0x0000,
        0x0000, 0x0000, 0x0000, 0x0000, 0x0000, 0x1881, 0x1881, 0x1881, 0x1881, 0x1881, 0x0000, 0x0000, 0x0000, 0x0000, 0x0000, 0x0000,
        0x0000, 0x0000, 0x0000, 0x0000, 0x0000, 0x0000, 0x0000, 0x3921, 0x0000, 0x0000, 0x0000, 0x0000, 0x0000, 0x0000, 0x0000, 0x0000,
        0x0000, 0x0000, 0x0000, 0x0000, 0x0000, 0x0000, 0x3921, 0x3921, 0x3921, 0x0000, 0x0000, 0x0000, 0x0000, 0x0000, 0x0000, 0x0000,
        0x0000, 0x0000, 0x0000, 0x0000, 0x0000, 0x0000, 0x0000, 0x0000, 0x0000, 0x0000, 0x0000, 0x0000, 0x0000, 0x0000, 0x0000, 0x0000,
    },
    {
        0x0000, 0x0000, 0x0000, 0x0000, 0x0000, 0x0000, 0x0000, 0x28E2, 0x0000, 0x0000, 0x0000, 0x0000, 0x0000, 0x0000, 0x0000, 0x0000,
        0x0000, 0x0000, 0x0000, 0x0000, 0x0000, 0x0000, 0x0000, 0x28E2, 0x0000, 0x0000, 0x0000, 0x0000, 0x0000, 0x0000, 0x0000, 0x0000,
        0x0000, 0x0000, 0x0000, 0x0000, 0x0000, 0x1881, 0x1881, 0x1881, 0x1881, 0x1881, 0x0000, 0x0000, 0x0000, 0x0000, 0x0000, 0x0000,
        0x0000, 0x0000, 0x0000, 0x0000, 0x61A1, 0x69C1, 0x69C1, 0x71E2, 0x71E2, 0x69C1, 0x69C1, 0x0000, 0x0000, 0x0000, 0x0000, 0x0000,
        0x0000, 0x0000, 0x0000, 0x61A1, 0x69C1, 0x71E2, 0x7202, 0x7A02, 0x7A02, 0x71E2, 0x71E2, 0x69C1, 0x0000, 0x0000, 0x0000, 0x0000,
        0x0000, 0x0000, 0x0000, 0x4101, 0x4121, 0x4941, 0x4941, 0x4941, 0x4941, 0x4941, 0x4941, 0x4121, 0x0000, 0x0000, 0x0000, 0x0000,
        0x0000, 0x0000, 0x0000, 0x69C1, 0x71E2, 0x50E1, 0x5901, 0x5901, 0x5901, 0x5901, 0x7A02, 0x71E2, 0x0000, 0x0000, 0x0000, 0x0000,
        0x0000, 0x0000, 0x0000, 0x69C1, 0x7A02, 0x8222, 0x8A62, 0x5901, 0x8A62, 0x8242, 0x7A22, 0x7202, 0x0000, 0x0000, 0x0000, 0x0000,
        0x0000, 0x0000, 0x0000, 0x71E2, 0x7A02, 0x5901, 0x5901, 0x5901, 0x5901, 0x5901, 0x8222, 0x7A02, 0x0000, 0x0000, 0x0000, 0x0000,
        0x0000, 0x0000, 0x0000, 0x4121, 0x4941, 0x5161, 0x5181, 0x5981, 0x5981, 0x5161, 0x4941, 0x4941, 0x0000, 0x0000, 0x0000, 0x0000,
        0x0000, 0x0000, 0x0000, 0x69C1, 0x7202, 0x7A22, 0x8242, 0x8A62, 0x8A62, 0x8242, 0x7A22, 0x71E2, 0x0000, 0x0000, 0x0000, 0x0000,
        0x0000, 0x0000, 0x0000, 0x0000, 0x71E2, 0x7A02, 0x8222, 0x8242, 0x8242, 0x7A22, 0x7A02, 0x0000, 0x0000, 0x0000, 0x0000, 0x0000,
        0x0000, 0x0000, 0x0000, 0x0000, 0x0000, 0x1881, 0x1881, 0x1881, 0x1881, 0x1881, 0x0000, 0x0000, 0x0000, 0x0000, 0x0000, 0x0000,
        0x0000, 0x0000, 0x0000, 0x0000, 0x0000, 0x0000, 0x0000, 0x4141, 0x0000, 0x0000, 0x0000, 0x0000, 0x0000, 0x0000, 0x0000, 0x0000,
        0x0000, 0x0000, 0x0000, 0x0000, 0x0000, 0x0000, 0x4141, 0x4141, 0x4141, 0x0000, 0x0000, 0x0000, 0x0000, 0x0000, 0x0000, 0x0000,
        0x0000, 0x0000, 0x0000, 0x0000, 0x0000, 0x0000, 0x0000, 0x0000, 0x0000, 0x0000, 0x0000, 0x0000, 0x0000, 0x0000, 0x0000, 0x0000,
    },
    {
        0x0000, 0x0000, 0x0000, 0x0000, 0x0000, 0x0000, 0x0000, 0x28E2, 0x0000, 0x0000, 0x0000, 0x0000, 0x0000, 0x0000, 0x0000, 0x0000,
        0x0000, 0x0000, 0x0000, 0x0000, 0x0000, 0x0000, 0x0000, 0x28E2, 0x0000, 0x0000, 0x0000, 0x0000, 0x0000, 0x0000, 0x0000, 0x0000,
        0x0000, 0x0000, 0x0000, 0x0000, 0x0000, 0x1881, 0x1881, 0x1881, 0x1881, 0x1881, 0x0000, 0x0000, 0x0000, 0x0000, 0x0000, 0x0000,
        0x0000, 0x0000, 0x0000, 0x0000, 0x69A1, 0x69C1, 0x71E2, 0x71E2, 0x71E2, 0x71E2, 0x69C1, 0x0000, 0x0000, 0x0000, 0x0000, 0x0000,
        0x0000, 0x0000, 0x0000, 0x69A1, 0x71E2, 0x7202, 0x7A02, 0x7A22, 0x7A22, 0x7A02, 0x71E2, 0x69C1, 0x0000, 0x0000, 0x0000, 0x0000,
        0x0000, 0x0000, 0x0000, 0x4121, 0x4921, 0x4941, 0x5161, 0x5161, 0x5161, 0x5161, 0x4941, 0x4921, 0x0000, 0x0000, 0x0000, 0x0000,
        0x0000, 0x0000, 0x0000, 0x71E2, 0x7A02, 0x5901, 0x5901, 0x5901, 0x5901, 0x5901, 0x8242, 0x7A02, 0x0000, 0x0000, 0x0000, 0x0000,
        0x0000, 0x0000, 0x0020, 0x71E2, 0x7A22, 0x8242, 0x9282, 0x5901, 0x92A2, 0x8A82, 0x8242, 0x7A22, 0x0020, 0x0000, 0x0000, 0x0000,
        0x0000, 0x0000, 0x0020, 0x71E2, 0x8222, 0x5901, 0x5901, 0x6121, 0x6121, 0x5901, 0x8A62, 0x7A22, 0x0020, 0x0000, 0x0000, 0x0000,
        0x0000, 0x0000, 0x0000, 0x4921, 0x4941, 0x5161, 0x5981, 0x61A1, 0x61A1, 0x5981, 0x5161, 0x4941, 0x0000, 0x0000, 0x0000, 0x0000,
        0x0000, 0x0000, 0x0000, 0x71E2, 0x7A22, 0x8242, 0x8A82, 0x92A2, 0x9282, 0x8A62, 0x8242, 0x7A22, 0x0000, 0x0000, 0x0000, 0x0000,
        0x0000, 0x0000, 0x0000, 0x0000, 0x7A02, 0x8222, 0x8A62, 0x8A62, 0x8A62, 0x8A42, 0x8222, 0x0000, 0x0000, 0x0000, 0x0000, 0x0000,
        0x0000, 0x0000, 0x0000, 0x0000, 0x0020, 0x1881, 0x1881, 0x1881, 0x1881, 0x1881, 0x0020, 0x0000, 0x0000, 0x0000, 0x0000, 0x0000,
        0x0000, 0x0000, 0x0000, 0x0000, 0x0000, 0x0000, 0x0020, 0x4942, 0x0020, 0x0000, 0x0000, 0x0000, 0x0000, 0x0000, 0x0000, 0x0000,
        0x0000, 0x0000, 0x0000, 0x0000, 0x0000, 0x0000, 0x4942, 0x4942, 0x4942, 0x0000, 0x0000, 0x0000, 0x0000, 0x0000, 0x0000, 0x0000,
        0x0000, 0x0000, 0x0000, 0x0000, 0x0000, 0x0000, 0x0000, 0x0000, 0x0000, 0x0000, 0x0000, 0x0000, 0x0000, 0x0000, 0x0000, 0x0000,
    },
    {
        0x0000, 0x0000, 0x0000, 0x0000, 0x0000, 0x0000, 0x0000, 0x28E2, 0x0000, 0x0000, 0x0000, 0x0000, 0x0000, 0x0000, 0x0000, 0x0000,
        0x0000, 0x0000, 0x0000, 0x0000, 0x0000, 0x0000, 0x0000, 0x28E2, 0x0000, 0x0000, 0x0000, 0x0000, 0x0000, 0x0000, 0x0000, 0x0000,
        0x0000, 0x0000, 0x0000, 0x0000, 0x0000, 0x1881, 0x1881, 0x1881, 0x1881, 0x1881, 0x0000, 0x0000, 0x0000, 0x0000, 0x0000, 0x0000,
        0x0000, 0x0000, 0x0000, 0x0000, 0x61A1, 0x69C1, 0x69C1, 0x71E2, 0x71E2, 0x69C1, 0x69C1, 0x0000, 0x0000, 0x0000, 0x0000, 0x0000,
        0x0000, 0x0000, 0x0000, 0x61A1, 0x69C1, 0x71E2, 0x7202, 0x7A02, 0x7A02, 0x71E2, 0x71E2, 0x69C1, 0x0000, 0x0000, 0x0000, 0x0000,
        0x0000, 0x0000, 0x0000, 0x4101, 0x4121, 0x4941, 0x4941, 0x4941, 0x4941, 0x4941, 0x4941, 0x4121, 0x0000, 0x0000, 0x0000, 0x0000,
        0x0000, 0x0000, 0x0000, 0x69C1, 0x71E2, 0x50E1, 0x5901, 0x5901, 0x5901, 0x5901, 0x7A22, 0x71E2, 0x0000, 0x0000, 0x0000, 0x0000,
        0x0000, 0x0000, 0x0000, 0x69C2, 0x7A02, 0x8222, 0x8A62, 0x5901, 0x8A82, 0x8A62, 0x8222, 0x7202, 0x0000, 0x0000, 0x0000, 0x0000,
        0x0000, 0x0000, 0x0000, 0x71E2, 0x7A02, 0x5901, 0x5901, 0x5901, 0x5901, 0x5901, 0x8242, 0x7A02, 0x0000, 0x0000, 0x0000, 0x0000,
        0x0000, 0x0000, 0x0000, 0x4121, 0x4941, 0x5161, 0x5181, 0x59A1, 0x5981, 0x5181, 0x5161, 0x4941, 0x0000, 0x0000, 0x0000, 0x0000,
        0x0000, 0x0000, 0x0000, 0x69C1, 0x7A02, 0x8222, 0x8A62, 0x8A62, 0x8A62, 0x8A42, 0x8222, 0x7202, 0x0000, 0x0000, 0x0000, 0x0000,
        0x0000, 0x0000, 0x0000, 0x0000, 0x71E2, 0x7A22, 0x8242, 0x8242, 0x8242, 0x8222, 0x7A02, 0x0000, 0x0000, 0x0000, 0x0000, 0x0000,
        0x0000, 0x0000, 0x0000, 0x0000, 0x0000, 0x1881, 0x1881, 0x1881, 0x1881, 0x1881, 0x0000, 0x0000, 0x0000, 0x0000, 0x0000, 0x0000,
        0x0000, 0x0000, 0x0000, 0x0000, 0x0000, 0x0000, 0x0000, 0x4141, 0x0000, 0x0000, 0x0000, 0x0000, 0x0000, 0x0000, 0x0000, 0x0000,
        0x0000, 0x0000, 0x0000, 0x0000, 0x0000, 0x0000, 0x4141, 0x4141, 0x4141, 0x0000, 0x0000, 0x0000, 0x0000, 0x0000, 0x0000, 0x0000,
        0x0000, 0x0000, 0x0000, 0x0000, 0x0000, 0x0000, 0x0000, 0x0000, 0x0000, 0x0000, 0x0000, 0x0000, 0x0000, 0x0000, 0x0000, 0x0000,
    },
    {
        0x0000, 0x0000, 0x0000, 0x0000, 0x0000, 0x0000, 0x0000, 0x28E2, 0x0000, 0x0000, 0x0000, 0x0000, 0x0000, 0x0000, 0x0000, 0x0000,
        0x0000, 0x0000, 0x0000, 0x0000, 0x0000, 0x0000, 0x0000, 0x28E2, 0x0000, 0x0000, 0x0000, 0x0000, 0x0000, 0x0000, 0x0000, 0x0000,
        0x0000, 0x0000, 0x0000, 0x0000, 0x0000, 0x1881, 0x1881, 0x1881, 0x1881, 0x1881, 0x0000, 0x0000, 0x0000, 0x0000, 0x0000, 0x0000,
        0x0000, 0x0000, 0x0000, 0x0000, 0x6181, 0x61A1, 0x69A1, 0x69A1, 0x69A1, 0x61A1, 0x6181, 0x0000, 0x0000, 0x0000, 0x0000, 0x0000,
        0x0000, 0x0000, 0x0000, 0x5981, 0x61A1, 0x69C1, 0x69C1, 0x71E2, 0x71C2, 0x69C1, 0x69A1, 0x61A1, 0x0000, 0x0000, 0x0000, 0x0000,
        0x0000, 0x0000, 0x0000, 0x3901, 0x4101, 0x4121, 0x4921, 0x4941, 0x4941, 0x4121, 0x4121, 0x4101, 0x0000, 0x0000, 0x0000, 0x0000,
        0x0000, 0x0000, 0x0000, 0x61A1, 0x69C1, 0x50E1, 0x50E1, 0x50E1, 0x50E1, 0x50E1, 0x71E2, 0x69C1, 0x0000, 0x0000, 0x0000, 0x0000,
        0x0000, 0x0000, 0x0000, 0x69A1, 0x71E2, 0x7A02, 0x7A22, 0x5901, 0x8242, 0x7A22, 0x7202, 0x69C1, 0x0000, 0x0000, 0x0000, 0x0000,
        0x0000, 0x0000, 0x0000, 0x69A1, 0x71E2, 0x50E1, 0x5901, 0x5901, 0x5901, 0x5901, 0x7A02, 0x71C2, 0x0000, 0x0000, 0x0000, 0x0000,
        0x0000, 0x0000, 0x0000, 0x4101, 0x4121, 0x4941, 0x5161, 0x5161, 0x5161, 0x4941, 0x4941, 0x4121, 0x0000, 0x0000, 0x0000, 0x0000,
        0x0000, 0x0000, 0x0000, 0x69A1, 0x69C2, 0x7202, 0x7A22, 0x8222, 0x8222, 0x7A02, 0x71E2, 0x69C1, 0x0000, 0x0000, 0x0000, 0x0000,
        0x0000, 0x0000, 0x0000, 0x0000, 0x69C1, 0x71E2, 0x7A02, 0x7A02, 0x7A02, 0x7202, 0x71E2, 0x0000, 0x0000, 0x0000, 0x0000, 0x0000,
        0x0000, 0x0000, 0x0000, 0x0000, 0x0000, 0x1881, 0x1881, 0x1881, 0x1881, 0x1881, 0x0000, 0x0000, 0x0000, 0x0000, 0x0000, 0x0000,
        0x0000, 0x0000, 0x0000, 0x0000, 0x0000, 0x0000, 0x0000, 0x4121, 0x0000, 0x0000, 0x0000, 0x0000, 0x0000, 0x0000, 0x0000, 0x0000,
        0x0000, 0x0000, 0x0000, 0x0000, 0x0000, 0x0000, 0x4121, 0x4121, 0x4121, 0x0000, 0x0000, 0x0000, 0x0000, 0x0000, 0x0000, 0x0000,
        0x0000, 0x0000, 0x0000, 0x0000, 0x0000, 0x0000, 0x0000, 0x0000, 0x0000, 0x0000, 0x0000, 0x0000, 0x0000, 0x0000, 0x0000, 0x0000,
    },
    {
        0x0000, 0x0000, 0x0000, 0x0000, 0x0000, 0x0000, 0x0000, 0x28E2, 0x0000, 0x0000, 0x0000, 0x0000, 0x0000, 0x0000, 0x0000, 0x0000,
        0x0000, 0x0000, 0x0000, 0x0000, 0x0000, 0x0000, 0x0000, 0x28E2, 0x0000, 0x0000, 0x0000, 0x0000, 0x0000, 0x0000, 0x0000, 0x0000,
        0x0000, 0x0000, 0x0000, 0x0000, 0x0000, 0x1881, 0x1881, 0x1881, 0x1881, 0x1881, 0x0000, 0x0000, 0x0000, 0x0000, 0x0000, 0x0000,
        0x0000, 0x0000, 0x0000, 0x0000, 0x5981, 0x6181, 0x61A1, 0x69A1, 0x61A1, 0x61A1, 0x6181, 0x0000, 0x0000, 0x0000, 0x0000, 0x0000,
        0x0000, 0x0000, 0x0000, 0x5981, 0x61A1, 0x69A1, 0x69C1, 0x69C1, 0x69C1, 0x69C1, 0x61A1, 0x6181, 0x0000, 0x0000, 0x0000, 0x0000,
        0x0000, 0x0000, 0x0000, 0x38E1, 0x4101, 0x4121, 0x4121, 0x4921, 0x4921, 0x4121, 0x4101, 0x3901, 0x0000, 0x0000, 0x0000, 0x0000,
        0x0000, 0x0000, 0x0000, 0x61A1, 0x69C1, 0x50E1, 0x50E1, 0x50E1, 0x50E1, 0x50E1, 0x71E2, 0x69A1, 0x0000, 0x0000, 0x0000, 0x0000,
        0x0000, 0x0000, 0x0000, 0x61A1, 0x69C1, 0x71E2, 0x7A22, 0x5901, 0x8222, 0x7A02, 0x71E2, 0x69C1, 0x0000, 0x0000, 0x0000, 0x0000,
        0x0000, 0x0000, 0x0000, 0x69A1, 0x69C2, 0x50E1, 0x58E1, 0x5901, 0x5901, 0x50E1, 0x71E2, 0x69C1, 0x0000, 0x0000, 0x0000, 0x0000,
        0x0000, 0x0000, 0x0000, 0x4101, 0x4121, 0x4941, 0x4941, 0x5161, 0x5161, 0x4941, 0x4121, 0x4101, 0x0000, 0x0000, 0x0000, 0x0000,
        0x0000, 0x0000, 0x0000, 0x61A1, 0x69C1, 0x71E2, 0x7A02, 0x7A22, 0x7A22, 0x7202, 0x71E2, 0x69C1, 0x0000, 0x0000, 0x0000, 0x0000,
        0x0000, 0x0000, 0x0000, 0x0000, 0x69C1, 0x71C2, 0x71E2, 0x7202, 0x7202, 0x71E2, 0x69C1, 0x0000, 0x0000, 0x0000, 0x0000, 0x0000,
        0x0000, 0x0000, 0x0000, 0x0000, 0x0000, 0x1881, 0x1881, 0x1881, 0x1881, 0x1881, 0x0000, 0x0000, 0x0000, 0x0000, 0x0000, 0x0000,
        0x0000, 0x0000, 0x0000, 0x0000, 0x0000, 0x0000, 0x0000, 0x3921, 0x0000, 0x0000, 0x0000, 0x0000, 0x0000, 0x0000, 0x0000, 0x0000,
        0x0000, 0x0000, 0x0000, 0x0000, 0x0000, 0x0000, 0x3921, 0x3921, 0x3921, 0x0000, 0x0000, 0x0000, 0x0000, 0x0000, 0x0000, 0x0000,
        0x0000, 0x0000, 0x0000, 0x0000, 0x0000, 0x0000, 0x0000, 0x0000, 0x0000, 0x0000, 0x0000, 0x0000, 0x0000, 0x0000, 0x0000, 0x0000,
    },
    {
        0x0000, 0x0000, 0x0000, 0x0000, 0x0000, 0x0000, 0x0000, 0x28E2, 0x0000, 0x0000, 0x0000, 0x0000, 0x0000, 0x0000, 0x0000, 0x0000,
        0x0000, 0x0000, 0x0000, 0x0000, 0x0000, 0x0000, 0x0000, 0x28E2, 0x0000, 0x0000, 0x0000, 0x0000, 0x0000, 0x0000, 0x0000, 0x0000,
        0x0000, 0x0000, 0x0000, 0x0000, 0x0000, 0x1881, 0x1881, 0x1881, 0x1881, 0x1881, 0x0000, 0x0000, 0x0000, 0x0000, 0x0000, 0x0000,
        0x0000, 0x0000, 0x0000, 0x0000, 0x6181, 0x61A1, 0x69A1, 0x69A1, 0x69A1, 0x61A1, 0x6181, 0x0000, 0x0000, 0x0000, 0x0000, 0x0000,
        0x0000, 0x0000, 0x0000, 0x6181, 0x61A1, 0x69C1, 0x69C1, 0x69C2, 0x69C1, 0x69C1, 0x61A1, 0x6181, 0x0000, 0x0000, 0x0000, 0x0000,
        0x0000, 0x0000, 0x0000, 0x3901, 0x4101, 0x4121, 0x4921, 0x4921, 0x4921, 0x4121, 0x4101, 0x3901, 0x0000, 0x0000, 0x0000, 0x0000,
        0x0000, 0x0000, 0x0000, 0x61A1, 0x69C1, 0x50E1, 0x50E1, 0x50E1, 0x50E1, 0x50E1, 0x71E2, 0x69A1, 0x0000, 0x0000, 0x0000, 0x0000,
        0x0000, 0x0000, 0x0000, 0x69A1, 0x71E2, 0x7202, 0x7A22, 0x5901, 0x8222, 0x7A02, 0x71E2, 0x69C1, 0x0000, 0x0000, 0x0000, 0x0000,
        0x0000, 0x0000, 0x0000, 0x69A1, 0x71E2, 0x50E1, 0x5901, 0x5901, 0x5901, 0x50E1, 0x71E2, 0x69C1, 0x0000, 0x0000, 0x0000, 0x0000,
        0x0000, 0x0000, 0x0000, 0x4101, 0x4121, 0x4941, 0x4941, 0x5161, 0x5161, 0x4941, 0x4121, 0x4101, 0x0000, 0x0000, 0x0000, 0x0000,
        0x0000, 0x0000, 0x0000, 0x61A1, 0x69C1, 0x71E2, 0x7A02, 0x7A22, 0x7A02, 0x7202, 0x71E2, 0x69A1, 0x0000, 0x0000, 0x0000, 0x0000,
        0x0000, 0x0000, 0x0000, 0x0000, 0x69C1, 0x71E2, 0x71E2, 0x7202, 0x71E2, 0x71E2, 0x69C1, 0x0000, 0x0000, 0x0000, 0x0000, 0x0000,
        0x0000, 0x0000, 0x0000, 0x0000, 0x0000, 0x1881, 0x1881, 0x1881, 0x1881, 0x1881, 0x0000, 0x0000, 0x0000, 0x0000, 0x0000, 0x0000,
        0x0000, 0x0000, 0x0000, 0x0000, 0x0000, 0x0000, 0x0000, 0x3921, 0x0000, 0x0000, 0x0000, 0x0000, 0x0000, 0x0000, 0x0000, 0x0000,
        0x0000, 0x0000, 0x0000, 0x0000, 0x0000, 0x0000, 0x3921, 0x3921, 0x3921, 0x0000, 0x0000, 0x0000, 0x0000, 0x0000, 0x0000, 0x0000,
        0x0000, 0x0000, 0x0000, 0x0000, 0x0000, 0x0000, 0x0000, 0x0000, 0x0000, 0x0000, 0x0000, 0x0000, 0x0000, 0x0000, 0x0000, 0x0000,
    },
    {
        0x0000, 0x0000, 0x0000, 0x0000, 0x0000, 0x0000, 0x0000, 0x28E2, 0x0000, 0x0000, 0x0000, 0x0000, 0x0000, 0x0000, 0x0000, 0x0000,
        0x0000, 0x0000, 0x0000, 0x0000, 0x0000, 0x0000, 0x0000, 0x28E2, 0x0000, 0x0000, 0x0000, 0x0000, 0x0000, 0x0000, 0x0000, 0x0000,
        0x0000, 0x0000, 0x0000, 0x0000, 0x0000, 0x1881, 0x1881, 0x1881, 0x1881, 0x1881, 0x0000, 0x0000, 0x0000, 0x0000, 0x0000, 0x0000,
        0x0000, 0x0000, 0x0000, 0x0000, 0x5981, 0x6181, 0x61A1, 0x61A1, 0x61A1, 0x6181, 0x5981, 0x0000, 0x0000, 0x0000, 0x0000, 0x0000,
        0x0000, 0x0000, 0x0000, 0x5981, 0x6181, 0x69A1, 0x69C1, 0x69C1, 0x69C1, 0x69A1, 0x61A1, 0x5981, 0x0000, 0x0000, 0x0000, 0x0000,
        0x0000, 0x0000, 0x0000, 0x38E1, 0x4101, 0x4121, 0x4121, 0x4121, 0x4121, 0x4121, 0x4101, 0x38E1, 0x0000, 0x0000, 0x0000, 0x0000,
        0x0000, 0x0000, 0x0000, 0x61A1, 0x69C1, 0x50E1, 0x50E1, 0x50E1, 0x50E1, 0x50E1, 0x69C1, 0x61A1, 0x0000, 0x0000, 0x0000, 0x0000,
        0x0000, 0x0000, 0x0000, 0x61A1, 0x69C1, 0x71E2, 0x7A02, 0x58E1, 0x7A02, 0x71E2, 0x69C1, 0x61A1, 0x0000, 0x0000, 0x0000, 0x0000,
        0x0000, 0x0000, 0x0000, 0x61A1, 0x69C1, 0x50E1, 0x50E1, 0x5901, 0x50E1, 0x50E1, 0x69C1, 0x61A1, 0x0000, 0x0000, 0x0000, 0x0000,
        0x0000, 0x0000, 0x0000, 0x3901, 0x4121, 0x4921, 0x4941, 0x4941, 0x4941, 0x4921, 0x4121, 0x3901, 0x0000, 0x0000, 0x0000, 0x0000,
        0x0000, 0x0000, 0x0000, 0x61A1, 0x69C1, 0x71E2, 0x7202, 0x7A02, 0x7202, 0x71E2, 0x69C1, 0x61A1, 0x0000, 0x0000, 0x0000, 0x0000,
        0x0000, 0x0000, 0x0000, 0x0000, 0x69A1, 0x69C1, 0x71E2, 0x71E2, 0x71E2, 0x69C1, 0x69A1, 0x0000, 0x0000, 0x0000, 0x0000, 0x0000,
        0x0000, 0x0000, 0x0000, 0x0000, 0x0000, 0x1881, 0x1881, 0x1881, 0x1881, 0x1881, 0x0000, 0x0000, 0x0000, 0x0000, 0x0000, 0x0000,
        0x0000, 0x0000, 0x0000, 0x0000, 0x0000, 0x0000, 0x0000, 0x3921, 0x0000, 0x0000, 0x0000, 0x0000, 0x0000, 0x0000, 0x0000, 0x0000,
        0x0000, 0x0000, 0x0000, 0x0000, 0x0000, 0x0000, 0x3921, 0x3921, 0x3921, 0x0000, 0x0000, 0x0000, 0x0000, 0x0000, 0x0000, 0x0000,
        0x0000, 0x0000, 0x0000, 0x0000, 0x0000, 0x0000, 0x0000, 0x0000, 0x0000, 0x0000, 0x0000, 0x0000, 0x0000, 0x0000, 0x0000, 0x0000,
    },
    {
        0x0000, 0x0000, 0x0000, 0x0000, 0x0000, 0x0000, 0x0000, 0x28E2, 0x0000, 0x0000, 0x0000, 0x0000, 0x0000, 0x0000, 0x0000, 0x0000,
        0x0000, 0x0000, 0x0000, 0x0000, 0x0000, 0x0000, 0x0000, 0x28E2, 0x0000, 0x0000, 0x0000, 0x0000, 0x0000, 0x0000, 0x0000, 0x0000,
        0x0000, 0x0000, 0x0000, 0x0000, 0x0000, 0x1881, 0x1881, 0x1881, 0x1881, 0x1881, 0x0000, 0x0000, 0x0000, 0x0000, 0x0000, 0x0000,
        0x0000, 0x0000, 0x0000, 0x0000, 0x5961, 0x5981, 0x6181, 0x6181, 0x6181, 0x5981, 0x5961, 0x0000, 0x0000, 0x0000, 0x0000, 0x0000,
        0x0000, 0x0000, 0x0000, 0x5961, 0x6181, 0x61A1, 0x61A1, 0x61A1, 0x61A1, 0x6181, 0x5981, 0x5961, 0x0000, 0x0000, 0x0000, 0x0000,
        0x0000, 0x0000, 0x0000, 0x38E0, 0x3901, 0x4101, 0x4101, 0x4121, 0x4101, 0x4101, 0x3901, 0x38E0, 0x0000, 0x0000, 0x0000, 0x0000,
        0x0000, 0x0000, 0x0000, 0x6181, 0x61A1, 0x50E1, 0x50E1, 0x50E1, 0x50E1, 0x50E1, 0x61A1, 0x6181, 0x0000, 0x0000, 0x0000, 0x0000,
        0x0000, 0x0000, 0x0000, 0x6181, 0x69A1, 0x71C2, 0x71E2, 0x50E1, 0x71E2, 0x69C1, 0x69A1, 0x6181, 0x0000, 0x0000, 0x0000, 0x0000,
        0x0000, 0x0000, 0x0000, 0x61A1, 0x69C1, 0x50E1, 0x50E1, 0x50E1, 0x50E1, 0x50E1, 0x69A1, 0x6181, 0x0000, 0x0000, 0x0000, 0x0000,
        0x0000, 0x0000, 0x0000, 0x3901, 0x4101, 0x4121, 0x4921, 0x4941, 0x4921, 0x4121, 0x4101, 0x38E1, 0x0000, 0x0000, 0x0000, 0x0000,
        0x0000, 0x0000, 0x0000, 0x6181, 0x61A1, 0x69C1, 0x71E2, 0x71E2, 0x71E2, 0x69C1, 0x61A1, 0x6181, 0x0000, 0x0000, 0x0000, 0x0000,
        0x0000, 0x0000, 0x0000, 0x0000, 0x61A1, 0x69A1, 0x69C1, 0x69C1, 0x69C1, 0x69A1, 0x6181, 0x0000, 0x0000, 0x0000, 0x0000, 0x0000,
        0x0000, 0x0000, 0x0000, 0x0000, 0x0000, 0x1881, 0x1881, 0x1881, 0x1881, 0x1881, 0x0000, 0x0000, 0x0000, 0x0000, 0x0000, 0x0000,
        0x0000, 0x0000, 0x0000, 0x0000, 0x0000, 0x0000, 0x0000, 0x3901, 0x0000, 0x0000, 0x0000, 0x0000, 0x0000, 0x0000, 0x0000, 0x0000,
        0x0000, 0x0000, 0x0000, 0x0000, 0x0000, 0x0000, 0x3901, 0x3901, 0x3901, 0x0000, 0x0000, 0x0000, 0x0000, 0x0000, 0x0000, 0x0000,
        0x0000, 0x0000, 0x0000, 0x0000, 0x0000, 0x0000, 0x0000, 0x0000, 0x0000, 0x0000, 0x0000, 0x0000, 0x0000, 0x0000, 0x0000, 0x0000,
    },
    {
        0x0000, 0x0000, 0x0000, 0x0000, 0x0000, 0x0000, 0x0000, 0x28E2, 0x0000, 0x0000, 0x0000, 0x0000, 0x0000, 0x0000, 0x0000, 0x0000,
        0x0000, 0x0000, 0x0000, 0x0000, 0x0000, 0x0000, 0x0000, 0x28E2, 0x0000, 0x0000, 0x0000, 0x0000, 0x0000, 0x0000, 0x0000, 0x0000,
        0x0000, 0x0000, 0x0000, 0x0000, 0x0000, 0x1881, 0x1881, 0x1881, 0x1881, 0x1881, 0x0000, 0x0000, 0x0000, 0x0000, 0x0000, 0x0000,
        0x0000, 0x0000, 0x0000, 0x0000, 0x5961, 0x5981, 0x6181, 0x6181, 0x6181, 0x5981, 0x5961, 0x0000, 0x0000, 0x0000, 0x0000, 0x0000,
        0x0000, 0x0000, 0x0000, 0x5961, 0x6181, 0x61A1, 0x61A1, 0x61A1, 0x61A1, 0x6181, 0x5981, 0x5961, 0x0000, 0x0000, 0x0000, 0x0000,
        0x0000, 0x0000, 0x0000, 0x38E1, 0x3901, 0x4101, 0x4101, 0x4101, 0x4101, 0x4101, 0x3901, 0x38E0, 0x0000, 0x0000, 0x0000, 0x0000,
        0x0000, 0x0000, 0x0000, 0x6181, 0x69A1, 0x50E1, 0x50E1, 0x50E1, 0x50E1, 0x50E1, 0x61A1, 0x5981, 0x0000, 0x0000, 0x0000, 0x0000,
        0x0000, 0x0000, 0x0000, 0x61A1, 0x69C1, 0x71E2, 0x7202, 0x50E1, 0x71E2, 0x69C1, 0x61A1, 0x6181, 0x0000, 0x0000, 0x0000, 0x0000,
        0x0000, 0x0000, 0x0000, 0x61A1, 0x69C1, 0x50E1, 0x50E1, 0x50E1, 0x50E1, 0x50E1, 0x69A1, 0x6181, 0x0000, 0x0000, 0x0000, 0x0000,
        0x0000, 0x0000, 0x0000, 0x3901, 0x4101, 0x4121, 0x4941, 0x4941, 0x4921, 0x4121, 0x4101, 0x38E1, 0x0000, 0x0000, 0x0000, 0x0000,
        0x0000, 0x0000, 0x0000, 0x6181, 0x69A1, 0x69C1, 0x71E2, 0x71E2, 0x71E2, 0x69C1, 0x61A1, 0x6181, 0x0000, 0x0000, 0x0000, 0x0000,
        0x0000, 0x0000, 0x0000, 0x0000, 0x61A1, 0x69C1, 0x69C1, 0x69C1, 0x69C1, 0x69A1, 0x6181, 0x0000, 0x0000, 0x0000, 0x0000, 0x0000,
        0x0000, 0x0000, 0x0000, 0x0000, 0x0000, 0x1881, 0x1881, 0x1881, 0x1881, 0x1881, 0x0000, 0x0000, 0x0000, 0x0000, 0x0000, 0x0000,
        0x0000, 0x0000, 0x0000, 0x0000, 0x0000, 0x0000, 0x0000, 0x3901, 0x0000, 0x0000, 0x0000, 0x0000, 0x0000, 0x0000, 0x0000, 0x0000,
        0x0000, 0x0000, 0x0000, 0x0000, 0x0000, 0x0000, 0x3901, 0x3901, 0x3901, 0x0000, 0x0000, 0x0000, 0x0000, 0x0000, 0x0000, 0x0000,
        0x0000, 0x0000, 0x0000, 0x0000, 0x0000, 0x0000, 0x0000, 0x0000, 0x0000, 0x0000, 0x0000, 0x0000, 0x0000, 0x0000, 0x0000, 0x0000,
    },
    {
        0x0000, 0x0000, 0x0000, 0x0000, 0x0000, 0x0000, 0x0000, 0x28E2, 0x0000, 0x0000, 0x0000, 0x0000, 0x0000, 0x0000, 0x0000, 0x0000,
        0x0000, 0x0000, 0x0000, 0x0000, 0x0000, 0x0000, 0x0000, 0x28E2, 0x0000, 0x0000, 0x0000, 0x0000, 0x0000, 0x0000, 0x0000, 0x0000,
        0x0000, 0x0000, 0x0000, 0x0000, 0x0000, 0x1881, 0x1881, 0x1881, 0x1881, 0x1881, 0x0000, 0x0000, 0x0000, 0x0000, 0x0000, 0x0000,
        0x0000, 0x0000, 0x0000, 0x0000, 0x5961, 0x5981, 0x6181, 0x6181, 0x5981, 0x5961, 0x5961, 0x0000, 0x0000, 0x0000, 0x0000, 0x0000,
        0x0000, 0x0000, 0x0000, 0x5961, 0x6181, 0x61A1, 0x61A1, 0x61A1, 0x61A1, 0x6181, 0x5961, 0x5961, 0x0000, 0x0000, 0x0000, 0x0000,
        0x0000, 0x0000, 0x0000, 0x38E1, 0x3901, 0x4101, 0x4101, 0x4101, 0x4101, 0x3901, 0x38E1, 0x38E0, 0x0000, 0x0000, 0x0000, 0x0000,
        0x0000, 0x0000, 0x0000, 0x6181, 0x69A1, 0x50E1, 0x50E1, 0x50E1, 0x50E1, 0x50E1, 0x61A1, 0x5981, 0x0000, 0x0000, 0x0000, 0x0000,
        0x0000, 0x0000, 0x0000, 0x61A1, 0x69C1, 0x71E2, 0x71E2, 0x50E1, 0x71E2, 0x69C1, 0x61A1, 0x6181, 0x0000, 0x0000, 0x0000, 0x0000,
        0x0000, 0x0000, 0x0000, 0x61A1, 0x69C1, 0x50E1, 0x50E1, 0x50E1, 0x50E1, 0x50E1, 0x61A1, 0x6181, 0x0000, 0x0000, 0x0000, 0x0000,
        0x0000, 0x0000, 0x0000, 0x3901, 0x4101, 0x4121, 0x4941, 0x4941, 0x4921, 0x4121, 0x4101, 0x38E1, 0x0000, 0x0000, 0x0000, 0x0000,
        0x0000, 0x0000, 0x0000, 0x61A1, 0x69C1, 0x71C2, 0x71E2, 0x71E2, 0x71E2, 0x69C1, 0x61A1, 0x5981, 0x0000, 0x0000, 0x0000, 0x0000,
        0x0000, 0x0000, 0x0000, 0x0000, 0x61A1, 0x69C1, 0x69C1, 0x69C1, 0x69C1, 0x69A1, 0x6181, 0x0000, 0x0000, 0x0000, 0x0000, 0x0000,
        0x0000, 0x0000, 0x0000, 0x0000, 0x0000, 0x1881, 0x1881, 0x1881, 0x1881, 0x1881, 0x0000, 0x0000, 0x0000, 0x0000, 0x0000, 0x0000,
        0x0000, 0x0000, 0x0000, 0x0000, 0x0000, 0x0000, 0x0000, 0x3901, 0x0000, 0x0000, 0x0000, 0x0000, 0x0000, 0x0000, 0x0000, 0x0000,
        0x0000, 0x0000, 0x0000, 0x0000, 0x0000, 0x0000, 0x3901, 0x3901, 0x3901, 0x0000, 0x0000, 0x0000, 0x0000, 0x0000, 0x0000, 0x0000,
        0x0000, 0x0000, 0x0000, 0x0000, 0x0000, 0x0000, 0x0000, 0x0000, 0x0000, 0x0000, 0x0000, 0x0000, 0x0000, 0x0000, 0x0000, 0x0000,
    },
    {
        0x0000, 0x0000, 0x0000, 0x0000, 0x0000, 0x0000, 0x0000, 0x28E2, 0x0000, 0x0000, 0x0000, 0x0000, 0x0000, 0x0000, 0x0000, 0x0000,
        0x0000, 0x0000, 0x0000, 0x0000, 0x0000, 0x0000, 0x0000, 0x28E2, 0x0000, 0x0000, 0x0000, 0x0000, 0x0000, 0x0000, 0x0000, 0x0000,
        0x0000, 0x0000, 0x0000, 0x0000, 0x0000, 0x1881, 0x1881, 0x1881, 0x1881, 0x1881, 0x0000, 0x0000, 0x0000, 0x0000, 0x0000, 0x0000,
        0x0000, 0x0000, 0x0000, 0x0000, 0x5141, 0x5961, 0x5961, 0x5961, 0x5961, 0x5141, 0x5141, 0x0000, 0x0000, 0x0000, 0x0000, 0x0000,
        0x0000, 0x0000, 0x0000, 0x5141, 0x5961, 0x5961, 0x5981, 0x5981, 0x5961, 0x5961, 0x5141, 0x5141, 0x0000, 0x0000, 0x0000, 0x0000,
        0x0000, 0x0000, 0x0000, 0x30C0, 0x38E0, 0x38E1, 0x38E1, 0x3901, 0x38E1, 0x38E0, 0x30E0, 0x30C0, 0x0000, 0x0000, 0x0000, 0x0000,
        0x0000, 0x0000, 0x0000, 0x5961, 0x6181, 0x50C1, 0x50C1, 0x50C1, 0x50C1, 0x50C1, 0x5961, 0x5141, 0x0000, 0x0000, 0x0000, 0x0000,
        0x0000, 0x0000, 0x0000, 0x5961, 0x6181, 0x61A1, 0x69C1, 0x50E1, 0x69A1, 0x6181, 0x5981, 0x5961, 0x0000, 0x0000, 0x0000, 0x0000,
        0x0000, 0x0000, 0x0000, 0x5981, 0x6181, 0x50E1, 0x50E1, 0x50E1, 0x50E1, 0x50C1, 0x5981, 0x5961, 0x0000, 0x0000, 0x0000, 0x0000,
        0x0000, 0x0000, 0x0000, 0x38E0, 0x3901, 0x4101, 0x4121, 0x4121, 0x4101, 0x3901, 0x38E0, 0x30E0, 0x0000, 0x0000, 0x0000, 0x0000,
        0x0000, 0x0000, 0x0000, 0x5961, 0x6181, 0x61A1, 0x69C1, 0x69C1, 0x61A1, 0x6181, 0x5961, 0x5961, 0x0000, 0x0000, 0x0000, 0x0000,
        0x0000, 0x0000, 0x0000, 0x0000, 0x5981, 0x6181, 0x61A1, 0x61A1, 0x6181, 0x6181, 0x5961, 0x0000, 0x0000, 0x0000, 0x0000, 0x0000,
        0x0000, 0x0000, 0x0000, 0x0000, 0x0000, 0x1881, 0x1881, 0x1881, 0x1881, 0x1881, 0x0000, 0x0000, 0x0000, 0x0000, 0x0000, 0x0000,
        0x0000, 0x0000, 0x0000, 0x0000, 0x0000, 0x0000, 0x0000, 0x30E1, 0x0000, 0x0000, 0x0000, 0x0000, 0x0000, 0x0000, 0x0000, 0x0000,
        0x0000, 0x0000, 0x0000, 0x0000, 0x0000, 0x0000, 0x30E1, 0x30E1, 0x30E1, 0x0000, 0x0000, 0x0000, 0x0000, 0x0000, 0x0000, 0x0000,
        0x0000, 0x0000, 0x0000, 0x0000, 0x0000, 0x0000, 0x0000, 0x0000, 0x0000, 0x0000, 0x0000, 0x0000, 0x0000, 0x0000, 0x0000, 0x0000,
    },
    {
        0x0000, 0x0000, 0x0000, 0x0000, 0x0000, 0x0000, 0x0000, 0x28E2, 0x0000, 0x0000, 0x0000, 0x0000, 0x0000, 0x0000, 0x0000, 0x0000,
        0x0000, 0x0000, 0x0000, 0x0000, 0x0000, 0x0000, 0x0000, 0x28E2, 0x0000, 0x0000, 0x0000, 0x0000, 0x0000, 0x0000, 0x0000, 0x0000,
        0x0000, 0x0000, 0x0000, 0x0000, 0x0000, 0x1881, 0x1881, 0x1881, 0x1881, 0x1881, 0x0000, 0x0000, 0x0000, 0x0000, 0x0000, 0x0000,
        0x0000, 0x0000, 0x0000, 0x0000, 0x4921, 0x5121, 0x5121, 0x5121, 0x5121, 0x4921, 0x4921, 0x0000, 0x0000, 0x0000, 0x0000, 0x0000,
        0x0000, 0x0000, 0x0000, 0x4921, 0x5121, 0x5141, 0x5141, 0x5141, 0x5141, 0x5121, 0x4921, 0x4921, 0x0000, 0x0000, 0x0000, 0x0000,
        0x0000, 0x0000, 0x0000, 0x30C0, 0x30C0, 0x30C0, 0x30C0, 0x30C0, 0x30C0, 0x30C0, 0x30C0, 0x30A0, 0x0000, 0x0000, 0x0000, 0x0000,
        0x0000, 0x0000, 0x0000, 0x5141, 0x5141, 0x48C0, 0x48C1, 0x48C1, 0x48C0, 0x48C0, 0x5141, 0x4921, 0x0000, 0x0000, 0x0000, 0x0000,
        0x0000, 0x0000, 0x0000, 0x5141, 0x5161, 0x5961, 0x5981, 0x48C1, 0x5961, 0x5961, 0x5141, 0x5121, 0x0000, 0x0000, 0x0000, 0x0000,
        0x0000, 0x0000, 0x0000, 0x5141, 0x5961, 0x48C1, 0x50C1, 0x50C1, 0x48C1, 0x48C0, 0x5141, 0x5121, 0x0000, 0x0000, 0x0000, 0x0000,
        0x0000, 0x0000, 0x0000, 0x30C0, 0x30C0, 0x38E0, 0x38E1, 0x38E1, 0x38E0, 0x30C0, 0x30C0, 0x30C0, 0x0000, 0x0000, 0x0000, 0x0000,
        0x0000, 0x0000, 0x0000, 0x5141, 0x5141, 0x5961, 0x5961, 0x5961, 0x5961, 0x5161, 0x5141, 0x5121, 0x0000, 0x0000, 0x0000, 0x0000,
        0x0000, 0x0000, 0x0000, 0x0000, 0x5141, 0x5961, 0x5961, 0x5961, 0x5961, 0x5141, 0x5141, 0x0000, 0x0000, 0x0000, 0x0000, 0x0000,
        0x0000, 0x0000, 0x0000, 0x0000, 0x0000, 0x1881, 0x1881, 0x1881, 0x1881, 0x1881, 0x0000, 0x0000, 0x0000, 0x0000, 0x0000, 0x0000,
        0x0000, 0x0000, 0x0000, 0x0000, 0x0000, 0x0000, 0x0000, 0x28C1, 0x0000, 0x0000, 0x0000, 0x0000, 0x0000, 0x0000, 0x0000, 0x0000,
        0x0000, 0x0000, 0x0000, 0x0000, 0x0000, 0x0000, 0x28C1, 0x28C1, 0x28C1, 0x0000, 0x0000, 0x0000, 0x0000, 0x0000, 0x0000, 0x0000,
        0x0000, 0x0000, 0x0000, 0x0000, 0x0000, 0x0000, 0x0000, 0x0000, 0x0000, 0x0000, 0x0000, 0x0000, 0x0000, 0x0000, 0x0000, 0x0000,
    },
    {
        0x0000, 0x0000, 0x0000, 0x0000, 0x0000, 0x0000, 0x0000, 0x28E2, 0x0000, 0x0000, 0x0000, 0x0000, 0x0000, 0x0000, 0x0000, 0x0000,
        0x0000, 0x0000, 0x0000, 0x0000, 0x0000, 0x0000, 0x0000, 0x28E2, 0x0000, 0x0000, 0x0000, 0x0000, 0x0000, 0x0000, 0x0000, 0x0000,
        0x0000, 0x0000, 0x0000, 0x0000, 0x0000, 0x1881, 0x1881, 0x1881, 0x1881, 0x1881, 0x0000, 0x0000, 0x0000, 0x0000, 0x0000, 0x0000,
        0x0000, 0x0000, 0x0000, 0x0000, 0x4921, 0x5121, 0x5141, 0x5141, 0x5141, 0x5121, 0x4921, 0x0000, 0x0000, 0x0000, 0x0000, 0x0000,
        0x0000, 0x0000, 0x0000, 0x4921, 0x5141, 0x5141, 0x5141, 0x5141, 0x5141, 0x5141, 0x5121, 0x4921, 0x0000, 0x0000, 0x0000, 0x0000,
        0x0000, 0x0000, 0x0000, 0x30C0, 0x30C0, 0x30C0, 0x30E0, 0x30E0, 0x30C0, 0x30C0, 0x30C0, 0x30C0, 0x0000, 0x0000, 0x0000, 0x0000,
        0x0000, 0x0000, 0x0000, 0x5141, 0x5141, 0x48C1, 0x48C1, 0x48C1, 0x48C1, 0x48C0, 0x5141, 0x5121, 0x0000, 0x0000, 0x0000, 0x0000,
        0x0000, 0x0000, 0x0000, 0x5141, 0x5961, 0x5961, 0x6181, 0x50C1, 0x5981, 0x5961, 0x5141, 0x5141, 0x0000, 0x0000, 0x0000, 0x0000,
        0x0000, 0x0000, 0x0000, 0x5141, 0x5961, 0x48C1, 0x50C1, 0x50C1, 0x48C1, 0x48C1, 0x5141, 0x5141, 0x0000, 0x0000, 0x0000, 0x0000,
        0x0000, 0x0000, 0x0000, 0x30C0, 0x38E0, 0x38E0, 0x38E1, 0x38E1, 0x38E0, 0x38E0, 0x30C0, 0x30C0, 0x0000, 0x0000, 0x0000, 0x0000,
        0x0000, 0x0000, 0x0000, 0x5141, 0x5961, 0x5961, 0x5981, 0x5981, 0x5961, 0x5961, 0x5141, 0x5121, 0x0000, 0x0000, 0x0000, 0x0000,
        0x0000, 0x0000, 0x0000, 0x0000, 0x5141, 0x5961, 0x5961, 0x5961, 0x5961, 0x5141, 0x5141, 0x0000, 0x0000, 0x0000, 0x0000, 0x0000,
        0x0000, 0x0000, 0x0000, 0x0000, 0x0000, 0x1881, 0x1881, 0x1881, 0x1881, 0x1881, 0x0000, 0x0000, 0x0000, 0x0000, 0x0000, 0x0000,
        0x0000, 0x0000, 0x0000, 0x0000, 0x0000, 0x0000, 0x0000, 0x28E1, 0x0000, 0x0000, 0x0000, 0x0000, 0x0000, 0x0000, 0x0000, 0x0000,
        0x0000, 0x0000, 0x0000, 0x0000, 0x0000, 0x0000, 0x28E1, 0x28E1, 0x28E1, 0x0000, 0x0000, 0x0000, 0x0000, 0x0000, 0x0000, 0x0000,
        0x0000, 0x0000, 0x0000, 0x0000, 0x0000, 0x0000, 0x0000, 0x0000, 0x0000, 0x0000, 0x0000, 0x0000, 0x0000, 0x0000, 0x0000, 0x0000,
    },
    {
        0x0000, 0x0000, 0x0000, 0x0000, 0x0000, 0x0000, 0x0000, 0x28E2, 0x0000, 0x0000, 0x0000, 0x0000, 0x0000, 0x0000, 0x0000, 0x0000,
        0x0000, 0x0000, 0x0000, 0x0000, 0x0000, 0x0000, 0x0000, 0x28E2, 0x0000, 0x0000, 0x0000, 0x0000, 0x0000, 0x0000, 0x0000, 0x0000,
        0x0000, 0x0000, 0x0000, 0x0000, 0x0000, 0x1881, 0x1881, 0x1881, 0x1881, 0x1881, 0x0000, 0x0000, 0x0000, 0x0000, 0x0000, 0x0000,
        0x0000, 0x0000, 0x0000, 0x0000, 0x5961, 0x5961, 0x5981, 0x5981, 0x5961, 0x5961, 0x5141, 0x0000, 0x0000, 0x0000, 0x0000, 0x0000,
        0x0000, 0x0000, 0x0000, 0x5961, 0x5961, 0x6181, 0x6181, 0x6181, 0x6181, 0x5981, 0x5961, 0x5141, 0x0000, 0x0000, 0x0000, 0x0000,
        0x0000, 0x0000, 0x0000, 0x38E0, 0x38E1, 0x3901, 0x4101, 0x4101, 0x3901, 0x3901, 0x38E0, 0x30C0, 0x0000, 0x0000, 0x0000, 0x0000,
        0x0000, 0x0000, 0x0000, 0x5981, 0x61A1, 0x50E1, 0x50E1, 0x50E1, 0x50E1, 0x50C1, 0x6181, 0x5961, 0x0000, 0x0000, 0x0000, 0x0000,
        0x0000, 0x0000, 0x0000, 0x6181, 0x61A1, 0x69C1, 0x71E2, 0x50E1, 0x69C1, 0x69A1, 0x6181, 0x5961, 0x0000, 0x0000, 0x0000, 0x0000,
        0x0000, 0x0000, 0x0000, 0x6181, 0x61A1, 0x50E1, 0x50E1, 0x50E1, 0x50E1, 0x50E1, 0x6181, 0x5961, 0x0000, 0x0000, 0x0000, 0x0000,
        0x0000, 0x0000, 0x0000, 0x38E1, 0x4101, 0x4121, 0x4121, 0x4121, 0x4121, 0x4101, 0x3901, 0x38E0, 0x0000, 0x0000, 0x0000, 0x0000,
        0x0000, 0x0000, 0x0000, 0x6181, 0x61A1, 0x69C1, 0x69C1, 0x69C1, 0x69C1, 0x61A1, 0x6181, 0x5961, 0x0000, 0x0000, 0x0000, 0x0000,
        0x0000, 0x0000, 0x0000, 0x0000, 0x6181, 0x61A1, 0x69A1, 0x69A1, 0x61A1, 0x6181, 0x5981, 0x0000, 0x0000, 0x0000, 0x0000, 0x0000,
        0x0000, 0x0000, 0x0000, 0x0000, 0x0000, 0x1881, 0x1881, 0x1881, 0x1881, 0x1881, 0x0000, 0x0000, 0x0000, 0x0000, 0x0000, 0x0000,
        0x0000, 0x0000, 0x0000, 0x0000, 0x0000, 0x0000, 0x0000, 0x3101, 0x0000, 0x0000, 0x0000, 0x0000, 0x0000, 0x0000, 0x0000, 0x0000,
        0x0000, 0x0000, 0x0000, 0x0000, 0x0000, 0x0000, 0x3101, 0x3101, 0x3101, 0x0000, 0x0000, 0x0000, 0x0000, 0x0000, 0x0000, 0x0000,
        0x0000, 0x0000, 0x0000, 0x0000, 0x0000, 0x0000, 0x0000, 0x0000, 0x0000, 0x0000, 0x0000, 0x0000, 0x0000, 0x0000, 0x0000, 0x0000,
    },
    {
        0x0000, 0x0000, 0x0000, 0x0000, 0x0000, 0x0000, 0x0000, 0x28E2, 0x0000, 0x0000, 0x0000, 0x0000, 0x0000, 0x0000, 0x0000, 0x0000,
        0x0000, 0x0000, 0x0000, 0x0000, 0x0000, 0x0000, 0x0000, 0x28E2, 0x0000, 0x0000, 0x0000, 0x0000, 0x0000, 0x0000, 0x0000, 0x0000,
        0x0000, 0x0000, 0x0000, 0x0000, 0x0000, 0x1881, 0x1881, 0x1881, 0x1881, 0x1881, 0x0000, 0x0000, 0x0000, 0x0000, 0x0000, 0x0000,
        0x0000, 0x0000, 0x0000, 0x0000, 0x6181, 0x61A1, 0x69A1, 0x69A1, 0x61A1, 0x61A1, 0x6181, 0x0000, 0x0000, 0x0000, 0x0000, 0x0000,
        0x0000, 0x0000, 0x0000, 0x6181, 0x61A1, 0x69C1, 0x69C1, 0x69C1, 0x69C1, 0x69A1, 0x61A1, 0x5981, 0x0000, 0x0000, 0x0000, 0x0000,
        0x0000, 0x0000, 0x0000, 0x3901, 0x4101, 0x4121, 0x4921, 0x4921, 0x4121, 0x4121, 0x4101, 0x3901, 0x0000, 0x0000, 0x0000, 0x0000,
        0x0000, 0x0000, 0x0000, 0x69A1, 0x71C2, 0x50E1, 0x50E1, 0x50E1, 0x50E1, 0x50E1, 0x69C1, 0x61A1, 0x0000, 0x0000, 0x0000, 0x0000,
        0x0000, 0x0000, 0x0000, 0x69C1, 0x71E2, 0x7A02, 0x8222, 0x5901, 0x7A22, 0x7202, 0x69C1, 0x61A1, 0x0000, 0x0000, 0x0000, 0x0000,
        0x0000, 0x0000, 0x0000, 0x69C1, 0x71E2, 0x50E1, 0x5901, 0x5901, 0x58E1, 0x50E1, 0x69C2, 0x69A1, 0x0000, 0x0000, 0x0000, 0x0000,
        0x0000, 0x0000, 0x0000, 0x4101, 0x4121, 0x4941, 0x4941, 0x5161, 0x4941, 0x4941, 0x4121, 0x4101, 0x0000, 0x0000, 0x0000, 0x0000,
        0x0000, 0x0000, 0x0000, 0x69A1, 0x71E2, 0x7202, 0x7A02, 0x7A02, 0x7A02, 0x71E2, 0x69C1, 0x61A1, 0x0000, 0x0000, 0x0000, 0x0000,
        0x0000, 0x0000, 0x0000, 0x0000, 0x69C1, 0x71E2, 0x71E2, 0x71E2, 0x71E2, 0x69C1, 0x69A1, 0x0000, 0x0000, 0x0000, 0x0000, 0x0000,
        0x0000, 0x0000, 0x0000, 0x0000, 0x0000, 0x1881, 0x1881, 0x1881, 0x1881, 0x1881, 0x0000, 0x0000, 0x0000, 0x0000, 0x0000, 0x0000,
        0x0000, 0x0000, 0x0000, 0x0000, 0x0000, 0x0000, 0x0000, 0x3921, 0x0000, 0x0000, 0x0000, 0x0000, 0x0000, 0x0000, 0x0000, 0x0000,
        0x0000, 0x0000, 0x0000, 0x0000, 0x0000, 0x0000, 0x3921, 0x3921, 0x3921, 0x0000, 0x0000, 0x0000, 0x0000, 0x0000, 0x0000, 0x0000,
        0x0000, 0x0000, 0x0000, 0x0000, 0x0000, 0x0000, 0x0000, 0x0000, 0x0000, 0x0000, 0x0000, 0x0000, 0x0000, 0x0000, 0x0000, 0x0000,
    },
    {
        0x0000, 0x0000, 0x0000, 0x0000, 0x0000, 0x0000, 0x0000, 0x28E2, 0x0000, 0x0000, 0x0000, 0x0000, 0x0000, 0x0000, 0x0000, 0x0000,
        0x0000, 0x0000, 0x0000, 0x0000, 0x0000, 0x0000, 0x0000, 0x28E2, 0x0000, 0x0000, 0x0000, 0x0000, 0x0000, 0x0000, 0x0000, 0x0000,
        0x0000, 0x0000, 0x0000, 0x0000, 0x0000, 0x1881, 0x1881, 0x1881, 0x1881, 0x1881, 0x0000, 0x0000, 0x0000, 0x0000, 0x0000, 0x0000,
        0x0000, 0x0000, 0x0000, 0x0000, 0x61A1, 0x69C1, 0x69C1, 0x69C1, 0x69C1, 0x69C1, 0x61A1, 0x0000, 0x0000, 0x0000, 0x0000, 0x0000,
        0x0000, 0x0000, 0x0000, 0x61A1, 0x69C1, 0x71E2, 0x71E2, 0x71E2, 0x71E2, 0x71E2, 0x69C1, 0x61A1, 0x0000, 0x0000, 0x0000, 0x0000,
        0x0000, 0x0000, 0x0000, 0x4101, 0x4121, 0x4941, 0x4941, 0x4941, 0x4941, 0x4921, 0x4121, 0x4101, 0x0000, 0x0000, 0x0000, 0x0000,
        0x0000, 0x0000, 0x0000, 0x69C1, 0x71E2, 0x50E1, 0x5901, 0x5901, 0x5901, 0x50E1, 0x71E2, 0x69C1, 0x0000, 0x0000, 0x0000, 0x0000,
        0x0000, 0x0000, 0x0000, 0x71C2, 0x7A02, 0x8222, 0x8242, 0x5901, 0x8242, 0x7A22, 0x7202, 0x69C1, 0x0000, 0x0000, 0x0000, 0x0000,
        0x0000, 0x0000, 0x0000, 0x71E2, 0x7A02, 0x5901, 0x5901, 0x5901, 0x5901, 0x5901, 0x7202, 0x69C1, 0x0000, 0x0000, 0x0000, 0x0000,
        0x0000, 0x0000, 0x0000, 0x4121, 0x4941, 0x4941, 0x5161, 0x5181, 0x5161, 0x4941, 0x4941, 0x4121, 0x0000, 0x0000, 0x0000, 0x0000,
        0x0000, 0x0000, 0x0000, 0x69C1, 0x71E2, 0x7A22, 0x8222, 0x8242, 0x8222, 0x7A02, 0x71E2, 0x69C1, 0x0000, 0x0000, 0x0000, 0x0000,
        0x0000, 0x0000, 0x0000, 0x0000, 0x71E2, 0x7202, 0x7A02, 0x7A22, 0x7A02, 0x71E2, 0x71C2, 0x0000, 0x0000, 0x0000, 0x0000, 0x0000,
        0x0000, 0x0000, 0x0000, 0x0000, 0x0000, 0x1881, 0x1881, 0x1881, 0x1881, 0x1881, 0x0000, 0x0000, 0x0000, 0x0000, 0x0000, 0x0000,
        0x0000, 0x0000, 0x0000, 0x0000, 0x0000, 0x0000, 0x0000, 0x4121, 0x0000, 0x0000, 0x0000, 0x0000, 0x0000, 0x0000, 0x0000, 0x0000,
        0x0000, 0x0000, 0x0000, 0x0000, 0x0000, 0x0000, 0x4121, 0x4121, 0x4121, 0x0000, 0x0000, 0x0000, 0x0000, 0x0000, 0x0000, 0x0000,
        0x0000, 0x0000, 0x0000, 0x0000, 0x0000, 0x0000, 0x0000, 0x0000, 0x0000, 0x0000, 0x0000, 0x0000, 0x0000, 0x0000, 0x0000, 0x0000,
    },
    {
        0x0000, 0x0000, 0x0000, 0x0000, 0x0000, 0x0000, 0x0000, 0x28E2, 0x0000, 0x0000, 0x0000, 0x0000, 0x0000, 0x0000, 0x0000, 0x0000,
        0x0000, 0x0000, 0x0000, 0x0000, 0x0000, 0x0000, 0x0000, 0x28E2, 0x0000, 0x0000, 0x0000, 0x0000, 0x0000, 0x0000, 0x0000, 0x0000,
        0x0000, 0x0000, 0x0000, 0x0000, 0x0000, 0x1881, 0x1881, 0x1881, 0x1881, 0x1881, 0x0000, 0x0000, 0x0000, 0x0000, 0x0000, 0x0000,
        0x0000, 0x0000, 0x0000, 0x0000, 0x69C1, 0x69C1, 0x71E2, 0x71E2, 0x71E2, 0x69C2, 0x69C1, 0x0000, 0x0000, 0x0000, 0x0000, 0x0000,
        0x0000, 0x0000, 0x0000, 0x69A1, 0x71E2, 0x7202, 0x7A02, 0x7A02, 0x7A02, 0x7202, 0x71E2, 0x69C1, 0x0000, 0x0000, 0x0000, 0x0000,
        0x0000, 0x0000, 0x0000, 0x4121, 0x4941, 0x4941, 0x5161, 0x5161, 0x5161, 0x4941, 0x4941, 0x4121, 0x0000, 0x0000, 0x0000, 0x0000,
        0x0000, 0x0000, 0x0000, 0x71E2, 0x7A02, 0x5901, 0x5901, 0x5901, 0x5901, 0x5901, 0x7A02, 0x71E2, 0x0000, 0x0000, 0x0000, 0x0000,
        0x0000, 0x0000, 0x0000, 0x71E2, 0x7A22, 0x8242, 0x8A82, 0x5901, 0x8A82, 0x8242, 0x7A22, 0x71E2, 0x0000, 0x0000, 0x0000, 0x0000,
        0x0000, 0x0000, 0x0000, 0x71E2, 0x7A22, 0x5901, 0x5901, 0x5921, 0x5901, 0x5901, 0x7A22, 0x71E2, 0x0000, 0x0000, 0x0000, 0x0000,
        0x0000, 0x0000, 0x0000, 0x4921, 0x4941, 0x5161, 0x5981, 0x5981, 0x5981, 0x5161, 0x4941, 0x4921, 0x0000, 0x0000, 0x0000, 0x0000,
        0x0000, 0x0000, 0x0000, 0x71E2, 0x7A02, 0x8242, 0x8A62, 0x8A62, 0x8A62, 0x8242, 0x7A02, 0x71E2, 0x0000, 0x0000, 0x0000, 0x0000,
        0x0000, 0x0000, 0x0000, 0x0000, 0x7202, 0x7A22, 0x8242, 0x8242, 0x8242, 0x7A22, 0x7202, 0x0000, 0x0000, 0x0000, 0x0000, 0x0000,
        0x0000, 0x0000, 0x0000, 0x0000, 0x0000, 0x1881, 0x1881, 0x1881, 0x1881, 0x1881, 0x0000, 0x0000, 0x0000, 0x0000, 0x0000, 0x0000,
        0x0000, 0x0000, 0x0000, 0x0000, 0x0000, 0x0000, 0x0000, 0x4141, 0x0000, 0x0000, 0x0000, 0x0000, 0x0000, 0x0000, 0x0000, 0x0000,
        0x0000, 0x0000, 0x0000, 0x0000, 0x0000, 0x0000, 0x4141, 0x4141, 0x4141, 0x0000, 0x0000, 0x0000, 0x0000, 0x0000, 0x0000, 0x0000,
        0x0000, 0x0000, 0x0000, 0x0000, 0x0000, 0x0000, 0x0000, 0x0000, 0x0000, 0x0000, 0x0000, 0x0000, 0x0000, 0x0000, 0x0000, 0x0000,
    },
};
