// 16x16 LED-matrix animation, 32 frames at 80 ms.
// Row-major, top-left origin. Generated -- do not edit by hand.
#pragma once
#include <stdint.h>

#define MATRIX16_ANIM_W 16
#define MATRIX16_ANIM_H 16
#define MATRIX16_ANIM_FRAMES 32
#define MATRIX16_ANIM_DELAY_MS 80

static const uint32_t matrix16_anim_rgb888[32][256] = {
    {
        0x075C1C, 0x000803, 0x000803, 0x000803, 0x000803, 0x000803, 0x000803, 0x000803, 0x30F05C, 0x000803, 0x075C1C, 0x000803, 0x000803, 0x075C1C, 0x000803, 0x000803,
        0x043612, 0x000803, 0x000803, 0x000803, 0x000803, 0x000803, 0x000803, 0x000803, 0x78FF96, 0x000803, 0x0C8E2A, 0x000803, 0x000803, 0x30F05C, 0x000803, 0x000803,
        0x075C1C, 0x000803, 0x000803, 0x000803, 0x000803, 0x000803, 0x000803, 0x000803, 0xD6FFDE, 0x000803, 0x14C43C, 0x000803, 0x000803, 0x14C43C, 0x000803, 0x075C1C,
        0x0C8E2A, 0x000803, 0x000803, 0x000803, 0x000803, 0x000803, 0x000803, 0x000803, 0x000803, 0x000803, 0x30F05C, 0x000803, 0x000803, 0x30F05C, 0x000803, 0x0C8E2A,
        0x14C43C, 0x000803, 0x000803, 0x000803, 0x000803, 0x000803, 0x000803, 0x000803, 0x000803, 0x000803, 0x78FF96, 0x000803, 0x000803, 0x78FF96, 0x000803, 0x14C43C,
        0x30F05C, 0x000803, 0x000803, 0x000803, 0x000803, 0x000803, 0x000803, 0x000803, 0x000803, 0x000803, 0xD6FFDE, 0x000803, 0x000803, 0xD6FFDE, 0x000803, 0x30F05C,
        0x78FF96, 0x000803, 0x000803, 0x000803, 0x000803, 0x000803, 0x000803, 0x000803, 0x000803, 0x000803, 0x000803, 0x000803, 0x000803, 0x000803, 0x000803, 0x78FF96,
        0xD6FFDE, 0x000803, 0x000803, 0x000803, 0x000803, 0x000803, 0x000803, 0x000803, 0x000803, 0x000803, 0x000803, 0x000803, 0x000803, 0x000803, 0x000803, 0xD6FFDE,
        0x000803, 0x000803, 0x000803, 0x000803, 0x14C43C, 0x000803, 0x000803, 0x000803, 0x000803, 0x000803, 0x000803, 0x000803, 0x000803, 0x000803, 0x000803, 0x000803,
        0x000803, 0x000803, 0x000803, 0x000803, 0x0C8E2A, 0x000803, 0x000803, 0x000803, 0x000803, 0x000803, 0x000803, 0x000803, 0x000803, 0x000803, 0x000803, 0x000803,
        0x000803, 0x000803, 0x000803, 0x000803, 0x14C43C, 0x000803, 0x000803, 0x000803, 0x000803, 0x000803, 0x000803, 0x000803, 0x000803, 0x000803, 0x000803, 0x000803,
        0x000803, 0x000803, 0x000803, 0x000803, 0x30F05C, 0x000803, 0x000803, 0x000803, 0x000803, 0x000803, 0x000803, 0x000803, 0x000803, 0x000803, 0x000803, 0x000803,
        0x000803, 0x021C09, 0x000803, 0x000803, 0x78FF96, 0x000803, 0x075C1C, 0x000803, 0x000803, 0x000803, 0x000803, 0x000803, 0x000803, 0x000803, 0x000803, 0x000803,
        0x000803, 0x043612, 0x000803, 0x021C09, 0xD6FFDE, 0x000803, 0x30F05C, 0x000803, 0x000803, 0x000803, 0x000803, 0x000803, 0x000803, 0x000803, 0x000803, 0x000803,
        0x000803, 0x14C43C, 0x000803, 0x0C8E2A, 0x000803, 0x000803, 0x14C43C, 0x000803, 0x000803, 0x000803, 0x000803, 0x000803, 0x000803, 0x000803, 0x000803, 0x000803,
        0x000803, 0x0C8E2A, 0x000803, 0x075C1C, 0x000803, 0x075C1C, 0x30F05C, 0x000803, 0x000803, 0x021C09, 0x000803, 0x000803, 0x000803, 0x000803, 0x000803, 0x000803,
    },
    {
        0x000803, 0x000803, 0x000803, 0x000803, 0x000803, 0x000803, 0x000803, 0x000803, 0x14C43C, 0x000803, 0x043612, 0xD6FFDE, 0x000803, 0x043612, 0x000803, 0x000803,
        0x021C09, 0x000803, 0x000803, 0x000803, 0x000803, 0x000803, 0x000803, 0x000803, 0x30F05C, 0x000803, 0x075C1C, 0x000803, 0x000803, 0x075C1C, 0x000803, 0x000803,
        0x043612, 0x000803, 0x000803, 0x000803, 0x000803, 0x000803, 0x000803, 0x000803, 0x78FF96, 0x000803, 0x0C8E2A, 0x000803, 0x000803, 0x0C8E2A, 0x000803, 0x000803,
        0x075C1C, 0x000803, 0x000803, 0x000803, 0x000803, 0x000803, 0x000803, 0x000803, 0xD6FFDE, 0x000803, 0x14C43C, 0x000803, 0x000803, 0x78FF96, 0x000803, 0x075C1C,
        0x0C8E2A, 0x000803, 0x000803, 0x000803, 0x000803, 0x000803, 0x000803, 0x000803, 0x000803, 0x000803, 0x30F05C, 0x000803, 0x000803, 0x30F05C, 0x000803, 0x0C8E2A,
        0x14C43C, 0x000803, 0x000803, 0x000803, 0x000803, 0x000803, 0x000803, 0x000803, 0x000803, 0x000803, 0x78FF96, 0x000803, 0x000803, 0x78FF96, 0x000803, 0x14C43C,
        0x30F05C, 0x000803, 0x000803, 0x000803, 0x000803, 0x000803, 0x000803, 0x000803, 0x000803, 0x000803, 0xD6FFDE, 0x000803, 0x000803, 0xD6FFDE, 0x000803, 0x30F05C,
        0x78FF96, 0x000803, 0x000803, 0x000803, 0x000803, 0x000803, 0x000803, 0x000803, 0x000803, 0x000803, 0x000803, 0x000803, 0x000803, 0x000803, 0x000803, 0x78FF96,
        0xD6FFDE, 0x000803, 0x000803, 0x000803, 0x000803, 0x000803, 0x000803, 0x000803, 0x000803, 0x000803, 0x000803, 0x000803, 0x000803, 0x000803, 0x000803, 0xD6FFDE,
        0x000803, 0x000803, 0x000803, 0x000803, 0x075C1C, 0x000803, 0x000803, 0x000803, 0x000803, 0x000803, 0x000803, 0x000803, 0x000803, 0x000803, 0x000803, 0x000803,
        0x000803, 0x000803, 0x000803, 0x000803, 0x0C8E2A, 0x000803, 0x000803, 0x000803, 0x000803, 0x000803, 0x000803, 0x000803, 0x000803, 0x000803, 0x000803, 0x000803,
        0x000803, 0x000803, 0x000803, 0x000803, 0x14C43C, 0x000803, 0x000803, 0x000803, 0x000803, 0x000803, 0x000803, 0x000803, 0x000803, 0x000803, 0x000803, 0x000803,
        0x000803, 0x000803, 0x000803, 0x000803, 0x30F05C, 0x000803, 0x000803, 0x000803, 0x000803, 0x000803, 0x000803, 0x000803, 0x000803, 0x000803, 0x000803, 0x000803,
        0x000803, 0x021C09, 0x000803, 0x000803, 0x78FF96, 0x000803, 0x000803, 0x000803, 0x000803, 0x000803, 0x000803, 0x000803, 0x000803, 0x000803, 0x000803, 0x000803,
        0x000803, 0x043612, 0x000803, 0x021C09, 0xD6FFDE, 0x000803, 0x075C1C, 0x000803, 0x000803, 0x000803, 0x000803, 0x000803, 0x000803, 0x000803, 0x000803, 0x000803,
        0x000803, 0x075C1C, 0x000803, 0x043612, 0x000803, 0x000803, 0x0C8E2A, 0x000803, 0x000803, 0x000803, 0x000803, 0x000803, 0x000803, 0x000803, 0x000803, 0x000803,
    },
    {
        0x000803, 0x000803, 0x000803, 0x000803, 0x000803, 0x000803, 0x000803, 0x000803, 0x0C8E2A, 0x000803, 0x075C1C, 0x78FF96, 0x78FF96, 0x000803, 0x000803, 0x000803,
        0x000803, 0x000803, 0x000803, 0x000803, 0x000803, 0x000803, 0x000803, 0x000803, 0x14C43C, 0x000803, 0x043612, 0xD6FFDE, 0xD6FFDE, 0x043612, 0x000803, 0x000803,
        0x021C09, 0x000803, 0x000803, 0x000803, 0x000803, 0x000803, 0x000803, 0x000803, 0x30F05C, 0x000803, 0x075C1C, 0x000803, 0x000803, 0x075C1C, 0x000803, 0x000803,
        0x043612, 0x000803, 0x000803, 0x000803, 0x000803, 0x000803, 0x000803, 0x000803, 0x78FF96, 0x000803, 0x0C8E2A, 0x000803, 0x000803, 0x0C8E2A, 0x000803, 0x000803,
        0x075C1C, 0x000803, 0x000803, 0x000803, 0x000803, 0x000803, 0x000803, 0x000803, 0xD6FFDE, 0x000803, 0x14C43C, 0x000803, 0x000803, 0x14C43C, 0x000803, 0x075C1C,
        0x0C8E2A, 0x000803, 0x000803, 0x000803, 0x000803, 0x000803, 0x000803, 0x000803, 0x000803, 0x000803, 0x30F05C, 0x000803, 0x000803, 0x30F05C, 0x000803, 0x0C8E2A,
        0x14C43C, 0x000803, 0x000803, 0x000803, 0x000803, 0x000803, 0x000803, 0x000803, 0x000803, 0x000803, 0x78FF96, 0x000803, 0x000803, 0x78FF96, 0x000803, 0x14C43C,
        0x30F05C, 0x000803, 0x000803, 0x000803, 0x000803, 0x000803, 0x000803, 0x000803, 0x000803, 0x000803, 0xD6FFDE, 0x000803, 0x000803, 0xD6FFDE, 0x000803, 0x30F05C,
        0x78FF96, 0x000803, 0x000803, 0x000803, 0x000803, 0x000803, 0x000803, 0x000803, 0x000803, 0x000803, 0x000803, 0x000803, 0x000803, 0x000803, 0x000803, 0x78FF96,
        0xD6FFDE, 0x000803, 0x000803, 0x000803, 0x000803, 0x000803, 0x000803, 0x000803, 0x000803, 0x000803, 0x000803, 0x000803, 0x000803, 0x000803, 0x000803, 0xD6FFDE,
        0x000803, 0x000803, 0x000803, 0x000803, 0x075C1C, 0x000803, 0x000803, 0x000803, 0x000803, 0x000803, 0x000803, 0x000803, 0x000803, 0x000803, 0x000803, 0x000803,
        0x000803, 0x000803, 0x000803, 0x000803, 0x0C8E2A, 0x000803, 0x000803, 0x000803, 0x000803, 0x000803, 0x000803, 0x000803, 0x000803, 0x000803, 0x000803, 0x000803,
        0x000803, 0x000803, 0x000803, 0x000803, 0x14C43C, 0x000803, 0x000803, 0x000803, 0x000803, 0x000803, 0x000803, 0x000803, 0x000803, 0x000803, 0x000803, 0x000803,
        0x000803, 0x000803, 0x000803, 0x000803, 0x30F05C, 0x000803, 0x000803, 0x000803, 0x000803, 0x000803, 0x000803, 0x000803, 0x000803, 0x000803, 0x000803, 0x000803,
        0x000803, 0x021C09, 0x000803, 0x000803, 0x78FF96, 0x000803, 0x000803, 0x000803, 0x000803, 0x000803, 0x000803, 0x000803, 0x000803, 0x000803, 0x000803, 0x000803,
        0x000803, 0x043612, 0x000803, 0x021C09, 0xD6FFDE, 0x000803, 0x000803, 0x000803, 0x000803, 0x000803, 0x000803, 0x000803, 0x000803, 0x000803, 0x000803, 0x000803,
    },
    {
        0x000803, 0x000803, 0x000803, 0x000803, 0x000803, 0x000803, 0x000803, 0x000803, 0x075C1C, 0x000803, 0x021C09, 0x78FF96, 0x14C43C, 0x000803, 0x000803, 0x000803,
        0x000803, 0x000803, 0x000803, 0x000803, 0x000803, 0x000803, 0x000803, 0x000803, 0x0C8E2A, 0x000803, 0x021C09, 0x78FF96, 0x30F05C, 0x000803, 0x000803, 0x000803,
        0x000803, 0x000803, 0x000803, 0x000803, 0x000803, 0x000803, 0x000803, 0x000803, 0x14C43C, 0x000803, 0x0C8E2A, 0xD6FFDE, 0x78FF96, 0x043612, 0x000803, 0x000803,
        0x021C09, 0x000803, 0x000803, 0x000803, 0x000803, 0x000803, 0x000803, 0x000803, 0x30F05C, 0x000803, 0x075C1C, 0x000803, 0xD6FFDE, 0x075C1C, 0x000803, 0x000803,
        0x043612, 0x000803, 0x000803, 0x000803, 0x000803, 0x000803, 0x000803, 0x000803, 0x78FF96, 0x000803, 0x0C8E2A, 0x000803, 0x000803, 0x0C8E2A, 0x000803, 0x000803,
        0x075C1C, 0x000803, 0x000803, 0x000803, 0x000803, 0x000803, 0x000803, 0x000803, 0xD6FFDE, 0x000803, 0x14C43C, 0x000803, 0x000803, 0x14C43C, 0x000803, 0x075C1C,
        0x0C8E2A, 0x000803, 0x000803, 0x000803, 0x000803, 0x000803, 0x000803, 0x000803, 0x000803, 0x000803, 0x30F05C, 0x000803, 0x000803, 0x30F05C, 0x000803, 0x0C8E2A,
        0x14C43C, 0x000803, 0x000803, 0x000803, 0x000803, 0x000803, 0x000803, 0x000803, 0x000803, 0x000803, 0x78FF96, 0x000803, 0x000803, 0x78FF96, 0x000803, 0x78FF96,
        0x30F05C, 0x000803, 0x000803, 0x000803, 0x000803, 0x000803, 0x000803, 0x000803, 0x000803, 0x000803, 0xD6FFDE, 0x000803, 0x000803, 0xD6FFDE, 0x000803, 0x30F05C,
        0x78FF96, 0x000803, 0x000803, 0x000803, 0x000803, 0x000803, 0x000803, 0x000803, 0x000803, 0x000803, 0x000803, 0x000803, 0x000803, 0x000803, 0x000803, 0x78FF96,
        0xD6FFDE, 0x000803, 0x000803, 0x000803, 0x000803, 0x000803, 0x000803, 0x000803, 0x000803, 0x000803, 0x000803, 0x000803, 0x000803, 0x000803, 0x000803, 0xD6FFDE,
        0x000803, 0x000803, 0x000803, 0x000803, 0x075C1C, 0x000803, 0x000803, 0x000803, 0x000803, 0x000803, 0x000803, 0x000803, 0x000803, 0x000803, 0x000803, 0x000803,
        0x000803, 0x000803, 0x000803, 0x000803, 0x0C8E2A, 0x000803, 0x000803, 0x000803, 0x000803, 0x000803, 0x000803, 0x000803, 0x000803, 0x000803, 0x000803, 0x000803,
        0x000803, 0x000803, 0x000803, 0x000803, 0x14C43C, 0x000803, 0x000803, 0x000803, 0x000803, 0x000803, 0x000803, 0x000803, 0x000803, 0x000803, 0x000803, 0x000803,
        0x000803, 0x000803, 0x000803, 0x000803, 0x30F05C, 0x000803, 0x000803, 0x000803, 0x000803, 0x000803, 0x000803, 0x000803, 0x000803, 0x000803, 0x000803, 0x000803,
        0x000803, 0x021C09, 0x000803, 0x000803, 0x78FF96, 0x000803, 0x000803, 0x000803, 0x000803, 0x000803, 0x000803, 0x000803, 0x000803, 0x000803, 0x000803, 0x000803,
    },
    {
        0x000803, 0x000803, 0xD6FFDE, 0x000803, 0x000803, 0x000803, 0x000803, 0xD6FFDE, 0x043612, 0x000803, 0x000803, 0x14C43C, 0x075C1C, 0x000803, 0x000803, 0x000803,
        0x000803, 0x000803, 0x000803, 0x000803, 0x000803, 0x000803, 0x000803, 0x000803, 0x075C1C, 0x000803, 0x021C09, 0x30F05C, 0x0C8E2A, 0x000803, 0x000803, 0x000803,
        0x000803, 0x000803, 0x000803, 0x000803, 0x000803, 0x000803, 0x000803, 0x000803, 0x0C8E2A, 0x000803, 0x021C09, 0x78FF96, 0x14C43C, 0x000803, 0x000803, 0x000803,
        0x000803, 0x000803, 0x000803, 0x000803, 0x000803, 0x000803, 0x000803, 0x000803, 0x14C43C, 0x000803, 0x043612, 0xD6FFDE, 0x30F05C, 0x043612, 0x000803, 0x000803,
        0x021C09, 0x000803, 0x000803, 0x000803, 0x000803, 0x000803, 0x000803, 0x000803, 0x30F05C, 0x000803, 0x075C1C, 0x000803, 0x78FF96, 0x075C1C, 0x000803, 0x000803,
        0x0C8E2A, 0x000803, 0x000803, 0x000803, 0x000803, 0x000803, 0x000803, 0x000803, 0x78FF96, 0x000803, 0x0C8E2A, 0x000803, 0xD6FFDE, 0x0C8E2A, 0x000803, 0x000803,
        0x14C43C, 0x000803, 0x000803, 0x000803, 0x000803, 0x000803, 0x000803, 0x000803, 0xD6FFDE, 0x000803, 0x78FF96, 0x000803, 0x000803, 0x14C43C, 0x000803, 0x075C1C,
        0x0C8E2A, 0x000803, 0x000803, 0x000803, 0x000803, 0x000803, 0x000803, 0x000803, 0x000803, 0x000803, 0x78FF96, 0x000803, 0x000803, 0x30F05C, 0x000803, 0x0C8E2A,
        0x14C43C, 0x000803, 0x000803, 0x000803, 0x000803, 0x000803, 0x000803, 0x000803, 0x000803, 0x000803, 0x78FF96, 0x000803, 0x000803, 0x78FF96, 0x000803, 0x78FF96,
        0x30F05C, 0x000803, 0x000803, 0x000803, 0x000803, 0x000803, 0x000803, 0x000803, 0x000803, 0x000803, 0xD6FFDE, 0x000803, 0x000803, 0xD6FFDE, 0x000803, 0x30F05C,
        0x78FF96, 0x000803, 0x000803, 0x000803, 0x000803, 0x000803, 0x000803, 0x000803, 0x000803, 0x000803, 0x000803, 0x000803, 0x000803, 0x000803, 0x000803, 0x78FF96,
        0xD6FFDE, 0x000803, 0x000803, 0x000803, 0x000803, 0x000803, 0x000803, 0x000803, 0x000803, 0x000803, 0x000803, 0x000803, 0x000803, 0x000803, 0x000803, 0xD6FFDE,
        0x000803, 0x000803, 0x000803, 0x000803, 0x075C1C, 0x000803, 0x000803, 0x000803, 0x000803, 0x000803, 0x000803, 0x000803, 0x000803, 0x000803, 0x000803, 0x000803,
        0x000803, 0x000803, 0x000803, 0x000803, 0x30F05C, 0x000803, 0x000803, 0x000803, 0x000803, 0x000803, 0x000803, 0x000803, 0x000803, 0x000803, 0x000803, 0x000803,
        0x000803, 0x000803, 0x000803, 0x000803, 0x14C43C, 0x000803, 0x000803, 0x000803, 0x000803, 0x000803, 0x000803, 0x000803, 0x000803, 0x000803, 0x000803, 0x000803,
        0x000803, 0x000803, 0x000803, 0x000803, 0x30F05C, 0x000803, 0x000803, 0x000803, 0x000803, 0x000803, 0x000803, 0x000803, 0x000803, 0x000803, 0x000803, 0x000803,
    },
    {
        0x000803, 0x000803, 0x78FF96, 0x000803, 0x000803, 0x000803, 0x000803, 0x78FF96, 0x021C09, 0xD6FFDE, 0x000803, 0x0C8E2A, 0x021C09, 0x000803, 0x000803, 0x000803,
        0x000803, 0x000803, 0xD6FFDE, 0x000803, 0x000803, 0x000803, 0x000803, 0xD6FFDE, 0x043612, 0x000803, 0x000803, 0x14C43C, 0x043612, 0x000803, 0x000803, 0x000803,
        0x000803, 0x000803, 0x000803, 0x000803, 0x000803, 0x000803, 0x000803, 0x000803, 0x14C43C, 0x000803, 0x021C09, 0x30F05C, 0x075C1C, 0x000803, 0x000803, 0x000803,
        0x000803, 0x000803, 0x000803, 0x000803, 0x000803, 0x000803, 0x000803, 0x000803, 0x0C8E2A, 0x000803, 0x075C1C, 0x78FF96, 0x0C8E2A, 0x000803, 0x000803, 0x000803,
        0x000803, 0x000803, 0x000803, 0x000803, 0x000803, 0x000803, 0x000803, 0x000803, 0x14C43C, 0x000803, 0x043612, 0xD6FFDE, 0x14C43C, 0x043612, 0x000803, 0x000803,
        0x021C09, 0x000803, 0x000803, 0x000803, 0x000803, 0x000803, 0x000803, 0x000803, 0x78FF96, 0x000803, 0x14C43C, 0x000803, 0x30F05C, 0x075C1C, 0x000803, 0x000803,
        0x043612, 0x000803, 0x000803, 0x000803, 0x000803, 0x000803, 0x000803, 0x000803, 0x78FF96, 0x000803, 0x0C8E2A, 0x000803, 0x78FF96, 0x0C8E2A, 0x000803, 0x000803,
        0x075C1C, 0x000803, 0x000803, 0x000803, 0x000803, 0x000803, 0x000803, 0x000803, 0xD6FFDE, 0x000803, 0x14C43C, 0x000803, 0xD6FFDE, 0x14C43C, 0x000803, 0x075C1C,
        0x0C8E2A, 0x000803, 0x000803, 0x000803, 0x000803, 0x000803, 0x000803, 0x000803, 0x000803, 0x000803, 0x30F05C, 0x000803, 0x000803, 0x30F05C, 0x000803, 0x0C8E2A,
        0x14C43C, 0x000803, 0x000803, 0x000803, 0x000803, 0x000803, 0x000803, 0x000803, 0x000803, 0x000803, 0x78FF96, 0x000803, 0x000803, 0x78FF96, 0x000803, 0x14C43C,
        0x30F05C, 0x000803, 0x000803, 0x000803, 0x000803, 0x000803, 0x000803, 0x000803, 0x000803, 0x000803, 0xD6FFDE, 0x000803, 0x000803, 0xD6FFDE, 0x000803, 0x30F05C,
        0x78FF96, 0x000803, 0x000803, 0x000803, 0x000803, 0x000803, 0x000803, 0x000803, 0x000803, 0x000803, 0x000803, 0x000803, 0x000803, 0x000803, 0x000803, 0x78FF96,
        0xD6FFDE, 0x000803, 0x000803, 0x000803, 0x000803, 0x000803, 0x000803, 0x000803, 0x000803, 0x000803, 0x000803, 0x000803, 0x000803, 0x000803, 0x000803, 0xD6FFDE,
        0x000803, 0x000803, 0x000803, 0x000803, 0x075C1C, 0x000803, 0x000803, 0x000803, 0x000803, 0x000803, 0x000803, 0x000803, 0x000803, 0x000803, 0x000803, 0x000803,
        0x000803, 0x000803, 0x000803, 0x000803, 0x0C8E2A, 0x000803, 0x000803, 0x000803, 0x000803, 0x000803, 0x000803, 0x000803, 0x000803, 0x000803, 0x000803, 0x000803,
        0x000803, 0x000803, 0x000803, 0x000803, 0x14C43C, 0x000803, 0x000803, 0x000803, 0x000803, 0x000803, 0x000803, 0x000803, 0x000803, 0x000803, 0x000803, 0x000803,
    },
    {
        0x000803, 0x000803, 0x30F05C, 0x000803, 0x000803, 0xD6FFDE, 0x000803, 0x30F05C, 0x000803, 0x30F05C, 0x000803, 0x075C1C, 0x000803, 0x000803, 0x000803, 0x000803,
        0x000803, 0x000803, 0x78FF96, 0x000803, 0x000803, 0x000803, 0x000803, 0x78FF96, 0x021C09, 0x78FF96, 0x000803, 0x0C8E2A, 0x000803, 0x000803, 0x000803, 0x000803,
        0x000803, 0x000803, 0xD6FFDE, 0x000803, 0x000803, 0x000803, 0x000803, 0xD6FFDE, 0x0C8E2A, 0xD6FFDE, 0x000803, 0x14C43C, 0x075C1C, 0x000803, 0x000803, 0x000803,
        0x000803, 0x000803, 0x000803, 0x000803, 0x000803, 0x000803, 0x000803, 0x000803, 0x075C1C, 0x000803, 0x021C09, 0x78FF96, 0x043612, 0x000803, 0x000803, 0x000803,
        0x000803, 0x000803, 0x000803, 0x000803, 0x000803, 0x000803, 0x000803, 0x000803, 0x0C8E2A, 0x000803, 0x021C09, 0x78FF96, 0x075C1C, 0x000803, 0x000803, 0x000803,
        0x000803, 0x000803, 0x000803, 0x000803, 0x000803, 0x000803, 0x000803, 0x000803, 0x14C43C, 0x000803, 0x043612, 0xD6FFDE, 0x0C8E2A, 0x043612, 0x000803, 0x000803,
        0x021C09, 0x000803, 0x000803, 0x000803, 0x000803, 0x000803, 0x000803, 0x000803, 0x30F05C, 0x000803, 0x075C1C, 0x000803, 0x14C43C, 0x075C1C, 0x000803, 0x000803,
        0x043612, 0x000803, 0x000803, 0x000803, 0x000803, 0x000803, 0x000803, 0x000803, 0x78FF96, 0x000803, 0x0C8E2A, 0x000803, 0x30F05C, 0x0C8E2A, 0x000803, 0x000803,
        0x075C1C, 0x000803, 0x000803, 0x000803, 0x000803, 0x000803, 0x000803, 0x000803, 0xD6FFDE, 0x000803, 0x14C43C, 0x000803, 0x78FF96, 0x14C43C, 0x000803, 0x075C1C,
        0x30F05C, 0x000803, 0x000803, 0x000803, 0x000803, 0x000803, 0x000803, 0x000803, 0x000803, 0x000803, 0x30F05C, 0x000803, 0xD6FFDE, 0x30F05C, 0x000803, 0x0C8E2A,
        0x14C43C, 0x000803, 0x000803, 0x000803, 0x000803, 0x000803, 0x000803, 0x000803, 0x000803, 0x000803, 0x78FF96, 0x000803, 0x000803, 0x78FF96, 0x000803, 0x14C43C,
        0x30F05C, 0x000803, 0x000803, 0x000803, 0x000803, 0x000803, 0x000803, 0x000803, 0x000803, 0x000803, 0xD6FFDE, 0x000803, 0x000803, 0xD6FFDE, 0x000803, 0x30F05C,
        0x78FF96, 0x000803, 0x000803, 0x000803, 0x000803, 0x000803, 0x000803, 0x000803, 0x000803, 0x000803, 0x000803, 0x000803, 0x000803, 0x000803, 0x000803, 0x78FF96,
        0xD6FFDE, 0x000803, 0x000803, 0x000803, 0x000803, 0x000803, 0x000803, 0x000803, 0x000803, 0x000803, 0x000803, 0x000803, 0x000803, 0x000803, 0x000803, 0xD6FFDE,
        0x000803, 0x000803, 0x000803, 0x000803, 0x075C1C, 0x000803, 0x000803, 0x000803, 0x000803, 0x000803, 0x000803, 0x000803, 0x000803, 0x000803, 0x000803, 0x000803,
        0x000803, 0x000803, 0x000803, 0x000803, 0x0C8E2A, 0x000803, 0x000803, 0x000803, 0x000803, 0x000803, 0x000803, 0x000803, 0x000803, 0x000803, 0x000803, 0x000803,
    },
    {
        0x000803, 0x000803, 0x14C43C, 0x000803, 0x000803, 0x30F05C, 0x000803, 0x14C43C, 0x000803, 0x0C8E2A, 0x000803, 0x000803, 0x000803, 0x000803, 0x000803, 0x000803,
        0x000803, 0x000803, 0x30F05C, 0x000803, 0x000803, 0x78FF96, 0x000803, 0x30F05C, 0x000803, 0x14C43C, 0x000803, 0x075C1C, 0x000803, 0x000803, 0x000803, 0x000803,
        0x000803, 0x000803, 0x78FF96, 0x000803, 0x000803, 0xD6FFDE, 0x000803, 0x78FF96, 0x021C09, 0x30F05C, 0x000803, 0x0C8E2A, 0x000803, 0x000803, 0x000803, 0x000803,
        0x000803, 0x000803, 0xD6FFDE, 0x000803, 0x000803, 0x000803, 0x000803, 0xD6FFDE, 0x043612, 0x78FF96, 0x000803, 0x14C43C, 0x000803, 0x000803, 0x000803, 0x000803,
        0x000803, 0x000803, 0x000803, 0x000803, 0x000803, 0x000803, 0x000803, 0x000803, 0x075C1C, 0xD6FFDE, 0x021C09, 0x30F05C, 0x021C09, 0x000803, 0x000803, 0x000803,
        0x000803, 0x000803, 0x000803, 0x000803, 0x000803, 0x000803, 0x000803, 0x000803, 0x0C8E2A, 0x000803, 0x021C09, 0x78FF96, 0x043612, 0x000803, 0x000803, 0x000803,
        0x000803, 0x000803, 0x000803, 0x000803, 0x000803, 0x000803, 0x000803, 0x000803, 0x78FF96, 0x000803, 0x043612, 0xD6FFDE, 0x075C1C, 0x0C8E2A, 0x000803, 0x000803,
        0x021C09, 0x000803, 0x000803, 0x000803, 0x000803, 0x000803, 0x000803, 0x000803, 0x30F05C, 0x000803, 0x075C1C, 0x000803, 0x30F05C, 0x14C43C, 0x000803, 0x000803,
        0x043612, 0x000803, 0x000803, 0x000803, 0x000803, 0x000803, 0x000803, 0x000803, 0x78FF96, 0x000803, 0x0C8E2A, 0x000803, 0x14C43C, 0x0C8E2A, 0x000803, 0x000803,
        0x075C1C, 0x000803, 0x000803, 0x000803, 0x000803, 0x000803, 0x000803, 0x000803, 0xD6FFDE, 0x000803, 0x78FF96, 0x000803, 0x30F05C, 0x14C43C, 0x000803, 0x075C1C,
        0x0C8E2A, 0x000803, 0x000803, 0x000803, 0x000803, 0x000803, 0x000803, 0x000803, 0x000803, 0x000803, 0x30F05C, 0x000803, 0x78FF96, 0x30F05C, 0x000803, 0x0C8E2A,
        0x14C43C, 0x000803, 0x000803, 0x000803, 0x000803, 0x000803, 0x000803, 0x000803, 0x000803, 0x000803, 0x78FF96, 0x000803, 0xD6FFDE, 0x78FF96, 0x000803, 0x78FF96,
        0x30F05C, 0x000803, 0x000803, 0x000803, 0x000803, 0x000803, 0x000803, 0x000803, 0x000803, 0x000803, 0xD6FFDE, 0x000803, 0x000803, 0xD6FFDE, 0x000803, 0x78FF96,
        0x78FF96, 0x000803, 0x000803, 0x000803, 0x000803, 0x000803, 0x000803, 0x000803, 0x000803, 0x000803, 0x000803, 0x000803, 0x000803, 0x000803, 0x000803, 0x78FF96,
        0xD6FFDE, 0x000803, 0x000803, 0x000803, 0x000803, 0x000803, 0x000803, 0x000803, 0x000803, 0x000803, 0x000803, 0x000803, 0x000803, 0x000803, 0x000803, 0xD6FFDE,
        0x000803, 0x000803, 0x000803, 0x000803, 0x075C1C, 0x000803, 0x000803, 0x000803, 0x000803, 0x000803, 0x000803, 0x000803, 0x000803, 0x000803, 0x000803, 0x000803,
    },
    {
        0x000803, 0x000803, 0x0C8E2A, 0x000803, 0x000803, 0x0C8E2A, 0x78FF96, 0x0C8E2A, 0x000803, 0x043612, 0x000803, 0x000803, 0x000803, 0x000803, 0x000803, 0x000803,
        0x000803, 0x000803, 0x14C43C, 0x000803, 0x000803, 0x14C43C, 0xD6FFDE, 0x14C43C, 0x000803, 0x075C1C, 0x000803, 0x000803, 0x000803, 0x000803, 0x000803, 0x000803,
        0x000803, 0x000803, 0x78FF96, 0x000803, 0x000803, 0x30F05C, 0x000803, 0x78FF96, 0x000803, 0x0C8E2A, 0x000803, 0x075C1C, 0x000803, 0x000803, 0x000803, 0x000803,
        0x000803, 0x000803, 0x78FF96, 0x000803, 0x000803, 0x78FF96, 0x000803, 0x78FF96, 0x021C09, 0x14C43C, 0x000803, 0x0C8E2A, 0x000803, 0x000803, 0x000803, 0x000803,
        0x000803, 0x000803, 0xD6FFDE, 0x000803, 0x000803, 0xD6FFDE, 0x000803, 0xD6FFDE, 0x0C8E2A, 0x78FF96, 0x000803, 0x14C43C, 0x000803, 0x000803, 0x000803, 0x000803,
        0x000803, 0x000803, 0x000803, 0x000803, 0x000803, 0x000803, 0x000803, 0x000803, 0x075C1C, 0x78FF96, 0x075C1C, 0x30F05C, 0x000803, 0x000803, 0x000803, 0x000803,
        0x000803, 0x000803, 0x000803, 0x000803, 0x000803, 0x000803, 0x000803, 0x000803, 0x0C8E2A, 0xD6FFDE, 0x075C1C, 0x78FF96, 0x021C09, 0x000803, 0x000803, 0x000803,
        0x000803, 0x000803, 0x000803, 0x000803, 0x000803, 0x000803, 0x000803, 0x000803, 0x14C43C, 0x000803, 0x043612, 0xD6FFDE, 0x043612, 0x043612, 0x000803, 0x000803,
        0x075C1C, 0x000803, 0x000803, 0x000803, 0x000803, 0x000803, 0x000803, 0x000803, 0x30F05C, 0x000803, 0x075C1C, 0x000803, 0x075C1C, 0x075C1C, 0x000803, 0x000803,
        0x043612, 0x000803, 0x000803, 0x000803, 0x000803, 0x000803, 0x000803, 0x000803, 0x78FF96, 0x000803, 0x0C8E2A, 0x000803, 0x0C8E2A, 0x0C8E2A, 0x000803, 0x000803,
        0x14C43C, 0x000803, 0x000803, 0x000803, 0x000803, 0x000803, 0x000803, 0x000803, 0xD6FFDE, 0x000803, 0x14C43C, 0x000803, 0x14C43C, 0x14C43C, 0x000803, 0x075C1C,
        0x0C8E2A, 0x000803, 0x000803, 0x000803, 0x000803, 0x000803, 0x000803, 0x000803, 0x000803, 0x000803, 0x30F05C, 0x000803, 0x30F05C, 0x30F05C, 0x000803, 0x0C8E2A,
        0x78FF96, 0x000803, 0x000803, 0x000803, 0x000803, 0x000803, 0x000803, 0x000803, 0x000803, 0x000803, 0x78FF96, 0x000803, 0x78FF96, 0x78FF96, 0x000803, 0x14C43C,
        0x30F05C, 0x000803, 0x000803, 0x000803, 0x000803, 0x000803, 0x000803, 0x000803, 0x000803, 0x000803, 0xD6FFDE, 0x000803, 0xD6FFDE, 0xD6FFDE, 0x000803, 0x78FF96,
        0x78FF96, 0x000803, 0x000803, 0x000803, 0x000803, 0x000803, 0x000803, 0x000803, 0x000803, 0x000803, 0x000803, 0x000803, 0x000803, 0x000803, 0x000803, 0x78FF96,
        0xD6FFDE, 0x000803, 0x000803, 0x000803, 0x000803, 0x000803, 0x000803, 0x000803, 0x000803, 0x000803, 0x000803, 0x000803, 0x000803, 0x000803, 0x000803, 0xD6FFDE,
    },
    {
        0x000803, 0x000803, 0x075C1C, 0x000803, 0x000803, 0x000803, 0x14C43C, 0x075C1C, 0x000803, 0x000803, 0x000803, 0x000803, 0x000803, 0x000803, 0xD6FFDE, 0x000803,
        0x000803, 0x000803, 0x0C8E2A, 0x000803, 0x000803, 0x075C1C, 0x78FF96, 0x0C8E2A, 0x000803, 0x021C09, 0x000803, 0x000803, 0x000803, 0x000803, 0x000803, 0x000803,
        0x000803, 0x000803, 0x14C43C, 0x000803, 0x000803, 0x0C8E2A, 0x78FF96, 0x14C43C, 0x000803, 0x043612, 0x000803, 0x000803, 0x000803, 0x000803, 0x000803, 0x000803,
        0x000803, 0x000803, 0x30F05C, 0x000803, 0x000803, 0x14C43C, 0xD6FFDE, 0x78FF96, 0x000803, 0x075C1C, 0x000803, 0x075C1C, 0x000803, 0x000803, 0x000803, 0x000803,
        0x000803, 0x000803, 0x78FF96, 0x000803, 0x000803, 0x30F05C, 0x000803, 0x78FF96, 0x075C1C, 0x0C8E2A, 0x000803, 0x0C8E2A, 0x000803, 0x000803, 0x000803, 0x000803,
        0x000803, 0x000803, 0xD6FFDE, 0x000803, 0x000803, 0x78FF96, 0x000803, 0xD6FFDE, 0x043612, 0x14C43C, 0x000803, 0x14C43C, 0x000803, 0x000803, 0x000803, 0x000803,
        0x000803, 0x000803, 0x000803, 0x000803, 0x000803, 0xD6FFDE, 0x000803, 0x000803, 0x075C1C, 0x30F05C, 0x021C09, 0x30F05C, 0x000803, 0x000803, 0x000803, 0x000803,
        0x000803, 0x000803, 0x000803, 0x000803, 0x000803, 0x000803, 0x000803, 0x000803, 0x0C8E2A, 0x78FF96, 0x021C09, 0x78FF96, 0x000803, 0x000803, 0x000803, 0x000803,
        0x000803, 0x000803, 0x000803, 0x000803, 0x000803, 0x000803, 0x000803, 0x000803, 0x14C43C, 0xD6FFDE, 0x043612, 0xD6FFDE, 0x021C09, 0x043612, 0x000803, 0x000803,
        0x021C09, 0x000803, 0x000803, 0x000803, 0x000803, 0x000803, 0x000803, 0x000803, 0x30F05C, 0x000803, 0x075C1C, 0x000803, 0x043612, 0x075C1C, 0x000803, 0x000803,
        0x043612, 0x000803, 0x000803, 0x000803, 0x000803, 0x000803, 0x000803, 0x000803, 0x78FF96, 0x000803, 0x0C8E2A, 0x000803, 0x075C1C, 0x30F05C, 0x000803, 0x000803,
        0x075C1C, 0x000803, 0x000803, 0x000803, 0x000803, 0x000803, 0x000803, 0x000803, 0xD6FFDE, 0x000803, 0x14C43C, 0x000803, 0x0C8E2A, 0x78FF96, 0x000803, 0x075C1C,
        0x0C8E2A, 0x000803, 0x000803, 0x000803, 0x000803, 0x000803, 0x000803, 0x000803, 0x000803, 0x000803, 0x30F05C, 0x000803, 0x14C43C, 0x30F05C, 0x000803, 0x0C8E2A,
        0x14C43C, 0x000803, 0x000803, 0x000803, 0x000803, 0x000803, 0x000803, 0x000803, 0x000803, 0x000803, 0x78FF96, 0x000803, 0x30F05C, 0x78FF96, 0x000803, 0x14C43C,
        0x30F05C, 0x000803, 0x000803, 0x000803, 0x000803, 0x000803, 0x000803, 0x000803, 0x000803, 0x000803, 0xD6FFDE, 0x000803, 0x78FF96, 0xD6FFDE, 0x000803, 0x30F05C,
        0x78FF96, 0x000803, 0x000803, 0x000803, 0x000803, 0x000803, 0x000803, 0x000803, 0x000803, 0x000803, 0x000803, 0x000803, 0xD6FFDE, 0x000803, 0x000803, 0x78FF96,
    },
    {
        0x000803, 0x000803, 0x043612, 0x000803, 0x000803, 0x000803, 0x075C1C, 0x043612, 0x000803, 0x000803, 0x000803, 0x000803, 0x000803, 0x000803, 0x78FF96, 0x000803,
        0x000803, 0x000803, 0x075C1C, 0x000803, 0x000803, 0x000803, 0x0C8E2A, 0x075C1C, 0x000803, 0x000803, 0x000803, 0x000803, 0x000803, 0x000803, 0xD6FFDE, 0x000803,
        0x000803, 0x000803, 0x0C8E2A, 0x000803, 0x000803, 0x000803, 0x14C43C, 0x0C8E2A, 0x000803, 0x000803, 0x000803, 0x000803, 0x000803, 0x000803, 0x000803, 0x000803,
        0x000803, 0x000803, 0x14C43C, 0x000803, 0x000803, 0x075C1C, 0x30F05C, 0x14C43C, 0x000803, 0x021C09, 0x000803, 0x000803, 0x000803, 0x000803, 0x000803, 0x000803,
        0x000803, 0x000803, 0x78FF96, 0x000803, 0x000803, 0x30F05C, 0x78FF96, 0x30F05C, 0x000803, 0x043612, 0x000803, 0x075C1C, 0x000803, 0x000803, 0x000803, 0x000803,
        0x000803, 0x000803, 0x78FF96, 0x000803, 0x000803, 0x14C43C, 0xD6FFDE, 0x78FF96, 0x021C09, 0x075C1C, 0x000803, 0x0C8E2A, 0x000803, 0x000803, 0x000803, 0x000803,
        0x000803, 0x000803, 0xD6FFDE, 0x000803, 0x000803, 0x30F05C, 0x000803, 0xD6FFDE, 0x043612, 0x0C8E2A, 0x000803, 0x14C43C, 0x000803, 0x000803, 0x000803, 0x000803,
        0x000803, 0x000803, 0x000803, 0x000803, 0x000803, 0x78FF96, 0x000803, 0x000803, 0x075C1C, 0x14C43C, 0x021C09, 0x30F05C, 0x000803, 0x000803, 0x000803, 0x000803,
        0x000803, 0x000803, 0x000803, 0x000803, 0x000803, 0xD6FFDE, 0x000803, 0x000803, 0x0C8E2A, 0x78FF96, 0x021C09, 0x78FF96, 0x000803, 0x000803, 0x000803, 0x000803,
        0x000803, 0x000803, 0x000803, 0x000803, 0x000803, 0x000803, 0x000803, 0x000803, 0x14C43C, 0x78FF96, 0x043612, 0xD6FFDE, 0x000803, 0x043612, 0x000803, 0x000803,
        0x021C09, 0x000803, 0x000803, 0x000803, 0x000803, 0x000803, 0x000803, 0x000803, 0x78FF96, 0xD6FFDE, 0x075C1C, 0x000803, 0x021C09, 0x075C1C, 0x000803, 0x000803,
        0x043612, 0x000803, 0x000803, 0x000803, 0x000803, 0x000803, 0x000803, 0x000803, 0x78FF96, 0x000803, 0x0C8E2A, 0x000803, 0x043612, 0x0C8E2A, 0x000803, 0x000803,
        0x075C1C, 0x000803, 0x000803, 0x000803, 0x000803, 0x000803, 0x000803, 0x000803, 0xD6FFDE, 0x000803, 0x14C43C, 0x000803, 0x075C1C, 0x14C43C, 0x000803, 0x075C1C,
        0x0C8E2A, 0x000803, 0x000803, 0x000803, 0x000803, 0x000803, 0x000803, 0x000803, 0x000803, 0x000803, 0x30F05C, 0x000803, 0x0C8E2A, 0x30F05C, 0x000803, 0x30F05C,
        0x14C43C, 0x000803, 0x000803, 0x000803, 0x000803, 0x000803, 0x000803, 0x000803, 0x000803, 0x000803, 0x78FF96, 0x000803, 0x14C43C, 0x78FF96, 0x000803, 0x14C43C,
        0x30F05C, 0x000803, 0x000803, 0x000803, 0x000803, 0x000803, 0x000803, 0x000803, 0x000803, 0x000803, 0xD6FFDE, 0x000803, 0x30F05C, 0xD6FFDE, 0x000803, 0x78FF96,
    },
    {
        0x000803, 0x000803, 0x021C09, 0x000803, 0x000803, 0x000803, 0x000803, 0x021C09, 0x000803, 0x000803, 0x000803, 0x000803, 0x000803, 0x000803, 0x30F05C, 0x000803,
        0x000803, 0x000803, 0x043612, 0x000803, 0x000803, 0x000803, 0x000803, 0x043612, 0x000803, 0x000803, 0x000803, 0x000803, 0x000803, 0x000803, 0x78FF96, 0x000803,
        0x000803, 0x000803, 0x075C1C, 0x000803, 0x000803, 0x000803, 0x075C1C, 0x075C1C, 0x000803, 0x000803, 0x000803, 0x000803, 0x000803, 0x000803, 0xD6FFDE, 0x000803,
        0x000803, 0x000803, 0x0C8E2A, 0x000803, 0x000803, 0x000803, 0x0C8E2A, 0x0C8E2A, 0x000803, 0x000803, 0x000803, 0x000803, 0x000803, 0x000803, 0x000803, 0x000803,
        0x000803, 0x000803, 0x14C43C, 0x000803, 0x000803, 0x000803, 0x14C43C, 0x14C43C, 0x000803, 0x000803, 0x000803, 0x000803, 0x000803, 0x000803, 0x000803, 0x000803,
        0x000803, 0x000803, 0x78FF96, 0x000803, 0x000803, 0x075C1C, 0x30F05C, 0x30F05C, 0x000803, 0x021C09, 0x000803, 0x075C1C, 0x000803, 0x000803, 0x000803, 0x000803,
        0x000803, 0x000803, 0x78FF96, 0x000803, 0x000803, 0x30F05C, 0x78FF96, 0x78FF96, 0x021C09, 0x043612, 0x000803, 0x0C8E2A, 0x000803, 0x000803, 0x000803, 0x000803,
        0x000803, 0x000803, 0xD6FFDE, 0x000803, 0x000803, 0x14C43C, 0xD6FFDE, 0xD6FFDE, 0x043612, 0x075C1C, 0x000803, 0x14C43C, 0x000803, 0x000803, 0x000803, 0x000803,
        0x000803, 0x000803, 0x000803, 0x000803, 0x000803, 0x30F05C, 0x000803, 0x000803, 0x075C1C, 0x0C8E2A, 0x021C09, 0x30F05C, 0x000803, 0x000803, 0x000803, 0x000803,
        0x000803, 0x000803, 0x000803, 0x000803, 0x000803, 0x78FF96, 0x000803, 0x000803, 0x0C8E2A, 0x78FF96, 0x021C09, 0x78FF96, 0x000803, 0x000803, 0x000803, 0x000803,
        0x000803, 0x000803, 0x000803, 0x000803, 0x000803, 0xD6FFDE, 0x000803, 0x000803, 0x14C43C, 0x30F05C, 0x043612, 0xD6FFDE, 0x000803, 0x043612, 0x000803, 0x000803,
        0x021C09, 0x000803, 0x000803, 0x000803, 0x000803, 0x000803, 0x000803, 0x000803, 0x30F05C, 0x78FF96, 0x075C1C, 0x000803, 0x000803, 0x075C1C, 0x000803, 0x000803,
        0x043612, 0x000803, 0x000803, 0x000803, 0x000803, 0x000803, 0x000803, 0x000803, 0x78FF96, 0xD6FFDE, 0x0C8E2A, 0x000803, 0x075C1C, 0x0C8E2A, 0x000803, 0x000803,
        0x075C1C, 0x000803, 0x000803, 0x000803, 0x000803, 0x000803, 0x000803, 0x000803, 0xD6FFDE, 0x000803, 0x14C43C, 0x000803, 0x043612, 0x14C43C, 0x000803, 0x075C1C,
        0x0C8E2A, 0x000803, 0x000803, 0x000803, 0x000803, 0x000803, 0x000803, 0x000803, 0x000803, 0x000803, 0x30F05C, 0x000803, 0x075C1C, 0x30F05C, 0x000803, 0x30F05C,
        0x14C43C, 0x000803, 0x000803, 0x000803, 0x000803, 0x000803, 0x000803, 0x000803, 0x000803, 0x000803, 0x78FF96, 0x000803, 0x0C8E2A, 0x78FF96, 0x000803, 0x14C43C,
    },
    {
        0x000803, 0x000803, 0x000803, 0xD6FFDE, 0x000803, 0x000803, 0x000803, 0x021C09, 0x000803, 0x000803, 0x000803, 0x000803, 0x000803, 0x000803, 0x14C43C, 0x000803,
        0x000803, 0x000803, 0x021C09, 0x000803, 0x000803, 0x000803, 0x000803, 0x021C09, 0x000803, 0x000803, 0x000803, 0x000803, 0x000803, 0x000803, 0x30F05C, 0x000803,
        0x000803, 0x000803, 0x043612, 0x000803, 0x000803, 0x000803, 0x000803, 0x043612, 0x000803, 0x000803, 0x000803, 0x000803, 0x000803, 0x000803, 0x78FF96, 0x000803,
        0x000803, 0x000803, 0x075C1C, 0x000803, 0x000803, 0x000803, 0x000803, 0x14C43C, 0x000803, 0x000803, 0x000803, 0x000803, 0x000803, 0x000803, 0xD6FFDE, 0x000803,
        0x000803, 0x000803, 0x0C8E2A, 0x000803, 0x000803, 0x000803, 0x075C1C, 0x0C8E2A, 0x000803, 0x000803, 0x000803, 0x000803, 0x000803, 0x000803, 0x000803, 0x000803,
        0x000803, 0x000803, 0x14C43C, 0x000803, 0x000803, 0x000803, 0x0C8E2A, 0x14C43C, 0x000803, 0x000803, 0x000803, 0x000803, 0x000803, 0x000803, 0x000803, 0x000803,
        0x000803, 0x000803, 0x30F05C, 0x000803, 0x000803, 0x000803, 0x14C43C, 0x78FF96, 0x000803, 0x000803, 0x000803, 0x075C1C, 0x000803, 0x000803, 0x000803, 0x000803,
        0x000803, 0x000803, 0x78FF96, 0x000803, 0x000803, 0x075C1C, 0x30F05C, 0x78FF96, 0x021C09, 0x021C09, 0x000803, 0x0C8E2A, 0x000803, 0x000803, 0x000803, 0x000803,
        0x000803, 0x000803, 0xD6FFDE, 0x000803, 0x000803, 0x0C8E2A, 0x78FF96, 0xD6FFDE, 0x043612, 0x043612, 0x000803, 0x14C43C, 0x000803, 0x000803, 0x000803, 0x000803,
        0x000803, 0x000803, 0x000803, 0x000803, 0x000803, 0x78FF96, 0xD6FFDE, 0x000803, 0x075C1C, 0x075C1C, 0x021C09, 0x30F05C, 0x000803, 0x000803, 0x000803, 0x000803,
        0x000803, 0x000803, 0x000803, 0x000803, 0x000803, 0x30F05C, 0x000803, 0x000803, 0x0C8E2A, 0x0C8E2A, 0x021C09, 0x78FF96, 0x000803, 0x000803, 0x000803, 0x000803,
        0x000803, 0x000803, 0x000803, 0x000803, 0x000803, 0x78FF96, 0x000803, 0x000803, 0x14C43C, 0x14C43C, 0x043612, 0xD6FFDE, 0x000803, 0x043612, 0x000803, 0x000803,
        0x021C09, 0x000803, 0x000803, 0x000803, 0x000803, 0xD6FFDE, 0x000803, 0x000803, 0x30F05C, 0x30F05C, 0x075C1C, 0x000803, 0x000803, 0x075C1C, 0x000803, 0x000803,
        0x043612, 0x000803, 0x000803, 0x000803, 0x000803, 0x000803, 0x000803, 0x000803, 0x78FF96, 0x78FF96, 0x0C8E2A, 0x000803, 0x000803, 0x0C8E2A, 0x000803, 0x000803,
        0x14C43C, 0x000803, 0x000803, 0x000803, 0x000803, 0x000803, 0x000803, 0x000803, 0xD6FFDE, 0xD6FFDE, 0x14C43C, 0x000803, 0x021C09, 0x14C43C, 0x000803, 0x14C43C,
        0x0C8E2A, 0x000803, 0x000803, 0x000803, 0x000803, 0x000803, 0x000803, 0x000803, 0x000803, 0x000803, 0x30F05C, 0x000803, 0x043612, 0x30F05C, 0x000803, 0x30F05C,
    },
    {
        0x000803, 0xD6FFDE, 0x000803, 0x78FF96, 0x000803, 0x000803, 0x000803, 0x000803, 0x000803, 0x000803, 0x000803, 0x000803, 0x000803, 0x000803, 0x0C8E2A, 0x000803,
        0x000803, 0x000803, 0x000803, 0xD6FFDE, 0x000803, 0x000803, 0x000803, 0x021C09, 0x000803, 0x000803, 0x000803, 0x000803, 0x000803, 0x000803, 0x14C43C, 0x000803,
        0x000803, 0x000803, 0x021C09, 0x000803, 0x000803, 0x000803, 0x000803, 0x021C09, 0x000803, 0x000803, 0x000803, 0x000803, 0x000803, 0x000803, 0x30F05C, 0x000803,
        0x000803, 0x000803, 0x043612, 0x000803, 0x000803, 0x000803, 0x000803, 0x043612, 0x000803, 0x000803, 0x000803, 0x000803, 0x000803, 0x000803, 0x78FF96, 0x000803,
        0x000803, 0x000803, 0x075C1C, 0x000803, 0x000803, 0x000803, 0x000803, 0x075C1C, 0x000803, 0x000803, 0x000803, 0x000803, 0x000803, 0x000803, 0xD6FFDE, 0x000803,
        0x000803, 0x000803, 0x0C8E2A, 0x000803, 0x000803, 0x000803, 0x000803, 0x0C8E2A, 0x000803, 0x000803, 0x000803, 0x000803, 0x000803, 0x000803, 0x000803, 0x000803,
        0x000803, 0x000803, 0x14C43C, 0x000803, 0x000803, 0x000803, 0x075C1C, 0x14C43C, 0x000803, 0x000803, 0x000803, 0x000803, 0x000803, 0x000803, 0x000803, 0x000803,
        0x000803, 0x000803, 0x30F05C, 0x000803, 0x000803, 0x000803, 0x0C8E2A, 0x30F05C, 0x000803, 0x000803, 0x000803, 0x075C1C, 0x000803, 0x000803, 0x000803, 0x000803,
        0x000803, 0x000803, 0x78FF96, 0x000803, 0x000803, 0x000803, 0x78FF96, 0x78FF96, 0x021C09, 0x000803, 0x000803, 0x0C8E2A, 0x000803, 0x000803, 0x000803, 0x000803,
        0x000803, 0x000803, 0xD6FFDE, 0x000803, 0x000803, 0x075C1C, 0x30F05C, 0xD6FFDE, 0x0C8E2A, 0x021C09, 0x000803, 0x14C43C, 0x000803, 0x000803, 0x000803, 0x000803,
        0x000803, 0x000803, 0x000803, 0x000803, 0x000803, 0x0C8E2A, 0x78FF96, 0x000803, 0x075C1C, 0x043612, 0x021C09, 0x30F05C, 0x000803, 0x000803, 0x000803, 0x000803,
        0x000803, 0x000803, 0x000803, 0x000803, 0x000803, 0x14C43C, 0xD6FFDE, 0x000803, 0x0C8E2A, 0x075C1C, 0x021C09, 0x78FF96, 0x000803, 0x000803, 0x000803, 0x000803,
        0x000803, 0x000803, 0x000803, 0x000803, 0x000803, 0x30F05C, 0x000803, 0x000803, 0x14C43C, 0x0C8E2A, 0x043612, 0xD6FFDE, 0x000803, 0x043612, 0x000803, 0x000803,
        0x021C09, 0x000803, 0x000803, 0x000803, 0x000803, 0x78FF96, 0x000803, 0x000803, 0x30F05C, 0x14C43C, 0x075C1C, 0x000803, 0x000803, 0x075C1C, 0x000803, 0x000803,
        0x0C8E2A, 0x000803, 0x000803, 0x000803, 0x000803, 0xD6FFDE, 0x000803, 0x000803, 0x78FF96, 0x30F05C, 0x0C8E2A, 0x000803, 0x000803, 0x0C8E2A, 0x000803, 0x000803,
        0x075C1C, 0x000803, 0x000803, 0x000803, 0x000803, 0x000803, 0x000803, 0x000803, 0xD6FFDE, 0x78FF96, 0x14C43C, 0x000803, 0x000803, 0x14C43C, 0x000803, 0x075C1C,
    },
    {
        0x000803, 0x78FF96, 0x000803, 0x30F05C, 0x000803, 0x000803, 0x000803, 0x000803, 0x000803, 0x000803, 0x000803, 0x000803, 0x000803, 0x000803, 0x075C1C, 0x000803,
        0x000803, 0xD6FFDE, 0x000803, 0x78FF96, 0x000803, 0x000803, 0x000803, 0x000803, 0x000803, 0x000803, 0x000803, 0x000803, 0x000803, 0x000803, 0x0C8E2A, 0x000803,
        0x000803, 0x000803, 0x000803, 0xD6FFDE, 0x000803, 0x000803, 0x000803, 0x021C09, 0x000803, 0x000803, 0x000803, 0x000803, 0x000803, 0x000803, 0x14C43C, 0x000803,
        0x000803, 0x000803, 0x021C09, 0x000803, 0x000803, 0x000803, 0x000803, 0x021C09, 0x000803, 0x000803, 0x000803, 0x000803, 0x000803, 0x000803, 0x30F05C, 0x000803,
        0x000803, 0x000803, 0x043612, 0x000803, 0x000803, 0x000803, 0x000803, 0x043612, 0x000803, 0x000803, 0x000803, 0x000803, 0x000803, 0x000803, 0x78FF96, 0x000803,
        0x000803, 0x000803, 0x075C1C, 0x000803, 0x000803, 0x000803, 0x000803, 0x075C1C, 0x000803, 0x000803, 0x000803, 0x000803, 0x000803, 0x000803, 0xD6FFDE, 0x000803,
        0x000803, 0x000803, 0x0C8E2A, 0x000803, 0x000803, 0x000803, 0x000803, 0x0C8E2A, 0x000803, 0x000803, 0x000803, 0x000803, 0x000803, 0x000803, 0x000803, 0x000803,
        0x000803, 0x000803, 0x14C43C, 0x000803, 0x000803, 0x000803, 0x000803, 0x14C43C, 0x000803, 0x000803, 0x000803, 0x000803, 0x000803, 0x000803, 0x000803, 0x000803,
        0x000803, 0x000803, 0x30F05C, 0x000803, 0x000803, 0x000803, 0x075C1C, 0x30F05C, 0x000803, 0x000803, 0x000803, 0x075C1C, 0x000803, 0x000803, 0x000803, 0x000803,
        0x000803, 0x000803, 0x78FF96, 0x000803, 0x000803, 0x000803, 0x0C8E2A, 0x78FF96, 0x021C09, 0x000803, 0x000803, 0x0C8E2A, 0x000803, 0x000803, 0x000803, 0x000803,
        0x000803, 0x000803, 0xD6FFDE, 0x000803, 0x000803, 0x000803, 0x78FF96, 0xD6FFDE, 0x043612, 0x000803, 0x000803, 0x14C43C, 0x000803, 0x000803, 0x000803, 0x000803,
        0x000803, 0x000803, 0x000803, 0x000803, 0x000803, 0x14C43C, 0x30F05C, 0x000803, 0x075C1C, 0x021C09, 0x021C09, 0x30F05C, 0x000803, 0x000803, 0x000803, 0x000803,
        0x000803, 0x000803, 0x000803, 0x000803, 0x000803, 0x0C8E2A, 0x78FF96, 0x000803, 0x0C8E2A, 0x043612, 0x021C09, 0x78FF96, 0x000803, 0x000803, 0x000803, 0x000803,
        0x000803, 0x000803, 0x000803, 0x000803, 0x000803, 0x14C43C, 0xD6FFDE, 0x000803, 0x14C43C, 0x14C43C, 0x043612, 0xD6FFDE, 0x000803, 0x043612, 0x000803, 0x000803,
        0x021C09, 0x000803, 0x000803, 0x000803, 0x000803, 0x30F05C, 0x000803, 0x000803, 0x30F05C, 0x0C8E2A, 0x075C1C, 0x000803, 0x000803, 0x075C1C, 0x000803, 0x000803,
        0x043612, 0x000803, 0x000803, 0x000803, 0x000803, 0x78FF96, 0x000803, 0x000803, 0x78FF96, 0x14C43C, 0x0C8E2A, 0x000803, 0x000803, 0x0C8E2A, 0x000803, 0x000803,
    },
    {
        0x000803, 0x30F05C, 0x000803, 0x14C43C, 0x000803, 0x000803, 0x000803, 0x000803, 0x000803, 0x000803, 0x000803, 0x000803, 0x000803, 0x000803, 0x043612, 0x000803,
        0x000803, 0x78FF96, 0x000803, 0x30F05C, 0x000803, 0x000803, 0x000803, 0x000803, 0x000803, 0x000803, 0x000803, 0x000803, 0x000803, 0x000803, 0x075C1C, 0x000803,
        0x000803, 0xD6FFDE, 0x000803, 0x78FF96, 0x000803, 0x000803, 0x000803, 0x000803, 0x000803, 0x000803, 0x000803, 0x000803, 0x000803, 0x000803, 0x0C8E2A, 0x000803,
        0x000803, 0x000803, 0x000803, 0xD6FFDE, 0x000803, 0x000803, 0x000803, 0x021C09, 0x000803, 0x000803, 0x000803, 0x000803, 0x000803, 0x000803, 0x14C43C, 0x000803,
        0x000803, 0x000803, 0x021C09, 0x000803, 0x000803, 0x000803, 0x000803, 0x021C09, 0x000803, 0x000803, 0x000803, 0x000803, 0x000803, 0x000803, 0x30F05C, 0x000803,
        0x000803, 0x000803, 0x043612, 0x000803, 0x000803, 0x000803, 0x000803, 0x043612, 0x000803, 0x000803, 0x000803, 0x000803, 0x000803, 0x000803, 0x78FF96, 0x000803,
        0x000803, 0x000803, 0x075C1C, 0x000803, 0x000803, 0x000803, 0x000803, 0x075C1C, 0x000803, 0x000803, 0x000803, 0x000803, 0x000803, 0x000803, 0xD6FFDE, 0x000803,
        0x000803, 0x000803, 0x0C8E2A, 0x000803, 0x000803, 0x000803, 0x000803, 0x0C8E2A, 0x000803, 0x000803, 0x000803, 0x000803, 0x000803, 0x000803, 0x000803, 0x000803,
        0x000803, 0x000803, 0x14C43C, 0x000803, 0x000803, 0x000803, 0x000803, 0x78FF96, 0x000803, 0x000803, 0x000803, 0x000803, 0x000803, 0x000803, 0x000803, 0x000803,
        0x000803, 0x000803, 0x78FF96, 0x000803, 0x000803, 0x000803, 0x000803, 0x30F05C, 0x000803, 0x000803, 0x000803, 0x14C43C, 0x000803, 0x000803, 0x000803, 0x000803,
        0x000803, 0x000803, 0x78FF96, 0x000803, 0x000803, 0x000803, 0x075C1C, 0x78FF96, 0x021C09, 0x000803, 0x000803, 0x0C8E2A, 0x000803, 0x000803, 0x000803, 0x000803,
        0x000803, 0x000803, 0xD6FFDE, 0x000803, 0x000803, 0x000803, 0x0C8E2A, 0xD6FFDE, 0x043612, 0x000803, 0x000803, 0x14C43C, 0x000803, 0x000803, 0x000803, 0x000803,
        0x000803, 0x000803, 0x000803, 0x000803, 0x000803, 0x000803, 0x14C43C, 0x000803, 0x075C1C, 0x000803, 0x021C09, 0x30F05C, 0x000803, 0x000803, 0x000803, 0x000803,
        0x000803, 0x000803, 0x000803, 0x000803, 0x000803, 0x075C1C, 0x30F05C, 0x000803, 0x0C8E2A, 0x021C09, 0x021C09, 0x78FF96, 0x000803, 0x000803, 0x000803, 0x000803,
        0x000803, 0x000803, 0x000803, 0x000803, 0x000803, 0x0C8E2A, 0x78FF96, 0x000803, 0x14C43C, 0x0C8E2A, 0x0C8E2A, 0xD6FFDE, 0x000803, 0x043612, 0x000803, 0x000803,
        0x021C09, 0x000803, 0x000803, 0x000803, 0x000803, 0x14C43C, 0xD6FFDE, 0x000803, 0x30F05C, 0x075C1C, 0x075C1C, 0x000803, 0x000803, 0x075C1C, 0x000803, 0x000803,
    },
    {
        0x000803, 0x14C43C, 0x000803, 0x0C8E2A, 0x000803, 0x000803, 0x000803, 0x000803, 0x000803, 0x000803, 0x000803, 0x000803, 0x000803, 0x000803, 0x000803, 0x000803,
        0x000803, 0x30F05C, 0x000803, 0x14C43C, 0x000803, 0x000803, 0x000803, 0x000803, 0x000803, 0x000803, 0x000803, 0x000803, 0x000803, 0x000803, 0x043612, 0x000803,
        0x000803, 0x78FF96, 0x000803, 0x30F05C, 0x000803, 0x000803, 0x000803, 0x000803, 0x000803, 0x000803, 0x000803, 0x000803, 0x000803, 0x000803, 0x075C1C, 0x000803,
        0x000803, 0xD6FFDE, 0x000803, 0x78FF96, 0x000803, 0x000803, 0x000803, 0x000803, 0x000803, 0x000803, 0x000803, 0x000803, 0x000803, 0x000803, 0x0C8E2A, 0x000803,
        0x000803, 0x000803, 0x000803, 0xD6FFDE, 0x000803, 0x000803, 0x000803, 0x021C09, 0x000803, 0x000803, 0x000803, 0x000803, 0x000803, 0x000803, 0x78FF96, 0x000803,
        0x000803, 0x000803, 0x021C09, 0x000803, 0x000803, 0x000803, 0x000803, 0x021C09, 0x000803, 0x000803, 0x000803, 0x000803, 0x000803, 0x000803, 0x30F05C, 0x000803,
        0x000803, 0x000803, 0x043612, 0x000803, 0x000803, 0x000803, 0x000803, 0x043612, 0x000803, 0x000803, 0x000803, 0x000803, 0x000803, 0x000803, 0x78FF96, 0x000803,
        0x000803, 0x000803, 0x075C1C, 0x000803, 0x000803, 0x000803, 0x000803, 0x075C1C, 0x000803, 0x000803, 0x000803, 0x000803, 0x000803, 0x000803, 0xD6FFDE, 0x000803,
        0x000803, 0x000803, 0x0C8E2A, 0x000803, 0x000803, 0x000803, 0x000803, 0x0C8E2A, 0x000803, 0x000803, 0x000803, 0x000803, 0x000803, 0x000803, 0x000803, 0x000803,
        0x000803, 0x000803, 0x14C43C, 0x000803, 0x000803, 0x000803, 0x000803, 0x14C43C, 0x000803, 0x000803, 0x000803, 0x000803, 0x000803, 0x000803, 0x000803, 0x000803,
        0x000803, 0x000803, 0x30F05C, 0x000803, 0x000803, 0x000803, 0x000803, 0x30F05C, 0x000803, 0x000803, 0x000803, 0x075C1C, 0x000803, 0x000803, 0x000803, 0x000803,
        0x000803, 0x000803, 0x78FF96, 0x000803, 0x000803, 0x000803, 0x000803, 0x78FF96, 0x021C09, 0x000803, 0x000803, 0x0C8E2A, 0x000803, 0x000803, 0x000803, 0x000803,
        0x000803, 0x000803, 0xD6FFDE, 0x000803, 0x000803, 0x000803, 0x075C1C, 0xD6FFDE, 0x043612, 0x000803, 0x000803, 0x14C43C, 0x000803, 0x000803, 0x000803, 0x000803,
        0x000803, 0x000803, 0x000803, 0x000803, 0x000803, 0x000803, 0x0C8E2A, 0x000803, 0x075C1C, 0x000803, 0x021C09, 0x30F05C, 0x000803, 0x000803, 0x000803, 0x000803,
        0x000803, 0x000803, 0x000803, 0x000803, 0x000803, 0x000803, 0x14C43C, 0x000803, 0x0C8E2A, 0x000803, 0x021C09, 0x78FF96, 0x000803, 0x000803, 0x000803, 0x000803,
        0x000803, 0x000803, 0x000803, 0x000803, 0x000803, 0x075C1C, 0x30F05C, 0x000803, 0x14C43C, 0x021C09, 0x043612, 0xD6FFDE, 0x000803, 0x043612, 0x000803, 0x000803,
    },
    {
        0x000803, 0x0C8E2A, 0x000803, 0x075C1C, 0x000803, 0x000803, 0x000803, 0x000803, 0x000803, 0x000803, 0x000803, 0x000803, 0x000803, 0x000803, 0x000803, 0x000803,
        0x000803, 0x14C43C, 0x000803, 0x0C8E2A, 0x000803, 0x000803, 0x000803, 0x000803, 0x000803, 0x000803, 0x000803, 0x000803, 0x000803, 0x000803, 0x000803, 0x000803,
        0x000803, 0x30F05C, 0x000803, 0x14C43C, 0x000803, 0x000803, 0x000803, 0x000803, 0x000803, 0x000803, 0x000803, 0x000803, 0x000803, 0x000803, 0x043612, 0x000803,
        0x000803, 0x78FF96, 0x000803, 0x30F05C, 0x000803, 0x000803, 0x000803, 0x000803, 0x000803, 0x000803, 0x000803, 0x000803, 0x000803, 0x000803, 0x14C43C, 0x000803,
        0x000803, 0xD6FFDE, 0x000803, 0x78FF96, 0x000803, 0x000803, 0x000803, 0x000803, 0x000803, 0x000803, 0x000803, 0x000803, 0x000803, 0x000803, 0x0C8E2A, 0x000803,
        0x000803, 0x000803, 0x000803, 0xD6FFDE, 0x000803, 0x000803, 0x000803, 0x021C09, 0x000803, 0x000803, 0x000803, 0x000803, 0x000803, 0x000803, 0x14C43C, 0x000803,
        0x000803, 0x000803, 0x021C09, 0x000803, 0x000803, 0x000803, 0x000803, 0x075C1C, 0x000803, 0x000803, 0x000803, 0x000803, 0x000803, 0x000803, 0x30F05C, 0x000803,
        0x000803, 0x000803, 0x043612, 0x000803, 0x000803, 0x000803, 0x000803, 0x043612, 0x000803, 0x000803, 0x000803, 0x000803, 0x000803, 0x000803, 0x78FF96, 0x000803,
        0x000803, 0x000803, 0x075C1C, 0x000803, 0x000803, 0x000803, 0x000803, 0x075C1C, 0x000803, 0x000803, 0x000803, 0x000803, 0x000803, 0x000803, 0xD6FFDE, 0x000803,
        0x000803, 0x000803, 0x0C8E2A, 0x000803, 0x000803, 0x000803, 0x000803, 0x30F05C, 0x000803, 0x000803, 0x000803, 0x000803, 0x000803, 0x000803, 0x000803, 0x000803,
        0x000803, 0x000803, 0x14C43C, 0x000803, 0x000803, 0x000803, 0x000803, 0x14C43C, 0x000803, 0x000803, 0x000803, 0x000803, 0x000803, 0x000803, 0x000803, 0x000803,
        0x000803, 0x000803, 0x30F05C, 0x000803, 0x000803, 0x000803, 0x000803, 0x30F05C, 0x000803, 0x000803, 0x000803, 0x075C1C, 0x000803, 0x000803, 0x000803, 0x000803,
        0x000803, 0x000803, 0x78FF96, 0x000803, 0x000803, 0x000803, 0x000803, 0x78FF96, 0x021C09, 0x000803, 0x000803, 0x0C8E2A, 0x000803, 0x000803, 0x000803, 0x000803,
        0x000803, 0x000803, 0xD6FFDE, 0x000803, 0x000803, 0x000803, 0x000803, 0xD6FFDE, 0x043612, 0x000803, 0x000803, 0x14C43C, 0x000803, 0x000803, 0x000803, 0x000803,
        0x000803, 0x000803, 0x000803, 0x000803, 0x000803, 0x000803, 0x075C1C, 0x000803, 0x075C1C, 0x000803, 0x021C09, 0x78FF96, 0x000803, 0x000803, 0x000803, 0x000803,
        0x000803, 0x000803, 0x000803, 0x000803, 0x000803, 0x000803, 0x30F05C, 0x000803, 0x0C8E2A, 0x000803, 0x021C09, 0x78FF96, 0x000803, 0x000803, 0x000803, 0x000803,
    },
    {
        0x000803, 0x075C1C, 0x000803, 0x0C8E2A, 0x000803, 0x000803, 0x000803, 0x000803, 0x000803, 0x000803, 0x000803, 0x000803, 0x78FF96, 0x000803, 0x000803, 0x000803,
        0x000803, 0x30F05C, 0x000803, 0x075C1C, 0x000803, 0x000803, 0x000803, 0x000803, 0x000803, 0x000803, 0x000803, 0x000803, 0xD6FFDE, 0x000803, 0x000803, 0x000803,
        0x000803, 0x14C43C, 0x000803, 0x0C8E2A, 0x000803, 0x000803, 0x000803, 0x000803, 0x000803, 0x000803, 0x000803, 0x000803, 0x000803, 0x000803, 0x000803, 0x000803,
        0x000803, 0x30F05C, 0x000803, 0x14C43C, 0x000803, 0x000803, 0x000803, 0x000803, 0x000803, 0x000803, 0x000803, 0x000803, 0x000803, 0x000803, 0x043612, 0x000803,
        0x000803, 0x78FF96, 0x000803, 0x30F05C, 0x000803, 0x000803, 0x000803, 0x000803, 0x000803, 0x000803, 0x000803, 0x000803, 0x000803, 0x000803, 0x075C1C, 0x000803,
        0x000803, 0xD6FFDE, 0x000803, 0x78FF96, 0x000803, 0x000803, 0x000803, 0x000803, 0x000803, 0x000803, 0x000803, 0x000803, 0x000803, 0x000803, 0x0C8E2A, 0x000803,
        0x000803, 0x000803, 0x000803, 0xD6FFDE, 0x000803, 0x000803, 0x000803, 0x021C09, 0x000803, 0x000803, 0x000803, 0x000803, 0x000803, 0x000803, 0x78FF96, 0x000803,
        0x000803, 0x000803, 0x021C09, 0x000803, 0x000803, 0x000803, 0x000803, 0x021C09, 0x000803, 0x000803, 0x000803, 0x000803, 0x000803, 0x000803, 0x30F05C, 0x000803,
        0x000803, 0x000803, 0x043612, 0x000803, 0x000803, 0x000803, 0x000803, 0x043612, 0x000803, 0x000803, 0x000803, 0x000803, 0x000803, 0x000803, 0x78FF96, 0x000803,
        0x000803, 0x000803, 0x075C1C, 0x000803, 0x000803, 0x000803, 0x000803, 0x075C1C, 0x000803, 0x000803, 0x000803, 0x000803, 0x000803, 0x000803, 0xD6FFDE, 0x000803,
        0x000803, 0x000803, 0x0C8E2A, 0x000803, 0x000803, 0x000803, 0x000803, 0x0C8E2A, 0x000803, 0x000803, 0x000803, 0x000803, 0x000803, 0x000803, 0x000803, 0x000803,
        0x000803, 0x000803, 0x78FF96, 0x000803, 0x000803, 0x000803, 0x000803, 0x14C43C, 0x000803, 0x000803, 0x000803, 0x000803, 0x000803, 0x000803, 0x000803, 0x000803,
        0x000803, 0x000803, 0x30F05C, 0x000803, 0x000803, 0x000803, 0x000803, 0x78FF96, 0x000803, 0x000803, 0x000803, 0x075C1C, 0x000803, 0x000803, 0x000803, 0x000803,
        0x000803, 0x000803, 0x78FF96, 0x000803, 0x000803, 0x000803, 0x000803, 0x78FF96, 0x021C09, 0x000803, 0x000803, 0x30F05C, 0x000803, 0x000803, 0x000803, 0x000803,
        0x000803, 0x000803, 0xD6FFDE, 0x000803, 0x000803, 0x000803, 0x000803, 0xD6FFDE, 0x0C8E2A, 0x000803, 0x000803, 0x14C43C, 0x000803, 0x000803, 0x000803, 0x000803,
        0x000803, 0x000803, 0x000803, 0x000803, 0x000803, 0x000803, 0x000803, 0x000803, 0x075C1C, 0x000803, 0x075C1C, 0x30F05C, 0x000803, 0x000803, 0x000803, 0x000803,
    },
    {
        0x000803, 0x043612, 0x000803, 0x021C09, 0xD6FFDE, 0x000803, 0x000803, 0x000803, 0x000803, 0x000803, 0x000803, 0x000803, 0x14C43C, 0x000803, 0x000803, 0x000803,
        0x000803, 0x075C1C, 0x000803, 0x043612, 0x000803, 0x000803, 0x000803, 0x000803, 0x000803, 0x000803, 0x000803, 0x000803, 0x78FF96, 0x000803, 0x000803, 0x000803,
        0x000803, 0x0C8E2A, 0x000803, 0x075C1C, 0x000803, 0x000803, 0x000803, 0x000803, 0x000803, 0x000803, 0x000803, 0x000803, 0x78FF96, 0x000803, 0x000803, 0x000803,
        0x000803, 0x14C43C, 0x000803, 0x0C8E2A, 0x000803, 0x000803, 0x000803, 0x000803, 0x000803, 0x000803, 0x000803, 0x000803, 0xD6FFDE, 0x000803, 0x000803, 0x000803,
        0x000803, 0x30F05C, 0x000803, 0x14C43C, 0x000803, 0x000803, 0x000803, 0x000803, 0x000803, 0x000803, 0x000803, 0x000803, 0x000803, 0x000803, 0x043612, 0x000803,
        0x000803, 0x78FF96, 0x000803, 0x78FF96, 0x000803, 0x000803, 0x000803, 0x000803, 0x000803, 0x000803, 0x000803, 0x000803, 0x000803, 0x000803, 0x075C1C, 0x000803,
        0x000803, 0xD6FFDE, 0x000803, 0x78FF96, 0x000803, 0x000803, 0x000803, 0x000803, 0x000803, 0x000803, 0x000803, 0x000803, 0x000803, 0x000803, 0x0C8E2A, 0x000803,
        0x000803, 0x000803, 0x000803, 0xD6FFDE, 0x000803, 0x000803, 0x000803, 0x021C09, 0x000803, 0x000803, 0x000803, 0x000803, 0x000803, 0x000803, 0x14C43C, 0x000803,
        0x000803, 0x000803, 0x021C09, 0x000803, 0x000803, 0x000803, 0x000803, 0x021C09, 0x000803, 0x000803, 0x000803, 0x000803, 0x000803, 0x000803, 0x30F05C, 0x000803,
        0x000803, 0x000803, 0x0C8E2A, 0x000803, 0x000803, 0x000803, 0x000803, 0x0C8E2A, 0x000803, 0x000803, 0x000803, 0x000803, 0x000803, 0x000803, 0x78FF96, 0x000803,
        0x000803, 0x000803, 0x075C1C, 0x000803, 0x000803, 0x000803, 0x000803, 0x075C1C, 0x000803, 0x000803, 0x000803, 0x000803, 0x000803, 0x000803, 0xD6FFDE, 0x000803,
        0x000803, 0x000803, 0x0C8E2A, 0x000803, 0x000803, 0x000803, 0x000803, 0x0C8E2A, 0x000803, 0x000803, 0x000803, 0x000803, 0x000803, 0x000803, 0x000803, 0x000803,
        0x000803, 0x000803, 0x78FF96, 0x000803, 0x000803, 0x000803, 0x000803, 0x14C43C, 0x000803, 0x000803, 0x000803, 0x000803, 0x000803, 0x000803, 0x000803, 0x000803,
        0x000803, 0x000803, 0x30F05C, 0x000803, 0x000803, 0x000803, 0x000803, 0x30F05C, 0x000803, 0x000803, 0x000803, 0x075C1C, 0x000803, 0x000803, 0x000803, 0x000803,
        0x000803, 0x000803, 0x78FF96, 0x000803, 0x000803, 0x000803, 0x000803, 0x78FF96, 0x021C09, 0x000803, 0x000803, 0x0C8E2A, 0x000803, 0x000803, 0x000803, 0x000803,
        0x000803, 0x000803, 0xD6FFDE, 0x000803, 0x000803, 0x000803, 0x000803, 0xD6FFDE, 0x043612, 0x000803, 0x000803, 0x14C43C, 0x000803, 0x000803, 0x000803, 0x000803,
    },
    {
        0x000803, 0x021C09, 0x000803, 0x000803, 0x78FF96, 0x000803, 0x000803, 0x000803, 0x000803, 0x000803, 0x000803, 0x000803, 0x075C1C, 0x000803, 0x000803, 0x000803,
        0x000803, 0x043612, 0x000803, 0x021C09, 0xD6FFDE, 0x000803, 0x000803, 0x000803, 0x000803, 0x000803, 0x000803, 0x000803, 0x0C8E2A, 0x000803, 0x000803, 0x000803,
        0x000803, 0x075C1C, 0x000803, 0x043612, 0x000803, 0x000803, 0x000803, 0x000803, 0x000803, 0x000803, 0x000803, 0x000803, 0x14C43C, 0x000803, 0x000803, 0x000803,
        0x000803, 0x30F05C, 0x000803, 0x075C1C, 0x000803, 0x000803, 0x000803, 0x000803, 0x000803, 0x000803, 0x000803, 0x000803, 0x30F05C, 0x000803, 0x000803, 0x000803,
        0x000803, 0x14C43C, 0x000803, 0x0C8E2A, 0x000803, 0x000803, 0x000803, 0x000803, 0x000803, 0x000803, 0x000803, 0x000803, 0x78FF96, 0x000803, 0x000803, 0x000803,
        0x000803, 0x30F05C, 0x000803, 0x14C43C, 0x000803, 0x000803, 0x000803, 0x000803, 0x000803, 0x000803, 0x000803, 0x000803, 0xD6FFDE, 0x000803, 0x0C8E2A, 0x000803,
        0x000803, 0x78FF96, 0x000803, 0x30F05C, 0x000803, 0x000803, 0x000803, 0x000803, 0x000803, 0x000803, 0x000803, 0x000803, 0x000803, 0x000803, 0x075C1C, 0x000803,
        0x000803, 0xD6FFDE, 0x000803, 0x78FF96, 0x000803, 0x000803, 0x000803, 0x000803, 0x000803, 0x000803, 0x000803, 0x000803, 0x000803, 0x000803, 0x0C8E2A, 0x000803,
        0x000803, 0x000803, 0x000803, 0xD6FFDE, 0x000803, 0x000803, 0x000803, 0x075C1C, 0x000803, 0x000803, 0x000803, 0x000803, 0x000803, 0x000803, 0x14C43C, 0x000803,
        0x000803, 0x000803, 0x021C09, 0x000803, 0x000803, 0x000803, 0x000803, 0x021C09, 0x000803, 0x000803, 0x000803, 0x000803, 0x000803, 0x000803, 0x30F05C, 0x000803,
        0x000803, 0x000803, 0x043612, 0x000803, 0x000803, 0x000803, 0x000803, 0x043612, 0x000803, 0x000803, 0x000803, 0x000803, 0x000803, 0x000803, 0x78FF96, 0x000803,
        0x000803, 0x000803, 0x14C43C, 0x000803, 0x000803, 0x000803, 0x000803, 0x075C1C, 0x000803, 0x000803, 0x000803, 0x000803, 0x000803, 0x000803, 0xD6FFDE, 0x000803,
        0x000803, 0x000803, 0x0C8E2A, 0x000803, 0x000803, 0x000803, 0x000803, 0x0C8E2A, 0x000803, 0x000803, 0x000803, 0x000803, 0x000803, 0x000803, 0x000803, 0x000803,
        0x000803, 0x000803, 0x14C43C, 0x000803, 0x000803, 0x000803, 0x000803, 0x14C43C, 0x000803, 0x000803, 0x000803, 0x000803, 0x000803, 0x000803, 0x000803, 0x000803,
        0x000803, 0x000803, 0x30F05C, 0x000803, 0x000803, 0x000803, 0x000803, 0x30F05C, 0x000803, 0x000803, 0x000803, 0x075C1C, 0x000803, 0x000803, 0x000803, 0x000803,
        0x000803, 0x000803, 0x78FF96, 0x000803, 0x000803, 0x000803, 0x000803, 0x78FF96, 0x021C09, 0x000803, 0x000803, 0x0C8E2A, 0x000803, 0x000803, 0x000803, 0x000803,
    },
    {
        0x000803, 0x000803, 0x000803, 0x000803, 0x30F05C, 0x000803, 0x000803, 0x000803, 0x000803, 0xD6FFDE, 0x000803, 0x000803, 0x075C1C, 0x000803, 0x000803, 0x000803,
        0x000803, 0x021C09, 0x000803, 0x000803, 0x78FF96, 0x000803, 0x000803, 0x000803, 0x000803, 0x000803, 0x000803, 0x000803, 0x043612, 0x000803, 0x000803, 0x000803,
        0x000803, 0x043612, 0x000803, 0x021C09, 0xD6FFDE, 0x000803, 0x000803, 0x000803, 0x000803, 0x000803, 0x000803, 0x000803, 0x075C1C, 0x000803, 0x000803, 0x000803,
        0x000803, 0x075C1C, 0x000803, 0x0C8E2A, 0x000803, 0x000803, 0x000803, 0x000803, 0x000803, 0x000803, 0x000803, 0x000803, 0x0C8E2A, 0x000803, 0x000803, 0x000803,
        0x000803, 0x0C8E2A, 0x000803, 0x14C43C, 0x000803, 0x000803, 0x000803, 0x000803, 0x000803, 0x000803, 0x000803, 0x000803, 0x14C43C, 0x000803, 0x000803, 0x000803,
        0x000803, 0x14C43C, 0x000803, 0x0C8E2A, 0x000803, 0x000803, 0x000803, 0x000803, 0x000803, 0x000803, 0x000803, 0x000803, 0x30F05C, 0x000803, 0x000803, 0x000803,
        0x000803, 0x30F05C, 0x000803, 0x14C43C, 0x000803, 0x000803, 0x000803, 0x000803, 0x000803, 0x000803, 0x000803, 0x000803, 0x78FF96, 0x000803, 0x043612, 0x000803,
        0x000803, 0x78FF96, 0x000803, 0x30F05C, 0x000803, 0x000803, 0x000803, 0x000803, 0x000803, 0x000803, 0x000803, 0x000803, 0xD6FFDE, 0x000803, 0x075C1C, 0x000803,
        0x000803, 0xD6FFDE, 0x000803, 0x78FF96, 0x000803, 0x000803, 0x000803, 0x000803, 0x000803, 0x000803, 0x000803, 0x000803, 0x000803, 0x000803, 0x0C8E2A, 0x000803,
        0x000803, 0x000803, 0x000803, 0xD6FFDE, 0x000803, 0x000803, 0x000803, 0x021C09, 0x000803, 0x000803, 0x000803, 0x000803, 0x000803, 0x000803, 0x14C43C, 0x000803,
        0x000803, 0x000803, 0x021C09, 0x000803, 0x000803, 0x000803, 0x000803, 0x021C09, 0x000803, 0x000803, 0x000803, 0x000803, 0x000803, 0x000803, 0x30F05C, 0x000803,
        0x000803, 0x000803, 0x043612, 0x000803, 0x000803, 0x000803, 0x000803, 0x043612, 0x000803, 0x000803, 0x000803, 0x000803, 0x000803, 0x000803, 0x78FF96, 0x000803,
        0x000803, 0x000803, 0x075C1C, 0x000803, 0x000803, 0x000803, 0x000803, 0x075C1C, 0x000803, 0x000803, 0x000803, 0x000803, 0x000803, 0x000803, 0xD6FFDE, 0x000803,
        0x000803, 0x000803, 0x0C8E2A, 0x000803, 0x000803, 0x000803, 0x000803, 0x0C8E2A, 0x000803, 0x000803, 0x000803, 0x000803, 0x000803, 0x000803, 0x000803, 0x000803,
        0x000803, 0x000803, 0x14C43C, 0x000803, 0x000803, 0x000803, 0x000803, 0x14C43C, 0x000803, 0x000803, 0x000803, 0x000803, 0x000803, 0x000803, 0x000803, 0x000803,
        0x000803, 0x000803, 0x78FF96, 0x000803, 0x000803, 0x000803, 0x000803, 0x30F05C, 0x000803, 0x000803, 0x000803, 0x075C1C, 0x000803, 0x000803, 0x000803, 0x000803,
    },
    {
        0x000803, 0x000803, 0x000803, 0x000803, 0x14C43C, 0xD6FFDE, 0x000803, 0x000803, 0x000803, 0x78FF96, 0x000803, 0x000803, 0x000803, 0x000803, 0x000803, 0x000803,
        0x000803, 0x000803, 0x000803, 0x000803, 0x30F05C, 0x000803, 0x000803, 0x000803, 0x000803, 0x78FF96, 0x000803, 0x000803, 0x000803, 0x000803, 0x000803, 0x000803,
        0x000803, 0x021C09, 0x000803, 0x000803, 0x78FF96, 0x000803, 0x000803, 0x000803, 0x000803, 0xD6FFDE, 0x000803, 0x000803, 0x021C09, 0x000803, 0x000803, 0x000803,
        0x000803, 0x043612, 0x000803, 0x021C09, 0xD6FFDE, 0x000803, 0x000803, 0x000803, 0x000803, 0x000803, 0x000803, 0x000803, 0x0C8E2A, 0x000803, 0x000803, 0x000803,
        0x000803, 0x075C1C, 0x000803, 0x043612, 0x000803, 0x000803, 0x000803, 0x000803, 0x000803, 0x000803, 0x000803, 0x000803, 0x075C1C, 0x000803, 0x000803, 0x000803,
        0x000803, 0x0C8E2A, 0x000803, 0x075C1C, 0x000803, 0x000803, 0x000803, 0x000803, 0x000803, 0x000803, 0x000803, 0x000803, 0x30F05C, 0x000803, 0x000803, 0x000803,
        0x000803, 0x14C43C, 0x000803, 0x0C8E2A, 0x000803, 0x000803, 0x000803, 0x000803, 0x000803, 0x000803, 0x000803, 0x000803, 0x14C43C, 0x000803, 0x000803, 0x000803,
        0x000803, 0x30F05C, 0x000803, 0x14C43C, 0x000803, 0x000803, 0x000803, 0x000803, 0x000803, 0x000803, 0x000803, 0x000803, 0x78FF96, 0x000803, 0x043612, 0x000803,
        0x000803, 0x78FF96, 0x000803, 0x30F05C, 0x000803, 0x000803, 0x000803, 0x000803, 0x000803, 0x000803, 0x000803, 0x000803, 0x78FF96, 0x000803, 0x075C1C, 0x000803,
        0x000803, 0xD6FFDE, 0x000803, 0x78FF96, 0x000803, 0x000803, 0x000803, 0x000803, 0x000803, 0x000803, 0x000803, 0x000803, 0xD6FFDE, 0x000803, 0x0C8E2A, 0x000803,
        0x000803, 0x000803, 0x000803, 0xD6FFDE, 0x000803, 0x000803, 0x000803, 0x021C09, 0x000803, 0x000803, 0x000803, 0x000803, 0x000803, 0x000803, 0x14C43C, 0x000803,
        0x000803, 0x000803, 0x021C09, 0x000803, 0x000803, 0x000803, 0x000803, 0x021C09, 0x000803, 0x000803, 0x000803, 0x000803, 0x000803, 0x000803, 0x30F05C, 0x000803,
        0x000803, 0x000803, 0x043612, 0x000803, 0x000803, 0x000803, 0x000803, 0x043612, 0x000803, 0x000803, 0x000803, 0x000803, 0x000803, 0x000803, 0x78FF96, 0x000803,
        0x000803, 0x000803, 0x075C1C, 0x000803, 0x000803, 0x000803, 0x000803, 0x075C1C, 0x000803, 0x000803, 0x000803, 0x000803, 0x000803, 0x000803, 0xD6FFDE, 0x000803,
        0x000803, 0x000803, 0x0C8E2A, 0x000803, 0x000803, 0x000803, 0x000803, 0x0C8E2A, 0x000803, 0x000803, 0x000803, 0x000803, 0x000803, 0x000803, 0x000803, 0x000803,
        0x000803, 0x000803, 0x14C43C, 0x000803, 0x000803, 0x000803, 0x000803, 0x14C43C, 0x000803, 0x000803, 0x000803, 0x000803, 0x000803, 0x000803, 0x000803, 0x000803,
    },
    {
        0x000803, 0x000803, 0x000803, 0x000803, 0x0C8E2A, 0x30F05C, 0x000803, 0x000803, 0x000803, 0x0C8E2A, 0x000803, 0x000803, 0x000803, 0x000803, 0x000803, 0x000803,
        0x000803, 0x000803, 0x000803, 0x000803, 0x78FF96, 0x78FF96, 0x000803, 0x000803, 0x000803, 0x14C43C, 0x000803, 0x000803, 0x000803, 0x000803, 0x000803, 0x000803,
        0x000803, 0x000803, 0x000803, 0x000803, 0x30F05C, 0xD6FFDE, 0x000803, 0x000803, 0x000803, 0x30F05C, 0x000803, 0x000803, 0x000803, 0x000803, 0x000803, 0x000803,
        0x000803, 0x021C09, 0x000803, 0x000803, 0x78FF96, 0x000803, 0x000803, 0x000803, 0x000803, 0x78FF96, 0x000803, 0x000803, 0x000803, 0x000803, 0x000803, 0x000803,
        0x000803, 0x043612, 0x000803, 0x021C09, 0xD6FFDE, 0x000803, 0x000803, 0x000803, 0x000803, 0xD6FFDE, 0x000803, 0x000803, 0x021C09, 0x000803, 0x000803, 0x000803,
        0x000803, 0x075C1C, 0x000803, 0x043612, 0x000803, 0x000803, 0x000803, 0x000803, 0x000803, 0x000803, 0x000803, 0x000803, 0x043612, 0x000803, 0x000803, 0x000803,
        0x000803, 0x0C8E2A, 0x000803, 0x075C1C, 0x000803, 0x000803, 0x000803, 0x000803, 0x000803, 0x000803, 0x000803, 0x000803, 0x075C1C, 0x000803, 0x000803, 0x000803,
        0x000803, 0x78FF96, 0x000803, 0x0C8E2A, 0x000803, 0x000803, 0x000803, 0x000803, 0x000803, 0x000803, 0x000803, 0x000803, 0x0C8E2A, 0x000803, 0x000803, 0x000803,
        0x000803, 0x30F05C, 0x000803, 0x78FF96, 0x000803, 0x000803, 0x000803, 0x000803, 0x000803, 0x000803, 0x000803, 0x000803, 0x14C43C, 0x000803, 0x0C8E2A, 0x000803,
        0x000803, 0x78FF96, 0x000803, 0x30F05C, 0x000803, 0x000803, 0x000803, 0x000803, 0x000803, 0x000803, 0x000803, 0x000803, 0x30F05C, 0x000803, 0x14C43C, 0x000803,
        0x000803, 0xD6FFDE, 0x000803, 0x78FF96, 0x000803, 0x000803, 0x000803, 0x000803, 0x000803, 0x000803, 0x000803, 0x000803, 0x78FF96, 0x000803, 0x0C8E2A, 0x000803,
        0x000803, 0x000803, 0x000803, 0xD6FFDE, 0x000803, 0x000803, 0x000803, 0x075C1C, 0x000803, 0x000803, 0x000803, 0x000803, 0xD6FFDE, 0x000803, 0x78FF96, 0x000803,
        0x000803, 0x000803, 0x021C09, 0x000803, 0x000803, 0x000803, 0x000803, 0x021C09, 0x000803, 0x000803, 0x000803, 0x000803, 0x000803, 0x000803, 0x30F05C, 0x000803,
        0x000803, 0x000803, 0x043612, 0x000803, 0x000803, 0x000803, 0x000803, 0x043612, 0x000803, 0x000803, 0x000803, 0x000803, 0x000803, 0x000803, 0x78FF96, 0x000803,
        0x000803, 0x000803, 0x075C1C, 0x000803, 0x000803, 0x000803, 0x000803, 0x075C1C, 0x000803, 0x000803, 0x000803, 0x000803, 0x000803, 0x000803, 0xD6FFDE, 0x000803,
        0x000803, 0x000803, 0x0C8E2A, 0x000803, 0x000803, 0x000803, 0x000803, 0x0C8E2A, 0x000803, 0x000803, 0x000803, 0x000803, 0x000803, 0x000803, 0x000803, 0x000803,
    },
    {
        0x000803, 0x000803, 0x000803, 0x000803, 0x075C1C, 0x0C8E2A, 0x78FF96, 0x000803, 0x000803, 0x0C8E2A, 0x000803, 0x000803, 0x000803, 0x000803, 0x000803, 0x000803,
        0x000803, 0x000803, 0x000803, 0x000803, 0x0C8E2A, 0x14C43C, 0xD6FFDE, 0x000803, 0x000803, 0x075C1C, 0x000803, 0x000803, 0x000803, 0x000803, 0x000803, 0x000803,
        0x000803, 0x000803, 0x000803, 0x000803, 0x14C43C, 0x30F05C, 0x000803, 0x000803, 0x000803, 0x0C8E2A, 0x000803, 0x000803, 0x000803, 0x000803, 0x000803, 0x000803,
        0x000803, 0x000803, 0x000803, 0x000803, 0x30F05C, 0x78FF96, 0x000803, 0x000803, 0x000803, 0x14C43C, 0x000803, 0x000803, 0x000803, 0x000803, 0x000803, 0x000803,
        0x000803, 0x021C09, 0x000803, 0x000803, 0x78FF96, 0xD6FFDE, 0x000803, 0x000803, 0x000803, 0x78FF96, 0x000803, 0x000803, 0x000803, 0x000803, 0x000803, 0x000803,
        0x000803, 0x043612, 0x000803, 0x021C09, 0xD6FFDE, 0x000803, 0x000803, 0x000803, 0x000803, 0x78FF96, 0x000803, 0x000803, 0x000803, 0x000803, 0x000803, 0x000803,
        0x000803, 0x075C1C, 0x000803, 0x043612, 0x000803, 0x000803, 0x000803, 0x000803, 0x000803, 0xD6FFDE, 0x000803, 0x000803, 0x021C09, 0x000803, 0x000803, 0x000803,
        0x000803, 0x0C8E2A, 0x000803, 0x075C1C, 0x000803, 0x000803, 0x000803, 0x000803, 0x000803, 0x000803, 0x000803, 0x000803, 0x0C8E2A, 0x000803, 0x000803, 0x000803,
        0x000803, 0x14C43C, 0x000803, 0x0C8E2A, 0x000803, 0x000803, 0x000803, 0x000803, 0x000803, 0x000803, 0x000803, 0x000803, 0x075C1C, 0x000803, 0x000803, 0x000803,
        0x000803, 0x30F05C, 0x000803, 0x78FF96, 0x000803, 0x000803, 0x000803, 0x000803, 0x000803, 0x000803, 0x000803, 0x000803, 0x0C8E2A, 0x000803, 0x043612, 0x000803,
        0x000803, 0x78FF96, 0x000803, 0x78FF96, 0x000803, 0x000803, 0x000803, 0x000803, 0x000803, 0x000803, 0x000803, 0x000803, 0x14C43C, 0x000803, 0x075C1C, 0x000803,
        0x000803, 0xD6FFDE, 0x000803, 0x78FF96, 0x000803, 0x000803, 0x000803, 0x000803, 0x000803, 0x000803, 0x000803, 0x000803, 0x30F05C, 0x000803, 0x0C8E2A, 0x000803,
        0x000803, 0x000803, 0x000803, 0xD6FFDE, 0x000803, 0x000803, 0x000803, 0x021C09, 0x000803, 0x000803, 0x000803, 0x000803, 0x78FF96, 0x000803, 0x14C43C, 0x000803,
        0x000803, 0x000803, 0x021C09, 0x000803, 0x000803, 0x000803, 0x000803, 0x021C09, 0x000803, 0x000803, 0x000803, 0x000803, 0xD6FFDE, 0x000803, 0x30F05C, 0x000803,
        0x000803, 0x000803, 0x043612, 0x000803, 0x000803, 0x000803, 0x000803, 0x0C8E2A, 0x000803, 0x000803, 0x000803, 0x000803, 0x000803, 0x000803, 0x78FF96, 0x000803,
        0x000803, 0x000803, 0x075C1C, 0x000803, 0x000803, 0x000803, 0x000803, 0x075C1C, 0x000803, 0x000803, 0x000803, 0x000803, 0x000803, 0x000803, 0xD6FFDE, 0x000803,
    },
    {
        0xD6FFDE, 0x000803, 0x000803, 0x000803, 0x000803, 0x000803, 0x14C43C, 0x000803, 0x000803, 0x000803, 0x000803, 0x000803, 0x000803, 0x000803, 0x000803, 0xD6FFDE,
        0x000803, 0x000803, 0x000803, 0x000803, 0x075C1C, 0x075C1C, 0x30F05C, 0x000803, 0x000803, 0x021C09, 0x000803, 0x000803, 0x000803, 0x000803, 0x000803, 0x000803,
        0x000803, 0x000803, 0x000803, 0x000803, 0x0C8E2A, 0x0C8E2A, 0x78FF96, 0x000803, 0x000803, 0x043612, 0x000803, 0x000803, 0x000803, 0x000803, 0x000803, 0x000803,
        0x000803, 0x000803, 0x000803, 0x000803, 0x14C43C, 0x14C43C, 0xD6FFDE, 0x000803, 0x000803, 0x075C1C, 0x000803, 0x000803, 0x000803, 0x000803, 0x000803, 0x000803,
        0x000803, 0x000803, 0x000803, 0x000803, 0x30F05C, 0x78FF96, 0x000803, 0x000803, 0x000803, 0x0C8E2A, 0x000803, 0x000803, 0x000803, 0x000803, 0x000803, 0x000803,
        0x000803, 0x075C1C, 0x000803, 0x000803, 0x78FF96, 0x78FF96, 0x000803, 0x000803, 0x000803, 0x14C43C, 0x000803, 0x000803, 0x000803, 0x000803, 0x000803, 0x000803,
        0x000803, 0x043612, 0x000803, 0x021C09, 0xD6FFDE, 0xD6FFDE, 0x000803, 0x000803, 0x000803, 0x30F05C, 0x000803, 0x000803, 0x000803, 0x000803, 0x000803, 0x000803,
        0x000803, 0x075C1C, 0x000803, 0x043612, 0x000803, 0x000803, 0x000803, 0x000803, 0x000803, 0x78FF96, 0x000803, 0x000803, 0x000803, 0x000803, 0x000803, 0x000803,
        0x000803, 0x0C8E2A, 0x000803, 0x075C1C, 0x000803, 0x000803, 0x000803, 0x000803, 0x000803, 0xD6FFDE, 0x000803, 0x000803, 0x021C09, 0x000803, 0x000803, 0x000803,
        0x000803, 0x14C43C, 0x000803, 0x0C8E2A, 0x000803, 0x000803, 0x000803, 0x000803, 0x000803, 0x000803, 0x000803, 0x000803, 0x043612, 0x000803, 0x000803, 0x000803,
        0x000803, 0x30F05C, 0x000803, 0x14C43C, 0x000803, 0x000803, 0x000803, 0x000803, 0x000803, 0x000803, 0x000803, 0x000803, 0x14C43C, 0x000803, 0x043612, 0x000803,
        0x000803, 0x78FF96, 0x000803, 0x30F05C, 0x000803, 0x000803, 0x000803, 0x000803, 0x000803, 0x000803, 0x000803, 0x000803, 0x30F05C, 0x000803, 0x075C1C, 0x000803,
        0x000803, 0xD6FFDE, 0x000803, 0x78FF96, 0x000803, 0x000803, 0x000803, 0x000803, 0x000803, 0x000803, 0x000803, 0x000803, 0x14C43C, 0x000803, 0x0C8E2A, 0x000803,
        0x000803, 0x000803, 0x000803, 0xD6FFDE, 0x000803, 0x000803, 0x000803, 0x021C09, 0x000803, 0x000803, 0x000803, 0x000803, 0x30F05C, 0x000803, 0x14C43C, 0x000803,
        0x000803, 0x000803, 0x021C09, 0x000803, 0x000803, 0x000803, 0x000803, 0x021C09, 0x000803, 0x000803, 0x000803, 0x000803, 0x78FF96, 0x000803, 0x30F05C, 0x000803,
        0x000803, 0x000803, 0x043612, 0x000803, 0x000803, 0x000803, 0x000803, 0x043612, 0x000803, 0x000803, 0x000803, 0x000803, 0xD6FFDE, 0x000803, 0x78FF96, 0x000803,
    },
    {
        0x78FF96, 0x000803, 0x000803, 0x000803, 0x000803, 0x000803, 0x075C1C, 0x000803, 0x000803, 0x000803, 0x000803, 0x000803, 0x000803, 0x000803, 0x000803, 0x78FF96,
        0xD6FFDE, 0x000803, 0x000803, 0x000803, 0x000803, 0x000803, 0x0C8E2A, 0x000803, 0x000803, 0x000803, 0x000803, 0x000803, 0x000803, 0x000803, 0x000803, 0xD6FFDE,
        0x000803, 0x000803, 0x000803, 0x000803, 0x075C1C, 0x000803, 0x14C43C, 0x000803, 0x000803, 0x000803, 0x000803, 0x000803, 0x000803, 0x000803, 0x000803, 0x000803,
        0x000803, 0x000803, 0x000803, 0x000803, 0x0C8E2A, 0x14C43C, 0x30F05C, 0x000803, 0x000803, 0x021C09, 0x000803, 0x000803, 0x000803, 0x000803, 0x000803, 0x000803,
        0x000803, 0x000803, 0x000803, 0x000803, 0x78FF96, 0x30F05C, 0x78FF96, 0x000803, 0x000803, 0x0C8E2A, 0x000803, 0x000803, 0x000803, 0x000803, 0x000803, 0x000803,
        0x000803, 0x000803, 0x000803, 0x000803, 0x30F05C, 0x14C43C, 0xD6FFDE, 0x000803, 0x000803, 0x075C1C, 0x000803, 0x000803, 0x000803, 0x000803, 0x000803, 0x000803,
        0x000803, 0x021C09, 0x000803, 0x000803, 0x78FF96, 0x30F05C, 0x000803, 0x000803, 0x000803, 0x0C8E2A, 0x000803, 0x000803, 0x000803, 0x000803, 0x000803, 0x000803,
        0x000803, 0x043612, 0x000803, 0x021C09, 0xD6FFDE, 0x78FF96, 0x000803, 0x000803, 0x000803, 0x14C43C, 0x000803, 0x000803, 0x000803, 0x000803, 0x000803, 0x000803,
        0x000803, 0x075C1C, 0x000803, 0x043612, 0x000803, 0xD6FFDE, 0x000803, 0x000803, 0x000803, 0x30F05C, 0x000803, 0x000803, 0x000803, 0x000803, 0x000803, 0x000803,
        0x000803, 0x0C8E2A, 0x000803, 0x075C1C, 0x000803, 0x000803, 0x000803, 0x000803, 0x000803, 0x78FF96, 0x000803, 0x000803, 0x000803, 0x000803, 0x000803, 0x000803,
        0x000803, 0x14C43C, 0x000803, 0x0C8E2A, 0x000803, 0x000803, 0x000803, 0x000803, 0x000803, 0xD6FFDE, 0x000803, 0x000803, 0x075C1C, 0x000803, 0x000803, 0x000803,
        0x000803, 0x30F05C, 0x000803, 0x14C43C, 0x000803, 0x000803, 0x000803, 0x000803, 0x000803, 0x000803, 0x000803, 0x000803, 0x043612, 0x000803, 0x043612, 0x000803,
        0x000803, 0x78FF96, 0x000803, 0x30F05C, 0x000803, 0x000803, 0x000803, 0x000803, 0x000803, 0x000803, 0x000803, 0x000803, 0x075C1C, 0x000803, 0x14C43C, 0x000803,
        0x000803, 0xD6FFDE, 0x000803, 0x78FF96, 0x000803, 0x000803, 0x000803, 0x000803, 0x000803, 0x000803, 0x000803, 0x000803, 0x0C8E2A, 0x000803, 0x0C8E2A, 0x000803,
        0x000803, 0x000803, 0x000803, 0xD6FFDE, 0x000803, 0x000803, 0x000803, 0x021C09, 0x000803, 0x000803, 0x000803, 0x000803, 0x14C43C, 0x000803, 0x14C43C, 0x000803,
        0x000803, 0x000803, 0x021C09, 0x000803, 0x000803, 0x000803, 0x000803, 0x021C09, 0x000803, 0x000803, 0x000803, 0x000803, 0x30F05C, 0x000803, 0x30F05C, 0x000803,
    },
    {
        0x30F05C, 0x000803, 0x000803, 0x000803, 0x000803, 0x000803, 0x000803, 0x000803, 0x000803, 0x000803, 0xD6FFDE, 0x000803, 0x000803, 0xD6FFDE, 0x000803, 0x78FF96,
        0x78FF96, 0x000803, 0x000803, 0x000803, 0x000803, 0x000803, 0x000803, 0x000803, 0x000803, 0x000803, 0x000803, 0x000803, 0x000803, 0x000803, 0x000803, 0x78FF96,
        0xD6FFDE, 0x000803, 0x000803, 0x000803, 0x000803, 0x000803, 0x075C1C, 0x000803, 0x000803, 0x000803, 0x000803, 0x000803, 0x000803, 0x000803, 0x000803, 0xD6FFDE,
        0x000803, 0x000803, 0x000803, 0x000803, 0x075C1C, 0x000803, 0x0C8E2A, 0x000803, 0x000803, 0x000803, 0x000803, 0x000803, 0x000803, 0x000803, 0x000803, 0x000803,
        0x000803, 0x000803, 0x000803, 0x000803, 0x0C8E2A, 0x000803, 0x14C43C, 0x000803, 0x000803, 0x000803, 0x000803, 0x000803, 0x000803, 0x000803, 0x000803, 0x000803,
        0x000803, 0x000803, 0x000803, 0x000803, 0x14C43C, 0x075C1C, 0x30F05C, 0x000803, 0x000803, 0x021C09, 0x000803, 0x000803, 0x000803, 0x000803, 0x000803, 0x000803,
        0x000803, 0x000803, 0x000803, 0x000803, 0x30F05C, 0x0C8E2A, 0x78FF96, 0x000803, 0x000803, 0x043612, 0x000803, 0x000803, 0x000803, 0x000803, 0x000803, 0x000803,
        0x000803, 0x021C09, 0x000803, 0x000803, 0x78FF96, 0x14C43C, 0xD6FFDE, 0x000803, 0x000803, 0x075C1C, 0x000803, 0x000803, 0x000803, 0x000803, 0x000803, 0x000803,
        0x000803, 0x043612, 0x000803, 0x021C09, 0xD6FFDE, 0x30F05C, 0x000803, 0x000803, 0x000803, 0x0C8E2A, 0x000803, 0x000803, 0x000803, 0x000803, 0x000803, 0x000803,
        0x000803, 0x075C1C, 0x000803, 0x043612, 0x000803, 0x78FF96, 0x000803, 0x000803, 0x000803, 0x78FF96, 0x000803, 0x000803, 0x000803, 0x000803, 0x000803, 0x000803,
        0x000803, 0x0C8E2A, 0x000803, 0x075C1C, 0x000803, 0xD6FFDE, 0x000803, 0x000803, 0x000803, 0x30F05C, 0x000803, 0x000803, 0x000803, 0x000803, 0x000803, 0x000803,
        0x000803, 0x14C43C, 0x000803, 0x0C8E2A, 0x000803, 0x000803, 0x000803, 0x000803, 0x000803, 0x78FF96, 0x000803, 0x000803, 0x000803, 0x000803, 0x000803, 0x000803,
        0x000803, 0x30F05C, 0x000803, 0x78FF96, 0x000803, 0x000803, 0x000803, 0x000803, 0x000803, 0xD6FFDE, 0x000803, 0x000803, 0x021C09, 0x000803, 0x043612, 0x000803,
        0x000803, 0x78FF96, 0x000803, 0x30F05C, 0x000803, 0x000803, 0x000803, 0x000803, 0x000803, 0x000803, 0x000803, 0x000803, 0x043612, 0x000803, 0x075C1C, 0x000803,
        0x000803, 0xD6FFDE, 0x000803, 0x78FF96, 0x000803, 0x000803, 0x000803, 0x000803, 0x000803, 0x000803, 0x000803, 0x000803, 0x14C43C, 0x000803, 0x0C8E2A, 0x000803,
        0x000803, 0x000803, 0x000803, 0xD6FFDE, 0x000803, 0x000803, 0x000803, 0x021C09, 0x000803, 0x000803, 0x000803, 0x000803, 0x30F05C, 0x000803, 0x14C43C, 0x000803,
    },
    {
        0x14C43C, 0x000803, 0x000803, 0x000803, 0x000803, 0x000803, 0x000803, 0x000803, 0x000803, 0x000803, 0x78FF96, 0x000803, 0x000803, 0x78FF96, 0x000803, 0x14C43C,
        0x30F05C, 0x000803, 0x000803, 0x000803, 0x000803, 0x000803, 0x000803, 0x000803, 0x000803, 0x000803, 0xD6FFDE, 0x000803, 0x000803, 0xD6FFDE, 0x000803, 0x30F05C,
        0x78FF96, 0x000803, 0x000803, 0x000803, 0x000803, 0x000803, 0x000803, 0x000803, 0x000803, 0x000803, 0x000803, 0x000803, 0x000803, 0x000803, 0x000803, 0x78FF96,
        0xD6FFDE, 0x000803, 0x000803, 0x000803, 0x000803, 0x000803, 0x000803, 0x000803, 0x000803, 0x000803, 0x000803, 0x000803, 0x000803, 0x000803, 0x000803, 0xD6FFDE,
        0x000803, 0x000803, 0x000803, 0x000803, 0x075C1C, 0x000803, 0x075C1C, 0x000803, 0x000803, 0x000803, 0x000803, 0x000803, 0x000803, 0x000803, 0x000803, 0x000803,
        0x000803, 0x000803, 0x000803, 0x000803, 0x0C8E2A, 0x000803, 0x0C8E2A, 0x000803, 0x000803, 0x000803, 0x000803, 0x000803, 0x000803, 0x000803, 0x000803, 0x000803,
        0x000803, 0x000803, 0x000803, 0x000803, 0x14C43C, 0x000803, 0x14C43C, 0x000803, 0x000803, 0x000803, 0x000803, 0x000803, 0x000803, 0x000803, 0x000803, 0x000803,
        0x000803, 0x000803, 0x000803, 0x000803, 0x30F05C, 0x075C1C, 0x30F05C, 0x000803, 0x000803, 0x021C09, 0x000803, 0x000803, 0x000803, 0x000803, 0x000803, 0x000803,
        0x000803, 0x021C09, 0x000803, 0x000803, 0x78FF96, 0x0C8E2A, 0x78FF96, 0x000803, 0x000803, 0x043612, 0x000803, 0x000803, 0x000803, 0x000803, 0x000803, 0x000803,
        0x000803, 0x043612, 0x000803, 0x021C09, 0xD6FFDE, 0x14C43C, 0xD6FFDE, 0x000803, 0x000803, 0x075C1C, 0x000803, 0x000803, 0x000803, 0x000803, 0x000803, 0x000803,
        0x000803, 0x075C1C, 0x000803, 0x043612, 0x000803, 0x78FF96, 0x000803, 0x000803, 0x000803, 0x30F05C, 0x000803, 0x000803, 0x000803, 0x000803, 0x000803, 0x000803,
        0x000803, 0x0C8E2A, 0x000803, 0x075C1C, 0x000803, 0x78FF96, 0x000803, 0x000803, 0x000803, 0x14C43C, 0x000803, 0x000803, 0x000803, 0x000803, 0x000803, 0x000803,
        0x000803, 0x14C43C, 0x000803, 0x0C8E2A, 0x000803, 0xD6FFDE, 0x000803, 0x000803, 0x000803, 0x30F05C, 0x000803, 0x000803, 0x000803, 0x000803, 0x000803, 0x000803,
        0x000803, 0x30F05C, 0x000803, 0x14C43C, 0x000803, 0x000803, 0x000803, 0x000803, 0x000803, 0x78FF96, 0x000803, 0x000803, 0x000803, 0x000803, 0x043612, 0x000803,
        0x000803, 0x78FF96, 0x000803, 0x30F05C, 0x000803, 0x000803, 0x000803, 0x000803, 0x000803, 0xD6FFDE, 0x000803, 0x000803, 0x021C09, 0x000803, 0x075C1C, 0x000803,
        0x000803, 0xD6FFDE, 0x000803, 0x78FF96, 0x000803, 0x000803, 0x000803, 0x000803, 0x000803, 0x000803, 0x000803, 0x000803, 0x043612, 0x000803, 0x0C8E2A, 0x000803,
    },
    {
        0x0C8E2A, 0x000803, 0x000803, 0x000803, 0x000803, 0x000803, 0x000803, 0x000803, 0x000803, 0x000803, 0x78FF96, 0x000803, 0x000803, 0x30F05C, 0x000803, 0x0C8E2A,
        0x14C43C, 0x000803, 0x000803, 0x000803, 0x000803, 0x000803, 0x000803, 0x000803, 0x000803, 0x000803, 0x78FF96, 0x000803, 0x000803, 0x78FF96, 0x000803, 0x78FF96,
        0x30F05C, 0x000803, 0x000803, 0x000803, 0x000803, 0x000803, 0x000803, 0x000803, 0x000803, 0x000803, 0xD6FFDE, 0x000803, 0x000803, 0xD6FFDE, 0x000803, 0x30F05C,
        0x78FF96, 0x000803, 0x000803, 0x000803, 0x000803, 0x000803, 0x000803, 0x000803, 0x000803, 0x000803, 0x000803, 0x000803, 0x000803, 0x000803, 0x000803, 0x78FF96,
        0xD6FFDE, 0x000803, 0x000803, 0x000803, 0x000803, 0x000803, 0x000803, 0x000803, 0x000803, 0x000803, 0x000803, 0x000803, 0x000803, 0x000803, 0x000803, 0xD6FFDE,
        0x000803, 0x000803, 0x000803, 0x000803, 0x075C1C, 0x000803, 0x000803, 0x000803, 0x000803, 0x000803, 0x000803, 0x000803, 0x000803, 0x000803, 0x000803, 0x000803,
        0x000803, 0x000803, 0x000803, 0x000803, 0x30F05C, 0x000803, 0x075C1C, 0x000803, 0x000803, 0x000803, 0x000803, 0x000803, 0x000803, 0x000803, 0x000803, 0x000803,
        0x000803, 0x000803, 0x000803, 0x000803, 0x14C43C, 0x000803, 0x0C8E2A, 0x000803, 0x000803, 0x000803, 0x000803, 0x000803, 0x000803, 0x000803, 0x000803, 0x000803,
        0x000803, 0x000803, 0x000803, 0x000803, 0x30F05C, 0x000803, 0x14C43C, 0x000803, 0x000803, 0x000803, 0x000803, 0x000803, 0x000803, 0x000803, 0x000803, 0x000803,
        0x000803, 0x075C1C, 0x000803, 0x000803, 0x78FF96, 0x075C1C, 0x78FF96, 0x000803, 0x000803, 0x021C09, 0x000803, 0x000803, 0x000803, 0x000803, 0x000803, 0x000803,
        0x000803, 0x043612, 0x000803, 0x021C09, 0xD6FFDE, 0x0C8E2A, 0x78FF96, 0x000803, 0x000803, 0x0C8E2A, 0x000803, 0x000803, 0x000803, 0x000803, 0x000803, 0x000803,
        0x000803, 0x14C43C, 0x000803, 0x043612, 0x000803, 0x78FF96, 0xD6FFDE, 0x000803, 0x000803, 0x075C1C, 0x000803, 0x000803, 0x000803, 0x000803, 0x000803, 0x000803,
        0x000803, 0x0C8E2A, 0x000803, 0x075C1C, 0x000803, 0x30F05C, 0x000803, 0x000803, 0x000803, 0x0C8E2A, 0x000803, 0x000803, 0x000803, 0x000803, 0x000803, 0x000803,
        0x000803, 0x14C43C, 0x000803, 0x0C8E2A, 0x000803, 0x78FF96, 0x000803, 0x000803, 0x000803, 0x14C43C, 0x000803, 0x000803, 0x000803, 0x000803, 0x000803, 0x000803,
        0x000803, 0x30F05C, 0x000803, 0x14C43C, 0x000803, 0xD6FFDE, 0x000803, 0x000803, 0x000803, 0x30F05C, 0x000803, 0x000803, 0x000803, 0x000803, 0x043612, 0x000803,
        0x000803, 0x78FF96, 0x000803, 0x30F05C, 0x000803, 0x000803, 0x000803, 0x000803, 0x000803, 0x78FF96, 0x000803, 0x000803, 0x000803, 0x000803, 0x075C1C, 0x000803,
    },
    {
        0x075C1C, 0x000803, 0x000803, 0x000803, 0x000803, 0x000803, 0x000803, 0x000803, 0xD6FFDE, 0x000803, 0x14C43C, 0x000803, 0x000803, 0x14C43C, 0x000803, 0x075C1C,
        0x0C8E2A, 0x000803, 0x000803, 0x000803, 0x000803, 0x000803, 0x000803, 0x000803, 0x000803, 0x000803, 0x30F05C, 0x000803, 0x000803, 0x30F05C, 0x000803, 0x0C8E2A,
        0x14C43C, 0x000803, 0x000803, 0x000803, 0x000803, 0x000803, 0x000803, 0x000803, 0x000803, 0x000803, 0x78FF96, 0x000803, 0x000803, 0x78FF96, 0x000803, 0x14C43C,
        0x30F05C, 0x000803, 0x000803, 0x000803, 0x000803, 0x000803, 0x000803, 0x000803, 0x000803, 0x000803, 0xD6FFDE, 0x000803, 0x000803, 0xD6FFDE, 0x000803, 0x30F05C,
        0x78FF96, 0x000803, 0x000803, 0x000803, 0x000803, 0x000803, 0x000803, 0x000803, 0x000803, 0x000803, 0x000803, 0x000803, 0x000803, 0x000803, 0x000803, 0x78FF96,
        0xD6FFDE, 0x000803, 0x000803, 0x000803, 0x000803, 0x000803, 0x000803, 0x000803, 0x000803, 0x000803, 0x000803, 0x000803, 0x000803, 0x000803, 0x000803, 0xD6FFDE,
        0x000803, 0x000803, 0x000803, 0x000803, 0x075C1C, 0x000803, 0x000803, 0x000803, 0x000803, 0x000803, 0x000803, 0x000803, 0x000803, 0x000803, 0x000803, 0x000803,
        0x000803, 0x000803, 0x000803, 0x000803, 0x0C8E2A, 0x000803, 0x000803, 0x000803, 0x000803, 0x000803, 0x000803, 0x000803, 0x000803, 0x000803, 0x000803, 0x000803,
        0x000803, 0x000803, 0x000803, 0x000803, 0x14C43C, 0x000803, 0x075C1C, 0x000803, 0x000803, 0x000803, 0x000803, 0x000803, 0x000803, 0x000803, 0x000803, 0x000803,
        0x000803, 0x000803, 0x000803, 0x000803, 0x30F05C, 0x000803, 0x0C8E2A, 0x000803, 0x000803, 0x000803, 0x000803, 0x000803, 0x000803, 0x000803, 0x000803, 0x000803,
        0x000803, 0x021C09, 0x000803, 0x000803, 0x78FF96, 0x000803, 0x14C43C, 0x000803, 0x000803, 0x000803, 0x000803, 0x000803, 0x000803, 0x000803, 0x000803, 0x000803,
        0x000803, 0x043612, 0x000803, 0x021C09, 0xD6FFDE, 0x075C1C, 0x30F05C, 0x000803, 0x000803, 0x021C09, 0x000803, 0x000803, 0x000803, 0x000803, 0x000803, 0x000803,
        0x000803, 0x075C1C, 0x000803, 0x043612, 0x000803, 0x0C8E2A, 0x78FF96, 0x000803, 0x000803, 0x043612, 0x000803, 0x000803, 0x000803, 0x000803, 0x000803, 0x000803,
        0x000803, 0x0C8E2A, 0x000803, 0x075C1C, 0x000803, 0x14C43C, 0xD6FFDE, 0x000803, 0x000803, 0x075C1C, 0x000803, 0x000803, 0x000803, 0x000803, 0x000803, 0x000803,
        0x000803, 0x78FF96, 0x000803, 0x0C8E2A, 0x000803, 0x30F05C, 0x000803, 0x000803, 0x000803, 0x0C8E2A, 0x000803, 0x000803, 0x000803, 0x000803, 0x000803, 0x000803,
        0x000803, 0x78FF96, 0x000803, 0x14C43C, 0x000803, 0x78FF96, 0x000803, 0x000803, 0x000803, 0x14C43C, 0x000803, 0x000803, 0x000803, 0x000803, 0x043612, 0x000803,
    },
    {
        0x043612, 0x000803, 0x000803, 0x000803, 0x000803, 0x000803, 0x000803, 0x000803, 0x78FF96, 0x000803, 0x0C8E2A, 0x000803, 0x000803, 0x0C8E2A, 0x000803, 0x000803,
        0x075C1C, 0x000803, 0x000803, 0x000803, 0x000803, 0x000803, 0x000803, 0x000803, 0xD6FFDE, 0x000803, 0x14C43C, 0x000803, 0x000803, 0x14C43C, 0x000803, 0x075C1C,
        0x0C8E2A, 0x000803, 0x000803, 0x000803, 0x000803, 0x000803, 0x000803, 0x000803, 0x000803, 0x000803, 0x30F05C, 0x000803, 0x000803, 0x30F05C, 0x000803, 0x0C8E2A,
        0x14C43C, 0x000803, 0x000803, 0x000803, 0x000803, 0x000803, 0x000803, 0x000803, 0x000803, 0x000803, 0x78FF96, 0x000803, 0x000803, 0x78FF96, 0x000803, 0x14C43C,
        0x30F05C, 0x000803, 0x000803, 0x000803, 0x000803, 0x000803, 0x000803, 0x000803, 0x000803, 0x000803, 0xD6FFDE, 0x000803, 0x000803, 0xD6FFDE, 0x000803, 0x30F05C,
        0x78FF96, 0x000803, 0x000803, 0x000803, 0x000803, 0x000803, 0x000803, 0x000803, 0x000803, 0x000803, 0x000803, 0x000803, 0x000803, 0x000803, 0x000803, 0x78FF96,
        0xD6FFDE, 0x000803, 0x000803, 0x000803, 0x000803, 0x000803, 0x000803, 0x000803, 0x000803, 0x000803, 0x000803, 0x000803, 0x000803, 0x000803, 0x000803, 0xD6FFDE,
        0x000803, 0x000803, 0x000803, 0x000803, 0x075C1C, 0x000803, 0x000803, 0x000803, 0x000803, 0x000803, 0x000803, 0x000803, 0x000803, 0x000803, 0x000803, 0x000803,
        0x000803, 0x000803, 0x000803, 0x000803, 0x0C8E2A, 0x000803, 0x000803, 0x000803, 0x000803, 0x000803, 0x000803, 0x000803, 0x000803, 0x000803, 0x000803, 0x000803,
        0x000803, 0x000803, 0x000803, 0x000803, 0x14C43C, 0x000803, 0x000803, 0x000803, 0x000803, 0x000803, 0x000803, 0x000803, 0x000803, 0x000803, 0x000803, 0x000803,
        0x000803, 0x000803, 0x000803, 0x000803, 0x30F05C, 0x000803, 0x075C1C, 0x000803, 0x000803, 0x000803, 0x000803, 0x000803, 0x000803, 0x000803, 0x000803, 0x000803,
        0x000803, 0x021C09, 0x000803, 0x000803, 0x78FF96, 0x000803, 0x0C8E2A, 0x000803, 0x000803, 0x000803, 0x000803, 0x000803, 0x000803, 0x000803, 0x000803, 0x000803,
        0x000803, 0x043612, 0x000803, 0x021C09, 0xD6FFDE, 0x000803, 0x14C43C, 0x000803, 0x000803, 0x000803, 0x000803, 0x000803, 0x000803, 0x000803, 0x000803, 0x000803,
        0x000803, 0x075C1C, 0x000803, 0x043612, 0x000803, 0x075C1C, 0x78FF96, 0x000803, 0x000803, 0x021C09, 0x000803, 0x000803, 0x000803, 0x000803, 0x000803, 0x000803,
        0x000803, 0x0C8E2A, 0x000803, 0x075C1C, 0x000803, 0x0C8E2A, 0x78FF96, 0x000803, 0x000803, 0x043612, 0x000803, 0x000803, 0x000803, 0x000803, 0x000803, 0x000803,
        0x000803, 0x14C43C, 0x000803, 0x0C8E2A, 0x000803, 0x14C43C, 0xD6FFDE, 0x000803, 0x000803, 0x075C1C, 0x000803, 0x000803, 0x000803, 0x000803, 0x000803, 0x000803,
    },
};

static const uint16_t matrix16_anim_rgb565[32][256] = {
    {
        0x02E3, 0x0040, 0x0040, 0x0040, 0x0040, 0x0040, 0x0040, 0x0040, 0x378B, 0x0040, 0x02E3, 0x0040, 0x0040, 0x02E3, 0x0040, 0x0040,
        0x01A2, 0x0040, 0x0040, 0x0040, 0x0040, 0x0040, 0x0040, 0x0040, 0x7FF2, 0x0040, 0x0C65, 0x0040, 0x0040, 0x378B, 0x0040, 0x0040,
        0x02E3, 0x0040, 0x0040, 0x0040, 0x0040, 0x0040, 0x0040, 0x0040, 0xD7FB, 0x0040, 0x1627, 0x0040, 0x0040, 0x1627, 0x0040, 0x02E3,
        0x0C65, 0x0040, 0x0040, 0x0040, 0x0040, 0x0040, 0x0040, 0x0040, 0x0040, 0x0040, 0x378B, 0x0040, 0x0040, 0x378B, 0x0040, 0x0C65,
        0x1627, 0x0040, 0x0040, 0x0040, 0x0040, 0x0040, 0x0040, 0x0040, 0x0040, 0x0040, 0x7FF2, 0x0040, 0x0040, 0x7FF2, 0x0040, 0x1627,
        0x378B, 0x0040, 0x0040, 0x0040, 0x0040, 0x0040, 0x0040, 0x0040, 0x0040, 0x0040, 0xD7FB, 0x0040, 0x0040, 0xD7FB, 0x0040, 0x378B,
        0x7FF2, 0x0040, 0x0040, 0x0040, 0x0040, 0x0040, 0x0040, 0x0040, 0x0040, 0x0040, 0x0040, 0x0040, 0x0040, 0x0040, 0x0040, 0x7FF2,
        0xD7FB, 0x0040, 0x0040, 0x0040, 0x0040, 0x0040, 0x0040, 0x0040, 0x0040, 0x0040, 0x0040, 0x0040, 0x0040, 0x0040, 0x0040, 0xD7FB,
        0x0040, 0x0040, 0x0040, 0x0040, 0x1627, 0x0040, 0x0040, 0x0040, 0x0040, 0x0040, 0x0040, 0x0040, 0x0040, 0x0040, 0x0040, 0x0040,
        0x0040, 0x0040, 0x0040, 0x0040, 0x0C65, 0x0040, 0x0040, 0x0040, 0x0040, 0x0040, 0x0040, 0x0040, 0x0040, 0x0040, 0x0040, 0x0040,
        0x0040, 0x0040, 0x0040, 0x0040, 0x1627, 0x0040, 0x0040, 0x0040, 0x0040, 0x0040, 0x0040, 0x0040, 0x0040, 0x0040, 0x0040, 0x0040,
        0x0040, 0x0040, 0x0040, 0x0040, 0x378B, 0x0040, 0x0040, 0x0040, 0x0040, 0x0040, 0x0040, 0x0040, 0x0040, 0x0040, 0x0040, 0x0040,
        0x0040, 0x00E1, 0x0040, 0x0040, 0x7FF2, 0x0040, 0x02E3, 0x0040, 0x0040, 0x0040, 0x0040, 0x0040, 0x0040, 0x0040, 0x0040, 0x0040,
        0x0040, 0x01A2, 0x0040, 0x00E1, 0xD7FB, 0x0040, 0x378B, 0x0040, 0x0040, 0x0040, 0x0040, 0x0040, 0x0040, 0x0040, 0x0040, 0x0040,
        0x0040, 0x1627, 0x0040, 0x0C65, 0x0040, 0x0040, 0x1627, 0x0040, 0x0040, 0x0040, 0x0040, 0x0040, 0x0040, 0x0040, 0x0040, 0x0040,
        0x0040, 0x0C65, 0x0040, 0x02E3, 0x0040, 0x02E3, 0x378B, 0x0040, 0x0040, 0x00E1, 0x0040, 0x0040, 0x0040, 0x0040, 0x0040, 0x0040,
    },
    {
        0x0040, 0x0040, 0x0040, 0x0040, 0x0040, 0x0040, 0x0040, 0x0040, 0x1627, 0x0040, 0x01A2, 0xD7FB, 0x0040, 0x01A2, 0x0040, 0x0040,
        0x00E1, 0x0040, 0x0040, 0x0040, 0x0040, 0x0040, 0x0040, 0x0040, 0x378B, 0x0040, 0x02E3, 0x0040, 0x0040, 0x02E3, 0x0040, 0x0040,
        0x01A2, 0x0040, 0x0040, 0x0040, 0x0040, 0x0040, 0x0040, 0x0040, 0x7FF2, 0x0040, 0x0C65, 0x0040, 0x0040, 0x0C65, 0x0040, 0x0040,
        0x02E3, 0x0040, 0x0040, 0x0040, 0x0040, 0x0040, 0x0040, 0x0040, 0xD7FB, 0x0040, 0x1627, 0x0040, 0x0040, 0x7FF2, 0x0040, 0x02E3,
        0x0C65, 0x0040, 0x0040, 0x0040, 0x0040, 0x0040, 0x0040, 0x0040, 0x0040, 0x0040, 0x378B, 0x0040, 0x0040, 0x378B, 0x0040, 0x0C65,
        0x1627, 0x0040, 0x0040, 0x0040, 0x0040, 0x0040, 0x0040, 0x0040, 0x0040, 0x0040, 0x7FF2, 0x0040, 0x0040, 0x7FF2, 0x0040, 0x1627,
        0x378B, 0x0040, 0x0040, 0x0040, 0x0040, 0x0040, 0x0040, 0x0040, 0x0040, 0x0040, 0xD7FB, 0x0040, 0x0040, 0xD7FB, 0x0040, 0x378B,
        0x7FF2, 0x0040, 0x0040, 0x0040, 0x0040, 0x0040, 0x0040, 0x0040, 0x0040, 0x0040, 0x0040, 0x0040, 0x0040, 0x0040, 0x0040, 0x7FF2,
        0xD7FB, 0x0040, 0x0040, 0x0040, 0x0040, 0x0040, 0x0040, 0x0040, 0x0040, 0x0040, 0x0040, 0x0040, 0x0040, 0x0040, 0x0040, 0xD7FB,
        0x0040, 0x0040, 0x0040, 0x0040, 0x02E3, 0x0040, 0x0040, 0x0040, 0x0040, 0x0040, 0x0040, 0x0040, 0x0040, 0x0040, 0x0040, 0x0040,
        0x0040, 0x0040, 0x0040, 0x0040, 0x0C65, 0x0040, 0x0040, 0x0040, 0x0040, 0x0040, 0x0040, 0x0040, 0x0040, 0x0040, 0x0040, 0x0040,
        0x0040, 0x0040, 0x0040, 0x0040, 0x1627, 0x0040, 0x0040, 0x0040, 0x0040, 0x0040, 0x0040, 0x0040, 0x0040, 0x0040, 0x0040, 0x0040,
        0x0040, 0x0040, 0x0040, 0x0040, 0x378B, 0x0040, 0x0040, 0x0040, 0x0040, 0x0040, 0x0040, 0x0040, 0x0040, 0x0040, 0x0040, 0x0040,
        0x0040, 0x00E1, 0x0040, 0x0040, 0x7FF2, 0x0040, 0x0040, 0x0040, 0x0040, 0x0040, 0x0040, 0x0040, 0x0040, 0x0040, 0x0040, 0x0040,
        0x0040, 0x01A2, 0x0040, 0x00E1, 0xD7FB, 0x0040, 0x02E3, 0x0040, 0x0040, 0x0040, 0x0040, 0x0040, 0x0040, 0x0040, 0x0040, 0x0040,
        0x0040, 0x02E3, 0x0040, 0x01A2, 0x0040, 0x0040, 0x0C65, 0x0040, 0x0040, 0x0040, 0x0040, 0x0040, 0x0040, 0x0040, 0x0040, 0x0040,
    },
    {
        0x0040, 0x0040, 0x0040, 0x0040, 0x0040, 0x0040, 0x0040, 0x0040, 0x0C65, 0x0040, 0x02E3, 0x7FF2, 0x7FF2, 0x0040, 0x0040, 0x0040,
        0x0040, 0x0040, 0x0040, 0x0040, 0x0040, 0x0040, 0x0040, 0x0040, 0x1627, 0x0040, 0x01A2, 0xD7FB, 0xD7FB, 0x01A2, 0x0040, 0x0040,
        0x00E1, 0x0040, 0x0040, 0x0040, 0x0040, 0x0040, 0x0040, 0x0040, 0x378B, 0x0040, 0x02E3, 0x0040, 0x0040, 0x02E3, 0x0040, 0x0040,
        0x01A2, 0x0040, 0x0040, 0x0040, 0x0040, 0x0040, 0x0040, 0x0040, 0x7FF2, 0x0040, 0x0C65, 0x0040, 0x0040, 0x0C65, 0x0040, 0x0040,
        0x02E3, 0x0040, 0x0040, 0x0040, 0x0040, 0x0040, 0x0040, 0x0040, 0xD7FB, 0x0040, 0x1627, 0x0040, 0x0040, 0x1627, 0x0040, 0x02E3,
        0x0C65, 0x0040, 0x0040, 0x0040, 0x0040, 0x0040, 0x0040, 0x0040, 0x0040, 0x0040, 0x378B, 0x0040, 0x0040, 0x378B, 0x0040, 0x0C65,
        0x1627, 0x0040, 0x0040, 0x0040, 0x0040, 0x0040, 0x0040, 0x0040, 0x0040, 0x0040, 0x7FF2, 0x0040, 0x0040, 0x7FF2, 0x0040, 0x1627,
        0x378B, 0x0040, 0x0040, 0x0040, 0x0040, 0x0040, 0x0040, 0x0040, 0x0040, 0x0040, 0xD7FB, 0x0040, 0x0040, 0xD7FB, 0x0040, 0x378B,
        0x7FF2, 0x0040, 0x0040, 0x0040, 0x0040, 0x0040, 0x0040, 0x0040, 0x0040, 0x0040, 0x0040, 0x0040, 0x0040, 0x0040, 0x0040, 0x7FF2,
        0xD7FB, 0x0040, 0x0040, 0x0040, 0x0040, 0x0040, 0x0040, 0x0040, 0x0040, 0x0040, 0x0040, 0x0040, 0x0040, 0x0040, 0x0040, 0xD7FB,
        0x0040, 0x0040, 0x0040, 0x0040, 0x02E3, 0x0040, 0x0040, 0x0040, 0x0040, 0x0040, 0x0040, 0x0040, 0x0040, 0x0040, 0x0040, 0x0040,
        0x0040, 0x0040, 0x0040, 0x0040, 0x0C65, 0x0040, 0x0040, 0x0040, 0x0040, 0x0040, 0x0040, 0x0040, 0x0040, 0x0040, 0x0040, 0x0040,
        0x0040, 0x0040, 0x0040, 0x0040, 0x1627, 0x0040, 0x0040, 0x0040, 0x0040, 0x0040, 0x0040, 0x0040, 0x0040, 0x0040, 0x0040, 0x0040,
        0x0040, 0x0040, 0x0040, 0x0040, 0x378B, 0x0040, 0x0040, 0x0040, 0x0040, 0x0040, 0x0040, 0x0040, 0x0040, 0x0040, 0x0040, 0x0040,
        0x0040, 0x00E1, 0x0040, 0x0040, 0x7FF2, 0x0040, 0x0040, 0x0040, 0x0040, 0x0040, 0x0040, 0x0040, 0x0040, 0x0040, 0x0040, 0x0040,
        0x0040, 0x01A2, 0x0040, 0x00E1, 0xD7FB, 0x0040, 0x0040, 0x0040, 0x0040, 0x0040, 0x0040, 0x0040, 0x0040, 0x0040, 0x0040, 0x0040,
    },
    {
        0x0040, 0x0040, 0x0040, 0x0040, 0x0040, 0x0040, 0x0040, 0x0040, 0x02E3, 0x0040, 0x00E1, 0x7FF2, 0x1627, 0x0040, 0x0040, 0x0040,
        0x0040, 0x0040, 0x0040, 0x0040, 0x0040, 0x0040, 0x0040, 0x0040, 0x0C65, 0x0040, 0x00E1, 0x7FF2, 0x378B, 0x0040, 0x0040, 0x0040,
        0x0040, 0x0040, 0x0040, 0x0040, 0x0040, 0x0040, 0x0040, 0x0040, 0x1627, 0x0040, 0x0C65, 0xD7FB, 0x7FF2, 0x01A2, 0x0040, 0x0040,
        0x00E1, 0x0040, 0x0040, 0x0040, 0x0040, 0x0040, 0x0040, 0x0040, 0x378B, 0x0040, 0x02E3, 0x0040, 0xD7FB, 0x02E3, 0x0040, 0x0040,
        0x01A2, 0x0040, 0x0040, 0x0040, 0x0040, 0x0040, 0x0040, 0x0040, 0x7FF2, 0x0040, 0x0C65, 0x0040, 0x0040, 0x0C65, 0x0040, 0x0040,
        0x02E3, 0x0040, 0x0040, 0x0040, 0x0040, 0x0040, 0x0040, 0x0040, 0xD7FB, 0x0040, 0x1627, 0x0040, 0x0040, 0x1627, 0x0040, 0x02E3,
        0x0C65, 0x0040, 0x0040, 0x0040, 0x0040, 0x0040, 0x0040, 0x0040, 0x0040, 0x0040, 0x378B, 0x0040, 0x0040, 0x378B, 0x0040, 0x0C65,
        0x1627, 0x0040, 0x0040, 0x0040, 0x0040, 0x0040, 0x0040, 0x0040, 0x0040, 0x0040, 0x7FF2, 0x0040, 0x0040, 0x7FF2, 0x0040, 0x7FF2,
        0x378B, 0x0040, 0x0040, 0x0040, 0x0040, 0x0040, 0x0040, 0x0040, 0x0040, 0x0040, 0xD7FB, 0x0040, 0x0040, 0xD7FB, 0x0040, 0x378B,
        0x7FF2, 0x0040, 0x0040, 0x0040, 0x0040, 0x0040, 0x0040, 0x0040, 0x0040, 0x0040, 0x0040, 0x0040, 0x0040, 0x0040, 0x0040, 0x7FF2,
        0xD7FB, 0x0040, 0x0040, 0x0040, 0x0040, 0x0040, 0x0040, 0x0040, 0x0040, 0x0040, 0x0040, 0x0040, 0x0040, 0x0040, 0x0040, 0xD7FB,
        0x0040, 0x0040, 0x0040, 0x0040, 0x02E3, 0x0040, 0x0040, 0x0040, 0x0040, 0x0040, 0x0040, 0x0040, 0x0040, 0x0040, 0x0040, 0x0040,
        0x0040, 0x0040, 0x0040, 0x0040, 0x0C65, 0x0040, 0x0040, 0x0040, 0x0040, 0x0040, 0x0040, 0x0040, 0x0040, 0x0040, 0x0040, 0x0040,
        0x0040, 0x0040, 0x0040, 0x0040, 0x1627, 0x0040, 0x0040, 0x0040, 0x0040, 0x0040, 0x0040, 0x0040, 0x0040, 0x0040, 0x0040, 0x0040,
        0x0040, 0x0040, 0x0040, 0x0040, 0x378B, 0x0040, 0x0040, 0x0040, 0x0040, 0x0040, 0x0040, 0x0040, 0x0040, 0x0040, 0x0040, 0x0040,
        0x0040, 0x00E1, 0x0040, 0x0040, 0x7FF2, 0x0040, 0x0040, 0x0040, 0x0040, 0x0040, 0x0040, 0x0040, 0x0040, 0x0040, 0x0040, 0x0040,
    },
    {
        0x0040, 0x0040, 0xD7FB, 0x0040, 0x0040, 0x0040, 0x0040, 0xD7FB, 0x01A2, 0x0040, 0x0040, 0x1627, 0x02E3, 0x0040, 0x0040, 0x0040,
        0x0040, 0x0040, 0x0040, 0x0040, 0x0040, 0x0040, 0x0040, 0x0040, 0x02E3, 0x0040, 0x00E1, 0x378B, 0x0C65, 0x0040, 0x0040, 0x0040,
        0x0040, 0x0040, 0x0040, 0x0040, 0x0040, 0x0040, 0x0040, 0x0040, 0x0C65, 0x0040, 0x00E1, 0x7FF2, 0x1627, 0x0040, 0x0040, 0x0040,
        0x0040, 0x0040, 0x0040, 0x0040, 0x0040, 0x0040, 0x0040, 0x0040, 0x1627, 0x0040, 0x01A2, 0xD7FB, 0x378B, 0x01A2, 0x0040, 0x0040,
        0x00E1, 0x0040, 0x0040, 0x0040, 0x0040, 0x0040, 0x0040, 0x0040, 0x378B, 0x0040, 0x02E3, 0x0040, 0x7FF2, 0x02E3, 0x0040, 0x0040,
        0x0C65, 0x0040, 0x0040, 0x0040, 0x0040, 0x0040, 0x0040, 0x0040, 0x7FF2, 0x0040, 0x0C65, 0x0040, 0xD7FB, 0x0C65, 0x0040, 0x0040,
        0x1627, 0x0040, 0x0040, 0x0040, 0x0040, 0x0040, 0x0040, 0x0040, 0xD7FB, 0x0040, 0x7FF2, 0x0040, 0x0040, 0x1627, 0x0040, 0x02E3,
        0x0C65, 0x0040, 0x0040, 0x0040, 0x0040, 0x0040, 0x0040, 0x0040, 0x0040, 0x0040, 0x7FF2, 0x0040, 0x0040, 0x378B, 0x0040, 0x0C65,
        0x1627, 0x0040, 0x0040, 0x0040, 0x0040, 0x0040, 0x0040, 0x0040, 0x0040, 0x0040, 0x7FF2, 0x0040, 0x0040, 0x7FF2, 0x0040, 0x7FF2,
        0x378B, 0x0040, 0x0040, 0x0040, 0x0040, 0x0040, 0x0040, 0x0040, 0x0040, 0x0040, 0xD7FB, 0x0040, 0x0040, 0xD7FB, 0x0040, 0x378B,
        0x7FF2, 0x0040, 0x0040, 0x0040, 0x0040, 0x0040, 0x0040, 0x0040, 0x0040, 0x0040, 0x0040, 0x0040, 0x0040, 0x0040, 0x0040, 0x7FF2,
        0xD7FB, 0x0040, 0x0040, 0x0040, 0x0040, 0x0040, 0x0040, 0x0040, 0x0040, 0x0040, 0x0040, 0x0040, 0x0040, 0x0040, 0x0040, 0xD7FB,
        0x0040, 0x0040, 0x0040, 0x0040, 0x02E3, 0x0040, 0x0040, 0x0040, 0x0040, 0x0040, 0x0040, 0x0040, 0x0040, 0x0040, 0x0040, 0x0040,
        0x0040, 0x0040, 0x0040, 0x0040, 0x378B, 0x0040, 0x0040, 0x0040, 0x0040, 0x0040, 0x0040, 0x0040, 0x0040, 0x0040, 0x0040, 0x0040,
        0x0040, 0x0040, 0x0040, 0x0040, 0x1627, 0x0040, 0x0040, 0x0040, 0x0040, 0x0040, 0x0040, 0x0040, 0x0040, 0x0040, 0x0040, 0x0040,
        0x0040, 0x0040, 0x0040, 0x0040, 0x378B, 0x0040, 0x0040, 0x0040, 0x0040, 0x0040, 0x0040, 0x0040, 0x0040, 0x0040, 0x0040, 0x0040,
    },
    {
        0x0040, 0x0040, 0x7FF2, 0x0040, 0x0040, 0x0040, 0x0040, 0x7FF2, 0x00E1, 0xD7FB, 0x0040, 0x0C65, 0x00E1, 0x0040, 0x0040, 0x0040,
        0x0040, 0x0040, 0xD7FB, 0x0040, 0x0040, 0x0040, 0x0040, 0xD7FB, 0x01A2, 0x0040, 0x0040, 0x1627, 0x01A2, 0x0040, 0x0040, 0x0040,
        0x0040, 0x0040, 0x0040, 0x0040, 0x0040, 0x0040, 0x0040, 0x0040, 0x1627, 0x0040, 0x00E1, 0x378B, 0x02E3, 0x0040, 0x0040, 0x0040,
        0x0040, 0x0040, 0x0040, 0x0040, 0x0040, 0x0040, 0x0040, 0x0040, 0x0C65, 0x0040, 0x02E3, 0x7FF2, 0x0C65, 0x0040, 0x0040, 0x0040,
        0x0040, 0x0040, 0x0040, 0x0040, 0x0040, 0x0040, 0x0040, 0x0040, 0x1627, 0x0040, 0x01A2, 0xD7FB, 0x1627, 0x01A2, 0x0040, 0x0040,
        0x00E1, 0x0040, 0x0040, 0x0040, 0x0040, 0x0040, 0x0040, 0x0040, 0x7FF2, 0x0040, 0x1627, 0x0040, 0x378B, 0x02E3, 0x0040, 0x0040,
        0x01A2, 0x0040, 0x0040, 0x0040, 0x0040, 0x0040, 0x0040, 0x0040, 0x7FF2, 0x0040, 0x0C65, 0x0040, 0x7FF2, 0x0C65, 0x0040, 0x0040,
        0x02E3, 0x0040, 0x0040, 0x0040, 0x0040, 0x0040, 0x0040, 0x0040, 0xD7FB, 0x0040, 0x1627, 0x0040, 0xD7FB, 0x1627, 0x0040, 0x02E3,
        0x0C65, 0x0040, 0x0040, 0x0040, 0x0040, 0x0040, 0x0040, 0x0040, 0x0040, 0x0040, 0x378B, 0x0040, 0x0040, 0x378B, 0x0040, 0x0C65,
        0x1627, 0x0040, 0x0040, 0x0040, 0x0040, 0x0040, 0x0040, 0x0040, 0x0040, 0x0040, 0x7FF2, 0x0040, 0x0040, 0x7FF2, 0x0040, 0x1627,
        0x378B, 0x0040, 0x0040, 0x0040, 0x0040, 0x0040, 0x0040, 0x0040, 0x0040, 0x0040, 0xD7FB, 0x0040, 0x0040, 0xD7FB, 0x0040, 0x378B,
        0x7FF2, 0x0040, 0x0040, 0x0040, 0x0040, 0x0040, 0x0040, 0x0040, 0x0040, 0x0040, 0x0040, 0x0040, 0x0040, 0x0040, 0x0040, 0x7FF2,
        0xD7FB, 0x0040, 0x0040, 0x0040, 0x0040, 0x0040, 0x0040, 0x0040, 0x0040, 0x0040, 0x0040, 0x0040, 0x0040, 0x0040, 0x0040, 0xD7FB,
        0x0040, 0x0040, 0x0040, 0x0040, 0x02E3, 0x0040, 0x0040, 0x0040, 0x0040, 0x0040, 0x0040, 0x0040, 0x0040, 0x0040, 0x0040, 0x0040,
        0x0040, 0x0040, 0x0040, 0x0040, 0x0C65, 0x0040, 0x0040, 0x0040, 0x0040, 0x0040, 0x0040, 0x0040, 0x0040, 0x0040, 0x0040, 0x0040,
        0x0040, 0x0040, 0x0040, 0x0040, 0x1627, 0x0040, 0x0040, 0x0040, 0x0040, 0x0040, 0x0040, 0x0040, 0x0040, 0x0040, 0x0040, 0x0040,
    },
    {
        0x0040, 0x0040, 0x378B, 0x0040, 0x0040, 0xD7FB, 0x0040, 0x378B, 0x0040, 0x378B, 0x0040, 0x02E3, 0x0040, 0x0040, 0x0040, 0x0040,
        0x0040, 0x0040, 0x7FF2, 0x0040, 0x0040, 0x0040, 0x0040, 0x7FF2, 0x00E1, 0x7FF2, 0x0040, 0x0C65, 0x0040, 0x0040, 0x0040, 0x0040,
        0x0040, 0x0040, 0xD7FB, 0x0040, 0x0040, 0x0040, 0x0040, 0xD7FB, 0x0C65, 0xD7FB, 0x0040, 0x1627, 0x02E3, 0x0040, 0x0040, 0x0040,
        0x0040, 0x0040, 0x0040, 0x0040, 0x0040, 0x0040, 0x0040, 0x0040, 0x02E3, 0x0040, 0x00E1, 0x7FF2, 0x01A2, 0x0040, 0x0040, 0x0040,
        0x0040, 0x0040, 0x0040, 0x0040, 0x0040, 0x0040, 0x0040, 0x0040, 0x0C65, 0x0040, 0x00E1, 0x7FF2, 0x02E3, 0x0040, 0x0040, 0x0040,
        0x0040, 0x0040, 0x0040, 0x0040, 0x0040, 0x0040, 0x0040, 0x0040, 0x1627, 0x0040, 0x01A2, 0xD7FB, 0x0C65, 0x01A2, 0x0040, 0x0040,
        0x00E1, 0x0040, 0x0040, 0x0040, 0x0040, 0x0040, 0x0040, 0x0040, 0x378B, 0x0040, 0x02E3, 0x0040, 0x1627, 0x02E3, 0x0040, 0x0040,
        0x01A2, 0x0040, 0x0040, 0x0040, 0x0040, 0x0040, 0x0040, 0x0040, 0x7FF2, 0x0040, 0x0C65, 0x0040, 0x378B, 0x0C65, 0x0040, 0x0040,
        0x02E3, 0x0040, 0x0040, 0x0040, 0x0040, 0x0040, 0x0040, 0x0040, 0xD7FB, 0x0040, 0x1627, 0x0040, 0x7FF2, 0x1627, 0x0040, 0x02E3,
        0x378B, 0x0040, 0x0040, 0x0040, 0x0040, 0x0040, 0x0040, 0x0040, 0x0040, 0x0040, 0x378B, 0x0040, 0xD7FB, 0x378B, 0x0040, 0x0C65,
        0x1627, 0x0040, 0x0040, 0x0040, 0x0040, 0x0040, 0x0040, 0x0040, 0x0040, 0x0040, 0x7FF2, 0x0040, 0x0040, 0x7FF2, 0x0040, 0x1627,
        0x378B, 0x0040, 0x0040, 0x0040, 0x0040, 0x0040, 0x0040, 0x0040, 0x0040, 0x0040, 0xD7FB, 0x0040, 0x0040, 0xD7FB, 0x0040, 0x378B,
        0x7FF2, 0x0040, 0x0040, 0x0040, 0x0040, 0x0040, 0x0040, 0x0040, 0x0040, 0x0040, 0x0040, 0x0040, 0x0040, 0x0040, 0x0040, 0x7FF2,
        0xD7FB, 0x0040, 0x0040, 0x0040, 0x0040, 0x0040, 0x0040, 0x0040, 0x0040, 0x0040, 0x0040, 0x0040, 0x0040, 0x0040, 0x0040, 0xD7FB,
        0x0040, 0x0040, 0x0040, 0x0040, 0x02E3, 0x0040, 0x0040, 0x0040, 0x0040, 0x0040, 0x0040, 0x0040, 0x0040, 0x0040, 0x0040, 0x0040,
        0x0040, 0x0040, 0x0040, 0x0040, 0x0C65, 0x0040, 0x0040, 0x0040, 0x0040, 0x0040, 0x0040, 0x0040, 0x0040, 0x0040, 0x0040, 0x0040,
    },
    {
        0x0040, 0x0040, 0x1627, 0x0040, 0x0040, 0x378B, 0x0040, 0x1627, 0x0040, 0x0C65, 0x0040, 0x0040, 0x0040, 0x0040, 0x0040, 0x0040,
        0x0040, 0x0040, 0x378B, 0x0040, 0x0040, 0x7FF2, 0x0040, 0x378B, 0x0040, 0x1627, 0x0040, 0x02E3, 0x0040, 0x0040, 0x0040, 0x0040,
        0x0040, 0x0040, 0x7FF2, 0x0040, 0x0040, 0xD7FB, 0x0040, 0x7FF2, 0x00E1, 0x378B, 0x0040, 0x0C65, 0x0040, 0x0040, 0x0040, 0x0040,
        0x0040, 0x0040, 0xD7FB, 0x0040, 0x0040, 0x0040, 0x0040, 0xD7FB, 0x01A2, 0x7FF2, 0x0040, 0x1627, 0x0040, 0x0040, 0x0040, 0x0040,
        0x0040, 0x0040, 0x0040, 0x0040, 0x0040, 0x0040, 0x0040, 0x0040, 0x02E3, 0xD7FB, 0x00E1, 0x378B, 0x00E1, 0x0040, 0x0040, 0x0040,
        0x0040, 0x0040, 0x0040, 0x0040, 0x0040, 0x0040, 0x0040, 0x0040, 0x0C65, 0x0040, 0x00E1, 0x7FF2, 0x01A2, 0x0040, 0x0040, 0x0040,
        0x0040, 0x0040, 0x0040, 0x0040, 0x0040, 0x0040, 0x0040, 0x0040, 0x7FF2, 0x0040, 0x01A2, 0xD7FB, 0x02E3, 0x0C65, 0x0040, 0x0040,
        0x00E1, 0x0040, 0x0040, 0x0040, 0x0040, 0x0040, 0x0040, 0x0040, 0x378B, 0x0040, 0x02E3, 0x0040, 0x378B, 0x1627, 0x0040, 0x0040,
        0x01A2, 0x0040, 0x0040, 0x0040, 0x0040, 0x0040, 0x0040, 0x0040, 0x7FF2, 0x0040, 0x0C65, 0x0040, 0x1627, 0x0C65, 0x0040, 0x0040,
        0x02E3, 0x0040, 0x0040, 0x0040, 0x0040, 0x0040, 0x0040, 0x0040, 0xD7FB, 0x0040, 0x7FF2, 0x0040, 0x378B, 0x1627, 0x0040, 0x02E3,
        0x0C65, 0x0040, 0x0040, 0x0040, 0x0040, 0x0040, 0x0040, 0x0040, 0x0040, 0x0040, 0x378B, 0x0040, 0x7FF2, 0x378B, 0x0040, 0x0C65,
        0x1627, 0x0040, 0x0040, 0x0040, 0x0040, 0x0040, 0x0040, 0x0040, 0x0040, 0x0040, 0x7FF2, 0x0040, 0xD7FB, 0x7FF2, 0x0040, 0x7FF2,
        0x378B, 0x0040, 0x0040, 0x0040, 0x0040, 0x0040, 0x0040, 0x0040, 0x0040, 0x0040, 0xD7FB, 0x0040, 0x0040, 0xD7FB, 0x0040, 0x7FF2,
        0x7FF2, 0x0040, 0x0040, 0x0040, 0x0040, 0x0040, 0x0040, 0x0040, 0x0040, 0x0040, 0x0040, 0x0040, 0x0040, 0x0040, 0x0040, 0x7FF2,
        0xD7FB, 0x0040, 0x0040, 0x0040, 0x0040, 0x0040, 0x0040, 0x0040, 0x0040, 0x0040, 0x0040, 0x0040, 0x0040, 0x0040, 0x0040, 0xD7FB,
        0x0040, 0x0040, 0x0040, 0x0040, 0x02E3, 0x0040, 0x0040, 0x0040, 0x0040, 0x0040, 0x0040, 0x0040, 0x0040, 0x0040, 0x0040, 0x0040,
    },
    {
        0x0040, 0x0040, 0x0C65, 0x0040, 0x0040, 0x0C65, 0x7FF2, 0x0C65, 0x0040, 0x01A2, 0x0040, 0x0040, 0x0040, 0x0040, 0x0040, 0x0040,
        0x0040, 0x0040, 0x1627, 0x0040, 0x0040, 0x1627, 0xD7FB, 0x1627, 0x0040, 0x02E3, 0x0040, 0x0040, 0x0040, 0x0040, 0x0040, 0x0040,
        0x0040, 0x0040, 0x7FF2, 0x0040, 0x0040, 0x378B, 0x0040, 0x7FF2, 0x0040, 0x0C65, 0x0040, 0x02E3, 0x0040, 0x0040, 0x0040, 0x0040,
        0x0040, 0x0040, 0x7FF2, 0x0040, 0x0040, 0x7FF2, 0x0040, 0x7FF2, 0x00E1, 0x1627, 0x0040, 0x0C65, 0x0040, 0x0040, 0x0040, 0x0040,
        0x0040, 0x0040, 0xD7FB, 0x0040, 0x0040, 0xD7FB, 0x0040, 0xD7FB, 0x0C65, 0x7FF2, 0x0040, 0x1627, 0x0040, 0x0040, 0x0040, 0x0040,
        0x0040, 0x0040, 0x0040, 0x0040, 0x0040, 0x0040, 0x0040, 0x0040, 0x02E3, 0x7FF2, 0x02E3, 0x378B, 0x0040, 0x0040, 0x0040, 0x0040,
        0x0040, 0x0040, 0x0040, 0x0040, 0x0040, 0x0040, 0x0040, 0x0040, 0x0C65, 0xD7FB, 0x02E3, 0x7FF2, 0x00E1, 0x0040, 0x0040, 0x0040,
        0x0040, 0x0040, 0x0040, 0x0040, 0x0040, 0x0040, 0x0040, 0x0040, 0x1627, 0x0040, 0x01A2, 0xD7FB, 0x01A2, 0x01A2, 0x0040, 0x0040,
        0x02E3, 0x0040, 0x0040, 0x0040, 0x0040, 0x0040, 0x0040, 0x0040, 0x378B, 0x0040, 0x02E3, 0x0040, 0x02E3, 0x02E3, 0x0040, 0x0040,
        0x01A2, 0x0040, 0x0040, 0x0040, 0x0040, 0x0040, 0x0040, 0x0040, 0x7FF2, 0x0040, 0x0C65, 0x0040, 0x0C65, 0x0C65, 0x0040, 0x0040,
        0x1627, 0x0040, 0x0040, 0x0040, 0x0040, 0x0040, 0x0040, 0x0040, 0xD7FB, 0x0040, 0x1627, 0x0040, 0x1627, 0x1627, 0x0040, 0x02E3,
        0x0C65, 0x0040, 0x0040, 0x0040, 0x0040, 0x0040, 0x0040, 0x0040, 0x0040, 0x0040, 0x378B, 0x0040, 0x378B, 0x378B, 0x0040, 0x0C65,
        0x7FF2, 0x0040, 0x0040, 0x0040, 0x0040, 0x0040, 0x0040, 0x0040, 0x0040, 0x0040, 0x7FF2, 0x0040, 0x7FF2, 0x7FF2, 0x0040, 0x1627,
        0x378B, 0x0040, 0x0040, 0x0040, 0x0040, 0x0040, 0x0040, 0x0040, 0x0040, 0x0040, 0xD7FB, 0x0040, 0xD7FB, 0xD7FB, 0x0040, 0x7FF2,
        0x7FF2, 0x0040, 0x0040, 0x0040, 0x0040, 0x0040, 0x0040, 0x0040, 0x0040, 0x0040, 0x0040, 0x0040, 0x0040, 0x0040, 0x0040, 0x7FF2,
        0xD7FB, 0x0040, 0x0040, 0x0040, 0x0040, 0x0040, 0x0040, 0x0040, 0x0040, 0x0040, 0x0040, 0x0040, 0x0040, 0x0040, 0x0040, 0xD7FB,
    },
    {
        0x0040, 0x0040, 0x02E3, 0x0040, 0x0040, 0x0040, 0x1627, 0x02E3, 0x0040, 0x0040, 0x0040, 0x0040, 0x0040, 0x0040, 0xD7FB, 0x0040,
        0x0040, 0x0040, 0x0C65, 0x0040, 0x0040, 0x02E3, 0x7FF2, 0x0C65, 0x0040, 0x00E1, 0x0040, 0x0040, 0x0040, 0x0040, 0x0040, 0x0040,
        0x0040, 0x0040, 0x1627, 0x0040, 0x0040, 0x0C65, 0x7FF2, 0x1627, 0x0040, 0x01A2, 0x0040, 0x0040, 0x0040, 0x0040, 0x0040, 0x0040,
        0x0040, 0x0040, 0x378B, 0x0040, 0x0040, 0x1627, 0xD7FB, 0x7FF2, 0x0040, 0x02E3, 0x0040, 0x02E3, 0x0040, 0x0040, 0x0040, 0x0040,
        0x0040, 0x0040, 0x7FF2, 0x0040, 0x0040, 0x378B, 0x0040, 0x7FF2, 0x02E3, 0x0C65, 0x0040, 0x0C65, 0x0040, 0x0040, 0x0040, 0x0040,
        0x0040, 0x0040, 0xD7FB, 0x0040, 0x0040, 0x7FF2, 0x0040, 0xD7FB, 0x01A2, 0x1627, 0x0040, 0x1627, 0x0040, 0x0040, 0x0040, 0x0040,
        0x0040, 0x0040, 0x0040, 0x0040, 0x0040, 0xD7FB, 0x0040, 0x0040, 0x02E3, 0x378B, 0x00E1, 0x378B, 0x0040, 0x0040, 0x0040, 0x0040,
        0x0040, 0x0040, 0x0040, 0x0040, 0x0040, 0x0040, 0x0040, 0x0040, 0x0C65, 0x7FF2, 0x00E1, 0x7FF2, 0x0040, 0x0040, 0x0040, 0x0040,
        0x0040, 0x0040, 0x0040, 0x0040, 0x0040, 0x0040, 0x0040, 0x0040, 0x1627, 0xD7FB, 0x01A2, 0xD7FB, 0x00E1, 0x01A2, 0x0040, 0x0040,
        0x00E1, 0x0040, 0x0040, 0x0040, 0x0040, 0x0040, 0x0040, 0x0040, 0x378B, 0x0040, 0x02E3, 0x0040, 0x01A2, 0x02E3, 0x0040, 0x0040,
        0x01A2, 0x0040, 0x0040, 0x0040, 0x0040, 0x0040, 0x0040, 0x0040, 0x7FF2, 0x0040, 0x0C65, 0x0040, 0x02E3, 0x378B, 0x0040, 0x0040,
        0x02E3, 0x0040, 0x0040, 0x0040, 0x0040, 0x0040, 0x0040, 0x0040, 0xD7FB, 0x0040, 0x1627, 0x0040, 0x0C65, 0x7FF2, 0x0040, 0x02E3,
        0x0C65, 0x0040, 0x0040, 0x0040, 0x0040, 0x0040, 0x0040, 0x0040, 0x0040, 0x0040, 0x378B, 0x0040, 0x1627, 0x378B, 0x0040, 0x0C65,
        0x1627, 0x0040, 0x0040, 0x0040, 0x0040, 0x0040, 0x0040, 0x0040, 0x0040, 0x0040, 0x7FF2, 0x0040, 0x378B, 0x7FF2, 0x0040, 0x1627,
        0x378B, 0x0040, 0x0040, 0x0040, 0x0040, 0x0040, 0x0040, 0x0040, 0x0040, 0x0040, 0xD7FB, 0x0040, 0x7FF2, 0xD7FB, 0x0040, 0x378B,
        0x7FF2, 0x0040, 0x0040, 0x0040, 0x0040, 0x0040, 0x0040, 0x0040, 0x0040, 0x0040, 0x0040, 0x0040, 0xD7FB, 0x0040, 0x0040, 0x7FF2,
    },
    {
        0x0040, 0x0040, 0x01A2, 0x0040, 0x0040, 0x0040, 0x02E3, 0x01A2, 0x0040, 0x0040, 0x0040, 0x0040, 0x0040, 0x0040, 0x7FF2, 0x0040,
        0x0040, 0x0040, 0x02E3, 0x0040, 0x0040, 0x0040, 0x0C65, 0x02E3, 0x0040, 0x0040, 0x0040, 0x0040, 0x0040, 0x0040, 0xD7FB, 0x0040,
        0x0040, 0x0040, 0x0C65, 0x0040, 0x0040, 0x0040, 0x1627, 0x0C65, 0x0040, 0x0040, 0x0040, 0x0040, 0x0040, 0x0040, 0x0040, 0x0040,
        0x0040, 0x0040, 0x1627, 0x0040, 0x0040, 0x02E3, 0x378B, 0x1627, 0x0040, 0x00E1, 0x0040, 0x0040, 0x0040, 0x0040, 0x0040, 0x0040,
        0x0040, 0x0040, 0x7FF2, 0x0040, 0x0040, 0x378B, 0x7FF2, 0x378B, 0x0040, 0x01A2, 0x0040, 0x02E3, 0x0040, 0x0040, 0x0040, 0x0040,
        0x0040, 0x0040, 0x7FF2, 0x0040, 0x0040, 0x1627, 0xD7FB, 0x7FF2, 0x00E1, 0x02E3, 0x0040, 0x0C65, 0x0040, 0x0040, 0x0040, 0x0040,
        0x0040, 0x0040, 0xD7FB, 0x0040, 0x0040, 0x378B, 0x0040, 0xD7FB, 0x01A2, 0x0C65, 0x0040, 0x1627, 0x0040, 0x0040, 0x0040, 0x0040,
        0x0040, 0x0040, 0x0040, 0x0040, 0x0040, 0x7FF2, 0x0040, 0x0040, 0x02E3, 0x1627, 0x00E1, 0x378B, 0x0040, 0x0040, 0x0040, 0x0040,
        0x0040, 0x0040, 0x0040, 0x0040, 0x0040, 0xD7FB, 0x0040, 0x0040, 0x0C65, 0x7FF2, 0x00E1, 0x7FF2, 0x0040, 0x0040, 0x0040, 0x0040,
        0x0040, 0x0040, 0x0040, 0x0040, 0x0040, 0x0040, 0x0040, 0x0040, 0x1627, 0x7FF2, 0x01A2, 0xD7FB, 0x0040, 0x01A2, 0x0040, 0x0040,
        0x00E1, 0x0040, 0x0040, 0x0040, 0x0040, 0x0040, 0x0040, 0x0040, 0x7FF2, 0xD7FB, 0x02E3, 0x0040, 0x00E1, 0x02E3, 0x0040, 0x0040,
        0x01A2, 0x0040, 0x0040, 0x0040, 0x0040, 0x0040, 0x0040, 0x0040, 0x7FF2, 0x0040, 0x0C65, 0x0040, 0x01A2, 0x0C65, 0x0040, 0x0040,
        0x02E3, 0x0040, 0x0040, 0x0040, 0x0040, 0x0040, 0x0040, 0x0040, 0xD7FB, 0x0040, 0x1627, 0x0040, 0x02E3, 0x1627, 0x0040, 0x02E3,
        0x0C65, 0x0040, 0x0040, 0x0040, 0x0040, 0x0040, 0x0040, 0x0040, 0x0040, 0x0040, 0x378B, 0x0040, 0x0C65, 0x378B, 0x0040, 0x378B,
        0x1627, 0x0040, 0x0040, 0x0040, 0x0040, 0x0040, 0x0040, 0x0040, 0x0040, 0x0040, 0x7FF2, 0x0040, 0x1627, 0x7FF2, 0x0040, 0x1627,
        0x378B, 0x0040, 0x0040, 0x0040, 0x0040, 0x0040, 0x0040, 0x0040, 0x0040, 0x0040, 0xD7FB, 0x0040, 0x378B, 0xD7FB, 0x0040, 0x7FF2,
    },
    {
        0x0040, 0x0040, 0x00E1, 0x0040, 0x0040, 0x0040, 0x0040, 0x00E1, 0x0040, 0x0040, 0x0040, 0x0040, 0x0040, 0x0040, 0x378B, 0x0040,
        0x0040, 0x0040, 0x01A2, 0x0040, 0x0040, 0x0040, 0x0040, 0x01A2, 0x0040, 0x0040, 0x0040, 0x0040, 0x0040, 0x0040, 0x7FF2, 0x0040,
        0x0040, 0x0040, 0x02E3, 0x0040, 0x0040, 0x0040, 0x02E3, 0x02E3, 0x0040, 0x0040, 0x0040, 0x0040, 0x0040, 0x0040, 0xD7FB, 0x0040,
        0x0040, 0x0040, 0x0C65, 0x0040, 0x0040, 0x0040, 0x0C65, 0x0C65, 0x0040, 0x0040, 0x0040, 0x0040, 0x0040, 0x0040, 0x0040, 0x0040,
        0x0040, 0x0040, 0x1627, 0x0040, 0x0040, 0x0040, 0x1627, 0x1627, 0x0040, 0x0040, 0x0040, 0x0040, 0x0040, 0x0040, 0x0040, 0x0040,
        0x0040, 0x0040, 0x7FF2, 0x0040, 0x0040, 0x02E3, 0x378B, 0x378B, 0x0040, 0x00E1, 0x0040, 0x02E3, 0x0040, 0x0040, 0x0040, 0x0040,
        0x0040, 0x0040, 0x7FF2, 0x0040, 0x0040, 0x378B, 0x7FF2, 0x7FF2, 0x00E1, 0x01A2, 0x0040, 0x0C65, 0x0040, 0x0040, 0x0040, 0x0040,
        0x0040, 0x0040, 0xD7FB, 0x0040, 0x0040, 0x1627, 0xD7FB, 0xD7FB, 0x01A2, 0x02E3, 0x0040, 0x1627, 0x0040, 0x0040, 0x0040, 0x0040,
        0x0040, 0x0040, 0x0040, 0x0040, 0x0040, 0x378B, 0x0040, 0x0040, 0x02E3, 0x0C65, 0x00E1, 0x378B, 0x0040, 0x0040, 0x0040, 0x0040,
        0x0040, 0x0040, 0x0040, 0x0040, 0x0040, 0x7FF2, 0x0040, 0x0040, 0x0C65, 0x7FF2, 0x00E1, 0x7FF2, 0x0040, 0x0040, 0x0040, 0x0040,
        0x0040, 0x0040, 0x0040, 0x0040, 0x0040, 0xD7FB, 0x0040, 0x0040, 0x1627, 0x378B, 0x01A2, 0xD7FB, 0x0040, 0x01A2, 0x0040, 0x0040,
        0x00E1, 0x0040, 0x0040, 0x0040, 0x0040, 0x0040, 0x0040, 0x0040, 0x378B, 0x7FF2, 0x02E3, 0x0040, 0x0040, 0x02E3, 0x0040, 0x0040,
        0x01A2, 0x0040, 0x0040, 0x0040, 0x0040, 0x0040, 0x0040, 0x0040, 0x7FF2, 0xD7FB, 0x0C65, 0x0040, 0x02E3, 0x0C65, 0x0040, 0x0040,
        0x02E3, 0x0040, 0x0040, 0x0040, 0x0040, 0x0040, 0x0040, 0x0040, 0xD7FB, 0x0040, 0x1627, 0x0040, 0x01A2, 0x1627, 0x0040, 0x02E3,
        0x0C65, 0x0040, 0x0040, 0x0040, 0x0040, 0x0040, 0x0040, 0x0040, 0x0040, 0x0040, 0x378B, 0x0040, 0x02E3, 0x378B, 0x0040, 0x378B,
        0x1627, 0x0040, 0x0040, 0x0040, 0x0040, 0x0040, 0x0040, 0x0040, 0x0040, 0x0040, 0x7FF2, 0x0040, 0x0C65, 0x7FF2, 0x0040, 0x1627,
    },
    {
        0x0040, 0x0040, 0x0040, 0xD7FB, 0x0040, 0x0040, 0x0040, 0x00E1, 0x0040, 0x0040, 0x0040, 0x0040, 0x0040, 0x0040, 0x1627, 0x0040,
        0x0040, 0x0040, 0x00E1, 0x0040, 0x0040, 0x0040, 0x0040, 0x00E1, 0x0040, 0x0040, 0x0040, 0x0040, 0x0040, 0x0040, 0x378B, 0x0040,
        0x0040, 0x0040, 0x01A2, 0x0040, 0x0040, 0x0040, 0x0040, 0x01A2, 0x0040, 0x0040, 0x0040, 0x0040, 0x0040, 0x0040, 0x7FF2, 0x0040,
        0x0040, 0x0040, 0x02E3, 0x0040, 0x0040, 0x0040, 0x0040, 0x1627, 0x0040, 0x0040, 0x0040, 0x0040, 0x0040, 0x0040, 0xD7FB, 0x0040,
        0x0040, 0x0040, 0x0C65, 0x0040, 0x0040, 0x0040, 0x02E3, 0x0C65, 0x0040, 0x0040, 0x0040, 0x0040, 0x0040, 0x0040, 0x0040, 0x0040,
        0x0040, 0x0040, 0x1627, 0x0040, 0x0040, 0x0040, 0x0C65, 0x1627, 0x0040, 0x0040, 0x0040, 0x0040, 0x0040, 0x0040, 0x0040, 0x0040,
        0x0040, 0x0040, 0x378B, 0x0040, 0x0040, 0x0040, 0x1627, 0x7FF2, 0x0040, 0x0040, 0x0040, 0x02E3, 0x0040, 0x0040, 0x0040, 0x0040,
        0x0040, 0x0040, 0x7FF2, 0x0040, 0x0040, 0x02E3, 0x378B, 0x7FF2, 0x00E1, 0x00E1, 0x0040, 0x0C65, 0x0040, 0x0040, 0x0040, 0x0040,
        0x0040, 0x0040, 0xD7FB, 0x0040, 0x0040, 0x0C65, 0x7FF2, 0xD7FB, 0x01A2, 0x01A2, 0x0040, 0x1627, 0x0040, 0x0040, 0x0040, 0x0040,
        0x0040, 0x0040, 0x0040, 0x0040, 0x0040, 0x7FF2, 0xD7FB, 0x0040, 0x02E3, 0x02E3, 0x00E1, 0x378B, 0x0040, 0x0040, 0x0040, 0x0040,
        0x0040, 0x0040, 0x0040, 0x0040, 0x0040, 0x378B, 0x0040, 0x0040, 0x0C65, 0x0C65, 0x00E1, 0x7FF2, 0x0040, 0x0040, 0x0040, 0x0040,
        0x0040, 0x0040, 0x0040, 0x0040, 0x0040, 0x7FF2, 0x0040, 0x0040, 0x1627, 0x1627, 0x01A2, 0xD7FB, 0x0040, 0x01A2, 0x0040, 0x0040,
        0x00E1, 0x0040, 0x0040, 0x0040, 0x0040, 0xD7FB, 0x0040, 0x0040, 0x378B, 0x378B, 0x02E3, 0x0040, 0x0040, 0x02E3, 0x0040, 0x0040,
        0x01A2, 0x0040, 0x0040, 0x0040, 0x0040, 0x0040, 0x0040, 0x0040, 0x7FF2, 0x7FF2, 0x0C65, 0x0040, 0x0040, 0x0C65, 0x0040, 0x0040,
        0x1627, 0x0040, 0x0040, 0x0040, 0x0040, 0x0040, 0x0040, 0x0040, 0xD7FB, 0xD7FB, 0x1627, 0x0040, 0x00E1, 0x1627, 0x0040, 0x1627,
        0x0C65, 0x0040, 0x0040, 0x0040, 0x0040, 0x0040, 0x0040, 0x0040, 0x0040, 0x0040, 0x378B, 0x0040, 0x01A2, 0x378B, 0x0040, 0x378B,
    },
    {
        0x0040, 0xD7FB, 0x0040, 0x7FF2, 0x0040, 0x0040, 0x0040, 0x0040, 0x0040, 0x0040, 0x0040, 0x0040, 0x0040, 0x0040, 0x0C65, 0x0040,
        0x0040, 0x0040, 0x0040, 0xD7FB, 0x0040, 0x0040, 0x0040, 0x00E1, 0x0040, 0x0040, 0x0040, 0x0040, 0x0040, 0x0040, 0x1627, 0x0040,
        0x0040, 0x0040, 0x00E1, 0x0040, 0x0040, 0x0040, 0x0040, 0x00E1, 0x0040, 0x0040, 0x0040, 0x0040, 0x0040, 0x0040, 0x378B, 0x0040,
        0x0040, 0x0040, 0x01A2, 0x0040, 0x0040, 0x0040, 0x0040, 0x01A2, 0x0040, 0x0040, 0x0040, 0x0040, 0x0040, 0x0040, 0x7FF2, 0x0040,
        0x0040, 0x0040, 0x02E3, 0x0040, 0x0040, 0x0040, 0x0040, 0x02E3, 0x0040, 0x0040, 0x0040, 0x0040, 0x0040, 0x0040, 0xD7FB, 0x0040,
        0x0040, 0x0040, 0x0C65, 0x0040, 0x0040, 0x0040, 0x0040, 0x0C65, 0x0040, 0x0040, 0x0040, 0x0040, 0x0040, 0x0040, 0x0040, 0x0040,
        0x0040, 0x0040, 0x1627, 0x0040, 0x0040, 0x0040, 0x02E3, 0x1627, 0x0040, 0x0040, 0x0040, 0x0040, 0x0040, 0x0040, 0x0040, 0x0040,
        0x0040, 0x0040, 0x378B, 0x0040, 0x0040, 0x0040, 0x0C65, 0x378B, 0x0040, 0x0040, 0x0040, 0x02E3, 0x0040, 0x0040, 0x0040, 0x0040,
        0x0040, 0x0040, 0x7FF2, 0x0040, 0x0040, 0x0040, 0x7FF2, 0x7FF2, 0x00E1, 0x0040, 0x0040, 0x0C65, 0x0040, 0x0040, 0x0040, 0x0040,
        0x0040, 0x0040, 0xD7FB, 0x0040, 0x0040, 0x02E3, 0x378B, 0xD7FB, 0x0C65, 0x00E1, 0x0040, 0x1627, 0x0040, 0x0040, 0x0040, 0x0040,
        0x0040, 0x0040, 0x0040, 0x0040, 0x0040, 0x0C65, 0x7FF2, 0x0040, 0x02E3, 0x01A2, 0x00E1, 0x378B, 0x0040, 0x0040, 0x0040, 0x0040,
        0x0040, 0x0040, 0x0040, 0x0040, 0x0040, 0x1627, 0xD7FB, 0x0040, 0x0C65, 0x02E3, 0x00E1, 0x7FF2, 0x0040, 0x0040, 0x0040, 0x0040,
        0x0040, 0x0040, 0x0040, 0x0040, 0x0040, 0x378B, 0x0040, 0x0040, 0x1627, 0x0C65, 0x01A2, 0xD7FB, 0x0040, 0x01A2, 0x0040, 0x0040,
        0x00E1, 0x0040, 0x0040, 0x0040, 0x0040, 0x7FF2, 0x0040, 0x0040, 0x378B, 0x1627, 0x02E3, 0x0040, 0x0040, 0x02E3, 0x0040, 0x0040,
        0x0C65, 0x0040, 0x0040, 0x0040, 0x0040, 0xD7FB, 0x0040, 0x0040, 0x7FF2, 0x378B, 0x0C65, 0x0040, 0x0040, 0x0C65, 0x0040, 0x0040,
        0x02E3, 0x0040, 0x0040, 0x0040, 0x0040, 0x0040, 0x0040, 0x0040, 0xD7FB, 0x7FF2, 0x1627, 0x0040, 0x0040, 0x1627, 0x0040, 0x02E3,
    },
    {
        0x0040, 0x7FF2, 0x0040, 0x378B, 0x0040, 0x0040, 0x0040, 0x0040, 0x0040, 0x0040, 0x0040, 0x0040, 0x0040, 0x0040, 0x02E3, 0x0040,
        0x0040, 0xD7FB, 0x0040, 0x7FF2, 0x0040, 0x0040, 0x0040, 0x0040, 0x0040, 0x0040, 0x0040, 0x0040, 0x0040, 0x0040, 0x0C65, 0x0040,
        0x0040, 0x0040, 0x0040, 0xD7FB, 0x0040, 0x0040, 0x0040, 0x00E1, 0x0040, 0x0040, 0x0040, 0x0040, 0x0040, 0x0040, 0x1627, 0x0040,
        0x0040, 0x0040, 0x00E1, 0x0040, 0x0040, 0x0040, 0x0040, 0x00E1, 0x0040, 0x0040, 0x0040, 0x0040, 0x0040, 0x0040, 0x378B, 0x0040,
        0x0040, 0x0040, 0x01A2, 0x0040, 0x0040, 0x0040, 0x0040, 0x01A2, 0x0040, 0x0040, 0x0040, 0x0040, 0x0040, 0x0040, 0x7FF2, 0x0040,
        0x0040, 0x0040, 0x02E3, 0x0040, 0x0040, 0x0040, 0x0040, 0x02E3, 0x0040, 0x0040, 0x0040, 0x0040, 0x0040, 0x0040, 0xD7FB, 0x0040,
        0x0040, 0x0040, 0x0C65, 0x0040, 0x0040, 0x0040, 0x0040, 0x0C65, 0x0040, 0x0040, 0x0040, 0x0040, 0x0040, 0x0040, 0x0040, 0x0040,
        0x0040, 0x0040, 0x1627, 0x0040, 0x0040, 0x0040, 0x0040, 0x1627, 0x0040, 0x0040, 0x0040, 0x0040, 0x0040, 0x0040, 0x0040, 0x0040,
        0x0040, 0x0040, 0x378B, 0x0040, 0x0040, 0x0040, 0x02E3, 0x378B, 0x0040, 0x0040, 0x0040, 0x02E3, 0x0040, 0x0040, 0x0040, 0x0040,
        0x0040, 0x0040, 0x7FF2, 0x0040, 0x0040, 0x0040, 0x0C65, 0x7FF2, 0x00E1, 0x0040, 0x0040, 0x0C65, 0x0040, 0x0040, 0x0040, 0x0040,
        0x0040, 0x0040, 0xD7FB, 0x0040, 0x0040, 0x0040, 0x7FF2, 0xD7FB, 0x01A2, 0x0040, 0x0040, 0x1627, 0x0040, 0x0040, 0x0040, 0x0040,
        0x0040, 0x0040, 0x0040, 0x0040, 0x0040, 0x1627, 0x378B, 0x0040, 0x02E3, 0x00E1, 0x00E1, 0x378B, 0x0040, 0x0040, 0x0040, 0x0040,
        0x0040, 0x0040, 0x0040, 0x0040, 0x0040, 0x0C65, 0x7FF2, 0x0040, 0x0C65, 0x01A2, 0x00E1, 0x7FF2, 0x0040, 0x0040, 0x0040, 0x0040,
        0x0040, 0x0040, 0x0040, 0x0040, 0x0040, 0x1627, 0xD7FB, 0x0040, 0x1627, 0x1627, 0x01A2, 0xD7FB, 0x0040, 0x01A2, 0x0040, 0x0040,
        0x00E1, 0x0040, 0x0040, 0x0040, 0x0040, 0x378B, 0x0040, 0x0040, 0x378B, 0x0C65, 0x02E3, 0x0040, 0x0040, 0x02E3, 0x0040, 0x0040,
        0x01A2, 0x0040, 0x0040, 0x0040, 0x0040, 0x7FF2, 0x0040, 0x0040, 0x7FF2, 0x1627, 0x0C65, 0x0040, 0x0040, 0x0C65, 0x0040, 0x0040,
    },
    {
        0x0040, 0x378B, 0x0040, 0x1627, 0x0040, 0x0040, 0x0040, 0x0040, 0x0040, 0x0040, 0x0040, 0x0040, 0x0040, 0x0040, 0x01A2, 0x0040,
        0x0040, 0x7FF2, 0x0040, 0x378B, 0x0040, 0x0040, 0x0040, 0x0040, 0x0040, 0x0040, 0x0040, 0x0040, 0x0040, 0x0040, 0x02E3, 0x0040,
        0x0040, 0xD7FB, 0x0040, 0x7FF2, 0x0040, 0x0040, 0x0040, 0x0040, 0x0040, 0x0040, 0x0040, 0x0040, 0x0040, 0x0040, 0x0C65, 0x0040,
        0x0040, 0x0040, 0x0040, 0xD7FB, 0x0040, 0x0040, 0x0040, 0x00E1, 0x0040, 0x0040, 0x0040, 0x0040, 0x0040, 0x0040, 0x1627, 0x0040,
        0x0040, 0x0040, 0x00E1, 0x0040, 0x0040, 0x0040, 0x0040, 0x00E1, 0x0040, 0x0040, 0x0040, 0x0040, 0x0040, 0x0040, 0x378B, 0x0040,
        0x0040, 0x0040, 0x01A2, 0x0040, 0x0040, 0x0040, 0x0040, 0x01A2, 0x0040, 0x0040, 0x0040, 0x0040, 0x0040, 0x0040, 0x7FF2, 0x0040,
        0x0040, 0x0040, 0x02E3, 0x0040, 0x0040, 0x0040, 0x0040, 0x02E3, 0x0040, 0x0040, 0x0040, 0x0040, 0x0040, 0x0040, 0xD7FB, 0x0040,
        0x0040, 0x0040, 0x0C65, 0x0040, 0x0040, 0x0040, 0x0040, 0x0C65, 0x0040, 0x0040, 0x0040, 0x0040, 0x0040, 0x0040, 0x0040, 0x0040,
        0x0040, 0x0040, 0x1627, 0x0040, 0x0040, 0x0040, 0x0040, 0x7FF2, 0x0040, 0x0040, 0x0040, 0x0040, 0x0040, 0x0040, 0x0040, 0x0040,
        0x0040, 0x0040, 0x7FF2, 0x0040, 0x0040, 0x0040, 0x0040, 0x378B, 0x0040, 0x0040, 0x0040, 0x1627, 0x0040, 0x0040, 0x0040, 0x0040,
        0x0040, 0x0040, 0x7FF2, 0x0040, 0x0040, 0x0040, 0x02E3, 0x7FF2, 0x00E1, 0x0040, 0x0040, 0x0C65, 0x0040, 0x0040, 0x0040, 0x0040,
        0x0040, 0x0040, 0xD7FB, 0x0040, 0x0040, 0x0040, 0x0C65, 0xD7FB, 0x01A2, 0x0040, 0x0040, 0x1627, 0x0040, 0x0040, 0x0040, 0x0040,
        0x0040, 0x0040, 0x0040, 0x0040, 0x0040, 0x0040, 0x1627, 0x0040, 0x02E3, 0x0040, 0x00E1, 0x378B, 0x0040, 0x0040, 0x0040, 0x0040,
        0x0040, 0x0040, 0x0040, 0x0040, 0x0040, 0x02E3, 0x378B, 0x0040, 0x0C65, 0x00E1, 0x00E1, 0x7FF2, 0x0040, 0x0040, 0x0040, 0x0040,
        0x0040, 0x0040, 0x0040, 0x0040, 0x0040, 0x0C65, 0x7FF2, 0x0040, 0x1627, 0x0C65, 0x0C65, 0xD7FB, 0x0040, 0x01A2, 0x0040, 0x0040,
        0x00E1, 0x0040, 0x0040, 0x0040, 0x0040, 0x1627, 0xD7FB, 0x0040, 0x378B, 0x02E3, 0x02E3, 0x0040, 0x0040, 0x02E3, 0x0040, 0x0040,
    },
    {
        0x0040, 0x1627, 0x0040, 0x0C65, 0x0040, 0x0040, 0x0040, 0x0040, 0x0040, 0x0040, 0x0040, 0x0040, 0x0040, 0x0040, 0x0040, 0x0040,
        0x0040, 0x378B, 0x0040, 0x1627, 0x0040, 0x0040, 0x0040, 0x0040, 0x0040, 0x0040, 0x0040, 0x0040, 0x0040, 0x0040, 0x01A2, 0x0040,
        0x0040, 0x7FF2, 0x0040, 0x378B, 0x0040, 0x0040, 0x0040, 0x0040, 0x0040, 0x0040, 0x0040, 0x0040, 0x0040, 0x0040, 0x02E3, 0x0040,
        0x0040, 0xD7FB, 0x0040, 0x7FF2, 0x0040, 0x0040, 0x0040, 0x0040, 0x0040, 0x0040, 0x0040, 0x0040, 0x0040, 0x0040, 0x0C65, 0x0040,
        0x0040, 0x0040, 0x0040, 0xD7FB, 0x0040, 0x0040, 0x0040, 0x00E1, 0x0040, 0x0040, 0x0040, 0x0040, 0x0040, 0x0040, 0x7FF2, 0x0040,
        0x0040, 0x0040, 0x00E1, 0x0040, 0x0040, 0x0040, 0x0040, 0x00E1, 0x0040, 0x0040, 0x0040, 0x0040, 0x0040, 0x0040, 0x378B, 0x0040,
        0x0040, 0x0040, 0x01A2, 0x0040, 0x0040, 0x0040, 0x0040, 0x01A2, 0x0040, 0x0040, 0x0040, 0x0040, 0x0040, 0x0040, 0x7FF2, 0x0040,
        0x0040, 0x0040, 0x02E3, 0x0040, 0x0040, 0x0040, 0x0040, 0x02E3, 0x0040, 0x0040, 0x0040, 0x0040, 0x0040, 0x0040, 0xD7FB, 0x0040,
        0x0040, 0x0040, 0x0C65, 0x0040, 0x0040, 0x0040, 0x0040, 0x0C65, 0x0040, 0x0040, 0x0040, 0x0040, 0x0040, 0x0040, 0x0040, 0x0040,
        0x0040, 0x0040, 0x1627, 0x0040, 0x0040, 0x0040, 0x0040, 0x1627, 0x0040, 0x0040, 0x0040, 0x0040, 0x0040, 0x0040, 0x0040, 0x0040,
        0x0040, 0x0040, 0x378B, 0x0040, 0x0040, 0x0040, 0x0040, 0x378B, 0x0040, 0x0040, 0x0040, 0x02E3, 0x0040, 0x0040, 0x0040, 0x0040,
        0x0040, 0x0040, 0x7FF2, 0x0040, 0x0040, 0x0040, 0x0040, 0x7FF2, 0x00E1, 0x0040, 0x0040, 0x0C65, 0x0040, 0x0040, 0x0040, 0x0040,
        0x0040, 0x0040, 0xD7FB, 0x0040, 0x0040, 0x0040, 0x02E3, 0xD7FB, 0x01A2, 0x0040, 0x0040, 0x1627, 0x0040, 0x0040, 0x0040, 0x0040,
        0x0040, 0x0040, 0x0040, 0x0040, 0x0040, 0x0040, 0x0C65, 0x0040, 0x02E3, 0x0040, 0x00E1, 0x378B, 0x0040, 0x0040, 0x0040, 0x0040,
        0x0040, 0x0040, 0x0040, 0x0040, 0x0040, 0x0040, 0x1627, 0x0040, 0x0C65, 0x0040, 0x00E1, 0x7FF2, 0x0040, 0x0040, 0x0040, 0x0040,
        0x0040, 0x0040, 0x0040, 0x0040, 0x0040, 0x02E3, 0x378B, 0x0040, 0x1627, 0x00E1, 0x01A2, 0xD7FB, 0x0040, 0x01A2, 0x0040, 0x0040,
    },
    {
        0x0040, 0x0C65, 0x0040, 0x02E3, 0x0040, 0x0040, 0x0040, 0x0040, 0x0040, 0x0040, 0x0040, 0x0040, 0x0040, 0x0040, 0x0040, 0x0040,
        0x0040, 0x1627, 0x0040, 0x0C65, 0x0040, 0x0040, 0x0040, 0x0040, 0x0040, 0x0040, 0x0040, 0x0040, 0x0040, 0x0040, 0x0040, 0x0040,
        0x0040, 0x378B, 0x0040, 0x1627, 0x0040, 0x0040, 0x0040, 0x0040, 0x0040, 0x0040, 0x0040, 0x0040, 0x0040, 0x0040, 0x01A2, 0x0040,
        0x0040, 0x7FF2, 0x0040, 0x378B, 0x0040, 0x0040, 0x0040, 0x0040, 0x0040, 0x0040, 0x0040, 0x0040, 0x0040, 0x0040, 0x1627, 0x0040,
        0x0040, 0xD7FB, 0x0040, 0x7FF2, 0x0040, 0x0040, 0x0040, 0x0040, 0x0040, 0x0040, 0x0040, 0x0040, 0x0040, 0x0040, 0x0C65, 0x0040,
        0x0040, 0x0040, 0x0040, 0xD7FB, 0x0040, 0x0040, 0x0040, 0x00E1, 0x0040, 0x0040, 0x0040, 0x0040, 0x0040, 0x0040, 0x1627, 0x0040,
        0x0040, 0x0040, 0x00E1, 0x0040, 0x0040, 0x0040, 0x0040, 0x02E3, 0x0040, 0x0040, 0x0040, 0x0040, 0x0040, 0x0040, 0x378B, 0x0040,
        0x0040, 0x0040, 0x01A2, 0x0040, 0x0040, 0x0040, 0x0040, 0x01A2, 0x0040, 0x0040, 0x0040, 0x0040, 0x0040, 0x0040, 0x7FF2, 0x0040,
        0x0040, 0x0040, 0x02E3, 0x0040, 0x0040, 0x0040, 0x0040, 0x02E3, 0x0040, 0x0040, 0x0040, 0x0040, 0x0040, 0x0040, 0xD7FB, 0x0040,
        0x0040, 0x0040, 0x0C65, 0x0040, 0x0040, 0x0040, 0x0040, 0x378B, 0x0040, 0x0040, 0x0040, 0x0040, 0x0040, 0x0040, 0x0040, 0x0040,
        0x0040, 0x0040, 0x1627, 0x0040, 0x0040, 0x0040, 0x0040, 0x1627, 0x0040, 0x0040, 0x0040, 0x0040, 0x0040, 0x0040, 0x0040, 0x0040,
        0x0040, 0x0040, 0x378B, 0x0040, 0x0040, 0x0040, 0x0040, 0x378B, 0x0040, 0x0040, 0x0040, 0x02E3, 0x0040, 0x0040, 0x0040, 0x0040,
        0x0040, 0x0040, 0x7FF2, 0x0040, 0x0040, 0x0040, 0x0040, 0x7FF2, 0x00E1, 0x0040, 0x0040, 0x0C65, 0x0040, 0x0040, 0x0040, 0x0040,
        0x0040, 0x0040, 0xD7FB, 0x0040, 0x0040, 0x0040, 0x0040, 0xD7FB, 0x01A2, 0x0040, 0x0040, 0x1627, 0x0040, 0x0040, 0x0040, 0x0040,
        0x0040, 0x0040, 0x0040, 0x0040, 0x0040, 0x0040, 0x02E3, 0x0040, 0x02E3, 0x0040, 0x00E1, 0x7FF2, 0x0040, 0x0040, 0x0040, 0x0040,
        0x0040, 0x0040, 0x0040, 0x0040, 0x0040, 0x0040, 0x378B, 0x0040, 0x0C65, 0x0040, 0x00E1, 0x7FF2, 0x0040, 0x0040, 0x0040, 0x0040,
    },
    {
        0x0040, 0x02E3, 0x0040, 0x0C65, 0x0040, 0x0040, 0x0040, 0x0040, 0x0040, 0x0040, 0x0040, 0x0040, 0x7FF2, 0x0040, 0x0040, 0x0040,
        0x0040, 0x378B, 0x0040, 0x02E3, 0x0040, 0x0040, 0x0040, 0x0040, 0x0040, 0x0040, 0x0040, 0x0040, 0xD7FB, 0x0040, 0x0040, 0x0040,
        0x0040, 0x1627, 0x0040, 0x0C65, 0x0040, 0x0040, 0x0040, 0x0040, 0x0040, 0x0040, 0x0040, 0x0040, 0x0040, 0x0040, 0x0040, 0x0040,
        0x0040, 0x378B, 0x0040, 0x1627, 0x0040, 0x0040, 0x0040, 0x0040, 0x0040, 0x0040, 0x0040, 0x0040, 0x0040, 0x0040, 0x01A2, 0x0040,
        0x0040, 0x7FF2, 0x0040, 0x378B, 0x0040, 0x0040, 0x0040, 0x0040, 0x0040, 0x0040, 0x0040, 0x0040, 0x0040, 0x0040, 0x02E3, 0x0040,
        0x0040, 0xD7FB, 0x0040, 0x7FF2, 0x0040, 0x0040, 0x0040, 0x0040, 0x0040, 0x0040, 0x0040, 0x0040, 0x0040, 0x0040, 0x0C65, 0x0040,
        0x0040, 0x0040, 0x0040, 0xD7FB, 0x0040, 0x0040, 0x0040, 0x00E1, 0x0040, 0x0040, 0x0040, 0x0040, 0x0040, 0x0040, 0x7FF2, 0x0040,
        0x0040, 0x0040, 0x00E1, 0x0040, 0x0040, 0x0040, 0x0040, 0x00E1, 0x0040, 0x0040, 0x0040, 0x0040, 0x0040, 0x0040, 0x378B, 0x0040,
        0x0040, 0x0040, 0x01A2, 0x0040, 0x0040, 0x0040, 0x0040, 0x01A2, 0x0040, 0x0040, 0x0040, 0x0040, 0x0040, 0x0040, 0x7FF2, 0x0040,
        0x0040, 0x0040, 0x02E3, 0x0040, 0x0040, 0x0040, 0x0040, 0x02E3, 0x0040, 0x0040, 0x0040, 0x0040, 0x0040, 0x0040, 0xD7FB, 0x0040,
        0x0040, 0x0040, 0x0C65, 0x0040, 0x0040, 0x0040, 0x0040, 0x0C65, 0x0040, 0x0040, 0x0040, 0x0040, 0x0040, 0x0040, 0x0040, 0x0040,
        0x0040, 0x0040, 0x7FF2, 0x0040, 0x0040, 0x0040, 0x0040, 0x1627, 0x0040, 0x0040, 0x0040, 0x0040, 0x0040, 0x0040, 0x0040, 0x0040,
        0x0040, 0x0040, 0x378B, 0x0040, 0x0040, 0x0040, 0x0040, 0x7FF2, 0x0040, 0x0040, 0x0040, 0x02E3, 0x0040, 0x0040, 0x0040, 0x0040,
        0x0040, 0x0040, 0x7FF2, 0x0040, 0x0040, 0x0040, 0x0040, 0x7FF2, 0x00E1, 0x0040, 0x0040, 0x378B, 0x0040, 0x0040, 0x0040, 0x0040,
        0x0040, 0x0040, 0xD7FB, 0x0040, 0x0040, 0x0040, 0x0040, 0xD7FB, 0x0C65, 0x0040, 0x0040, 0x1627, 0x0040, 0x0040, 0x0040, 0x0040,
        0x0040, 0x0040, 0x0040, 0x0040, 0x0040, 0x0040, 0x0040, 0x0040, 0x02E3, 0x0040, 0x02E3, 0x378B, 0x0040, 0x0040, 0x0040, 0x0040,
    },
    {
        0x0040, 0x01A2, 0x0040, 0x00E1, 0xD7FB, 0x0040, 0x0040, 0x0040, 0x0040, 0x0040, 0x0040, 0x0040, 0x1627, 0x0040, 0x0040, 0x0040,
        0x0040, 0x02E3, 0x0040, 0x01A2, 0x0040, 0x0040, 0x0040, 0x0040, 0x0040, 0x0040, 0x0040, 0x0040, 0x7FF2, 0x0040, 0x0040, 0x0040,
        0x0040, 0x0C65, 0x0040, 0x02E3, 0x0040, 0x0040, 0x0040, 0x0040, 0x0040, 0x0040, 0x0040, 0x0040, 0x7FF2, 0x0040, 0x0040, 0x0040,
        0x0040, 0x1627, 0x0040, 0x0C65, 0x0040, 0x0040, 0x0040, 0x0040, 0x0040, 0x0040, 0x0040, 0x0040, 0xD7FB, 0x0040, 0x0040, 0x0040,
        0x0040, 0x378B, 0x0040, 0x1627, 0x0040, 0x0040, 0x0040, 0x0040, 0x0040, 0x0040, 0x0040, 0x0040, 0x0040, 0x0040, 0x01A2, 0x0040,
        0x0040, 0x7FF2, 0x0040, 0x7FF2, 0x0040, 0x0040, 0x0040, 0x0040, 0x0040, 0x0040, 0x0040, 0x0040, 0x0040, 0x0040, 0x02E3, 0x0040,
        0x0040, 0xD7FB, 0x0040, 0x7FF2, 0x0040, 0x0040, 0x0040, 0x0040, 0x0040, 0x0040, 0x0040, 0x0040, 0x0040, 0x0040, 0x0C65, 0x0040,
        0x0040, 0x0040, 0x0040, 0xD7FB, 0x0040, 0x0040, 0x0040, 0x00E1, 0x0040, 0x0040, 0x0040, 0x0040, 0x0040, 0x0040, 0x1627, 0x0040,
        0x0040, 0x0040, 0x00E1, 0x0040, 0x0040, 0x0040, 0x0040, 0x00E1, 0x0040, 0x0040, 0x0040, 0x0040, 0x0040, 0x0040, 0x378B, 0x0040,
        0x0040, 0x0040, 0x0C65, 0x0040, 0x0040, 0x0040, 0x0040, 0x0C65, 0x0040, 0x0040, 0x0040, 0x0040, 0x0040, 0x0040, 0x7FF2, 0x0040,
        0x0040, 0x0040, 0x02E3, 0x0040, 0x0040, 0x0040, 0x0040, 0x02E3, 0x0040, 0x0040, 0x0040, 0x0040, 0x0040, 0x0040, 0xD7FB, 0x0040,
        0x0040, 0x0040, 0x0C65, 0x0040, 0x0040, 0x0040, 0x0040, 0x0C65, 0x0040, 0x0040, 0x0040, 0x0040, 0x0040, 0x0040, 0x0040, 0x0040,
        0x0040, 0x0040, 0x7FF2, 0x0040, 0x0040, 0x0040, 0x0040, 0x1627, 0x0040, 0x0040, 0x0040, 0x0040, 0x0040, 0x0040, 0x0040, 0x0040,
        0x0040, 0x0040, 0x378B, 0x0040, 0x0040, 0x0040, 0x0040, 0x378B, 0x0040, 0x0040, 0x0040, 0x02E3, 0x0040, 0x0040, 0x0040, 0x0040,
        0x0040, 0x0040, 0x7FF2, 0x0040, 0x0040, 0x0040, 0x0040, 0x7FF2, 0x00E1, 0x0040, 0x0040, 0x0C65, 0x0040, 0x0040, 0x0040, 0x0040,
        0x0040, 0x0040, 0xD7FB, 0x0040, 0x0040, 0x0040, 0x0040, 0xD7FB, 0x01A2, 0x0040, 0x0040, 0x1627, 0x0040, 0x0040, 0x0040, 0x0040,
    },
    {
        0x0040, 0x00E1, 0x0040, 0x0040, 0x7FF2, 0x0040, 0x0040, 0x0040, 0x0040, 0x0040, 0x0040, 0x0040, 0x02E3, 0x0040, 0x0040, 0x0040,
        0x0040, 0x01A2, 0x0040, 0x00E1, 0xD7FB, 0x0040, 0x0040, 0x0040, 0x0040, 0x0040, 0x0040, 0x0040, 0x0C65, 0x0040, 0x0040, 0x0040,
        0x0040, 0x02E3, 0x0040, 0x01A2, 0x0040, 0x0040, 0x0040, 0x0040, 0x0040, 0x0040, 0x0040, 0x0040, 0x1627, 0x0040, 0x0040, 0x0040,
        0x0040, 0x378B, 0x0040, 0x02E3, 0x0040, 0x0040, 0x0040, 0x0040, 0x0040, 0x0040, 0x0040, 0x0040, 0x378B, 0x0040, 0x0040, 0x0040,
        0x0040, 0x1627, 0x0040, 0x0C65, 0x0040, 0x0040, 0x0040, 0x0040, 0x0040, 0x0040, 0x0040, 0x0040, 0x7FF2, 0x0040, 0x0040, 0x0040,
        0x0040, 0x378B, 0x0040, 0x1627, 0x0040, 0x0040, 0x0040, 0x0040, 0x0040, 0x0040, 0x0040, 0x0040, 0xD7FB, 0x0040, 0x0C65, 0x0040,
        0x0040, 0x7FF2, 0x0040, 0x378B, 0x0040, 0x0040, 0x0040, 0x0040, 0x0040, 0x0040, 0x0040, 0x0040, 0x0040, 0x0040, 0x02E3, 0x0040,
        0x0040, 0xD7FB, 0x0040, 0x7FF2, 0x0040, 0x0040, 0x0040, 0x0040, 0x0040, 0x0040, 0x0040, 0x0040, 0x0040, 0x0040, 0x0C65, 0x0040,
        0x0040, 0x0040, 0x0040, 0xD7FB, 0x0040, 0x0040, 0x0040, 0x02E3, 0x0040, 0x0040, 0x0040, 0x0040, 0x0040, 0x0040, 0x1627, 0x0040,
        0x0040, 0x0040, 0x00E1, 0x0040, 0x0040, 0x0040, 0x0040, 0x00E1, 0x0040, 0x0040, 0x0040, 0x0040, 0x0040, 0x0040, 0x378B, 0x0040,
        0x0040, 0x0040, 0x01A2, 0x0040, 0x0040, 0x0040, 0x0040, 0x01A2, 0x0040, 0x0040, 0x0040, 0x0040, 0x0040, 0x0040, 0x7FF2, 0x0040,
        0x0040, 0x0040, 0x1627, 0x0040, 0x0040, 0x0040, 0x0040, 0x02E3, 0x0040, 0x0040, 0x0040, 0x0040, 0x0040, 0x0040, 0xD7FB, 0x0040,
        0x0040, 0x0040, 0x0C65, 0x0040, 0x0040, 0x0040, 0x0040, 0x0C65, 0x0040, 0x0040, 0x0040, 0x0040, 0x0040, 0x0040, 0x0040, 0x0040,
        0x0040, 0x0040, 0x1627, 0x0040, 0x0040, 0x0040, 0x0040, 0x1627, 0x0040, 0x0040, 0x0040, 0x0040, 0x0040, 0x0040, 0x0040, 0x0040,
        0x0040, 0x0040, 0x378B, 0x0040, 0x0040, 0x0040, 0x0040, 0x378B, 0x0040, 0x0040, 0x0040, 0x02E3, 0x0040, 0x0040, 0x0040, 0x0040,
        0x0040, 0x0040, 0x7FF2, 0x0040, 0x0040, 0x0040, 0x0040, 0x7FF2, 0x00E1, 0x0040, 0x0040, 0x0C65, 0x0040, 0x0040, 0x0040, 0x0040,
    },
    {
        0x0040, 0x0040, 0x0040, 0x0040, 0x378B, 0x0040, 0x0040, 0x0040, 0x0040, 0xD7FB, 0x0040, 0x0040, 0x02E3, 0x0040, 0x0040, 0x0040,
        0x0040, 0x00E1, 0x0040, 0x0040, 0x7FF2, 0x0040, 0x0040, 0x0040, 0x0040, 0x0040, 0x0040, 0x0040, 0x01A2, 0x0040, 0x0040, 0x0040,
        0x0040, 0x01A2, 0x0040, 0x00E1, 0xD7FB, 0x0040, 0x0040, 0x0040, 0x0040, 0x0040, 0x0040, 0x0040, 0x02E3, 0x0040, 0x0040, 0x0040,
        0x0040, 0x02E3, 0x0040, 0x0C65, 0x0040, 0x0040, 0x0040, 0x0040, 0x0040, 0x0040, 0x0040, 0x0040, 0x0C65, 0x0040, 0x0040, 0x0040,
        0x0040, 0x0C65, 0x0040, 0x1627, 0x0040, 0x0040, 0x0040, 0x0040, 0x0040, 0x0040, 0x0040, 0x0040, 0x1627, 0x0040, 0x0040, 0x0040,
        0x0040, 0x1627, 0x0040, 0x0C65, 0x0040, 0x0040, 0x0040, 0x0040, 0x0040, 0x0040, 0x0040, 0x0040, 0x378B, 0x0040, 0x0040, 0x0040,
        0x0040, 0x378B, 0x0040, 0x1627, 0x0040, 0x0040, 0x0040, 0x0040, 0x0040, 0x0040, 0x0040, 0x0040, 0x7FF2, 0x0040, 0x01A2, 0x0040,
        0x0040, 0x7FF2, 0x0040, 0x378B, 0x0040, 0x0040, 0x0040, 0x0040, 0x0040, 0x0040, 0x0040, 0x0040, 0xD7FB, 0x0040, 0x02E3, 0x0040,
        0x0040, 0xD7FB, 0x0040, 0x7FF2, 0x0040, 0x0040, 0x0040, 0x0040, 0x0040, 0x0040, 0x0040, 0x0040, 0x0040, 0x0040, 0x0C65, 0x0040,
        0x0040, 0x0040, 0x0040, 0xD7FB, 0x0040, 0x0040, 0x0040, 0x00E1, 0x0040, 0x0040, 0x0040, 0x0040, 0x0040, 0x0040, 0x1627, 0x0040,
        0x0040, 0x0040, 0x00E1, 0x0040, 0x0040, 0x0040, 0x0040, 0x00E1, 0x0040, 0x0040, 0x0040, 0x0040, 0x0040, 0x0040, 0x378B, 0x0040,
        0x0040, 0x0040, 0x01A2, 0x0040, 0x0040, 0x0040, 0x0040, 0x01A2, 0x0040, 0x0040, 0x0040, 0x0040, 0x0040, 0x0040, 0x7FF2, 0x0040,
        0x0040, 0x0040, 0x02E3, 0x0040, 0x0040, 0x0040, 0x0040, 0x02E3, 0x0040, 0x0040, 0x0040, 0x0040, 0x0040, 0x0040, 0xD7FB, 0x0040,
        0x0040, 0x0040, 0x0C65, 0x0040, 0x0040, 0x0040, 0x0040, 0x0C65, 0x0040, 0x0040, 0x0040, 0x0040, 0x0040, 0x0040, 0x0040, 0x0040,
        0x0040, 0x0040, 0x1627, 0x0040, 0x0040, 0x0040, 0x0040, 0x1627, 0x0040, 0x0040, 0x0040, 0x0040, 0x0040, 0x0040, 0x0040, 0x0040,
        0x0040, 0x0040, 0x7FF2, 0x0040, 0x0040, 0x0040, 0x0040, 0x378B, 0x0040, 0x0040, 0x0040, 0x02E3, 0x0040, 0x0040, 0x0040, 0x0040,
    },
    {
        0x0040, 0x0040, 0x0040, 0x0040, 0x1627, 0xD7FB, 0x0040, 0x0040, 0x0040, 0x7FF2, 0x0040, 0x0040, 0x0040, 0x0040, 0x0040, 0x0040,
        0x0040, 0x0040, 0x0040, 0x0040, 0x378B, 0x0040, 0x0040, 0x0040, 0x0040, 0x7FF2, 0x0040, 0x0040, 0x0040, 0x0040, 0x0040, 0x0040,
        0x0040, 0x00E1, 0x0040, 0x0040, 0x7FF2, 0x0040, 0x0040, 0x0040, 0x0040, 0xD7FB, 0x0040, 0x0040, 0x00E1, 0x0040, 0x0040, 0x0040,
        0x0040, 0x01A2, 0x0040, 0x00E1, 0xD7FB, 0x0040, 0x0040, 0x0040, 0x0040, 0x0040, 0x0040, 0x0040, 0x0C65, 0x0040, 0x0040, 0x0040,
        0x0040, 0x02E3, 0x0040, 0x01A2, 0x0040, 0x0040, 0x0040, 0x0040, 0x0040, 0x0040, 0x0040, 0x0040, 0x02E3, 0x0040, 0x0040, 0x0040,
        0x0040, 0x0C65, 0x0040, 0x02E3, 0x0040, 0x0040, 0x0040, 0x0040, 0x0040, 0x0040, 0x0040, 0x0040, 0x378B, 0x0040, 0x0040, 0x0040,
        0x0040, 0x1627, 0x0040, 0x0C65, 0x0040, 0x0040, 0x0040, 0x0040, 0x0040, 0x0040, 0x0040, 0x0040, 0x1627, 0x0040, 0x0040, 0x0040,
        0x0040, 0x378B, 0x0040, 0x1627, 0x0040, 0x0040, 0x0040, 0x0040, 0x0040, 0x0040, 0x0040, 0x0040, 0x7FF2, 0x0040, 0x01A2, 0x0040,
        0x0040, 0x7FF2, 0x0040, 0x378B, 0x0040, 0x0040, 0x0040, 0x0040, 0x0040, 0x0040, 0x0040, 0x0040, 0x7FF2, 0x0040, 0x02E3, 0x0040,
        0x0040, 0xD7FB, 0x0040, 0x7FF2, 0x0040, 0x0040, 0x0040, 0x0040, 0x0040, 0x0040, 0x0040, 0x0040, 0xD7FB, 0x0040, 0x0C65, 0x0040,
        0x0040, 0x0040, 0x0040, 0xD7FB, 0x0040, 0x0040, 0x0040, 0x00E1, 0x0040, 0x0040, 0x0040, 0x0040, 0x0040, 0x0040, 0x1627, 0x0040,
        0x0040, 0x0040, 0x00E1, 0x0040, 0x0040, 0x0040, 0x0040, 0x00E1, 0x0040, 0x0040, 0x0040, 0x0040, 0x0040, 0x0040, 0x378B, 0x0040,
        0x0040, 0x0040, 0x01A2, 0x0040, 0x0040, 0x0040, 0x0040, 0x01A2, 0x0040, 0x0040, 0x0040, 0x0040, 0x0040, 0x0040, 0x7FF2, 0x0040,
        0x0040, 0x0040, 0x02E3, 0x0040, 0x0040, 0x0040, 0x0040, 0x02E3, 0x0040, 0x0040, 0x0040, 0x0040, 0x0040, 0x0040, 0xD7FB, 0x0040,
        0x0040, 0x0040, 0x0C65, 0x0040, 0x0040, 0x0040, 0x0040, 0x0C65, 0x0040, 0x0040, 0x0040, 0x0040, 0x0040, 0x0040, 0x0040, 0x0040,
        0x0040, 0x0040, 0x1627, 0x0040, 0x0040, 0x0040, 0x0040, 0x1627, 0x0040, 0x0040, 0x0040, 0x0040, 0x0040, 0x0040, 0x0040, 0x0040,
    },
    {
        0x0040, 0x0040, 0x0040, 0x0040, 0x0C65, 0x378B, 0x0040, 0x0040, 0x0040, 0x0C65, 0x0040, 0x0040, 0x0040, 0x0040, 0x0040, 0x0040,
        0x0040, 0x0040, 0x0040, 0x0040, 0x7FF2, 0x7FF2, 0x0040, 0x0040, 0x0040, 0x1627, 0x0040, 0x0040, 0x0040, 0x0040, 0x0040, 0x0040,
        0x0040, 0x0040, 0x0040, 0x0040, 0x378B, 0xD7FB, 0x0040, 0x0040, 0x0040, 0x378B, 0x0040, 0x0040, 0x0040, 0x0040, 0x0040, 0x0040,
        0x0040, 0x00E1, 0x0040, 0x0040, 0x7FF2, 0x0040, 0x0040, 0x0040, 0x0040, 0x7FF2, 0x0040, 0x0040, 0x0040, 0x0040, 0x0040, 0x0040,
        0x0040, 0x01A2, 0x0040, 0x00E1, 0xD7FB, 0x0040, 0x0040, 0x0040, 0x0040, 0xD7FB, 0x0040, 0x0040, 0x00E1, 0x0040, 0x0040, 0x0040,
        0x0040, 0x02E3, 0x0040, 0x01A2, 0x0040, 0x0040, 0x0040, 0x0040, 0x0040, 0x0040, 0x0040, 0x0040, 0x01A2, 0x0040, 0x0040, 0x0040,
        0x0040, 0x0C65, 0x0040, 0x02E3, 0x0040, 0x0040, 0x0040, 0x0040, 0x0040, 0x0040, 0x0040, 0x0040, 0x02E3, 0x0040, 0x0040, 0x0040,
        0x0040, 0x7FF2, 0x0040, 0x0C65, 0x0040, 0x0040, 0x0040, 0x0040, 0x0040, 0x0040, 0x0040, 0x0040, 0x0C65, 0x0040, 0x0040, 0x0040,
        0x0040, 0x378B, 0x0040, 0x7FF2, 0x0040, 0x0040, 0x0040, 0x0040, 0x0040, 0x0040, 0x0040, 0x0040, 0x1627, 0x0040, 0x0C65, 0x0040,
        0x0040, 0x7FF2, 0x0040, 0x378B, 0x0040, 0x0040, 0x0040, 0x0040, 0x0040, 0x0040, 0x0040, 0x0040, 0x378B, 0x0040, 0x1627, 0x0040,
        0x0040, 0xD7FB, 0x0040, 0x7FF2, 0x0040, 0x0040, 0x0040, 0x0040, 0x0040, 0x0040, 0x0040, 0x0040, 0x7FF2, 0x0040, 0x0C65, 0x0040,
        0x0040, 0x0040, 0x0040, 0xD7FB, 0x0040, 0x0040, 0x0040, 0x02E3, 0x0040, 0x0040, 0x0040, 0x0040, 0xD7FB, 0x0040, 0x7FF2, 0x0040,
        0x0040, 0x0040, 0x00E1, 0x0040, 0x0040, 0x0040, 0x0040, 0x00E1, 0x0040, 0x0040, 0x0040, 0x0040, 0x0040, 0x0040, 0x378B, 0x0040,
        0x0040, 0x0040, 0x01A2, 0x0040, 0x0040, 0x0040, 0x0040, 0x01A2, 0x0040, 0x0040, 0x0040, 0x0040, 0x0040, 0x0040, 0x7FF2, 0x0040,
        0x0040, 0x0040, 0x02E3, 0x0040, 0x0040, 0x0040, 0x0040, 0x02E3, 0x0040, 0x0040, 0x0040, 0x0040, 0x0040, 0x0040, 0xD7FB, 0x0040,
        0x0040, 0x0040, 0x0C65, 0x0040, 0x0040, 0x0040, 0x0040, 0x0C65, 0x0040, 0x0040, 0x0040, 0x0040, 0x0040, 0x0040, 0x0040, 0x0040,
    },
    {
        0x0040, 0x0040, 0x0040, 0x0040, 0x02E3, 0x0C65, 0x7FF2, 0x0040, 0x0040, 0x0C65, 0x0040, 0x0040, 0x0040, 0x0040, 0x0040, 0x0040,
        0x0040, 0x0040, 0x0040, 0x0040, 0x0C65, 0x1627, 0xD7FB, 0x0040, 0x0040, 0x02E3, 0x0040, 0x0040, 0x0040, 0x0040, 0x0040, 0x0040,
        0x0040, 0x0040, 0x0040, 0x0040, 0x1627, 0x378B, 0x0040, 0x0040, 0x0040, 0x0C65, 0x0040, 0x0040, 0x0040, 0x0040, 0x0040, 0x0040,
        0x0040, 0x0040, 0x0040, 0x0040, 0x378B, 0x7FF2, 0x0040, 0x0040, 0x0040, 0x1627, 0x0040, 0x0040, 0x0040, 0x0040, 0x0040, 0x0040,
        0x0040, 0x00E1, 0x0040, 0x0040, 0x7FF2, 0xD7FB, 0x0040, 0x0040, 0x0040, 0x7FF2, 0x0040, 0x0040, 0x0040, 0x0040, 0x0040, 0x0040,
        0x0040, 0x01A2, 0x0040, 0x00E1, 0xD7FB, 0x0040, 0x0040, 0x0040, 0x0040, 0x7FF2, 0x0040, 0x0040, 0x0040, 0x0040, 0x0040, 0x0040,
        0x0040, 0x02E3, 0x0040, 0x01A2, 0x0040, 0x0040, 0x0040, 0x0040, 0x0040, 0xD7FB, 0x0040, 0x0040, 0x00E1, 0x0040, 0x0040, 0x0040,
        0x0040, 0x0C65, 0x0040, 0x02E3, 0x0040, 0x0040, 0x0040, 0x0040, 0x0040, 0x0040, 0x0040, 0x0040, 0x0C65, 0x0040, 0x0040, 0x0040,
        0x0040, 0x1627, 0x0040, 0x0C65, 0x0040, 0x0040, 0x0040, 0x0040, 0x0040, 0x0040, 0x0040, 0x0040, 0x02E3, 0x0040, 0x0040, 0x0040,
        0x0040, 0x378B, 0x0040, 0x7FF2, 0x0040, 0x0040, 0x0040, 0x0040, 0x0040, 0x0040, 0x0040, 0x0040, 0x0C65, 0x0040, 0x01A2, 0x0040,
        0x0040, 0x7FF2, 0x0040, 0x7FF2, 0x0040, 0x0040, 0x0040, 0x0040, 0x0040, 0x0040, 0x0040, 0x0040, 0x1627, 0x0040, 0x02E3, 0x0040,
        0x0040, 0xD7FB, 0x0040, 0x7FF2, 0x0040, 0x0040, 0x0040, 0x0040, 0x0040, 0x0040, 0x0040, 0x0040, 0x378B, 0x0040, 0x0C65, 0x0040,
        0x0040, 0x0040, 0x0040, 0xD7FB, 0x0040, 0x0040, 0x0040, 0x00E1, 0x0040, 0x0040, 0x0040, 0x0040, 0x7FF2, 0x0040, 0x1627, 0x0040,
        0x0040, 0x0040, 0x00E1, 0x0040, 0x0040, 0x0040, 0x0040, 0x00E1, 0x0040, 0x0040, 0x0040, 0x0040, 0xD7FB, 0x0040, 0x378B, 0x0040,
        0x0040, 0x0040, 0x01A2, 0x0040, 0x0040, 0x0040, 0x0040, 0x0C65, 0x0040, 0x0040, 0x0040, 0x0040, 0x0040, 0x0040, 0x7FF2, 0x0040,
        0x0040, 0x0040, 0x02E3, 0x0040, 0x0040, 0x0040, 0x0040, 0x02E3, 0x0040, 0x0040, 0x0040, 0x0040, 0x0040, 0x0040, 0xD7FB, 0x0040,
    },
    {
        0xD7FB, 0x0040, 0x0040, 0x0040, 0x0040, 0x0040, 0x1627, 0x0040, 0x0040, 0x0040, 0x0040, 0x0040, 0x0040, 0x0040, 0x0040, 0xD7FB,
        0x0040, 0x0040, 0x0040, 0x0040, 0x02E3, 0x02E3, 0x378B, 0x0040, 0x0040, 0x00E1, 0x0040, 0x0040, 0x0040, 0x0040, 0x0040, 0x0040,
        0x0040, 0x0040, 0x0040, 0x0040, 0x0C65, 0x0C65, 0x7FF2, 0x0040, 0x0040, 0x01A2, 0x0040, 0x0040, 0x0040, 0x0040, 0x0040, 0x0040,
        0x0040, 0x0040, 0x0040, 0x0040, 0x1627, 0x1627, 0xD7FB, 0x0040, 0x0040, 0x02E3, 0x0040, 0x0040, 0x0040, 0x0040, 0x0040, 0x0040,
        0x0040, 0x0040, 0x0040, 0x0040, 0x378B, 0x7FF2, 0x0040, 0x0040, 0x0040, 0x0C65, 0x0040, 0x0040, 0x0040, 0x0040, 0x0040, 0x0040,
        0x0040, 0x02E3, 0x0040, 0x0040, 0x7FF2, 0x7FF2, 0x0040, 0x0040, 0x0040, 0x1627, 0x0040, 0x0040, 0x0040, 0x0040, 0x0040, 0x0040,
        0x0040, 0x01A2, 0x0040, 0x00E1, 0xD7FB, 0xD7FB, 0x0040, 0x0040, 0x0040, 0x378B, 0x0040, 0x0040, 0x0040, 0x0040, 0x0040, 0x0040,
        0x0040, 0x02E3, 0x0040, 0x01A2, 0x0040, 0x0040, 0x0040, 0x0040, 0x0040, 0x7FF2, 0x0040, 0x0040, 0x0040, 0x0040, 0x0040, 0x0040,
        0x0040, 0x0C65, 0x0040, 0x02E3, 0x0040, 0x0040, 0x0040, 0x0040, 0x0040, 0xD7FB, 0x0040, 0x0040, 0x00E1, 0x0040, 0x0040, 0x0040,
        0x0040, 0x1627, 0x0040, 0x0C65, 0x0040, 0x0040, 0x0040, 0x0040, 0x0040, 0x0040, 0x0040, 0x0040, 0x01A2, 0x0040, 0x0040, 0x0040,
        0x0040, 0x378B, 0x0040, 0x1627, 0x0040, 0x0040, 0x0040, 0x0040, 0x0040, 0x0040, 0x0040, 0x0040, 0x1627, 0x0040, 0x01A2, 0x0040,
        0x0040, 0x7FF2, 0x0040, 0x378B, 0x0040, 0x0040, 0x0040, 0x0040, 0x0040, 0x0040, 0x0040, 0x0040, 0x378B, 0x0040, 0x02E3, 0x0040,
        0x0040, 0xD7FB, 0x0040, 0x7FF2, 0x0040, 0x0040, 0x0040, 0x0040, 0x0040, 0x0040, 0x0040, 0x0040, 0x1627, 0x0040, 0x0C65, 0x0040,
        0x0040, 0x0040, 0x0040, 0xD7FB, 0x0040, 0x0040, 0x0040, 0x00E1, 0x0040, 0x0040, 0x0040, 0x0040, 0x378B, 0x0040, 0x1627, 0x0040,
        0x0040, 0x0040, 0x00E1, 0x0040, 0x0040, 0x0040, 0x0040, 0x00E1, 0x0040, 0x0040, 0x0040, 0x0040, 0x7FF2, 0x0040, 0x378B, 0x0040,
        0x0040, 0x0040, 0x01A2, 0x0040, 0x0040, 0x0040, 0x0040, 0x01A2, 0x0040, 0x0040, 0x0040, 0x0040, 0xD7FB, 0x0040, 0x7FF2, 0x0040,
    },
    {
        0x7FF2, 0x0040, 0x0040, 0x0040, 0x0040, 0x0040, 0x02E3, 0x0040, 0x0040, 0x0040, 0x0040, 0x0040, 0x0040, 0x0040, 0x0040, 0x7FF2,
        0xD7FB, 0x0040, 0x0040, 0x0040, 0x0040, 0x0040, 0x0C65, 0x0040, 0x0040, 0x0040, 0x0040, 0x0040, 0x0040, 0x0040, 0x0040, 0xD7FB,
        0x0040, 0x0040, 0x0040, 0x0040, 0x02E3, 0x0040, 0x1627, 0x0040, 0x0040, 0x0040, 0x0040, 0x0040, 0x0040, 0x0040, 0x0040, 0x0040,
        0x0040, 0x0040, 0x0040, 0x0040, 0x0C65, 0x1627, 0x378B, 0x0040, 0x0040, 0x00E1, 0x0040, 0x0040, 0x0040, 0x0040, 0x0040, 0x0040,
        0x0040, 0x0040, 0x0040, 0x0040, 0x7FF2, 0x378B, 0x7FF2, 0x0040, 0x0040, 0x0C65, 0x0040, 0x0040, 0x0040, 0x0040, 0x0040, 0x0040,
        0x0040, 0x0040, 0x0040, 0x0040, 0x378B, 0x1627, 0xD7FB, 0x0040, 0x0040, 0x02E3, 0x0040, 0x0040, 0x0040, 0x0040, 0x0040, 0x0040,
        0x0040, 0x00E1, 0x0040, 0x0040, 0x7FF2, 0x378B, 0x0040, 0x0040, 0x0040, 0x0C65, 0x0040, 0x0040, 0x0040, 0x0040, 0x0040, 0x0040,
        0x0040, 0x01A2, 0x0040, 0x00E1, 0xD7FB, 0x7FF2, 0x0040, 0x0040, 0x0040, 0x1627, 0x0040, 0x0040, 0x0040, 0x0040, 0x0040, 0x0040,
        0x0040, 0x02E3, 0x0040, 0x01A2, 0x0040, 0xD7FB, 0x0040, 0x0040, 0x0040, 0x378B, 0x0040, 0x0040, 0x0040, 0x0040, 0x0040, 0x0040,
        0x0040, 0x0C65, 0x0040, 0x02E3, 0x0040, 0x0040, 0x0040, 0x0040, 0x0040, 0x7FF2, 0x0040, 0x0040, 0x0040, 0x0040, 0x0040, 0x0040,
        0x0040, 0x1627, 0x0040, 0x0C65, 0x0040, 0x0040, 0x0040, 0x0040, 0x0040, 0xD7FB, 0x0040, 0x0040, 0x02E3, 0x0040, 0x0040, 0x0040,
        0x0040, 0x378B, 0x0040, 0x1627, 0x0040, 0x0040, 0x0040, 0x0040, 0x0040, 0x0040, 0x0040, 0x0040, 0x01A2, 0x0040, 0x01A2, 0x0040,
        0x0040, 0x7FF2, 0x0040, 0x378B, 0x0040, 0x0040, 0x0040, 0x0040, 0x0040, 0x0040, 0x0040, 0x0040, 0x02E3, 0x0040, 0x1627, 0x0040,
        0x0040, 0xD7FB, 0x0040, 0x7FF2, 0x0040, 0x0040, 0x0040, 0x0040, 0x0040, 0x0040, 0x0040, 0x0040, 0x0C65, 0x0040, 0x0C65, 0x0040,
        0x0040, 0x0040, 0x0040, 0xD7FB, 0x0040, 0x0040, 0x0040, 0x00E1, 0x0040, 0x0040, 0x0040, 0x0040, 0x1627, 0x0040, 0x1627, 0x0040,
        0x0040, 0x0040, 0x00E1, 0x0040, 0x0040, 0x0040, 0x0040, 0x00E1, 0x0040, 0x0040, 0x0040, 0x0040, 0x378B, 0x0040, 0x378B, 0x0040,
    },
    {
        0x378B, 0x0040, 0x0040, 0x0040, 0x0040, 0x0040, 0x0040, 0x0040, 0x0040, 0x0040, 0xD7FB, 0x0040, 0x0040, 0xD7FB, 0x0040, 0x7FF2,
        0x7FF2, 0x0040, 0x0040, 0x0040, 0x0040, 0x0040, 0x0040, 0x0040, 0x0040, 0x0040, 0x0040, 0x0040, 0x0040, 0x0040, 0x0040, 0x7FF2,
        0xD7FB, 0x0040, 0x0040, 0x0040, 0x0040, 0x0040, 0x02E3, 0x0040, 0x0040, 0x0040, 0x0040, 0x0040, 0x0040, 0x0040, 0x0040, 0xD7FB,
        0x0040, 0x0040, 0x0040, 0x0040, 0x02E3, 0x0040, 0x0C65, 0x0040, 0x0040, 0x0040, 0x0040, 0x0040, 0x0040, 0x0040, 0x0040, 0x0040,
        0x0040, 0x0040, 0x0040, 0x0040, 0x0C65, 0x0040, 0x1627, 0x0040, 0x0040, 0x0040, 0x0040, 0x0040, 0x0040, 0x0040, 0x0040, 0x0040,
        0x0040, 0x0040, 0x0040, 0x0040, 0x1627, 0x02E3, 0x378B, 0x0040, 0x0040, 0x00E1, 0x0040, 0x0040, 0x0040, 0x0040, 0x0040, 0x0040,
        0x0040, 0x0040, 0x0040, 0x0040, 0x378B, 0x0C65, 0x7FF2, 0x0040, 0x0040, 0x01A2, 0x0040, 0x0040, 0x0040, 0x0040, 0x0040, 0x0040,
        0x0040, 0x00E1, 0x0040, 0x0040, 0x7FF2, 0x1627, 0xD7FB, 0x0040, 0x0040, 0x02E3, 0x0040, 0x0040, 0x0040, 0x0040, 0x0040, 0x0040,
        0x0040, 0x01A2, 0x0040, 0x00E1, 0xD7FB, 0x378B, 0x0040, 0x0040, 0x0040, 0x0C65, 0x0040, 0x0040, 0x0040, 0x0040, 0x0040, 0x0040,
        0x0040, 0x02E3, 0x0040, 0x01A2, 0x0040, 0x7FF2, 0x0040, 0x0040, 0x0040, 0x7FF2, 0x0040, 0x0040, 0x0040, 0x0040, 0x0040, 0x0040,
        0x0040, 0x0C65, 0x0040, 0x02E3, 0x0040, 0xD7FB, 0x0040, 0x0040, 0x0040, 0x378B, 0x0040, 0x0040, 0x0040, 0x0040, 0x0040, 0x0040,
        0x0040, 0x1627, 0x0040, 0x0C65, 0x0040, 0x0040, 0x0040, 0x0040, 0x0040, 0x7FF2, 0x0040, 0x0040, 0x0040, 0x0040, 0x0040, 0x0040,
        0x0040, 0x378B, 0x0040, 0x7FF2, 0x0040, 0x0040, 0x0040, 0x0040, 0x0040, 0xD7FB, 0x0040, 0x0040, 0x00E1, 0x0040, 0x01A2, 0x0040,
        0x0040, 0x7FF2, 0x0040, 0x378B, 0x0040, 0x0040, 0x0040, 0x0040, 0x0040, 0x0040, 0x0040, 0x0040, 0x01A2, 0x0040, 0x02E3, 0x0040,
        0x0040, 0xD7FB, 0x0040, 0x7FF2, 0x0040, 0x0040, 0x0040, 0x0040, 0x0040, 0x0040, 0x0040, 0x0040, 0x1627, 0x0040, 0x0C65, 0x0040,
        0x0040, 0x0040, 0x0040, 0xD7FB, 0x0040, 0x0040, 0x0040, 0x00E1, 0x0040, 0x0040, 0x0040, 0x0040, 0x378B, 0x0040, 0x1627, 0x0040,
    },
    {
        0x1627, 0x0040, 0x0040, 0x0040, 0x0040, 0x0040, 0x0040, 0x0040, 0x0040, 0x0040, 0x7FF2, 0x0040, 0x0040, 0x7FF2, 0x0040, 0x1627,
        0x378B, 0x0040, 0x0040, 0x0040, 0x0040, 0x0040, 0x0040, 0x0040, 0x0040, 0x0040, 0xD7FB, 0x0040, 0x0040, 0xD7FB, 0x0040, 0x378B,
        0x7FF2, 0x0040, 0x0040, 0x0040, 0x0040, 0x0040, 0x0040, 0x0040, 0x0040, 0x0040, 0x0040, 0x0040, 0x0040, 0x0040, 0x0040, 0x7FF2,
        0xD7FB, 0x0040, 0x0040, 0x0040, 0x0040, 0x0040, 0x0040, 0x0040, 0x0040, 0x0040, 0x0040, 0x0040, 0x0040, 0x0040, 0x0040, 0xD7FB,
        0x0040, 0x0040, 0x0040, 0x0040, 0x02E3, 0x0040, 0x02E3, 0x0040, 0x0040, 0x0040, 0x0040, 0x0040, 0x0040, 0x0040, 0x0040, 0x0040,
        0x0040, 0x0040, 0x0040, 0x0040, 0x0C65, 0x0040, 0x0C65, 0x0040, 0x0040, 0x0040, 0x0040, 0x0040, 0x0040, 0x0040, 0x0040, 0x0040,
        0x0040, 0x0040, 0x0040, 0x0040, 0x1627, 0x0040, 0x1627, 0x0040, 0x0040, 0x0040, 0x0040, 0x0040, 0x0040, 0x0040, 0x0040, 0x0040,
        0x0040, 0x0040, 0x0040, 0x0040, 0x378B, 0x02E3, 0x378B, 0x0040, 0x0040, 0x00E1, 0x0040, 0x0040, 0x0040, 0x0040, 0x0040, 0x0040,
        0x0040, 0x00E1, 0x0040, 0x0040, 0x7FF2, 0x0C65, 0x7FF2, 0x0040, 0x0040, 0x01A2, 0x0040, 0x0040, 0x0040, 0x0040, 0x0040, 0x0040,
        0x0040, 0x01A2, 0x0040, 0x00E1, 0xD7FB, 0x1627, 0xD7FB, 0x0040, 0x0040, 0x02E3, 0x0040, 0x0040, 0x0040, 0x0040, 0x0040, 0x0040,
        0x0040, 0x02E3, 0x0040, 0x01A2, 0x0040, 0x7FF2, 0x0040, 0x0040, 0x0040, 0x378B, 0x0040, 0x0040, 0x0040, 0x0040, 0x0040, 0x0040,
        0x0040, 0x0C65, 0x0040, 0x02E3, 0x0040, 0x7FF2, 0x0040, 0x0040, 0x0040, 0x1627, 0x0040, 0x0040, 0x0040, 0x0040, 0x0040, 0x0040,
        0x0040, 0x1627, 0x0040, 0x0C65, 0x0040, 0xD7FB, 0x0040, 0x0040, 0x0040, 0x378B, 0x0040, 0x0040, 0x0040, 0x0040, 0x0040, 0x0040,
        0x0040, 0x378B, 0x0040, 0x1627, 0x0040, 0x0040, 0x0040, 0x0040, 0x0040, 0x7FF2, 0x0040, 0x0040, 0x0040, 0x0040, 0x01A2, 0x0040,
        0x0040, 0x7FF2, 0x0040, 0x378B, 0x0040, 0x0040, 0x0040, 0x0040, 0x0040, 0xD7FB, 0x0040, 0x0040, 0x00E1, 0x0040, 0x02E3, 0x0040,
        0x0040, 0xD7FB, 0x0040, 0x7FF2, 0x0040, 0x0040, 0x0040, 0x0040, 0x0040, 0x0040, 0x0040, 0x0040, 0x01A2, 0x0040, 0x0C65, 0x0040,
    },
    {
        0x0C65, 0x0040, 0x0040, 0x0040, 0x0040, 0x0040, 0x0040, 0x0040, 0x0040, 0x0040, 0x7FF2, 0x0040, 0x0040, 0x378B, 0x0040, 0x0C65,
        0x1627, 0x0040, 0x0040, 0x0040, 0x0040, 0x0040, 0x0040, 0x0040, 0x0040, 0x0040, 0x7FF2, 0x0040, 0x0040, 0x7FF2, 0x0040, 0x7FF2,
        0x378B, 0x0040, 0x0040, 0x0040, 0x0040, 0x0040, 0x0040, 0x0040, 0x0040, 0x0040, 0xD7FB, 0x0040, 0x0040, 0xD7FB, 0x0040, 0x378B,
        0x7FF2, 0x0040, 0x0040, 0x0040, 0x0040, 0x0040, 0x0040, 0x0040, 0x0040, 0x0040, 0x0040, 0x0040, 0x0040, 0x0040, 0x0040, 0x7FF2,
        0xD7FB, 0x0040, 0x0040, 0x0040, 0x0040, 0x0040, 0x0040, 0x0040, 0x0040, 0x0040, 0x0040, 0x0040, 0x0040, 0x0040, 0x0040, 0xD7FB,
        0x0040, 0x0040, 0x0040, 0x0040, 0x02E3, 0x0040, 0x0040, 0x0040, 0x0040, 0x0040, 0x0040, 0x0040, 0x0040, 0x0040, 0x0040, 0x0040,
        0x0040, 0x0040, 0x0040, 0x0040, 0x378B, 0x0040, 0x02E3, 0x0040, 0x0040, 0x0040, 0x0040, 0x0040, 0x0040, 0x0040, 0x0040, 0x0040,
        0x0040, 0x0040, 0x0040, 0x0040, 0x1627, 0x0040, 0x0C65, 0x0040, 0x0040, 0x0040, 0x0040, 0x0040, 0x0040, 0x0040, 0x0040, 0x0040,
        0x0040, 0x0040, 0x0040, 0x0040, 0x378B, 0x0040, 0x1627, 0x0040, 0x0040, 0x0040, 0x0040, 0x0040, 0x0040, 0x0040, 0x0040, 0x0040,
        0x0040, 0x02E3, 0x0040, 0x0040, 0x7FF2, 0x02E3, 0x7FF2, 0x0040, 0x0040, 0x00E1, 0x0040, 0x0040, 0x0040, 0x0040, 0x0040, 0x0040,
        0x0040, 0x01A2, 0x0040, 0x00E1, 0xD7FB, 0x0C65, 0x7FF2, 0x0040, 0x0040, 0x0C65, 0x0040, 0x0040, 0x0040, 0x0040, 0x0040, 0x0040,
        0x0040, 0x1627, 0x0040, 0x01A2, 0x0040, 0x7FF2, 0xD7FB, 0x0040, 0x0040, 0x02E3, 0x0040, 0x0040, 0x0040, 0x0040, 0x0040, 0x0040,
        0x0040, 0x0C65, 0x0040, 0x02E3, 0x0040, 0x378B, 0x0040, 0x0040, 0x0040, 0x0C65, 0x0040, 0x0040, 0x0040, 0x0040, 0x0040, 0x0040,
        0x0040, 0x1627, 0x0040, 0x0C65, 0x0040, 0x7FF2, 0x0040, 0x0040, 0x0040, 0x1627, 0x0040, 0x0040, 0x0040, 0x0040, 0x0040, 0x0040,
        0x0040, 0x378B, 0x0040, 0x1627, 0x0040, 0xD7FB, 0x0040, 0x0040, 0x0040, 0x378B, 0x0040, 0x0040, 0x0040, 0x0040, 0x01A2, 0x0040,
        0x0040, 0x7FF2, 0x0040, 0x378B, 0x0040, 0x0040, 0x0040, 0x0040, 0x0040, 0x7FF2, 0x0040, 0x0040, 0x0040, 0x0040, 0x02E3, 0x0040,
    },
    {
        0x02E3, 0x0040, 0x0040, 0x0040, 0x0040, 0x0040, 0x0040, 0x0040, 0xD7FB, 0x0040, 0x1627, 0x0040, 0x0040, 0x1627, 0x0040, 0x02E3,
        0x0C65, 0x0040, 0x0040, 0x0040, 0x0040, 0x0040, 0x0040, 0x0040, 0x0040, 0x0040, 0x378B, 0x0040, 0x0040, 0x378B, 0x0040, 0x0C65,
        0x1627, 0x0040, 0x0040, 0x0040, 0x0040, 0x0040, 0x0040, 0x0040, 0x0040, 0x0040, 0x7FF2, 0x0040, 0x0040, 0x7FF2, 0x0040, 0x1627,
        0x378B, 0x0040, 0x0040, 0x0040, 0x0040, 0x0040, 0x0040, 0x0040, 0x0040, 0x0040, 0xD7FB, 0x0040, 0x0040, 0xD7FB, 0x0040, 0x378B,
        0x7FF2, 0x0040, 0x0040, 0x0040, 0x0040, 0x0040, 0x0040, 0x0040, 0x0040, 0x0040, 0x0040, 0x0040, 0x0040, 0x0040, 0x0040, 0x7FF2,
        0xD7FB, 0x0040, 0x0040, 0x0040, 0x0040, 0x0040, 0x0040, 0x0040, 0x0040, 0x0040, 0x0040, 0x0040, 0x0040, 0x0040, 0x0040, 0xD7FB,
        0x0040, 0x0040, 0x0040, 0x0040, 0x02E3, 0x0040, 0x0040, 0x0040, 0x0040, 0x0040, 0x0040, 0x0040, 0x0040, 0x0040, 0x0040, 0x0040,
        0x0040, 0x0040, 0x0040, 0x0040, 0x0C65, 0x0040, 0x0040, 0x0040, 0x0040, 0x0040, 0x0040, 0x0040, 0x0040, 0x0040, 0x0040, 0x0040,
        0x0040, 0x0040, 0x0040, 0x0040, 0x1627, 0x0040, 0x02E3, 0x0040, 0x0040, 0x0040, 0x0040, 0x0040, 0x0040, 0x0040, 0x0040, 0x0040,
        0x0040, 0x0040, 0x0040, 0x0040, 0x378B, 0x0040, 0x0C65, 0x0040, 0x0040, 0x0040, 0x0040, 0x0040, 0x0040, 0x0040, 0x0040, 0x0040,
        0x0040, 0x00E1, 0x0040, 0x0040, 0x7FF2, 0x0040, 0x1627, 0x0040, 0x0040, 0x0040, 0x0040, 0x0040, 0x0040, 0x0040, 0x0040, 0x0040,
        0x0040, 0x01A2, 0x0040, 0x00E1, 0xD7FB, 0x02E3, 0x378B, 0x0040, 0x0040, 0x00E1, 0x0040, 0x0040, 0x0040, 0x0040, 0x0040, 0x0040,
        0x0040, 0x02E3, 0x0040, 0x01A2, 0x0040, 0x0C65, 0x7FF2, 0x0040, 0x0040, 0x01A2, 0x0040, 0x0040, 0x0040, 0x0040, 0x0040, 0x0040,
        0x0040, 0x0C65, 0x0040, 0x02E3, 0x0040, 0x1627, 0xD7FB, 0x0040, 0x0040, 0x02E3, 0x0040, 0x0040, 0x0040, 0x0040, 0x0040, 0x0040,
        0x0040, 0x7FF2, 0x0040, 0x0C65, 0x0040, 0x378B, 0x0040, 0x0040, 0x0040, 0x0C65, 0x0040, 0x0040, 0x0040, 0x0040, 0x0040, 0x0040,
        0x0040, 0x7FF2, 0x0040, 0x1627, 0x0040, 0x7FF2, 0x0040, 0x0040, 0x0040, 0x1627, 0x0040, 0x0040, 0x0040, 0x0040, 0x01A2, 0x0040,
    },
    {
        0x01A2, 0x0040, 0x0040, 0x0040, 0x0040, 0x0040, 0x0040, 0x0040, 0x7FF2, 0x0040, 0x0C65, 0x0040, 0x0040, 0x0C65, 0x0040, 0x0040,
        0x02E3, 0x0040, 0x0040, 0x0040, 0x0040, 0x0040, 0x0040, 0x0040, 0xD7FB, 0x0040, 0x1627, 0x0040, 0x0040, 0x1627, 0x0040, 0x02E3,
        0x0C65, 0x0040, 0x0040, 0x0040, 0x0040, 0x0040, 0x0040, 0x0040, 0x0040, 0x0040, 0x378B, 0x0040, 0x0040, 0x378B, 0x0040, 0x0C65,
        0x1627, 0x0040, 0x0040, 0x0040, 0x0040, 0x0040, 0x0040, 0x0040, 0x0040, 0x0040, 0x7FF2, 0x0040, 0x0040, 0x7FF2, 0x0040, 0x1627,
        0x378B, 0x0040, 0x0040, 0x0040, 0x0040, 0x0040, 0x0040, 0x0040, 0x0040, 0x0040, 0xD7FB, 0x0040, 0x0040, 0xD7FB, 0x0040, 0x378B,
        0x7FF2, 0x0040, 0x0040, 0x0040, 0x0040, 0x0040, 0x0040, 0x0040, 0x0040, 0x0040, 0x0040, 0x0040, 0x0040, 0x0040, 0x0040, 0x7FF2,
        0xD7FB, 0x0040, 0x0040, 0x0040, 0x0040, 0x0040, 0x0040, 0x0040, 0x0040, 0x0040, 0x0040, 0x0040, 0x0040, 0x0040, 0x0040, 0xD7FB,
        0x0040, 0x0040, 0x0040, 0x0040, 0x02E3, 0x0040, 0x0040, 0x0040, 0x0040, 0x0040, 0x0040, 0x0040, 0x0040, 0x0040, 0x0040, 0x0040,
        0x0040, 0x0040, 0x0040, 0x0040, 0x0C65, 0x0040, 0x0040, 0x0040, 0x0040, 0x0040, 0x0040, 0x0040, 0x0040, 0x0040, 0x0040, 0x0040,
        0x0040, 0x0040, 0x0040, 0x0040, 0x1627, 0x0040, 0x0040, 0x0040, 0x0040, 0x0040, 0x0040, 0x0040, 0x0040, 0x0040, 0x0040, 0x0040,
        0x0040, 0x0040, 0x0040, 0x0040, 0x378B, 0x0040, 0x02E3, 0x0040, 0x0040, 0x0040, 0x0040, 0x0040, 0x0040, 0x0040, 0x0040, 0x0040,
        0x0040, 0x00E1, 0x0040, 0x0040, 0x7FF2, 0x0040, 0x0C65, 0x0040, 0x0040, 0x0040, 0x0040, 0x0040, 0x0040, 0x0040, 0x0040, 0x0040,
        0x0040, 0x01A2, 0x0040, 0x00E1, 0xD7FB, 0x0040, 0x1627, 0x0040, 0x0040, 0x0040, 0x0040, 0x0040, 0x0040, 0x0040, 0x0040, 0x0040,
        0x0040, 0x02E3, 0x0040, 0x01A2, 0x0040, 0x02E3, 0x7FF2, 0x0040, 0x0040, 0x00E1, 0x0040, 0x0040, 0x0040, 0x0040, 0x0040, 0x0040,
        0x0040, 0x0C65, 0x0040, 0x02E3, 0x0040, 0x0C65, 0x7FF2, 0x0040, 0x0040, 0x01A2, 0x0040, 0x0040, 0x0040, 0x0040, 0x0040, 0x0040,
        0x0040, 0x1627, 0x0040, 0x0C65, 0x0040, 0x1627, 0xD7FB, 0x0040, 0x0040, 0x02E3, 0x0040, 0x0040, 0x0040, 0x0040, 0x0040, 0x0040,
    },
};
