// 16x16 LED-matrix animation, 32 frames at 120 ms.
// Row-major, top-left origin. Generated -- do not edit by hand.
#pragma once
#include <stdint.h>

#define MOON16_ANIM_W 16
#define MOON16_ANIM_H 16
#define MOON16_ANIM_FRAMES 32
#define MOON16_ANIM_DELAY_MS 120

static const uint32_t moon16_anim_rgb888[32][256] = {
    {
        0x030514, 0x030514, 0x030514, 0x030514, 0x030514, 0x030514, 0x030514, 0x8E9EC8, 0x0C102E, 0x0C102E, 0x0C102E, 0x0C102E, 0x0C102E, 0x0C102E, 0x030514, 0x030514,
        0x030514, 0x3A467A, 0x030514, 0x030514, 0x030514, 0x030514, 0x0C102E, 0x0C102E, 0x181E46, 0x181E46, 0x181E46, 0x181E46, 0x181E46, 0x0C102E, 0xE8F2FF, 0x030514,
        0x030514, 0x030514, 0x030514, 0x030514, 0x030514, 0x3A467A, 0x0C102E, 0x181E46, 0x181E46, 0xF2ECC8, 0xF2ECC8, 0xF2ECC8, 0x181E46, 0x181E46, 0x0C102E, 0x030514,
        0x030514, 0x030514, 0x1C2248, 0x1C2248, 0x1C2248, 0x1C2248, 0x0C102E, 0x181E46, 0xF2ECC8, 0xFFFDEE, 0xFFFDEE, 0xF2ECC8, 0xF2ECC8, 0x181E46, 0x0C102E, 0x0C102E,
        0x070A22, 0x070A22, 0x070A22, 0x070A22, 0x070A22, 0x0C102E, 0x0C102E, 0x181E46, 0xF2ECC8, 0xF2ECC8, 0xF2ECC8, 0xCFC69C, 0xF2ECC8, 0x181E46, 0x0C102E, 0x0C102E,
        0x070A22, 0x070A22, 0x070A22, 0x070A22, 0x070A22, 0x0C102E, 0x0C102E, 0x181E46, 0xF2ECC8, 0xF2ECC8, 0xCFC69C, 0xCFC69C, 0xF2ECC8, 0x181E46, 0x0C102E, 0x0C102E,
        0x070A22, 0x070A22, 0xE8F2FF, 0x070A22, 0x070A22, 0x070A22, 0x0C102E, 0x181E46, 0x181E46, 0xF2ECC8, 0xF2ECC8, 0xF2ECC8, 0x181E46, 0x181E46, 0x0C102E, 0x070A22,
        0x070A22, 0x070A22, 0x070A22, 0x02030C, 0x070A22, 0x070A22, 0x0C102E, 0x0C102E, 0x1C2248, 0x1C2248, 0x1C2248, 0x1C2248, 0x1C2248, 0x0C102E, 0x0C102E, 0x070A22,
        0x070A22, 0x070A22, 0x02030C, 0x02030C, 0x2A366E, 0x070A22, 0x070A22, 0x0C102E, 0x0C102E, 0x0C102E, 0x0C102E, 0x0C102E, 0x0C102E, 0x0C102E, 0x070A22, 0x070A22,
        0x8E9EC8, 0x151D48, 0x151D48, 0x02030C, 0x364686, 0x364686, 0x151D48, 0x151D48, 0x151D48, 0x0C102E, 0x0C102E, 0x0C102E, 0x151D48, 0x1C2248, 0x1C2248, 0x1C2248,
        0x151D48, 0x151D48, 0x364686, 0x364686, 0x0D1333, 0x0D1333, 0x364686, 0x364686, 0x151D48, 0x151D48, 0x151D48, 0x151D48, 0x151D48, 0x151D48, 0x151D48, 0x151D48,
        0x151D48, 0x364686, 0x0D1333, 0x0D1333, 0x0D1333, 0x0D1333, 0x0D1333, 0x0D1333, 0x364686, 0x1E2A5C, 0x1E2A5C, 0x1E2A5C, 0x151D48, 0x151D48, 0x151D48, 0x151D48,
        0x364686, 0x0D1333, 0x0D1333, 0x0D1333, 0x0D1333, 0x0D1333, 0x1E2A5C, 0x1E2A5C, 0x1E2A5C, 0x040614, 0x040614, 0x040614, 0x1E2A5C, 0x1E2A5C, 0x151D48, 0x151D48,
        0x0D1333, 0x0D1333, 0x0D1333, 0x0D1333, 0x1E2A5C, 0x1E2A5C, 0x040614, 0x040614, 0x040614, 0x040614, 0x040614, 0x040614, 0x040614, 0x040614, 0x1E2A5C, 0x151D48,
        0x0D1333, 0x0D1333, 0x1E2A5C, 0x1E2A5C, 0x040614, 0x040614, 0x040614, 0x040614, 0x040614, 0x040614, 0x040614, 0x040614, 0x040614, 0x040614, 0x040614, 0x1E2A5C,
        0x1E2A5C, 0x1E2A5C, 0x040614, 0x040614, 0x040614, 0x040614, 0x040614, 0x040614, 0x040614, 0x040614, 0x040614, 0x040614, 0x040614, 0x040614, 0x040614, 0x040614,
    },
    {
        0x030514, 0x030514, 0x030514, 0x030514, 0x030514, 0x030514, 0x030514, 0x8E9EC8, 0x0C102E, 0x0C102E, 0x0C102E, 0x0C102E, 0x0C102E, 0x0C102E, 0x030514, 0x030514,
        0x030514, 0x3A467A, 0x030514, 0x030514, 0x030514, 0x030514, 0x0C102E, 0x0C102E, 0x181E46, 0x181E46, 0x181E46, 0x181E46, 0x181E46, 0x0C102E, 0xE8F2FF, 0x030514,
        0x030514, 0x030514, 0x030514, 0x030514, 0x030514, 0x3A467A, 0x0C102E, 0x181E46, 0x181E46, 0xF2ECC8, 0xF2ECC8, 0xF2ECC8, 0x181E46, 0x181E46, 0x0C102E, 0x030514,
        0x030514, 0x030514, 0x1C2248, 0x1C2248, 0x1C2248, 0x1C2248, 0x0C102E, 0x181E46, 0xF2ECC8, 0xFFFDEE, 0xFFFDEE, 0xF2ECC8, 0xF2ECC8, 0x181E46, 0x0C102E, 0x0C102E,
        0x070A22, 0x070A22, 0x070A22, 0x070A22, 0x070A22, 0x0C102E, 0x0C102E, 0x181E46, 0xF2ECC8, 0xF2ECC8, 0xF2ECC8, 0xCFC69C, 0xF2ECC8, 0x181E46, 0x0C102E, 0x0C102E,
        0x070A22, 0x070A22, 0x070A22, 0x070A22, 0x070A22, 0x0C102E, 0x0C102E, 0x181E46, 0xF2ECC8, 0xF2ECC8, 0xCFC69C, 0xCFC69C, 0xF2ECC8, 0x181E46, 0x0C102E, 0x0C102E,
        0x070A22, 0x070A22, 0xE8F2FF, 0x070A22, 0x070A22, 0x070A22, 0x0C102E, 0x181E46, 0x181E46, 0xF2ECC8, 0xF2ECC8, 0xF2ECC8, 0x181E46, 0x181E46, 0x0C102E, 0x070A22,
        0x070A22, 0x070A22, 0x070A22, 0x02030C, 0x070A22, 0x070A22, 0x0C102E, 0x0C102E, 0x1C2248, 0x1C2248, 0x1C2248, 0x1C2248, 0x1C2248, 0x0C102E, 0x0C102E, 0x070A22,
        0x070A22, 0x070A22, 0x02030C, 0x02030C, 0x2A366E, 0x070A22, 0x070A22, 0x0C102E, 0x0C102E, 0x0C102E, 0x0C102E, 0x0C102E, 0x0C102E, 0x0C102E, 0x070A22, 0x070A22,
        0x8E9EC8, 0x151D48, 0x151D48, 0x02030C, 0x364686, 0x364686, 0x151D48, 0x151D48, 0x151D48, 0x0C102E, 0x0C102E, 0x0C102E, 0x151D48, 0x1C2248, 0x1C2248, 0x1C2248,
        0x151D48, 0x151D48, 0x364686, 0x364686, 0x0D1333, 0x0D1333, 0x364686, 0x364686, 0x151D48, 0x151D48, 0x151D48, 0x151D48, 0x151D48, 0x151D48, 0x151D48, 0x151D48,
        0x151D48, 0x364686, 0x0D1333, 0x0D1333, 0x0D1333, 0x0D1333, 0x0D1333, 0x0D1333, 0x364686, 0x1E2A5C, 0x1E2A5C, 0x1E2A5C, 0x151D48, 0x151D48, 0x151D48, 0x151D48,
        0x364686, 0x0D1333, 0x0D1333, 0x0D1333, 0x0D1333, 0x0D1333, 0x1E2A5C, 0x1E2A5C, 0x1E2A5C, 0x040614, 0x040614, 0x040614, 0x1E2A5C, 0x1E2A5C, 0x151D48, 0x151D48,
        0x0D1333, 0x0D1333, 0x0D1333, 0x0D1333, 0x1E2A5C, 0x1E2A5C, 0x040614, 0x040614, 0x040614, 0x040614, 0x040614, 0x040614, 0x040614, 0x040614, 0x1E2A5C, 0x151D48,
        0x0D1333, 0x0D1333, 0x1E2A5C, 0x1E2A5C, 0x040614, 0x040614, 0x040614, 0x040614, 0x040614, 0x040614, 0x040614, 0x040614, 0x040614, 0x040614, 0x040614, 0x1E2A5C,
        0x1E2A5C, 0x1E2A5C, 0x040614, 0x040614, 0x040614, 0x040614, 0x040614, 0x040614, 0x040614, 0x040614, 0x040614, 0x040614, 0x040614, 0x040614, 0x040614, 0x040614,
    },
    {
        0x030514, 0x030514, 0x030514, 0x030514, 0x030514, 0x030514, 0x030514, 0x8E9EC8, 0x0C102E, 0x0C102E, 0x0C102E, 0x0C102E, 0x0C102E, 0x0C102E, 0x030514, 0x030514,
        0x030514, 0x3A467A, 0x030514, 0x030514, 0x030514, 0x030514, 0x0C102E, 0x0C102E, 0x181E47, 0x181E47, 0x181E47, 0x181E47, 0x181E47, 0x0C102E, 0xE8F2FF, 0x030514,
        0x030514, 0x030514, 0x030514, 0x030514, 0x030514, 0x8E9EC8, 0x0C102E, 0x181E47, 0x181E47, 0xF2ECC8, 0xF2ECC8, 0xF2ECC8, 0x181E47, 0x181E47, 0x0C102E, 0x030514,
        0x030514, 0x030514, 0x030514, 0x1C2248, 0x1C2248, 0x1C2248, 0x1C2248, 0x181E47, 0xF2ECC8, 0xFFFDEE, 0xFFFDEE, 0xF2ECC8, 0xF2ECC8, 0x181E47, 0x0C102E, 0x0C102E,
        0x070A22, 0x070A22, 0x070A22, 0x070A22, 0x070A22, 0x0C102E, 0x0C102E, 0x181E47, 0xF2ECC8, 0xF2ECC8, 0xF2ECC8, 0xCFC69C, 0xF2ECC8, 0x181E47, 0x0C102E, 0x0C102E,
        0x070A22, 0x070A22, 0x070A22, 0x070A22, 0x070A22, 0x0C102E, 0x0C102E, 0x181E47, 0xF2ECC8, 0xF2ECC8, 0xCFC69C, 0xCFC69C, 0xF2ECC8, 0x181E47, 0x0C102E, 0x0C102E,
        0x070A22, 0x070A22, 0xE8F2FF, 0x070A22, 0x070A22, 0x070A22, 0x0C102E, 0x181E47, 0x181E47, 0xF2ECC8, 0xF2ECC8, 0xF2ECC8, 0x181E47, 0x181E47, 0x0C102E, 0x070A22,
        0x070A22, 0x070A22, 0x070A22, 0x02030C, 0x070A22, 0x070A22, 0x0C102E, 0x0C102E, 0x181E47, 0x1C2248, 0x1C2248, 0x1C2248, 0x1C2248, 0x1C2248, 0x0C102E, 0x070A22,
        0x070A22, 0x070A22, 0x02030C, 0x02030C, 0x2A366E, 0x070A22, 0x070A22, 0x0C102E, 0x0C102E, 0x0C102E, 0x0C102E, 0x0C102E, 0x0C102E, 0x0C102E, 0x070A22, 0x070A22,
        0x1C2248, 0x151D48, 0x151D48, 0x02030C, 0x364686, 0x364686, 0x151D48, 0x151D48, 0x151D48, 0x0C102E, 0x0C102E, 0x0C102E, 0x151D48, 0x151D48, 0x1C2248, 0x1C2248,
        0x151D48, 0x151D48, 0x364686, 0x364686, 0x0D1333, 0x0D1333, 0x364686, 0x364686, 0x151D48, 0x151D48, 0x151D48, 0x151D48, 0x151D48, 0x151D48, 0x151D48, 0x151D48,
        0x151D48, 0x364686, 0x0D1333, 0x0D1333, 0x0D1333, 0x0D1333, 0x5E7A24, 0x0D1333, 0x364686, 0x1E2A5C, 0x1E2A5C, 0x1E2A5C, 0x151D48, 0x151D48, 0x151D48, 0x151D48,
        0x364686, 0x0D1333, 0x0D1333, 0x0D1333, 0x0D1333, 0x0D1333, 0x1E2A5C, 0x1E2A5C, 0x1E2A5C, 0x040614, 0x040614, 0x040614, 0x1E2A5C, 0x1E2A5C, 0x151D48, 0x151D48,
        0x0D1333, 0x0D1333, 0x0D1333, 0x0D1333, 0x1E2A5C, 0x1E2A5C, 0x040614, 0x040614, 0x040614, 0x040614, 0x040614, 0x040614, 0x040614, 0x040614, 0x1E2A5C, 0x151D48,
        0x0D1333, 0x0D1333, 0x1E2A5C, 0x1E2A5C, 0x040614, 0x040614, 0x040614, 0x040614, 0x040614, 0x040614, 0x040614, 0x040614, 0x040614, 0x040614, 0x040614, 0x1E2A5C,
        0x1E2A5C, 0x1E2A5C, 0x040614, 0x040614, 0x040614, 0x040614, 0x040614, 0x040614, 0x040614, 0x040614, 0x040614, 0x040614, 0x040614, 0x040614, 0x040614, 0x040614,
    },
    {
        0x030514, 0x030514, 0x030514, 0x030514, 0x030514, 0x030514, 0x030514, 0x3A467A, 0x0C102F, 0x0C102F, 0x0C102F, 0x0C102F, 0x0C102F, 0x0C102F, 0x030514, 0x030514,
        0x030514, 0x3A467A, 0x030514, 0x030514, 0x030514, 0x030514, 0x0C102F, 0x0C102F, 0x181F47, 0x181F47, 0x181F47, 0x181F47, 0x181F47, 0x0C102F, 0xE8F2FF, 0x030514,
        0x030514, 0x030514, 0x030514, 0x030514, 0x030514, 0x8E9EC8, 0x0C102F, 0x181F47, 0x181F47, 0xF2ECC8, 0xF2ECC8, 0xF2ECC8, 0x181F47, 0x181F47, 0x0C102F, 0x030514,
        0x030514, 0x030514, 0x030514, 0x1C2248, 0x1C2248, 0x1C2248, 0x1C2248, 0x181F47, 0xF2ECC8, 0xFFFDEE, 0xFFFDEE, 0xF2ECC8, 0xF2ECC8, 0x181F47, 0x0C102F, 0x0C102F,
        0x070A22, 0x070A22, 0x070A22, 0x070A22, 0x070A22, 0x0C102F, 0x0C102F, 0x181F47, 0xF2ECC8, 0xF2ECC8, 0xF2ECC8, 0xCFC69C, 0xF2ECC8, 0x181F47, 0x0C102F, 0x0C102F,
        0x070A22, 0x070A22, 0x070A22, 0x070A22, 0x070A22, 0x0C102F, 0x0C102F, 0x181F47, 0xF2ECC8, 0xF2ECC8, 0xCFC69C, 0xCFC69C, 0xF2ECC8, 0x181F47, 0x0C102F, 0x0C102F,
        0x070A22, 0x070A22, 0xE8F2FF, 0x070A22, 0x070A22, 0x070A22, 0x0C102F, 0x181F47, 0x181F47, 0xF2ECC8, 0xF2ECC8, 0xF2ECC8, 0x181F47, 0x181F47, 0x0C102F, 0x070A22,
        0x070A22, 0x070A22, 0x070A22, 0x02030C, 0x070A22, 0x070A22, 0x0C102F, 0x0C102F, 0x181F47, 0x1C2248, 0x1C2248, 0x1C2248, 0x1C2248, 0x1C2248, 0x0C102F, 0x070A22,
        0x070A22, 0x070A22, 0x02030C, 0x02030C, 0x2A366E, 0x070A22, 0x070A22, 0x0C102F, 0x0C102F, 0x0C102F, 0x0C102F, 0x0C102F, 0x0C102F, 0x0C102F, 0x070A22, 0x070A22,
        0x1C2248, 0x151D48, 0x151D48, 0x02030C, 0x364686, 0x364686, 0x151D48, 0x151D48, 0x151D48, 0x0C102F, 0x0C102F, 0x0C102F, 0x151D48, 0x151D48, 0x1C2248, 0x1C2248,
        0x151D48, 0x151D48, 0x364686, 0x364686, 0x0D1333, 0x0D1333, 0x364686, 0x364686, 0x151D48, 0x151D48, 0x151D48, 0x151D48, 0x151D48, 0x151D48, 0x151D48, 0x151D48,
        0x151D48, 0x364686, 0x0D1333, 0x0D1333, 0x0D1333, 0x0D1333, 0xCFF762, 0x0D1333, 0x364686, 0x1E2A5C, 0x1E2A5C, 0x1E2A5C, 0x151D48, 0x151D48, 0x151D48, 0x151D48,
        0x364686, 0x0D1333, 0x0D1333, 0x0D1333, 0x0D1333, 0x0D1333, 0x1E2A5C, 0x1E2A5C, 0x1E2A5C, 0x040614, 0x040614, 0x040614, 0x1E2A5C, 0x1E2A5C, 0x151D48, 0x151D48,
        0x0D1333, 0x0D1333, 0x0D1333, 0x0D1333, 0x1E2A5C, 0x1E2A5C, 0x040614, 0x040614, 0x040614, 0x040614, 0x040614, 0x040614, 0x040614, 0x040614, 0x1E2A5C, 0x151D48,
        0x0D1333, 0x0D1333, 0x1E2A5C, 0x1E2A5C, 0x040614, 0x040614, 0x040614, 0x040614, 0x040614, 0x040614, 0x040614, 0x040614, 0x040614, 0x040614, 0x040614, 0x1E2A5C,
        0x1E2A5C, 0x1E2A5C, 0x040614, 0x040614, 0x040614, 0x040614, 0x040614, 0x040614, 0x040614, 0x040614, 0x040614, 0x040614, 0x040614, 0x040614, 0x040614, 0x040614,
    },
    {
        0x030514, 0x030514, 0x030514, 0x030514, 0x030514, 0x030514, 0x030514, 0x3A467A, 0x0D1030, 0x0D1030, 0x0D1030, 0x0D1030, 0x0D1030, 0x0D1030, 0x030514, 0x030514,
        0x030514, 0x3A467A, 0x030514, 0x030514, 0x030514, 0x030514, 0x0D1030, 0x0D1030, 0x191F48, 0x191F48, 0x191F48, 0x191F48, 0x191F48, 0x0D1030, 0xE8F2FF, 0x030514,
        0x030514, 0x030514, 0x030514, 0x030514, 0x030514, 0x8E9EC8, 0x0D1030, 0x191F48, 0x191F48, 0xF2ECC8, 0xF2ECC8, 0xF2ECC8, 0x191F48, 0x191F48, 0x0D1030, 0x030514,
        0x030514, 0x030514, 0x030514, 0x030514, 0x1C2248, 0x1C2248, 0x1C2248, 0x1C2248, 0xF2ECC8, 0xFFFDEE, 0xFFFDEE, 0xF2ECC8, 0xF2ECC8, 0x191F48, 0x0D1030, 0x0D1030,
        0x070A22, 0x070A22, 0x070A22, 0x070A22, 0x070A22, 0x0D1030, 0x0D1030, 0x191F48, 0xF2ECC8, 0xF2ECC8, 0xF2ECC8, 0xCFC69C, 0xF2ECC8, 0x191F48, 0x0D1030, 0x0D1030,
        0x070A22, 0x070A22, 0x070A22, 0x070A22, 0x070A22, 0x0D1030, 0x0D1030, 0x191F48, 0xF2ECC8, 0xF2ECC8, 0xCFC69C, 0xCFC69C, 0xF2ECC8, 0x191F48, 0x0D1030, 0x0D1030,
        0x070A22, 0x070A22, 0xE8F2FF, 0x070A22, 0x070A22, 0x070A22, 0x0D1030, 0x191F48, 0x191F48, 0xF2ECC8, 0xF2ECC8, 0xF2ECC8, 0x191F48, 0x191F48, 0x0D1030, 0x070A22,
        0x070A22, 0x070A22, 0x070A22, 0x02030C, 0x070A22, 0x070A22, 0x0D1030, 0x0D1030, 0x191F48, 0x191F48, 0x1C2248, 0x1C2248, 0x1C2248, 0x1C2248, 0x1C2248, 0x070A22,
        0x070A22, 0x070A22, 0x02030C, 0x02030C, 0x2A366E, 0x070A22, 0x070A22, 0x0D1030, 0x0D1030, 0x0D1030, 0x0D1030, 0x0D1030, 0x0D1030, 0x0D1030, 0x070A22, 0x070A22,
        0x1C2248, 0x1C2248, 0x151D48, 0x02030C, 0x364686, 0x364686, 0x151D48, 0x151D48, 0x151D48, 0x0D1030, 0x0D1030, 0x0D1030, 0x151D48, 0x151D48, 0x151D48, 0x1C2248,
        0x151D48, 0x151D48, 0x364686, 0x364686, 0x0D1333, 0x0D1333, 0x364686, 0x364686, 0x151D48, 0x151D48, 0x151D48, 0x151D48, 0x151D48, 0x151D48, 0x151D48, 0x151D48,
        0x151D48, 0x364686, 0x0D1333, 0x0D1333, 0x0D1333, 0x0D1333, 0xCFF762, 0x0D1333, 0x364686, 0x1E2A5C, 0x1E2A5C, 0x1E2A5C, 0x151D48, 0x151D48, 0x151D48, 0x151D48,
        0x364686, 0x0D1333, 0x0D1333, 0x0D1333, 0x0D1333, 0x0D1333, 0x1E2A5C, 0x1E2A5C, 0x1E2A5C, 0x040614, 0x040614, 0x040614, 0x1E2A5C, 0x1E2A5C, 0x151D48, 0x151D48,
        0x0D1333, 0x0D1333, 0x0D1333, 0x0D1333, 0x1E2A5C, 0x1E2A5C, 0x040614, 0x040614, 0x040614, 0x040614, 0x040614, 0x040614, 0x040614, 0x040614, 0x1E2A5C, 0x151D48,
        0x0D1333, 0x0D1333, 0x1E2A5C, 0x1E2A5C, 0x040614, 0x040614, 0x040614, 0x040614, 0x040614, 0x040614, 0x040614, 0x040614, 0x040614, 0x040614, 0x040614, 0x1E2A5C,
        0x1E2A5C, 0x1E2A5C, 0x040614, 0x040614, 0x040614, 0x040614, 0x040614, 0x040614, 0x040614, 0x040614, 0x040614, 0x040614, 0x040614, 0x040614, 0x040614, 0x040614,
    },
    {
        0x030514, 0x030514, 0x030514, 0x030514, 0x030514, 0x030514, 0x030514, 0x3A467A, 0x0D1030, 0x0D1030, 0x0D1030, 0x0D1030, 0x0D1030, 0x0D1030, 0x030514, 0x030514,
        0x030514, 0x3A467A, 0x030514, 0x030514, 0x030514, 0x030514, 0x0D1030, 0x0D1030, 0x192049, 0x192049, 0x192049, 0x192049, 0x192049, 0x0D1030, 0xE8F2FF, 0x030514,
        0x030514, 0x030514, 0x030514, 0x030514, 0x030514, 0xE8F2FF, 0x0D1030, 0x192049, 0x192049, 0xF2ECC8, 0xF2ECC8, 0xF2ECC8, 0x192049, 0x192049, 0x0D1030, 0x030514,
        0x030514, 0x030514, 0x030514, 0x030514, 0x1C2248, 0x1C2248, 0x1C2248, 0x1C2248, 0xF2ECC8, 0xFFFDEE, 0xFFFDEE, 0xF2ECC8, 0xF2ECC8, 0x192049, 0x0D1030, 0x0D1030,
        0x070A22, 0x070A22, 0x070A22, 0x070A22, 0x070A22, 0x0D1030, 0x0D1030, 0x192049, 0xF2ECC8, 0xF2ECC8, 0xF2ECC8, 0xCFC69C, 0xF2ECC8, 0x192049, 0x0D1030, 0x0D1030,
        0x070A22, 0x070A22, 0x070A22, 0x070A22, 0x070A22, 0x0D1030, 0x0D1030, 0x192049, 0xF2ECC8, 0xF2ECC8, 0xCFC69C, 0xCFC69C, 0xF2ECC8, 0x192049, 0x0D1030, 0x0D1030,
        0x070A22, 0x070A22, 0xE8F2FF, 0x070A22, 0x070A22, 0x070A22, 0x0D1030, 0x192049, 0x192049, 0xF2ECC8, 0xF2ECC8, 0xF2ECC8, 0x192049, 0x192049, 0x0D1030, 0x070A22,
        0x070A22, 0x070A22, 0x070A22, 0x02030C, 0x070A22, 0x070A22, 0x0D1030, 0x0D1030, 0x192049, 0x192049, 0x1C2248, 0x1C2248, 0x1C2248, 0x1C2248, 0x1C2248, 0x070A22,
        0x070A22, 0x070A22, 0x02030C, 0x02030C, 0x2A366E, 0x070A22, 0x070A22, 0x0D1030, 0x0D1030, 0x0D1030, 0x0D1030, 0x0D1030, 0x0D1030, 0x0D1030, 0x070A22, 0x070A22,
        0x1C2248, 0x1C2248, 0x151D48, 0x02030C, 0x364686, 0x364686, 0x151D48, 0x151D48, 0x151D48, 0x0D1030, 0x0D1030, 0x0D1030, 0x151D48, 0x151D48, 0x151D48, 0x1C2248,
        0x151D48, 0x151D48, 0x364686, 0x364686, 0x0D1333, 0x0D1333, 0xCFF762, 0x364686, 0x151D48, 0x151D48, 0x151D48, 0x151D48, 0x151D48, 0x151D48, 0x151D48, 0x151D48,
        0x151D48, 0x364686, 0x0D1333, 0x0D1333, 0x0D1333, 0x0D1333, 0x0D1333, 0x0D1333, 0x364686, 0x1E2A5C, 0x1E2A5C, 0x1E2A5C, 0x151D48, 0x151D48, 0x151D48, 0x151D48,
        0x364686, 0x0D1333, 0x0D1333, 0x0D1333, 0x0D1333, 0x0D1333, 0x1E2A5C, 0x1E2A5C, 0x1E2A5C, 0x040614, 0x040614, 0x040614, 0x1E2A5C, 0x1E2A5C, 0x151D48, 0x151D48,
        0x0D1333, 0x0D1333, 0x0D1333, 0x0D1333, 0x1E2A5C, 0x1E2A5C, 0x040614, 0x040614, 0x040614, 0x040614, 0x040614, 0x040614, 0x040614, 0x040614, 0x1E2A5C, 0x151D48,
        0x0D1333, 0x0D1333, 0x1E2A5C, 0x1E2A5C, 0x040614, 0x040614, 0x040614, 0x040614, 0x040614, 0x040614, 0x040614, 0x040614, 0x040614, 0x040614, 0x040614, 0x1E2A5C,
        0x1E2A5C, 0x1E2A5C, 0x040614, 0x040614, 0x040614, 0x040614, 0x040614, 0x040614, 0x040614, 0x040614, 0x040614, 0x040614, 0x040614, 0x040614, 0x040614, 0x040614,
    },
    {
        0x030514, 0x030514, 0x030514, 0x030514, 0x030514, 0x030514, 0x030514, 0x3A467A, 0x0D1131, 0x0D1131, 0x0D1131, 0x0D1131, 0x0D1131, 0x0D1131, 0x030514, 0x030514,
        0x030514, 0x3A467A, 0x030514, 0x030514, 0x030514, 0x030514, 0x0D1131, 0x0D1131, 0x1A204A, 0x1A204A, 0x1A204A, 0x1A204A, 0x1A204A, 0x0D1131, 0xE8F2FF, 0x030514,
        0x030514, 0x030514, 0x030514, 0x030514, 0x030514, 0xE8F2FF, 0x0D1131, 0x1A204A, 0x1A204A, 0xF2ECC8, 0xF2ECC8, 0xF2ECC8, 0x1A204A, 0x1A204A, 0x0D1131, 0x030514,
        0x030514, 0x030514, 0x030514, 0x030514, 0x030514, 0x1C2248, 0x1C2248, 0x1C2248, 0x9A968A, 0xFFFDEE, 0xFFFDEE, 0xF2ECC8, 0xF2ECC8, 0x1A204A, 0x0D1131, 0x0D1131,
        0x070A22, 0x070A22, 0x070A22, 0x070A22, 0x070A22, 0x0D1131, 0x0D1131, 0x1A204A, 0xF2ECC8, 0xF2ECC8, 0xF2ECC8, 0xCFC69C, 0xF2ECC8, 0x1A204A, 0x0D1131, 0x0D1131,
        0x070A22, 0x070A22, 0x070A22, 0x070A22, 0x070A22, 0x0D1131, 0x0D1131, 0x1A204A, 0xF2ECC8, 0xF2ECC8, 0xCFC69C, 0xCFC69C, 0xF2ECC8, 0x1A204A, 0x0D1131, 0x0D1131,
        0x070A22, 0x070A22, 0x8E9EC8, 0x070A22, 0x070A22, 0x070A22, 0x0D1131, 0x1A204A, 0x1A204A, 0xF2ECC8, 0xF2ECC8, 0xF2ECC8, 0x1A204A, 0x1A204A, 0x0D1131, 0x070A22,
        0x070A22, 0x070A22, 0x070A22, 0x02030C, 0x070A22, 0x070A22, 0x0D1131, 0x0D1131, 0x1A204A, 0x1A204A, 0x1A204A, 0x1C2248, 0x1C2248, 0x1C2248, 0x1C2248, 0x1C2248,
        0x070A22, 0x070A22, 0x02030C, 0x02030C, 0x2A366E, 0x070A22, 0x070A22, 0x0D1131, 0x0D1131, 0x0D1131, 0x0D1131, 0x0D1131, 0x0D1131, 0x0D1131, 0x070A22, 0x070A22,
        0x1C2248, 0x1C2248, 0x1C2248, 0x02030C, 0x364686, 0x364686, 0x151D48, 0x151D48, 0x151D48, 0x0D1131, 0x0D1131, 0x0D1131, 0x151D48, 0x151D48, 0x151D48, 0x151D48,
        0x151D48, 0x151D48, 0x364686, 0x364686, 0x0D1333, 0x0D1333, 0xCFF762, 0x364686, 0x151D48, 0x151D48, 0x151D48, 0x151D48, 0x151D48, 0x151D48, 0x151D48, 0x151D48,
        0x151D48, 0x364686, 0x0D1333, 0x0D1333, 0x0D1333, 0x0D1333, 0x0D1333, 0x0D1333, 0x364686, 0x1E2A5C, 0x1E2A5C, 0x1E2A5C, 0x151D48, 0x151D48, 0x151D48, 0x151D48,
        0x364686, 0x0D1333, 0x0D1333, 0x0D1333, 0x0D1333, 0x0D1333, 0x1E2A5C, 0x1E2A5C, 0x1E2A5C, 0x040614, 0x040614, 0x040614, 0x1E2A5C, 0x1E2A5C, 0x151D48, 0x151D48,
        0x0D1333, 0x0D1333, 0x0D1333, 0x0D1333, 0x1E2A5C, 0x1E2A5C, 0x040614, 0x040614, 0x040614, 0x040614, 0x040614, 0x040614, 0x040614, 0x040614, 0x1E2A5C, 0x151D48,
        0x0D1333, 0x0D1333, 0x1E2A5C, 0x1E2A5C, 0x040614, 0x040614, 0x040614, 0x040614, 0x040614, 0x040614, 0x040614, 0x040614, 0x040614, 0x040614, 0x040614, 0x1E2A5C,
        0x1E2A5C, 0x1E2A5C, 0x040614, 0x040614, 0x040614, 0x040614, 0x040614, 0x040614, 0x040614, 0x040614, 0x040614, 0x040614, 0x040614, 0x040614, 0x040614, 0x040614,
    },
    {
        0x030514, 0x030514, 0x030514, 0x030514, 0x030514, 0x030514, 0x030514, 0x3A467A, 0x0E1132, 0x0E1132, 0x0E1132, 0x0E1132, 0x0E1132, 0x0E1132, 0x030514, 0x030514,
        0x030514, 0x8E9EC8, 0x030514, 0x030514, 0x030514, 0x030514, 0x0E1132, 0x0E1132, 0x1A214B, 0x1A214B, 0x1A214B, 0x1A214B, 0x1A214B, 0x0E1132, 0xE8F2FF, 0x030514,
        0x030514, 0x030514, 0x030514, 0x030514, 0x030514, 0xE8F2FF, 0x0E1132, 0x1A214B, 0x1A214B, 0xF2ECC8, 0xF2ECC8, 0xF2ECC8, 0x1A214B, 0x1A214B, 0x0E1132, 0x030514,
        0x030514, 0x030514, 0x030514, 0x030514, 0x030514, 0x1C2248, 0x1C2248, 0x1C2248, 0x9A968A, 0xFFFDEE, 0xFFFDEE, 0xF2ECC8, 0xF2ECC8, 0x1A214B, 0x0E1132, 0x0E1132,
        0x070A22, 0x070A22, 0x070A22, 0x070A22, 0x070A22, 0x0E1132, 0x0E1132, 0x1A214B, 0xF2ECC8, 0xF2ECC8, 0xF2ECC8, 0xCFC69C, 0xF2ECC8, 0x1A214B, 0x0E1132, 0x0E1132,
        0x070A22, 0x070A22, 0x070A22, 0x070A22, 0x070A22, 0x0E1132, 0x0E1132, 0x1A214B, 0xF2ECC8, 0xF2ECC8, 0xCFC69C, 0xCFC69C, 0xF2ECC8, 0x1A214B, 0x0E1132, 0x0E1132,
        0x070A22, 0x070A22, 0x8E9EC8, 0x070A22, 0x070A22, 0x070A22, 0x0E1132, 0x1A214B, 0x1A214B, 0xF2ECC8, 0xF2ECC8, 0xF2ECC8, 0x1A214B, 0x1A214B, 0x0E1132, 0x070A22,
        0x070A22, 0x070A22, 0x070A22, 0x02030C, 0x070A22, 0x070A22, 0x0E1132, 0x0E1132, 0x1A214B, 0x1A214B, 0x1A214B, 0x1C2248, 0x1C2248, 0x1C2248, 0x1C2248, 0x1C2248,
        0x070A22, 0x070A22, 0x02030C, 0x02030C, 0x2A366E, 0x070A22, 0x070A22, 0x0E1132, 0x0E1132, 0x0E1132, 0x0E1132, 0x0E1132, 0x0E1132, 0x0E1132, 0x070A22, 0x070A22,
        0x1C2248, 0x1C2248, 0x1C2248, 0x02030C, 0x364686, 0x364686, 0x151D48, 0x151D48, 0x151D48, 0x0E1132, 0x0E1132, 0x0E1132, 0x151D48, 0x151D48, 0x151D48, 0x151D48,
        0x151D48, 0x151D48, 0x364686, 0x364686, 0x0D1333, 0x0D1333, 0xCFF762, 0x364686, 0x151D48, 0x151D48, 0x151D48, 0x151D48, 0x151D48, 0x151D48, 0x151D48, 0x151D48,
        0x151D48, 0x364686, 0x0D1333, 0x0D1333, 0x0D1333, 0x0D1333, 0x0D1333, 0x0D1333, 0x364686, 0x1E2A5C, 0x1E2A5C, 0x1E2A5C, 0x151D48, 0x151D48, 0x151D48, 0x151D48,
        0x364686, 0x0D1333, 0x0D1333, 0x0D1333, 0x0D1333, 0x0D1333, 0x1E2A5C, 0x1E2A5C, 0x1E2A5C, 0x040614, 0x040614, 0x040614, 0x1E2A5C, 0x1E2A5C, 0x151D48, 0x151D48,
        0x0D1333, 0x0D1333, 0x0D1333, 0x0D1333, 0x1E2A5C, 0x1E2A5C, 0x040614, 0x040614, 0x040614, 0x040614, 0x040614, 0x040614, 0x040614, 0x040614, 0x1E2A5C, 0x151D48,
        0x0D1333, 0x0D1333, 0x1E2A5C, 0x1E2A5C, 0x040614, 0x040614, 0x040614, 0x040614, 0x040614, 0x040614, 0x040614, 0x040614, 0x040614, 0x040614, 0x040614, 0x1E2A5C,
        0x1E2A5C, 0x1E2A5C, 0x040614, 0x040614, 0x040614, 0x040614, 0x040614, 0x040614, 0x040614, 0x040614, 0x040614, 0x040614, 0x040614, 0x040614, 0x040614, 0x040614,
    },
    {
        0x030514, 0x030514, 0x030514, 0x030514, 0x030514, 0x030514, 0x030514, 0x3A467A, 0x0E1233, 0x0E1233, 0x0E1233, 0x0E1233, 0x0E1233, 0x0E1233, 0x030514, 0x030514,
        0x030514, 0x8E9EC8, 0x030514, 0x030514, 0x030514, 0x030514, 0x0E1233, 0x0E1233, 0x1B224C, 0x1B224C, 0x1B224C, 0x1B224C, 0x1B224C, 0x0E1233, 0xE8F2FF, 0x030514,
        0x030514, 0x030514, 0x030514, 0x030514, 0x030514, 0xE8F2FF, 0x0E1233, 0x1B224C, 0x1B224C, 0xF2ECC8, 0xF2ECC8, 0xF2ECC8, 0x1B224C, 0x1B224C, 0x0E1233, 0x030514,
        0x030514, 0x030514, 0x030514, 0x030514, 0x030514, 0x0E1233, 0x1C2248, 0x1C2248, 0x9A968A, 0x9A968A, 0xFFFDEE, 0xF2ECC8, 0xF2ECC8, 0x1B224C, 0x0E1233, 0x0E1233,
        0x070A22, 0x070A22, 0x070A22, 0x070A22, 0x070A22, 0x0E1233, 0x0E1233, 0x1B224C, 0xF2ECC8, 0xF2ECC8, 0xF2ECC8, 0xCFC69C, 0xF2ECC8, 0x1B224C, 0x0E1233, 0x0E1233,
        0x070A22, 0x070A22, 0x070A22, 0x070A22, 0x070A22, 0x0E1233, 0x0E1233, 0x1B224C, 0xF2ECC8, 0xF2ECC8, 0xCFC69C, 0xCFC69C, 0xF2ECC8, 0x1B224C, 0x0E1233, 0x0E1233,
        0x070A22, 0x070A22, 0x8E9EC8, 0x070A22, 0x070A22, 0x070A22, 0x0E1233, 0x1B224C, 0x1B224C, 0xF2ECC8, 0xF2ECC8, 0xF2ECC8, 0x1B224C, 0x1B224C, 0x0E1233, 0x070A22,
        0x1C2248, 0x070A22, 0x070A22, 0x02030C, 0x070A22, 0x070A22, 0x0E1233, 0x0E1233, 0x1B224C, 0x1B224C, 0x1B224C, 0x1B224C, 0x1C2248, 0x1C2248, 0x1C2248, 0x1C2248,
        0x070A22, 0x070A22, 0x02030C, 0x02030C, 0x2A366E, 0x070A22, 0x070A22, 0x0E1233, 0x0E1233, 0x0E1233, 0x0E1233, 0x0E1233, 0x0E1233, 0x0E1233, 0x070A22, 0x070A22,
        0xE8F2FF, 0x1C2248, 0x1C2248, 0x02030C, 0x364686, 0x364686, 0x151D48, 0x151D48, 0x151D48, 0x0E1233, 0x0E1233, 0x0E1233, 0x151D48, 0x151D48, 0x151D48, 0x151D48,
        0x151D48, 0x151D48, 0x364686, 0x364686, 0x0D1333, 0x0D1333, 0x5E7A24, 0x364686, 0x151D48, 0x151D48, 0x151D48, 0x151D48, 0x151D48, 0x151D48, 0x151D48, 0x151D48,
        0x151D48, 0x364686, 0x0D1333, 0x0D1333, 0x0D1333, 0x0D1333, 0x0D1333, 0x0D1333, 0x364686, 0x1E2A5C, 0x1E2A5C, 0x1E2A5C, 0x151D48, 0x151D48, 0x151D48, 0x151D48,
        0x364686, 0x0D1333, 0x0D1333, 0x0D1333, 0x0D1333, 0x0D1333, 0x1E2A5C, 0x1E2A5C, 0x1E2A5C, 0x040614, 0x040614, 0x040614, 0x1E2A5C, 0x1E2A5C, 0x151D48, 0x151D48,
        0x0D1333, 0x0D1333, 0x0D1333, 0x0D1333, 0x1E2A5C, 0x1E2A5C, 0x040614, 0x040614, 0x040614, 0x040614, 0x040614, 0x040614, 0x040614, 0x040614, 0x1E2A5C, 0x151D48,
        0x0D1333, 0x0D1333, 0x1E2A5C, 0x1E2A5C, 0x040614, 0x040614, 0x040614, 0x040614, 0x040614, 0x040614, 0x040614, 0x040614, 0x040614, 0x040614, 0x040614, 0x1E2A5C,
        0x1E2A5C, 0x1E2A5C, 0x040614, 0x040614, 0x040614, 0x040614, 0x040614, 0x040614, 0x040614, 0x040614, 0x040614, 0x040614, 0x040614, 0x040614, 0x040614, 0x040614,
    },
    {
        0x030514, 0x030514, 0x030514, 0x030514, 0x030514, 0x030514, 0x030514, 0x3A467A, 0x0E1234, 0x0E1234, 0x0E1234, 0x0E1234, 0x0E1234, 0x0E1234, 0x030514, 0x030514,
        0x030514, 0x8E9EC8, 0x030514, 0x030514, 0x030514, 0x030514, 0x0E1234, 0x0E1234, 0x1B234D, 0x1B234D, 0x1B234D, 0x1B234D, 0x1B234D, 0x0E1234, 0xE8F2FF, 0x030514,
        0x030514, 0x030514, 0x030514, 0x030514, 0x030514, 0xE8F2FF, 0x0E1234, 0x1B234D, 0x1B234D, 0xF2ECC8, 0xF2ECC8, 0xF2ECC8, 0x1B234D, 0x1B234D, 0x0E1234, 0x030514,
        0x030514, 0x030514, 0x030514, 0x030514, 0x030514, 0x0E1234, 0x1C2248, 0x1C2248, 0x9A968A, 0x9A968A, 0xFFFDEE, 0xF2ECC8, 0xF2ECC8, 0x1B234D, 0x0E1234, 0x0E1234,
        0x070A22, 0x070A22, 0x070A22, 0x070A22, 0x070A22, 0x0E1234, 0x0E1234, 0x1B234D, 0xF2ECC8, 0xF2ECC8, 0xF2ECC8, 0xCFC69C, 0xF2ECC8, 0x1B234D, 0x0E1234, 0x0E1234,
        0x070A22, 0x070A22, 0x070A22, 0x070A22, 0x070A22, 0x0E1234, 0x0E1234, 0x1B234D, 0xF2ECC8, 0xF2ECC8, 0xCFC69C, 0xCFC69C, 0xF2ECC8, 0x1B234D, 0x0E1234, 0x0E1234,
        0x070A22, 0x070A22, 0x3A467A, 0x070A22, 0x070A22, 0x070A22, 0x0E1234, 0x1B234D, 0x1B234D, 0xF2ECC8, 0xF2ECC8, 0xF2ECC8, 0x1B234D, 0x1B234D, 0x0E1234, 0x070A22,
        0x1C2248, 0x070A22, 0x070A22, 0x02030C, 0x070A22, 0x070A22, 0x0E1234, 0x0E1234, 0x1B234D, 0x1B234D, 0x1B234D, 0x1B234D, 0x1C2248, 0x1C2248, 0x1C2248, 0x1C2248,
        0x070A22, 0x070A22, 0x02030C, 0x02030C, 0x2A366E, 0x070A22, 0x070A22, 0x0E1234, 0x0E1234, 0x0E1234, 0x0E1234, 0x0E1234, 0x0E1234, 0x0E1234, 0x070A22, 0x070A22,
        0xE8F2FF, 0x1C2248, 0x1C2248, 0x02030C, 0x364686, 0x364686, 0x151D48, 0x151D48, 0x151D48, 0x0E1234, 0x0E1234, 0x0E1234, 0x151D48, 0x151D48, 0x151D48, 0x151D48,
        0x151D48, 0x151D48, 0x364686, 0x364686, 0x0D1333, 0x0D1333, 0x364686, 0x364686, 0x151D48, 0x151D48, 0x151D48, 0x151D48, 0x151D48, 0x151D48, 0x151D48, 0x151D48,
        0x151D48, 0x364686, 0x0D1333, 0x0D1333, 0x0D1333, 0x0D1333, 0x0D1333, 0x0D1333, 0x364686, 0x1E2A5C, 0x1E2A5C, 0x1E2A5C, 0x151D48, 0x151D48, 0x151D48, 0x151D48,
        0x364686, 0x0D1333, 0x0D1333, 0x0D1333, 0x0D1333, 0x0D1333, 0x1E2A5C, 0x1E2A5C, 0x1E2A5C, 0x040614, 0x040614, 0x040614, 0x1E2A5C, 0x1E2A5C, 0x151D48, 0x151D48,
        0x0D1333, 0x0D1333, 0x0D1333, 0x0D1333, 0x1E2A5C, 0x1E2A5C, 0x040614, 0x040614, 0x040614, 0x040614, 0x040614, 0x040614, 0x040614, 0x040614, 0x1E2A5C, 0x151D48,
        0x0D1333, 0x0D1333, 0x1E2A5C, 0x1E2A5C, 0x040614, 0x040614, 0x040614, 0x040614, 0x040614, 0x040614, 0x040614, 0x040614, 0x040614, 0x040614, 0x040614, 0x1E2A5C,
        0x1E2A5C, 0x1E2A5C, 0x040614, 0x040614, 0x040614, 0x040614, 0x040614, 0x040614, 0x040614, 0x040614, 0x040614, 0x040614, 0x040614, 0x040614, 0x040614, 0x040614,
    },
    {
        0x030514, 0x030514, 0x030514, 0x030514, 0x030514, 0x030514, 0x030514, 0x3A467A, 0x0F1335, 0x0F1335, 0x0F1335, 0x0F1335, 0x0F1335, 0x0F1335, 0x030514, 0x030514,
        0x030514, 0xE8F2FF, 0x030514, 0x030514, 0x030514, 0x030514, 0x0F1335, 0x0F1335, 0x1C234E, 0x1C234E, 0x1C234E, 0x1C234E, 0x1C234E, 0x0F1335, 0xE8F2FF, 0x030514,
        0x030514, 0x030514, 0x030514, 0x030514, 0x030514, 0xE8F2FF, 0x0F1335, 0x1C234E, 0x1C234E, 0xF2ECC8, 0xF2ECC8, 0xF2ECC8, 0x1C234E, 0x1C234E, 0x0F1335, 0x030514,
        0x030514, 0x030514, 0x030514, 0x030514, 0x030514, 0x0F1335, 0x0F1335, 0x1C2248, 0x9A968A, 0x9A968A, 0x9A968A, 0xF2ECC8, 0xF2ECC8, 0x1C234E, 0x0F1335, 0x0F1335,
        0x070A22, 0x070A22, 0x070A22, 0x070A22, 0x070A22, 0x0F1335, 0x0F1335, 0x1C234E, 0xF2ECC8, 0xF2ECC8, 0xF2ECC8, 0xCFC69C, 0xF2ECC8, 0x1C234E, 0x0F1335, 0x0F1335,
        0x070A22, 0x070A22, 0x070A22, 0x070A22, 0x070A22, 0x0F1335, 0x0F1335, 0x1C234E, 0xF2ECC8, 0xF2ECC8, 0xCFC69C, 0xCFC69C, 0xF2ECC8, 0x1C234E, 0x0F1335, 0x0F1335,
        0x070A22, 0x070A22, 0x3A467A, 0x070A22, 0x070A22, 0x070A22, 0x0F1335, 0x1C234E, 0x1C234E, 0xF2ECC8, 0xF2ECC8, 0xF2ECC8, 0x1C234E, 0x1C234E, 0x0F1335, 0x070A22,
        0x1C2248, 0x1C2248, 0x070A22, 0x02030C, 0x070A22, 0x070A22, 0x0F1335, 0x0F1335, 0x1C234E, 0x1C234E, 0x1C234E, 0x1C234E, 0x1C234E, 0x1C2248, 0x1C2248, 0x1C2248,
        0x070A22, 0x070A22, 0x02030C, 0x02030C, 0x2A366E, 0x070A22, 0x070A22, 0x0F1335, 0x0F1335, 0x0F1335, 0x0F1335, 0x0F1335, 0x0F1335, 0x0F1335, 0x070A22, 0x070A22,
        0xE8F2FF, 0x151D48, 0x1C2248, 0x02030C, 0x364686, 0x364686, 0x151D48, 0x151D48, 0x151D48, 0x0F1335, 0x0F1335, 0x0F1335, 0x151D48, 0x151D48, 0x151D48, 0x151D48,
        0x151D48, 0x151D48, 0x364686, 0x364686, 0x0D1333, 0x0D1333, 0x364686, 0x364686, 0x151D48, 0x151D48, 0x151D48, 0x151D48, 0x151D48, 0x151D48, 0x151D48, 0x151D48,
        0x151D48, 0x364686, 0x0D1333, 0x0D1333, 0x0D1333, 0x0D1333, 0x0D1333, 0x0D1333, 0x364686, 0x1E2A5C, 0x1E2A5C, 0x1E2A5C, 0x151D48, 0x151D48, 0x151D48, 0x151D48,
        0x364686, 0x0D1333, 0x0D1333, 0x0D1333, 0x0D1333, 0x0D1333, 0x1E2A5C, 0x1E2A5C, 0x1E2A5C, 0x040614, 0x040614, 0x040614, 0x1E2A5C, 0x1E2A5C, 0x151D48, 0x151D48,
        0x0D1333, 0x0D1333, 0x0D1333, 0x0D1333, 0x1E2A5C, 0x1E2A5C, 0x040614, 0x040614, 0x040614, 0x040614, 0x040614, 0x040614, 0x040614, 0x040614, 0x1E2A5C, 0x151D48,
        0x0D1333, 0x0D1333, 0x1E2A5C, 0x1E2A5C, 0x040614, 0x040614, 0x040614, 0x040614, 0x040614, 0x040614, 0x040614, 0x040614, 0x040614, 0x040614, 0x040614, 0x1E2A5C,
        0x1E2A5C, 0x1E2A5C, 0x040614, 0x040614, 0x040614, 0x040614, 0x040614, 0x040614, 0x040614, 0x040614, 0x040614, 0x040614, 0x040614, 0x040614, 0x040614, 0x040614,
    },
    {
        0x030514, 0x030514, 0x030514, 0x030514, 0x030514, 0x030514, 0x030514, 0x3A467A, 0x0F1336, 0x0F1336, 0x0F1336, 0x0F1336, 0x0F1336, 0x0F1336, 0x030514, 0x030514,
        0x030514, 0xE8F2FF, 0x030514, 0x030514, 0x030514, 0x030514, 0x0F1336, 0x0F1336, 0x1D244F, 0x1D244F, 0x1D244F, 0x1D244F, 0x1D244F, 0x0F1336, 0xE8F2FF, 0x030514,
        0x030514, 0x030514, 0x030514, 0x030514, 0x030514, 0xE8F2FF, 0x0F1336, 0x1D244F, 0x1D244F, 0xF2ECC8, 0xF2ECC8, 0xF2ECC8, 0x1D244F, 0x1D244F, 0x0F1336, 0x030514,
        0x030514, 0x030514, 0x030514, 0x030514, 0x030514, 0x0F1336, 0x0F1336, 0x1C2248, 0x9A968A, 0x9A968A, 0x9A968A, 0xF2ECC8, 0xF2ECC8, 0x1D244F, 0x0F1336, 0x0F1336,
        0x070A22, 0x070A22, 0x070A22, 0x070A22, 0x070A22, 0x0F1336, 0x0F1336, 0x1D244F, 0xF2ECC8, 0xF2ECC8, 0xF2ECC8, 0xCFC69C, 0xF2ECC8, 0x1D244F, 0x0F1336, 0x0F1336,
        0x070A22, 0x070A22, 0x070A22, 0x070A22, 0x070A22, 0x0F1336, 0x0F1336, 0x1D244F, 0xF2ECC8, 0xF2ECC8, 0xCFC69C, 0xCFC69C, 0xF2ECC8, 0x1D244F, 0x0F1336, 0x0F1336,
        0x070A22, 0x070A22, 0x3A467A, 0x070A22, 0x070A22, 0x070A22, 0x0F1336, 0x1D244F, 0x1D244F, 0xF2ECC8, 0xF2ECC8, 0xF2ECC8, 0x1D244F, 0x1D244F, 0x0F1336, 0x070A22,
        0x1C2248, 0x1C2248, 0x070A22, 0x02030C, 0x070A22, 0x070A22, 0x0F1336, 0x0F1336, 0x1D244F, 0x1D244F, 0x1D244F, 0x1D244F, 0x1D244F, 0x1C2248, 0x1C2248, 0x1C2248,
        0x070A22, 0x070A22, 0x02030C, 0x02030C, 0x2A366E, 0x070A22, 0x070A22, 0x0F1336, 0x0F1336, 0x0F1336, 0x0F1336, 0x0F1336, 0x0F1336, 0x0F1336, 0x070A22, 0x070A22,
        0xE8F2FF, 0x151D48, 0x1C2248, 0x02030C, 0x364686, 0x364686, 0x151D48, 0x151D48, 0x151D48, 0x0F1336, 0x0F1336, 0x0F1336, 0x151D48, 0x151D48, 0x151D48, 0x151D48,
        0x151D48, 0x151D48, 0x364686, 0x364686, 0x0D1333, 0x0D1333, 0x364686, 0x364686, 0x151D48, 0x151D48, 0x151D48, 0x151D48, 0x151D48, 0x151D48, 0x151D48, 0x151D48,
        0x151D48, 0x364686, 0x0D1333, 0x0D1333, 0x0D1333, 0x0D1333, 0x0D1333, 0x0D1333, 0x364686, 0x1E2A5C, 0x1E2A5C, 0x1E2A5C, 0x151D48, 0x151D48, 0x151D48, 0x151D48,
        0x364686, 0x0D1333, 0x0D1333, 0x0D1333, 0x0D1333, 0x0D1333, 0x1E2A5C, 0x1E2A5C, 0x1E2A5C, 0x040614, 0x040614, 0x040614, 0x1E2A5C, 0x1E2A5C, 0x151D48, 0x151D48,
        0x0D1333, 0x0D1333, 0x0D1333, 0x0D1333, 0x1E2A5C, 0x1E2A5C, 0x040614, 0x040614, 0x040614, 0x040614, 0x040614, 0x040614, 0x040614, 0x040614, 0x1E2A5C, 0x151D48,
        0x0D1333, 0x0D1333, 0x1E2A5C, 0x1E2A5C, 0x040614, 0x040614, 0x040614, 0x040614, 0x040614, 0x040614, 0x040614, 0x040614, 0x040614, 0x040614, 0x040614, 0x1E2A5C,
        0x1E2A5C, 0x1E2A5C, 0x040614, 0x040614, 0x040614, 0x040614, 0x040614, 0x040614, 0x040614, 0x040614, 0x040614, 0x040614, 0x040614, 0x040614, 0x040614, 0x040614,
    },
    {
        0x030514, 0x030514, 0x030514, 0x030514, 0x030514, 0x030514, 0x030514, 0x3A467A, 0x0F1337, 0x0F1337, 0x0F1337, 0x0F1337, 0x0F1337, 0x0F1337, 0x030514, 0x030514,
        0x030514, 0xE8F2FF, 0x030514, 0x030514, 0x030514, 0x030514, 0x0F1337, 0x0F1337, 0x1D2550, 0x1D2550, 0x1D2550, 0x1D2550, 0x1D2550, 0x0F1337, 0x8E9EC8, 0x030514,
        0x030514, 0x030514, 0x030514, 0x030514, 0x030514, 0xE8F2FF, 0x0F1337, 0x1D2550, 0x1D2550, 0xF2ECC8, 0xF2ECC8, 0xF2ECC8, 0x1D2550, 0x1D2550, 0x0F1337, 0x030514,
        0x030514, 0x030514, 0x030514, 0x030514, 0x030514, 0x0F1337, 0x0F1337, 0x1D2550, 0x9A968A, 0x9A968A, 0x9A968A, 0x9A968A, 0xF2ECC8, 0x1D2550, 0x0F1337, 0x0F1337,
        0x070A22, 0x070A22, 0x070A22, 0x070A22, 0x070A22, 0x0F1337, 0x0F1337, 0x1D2550, 0xF2ECC8, 0xF2ECC8, 0xF2ECC8, 0xCFC69C, 0xF2ECC8, 0x1D2550, 0x0F1337, 0x0F1337,
        0x070A22, 0x070A22, 0x070A22, 0x070A22, 0x070A22, 0x0F1337, 0x0F1337, 0x1D2550, 0xF2ECC8, 0xF2ECC8, 0xCFC69C, 0xCFC69C, 0xF2ECC8, 0x1D2550, 0x0F1337, 0x0F1337,
        0x070A22, 0x070A22, 0x3A467A, 0x070A22, 0x070A22, 0x070A22, 0x0F1337, 0x1D2550, 0x1D2550, 0xF2ECC8, 0xF2ECC8, 0xF2ECC8, 0x1D2550, 0x1D2550, 0x0F1337, 0x070A22,
        0x1C2248, 0x1C2248, 0x1C2248, 0x02030C, 0x070A22, 0x070A22, 0x0F1337, 0x0F1337, 0x1D2550, 0x1D2550, 0x1D2550, 0x1D2550, 0x1D2550, 0x0F1337, 0x1C2248, 0x1C2248,
        0x070A22, 0x070A22, 0x02030C, 0x02030C, 0x2A366E, 0x070A22, 0x070A22, 0x0F1337, 0x0F1337, 0x0F1337, 0x0F1337, 0x0F1337, 0x0F1337, 0x0F1337, 0x070A22, 0x070A22,
        0xE8F2FF, 0x151D48, 0x151D48, 0x02030C, 0x364686, 0x364686, 0x151D48, 0x151D48, 0x151D48, 0x0F1337, 0x0F1337, 0x0F1337, 0x151D48, 0x151D48, 0x151D48, 0x151D48,
        0x151D48, 0x151D48, 0x364686, 0x364686, 0x0D1333, 0x0D1333, 0x364686, 0x364686, 0x151D48, 0x151D48, 0x151D48, 0x151D48, 0x151D48, 0x151D48, 0x151D48, 0x151D48,
        0x151D48, 0x364686, 0x0D1333, 0x0D1333, 0x0D1333, 0x0D1333, 0x0D1333, 0x0D1333, 0x364686, 0x1E2A5C, 0x1E2A5C, 0x1E2A5C, 0x151D48, 0x151D48, 0x151D48, 0x151D48,
        0x364686, 0x0D1333, 0x0D1333, 0x0D1333, 0x0D1333, 0x0D1333, 0x1E2A5C, 0x1E2A5C, 0x1E2A5C, 0x040614, 0x040614, 0x040614, 0x1E2A5C, 0x1E2A5C, 0x151D48, 0x151D48,
        0x0D1333, 0x0D1333, 0x0D1333, 0x0D1333, 0x1E2A5C, 0x1E2A5C, 0x040614, 0x040614, 0x040614, 0x040614, 0x040614, 0x040614, 0x040614, 0x040614, 0x1E2A5C, 0x151D48,
        0x0D1333, 0x0D1333, 0x1E2A5C, 0x1E2A5C, 0x040614, 0x040614, 0x040614, 0x040614, 0x040614, 0x040614, 0x040614, 0x040614, 0x040614, 0x040614, 0x040614, 0x1E2A5C,
        0x1E2A5C, 0x1E2A5C, 0x040614, 0x040614, 0x040614, 0x040614, 0x040614, 0x040614, 0x040614, 0x040614, 0x040614, 0x040614, 0x040614, 0x040614, 0x040614, 0x040614,
    },
    {
        0x030514, 0x030514, 0x030514, 0x030514, 0x030514, 0x030514, 0x030514, 0x3A467A, 0x101437, 0x101437, 0x101437, 0x101437, 0x101437, 0x101437, 0x030514, 0x030514,
        0x030514, 0xE8F2FF, 0x030514, 0x030514, 0x030514, 0x030514, 0x101437, 0x101437, 0x1D2551, 0x1D2551, 0x1D2551, 0x1D2551, 0x1D2551, 0x101437, 0x8E9EC8, 0x030514,
        0x030514, 0x030514, 0x030514, 0x030514, 0x030514, 0xE8F2FF, 0x101437, 0x1D2551, 0x1D2551, 0xF2ECC8, 0xF2ECC8, 0xF2ECC8, 0x1D2551, 0x1D2551, 0x101437, 0x030514,
        0x030514, 0x030514, 0x030514, 0x030514, 0x030514, 0x101437, 0x101437, 0x1D2551, 0x9A968A, 0x9A968A, 0x9A968A, 0x9A968A, 0xF2ECC8, 0x1D2551, 0x101437, 0x101437,
        0x070A22, 0x070A22, 0x070A22, 0x070A22, 0x070A22, 0x101437, 0x101437, 0x1D2551, 0xF2ECC8, 0xF2ECC8, 0xF2ECC8, 0xCFC69C, 0xF2ECC8, 0x1D2551, 0x101437, 0x101437,
        0x070A22, 0x070A22, 0x070A22, 0x070A22, 0x070A22, 0x101437, 0x101437, 0x1D2551, 0xF2ECC8, 0xF2ECC8, 0xCFC69C, 0xCFC69C, 0xF2ECC8, 0x1D2551, 0x101437, 0x101437,
        0x070A22, 0x070A22, 0x3A467A, 0x070A22, 0x070A22, 0x070A22, 0x101437, 0x1D2551, 0x1D2551, 0xF2ECC8, 0xF2ECC8, 0xF2ECC8, 0x1D2551, 0x1D2551, 0x101437, 0x070A22,
        0x1C2248, 0x1C2248, 0x1C2248, 0x02030C, 0x070A22, 0x070A22, 0x101437, 0x101437, 0x1D2551, 0x1D2551, 0x1D2551, 0x1D2551, 0x1D2551, 0x101437, 0x1C2248, 0x1C2248,
        0x070A22, 0x070A22, 0x02030C, 0x02030C, 0x2A366E, 0x070A22, 0x070A22, 0x101437, 0x101437, 0x101437, 0x101437, 0x101437, 0x101437, 0x101437, 0x070A22, 0x070A22,
        0xE8F2FF, 0x151D48, 0x151D48, 0x02030C, 0x364686, 0x364686, 0x151D48, 0x151D48, 0x151D48, 0x101437, 0x101437, 0x101437, 0x151D48, 0x151D48, 0x151D48, 0x151D48,
        0x151D48, 0x151D48, 0x364686, 0x364686, 0x0D1333, 0x0D1333, 0x364686, 0x364686, 0x151D48, 0x151D48, 0x151D48, 0x151D48, 0x151D48, 0x151D48, 0x151D48, 0x151D48,
        0x151D48, 0x364686, 0x0D1333, 0x0D1333, 0x0D1333, 0x0D1333, 0x0D1333, 0x0D1333, 0x364686, 0x1E2A5C, 0x1E2A5C, 0x1E2A5C, 0x151D48, 0x151D48, 0x151D48, 0x151D48,
        0x364686, 0x0D1333, 0x0D1333, 0x0D1333, 0x0D1333, 0x0D1333, 0x1E2A5C, 0x1E2A5C, 0x1E2A5C, 0x040614, 0x040614, 0x040614, 0x1E2A5C, 0x1E2A5C, 0x151D48, 0x151D48,
        0x0D1333, 0x0D1333, 0x0D1333, 0x0D1333, 0x1E2A5C, 0x1E2A5C, 0x040614, 0x040614, 0x040614, 0x040614, 0x040614, 0x040614, 0x040614, 0x040614, 0x1E2A5C, 0x151D48,
        0x0D1333, 0x0D1333, 0x1E2A5C, 0x1E2A5C, 0x040614, 0x040614, 0x040614, 0x040614, 0x040614, 0x040614, 0x040614, 0x040614, 0x040614, 0x040614, 0x040614, 0x1E2A5C,
        0x1E2A5C, 0x1E2A5C, 0x040614, 0x040614, 0x040614, 0x040614, 0x040614, 0x040614, 0x040614, 0x040614, 0x040614, 0x040614, 0x040614, 0x040614, 0x040614, 0x040614,
    },
    {
        0x030514, 0x030514, 0x030514, 0x030514, 0x030514, 0x030514, 0x030514, 0x3A467A, 0x101438, 0x101438, 0x101438, 0x101438, 0x101438, 0x101438, 0x030514, 0x030514,
        0x030514, 0xE8F2FF, 0x030514, 0x030514, 0x030514, 0x030514, 0x101438, 0x101438, 0x1E2652, 0x1E2652, 0x1E2652, 0x1E2652, 0x1E2652, 0x101438, 0x8E9EC8, 0x030514,
        0x030514, 0x030514, 0x030514, 0x030514, 0x030514, 0xE8F2FF, 0x101438, 0x1E2652, 0x1E2652, 0xF2ECC8, 0xF2ECC8, 0xF2ECC8, 0x1E2652, 0x1E2652, 0x101438, 0x030514,
        0x030514, 0x030514, 0x030514, 0x030514, 0x030514, 0x101438, 0x101438, 0x1E2652, 0xF2ECC8, 0x9A968A, 0x9A968A, 0x9A968A, 0x9A968A, 0x1E2652, 0x101438, 0x101438,
        0x070A22, 0x070A22, 0x070A22, 0x070A22, 0x070A22, 0x101438, 0x101438, 0x1E2652, 0xF2ECC8, 0xF2ECC8, 0xF2ECC8, 0xCFC69C, 0xF2ECC8, 0x1E2652, 0x101438, 0x101438,
        0x070A22, 0x070A22, 0x070A22, 0x070A22, 0x070A22, 0x101438, 0x101438, 0x1E2652, 0xF2ECC8, 0xF2ECC8, 0xCFC69C, 0xCFC69C, 0xF2ECC8, 0x1E2652, 0x101438, 0x101438,
        0x070A22, 0x070A22, 0x3A467A, 0x070A22, 0x070A22, 0x070A22, 0x101438, 0x1E2652, 0x1E2652, 0xF2ECC8, 0xF2ECC8, 0xF2ECC8, 0x1E2652, 0x1E2652, 0x101438, 0x070A22,
        0x1C2248, 0x1C2248, 0x1C2248, 0x02030C, 0x070A22, 0x070A22, 0x101438, 0x101438, 0x1E2652, 0x1E2652, 0x1E2652, 0x1E2652, 0x1E2652, 0x101438, 0x101438, 0x1C2248,
        0x070A22, 0x070A22, 0x02030C, 0x02030C, 0x2A366E, 0x070A22, 0x070A22, 0x101438, 0x101438, 0x101438, 0x101438, 0x101438, 0x101438, 0x101438, 0x070A22, 0x070A22,
        0xE8F2FF, 0x151D48, 0x151D48, 0x02030C, 0x364686, 0x364686, 0x1C2248, 0x151D48, 0x151D48, 0x101438, 0x101438, 0x101438, 0x151D48, 0x151D48, 0x151D48, 0x151D48,
        0x151D48, 0x151D48, 0x364686, 0x364686, 0x0D1333, 0x0D1333, 0x364686, 0x364686, 0x151D48, 0x151D48, 0x151D48, 0x151D48, 0x5E7A24, 0x151D48, 0x151D48, 0x151D48,
        0x151D48, 0x364686, 0x0D1333, 0x0D1333, 0x0D1333, 0x0D1333, 0x0D1333, 0x0D1333, 0x364686, 0x1E2A5C, 0x1E2A5C, 0x1E2A5C, 0x151D48, 0x151D48, 0x151D48, 0x151D48,
        0x364686, 0x0D1333, 0x0D1333, 0x0D1333, 0x0D1333, 0x0D1333, 0x1E2A5C, 0x1E2A5C, 0x1E2A5C, 0x040614, 0x040614, 0x040614, 0x1E2A5C, 0x1E2A5C, 0x151D48, 0x151D48,
        0x0D1333, 0x0D1333, 0x0D1333, 0x0D1333, 0x1E2A5C, 0x1E2A5C, 0x040614, 0x040614, 0x040614, 0x040614, 0x040614, 0x040614, 0x040614, 0x040614, 0x1E2A5C, 0x151D48,
        0x0D1333, 0x0D1333, 0x1E2A5C, 0x1E2A5C, 0x040614, 0x040614, 0x040614, 0x040614, 0x040614, 0x040614, 0x040614, 0x040614, 0x040614, 0x040614, 0x040614, 0x1E2A5C,
        0x1E2A5C, 0x1E2A5C, 0x040614, 0x040614, 0x040614, 0x040614, 0x040614, 0x040614, 0x040614, 0x040614, 0x040614, 0x040614, 0x040614, 0x040614, 0x040614, 0x040614,
    },
    {
        0x030514, 0x030514, 0x030514, 0x030514, 0x030514, 0x030514, 0x030514, 0x3A467A, 0x101438, 0x101438, 0x101438, 0x101438, 0x101438, 0x101438, 0x030514, 0x030514,
        0x030514, 0xE8F2FF, 0x030514, 0x030514, 0x030514, 0x030514, 0x101438, 0x101438, 0x1E2652, 0x1E2652, 0x1E2652, 0x1E2652, 0x1E2652, 0x101438, 0x3A467A, 0x030514,
        0x030514, 0x030514, 0x030514, 0x030514, 0x030514, 0xE8F2FF, 0x101438, 0x1E2652, 0x1E2652, 0xF2ECC8, 0xF2ECC8, 0xF2ECC8, 0x1E2652, 0x1E2652, 0x101438, 0x030514,
        0x030514, 0x030514, 0x030514, 0x030514, 0x030514, 0x101438, 0x101438, 0x1E2652, 0xF2ECC8, 0x9A968A, 0x9A968A, 0x9A968A, 0x9A968A, 0x1E2652, 0x101438, 0x101438,
        0x070A22, 0x070A22, 0x070A22, 0x070A22, 0x070A22, 0x101438, 0x101438, 0x1E2652, 0xF2ECC8, 0xF2ECC8, 0xF2ECC8, 0xCFC69C, 0xF2ECC8, 0x1E2652, 0x101438, 0x101438,
        0x070A22, 0x070A22, 0x070A22, 0x070A22, 0x070A22, 0x101438, 0x101438, 0x1E2652, 0xF2ECC8, 0xF2ECC8, 0xCFC69C, 0xCFC69C, 0xF2ECC8, 0x1E2652, 0x101438, 0x101438,
        0x070A22, 0x070A22, 0x3A467A, 0x070A22, 0x070A22, 0x070A22, 0x101438, 0x1E2652, 0x1E2652, 0xF2ECC8, 0xF2ECC8, 0xF2ECC8, 0x1E2652, 0x1E2652, 0x101438, 0x070A22,
        0x1C2248, 0x1C2248, 0x1C2248, 0x02030C, 0x070A22, 0x070A22, 0x101438, 0x101438, 0x1E2652, 0x1E2652, 0x1E2652, 0x1E2652, 0x1E2652, 0x101438, 0x101438, 0x1C2248,
        0x070A22, 0x070A22, 0x02030C, 0x02030C, 0x2A366E, 0x070A22, 0x070A22, 0x101438, 0x101438, 0x101438, 0x101438, 0x101438, 0x101438, 0x101438, 0x070A22, 0x070A22,
        0x8E9EC8, 0x151D48, 0x151D48, 0x02030C, 0x364686, 0x364686, 0x1C2248, 0x151D48, 0x151D48, 0x101438, 0x101438, 0x101438, 0x151D48, 0x151D48, 0x151D48, 0x151D48,
        0x151D48, 0x151D48, 0x364686, 0x364686, 0x0D1333, 0x0D1333, 0x364686, 0x364686, 0x151D48, 0x151D48, 0x151D48, 0x151D48, 0xCFF762, 0x151D48, 0x151D48, 0x151D48,
        0x151D48, 0x364686, 0x0D1333, 0x0D1333, 0x0D1333, 0x0D1333, 0x0D1333, 0x0D1333, 0x364686, 0x1E2A5C, 0x1E2A5C, 0x1E2A5C, 0x151D48, 0x151D48, 0x151D48, 0x151D48,
        0x364686, 0x0D1333, 0x0D1333, 0x0D1333, 0x0D1333, 0x0D1333, 0x1E2A5C, 0x1E2A5C, 0x1E2A5C, 0x040614, 0x040614, 0x040614, 0x1E2A5C, 0x1E2A5C, 0x151D48, 0x151D48,
        0x0D1333, 0x0D1333, 0x0D1333, 0x0D1333, 0x1E2A5C, 0x1E2A5C, 0x040614, 0x040614, 0x040614, 0x040614, 0x040614, 0x040614, 0x040614, 0x040614, 0x1E2A5C, 0x151D48,
        0x0D1333, 0x0D1333, 0x1E2A5C, 0x1E2A5C, 0x040614, 0x040614, 0x040614, 0x040614, 0x040614, 0x040614, 0x040614, 0x040614, 0x040614, 0x040614, 0x040614, 0x1E2A5C,
        0x1E2A5C, 0x1E2A5C, 0x040614, 0x040614, 0x040614, 0x040614, 0x040614, 0x040614, 0x040614, 0x040614, 0x040614, 0x040614, 0x040614, 0x040614, 0x040614, 0x040614,
    },
    {
        0x030514, 0x030514, 0x030514, 0x030514, 0x030514, 0x030514, 0x030514, 0x8E9EC8, 0x101438, 0x101438, 0x101438, 0x101438, 0x101438, 0x101438, 0x030514, 0x030514,
        0x030514, 0xE8F2FF, 0x030514, 0x030514, 0x030514, 0x030514, 0x101438, 0x101438, 0x1E2652, 0x1E2652, 0x1E2652, 0x1E2652, 0x1E2652, 0x101438, 0x3A467A, 0x030514,
        0x030514, 0x030514, 0x030514, 0x030514, 0x030514, 0xE8F2FF, 0x101438, 0x1E2652, 0x1E2652, 0xF2ECC8, 0xF2ECC8, 0xF2ECC8, 0x1E2652, 0x1E2652, 0x101438, 0x030514,
        0x030514, 0x030514, 0x030514, 0x030514, 0x030514, 0x101438, 0x101438, 0x1E2652, 0xF2ECC8, 0xFFFDEE, 0x9A968A, 0x9A968A, 0x9A968A, 0x1C2248, 0x101438, 0x101438,
        0x070A22, 0x070A22, 0x070A22, 0x070A22, 0x070A22, 0x101438, 0x101438, 0x1E2652, 0xF2ECC8, 0xF2ECC8, 0xF2ECC8, 0xCFC69C, 0xF2ECC8, 0x1E2652, 0x101438, 0x101438,
        0x070A22, 0x070A22, 0x070A22, 0x070A22, 0x070A22, 0x101438, 0x101438, 0x1E2652, 0xF2ECC8, 0xF2ECC8, 0xCFC69C, 0xCFC69C, 0xF2ECC8, 0x1E2652, 0x101438, 0x101438,
        0x070A22, 0x070A22, 0x3A467A, 0x070A22, 0x070A22, 0x070A22, 0x101438, 0x1E2652, 0x1E2652, 0xF2ECC8, 0xF2ECC8, 0xF2ECC8, 0x1E2652, 0x1E2652, 0x101438, 0x070A22,
        0x1C2248, 0x1C2248, 0x1C2248, 0x02030C, 0x1C2248, 0x070A22, 0x101438, 0x101438, 0x1E2652, 0x1E2652, 0x1E2652, 0x1E2652, 0x1E2652, 0x101438, 0x101438, 0x070A22,
        0x070A22, 0x070A22, 0x02030C, 0x02030C, 0x2A366E, 0x070A22, 0x070A22, 0x101438, 0x101438, 0x101438, 0x101438, 0x101438, 0x101438, 0x101438, 0x070A22, 0x070A22,
        0x8E9EC8, 0x151D48, 0x151D48, 0x02030C, 0x364686, 0x364686, 0x1C2248, 0x1C2248, 0x151D48, 0x101438, 0x101438, 0x101438, 0x151D48, 0x151D48, 0x151D48, 0x151D48,
        0x151D48, 0x151D48, 0x364686, 0x364686, 0x0D1333, 0x0D1333, 0x364686, 0x364686, 0x151D48, 0x151D48, 0x151D48, 0x151D48, 0xCFF762, 0x151D48, 0x151D48, 0x151D48,
        0x151D48, 0x364686, 0x0D1333, 0x0D1333, 0x0D1333, 0x0D1333, 0x0D1333, 0x0D1333, 0x364686, 0x1E2A5C, 0x1E2A5C, 0x1E2A5C, 0x151D48, 0x151D48, 0x151D48, 0x151D48,
        0x364686, 0x0D1333, 0x0D1333, 0x0D1333, 0x0D1333, 0x0D1333, 0x1E2A5C, 0x1E2A5C, 0x1E2A5C, 0x040614, 0x040614, 0x040614, 0x1E2A5C, 0x1E2A5C, 0x151D48, 0x151D48,
        0x0D1333, 0x0D1333, 0x0D1333, 0x0D1333, 0x1E2A5C, 0x1E2A5C, 0x040614, 0x040614, 0x040614, 0x040614, 0x040614, 0x040614, 0x040614, 0x040614, 0x1E2A5C, 0x151D48,
        0x0D1333, 0x0D1333, 0x1E2A5C, 0x1E2A5C, 0x040614, 0x040614, 0x040614, 0x040614, 0x040614, 0x040614, 0x040614, 0x040614, 0x040614, 0x040614, 0x040614, 0x1E2A5C,
        0x1E2A5C, 0x1E2A5C, 0x040614, 0x040614, 0x040614, 0x040614, 0x040614, 0x040614, 0x040614, 0x040614, 0x040614, 0x040614, 0x040614, 0x040614, 0x040614, 0x040614,
    },
    {
        0x030514, 0x030514, 0x030514, 0x030514, 0x030514, 0x030514, 0x030514, 0x8E9EC8, 0x101438, 0x101438, 0x101438, 0x101438, 0x101438, 0x101438, 0x030514, 0x030514,
        0x030514, 0xE8F2FF, 0x030514, 0x030514, 0x030514, 0x030514, 0x101438, 0x101438, 0x1E2652, 0x1E2652, 0x1E2652, 0x1E2652, 0x1E2652, 0x101438, 0x3A467A, 0x030514,
        0x030514, 0x030514, 0x030514, 0x030514, 0x030514, 0xE8F2FF, 0x101438, 0x1E2652, 0x1E2652, 0xF2ECC8, 0xF2ECC8, 0xF2ECC8, 0x1E2652, 0x1E2652, 0x101438, 0x030514,
        0x030514, 0x030514, 0x030514, 0x030514, 0x030514, 0x101438, 0x101438, 0x1E2652, 0xF2ECC8, 0xFFFDEE, 0x9A968A, 0x9A968A, 0x9A968A, 0x1C2248, 0x101438, 0x101438,
        0x070A22, 0x070A22, 0x070A22, 0x070A22, 0x070A22, 0x101438, 0x101438, 0x1E2652, 0xF2ECC8, 0xF2ECC8, 0xF2ECC8, 0xCFC69C, 0xF2ECC8, 0x1E2652, 0x101438, 0x101438,
        0x070A22, 0x070A22, 0x070A22, 0x070A22, 0x070A22, 0x101438, 0x101438, 0x1E2652, 0xF2ECC8, 0xF2ECC8, 0xCFC69C, 0xCFC69C, 0xF2ECC8, 0x1E2652, 0x101438, 0x101438,
        0x070A22, 0x070A22, 0x3A467A, 0x070A22, 0x070A22, 0x070A22, 0x101438, 0x1E2652, 0x1E2652, 0xF2ECC8, 0xF2ECC8, 0xF2ECC8, 0x1E2652, 0x1E2652, 0x101438, 0x070A22,
        0x1C2248, 0x1C2248, 0x1C2248, 0x02030C, 0x1C2248, 0x070A22, 0x101438, 0x101438, 0x1E2652, 0x1E2652, 0x1E2652, 0x1E2652, 0x1E2652, 0x101438, 0x101438, 0x070A22,
        0x070A22, 0x070A22, 0x02030C, 0x02030C, 0x2A366E, 0x070A22, 0x070A22, 0x101438, 0x101438, 0x101438, 0x101438, 0x101438, 0x101438, 0x101438, 0x070A22, 0x070A22,
        0x8E9EC8, 0x151D48, 0x151D48, 0x02030C, 0x364686, 0x364686, 0x1C2248, 0x1C2248, 0x151D48, 0x101438, 0x101438, 0x101438, 0xCFF762, 0x151D48, 0x151D48, 0x151D48,
        0x151D48, 0x151D48, 0x364686, 0x364686, 0x0D1333, 0x0D1333, 0x364686, 0x364686, 0x151D48, 0x151D48, 0x151D48, 0x151D48, 0x151D48, 0x151D48, 0x151D48, 0x151D48,
        0x151D48, 0x364686, 0x0D1333, 0x0D1333, 0x0D1333, 0x0D1333, 0x0D1333, 0x0D1333, 0x364686, 0x1E2A5C, 0x1E2A5C, 0x1E2A5C, 0x151D48, 0x151D48, 0x151D48, 0x151D48,
        0x364686, 0x0D1333, 0x0D1333, 0x0D1333, 0x0D1333, 0x0D1333, 0x1E2A5C, 0x1E2A5C, 0x1E2A5C, 0x040614, 0x040614, 0x040614, 0x1E2A5C, 0x1E2A5C, 0x151D48, 0x151D48,
        0x0D1333, 0x0D1333, 0x0D1333, 0x0D1333, 0x1E2A5C, 0x1E2A5C, 0x040614, 0x040614, 0x040614, 0x040614, 0x040614, 0x040614, 0x040614, 0x040614, 0x1E2A5C, 0x151D48,
        0x0D1333, 0x0D1333, 0x1E2A5C, 0x1E2A5C, 0x040614, 0x040614, 0x040614, 0x040614, 0x040614, 0x040614, 0x040614, 0x040614, 0x040614, 0x040614, 0x040614, 0x1E2A5C,
        0x1E2A5C, 0x1E2A5C, 0x040614, 0x040614, 0x040614, 0x040614, 0x040614, 0x040614, 0x040614, 0x040614, 0x040614, 0x040614, 0x040614, 0x040614, 0x040614, 0x040614,
    },
    {
        0x030514, 0x030514, 0x030514, 0x030514, 0x030514, 0x030514, 0x030514, 0x8E9EC8, 0x101438, 0x101438, 0x101438, 0x101438, 0x101438, 0x101438, 0x030514, 0x030514,
        0x030514, 0xE8F2FF, 0x030514, 0x030514, 0x030514, 0x030514, 0x101438, 0x101438, 0x1E2652, 0x1E2652, 0x1E2652, 0x1E2652, 0x1E2652, 0x101438, 0x3A467A, 0x030514,
        0x030514, 0x030514, 0x030514, 0x030514, 0x030514, 0x8E9EC8, 0x101438, 0x1E2652, 0x1E2652, 0xF2ECC8, 0xF2ECC8, 0xF2ECC8, 0x1E2652, 0x1E2652, 0x101438, 0x030514,
        0x030514, 0x030514, 0x030514, 0x030514, 0x030514, 0x101438, 0x101438, 0x1E2652, 0xF2ECC8, 0xFFFDEE, 0xFFFDEE, 0x9A968A, 0x9A968A, 0x1C2248, 0x1C2248, 0x101438,
        0x070A22, 0x070A22, 0x070A22, 0x070A22, 0x070A22, 0x101438, 0x101438, 0x1E2652, 0xF2ECC8, 0xF2ECC8, 0xF2ECC8, 0xCFC69C, 0xF2ECC8, 0x1E2652, 0x101438, 0x101438,
        0x070A22, 0x070A22, 0x070A22, 0x070A22, 0x070A22, 0x101438, 0x101438, 0x1E2652, 0xF2ECC8, 0xF2ECC8, 0xCFC69C, 0xCFC69C, 0xF2ECC8, 0x1E2652, 0x101438, 0x101438,
        0x070A22, 0x070A22, 0x3A467A, 0x070A22, 0x070A22, 0x070A22, 0x101438, 0x1E2652, 0x1E2652, 0xF2ECC8, 0xF2ECC8, 0xF2ECC8, 0x1E2652, 0x1E2652, 0x101438, 0x070A22,
        0x070A22, 0x1C2248, 0x1C2248, 0x02030C, 0x1C2248, 0x1C2248, 0x101438, 0x101438, 0x1E2652, 0x1E2652, 0x1E2652, 0x1E2652, 0x1E2652, 0x101438, 0x101438, 0x070A22,
        0x070A22, 0x070A22, 0x02030C, 0x02030C, 0x2A366E, 0x070A22, 0x070A22, 0x101438, 0x101438, 0x101438, 0x101438, 0x101438, 0x101438, 0x101438, 0x070A22, 0x070A22,
        0x3A467A, 0x151D48, 0x151D48, 0x02030C, 0x364686, 0x364686, 0x1C2248, 0x1C2248, 0x1C2248, 0x101438, 0x101438, 0x101438, 0xCFF762, 0x151D48, 0x151D48, 0x151D48,
        0x151D48, 0x151D48, 0x364686, 0x364686, 0x0D1333, 0x0D1333, 0x364686, 0x364686, 0x151D48, 0x151D48, 0x151D48, 0x151D48, 0x151D48, 0x151D48, 0x151D48, 0x151D48,
        0x151D48, 0x364686, 0x0D1333, 0x0D1333, 0x0D1333, 0x0D1333, 0x0D1333, 0x0D1333, 0x364686, 0x1E2A5C, 0x1E2A5C, 0x1E2A5C, 0x151D48, 0x151D48, 0x151D48, 0x151D48,
        0x364686, 0x0D1333, 0x0D1333, 0x0D1333, 0x0D1333, 0x0D1333, 0x1E2A5C, 0x1E2A5C, 0x1E2A5C, 0x040614, 0x040614, 0x040614, 0x1E2A5C, 0x1E2A5C, 0x151D48, 0x151D48,
        0x0D1333, 0x0D1333, 0x0D1333, 0x0D1333, 0x1E2A5C, 0x1E2A5C, 0x040614, 0x040614, 0x040614, 0x040614, 0x040614, 0x040614, 0x040614, 0x040614, 0x1E2A5C, 0x151D48,
        0x0D1333, 0x0D1333, 0x1E2A5C, 0x1E2A5C, 0x040614, 0x040614, 0x040614, 0x040614, 0x040614, 0x040614, 0x040614, 0x040614, 0x040614, 0x040614, 0x040614, 0x1E2A5C,
        0x1E2A5C, 0x1E2A5C, 0x040614, 0x040614, 0x040614, 0x040614, 0x040614, 0x040614, 0x040614, 0x040614, 0x040614, 0x040614, 0x040614, 0x040614, 0x040614, 0x040614,
    },
    {
        0x030514, 0x030514, 0x030514, 0x030514, 0x030514, 0x030514, 0x030514, 0xE8F2FF, 0x101437, 0x101437, 0x101437, 0x101437, 0x101437, 0x101437, 0x030514, 0x030514,
        0x030514, 0xE8F2FF, 0x030514, 0x030514, 0x030514, 0x030514, 0x101437, 0x101437, 0x1D2551, 0x1D2551, 0x1D2551, 0x1D2551, 0x1D2551, 0x101437, 0x3A467A, 0x030514,
        0x030514, 0x030514, 0x030514, 0x030514, 0x030514, 0x8E9EC8, 0x101437, 0x1D2551, 0x1D2551, 0xF2ECC8, 0xF2ECC8, 0xF2ECC8, 0x1D2551, 0x1D2551, 0x101437, 0x030514,
        0x030514, 0x030514, 0x030514, 0x030514, 0x030514, 0x101437, 0x101437, 0x1D2551, 0xF2ECC8, 0xFFFDEE, 0xFFFDEE, 0x9A968A, 0x9A968A, 0x1C2248, 0x1C2248, 0x101437,
        0x070A22, 0x070A22, 0x070A22, 0x070A22, 0x070A22, 0x101437, 0x101437, 0x1D2551, 0xF2ECC8, 0xF2ECC8, 0xF2ECC8, 0xCFC69C, 0xF2ECC8, 0x1D2551, 0x101437, 0x101437,
        0x070A22, 0x070A22, 0x070A22, 0x070A22, 0x070A22, 0x101437, 0x101437, 0x1D2551, 0xF2ECC8, 0xF2ECC8, 0xCFC69C, 0xCFC69C, 0xF2ECC8, 0x1D2551, 0x101437, 0x101437,
        0x070A22, 0x070A22, 0x3A467A, 0x070A22, 0x070A22, 0x070A22, 0x101437, 0x1D2551, 0x1D2551, 0xF2ECC8, 0xF2ECC8, 0xF2ECC8, 0x1D2551, 0x1D2551, 0x101437, 0x070A22,
        0x070A22, 0x1C2248, 0x1C2248, 0x02030C, 0x1C2248, 0x1C2248, 0x101437, 0x101437, 0x1D2551, 0x1D2551, 0x1D2551, 0x1D2551, 0x1D2551, 0x101437, 0x101437, 0x070A22,
        0x070A22, 0x070A22, 0x02030C, 0x02030C, 0x2A366E, 0x070A22, 0x070A22, 0x101437, 0x101437, 0x101437, 0x101437, 0x101437, 0x101437, 0x101437, 0x070A22, 0x070A22,
        0x3A467A, 0x151D48, 0x151D48, 0x02030C, 0x364686, 0x364686, 0x1C2248, 0x1C2248, 0x1C2248, 0x101437, 0x101437, 0x101437, 0xCFF762, 0x151D48, 0x151D48, 0x151D48,
        0x151D48, 0x151D48, 0x364686, 0x364686, 0x0D1333, 0x0D1333, 0x364686, 0x364686, 0x151D48, 0x151D48, 0x151D48, 0x151D48, 0x151D48, 0x151D48, 0x151D48, 0x151D48,
        0x151D48, 0x364686, 0x0D1333, 0x0D1333, 0x0D1333, 0x0D1333, 0x0D1333, 0x0D1333, 0x364686, 0x1E2A5C, 0x1E2A5C, 0x1E2A5C, 0x151D48, 0x151D48, 0x151D48, 0x151D48,
        0x364686, 0x0D1333, 0x0D1333, 0x0D1333, 0x0D1333, 0x0D1333, 0x1E2A5C, 0x1E2A5C, 0x1E2A5C, 0x040614, 0x040614, 0x040614, 0x1E2A5C, 0x1E2A5C, 0x151D48, 0x151D48,
        0x0D1333, 0x0D1333, 0x0D1333, 0x0D1333, 0x1E2A5C, 0x1E2A5C, 0x040614, 0x040614, 0x040614, 0x040614, 0x040614, 0x040614, 0x040614, 0x040614, 0x1E2A5C, 0x151D48,
        0x0D1333, 0x0D1333, 0x1E2A5C, 0x1E2A5C, 0x040614, 0x040614, 0x040614, 0x040614, 0x040614, 0x040614, 0x040614, 0x040614, 0x040614, 0x040614, 0x040614, 0x1E2A5C,
        0x1E2A5C, 0x1E2A5C, 0x040614, 0x040614, 0x040614, 0x040614, 0x040614, 0x040614, 0x040614, 0x040614, 0x040614, 0x040614, 0x040614, 0x040614, 0x040614, 0x040614,
    },
    {
        0x030514, 0x030514, 0x030514, 0x030514, 0x030514, 0x030514, 0x030514, 0xE8F2FF, 0x0F1337, 0x0F1337, 0x0F1337, 0x0F1337, 0x0F1337, 0x0F1337, 0x030514, 0x030514,
        0x030514, 0xE8F2FF, 0x030514, 0x030514, 0x030514, 0x030514, 0x0F1337, 0x0F1337, 0x1D2550, 0x1D2550, 0x1D2550, 0x1D2550, 0x1D2550, 0x0F1337, 0x3A467A, 0x030514,
        0x030514, 0x030514, 0x030514, 0x030514, 0x030514, 0x8E9EC8, 0x0F1337, 0x1D2550, 0x1D2550, 0xF2ECC8, 0xF2ECC8, 0xF2ECC8, 0x1D2550, 0x1D2550, 0x0F1337, 0x030514,
        0x030514, 0x030514, 0x030514, 0x030514, 0x030514, 0x0F1337, 0x0F1337, 0x1D2550, 0xF2ECC8, 0xFFFDEE, 0xFFFDEE, 0xF2ECC8, 0x9A968A, 0x1C2248, 0x1C2248, 0x1C2248,
        0x070A22, 0x070A22, 0x070A22, 0x070A22, 0x070A22, 0x0F1337, 0x0F1337, 0x1D2550, 0xF2ECC8, 0xF2ECC8, 0xF2ECC8, 0xCFC69C, 0xF2ECC8, 0x1D2550, 0x0F1337, 0x0F1337,
        0x070A22, 0x070A22, 0x070A22, 0x070A22, 0x070A22, 0x0F1337, 0x0F1337, 0x1D2550, 0xF2ECC8, 0xF2ECC8, 0xCFC69C, 0xCFC69C, 0xF2ECC8, 0x1D2550, 0x0F1337, 0x0F1337,
        0x070A22, 0x070A22, 0x3A467A, 0x070A22, 0x070A22, 0x070A22, 0x0F1337, 0x1D2550, 0x1D2550, 0xF2ECC8, 0xF2ECC8, 0xF2ECC8, 0x1D2550, 0x1D2550, 0x0F1337, 0x070A22,
        0x070A22, 0x070A22, 0x1C2248, 0x02030C, 0x1C2248, 0x1C2248, 0x1C2248, 0x0F1337, 0x1D2550, 0x1D2550, 0x1D2550, 0x1D2550, 0x1D2550, 0x0F1337, 0x0F1337, 0x070A22,
        0x070A22, 0x070A22, 0x02030C, 0x02030C, 0x2A366E, 0x070A22, 0x070A22, 0x0F1337, 0x0F1337, 0x0F1337, 0x0F1337, 0x0F1337, 0x0F1337, 0x0F1337, 0x070A22, 0x070A22,
        0x3A467A, 0x151D48, 0x151D48, 0x02030C, 0x364686, 0x364686, 0x151D48, 0x1C2248, 0x1C2248, 0x1C2248, 0x0F1337, 0x0F1337, 0x5E7A24, 0x151D48, 0x151D48, 0x151D48,
        0x151D48, 0x151D48, 0x364686, 0x364686, 0x0D1333, 0x0D1333, 0x364686, 0x364686, 0x151D48, 0x151D48, 0x151D48, 0x151D48, 0x151D48, 0x151D48, 0x151D48, 0x151D48,
        0x151D48, 0x364686, 0x0D1333, 0x0D1333, 0x0D1333, 0x0D1333, 0x0D1333, 0x0D1333, 0x364686, 0x1E2A5C, 0x1E2A5C, 0x1E2A5C, 0x151D48, 0x151D48, 0x151D48, 0x151D48,
        0x364686, 0x0D1333, 0x0D1333, 0x0D1333, 0x0D1333, 0x0D1333, 0x1E2A5C, 0x1E2A5C, 0x1E2A5C, 0x040614, 0x040614, 0x040614, 0x1E2A5C, 0x1E2A5C, 0x151D48, 0x151D48,
        0x0D1333, 0x0D1333, 0x0D1333, 0x0D1333, 0x1E2A5C, 0x1E2A5C, 0x040614, 0x040614, 0x040614, 0x040614, 0x040614, 0x040614, 0x040614, 0x040614, 0x1E2A5C, 0x151D48,
        0x0D1333, 0x0D1333, 0x1E2A5C, 0x1E2A5C, 0x040614, 0x040614, 0x040614, 0x040614, 0x040614, 0x040614, 0x040614, 0x040614, 0x040614, 0x040614, 0x040614, 0x1E2A5C,
        0x1E2A5C, 0x1E2A5C, 0x040614, 0x040614, 0x040614, 0x040614, 0x040614, 0x040614, 0x040614, 0x040614, 0x040614, 0x040614, 0x040614, 0x040614, 0x040614, 0x040614,
    },
    {
        0x030514, 0x030514, 0x030514, 0x030514, 0x030514, 0x030514, 0x030514, 0xE8F2FF, 0x0F1336, 0x0F1336, 0x0F1336, 0x0F1336, 0x0F1336, 0x0F1336, 0x030514, 0x030514,
        0x030514, 0xE8F2FF, 0x030514, 0x030514, 0x030514, 0x030514, 0x0F1336, 0x0F1336, 0x1D244F, 0x1D244F, 0x1D244F, 0x1D244F, 0x1D244F, 0x0F1336, 0x3A467A, 0x030514,
        0x030514, 0x030514, 0x030514, 0x030514, 0x030514, 0x3A467A, 0x0F1336, 0x1D244F, 0x1D244F, 0xF2ECC8, 0xF2ECC8, 0xF2ECC8, 0x1D244F, 0x1D244F, 0x0F1336, 0x030514,
        0x030514, 0x030514, 0x030514, 0x030514, 0x030514, 0x0F1336, 0x0F1336, 0x1D244F, 0xF2ECC8, 0xFFFDEE, 0xFFFDEE, 0xF2ECC8, 0x9A968A, 0x1C2248, 0x1C2248, 0x1C2248,
        0x070A22, 0x070A22, 0x070A22, 0x070A22, 0x070A22, 0x0F1336, 0x0F1336, 0x1D244F, 0xF2ECC8, 0xF2ECC8, 0xF2ECC8, 0xCFC69C, 0xF2ECC8, 0x1D244F, 0x0F1336, 0x0F1336,
        0x070A22, 0x070A22, 0x070A22, 0x070A22, 0x070A22, 0x0F1336, 0x0F1336, 0x1D244F, 0xF2ECC8, 0xF2ECC8, 0xCFC69C, 0xCFC69C, 0xF2ECC8, 0x1D244F, 0x0F1336, 0x0F1336,
        0x070A22, 0x070A22, 0x3A467A, 0x070A22, 0x070A22, 0x070A22, 0x0F1336, 0x1D244F, 0x1D244F, 0xF2ECC8, 0xF2ECC8, 0xF2ECC8, 0x1D244F, 0x1D244F, 0x0F1336, 0x070A22,
        0x070A22, 0x070A22, 0x1C2248, 0x02030C, 0x1C2248, 0x1C2248, 0x1C2248, 0x0F1336, 0x1D244F, 0x1D244F, 0x1D244F, 0x1D244F, 0x1D244F, 0x0F1336, 0x0F1336, 0x070A22,
        0x070A22, 0x070A22, 0x02030C, 0x02030C, 0x2A366E, 0x070A22, 0x070A22, 0x0F1336, 0x0F1336, 0x0F1336, 0x0F1336, 0x0F1336, 0x0F1336, 0x0F1336, 0x070A22, 0x070A22,
        0x3A467A, 0x151D48, 0x151D48, 0x02030C, 0x364686, 0x364686, 0x151D48, 0x1C2248, 0x1C2248, 0x1C2248, 0x0F1336, 0x0F1336, 0x151D48, 0x151D48, 0x151D48, 0x151D48,
        0x151D48, 0x151D48, 0x364686, 0x364686, 0x0D1333, 0x0D1333, 0x364686, 0x364686, 0x151D48, 0x151D48, 0x151D48, 0x151D48, 0x151D48, 0x151D48, 0x151D48, 0x151D48,
        0x151D48, 0x364686, 0x0D1333, 0x0D1333, 0x0D1333, 0x0D1333, 0x0D1333, 0x0D1333, 0x364686, 0x1E2A5C, 0x1E2A5C, 0x1E2A5C, 0x151D48, 0x151D48, 0x151D48, 0x151D48,
        0x364686, 0x0D1333, 0x0D1333, 0x0D1333, 0x0D1333, 0x0D1333, 0x1E2A5C, 0x1E2A5C, 0x1E2A5C, 0x040614, 0x040614, 0x040614, 0x1E2A5C, 0x1E2A5C, 0x151D48, 0x151D48,
        0x0D1333, 0x0D1333, 0x0D1333, 0x0D1333, 0x1E2A5C, 0x1E2A5C, 0x040614, 0x040614, 0x040614, 0x040614, 0x040614, 0x040614, 0x040614, 0x040614, 0x1E2A5C, 0x151D48,
        0x0D1333, 0x0D1333, 0x1E2A5C, 0x1E2A5C, 0x040614, 0x040614, 0x040614, 0x040614, 0x040614, 0x040614, 0x040614, 0x040614, 0x040614, 0x040614, 0x040614, 0x1E2A5C,
        0x1E2A5C, 0x1E2A5C, 0x040614, 0x040614, 0x040614, 0x040614, 0x040614, 0x040614, 0x040614, 0x040614, 0x040614, 0x040614, 0x040614, 0x040614, 0x040614, 0x040614,
    },
    {
        0x030514, 0x030514, 0x030514, 0x030514, 0x030514, 0x030514, 0x030514, 0xE8F2FF, 0x0F1335, 0x0F1335, 0x0F1335, 0x0F1335, 0x0F1335, 0x0F1335, 0x030514, 0x030514,
        0x030514, 0xE8F2FF, 0x030514, 0x030514, 0x030514, 0x030514, 0x0F1335, 0x0F1335, 0x1C234E, 0x1C234E, 0x1C234E, 0x1C234E, 0x1C234E, 0x0F1335, 0x3A467A, 0x030514,
        0x030514, 0x030514, 0x030514, 0x030514, 0x030514, 0x3A467A, 0x0F1335, 0x1C234E, 0x1C234E, 0xF2ECC8, 0xF2ECC8, 0xF2ECC8, 0x1C234E, 0x1C234E, 0x0F1335, 0x030514,
        0x1C2248, 0x030514, 0x030514, 0x030514, 0x030514, 0x0F1335, 0x0F1335, 0x1C234E, 0xF2ECC8, 0xFFFDEE, 0xFFFDEE, 0xF2ECC8, 0xF2ECC8, 0x1C2248, 0x1C2248, 0x1C2248,
        0x070A22, 0x070A22, 0x070A22, 0x070A22, 0x070A22, 0x0F1335, 0x0F1335, 0x1C234E, 0xF2ECC8, 0xF2ECC8, 0xF2ECC8, 0xCFC69C, 0xF2ECC8, 0x1C234E, 0x0F1335, 0x0F1335,
        0x070A22, 0x070A22, 0x070A22, 0x070A22, 0x070A22, 0x0F1335, 0x0F1335, 0x1C234E, 0xF2ECC8, 0xF2ECC8, 0xCFC69C, 0xCFC69C, 0xF2ECC8, 0x1C234E, 0x0F1335, 0x0F1335,
        0x070A22, 0x070A22, 0x8E9EC8, 0x070A22, 0x070A22, 0x070A22, 0x0F1335, 0x1C234E, 0x1C234E, 0xF2ECC8, 0xF2ECC8, 0xF2ECC8, 0x1C234E, 0x1C234E, 0x0F1335, 0x070A22,
        0x070A22, 0x070A22, 0x070A22, 0x02030C, 0x1C2248, 0x1C2248, 0x1C2248, 0x1C2248, 0x1C234E, 0x1C234E, 0x1C234E, 0x1C234E, 0x1C234E, 0x0F1335, 0x0F1335, 0x070A22,
        0x070A22, 0x070A22, 0x02030C, 0x5E7A24, 0x2A366E, 0x070A22, 0x070A22, 0x0F1335, 0x0F1335, 0x0F1335, 0x0F1335, 0x0F1335, 0x0F1335, 0x0F1335, 0x070A22, 0x070A22,
        0x3A467A, 0x151D48, 0x151D48, 0x02030C, 0x364686, 0x364686, 0x151D48, 0x151D48, 0x1C2248, 0x1C2248, 0x1C2248, 0x0F1335, 0x151D48, 0x151D48, 0x151D48, 0x151D48,
        0x151D48, 0x151D48, 0x364686, 0x364686, 0x0D1333, 0x0D1333, 0x364686, 0x364686, 0x151D48, 0x151D48, 0x151D48, 0x151D48, 0x151D48, 0x151D48, 0x151D48, 0x151D48,
        0x151D48, 0x364686, 0x0D1333, 0x0D1333, 0x0D1333, 0x0D1333, 0x0D1333, 0x0D1333, 0x364686, 0x1E2A5C, 0x1E2A5C, 0x1E2A5C, 0x151D48, 0x151D48, 0x151D48, 0x151D48,
        0x364686, 0x0D1333, 0x0D1333, 0x0D1333, 0x0D1333, 0x0D1333, 0x1E2A5C, 0x1E2A5C, 0x1E2A5C, 0x040614, 0x040614, 0x040614, 0x1E2A5C, 0x1E2A5C, 0x151D48, 0x151D48,
        0x0D1333, 0x0D1333, 0x0D1333, 0x0D1333, 0x1E2A5C, 0x1E2A5C, 0x040614, 0x040614, 0x040614, 0x040614, 0x040614, 0x040614, 0x040614, 0x040614, 0x1E2A5C, 0x151D48,
        0x0D1333, 0x0D1333, 0x1E2A5C, 0x1E2A5C, 0x040614, 0x040614, 0x040614, 0x040614, 0x040614, 0x040614, 0x040614, 0x040614, 0x040614, 0x040614, 0x040614, 0x1E2A5C,
        0x1E2A5C, 0x1E2A5C, 0x040614, 0x040614, 0x040614, 0x040614, 0x040614, 0x040614, 0x040614, 0x040614, 0x040614, 0x040614, 0x040614, 0x040614, 0x040614, 0x040614,
    },
    {
        0x030514, 0x030514, 0x030514, 0x030514, 0x030514, 0x030514, 0x030514, 0xE8F2FF, 0x0E1234, 0x0E1234, 0x0E1234, 0x0E1234, 0x0E1234, 0x0E1234, 0x030514, 0x030514,
        0x030514, 0x8E9EC8, 0x030514, 0x030514, 0x030514, 0x030514, 0x0E1234, 0x0E1234, 0x1B234D, 0x1B234D, 0x1B234D, 0x1B234D, 0x1B234D, 0x0E1234, 0x3A467A, 0x030514,
        0x030514, 0x030514, 0x030514, 0x030514, 0x030514, 0x3A467A, 0x0E1234, 0x1B234D, 0x1B234D, 0xF2ECC8, 0xF2ECC8, 0xF2ECC8, 0x1B234D, 0x1B234D, 0x0E1234, 0x030514,
        0x1C2248, 0x030514, 0x030514, 0x030514, 0x030514, 0x0E1234, 0x0E1234, 0x1B234D, 0xF2ECC8, 0xFFFDEE, 0xFFFDEE, 0xF2ECC8, 0xF2ECC8, 0x1C2248, 0x1C2248, 0x1C2248,
        0x070A22, 0x070A22, 0x070A22, 0x070A22, 0x070A22, 0x0E1234, 0x0E1234, 0x1B234D, 0xF2ECC8, 0xF2ECC8, 0xF2ECC8, 0xCFC69C, 0xF2ECC8, 0x1B234D, 0x0E1234, 0x0E1234,
        0x070A22, 0x070A22, 0x070A22, 0x070A22, 0x070A22, 0x0E1234, 0x0E1234, 0x1B234D, 0xF2ECC8, 0xF2ECC8, 0xCFC69C, 0xCFC69C, 0xF2ECC8, 0x1B234D, 0x0E1234, 0x0E1234,
        0x070A22, 0x070A22, 0x8E9EC8, 0x070A22, 0x070A22, 0x070A22, 0x0E1234, 0x1B234D, 0x1B234D, 0xF2ECC8, 0xF2ECC8, 0xF2ECC8, 0x1B234D, 0x1B234D, 0x0E1234, 0x070A22,
        0x070A22, 0x070A22, 0x070A22, 0x02030C, 0x1C2248, 0x1C2248, 0x1C2248, 0x1C2248, 0x1B234D, 0x1B234D, 0x1B234D, 0x1B234D, 0x1B234D, 0x0E1234, 0x0E1234, 0x070A22,
        0x070A22, 0x070A22, 0x02030C, 0xCFF762, 0x2A366E, 0x070A22, 0x070A22, 0x0E1234, 0x0E1234, 0x0E1234, 0x0E1234, 0x0E1234, 0x0E1234, 0x0E1234, 0x070A22, 0x070A22,
        0x3A467A, 0x151D48, 0x151D48, 0x02030C, 0x364686, 0x364686, 0x151D48, 0x151D48, 0x1C2248, 0x1C2248, 0x1C2248, 0x0E1234, 0x151D48, 0x151D48, 0x151D48, 0x151D48,
        0x151D48, 0x151D48, 0x364686, 0x364686, 0x0D1333, 0x0D1333, 0x364686, 0x364686, 0x151D48, 0x151D48, 0x151D48, 0x151D48, 0x151D48, 0x151D48, 0x151D48, 0x151D48,
        0x151D48, 0x364686, 0x0D1333, 0x0D1333, 0x0D1333, 0x0D1333, 0x0D1333, 0x0D1333, 0x364686, 0x1E2A5C, 0x1E2A5C, 0x1E2A5C, 0x151D48, 0x151D48, 0x151D48, 0x151D48,
        0x364686, 0x0D1333, 0x0D1333, 0x0D1333, 0x0D1333, 0x0D1333, 0x1E2A5C, 0x1E2A5C, 0x1E2A5C, 0x040614, 0x040614, 0x040614, 0x1E2A5C, 0x1E2A5C, 0x151D48, 0x151D48,
        0x0D1333, 0x0D1333, 0x0D1333, 0x0D1333, 0x1E2A5C, 0x1E2A5C, 0x040614, 0x040614, 0x040614, 0x040614, 0x040614, 0x040614, 0x040614, 0x040614, 0x1E2A5C, 0x151D48,
        0x0D1333, 0x0D1333, 0x1E2A5C, 0x1E2A5C, 0x040614, 0x040614, 0x040614, 0x040614, 0x040614, 0x040614, 0x040614, 0x040614, 0x040614, 0x040614, 0x040614, 0x1E2A5C,
        0x1E2A5C, 0x1E2A5C, 0x040614, 0x040614, 0x040614, 0x040614, 0x040614, 0x040614, 0x040614, 0x040614, 0x040614, 0x040614, 0x040614, 0x040614, 0x040614, 0x040614,
    },
    {
        0x030514, 0x030514, 0x030514, 0x030514, 0x030514, 0x030514, 0x030514, 0xE8F2FF, 0x0E1233, 0x0E1233, 0x0E1233, 0x0E1233, 0x0E1233, 0x0E1233, 0x030514, 0x030514,
        0x030514, 0x8E9EC8, 0x030514, 0x030514, 0x030514, 0x030514, 0x0E1233, 0x0E1233, 0x1B224C, 0x1B224C, 0x1B224C, 0x1B224C, 0x1B224C, 0x0E1233, 0x3A467A, 0x030514,
        0x030514, 0x030514, 0x030514, 0x030514, 0x030514, 0x3A467A, 0x0E1233, 0x1B224C, 0x1B224C, 0xF2ECC8, 0xF2ECC8, 0xF2ECC8, 0x1B224C, 0x1B224C, 0x0E1233, 0x030514,
        0x1C2248, 0x1C2248, 0x030514, 0x030514, 0x030514, 0x0E1233, 0x0E1233, 0x1B224C, 0xF2ECC8, 0xFFFDEE, 0xFFFDEE, 0xF2ECC8, 0xF2ECC8, 0x1B224C, 0x1C2248, 0x1C2248,
        0x070A22, 0x070A22, 0x070A22, 0x070A22, 0x070A22, 0x0E1233, 0x0E1233, 0x1B224C, 0xF2ECC8, 0xF2ECC8, 0xF2ECC8, 0xCFC69C, 0xF2ECC8, 0x1B224C, 0x0E1233, 0x0E1233,
        0x070A22, 0x070A22, 0x070A22, 0x070A22, 0x070A22, 0x0E1233, 0x0E1233, 0x1B224C, 0xF2ECC8, 0xF2ECC8, 0xCFC69C, 0xCFC69C, 0xF2ECC8, 0x1B224C, 0x0E1233, 0x0E1233,
        0x070A22, 0x070A22, 0x8E9EC8, 0x070A22, 0x070A22, 0x070A22, 0x0E1233, 0x1B224C, 0x1B224C, 0xF2ECC8, 0xF2ECC8, 0xF2ECC8, 0x1B224C, 0x1B224C, 0x0E1233, 0x070A22,
        0x070A22, 0x070A22, 0x070A22, 0x02030C, 0x1C2248, 0x1C2248, 0x1C2248, 0x1C2248, 0x1C2248, 0x1B224C, 0x1B224C, 0x1B224C, 0x1B224C, 0x0E1233, 0x0E1233, 0x070A22,
        0x070A22, 0x070A22, 0x02030C, 0xCFF762, 0x2A366E, 0x070A22, 0x070A22, 0x0E1233, 0x0E1233, 0x0E1233, 0x0E1233, 0x0E1233, 0x0E1233, 0x0E1233, 0x070A22, 0x070A22,
        0x3A467A, 0x151D48, 0x151D48, 0x02030C, 0x364686, 0x364686, 0x151D48, 0x151D48, 0x151D48, 0x1C2248, 0x1C2248, 0x1C2248, 0x151D48, 0x151D48, 0x151D48, 0x151D48,
        0x151D48, 0x151D48, 0x364686, 0x364686, 0x0D1333, 0x0D1333, 0x364686, 0x364686, 0x151D48, 0x151D48, 0x151D48, 0x151D48, 0x151D48, 0x151D48, 0x151D48, 0x151D48,
        0x151D48, 0x364686, 0x0D1333, 0x0D1333, 0x0D1333, 0x0D1333, 0x0D1333, 0x0D1333, 0x364686, 0x1E2A5C, 0x1E2A5C, 0x1E2A5C, 0x151D48, 0x151D48, 0x151D48, 0x151D48,
        0x364686, 0x0D1333, 0x0D1333, 0x0D1333, 0x0D1333, 0x0D1333, 0x1E2A5C, 0x1E2A5C, 0x1E2A5C, 0x040614, 0x040614, 0x040614, 0x1E2A5C, 0x1E2A5C, 0x151D48, 0x151D48,
        0x0D1333, 0x0D1333, 0x0D1333, 0x0D1333, 0x1E2A5C, 0x1E2A5C, 0x040614, 0x040614, 0x040614, 0x040614, 0x040614, 0x040614, 0x040614, 0x040614, 0x1E2A5C, 0x151D48,
        0x0D1333, 0x0D1333, 0x1E2A5C, 0x1E2A5C, 0x040614, 0x040614, 0x040614, 0x040614, 0x040614, 0x040614, 0x040614, 0x040614, 0x040614, 0x040614, 0x040614, 0x1E2A5C,
        0x1E2A5C, 0x1E2A5C, 0x040614, 0x040614, 0x040614, 0x040614, 0x040614, 0x040614, 0x040614, 0x040614, 0x040614, 0x040614, 0x040614, 0x040614, 0x040614, 0x040614,
    },
    {
        0x030514, 0x030514, 0x030514, 0x030514, 0x030514, 0x030514, 0x030514, 0xE8F2FF, 0x0E1132, 0x0E1132, 0x0E1132, 0x0E1132, 0x0E1132, 0x0E1132, 0x030514, 0x030514,
        0x030514, 0x8E9EC8, 0x030514, 0x030514, 0x030514, 0x030514, 0x0E1132, 0x0E1132, 0x1A214B, 0x1A214B, 0x1A214B, 0x1A214B, 0x1A214B, 0x0E1132, 0x3A467A, 0x030514,
        0x030514, 0x030514, 0x030514, 0x030514, 0x030514, 0x3A467A, 0x0E1132, 0x1A214B, 0x1A214B, 0xF2ECC8, 0xF2ECC8, 0xF2ECC8, 0x1A214B, 0x1A214B, 0x0E1132, 0x030514,
        0x1C2248, 0x1C2248, 0x030514, 0x030514, 0x030514, 0x0E1132, 0x0E1132, 0x1A214B, 0xF2ECC8, 0xFFFDEE, 0xFFFDEE, 0xF2ECC8, 0xF2ECC8, 0x1A214B, 0x1C2248, 0x1C2248,
        0x070A22, 0x070A22, 0x070A22, 0x070A22, 0x070A22, 0x0E1132, 0x0E1132, 0x1A214B, 0xF2ECC8, 0xF2ECC8, 0xF2ECC8, 0xCFC69C, 0xF2ECC8, 0x1A214B, 0x0E1132, 0x0E1132,
        0x070A22, 0x070A22, 0x070A22, 0x070A22, 0x070A22, 0x0E1132, 0x0E1132, 0x1A214B, 0xF2ECC8, 0xF2ECC8, 0xCFC69C, 0xCFC69C, 0xF2ECC8, 0x1A214B, 0x0E1132, 0x0E1132,
        0x070A22, 0x070A22, 0xE8F2FF, 0x070A22, 0x070A22, 0x070A22, 0x0E1132, 0x1A214B, 0x1A214B, 0xF2ECC8, 0xF2ECC8, 0xF2ECC8, 0x1A214B, 0x1A214B, 0x0E1132, 0x070A22,
        0x070A22, 0x070A22, 0x070A22, 0xCFF762, 0x1C2248, 0x1C2248, 0x1C2248, 0x1C2248, 0x1C2248, 0x1A214B, 0x1A214B, 0x1A214B, 0x1A214B, 0x0E1132, 0x0E1132, 0x070A22,
        0x070A22, 0x070A22, 0x02030C, 0x02030C, 0x2A366E, 0x070A22, 0x070A22, 0x0E1132, 0x0E1132, 0x0E1132, 0x0E1132, 0x0E1132, 0x0E1132, 0x0E1132, 0x070A22, 0x070A22,
        0x3A467A, 0x151D48, 0x151D48, 0x02030C, 0x364686, 0x364686, 0x151D48, 0x151D48, 0x151D48, 0x1C2248, 0x1C2248, 0x1C2248, 0x151D48, 0x151D48, 0x151D48, 0x151D48,
        0x151D48, 0x151D48, 0x364686, 0x364686, 0x0D1333, 0x0D1333, 0x364686, 0x364686, 0x151D48, 0x151D48, 0x151D48, 0x151D48, 0x151D48, 0x151D48, 0x151D48, 0x151D48,
        0x151D48, 0x364686, 0x0D1333, 0x0D1333, 0x0D1333, 0x0D1333, 0x0D1333, 0x0D1333, 0x364686, 0x1E2A5C, 0x1E2A5C, 0x1E2A5C, 0x151D48, 0x151D48, 0x151D48, 0x151D48,
        0x364686, 0x0D1333, 0x0D1333, 0x0D1333, 0x0D1333, 0x0D1333, 0x1E2A5C, 0x1E2A5C, 0x1E2A5C, 0x040614, 0x040614, 0x040614, 0x1E2A5C, 0x1E2A5C, 0x151D48, 0x151D48,
        0x0D1333, 0x0D1333, 0x0D1333, 0x0D1333, 0x1E2A5C, 0x1E2A5C, 0x040614, 0x040614, 0x040614, 0x040614, 0x040614, 0x040614, 0x040614, 0x040614, 0x1E2A5C, 0x151D48,
        0x0D1333, 0x0D1333, 0x1E2A5C, 0x1E2A5C, 0x040614, 0x040614, 0x040614, 0x040614, 0x040614, 0x040614, 0x040614, 0x040614, 0x040614, 0x040614, 0x040614, 0x1E2A5C,
        0x1E2A5C, 0x1E2A5C, 0x040614, 0x040614, 0x040614, 0x040614, 0x040614, 0x040614, 0x040614, 0x040614, 0x040614, 0x040614, 0x040614, 0x040614, 0x040614, 0x040614,
    },
    {
        0x030514, 0x030514, 0x030514, 0x030514, 0x030514, 0x030514, 0x030514, 0xE8F2FF, 0x0D1131, 0x0D1131, 0x0D1131, 0x0D1131, 0x0D1131, 0x0D1131, 0x030514, 0x030514,
        0x030514, 0x3A467A, 0x030514, 0x030514, 0x030514, 0x030514, 0x0D1131, 0x0D1131, 0x1A204A, 0x1A204A, 0x1A204A, 0x1A204A, 0x1A204A, 0x0D1131, 0x3A467A, 0x030514,
        0x030514, 0x030514, 0x030514, 0x030514, 0x030514, 0x3A467A, 0x0D1131, 0x1A204A, 0x1A204A, 0xF2ECC8, 0xF2ECC8, 0xF2ECC8, 0x1A204A, 0x1A204A, 0x0D1131, 0x030514,
        0x1C2248, 0x1C2248, 0x1C2248, 0x030514, 0x030514, 0x0D1131, 0x0D1131, 0x1A204A, 0xF2ECC8, 0xFFFDEE, 0xFFFDEE, 0xF2ECC8, 0xF2ECC8, 0x1A204A, 0x0D1131, 0x1C2248,
        0x070A22, 0x070A22, 0x070A22, 0x070A22, 0x070A22, 0x0D1131, 0x0D1131, 0x1A204A, 0xF2ECC8, 0xF2ECC8, 0xF2ECC8, 0xCFC69C, 0xF2ECC8, 0x1A204A, 0x0D1131, 0x0D1131,
        0x070A22, 0x070A22, 0x070A22, 0x070A22, 0x070A22, 0x0D1131, 0x0D1131, 0x1A204A, 0xF2ECC8, 0xF2ECC8, 0xCFC69C, 0xCFC69C, 0xF2ECC8, 0x1A204A, 0x0D1131, 0x0D1131,
        0x070A22, 0x070A22, 0xE8F2FF, 0x070A22, 0x070A22, 0x070A22, 0x0D1131, 0x1A204A, 0x1A204A, 0xF2ECC8, 0xF2ECC8, 0xF2ECC8, 0x1A204A, 0x1A204A, 0x0D1131, 0x070A22,
        0x070A22, 0x070A22, 0x070A22, 0xCFF762, 0x070A22, 0x1C2248, 0x1C2248, 0x1C2248, 0x1C2248, 0x1C2248, 0x1A204A, 0x1A204A, 0x1A204A, 0x0D1131, 0x0D1131, 0x070A22,
        0x070A22, 0x070A22, 0x02030C, 0x02030C, 0x2A366E, 0x070A22, 0x070A22, 0x0D1131, 0x0D1131, 0x0D1131, 0x0D1131, 0x0D1131, 0x0D1131, 0x0D1131, 0x070A22, 0x070A22,
        0x3A467A, 0x151D48, 0x151D48, 0x02030C, 0x364686, 0x364686, 0x151D48, 0x151D48, 0x151D48, 0x0D1131, 0x1C2248, 0x1C2248, 0x1C2248, 0x151D48, 0x151D48, 0x151D48,
        0x151D48, 0x151D48, 0x364686, 0x364686, 0x0D1333, 0x0D1333, 0x364686, 0x364686, 0x151D48, 0x151D48, 0x151D48, 0x151D48, 0x151D48, 0x151D48, 0x151D48, 0x151D48,
        0x151D48, 0x364686, 0x0D1333, 0x0D1333, 0x0D1333, 0x0D1333, 0x0D1333, 0x0D1333, 0x364686, 0x1E2A5C, 0x1E2A5C, 0x1E2A5C, 0x151D48, 0x151D48, 0x151D48, 0x151D48,
        0x364686, 0x0D1333, 0x0D1333, 0x0D1333, 0x0D1333, 0x0D1333, 0x1E2A5C, 0x1E2A5C, 0x1E2A5C, 0x040614, 0x040614, 0x040614, 0x1E2A5C, 0x1E2A5C, 0x151D48, 0x151D48,
        0x0D1333, 0x0D1333, 0x0D1333, 0x0D1333, 0x1E2A5C, 0x1E2A5C, 0x040614, 0x040614, 0x040614, 0x040614, 0x040614, 0x040614, 0x040614, 0x040614, 0x1E2A5C, 0x151D48,
        0x0D1333, 0x0D1333, 0x1E2A5C, 0x1E2A5C, 0x040614, 0x040614, 0x040614, 0x040614, 0x040614, 0x040614, 0x040614, 0x040614, 0x040614, 0x040614, 0x040614, 0x1E2A5C,
        0x1E2A5C, 0x1E2A5C, 0x040614, 0x040614, 0x040614, 0x040614, 0x040614, 0x040614, 0x040614, 0x040614, 0x040614, 0x040614, 0x040614, 0x040614, 0x040614, 0x040614,
    },
    {
        0x030514, 0x030514, 0x030514, 0x030514, 0x030514, 0x030514, 0x030514, 0xE8F2FF, 0x0D1030, 0x0D1030, 0x0D1030, 0x0D1030, 0x0D1030, 0x0D1030, 0x030514, 0x030514,
        0x030514, 0x3A467A, 0x030514, 0x030514, 0x030514, 0x030514, 0x0D1030, 0x0D1030, 0x192049, 0x192049, 0x192049, 0x192049, 0x192049, 0x0D1030, 0x3A467A, 0x030514,
        0x030514, 0x030514, 0x030514, 0x030514, 0x030514, 0x3A467A, 0x0D1030, 0x192049, 0x192049, 0xF2ECC8, 0xF2ECC8, 0xF2ECC8, 0x192049, 0x192049, 0x0D1030, 0x030514,
        0x1C2248, 0x1C2248, 0x1C2248, 0x030514, 0x030514, 0x0D1030, 0x0D1030, 0x192049, 0xF2ECC8, 0xFFFDEE, 0xFFFDEE, 0xF2ECC8, 0xF2ECC8, 0x192049, 0x0D1030, 0x1C2248,
        0x070A22, 0x070A22, 0x070A22, 0x070A22, 0x070A22, 0x0D1030, 0x0D1030, 0x192049, 0xF2ECC8, 0xF2ECC8, 0xF2ECC8, 0xCFC69C, 0xF2ECC8, 0x192049, 0x0D1030, 0x0D1030,
        0x070A22, 0x070A22, 0x070A22, 0x070A22, 0x070A22, 0x0D1030, 0x0D1030, 0x192049, 0xF2ECC8, 0xF2ECC8, 0xCFC69C, 0xCFC69C, 0xF2ECC8, 0x192049, 0x0D1030, 0x0D1030,
        0x070A22, 0x070A22, 0xE8F2FF, 0x070A22, 0x070A22, 0x070A22, 0x0D1030, 0x192049, 0x192049, 0xF2ECC8, 0xF2ECC8, 0xF2ECC8, 0x192049, 0x192049, 0x0D1030, 0x070A22,
        0x070A22, 0x070A22, 0x070A22, 0xCFF762, 0x070A22, 0x1C2248, 0x1C2248, 0x1C2248, 0x1C2248, 0x1C2248, 0x192049, 0x192049, 0x192049, 0x0D1030, 0x0D1030, 0x070A22,
        0x070A22, 0x070A22, 0x02030C, 0x02030C, 0x2A366E, 0x070A22, 0x070A22, 0x0D1030, 0x0D1030, 0x0D1030, 0x0D1030, 0x0D1030, 0x0D1030, 0x0D1030, 0x070A22, 0x070A22,
        0x3A467A, 0x151D48, 0x151D48, 0x02030C, 0x364686, 0x364686, 0x151D48, 0x151D48, 0x151D48, 0x0D1030, 0x1C2248, 0x1C2248, 0x1C2248, 0x151D48, 0x151D48, 0x151D48,
        0x151D48, 0x151D48, 0x364686, 0x364686, 0x0D1333, 0x0D1333, 0x364686, 0x364686, 0x151D48, 0x151D48, 0x151D48, 0x151D48, 0x151D48, 0x151D48, 0x151D48, 0x151D48,
        0x151D48, 0x364686, 0x0D1333, 0x0D1333, 0x0D1333, 0x0D1333, 0x0D1333, 0x0D1333, 0x364686, 0x1E2A5C, 0x1E2A5C, 0x1E2A5C, 0x151D48, 0x151D48, 0x151D48, 0x151D48,
        0x364686, 0x0D1333, 0x0D1333, 0x0D1333, 0x0D1333, 0x0D1333, 0x1E2A5C, 0x1E2A5C, 0x1E2A5C, 0x040614, 0x040614, 0x040614, 0x1E2A5C, 0x1E2A5C, 0x151D48, 0x151D48,
        0x0D1333, 0x0D1333, 0x0D1333, 0x0D1333, 0x1E2A5C, 0x1E2A5C, 0x040614, 0x040614, 0x040614, 0x040614, 0x040614, 0x040614, 0x040614, 0x040614, 0x1E2A5C, 0x151D48,
        0x0D1333, 0x0D1333, 0x1E2A5C, 0x1E2A5C, 0x040614, 0x040614, 0x040614, 0x040614, 0x040614, 0x040614, 0x040614, 0x040614, 0x040614, 0x040614, 0x040614, 0x1E2A5C,
        0x1E2A5C, 0x1E2A5C, 0x040614, 0x040614, 0x040614, 0x040614, 0x040614, 0x040614, 0x040614, 0x040614, 0x040614, 0x040614, 0x040614, 0x040614, 0x040614, 0x040614,
    },
    {
        0x030514, 0x030514, 0x030514, 0x030514, 0x030514, 0x030514, 0x030514, 0xE8F2FF, 0x0D1030, 0x0D1030, 0x0D1030, 0x0D1030, 0x0D1030, 0x0D1030, 0x030514, 0x030514,
        0x030514, 0x3A467A, 0x030514, 0x030514, 0x030514, 0x030514, 0x0D1030, 0x0D1030, 0x191F48, 0x191F48, 0x191F48, 0x191F48, 0x191F48, 0x0D1030, 0x8E9EC8, 0x030514,
        0x030514, 0x030514, 0x030514, 0x030514, 0x030514, 0x3A467A, 0x0D1030, 0x191F48, 0x191F48, 0xF2ECC8, 0xF2ECC8, 0xF2ECC8, 0x191F48, 0x191F48, 0x0D1030, 0x030514,
        0x1C2248, 0x1C2248, 0x1C2248, 0x1C2248, 0x030514, 0x0D1030, 0x0D1030, 0x191F48, 0xF2ECC8, 0xFFFDEE, 0xFFFDEE, 0xF2ECC8, 0xF2ECC8, 0x191F48, 0x0D1030, 0x0D1030,
        0x070A22, 0x070A22, 0x070A22, 0x070A22, 0x070A22, 0x0D1030, 0x0D1030, 0x191F48, 0xF2ECC8, 0xF2ECC8, 0xF2ECC8, 0xCFC69C, 0xF2ECC8, 0x191F48, 0x0D1030, 0x0D1030,
        0x070A22, 0x070A22, 0x070A22, 0x070A22, 0x070A22, 0x0D1030, 0x0D1030, 0x191F48, 0xF2ECC8, 0xF2ECC8, 0xCFC69C, 0xCFC69C, 0xF2ECC8, 0x191F48, 0x0D1030, 0x0D1030,
        0x070A22, 0x070A22, 0xE8F2FF, 0x070A22, 0x070A22, 0x070A22, 0x0D1030, 0x191F48, 0x191F48, 0xF2ECC8, 0xF2ECC8, 0xF2ECC8, 0x191F48, 0x191F48, 0x0D1030, 0x070A22,
        0x070A22, 0x070A22, 0x070A22, 0x5E7A24, 0x070A22, 0x070A22, 0x1C2248, 0x1C2248, 0x1C2248, 0x1C2248, 0x1C2248, 0x191F48, 0x191F48, 0x0D1030, 0x0D1030, 0x070A22,
        0x070A22, 0x070A22, 0x02030C, 0x02030C, 0x2A366E, 0x070A22, 0x070A22, 0x0D1030, 0x0D1030, 0x0D1030, 0x0D1030, 0x0D1030, 0x0D1030, 0x0D1030, 0x070A22, 0x070A22,
        0x3A467A, 0x151D48, 0x151D48, 0x02030C, 0x364686, 0x364686, 0x151D48, 0x151D48, 0x151D48, 0x0D1030, 0x0D1030, 0x1C2248, 0x1C2248, 0x1C2248, 0x151D48, 0x151D48,
        0x151D48, 0x151D48, 0x364686, 0x364686, 0x0D1333, 0x0D1333, 0x364686, 0x364686, 0x151D48, 0x151D48, 0x151D48, 0x151D48, 0x151D48, 0x151D48, 0x151D48, 0x151D48,
        0x151D48, 0x364686, 0x0D1333, 0x0D1333, 0x0D1333, 0x0D1333, 0x0D1333, 0x0D1333, 0x364686, 0x1E2A5C, 0x1E2A5C, 0x1E2A5C, 0x151D48, 0x151D48, 0x151D48, 0x151D48,
        0x364686, 0x0D1333, 0x0D1333, 0x0D1333, 0x0D1333, 0x0D1333, 0x1E2A5C, 0x1E2A5C, 0x1E2A5C, 0x040614, 0x040614, 0x040614, 0x1E2A5C, 0x1E2A5C, 0x151D48, 0x151D48,
        0x0D1333, 0x0D1333, 0x0D1333, 0x0D1333, 0x1E2A5C, 0x1E2A5C, 0x040614, 0x040614, 0x040614, 0x040614, 0x040614, 0x040614, 0x040614, 0x040614, 0x1E2A5C, 0x151D48,
        0x0D1333, 0x0D1333, 0x1E2A5C, 0x1E2A5C, 0x040614, 0x040614, 0x040614, 0x040614, 0x040614, 0x040614, 0x040614, 0x040614, 0x040614, 0x040614, 0x040614, 0x1E2A5C,
        0x1E2A5C, 0x1E2A5C, 0x040614, 0x040614, 0x040614, 0x040614, 0x040614, 0x040614, 0x040614, 0x040614, 0x040614, 0x040614, 0x040614, 0x040614, 0x040614, 0x040614,
    },
    {
        0x030514, 0x030514, 0x030514, 0x030514, 0x030514, 0x030514, 0x030514, 0xE8F2FF, 0x0C102F, 0x0C102F, 0x0C102F, 0x0C102F, 0x0C102F, 0x0C102F, 0x030514, 0x030514,
        0x030514, 0x3A467A, 0x030514, 0x030514, 0x030514, 0x030514, 0x0C102F, 0x0C102F, 0x181F47, 0x181F47, 0x181F47, 0x181F47, 0x181F47, 0x0C102F, 0x8E9EC8, 0x030514,
        0x030514, 0x030514, 0x030514, 0x030514, 0x030514, 0x3A467A, 0x0C102F, 0x181F47, 0x181F47, 0xF2ECC8, 0xF2ECC8, 0xF2ECC8, 0x181F47, 0x181F47, 0x0C102F, 0x030514,
        0x1C2248, 0x1C2248, 0x1C2248, 0x1C2248, 0x030514, 0x0C102F, 0x0C102F, 0x181F47, 0xF2ECC8, 0xFFFDEE, 0xFFFDEE, 0xF2ECC8, 0xF2ECC8, 0x181F47, 0x0C102F, 0x0C102F,
        0x070A22, 0x070A22, 0x070A22, 0x070A22, 0x070A22, 0x0C102F, 0x0C102F, 0x181F47, 0xF2ECC8, 0xF2ECC8, 0xF2ECC8, 0xCFC69C, 0xF2ECC8, 0x181F47, 0x0C102F, 0x0C102F,
        0x070A22, 0x070A22, 0x070A22, 0x070A22, 0x070A22, 0x0C102F, 0x0C102F, 0x181F47, 0xF2ECC8, 0xF2ECC8, 0xCFC69C, 0xCFC69C, 0xF2ECC8, 0x181F47, 0x0C102F, 0x0C102F,
        0x070A22, 0x070A22, 0xE8F2FF, 0x070A22, 0x070A22, 0x070A22, 0x0C102F, 0x181F47, 0x181F47, 0xF2ECC8, 0xF2ECC8, 0xF2ECC8, 0x181F47, 0x181F47, 0x0C102F, 0x070A22,
        0x070A22, 0x070A22, 0x070A22, 0x02030C, 0x070A22, 0x070A22, 0x1C2248, 0x1C2248, 0x1C2248, 0x1C2248, 0x1C2248, 0x181F47, 0x181F47, 0x0C102F, 0x0C102F, 0x070A22,
        0x070A22, 0x070A22, 0x02030C, 0x02030C, 0x2A366E, 0x070A22, 0x070A22, 0x0C102F, 0x0C102F, 0x0C102F, 0x0C102F, 0x0C102F, 0x0C102F, 0x0C102F, 0x070A22, 0x070A22,
        0x3A467A, 0x151D48, 0x151D48, 0x02030C, 0x364686, 0x364686, 0x151D48, 0x151D48, 0x151D48, 0x0C102F, 0x0C102F, 0x1C2248, 0x1C2248, 0x1C2248, 0x151D48, 0x151D48,
        0x151D48, 0x151D48, 0x364686, 0x364686, 0x0D1333, 0x0D1333, 0x364686, 0x364686, 0x151D48, 0x151D48, 0x151D48, 0x151D48, 0x151D48, 0x151D48, 0x151D48, 0x151D48,
        0x151D48, 0x364686, 0x0D1333, 0x0D1333, 0x0D1333, 0x0D1333, 0x0D1333, 0x0D1333, 0x364686, 0x1E2A5C, 0x1E2A5C, 0x1E2A5C, 0x151D48, 0x151D48, 0x151D48, 0x151D48,
        0x364686, 0x0D1333, 0x0D1333, 0x0D1333, 0x0D1333, 0x0D1333, 0x1E2A5C, 0x1E2A5C, 0x1E2A5C, 0x040614, 0x040614, 0x040614, 0x1E2A5C, 0x1E2A5C, 0x151D48, 0x151D48,
        0x0D1333, 0x0D1333, 0x0D1333, 0x0D1333, 0x1E2A5C, 0x1E2A5C, 0x040614, 0x040614, 0x040614, 0x040614, 0x040614, 0x040614, 0x040614, 0x040614, 0x1E2A5C, 0x151D48,
        0x0D1333, 0x0D1333, 0x1E2A5C, 0x1E2A5C, 0x040614, 0x040614, 0x040614, 0x040614, 0x040614, 0x040614, 0x040614, 0x040614, 0x040614, 0x040614, 0x040614, 0x1E2A5C,
        0x1E2A5C, 0x1E2A5C, 0x040614, 0x040614, 0x040614, 0x040614, 0x040614, 0x040614, 0x040614, 0x040614, 0x040614, 0x040614, 0x040614, 0x040614, 0x040614, 0x040614,
    },
    {
        0x030514, 0x030514, 0x030514, 0x030514, 0x030514, 0x030514, 0x030514, 0xE8F2FF, 0x0C102E, 0x0C102E, 0x0C102E, 0x0C102E, 0x0C102E, 0x0C102E, 0x030514, 0x030514,
        0x030514, 0x3A467A, 0x030514, 0x030514, 0x030514, 0x030514, 0x0C102E, 0x0C102E, 0x181E47, 0x181E47, 0x181E47, 0x181E47, 0x181E47, 0x0C102E, 0x8E9EC8, 0x030514,
        0x030514, 0x030514, 0x030514, 0x030514, 0x030514, 0x3A467A, 0x0C102E, 0x181E47, 0x181E47, 0xF2ECC8, 0xF2ECC8, 0xF2ECC8, 0x181E47, 0x181E47, 0x0C102E, 0x030514,
        0x030514, 0x1C2248, 0x1C2248, 0x1C2248, 0x1C2248, 0x0C102E, 0x0C102E, 0x181E47, 0xF2ECC8, 0xFFFDEE, 0xFFFDEE, 0xF2ECC8, 0xF2ECC8, 0x181E47, 0x0C102E, 0x0C102E,
        0x070A22, 0x070A22, 0x070A22, 0x070A22, 0x070A22, 0x0C102E, 0x0C102E, 0x181E47, 0xF2ECC8, 0xF2ECC8, 0xF2ECC8, 0xCFC69C, 0xF2ECC8, 0x181E47, 0x0C102E, 0x0C102E,
        0x070A22, 0x070A22, 0x070A22, 0x070A22, 0x070A22, 0x0C102E, 0x0C102E, 0x181E47, 0xF2ECC8, 0xF2ECC8, 0xCFC69C, 0xCFC69C, 0xF2ECC8, 0x181E47, 0x0C102E, 0x0C102E,
        0x070A22, 0x070A22, 0xE8F2FF, 0x070A22, 0x070A22, 0x070A22, 0x0C102E, 0x181E47, 0x181E47, 0xF2ECC8, 0xF2ECC8, 0xF2ECC8, 0x181E47, 0x181E47, 0x0C102E, 0x070A22,
        0x070A22, 0x070A22, 0x070A22, 0x02030C, 0x070A22, 0x070A22, 0x0C102E, 0x1C2248, 0x1C2248, 0x1C2248, 0x1C2248, 0x1C2248, 0x181E47, 0x0C102E, 0x0C102E, 0x070A22,
        0x070A22, 0x070A22, 0x02030C, 0x02030C, 0x2A366E, 0x070A22, 0x070A22, 0x0C102E, 0x0C102E, 0x0C102E, 0x0C102E, 0x0C102E, 0x0C102E, 0x0C102E, 0x070A22, 0x070A22,
        0x3A467A, 0x151D48, 0x151D48, 0x02030C, 0x364686, 0x364686, 0x151D48, 0x151D48, 0x151D48, 0x0C102E, 0x0C102E, 0x0C102E, 0x1C2248, 0x1C2248, 0x1C2248, 0x151D48,
        0x151D48, 0x151D48, 0x364686, 0x364686, 0x0D1333, 0x0D1333, 0x364686, 0x364686, 0x151D48, 0x151D48, 0x151D48, 0x151D48, 0x151D48, 0x151D48, 0x151D48, 0x151D48,
        0x151D48, 0x364686, 0x0D1333, 0x0D1333, 0x0D1333, 0x0D1333, 0x0D1333, 0x0D1333, 0x364686, 0x1E2A5C, 0x1E2A5C, 0x1E2A5C, 0x151D48, 0x151D48, 0x151D48, 0x151D48,
        0x364686, 0x0D1333, 0x0D1333, 0x0D1333, 0x0D1333, 0x0D1333, 0x1E2A5C, 0x1E2A5C, 0x1E2A5C, 0x040614, 0x040614, 0x040614, 0x1E2A5C, 0x1E2A5C, 0x151D48, 0x151D48,
        0x0D1333, 0x0D1333, 0x0D1333, 0x0D1333, 0x1E2A5C, 0x1E2A5C, 0x040614, 0x040614, 0x040614, 0x040614, 0x040614, 0x040614, 0x040614, 0x040614, 0x1E2A5C, 0x151D48,
        0x0D1333, 0x0D1333, 0x1E2A5C, 0x1E2A5C, 0x040614, 0x040614, 0x040614, 0x040614, 0x040614, 0x040614, 0x040614, 0x040614, 0x040614, 0x040614, 0x040614, 0x1E2A5C,
        0x1E2A5C, 0x1E2A5C, 0x040614, 0x040614, 0x040614, 0x040614, 0x040614, 0x040614, 0x040614, 0x040614, 0x040614, 0x040614, 0x040614, 0x040614, 0x040614, 0x040614,
    },
    {
        0x030514, 0x030514, 0x030514, 0x030514, 0x030514, 0x030514, 0x030514, 0xE8F2FF, 0x0C102E, 0x0C102E, 0x0C102E, 0x0C102E, 0x0C102E, 0x0C102E, 0x030514, 0x030514,
        0x030514, 0x3A467A, 0x030514, 0x030514, 0x030514, 0x030514, 0x0C102E, 0x0C102E, 0x181E46, 0x181E46, 0x181E46, 0x181E46, 0x181E46, 0x0C102E, 0xE8F2FF, 0x030514,
        0x030514, 0x030514, 0x030514, 0x030514, 0x030514, 0x3A467A, 0x0C102E, 0x181E46, 0x181E46, 0xF2ECC8, 0xF2ECC8, 0xF2ECC8, 0x181E46, 0x181E46, 0x0C102E, 0x030514,
        0x030514, 0x1C2248, 0x1C2248, 0x1C2248, 0x1C2248, 0x0C102E, 0x0C102E, 0x181E46, 0xF2ECC8, 0xFFFDEE, 0xFFFDEE, 0xF2ECC8, 0xF2ECC8, 0x181E46, 0x0C102E, 0x0C102E,
        0x070A22, 0x070A22, 0x070A22, 0x070A22, 0x070A22, 0x0C102E, 0x0C102E, 0x181E46, 0xF2ECC8, 0xF2ECC8, 0xF2ECC8, 0xCFC69C, 0xF2ECC8, 0x181E46, 0x0C102E, 0x0C102E,
        0x070A22, 0x070A22, 0x070A22, 0x070A22, 0x070A22, 0x0C102E, 0x0C102E, 0x181E46, 0xF2ECC8, 0xF2ECC8, 0xCFC69C, 0xCFC69C, 0xF2ECC8, 0x181E46, 0x0C102E, 0x0C102E,
        0x070A22, 0x070A22, 0xE8F2FF, 0x070A22, 0x070A22, 0x070A22, 0x0C102E, 0x181E46, 0x181E46, 0xF2ECC8, 0xF2ECC8, 0xF2ECC8, 0x181E46, 0x181E46, 0x0C102E, 0x070A22,
        0x070A22, 0x070A22, 0x070A22, 0x02030C, 0x070A22, 0x070A22, 0x0C102E, 0x1C2248, 0x1C2248, 0x1C2248, 0x1C2248, 0x1C2248, 0x181E46, 0x0C102E, 0x0C102E, 0x070A22,
        0x070A22, 0x070A22, 0x02030C, 0x02030C, 0x2A366E, 0x070A22, 0x070A22, 0x0C102E, 0x0C102E, 0x0C102E, 0x0C102E, 0x0C102E, 0x0C102E, 0x0C102E, 0x070A22, 0x070A22,
        0x8E9EC8, 0x151D48, 0x151D48, 0x02030C, 0x364686, 0x364686, 0x151D48, 0x151D48, 0x151D48, 0x0C102E, 0x0C102E, 0x0C102E, 0x1C2248, 0x1C2248, 0x1C2248, 0x151D48,
        0x151D48, 0x151D48, 0x364686, 0x364686, 0x0D1333, 0x0D1333, 0x364686, 0x364686, 0x151D48, 0x151D48, 0x151D48, 0x151D48, 0x151D48, 0x151D48, 0x151D48, 0x151D48,
        0x151D48, 0x364686, 0x0D1333, 0x0D1333, 0x0D1333, 0x0D1333, 0x0D1333, 0x0D1333, 0x364686, 0x1E2A5C, 0x1E2A5C, 0x1E2A5C, 0x151D48, 0x151D48, 0x151D48, 0x151D48,
        0x364686, 0x0D1333, 0x0D1333, 0x0D1333, 0x0D1333, 0x0D1333, 0x1E2A5C, 0x1E2A5C, 0x1E2A5C, 0x040614, 0x040614, 0x040614, 0x1E2A5C, 0x1E2A5C, 0x151D48, 0x151D48,
        0x0D1333, 0x0D1333, 0x0D1333, 0x0D1333, 0x1E2A5C, 0x1E2A5C, 0x040614, 0x040614, 0x040614, 0x040614, 0x040614, 0x040614, 0x040614, 0x040614, 0x1E2A5C, 0x151D48,
        0x0D1333, 0x0D1333, 0x1E2A5C, 0x1E2A5C, 0x040614, 0x040614, 0x040614, 0x040614, 0x040614, 0x040614, 0x040614, 0x040614, 0x040614, 0x040614, 0x040614, 0x1E2A5C,
        0x1E2A5C, 0x1E2A5C, 0x040614, 0x040614, 0x040614, 0x040614, 0x040614, 0x040614, 0x040614, 0x040614, 0x040614, 0x040614, 0x040614, 0x040614, 0x040614, 0x040614,
    },
};

static const uint16_t moon16_anim_rgb565[32][256] = {
    {
        0x0022, 0x0022, 0x0022, 0x0022, 0x0022, 0x0022, 0x0022, 0x8CF9, 0x0885, 0x0885, 0x0885, 0x0885, 0x0885, 0x0885, 0x0022, 0x0022,
        0x0022, 0x3A2F, 0x0022, 0x0022, 0x0022, 0x0022, 0x0885, 0x0885, 0x18E8, 0x18E8, 0x18E8, 0x18E8, 0x18E8, 0x0885, 0xEF9F, 0x0022,
        0x0022, 0x0022, 0x0022, 0x0022, 0x0022, 0x3A2F, 0x0885, 0x18E8, 0x18E8, 0xF779, 0xF779, 0xF779, 0x18E8, 0x18E8, 0x0885, 0x0022,
        0x0022, 0x0022, 0x1909, 0x1909, 0x1909, 0x1909, 0x0885, 0x18E8, 0xF779, 0xFFFD, 0xFFFD, 0xF779, 0xF779, 0x18E8, 0x0885, 0x0885,
        0x0044, 0x0044, 0x0044, 0x0044, 0x0044, 0x0885, 0x0885, 0x18E8, 0xF779, 0xF779, 0xF779, 0xCE33, 0xF779, 0x18E8, 0x0885, 0x0885,
        0x0044, 0x0044, 0x0044, 0x0044, 0x0044, 0x0885, 0x0885, 0x18E8, 0xF779, 0xF779, 0xCE33, 0xCE33, 0xF779, 0x18E8, 0x0885, 0x0885,
        0x0044, 0x0044, 0xEF9F, 0x0044, 0x0044, 0x0044, 0x0885, 0x18E8, 0x18E8, 0xF779, 0xF779, 0xF779, 0x18E8, 0x18E8, 0x0885, 0x0044,
        0x0044, 0x0044, 0x0044, 0x0001, 0x0044, 0x0044, 0x0885, 0x0885, 0x1909, 0x1909, 0x1909, 0x1909, 0x1909, 0x0885, 0x0885, 0x0044,
        0x0044, 0x0044, 0x0001, 0x0001, 0x29AD, 0x0044, 0x0044, 0x0885, 0x0885, 0x0885, 0x0885, 0x0885, 0x0885, 0x0885, 0x0044, 0x0044,
        0x8CF9, 0x10E9, 0x10E9, 0x0001, 0x3230, 0x3230, 0x10E9, 0x10E9, 0x10E9, 0x0885, 0x0885, 0x0885, 0x10E9, 0x1909, 0x1909, 0x1909,
        0x10E9, 0x10E9, 0x3230, 0x3230, 0x0886, 0x0886, 0x3230, 0x3230, 0x10E9, 0x10E9, 0x10E9, 0x10E9, 0x10E9, 0x10E9, 0x10E9, 0x10E9,
        0x10E9, 0x3230, 0x0886, 0x0886, 0x0886, 0x0886, 0x0886, 0x0886, 0x3230, 0x194B, 0x194B, 0x194B, 0x10E9, 0x10E9, 0x10E9, 0x10E9,
        0x3230, 0x0886, 0x0886, 0x0886, 0x0886, 0x0886, 0x194B, 0x194B, 0x194B, 0x0022, 0x0022, 0x0022, 0x194B, 0x194B, 0x10E9, 0x10E9,
        0x0886, 0x0886, 0x0886, 0x0886, 0x194B, 0x194B, 0x0022, 0x0022, 0x0022, 0x0022, 0x0022, 0x0022, 0x0022, 0x0022, 0x194B, 0x10E9,
        0x0886, 0x0886, 0x194B, 0x194B, 0x0022, 0x0022, 0x0022, 0x0022, 0x0022, 0x0022, 0x0022, 0x0022, 0x0022, 0x0022, 0x0022, 0x194B,
        0x194B, 0x194B, 0x0022, 0x0022, 0x0022, 0x0022, 0x0022, 0x0022, 0x0022, 0x0022, 0x0022, 0x0022, 0x0022, 0x0022, 0x0022, 0x0022,
    },
    {
        0x0022, 0x0022, 0x0022, 0x0022, 0x0022, 0x0022, 0x0022, 0x8CF9, 0x0885, 0x0885, 0x0885, 0x0885, 0x0885, 0x0885, 0x0022, 0x0022,
        0x0022, 0x3A2F, 0x0022, 0x0022, 0x0022, 0x0022, 0x0885, 0x0885, 0x18E8, 0x18E8, 0x18E8, 0x18E8, 0x18E8, 0x0885, 0xEF9F, 0x0022,
        0x0022, 0x0022, 0x0022, 0x0022, 0x0022, 0x3A2F, 0x0885, 0x18E8, 0x18E8, 0xF779, 0xF779, 0xF779, 0x18E8, 0x18E8, 0x0885, 0x0022,
        0x0022, 0x0022, 0x1909, 0x1909, 0x1909, 0x1909, 0x0885, 0x18E8, 0xF779, 0xFFFD, 0xFFFD, 0xF779, 0xF779, 0x18E8, 0x0885, 0x0885,
        0x0044, 0x0044, 0x0044, 0x0044, 0x0044, 0x0885, 0x0885, 0x18E8, 0xF779, 0xF779, 0xF779, 0xCE33, 0xF779, 0x18E8, 0x0885, 0x0885,
        0x0044, 0x0044, 0x0044, 0x0044, 0x0044, 0x0885, 0x0885, 0x18E8, 0xF779, 0xF779, 0xCE33, 0xCE33, 0xF779, 0x18E8, 0x0885, 0x0885,
        0x0044, 0x0044, 0xEF9F, 0x0044, 0x0044, 0x0044, 0x0885, 0x18E8, 0x18E8, 0xF779, 0xF779, 0xF779, 0x18E8, 0x18E8, 0x0885, 0x0044,
        0x0044, 0x0044, 0x0044, 0x0001, 0x0044, 0x0044, 0x0885, 0x0885, 0x1909, 0x1909, 0x1909, 0x1909, 0x1909, 0x0885, 0x0885, 0x0044,
        0x0044, 0x0044, 0x0001, 0x0001, 0x29AD, 0x0044, 0x0044, 0x0885, 0x0885, 0x0885, 0x0885, 0x0885, 0x0885, 0x0885, 0x0044, 0x0044,
        0x8CF9, 0x10E9, 0x10E9, 0x0001, 0x3230, 0x3230, 0x10E9, 0x10E9, 0x10E9, 0x0885, 0x0885, 0x0885, 0x10E9, 0x1909, 0x1909, 0x1909,
        0x10E9, 0x10E9, 0x3230, 0x3230, 0x0886, 0x0886, 0x3230, 0x3230, 0x10E9, 0x10E9, 0x10E9, 0x10E9, 0x10E9, 0x10E9, 0x10E9, 0x10E9,
        0x10E9, 0x3230, 0x0886, 0x0886, 0x0886, 0x0886, 0x0886, 0x0886, 0x3230, 0x194B, 0x194B, 0x194B, 0x10E9, 0x10E9, 0x10E9, 0x10E9,
        0x3230, 0x0886, 0x0886, 0x0886, 0x0886, 0x0886, 0x194B, 0x194B, 0x194B, 0x0022, 0x0022, 0x0022, 0x194B, 0x194B, 0x10E9, 0x10E9,
        0x0886, 0x0886, 0x0886, 0x0886, 0x194B, 0x194B, 0x0022, 0x0022, 0x0022, 0x0022, 0x0022, 0x0022, 0x0022, 0x0022, 0x194B, 0x10E9,
        0x0886, 0x0886, 0x194B, 0x194B, 0x0022, 0x0022, 0x0022, 0x0022, 0x0022, 0x0022, 0x0022, 0x0022, 0x0022, 0x0022, 0x0022, 0x194B,
        0x194B, 0x194B, 0x0022, 0x0022, 0x0022, 0x0022, 0x0022, 0x0022, 0x0022, 0x0022, 0x0022, 0x0022, 0x0022, 0x0022, 0x0022, 0x0022,
    },
    {
        0x0022, 0x0022, 0x0022, 0x0022, 0x0022, 0x0022, 0x0022, 0x8CF9, 0x0885, 0x0885, 0x0885, 0x0885, 0x0885, 0x0885, 0x0022, 0x0022,
        0x0022, 0x3A2F, 0x0022, 0x0022, 0x0022, 0x0022, 0x0885, 0x0885, 0x18E8, 0x18E8, 0x18E8, 0x18E8, 0x18E8, 0x0885, 0xEF9F, 0x0022,
        0x0022, 0x0022, 0x0022, 0x0022, 0x0022, 0x8CF9, 0x0885, 0x18E8, 0x18E8, 0xF779, 0xF779, 0xF779, 0x18E8, 0x18E8, 0x0885, 0x0022,
        0x0022, 0x0022, 0x0022, 0x1909, 0x1909, 0x1909, 0x1909, 0x18E8, 0xF779, 0xFFFD, 0xFFFD, 0xF779, 0xF779, 0x18E8, 0x0885, 0x0885,
        0x0044, 0x0044, 0x0044, 0x0044, 0x0044, 0x0885, 0x0885, 0x18E8, 0xF779, 0xF779, 0xF779, 0xCE33, 0xF779, 0x18E8, 0x0885, 0x0885,
        0x0044, 0x0044, 0x0044, 0x0044, 0x0044, 0x0885, 0x0885, 0x18E8, 0xF779, 0xF779, 0xCE33, 0xCE33, 0xF779, 0x18E8, 0x0885, 0x0885,
        0x0044, 0x0044, 0xEF9F, 0x0044, 0x0044, 0x0044, 0x0885, 0x18E8, 0x18E8, 0xF779, 0xF779, 0xF779, 0x18E8, 0x18E8, 0x0885, 0x0044,
        0x0044, 0x0044, 0x0044, 0x0001, 0x0044, 0x0044, 0x0885, 0x0885, 0x18E8, 0x1909, 0x1909, 0x1909, 0x1909, 0x1909, 0x0885, 0x0044,
        0x0044, 0x0044, 0x0001, 0x0001, 0x29AD, 0x0044, 0x0044, 0x0885, 0x0885, 0x0885, 0x0885, 0x0885, 0x0885, 0x0885, 0x0044, 0x0044,
        0x1909, 0x10E9, 0x10E9, 0x0001, 0x3230, 0x3230, 0x10E9, 0x10E9, 0x10E9, 0x0885, 0x0885, 0x0885, 0x10E9, 0x10E9, 0x1909, 0x1909,
        0x10E9, 0x10E9, 0x3230, 0x3230, 0x0886, 0x0886, 0x3230, 0x3230, 0x10E9, 0x10E9, 0x10E9, 0x10E9, 0x10E9, 0x10E9, 0x10E9, 0x10E9,
        0x10E9, 0x3230, 0x0886, 0x0886, 0x0886, 0x0886, 0x5BC4, 0x0886, 0x3230, 0x194B, 0x194B, 0x194B, 0x10E9, 0x10E9, 0x10E9, 0x10E9,
        0x3230, 0x0886, 0x0886, 0x0886, 0x0886, 0x0886, 0x194B, 0x194B, 0x194B, 0x0022, 0x0022, 0x0022, 0x194B, 0x194B, 0x10E9, 0x10E9,
        0x0886, 0x0886, 0x0886, 0x0886, 0x194B, 0x194B, 0x0022, 0x0022, 0x0022, 0x0022, 0x0022, 0x0022, 0x0022, 0x0022, 0x194B, 0x10E9,
        0x0886, 0x0886, 0x194B, 0x194B, 0x0022, 0x0022, 0x0022, 0x0022, 0x0022, 0x0022, 0x0022, 0x0022, 0x0022, 0x0022, 0x0022, 0x194B,
        0x194B, 0x194B, 0x0022, 0x0022, 0x0022, 0x0022, 0x0022, 0x0022, 0x0022, 0x0022, 0x0022, 0x0022, 0x0022, 0x0022, 0x0022, 0x0022,
    },
    {
        0x0022, 0x0022, 0x0022, 0x0022, 0x0022, 0x0022, 0x0022, 0x3A2F, 0x0885, 0x0885, 0x0885, 0x0885, 0x0885, 0x0885, 0x0022, 0x0022,
        0x0022, 0x3A2F, 0x0022, 0x0022, 0x0022, 0x0022, 0x0885, 0x0885, 0x18E8, 0x18E8, 0x18E8, 0x18E8, 0x18E8, 0x0885, 0xEF9F, 0x0022,
        0x0022, 0x0022, 0x0022, 0x0022, 0x0022, 0x8CF9, 0x0885, 0x18E8, 0x18E8, 0xF779, 0xF779, 0xF779, 0x18E8, 0x18E8, 0x0885, 0x0022,
        0x0022, 0x0022, 0x0022, 0x1909, 0x1909, 0x1909, 0x1909, 0x18E8, 0xF779, 0xFFFD, 0xFFFD, 0xF779, 0xF779, 0x18E8, 0x0885, 0x0885,
        0x0044, 0x0044, 0x0044, 0x0044, 0x0044, 0x0885, 0x0885, 0x18E8, 0xF779, 0xF779, 0xF779, 0xCE33, 0xF779, 0x18E8, 0x0885, 0x0885,
        0x0044, 0x0044, 0x0044, 0x0044, 0x0044, 0x0885, 0x0885, 0x18E8, 0xF779, 0xF779, 0xCE33, 0xCE33, 0xF779, 0x18E8, 0x0885, 0x0885,
        0x0044, 0x0044, 0xEF9F, 0x0044, 0x0044, 0x0044, 0x0885, 0x18E8, 0x18E8, 0xF779, 0xF779, 0xF779, 0x18E8, 0x18E8, 0x0885, 0x0044,
        0x0044, 0x0044, 0x0044, 0x0001, 0x0044, 0x0044, 0x0885, 0x0885, 0x18E8, 0x1909, 0x1909, 0x1909, 0x1909, 0x1909, 0x0885, 0x0044,
        0x0044, 0x0044, 0x0001, 0x0001, 0x29AD, 0x0044, 0x0044, 0x0885, 0x0885, 0x0885, 0x0885, 0x0885, 0x0885, 0x0885, 0x0044, 0x0044,
        0x1909, 0x10E9, 0x10E9, 0x0001, 0x3230, 0x3230, 0x10E9, 0x10E9, 0x10E9, 0x0885, 0x0885, 0x0885, 0x10E9, 0x10E9, 0x1909, 0x1909,
        0x10E9, 0x10E9, 0x3230, 0x3230, 0x0886, 0x0886, 0x3230, 0x3230, 0x10E9, 0x10E9, 0x10E9, 0x10E9, 0x10E9, 0x10E9, 0x10E9, 0x10E9,
        0x10E9, 0x3230, 0x0886, 0x0886, 0x0886, 0x0886, 0xCFAC, 0x0886, 0x3230, 0x194B, 0x194B, 0x194B, 0x10E9, 0x10E9, 0x10E9, 0x10E9,
        0x3230, 0x0886, 0x0886, 0x0886, 0x0886, 0x0886, 0x194B, 0x194B, 0x194B, 0x0022, 0x0022, 0x0022, 0x194B, 0x194B, 0x10E9, 0x10E9,
        0x0886, 0x0886, 0x0886, 0x0886, 0x194B, 0x194B, 0x0022, 0x0022, 0x0022, 0x0022, 0x0022, 0x0022, 0x0022, 0x0022, 0x194B, 0x10E9,
        0x0886, 0x0886, 0x194B, 0x194B, 0x0022, 0x0022, 0x0022, 0x0022, 0x0022, 0x0022, 0x0022, 0x0022, 0x0022, 0x0022, 0x0022, 0x194B,
        0x194B, 0x194B, 0x0022, 0x0022, 0x0022, 0x0022, 0x0022, 0x0022, 0x0022, 0x0022, 0x0022, 0x0022, 0x0022, 0x0022, 0x0022, 0x0022,
    },
    {
        0x0022, 0x0022, 0x0022, 0x0022, 0x0022, 0x0022, 0x0022, 0x3A2F, 0x0886, 0x0886, 0x0886, 0x0886, 0x0886, 0x0886, 0x0022, 0x0022,
        0x0022, 0x3A2F, 0x0022, 0x0022, 0x0022, 0x0022, 0x0886, 0x0886, 0x18E9, 0x18E9, 0x18E9, 0x18E9, 0x18E9, 0x0886, 0xEF9F, 0x0022,
        0x0022, 0x0022, 0x0022, 0x0022, 0x0022, 0x8CF9, 0x0886, 0x18E9, 0x18E9, 0xF779, 0xF779, 0xF779, 0x18E9, 0x18E9, 0x0886, 0x0022,
        0x0022, 0x0022, 0x0022, 0x0022, 0x1909, 0x1909, 0x1909, 0x1909, 0xF779, 0xFFFD, 0xFFFD, 0xF779, 0xF779, 0x18E9, 0x0886, 0x0886,
        0x0044, 0x0044, 0x0044, 0x0044, 0x0044, 0x0886, 0x0886, 0x18E9, 0xF779, 0xF779, 0xF779, 0xCE33, 0xF779, 0x18E9, 0x0886, 0x0886,
        0x0044, 0x0044, 0x0044, 0x0044, 0x0044, 0x0886, 0x0886, 0x18E9, 0xF779, 0xF779, 0xCE33, 0xCE33, 0xF779, 0x18E9, 0x0886, 0x0886,
        0x0044, 0x0044, 0xEF9F, 0x0044, 0x0044, 0x0044, 0x0886, 0x18E9, 0x18E9, 0xF779, 0xF779, 0xF779, 0x18E9, 0x18E9, 0x0886, 0x0044,
        0x0044, 0x0044, 0x0044, 0x0001, 0x0044, 0x0044, 0x0886, 0x0886, 0x18E9, 0x18E9, 0x1909, 0x1909, 0x1909, 0x1909, 0x1909, 0x0044,
        0x0044, 0x0044, 0x0001, 0x0001, 0x29AD, 0x0044, 0x0044, 0x0886, 0x0886, 0x0886, 0x0886, 0x0886, 0x0886, 0x0886, 0x0044, 0x0044,
        0x1909, 0x1909, 0x10E9, 0x0001, 0x3230, 0x3230, 0x10E9, 0x10E9, 0x10E9, 0x0886, 0x0886, 0x0886, 0x10E9, 0x10E9, 0x10E9, 0x1909,
        0x10E9, 0x10E9, 0x3230, 0x3230, 0x0886, 0x0886, 0x3230, 0x3230, 0x10E9, 0x10E9, 0x10E9, 0x10E9, 0x10E9, 0x10E9, 0x10E9, 0x10E9,
        0x10E9, 0x3230, 0x0886, 0x0886, 0x0886, 0x0886, 0xCFAC, 0x0886, 0x3230, 0x194B, 0x194B, 0x194B, 0x10E9, 0x10E9, 0x10E9, 0x10E9,
        0x3230, 0x0886, 0x0886, 0x0886, 0x0886, 0x0886, 0x194B, 0x194B, 0x194B, 0x0022, 0x0022, 0x0022, 0x194B, 0x194B, 0x10E9, 0x10E9,
        0x0886, 0x0886, 0x0886, 0x0886, 0x194B, 0x194B, 0x0022, 0x0022, 0x0022, 0x0022, 0x0022, 0x0022, 0x0022, 0x0022, 0x194B, 0x10E9,
        0x0886, 0x0886, 0x194B, 0x194B, 0x0022, 0x0022, 0x0022, 0x0022, 0x0022, 0x0022, 0x0022, 0x0022, 0x0022, 0x0022, 0x0022, 0x194B,
        0x194B, 0x194B, 0x0022, 0x0022, 0x0022, 0x0022, 0x0022, 0x0022, 0x0022, 0x0022, 0x0022, 0x0022, 0x0022, 0x0022, 0x0022, 0x0022,
    },
    {
        0x0022, 0x0022, 0x0022, 0x0022, 0x0022, 0x0022, 0x0022, 0x3A2F, 0x0886, 0x0886, 0x0886, 0x0886, 0x0886, 0x0886, 0x0022, 0x0022,
        0x0022, 0x3A2F, 0x0022, 0x0022, 0x0022, 0x0022, 0x0886, 0x0886, 0x1909, 0x1909, 0x1909, 0x1909, 0x1909, 0x0886, 0xEF9F, 0x0022,
        0x0022, 0x0022, 0x0022, 0x0022, 0x0022, 0xEF9F, 0x0886, 0x1909, 0x1909, 0xF779, 0xF779, 0xF779, 0x1909, 0x1909, 0x0886, 0x0022,
        0x0022, 0x0022, 0x0022, 0x0022, 0x1909, 0x1909, 0x1909, 0x1909, 0xF779, 0xFFFD, 0xFFFD, 0xF779, 0xF779, 0x1909, 0x0886, 0x0886,
        0x0044, 0x0044, 0x0044, 0x0044, 0x0044, 0x0886, 0x0886, 0x1909, 0xF779, 0xF779, 0xF779, 0xCE33, 0xF779, 0x1909, 0x0886, 0x0886,
        0x0044, 0x0044, 0x0044, 0x0044, 0x0044, 0x0886, 0x0886, 0x1909, 0xF779, 0xF779, 0xCE33, 0xCE33, 0xF779, 0x1909, 0x0886, 0x0886,
        0x0044, 0x0044, 0xEF9F, 0x0044, 0x0044, 0x0044, 0x0886, 0x1909, 0x1909, 0xF779, 0xF779, 0xF779, 0x1909, 0x1909, 0x0886, 0x0044,
        0x0044, 0x0044, 0x0044, 0x0001, 0x0044, 0x0044, 0x0886, 0x0886, 0x1909, 0x1909, 0x1909, 0x1909, 0x1909, 0x1909, 0x1909, 0x0044,
        0x0044, 0x0044, 0x0001, 0x0001, 0x29AD, 0x0044, 0x0044, 0x0886, 0x0886, 0x0886, 0x0886, 0x0886, 0x0886, 0x0886, 0x0044, 0x0044,
        0x1909, 0x1909, 0x10E9, 0x0001, 0x3230, 0x3230, 0x10E9, 0x10E9, 0x10E9, 0x0886, 0x0886, 0x0886, 0x10E9, 0x10E9, 0x10E9, 0x1909,
        0x10E9, 0x10E9, 0x3230, 0x3230, 0x0886, 0x0886, 0xCFAC, 0x3230, 0x10E9, 0x10E9, 0x10E9, 0x10E9, 0x10E9, 0x10E9, 0x10E9, 0x10E9,
        0x10E9, 0x3230, 0x0886, 0x0886, 0x0886, 0x0886, 0x0886, 0x0886, 0x3230, 0x194B, 0x194B, 0x194B, 0x10E9, 0x10E9, 0x10E9, 0x10E9,
        0x3230, 0x0886, 0x0886, 0x0886, 0x0886, 0x0886, 0x194B, 0x194B, 0x194B, 0x0022, 0x0022, 0x0022, 0x194B, 0x194B, 0x10E9, 0x10E9,
        0x0886, 0x0886, 0x0886, 0x0886, 0x194B, 0x194B, 0x0022, 0x0022, 0x0022, 0x0022, 0x0022, 0x0022, 0x0022, 0x0022, 0x194B, 0x10E9,
        0x0886, 0x0886, 0x194B, 0x194B, 0x0022, 0x0022, 0x0022, 0x0022, 0x0022, 0x0022, 0x0022, 0x0022, 0x0022, 0x0022, 0x0022, 0x194B,
        0x194B, 0x194B, 0x0022, 0x0022, 0x0022, 0x0022, 0x0022, 0x0022, 0x0022, 0x0022, 0x0022, 0x0022, 0x0022, 0x0022, 0x0022, 0x0022,
    },
    {
        0x0022, 0x0022, 0x0022, 0x0022, 0x0022, 0x0022, 0x0022, 0x3A2F, 0x0886, 0x0886, 0x0886, 0x0886, 0x0886, 0x0886, 0x0022, 0x0022,
        0x0022, 0x3A2F, 0x0022, 0x0022, 0x0022, 0x0022, 0x0886, 0x0886, 0x1909, 0x1909, 0x1909, 0x1909, 0x1909, 0x0886, 0xEF9F, 0x0022,
        0x0022, 0x0022, 0x0022, 0x0022, 0x0022, 0xEF9F, 0x0886, 0x1909, 0x1909, 0xF779, 0xF779, 0xF779, 0x1909, 0x1909, 0x0886, 0x0022,
        0x0022, 0x0022, 0x0022, 0x0022, 0x0022, 0x1909, 0x1909, 0x1909, 0x9CB1, 0xFFFD, 0xFFFD, 0xF779, 0xF779, 0x1909, 0x0886, 0x0886,
        0x0044, 0x0044, 0x0044, 0x0044, 0x0044, 0x0886, 0x0886, 0x1909, 0xF779, 0xF779, 0xF779, 0xCE33, 0xF779, 0x1909, 0x0886, 0x0886,
        0x0044, 0x0044, 0x0044, 0x0044, 0x0044, 0x0886, 0x0886, 0x1909, 0xF779, 0xF779, 0xCE33, 0xCE33, 0xF779, 0x1909, 0x0886, 0x0886,
        0x0044, 0x0044, 0x8CF9, 0x0044, 0x0044, 0x0044, 0x0886, 0x1909, 0x1909, 0xF779, 0xF779, 0xF779, 0x1909, 0x1909, 0x0886, 0x0044,
        0x0044, 0x0044, 0x0044, 0x0001, 0x0044, 0x0044, 0x0886, 0x0886, 0x1909, 0x1909, 0x1909, 0x1909, 0x1909, 0x1909, 0x1909, 0x1909,
        0x0044, 0x0044, 0x0001, 0x0001, 0x29AD, 0x0044, 0x0044, 0x0886, 0x0886, 0x0886, 0x0886, 0x0886, 0x0886, 0x0886, 0x0044, 0x0044,
        0x1909, 0x1909, 0x1909, 0x0001, 0x3230, 0x3230, 0x10E9, 0x10E9, 0x10E9, 0x0886, 0x0886, 0x0886, 0x10E9, 0x10E9, 0x10E9, 0x10E9,
        0x10E9, 0x10E9, 0x3230, 0x3230, 0x0886, 0x0886, 0xCFAC, 0x3230, 0x10E9, 0x10E9, 0x10E9, 0x10E9, 0x10E9, 0x10E9, 0x10E9, 0x10E9,
        0x10E9, 0x3230, 0x0886, 0x0886, 0x0886, 0x0886, 0x0886, 0x0886, 0x3230, 0x194B, 0x194B, 0x194B, 0x10E9, 0x10E9, 0x10E9, 0x10E9,
        0x3230, 0x0886, 0x0886, 0x0886, 0x0886, 0x0886, 0x194B, 0x194B, 0x194B, 0x0022, 0x0022, 0x0022, 0x194B, 0x194B, 0x10E9, 0x10E9,
        0x0886, 0x0886, 0x0886, 0x0886, 0x194B, 0x194B, 0x0022, 0x0022, 0x0022, 0x0022, 0x0022, 0x0022, 0x0022, 0x0022, 0x194B, 0x10E9,
        0x0886, 0x0886, 0x194B, 0x194B, 0x0022, 0x0022, 0x0022, 0x0022, 0x0022, 0x0022, 0x0022, 0x0022, 0x0022, 0x0022, 0x0022, 0x194B,
        0x194B, 0x194B, 0x0022, 0x0022, 0x0022, 0x0022, 0x0022, 0x0022, 0x0022, 0x0022, 0x0022, 0x0022, 0x0022, 0x0022, 0x0022, 0x0022,
    },
    {
        0x0022, 0x0022, 0x0022, 0x0022, 0x0022, 0x0022, 0x0022, 0x3A2F, 0x0886, 0x0886, 0x0886, 0x0886, 0x0886, 0x0886, 0x0022, 0x0022,
        0x0022, 0x8CF9, 0x0022, 0x0022, 0x0022, 0x0022, 0x0886, 0x0886, 0x1909, 0x1909, 0x1909, 0x1909, 0x1909, 0x0886, 0xEF9F, 0x0022,
        0x0022, 0x0022, 0x0022, 0x0022, 0x0022, 0xEF9F, 0x0886, 0x1909, 0x1909, 0xF779, 0xF779, 0xF779, 0x1909, 0x1909, 0x0886, 0x0022,
        0x0022, 0x0022, 0x0022, 0x0022, 0x0022, 0x1909, 0x1909, 0x1909, 0x9CB1, 0xFFFD, 0xFFFD, 0xF779, 0xF779, 0x1909, 0x0886, 0x0886,
        0x0044, 0x0044, 0x0044, 0x0044, 0x0044, 0x0886, 0x0886, 0x1909, 0xF779, 0xF779, 0xF779, 0xCE33, 0xF779, 0x1909, 0x0886, 0x0886,
        0x0044, 0x0044, 0x0044, 0x0044, 0x0044, 0x0886, 0x0886, 0x1909, 0xF779, 0xF779, 0xCE33, 0xCE33, 0xF779, 0x1909, 0x0886, 0x0886,
        0x0044, 0x0044, 0x8CF9, 0x0044, 0x0044, 0x0044, 0x0886, 0x1909, 0x1909, 0xF779, 0xF779, 0xF779, 0x1909, 0x1909, 0x0886, 0x0044,
        0x0044, 0x0044, 0x0044, 0x0001, 0x0044, 0x0044, 0x0886, 0x0886, 0x1909, 0x1909, 0x1909, 0x1909, 0x1909, 0x1909, 0x1909, 0x1909,
        0x0044, 0x0044, 0x0001, 0x0001, 0x29AD, 0x0044, 0x0044, 0x0886, 0x0886, 0x0886, 0x0886, 0x0886, 0x0886, 0x0886, 0x0044, 0x0044,
        0x1909, 0x1909, 0x1909, 0x0001, 0x3230, 0x3230, 0x10E9, 0x10E9, 0x10E9, 0x0886, 0x0886, 0x0886, 0x10E9, 0x10E9, 0x10E9, 0x10E9,
        0x10E9, 0x10E9, 0x3230, 0x3230, 0x0886, 0x0886, 0xCFAC, 0x3230, 0x10E9, 0x10E9, 0x10E9, 0x10E9, 0x10E9, 0x10E9, 0x10E9, 0x10E9,
        0x10E9, 0x3230, 0x0886, 0x0886, 0x0886, 0x0886, 0x0886, 0x0886, 0x3230, 0x194B, 0x194B, 0x194B, 0x10E9, 0x10E9, 0x10E9, 0x10E9,
        0x3230, 0x0886, 0x0886, 0x0886, 0x0886, 0x0886, 0x194B, 0x194B, 0x194B, 0x0022, 0x0022, 0x0022, 0x194B, 0x194B, 0x10E9, 0x10E9,
        0x0886, 0x0886, 0x0886, 0x0886, 0x194B, 0x194B, 0x0022, 0x0022, 0x0022, 0x0022, 0x0022, 0x0022, 0x0022, 0x0022, 0x194B, 0x10E9,
        0x0886, 0x0886, 0x194B, 0x194B, 0x0022, 0x0022, 0x0022, 0x0022, 0x0022, 0x0022, 0x0022, 0x0022, 0x0022, 0x0022, 0x0022, 0x194B,
        0x194B, 0x194B, 0x0022, 0x0022, 0x0022, 0x0022, 0x0022, 0x0022, 0x0022, 0x0022, 0x0022, 0x0022, 0x0022, 0x0022, 0x0022, 0x0022,
    },
    {
        0x0022, 0x0022, 0x0022, 0x0022, 0x0022, 0x0022, 0x0022, 0x3A2F, 0x0886, 0x0886, 0x0886, 0x0886, 0x0886, 0x0886, 0x0022, 0x0022,
        0x0022, 0x8CF9, 0x0022, 0x0022, 0x0022, 0x0022, 0x0886, 0x0886, 0x1909, 0x1909, 0x1909, 0x1909, 0x1909, 0x0886, 0xEF9F, 0x0022,
        0x0022, 0x0022, 0x0022, 0x0022, 0x0022, 0xEF9F, 0x0886, 0x1909, 0x1909, 0xF779, 0xF779, 0xF779, 0x1909, 0x1909, 0x0886, 0x0022,
        0x0022, 0x0022, 0x0022, 0x0022, 0x0022, 0x0886, 0x1909, 0x1909, 0x9CB1, 0x9CB1, 0xFFFD, 0xF779, 0xF779, 0x1909, 0x0886, 0x0886,
        0x0044, 0x0044, 0x0044, 0x0044, 0x0044, 0x0886, 0x0886, 0x1909, 0xF779, 0xF779, 0xF779, 0xCE33, 0xF779, 0x1909, 0x0886, 0x0886,
        0x0044, 0x0044, 0x0044, 0x0044, 0x0044, 0x0886, 0x0886, 0x1909, 0xF779, 0xF779, 0xCE33, 0xCE33, 0xF779, 0x1909, 0x0886, 0x0886,
        0x0044, 0x0044, 0x8CF9, 0x0044, 0x0044, 0x0044, 0x0886, 0x1909, 0x1909, 0xF779, 0xF779, 0xF779, 0x1909, 0x1909, 0x0886, 0x0044,
        0x1909, 0x0044, 0x0044, 0x0001, 0x0044, 0x0044, 0x0886, 0x0886, 0x1909, 0x1909, 0x1909, 0x1909, 0x1909, 0x1909, 0x1909, 0x1909,
        0x0044, 0x0044, 0x0001, 0x0001, 0x29AD, 0x0044, 0x0044, 0x0886, 0x0886, 0x0886, 0x0886, 0x0886, 0x0886, 0x0886, 0x0044, 0x0044,
        0xEF9F, 0x1909, 0x1909, 0x0001, 0x3230, 0x3230, 0x10E9, 0x10E9, 0x10E9, 0x0886, 0x0886, 0x0886, 0x10E9, 0x10E9, 0x10E9, 0x10E9,
        0x10E9, 0x10E9, 0x3230, 0x3230, 0x0886, 0x0886, 0x5BC4, 0x3230, 0x10E9, 0x10E9, 0x10E9, 0x10E9, 0x10E9, 0x10E9, 0x10E9, 0x10E9,
        0x10E9, 0x3230, 0x0886, 0x0886, 0x0886, 0x0886, 0x0886, 0x0886, 0x3230, 0x194B, 0x194B, 0x194B, 0x10E9, 0x10E9, 0x10E9, 0x10E9,
        0x3230, 0x0886, 0x0886, 0x0886, 0x0886, 0x0886, 0x194B, 0x194B, 0x194B, 0x0022, 0x0022, 0x0022, 0x194B, 0x194B, 0x10E9, 0x10E9,
        0x0886, 0x0886, 0x0886, 0x0886, 0x194B, 0x194B, 0x0022, 0x0022, 0x0022, 0x0022, 0x0022, 0x0022, 0x0022, 0x0022, 0x194B, 0x10E9,
        0x0886, 0x0886, 0x194B, 0x194B, 0x0022, 0x0022, 0x0022, 0x0022, 0x0022, 0x0022, 0x0022, 0x0022, 0x0022, 0x0022, 0x0022, 0x194B,
        0x194B, 0x194B, 0x0022, 0x0022, 0x0022, 0x0022, 0x0022, 0x0022, 0x0022, 0x0022, 0x0022, 0x0022, 0x0022, 0x0022, 0x0022, 0x0022,
    },
    {
        0x0022, 0x0022, 0x0022, 0x0022, 0x0022, 0x0022, 0x0022, 0x3A2F, 0x0886, 0x0886, 0x0886, 0x0886, 0x0886, 0x0886, 0x0022, 0x0022,
        0x0022, 0x8CF9, 0x0022, 0x0022, 0x0022, 0x0022, 0x0886, 0x0886, 0x1909, 0x1909, 0x1909, 0x1909, 0x1909, 0x0886, 0xEF9F, 0x0022,
        0x0022, 0x0022, 0x0022, 0x0022, 0x0022, 0xEF9F, 0x0886, 0x1909, 0x1909, 0xF779, 0xF779, 0xF779, 0x1909, 0x1909, 0x0886, 0x0022,
        0x0022, 0x0022, 0x0022, 0x0022, 0x0022, 0x0886, 0x1909, 0x1909, 0x9CB1, 0x9CB1, 0xFFFD, 0xF779, 0xF779, 0x1909, 0x0886, 0x0886,
        0x0044, 0x0044, 0x0044, 0x0044, 0x0044, 0x0886, 0x0886, 0x1909, 0xF779, 0xF779, 0xF779, 0xCE33, 0xF779, 0x1909, 0x0886, 0x0886,
        0x0044, 0x0044, 0x0044, 0x0044, 0x0044, 0x0886, 0x0886, 0x1909, 0xF779, 0xF779, 0xCE33, 0xCE33, 0xF779, 0x1909, 0x0886, 0x0886,
        0x0044, 0x0044, 0x3A2F, 0x0044, 0x0044, 0x0044, 0x0886, 0x1909, 0x1909, 0xF779, 0xF779, 0xF779, 0x1909, 0x1909, 0x0886, 0x0044,
        0x1909, 0x0044, 0x0044, 0x0001, 0x0044, 0x0044, 0x0886, 0x0886, 0x1909, 0x1909, 0x1909, 0x1909, 0x1909, 0x1909, 0x1909, 0x1909,
        0x0044, 0x0044, 0x0001, 0x0001, 0x29AD, 0x0044, 0x0044, 0x0886, 0x0886, 0x0886, 0x0886, 0x0886, 0x0886, 0x0886, 0x0044, 0x0044,
        0xEF9F, 0x1909, 0x1909, 0x0001, 0x3230, 0x3230, 0x10E9, 0x10E9, 0x10E9, 0x0886, 0x0886, 0x0886, 0x10E9, 0x10E9, 0x10E9, 0x10E9,
        0x10E9, 0x10E9, 0x3230, 0x3230, 0x0886, 0x0886, 0x3230, 0x3230, 0x10E9, 0x10E9, 0x10E9, 0x10E9, 0x10E9, 0x10E9, 0x10E9, 0x10E9,
        0x10E9, 0x3230, 0x0886, 0x0886, 0x0886, 0x0886, 0x0886, 0x0886, 0x3230, 0x194B, 0x194B, 0x194B, 0x10E9, 0x10E9, 0x10E9, 0x10E9,
        0x3230, 0x0886, 0x0886, 0x0886, 0x0886, 0x0886, 0x194B, 0x194B, 0x194B, 0x0022, 0x0022, 0x0022, 0x194B, 0x194B, 0x10E9, 0x10E9,
        0x0886, 0x0886, 0x0886, 0x0886, 0x194B, 0x194B, 0x0022, 0x0022, 0x0022, 0x0022, 0x0022, 0x0022, 0x0022, 0x0022, 0x194B, 0x10E9,
        0x0886, 0x0886, 0x194B, 0x194B, 0x0022, 0x0022, 0x0022, 0x0022, 0x0022, 0x0022, 0x0022, 0x0022, 0x0022, 0x0022, 0x0022, 0x194B,
        0x194B, 0x194B, 0x0022, 0x0022, 0x0022, 0x0022, 0x0022, 0x0022, 0x0022, 0x0022, 0x0022, 0x0022, 0x0022, 0x0022, 0x0022, 0x0022,
    },
    {
        0x0022, 0x0022, 0x0022, 0x0022, 0x0022, 0x0022, 0x0022, 0x3A2F, 0x0886, 0x0886, 0x0886, 0x0886, 0x0886, 0x0886, 0x0022, 0x0022,
        0x0022, 0xEF9F, 0x0022, 0x0022, 0x0022, 0x0022, 0x0886, 0x0886, 0x1909, 0x1909, 0x1909, 0x1909, 0x1909, 0x0886, 0xEF9F, 0x0022,
        0x0022, 0x0022, 0x0022, 0x0022, 0x0022, 0xEF9F, 0x0886, 0x1909, 0x1909, 0xF779, 0xF779, 0xF779, 0x1909, 0x1909, 0x0886, 0x0022,
        0x0022, 0x0022, 0x0022, 0x0022, 0x0022, 0x0886, 0x0886, 0x1909, 0x9CB1, 0x9CB1, 0x9CB1, 0xF779, 0xF779, 0x1909, 0x0886, 0x0886,
        0x0044, 0x0044, 0x0044, 0x0044, 0x0044, 0x0886, 0x0886, 0x1909, 0xF779, 0xF779, 0xF779, 0xCE33, 0xF779, 0x1909, 0x0886, 0x0886,
        0x0044, 0x0044, 0x0044, 0x0044, 0x0044, 0x0886, 0x0886, 0x1909, 0xF779, 0xF779, 0xCE33, 0xCE33, 0xF779, 0x1909, 0x0886, 0x0886,
        0x0044, 0x0044, 0x3A2F, 0x0044, 0x0044, 0x0044, 0x0886, 0x1909, 0x1909, 0xF779, 0xF779, 0xF779, 0x1909, 0x1909, 0x0886, 0x0044,
        0x1909, 0x1909, 0x0044, 0x0001, 0x0044, 0x0044, 0x0886, 0x0886, 0x1909, 0x1909, 0x1909, 0x1909, 0x1909, 0x1909, 0x1909, 0x1909,
        0x0044, 0x0044, 0x0001, 0x0001, 0x29AD, 0x0044, 0x0044, 0x0886, 0x0886, 0x0886, 0x0886, 0x0886, 0x0886, 0x0886, 0x0044, 0x0044,
        0xEF9F, 0x10E9, 0x1909, 0x0001, 0x3230, 0x3230, 0x10E9, 0x10E9, 0x10E9, 0x0886, 0x0886, 0x0886, 0x10E9, 0x10E9, 0x10E9, 0x10E9,
        0x10E9, 0x10E9, 0x3230, 0x3230, 0x0886, 0x0886, 0x3230, 0x3230, 0x10E9, 0x10E9, 0x10E9, 0x10E9, 0x10E9, 0x10E9, 0x10E9, 0x10E9,
        0x10E9, 0x3230, 0x0886, 0x0886, 0x0886, 0x0886, 0x0886, 0x0886, 0x3230, 0x194B, 0x194B, 0x194B, 0x10E9, 0x10E9, 0x10E9, 0x10E9,
        0x3230, 0x0886, 0x0886, 0x0886, 0x0886, 0x0886, 0x194B, 0x194B, 0x194B, 0x0022, 0x0022, 0x0022, 0x194B, 0x194B, 0x10E9, 0x10E9,
        0x0886, 0x0886, 0x0886, 0x0886, 0x194B, 0x194B, 0x0022, 0x0022, 0x0022, 0x0022, 0x0022, 0x0022, 0x0022, 0x0022, 0x194B, 0x10E9,
        0x0886, 0x0886, 0x194B, 0x194B, 0x0022, 0x0022, 0x0022, 0x0022, 0x0022, 0x0022, 0x0022, 0x0022, 0x0022, 0x0022, 0x0022, 0x194B,
        0x194B, 0x194B, 0x0022, 0x0022, 0x0022, 0x0022, 0x0022, 0x0022, 0x0022, 0x0022, 0x0022, 0x0022, 0x0022, 0x0022, 0x0022, 0x0022,
    },
    {
        0x0022, 0x0022, 0x0022, 0x0022, 0x0022, 0x0022, 0x0022, 0x3A2F, 0x0886, 0x0886, 0x0886, 0x0886, 0x0886, 0x0886, 0x0022, 0x0022,
        0x0022, 0xEF9F, 0x0022, 0x0022, 0x0022, 0x0022, 0x0886, 0x0886, 0x1929, 0x1929, 0x1929, 0x1929, 0x1929, 0x0886, 0xEF9F, 0x0022,
        0x0022, 0x0022, 0x0022, 0x0022, 0x0022, 0xEF9F, 0x0886, 0x1929, 0x1929, 0xF779, 0xF779, 0xF779, 0x1929, 0x1929, 0x0886, 0x0022,
        0x0022, 0x0022, 0x0022, 0x0022, 0x0022, 0x0886, 0x0886, 0x1909, 0x9CB1, 0x9CB1, 0x9CB1, 0xF779, 0xF779, 0x1929, 0x0886, 0x0886,
        0x0044, 0x0044, 0x0044, 0x0044, 0x0044, 0x0886, 0x0886, 0x1929, 0xF779, 0xF779, 0xF779, 0xCE33, 0xF779, 0x1929, 0x0886, 0x0886,
        0x0044, 0x0044, 0x0044, 0x0044, 0x0044, 0x0886, 0x0886, 0x1929, 0xF779, 0xF779, 0xCE33, 0xCE33, 0xF779, 0x1929, 0x0886, 0x0886,
        0x0044, 0x0044, 0x3A2F, 0x0044, 0x0044, 0x0044, 0x0886, 0x1929, 0x1929, 0xF779, 0xF779, 0xF779, 0x1929, 0x1929, 0x0886, 0x0044,
        0x1909, 0x1909, 0x0044, 0x0001, 0x0044, 0x0044, 0x0886, 0x0886, 0x1929, 0x1929, 0x1929, 0x1929, 0x1929, 0x1909, 0x1909, 0x1909,
        0x0044, 0x0044, 0x0001, 0x0001, 0x29AD, 0x0044, 0x0044, 0x0886, 0x0886, 0x0886, 0x0886, 0x0886, 0x0886, 0x0886, 0x0044, 0x0044,
        0xEF9F, 0x10E9, 0x1909, 0x0001, 0x3230, 0x3230, 0x10E9, 0x10E9, 0x10E9, 0x0886, 0x0886, 0x0886, 0x10E9, 0x10E9, 0x10E9, 0x10E9,
        0x10E9, 0x10E9, 0x3230, 0x3230, 0x0886, 0x0886, 0x3230, 0x3230, 0x10E9, 0x10E9, 0x10E9, 0x10E9, 0x10E9, 0x10E9, 0x10E9, 0x10E9,
        0x10E9, 0x3230, 0x0886, 0x0886, 0x0886, 0x0886, 0x0886, 0x0886, 0x3230, 0x194B, 0x194B, 0x194B, 0x10E9, 0x10E9, 0x10E9, 0x10E9,
        0x3230, 0x0886, 0x0886, 0x0886, 0x0886, 0x0886, 0x194B, 0x194B, 0x194B, 0x0022, 0x0022, 0x0022, 0x194B, 0x194B, 0x10E9, 0x10E9,
        0x0886, 0x0886, 0x0886, 0x0886, 0x194B, 0x194B, 0x0022, 0x0022, 0x0022, 0x0022, 0x0022, 0x0022, 0x0022, 0x0022, 0x194B, 0x10E9,
        0x0886, 0x0886, 0x194B, 0x194B, 0x0022, 0x0022, 0x0022, 0x0022, 0x0022, 0x0022, 0x0022, 0x0022, 0x0022, 0x0022, 0x0022, 0x194B,
        0x194B, 0x194B, 0x0022, 0x0022, 0x0022, 0x0022, 0x0022, 0x0022, 0x0022, 0x0022, 0x0022, 0x0022, 0x0022, 0x0022, 0x0022, 0x0022,
    },
    {
        0x0022, 0x0022, 0x0022, 0x0022, 0x0022, 0x0022, 0x0022, 0x3A2F, 0x0886, 0x0886, 0x0886, 0x0886, 0x0886, 0x0886, 0x0022, 0x0022,
        0x0022, 0xEF9F, 0x0022, 0x0022, 0x0022, 0x0022, 0x0886, 0x0886, 0x192A, 0x192A, 0x192A, 0x192A, 0x192A, 0x0886, 0x8CF9, 0x0022,
        0x0022, 0x0022, 0x0022, 0x0022, 0x0022, 0xEF9F, 0x0886, 0x192A, 0x192A, 0xF779, 0xF779, 0xF779, 0x192A, 0x192A, 0x0886, 0x0022,
        0x0022, 0x0022, 0x0022, 0x0022, 0x0022, 0x0886, 0x0886, 0x192A, 0x9CB1, 0x9CB1, 0x9CB1, 0x9CB1, 0xF779, 0x192A, 0x0886, 0x0886,
        0x0044, 0x0044, 0x0044, 0x0044, 0x0044, 0x0886, 0x0886, 0x192A, 0xF779, 0xF779, 0xF779, 0xCE33, 0xF779, 0x192A, 0x0886, 0x0886,
        0x0044, 0x0044, 0x0044, 0x0044, 0x0044, 0x0886, 0x0886, 0x192A, 0xF779, 0xF779, 0xCE33, 0xCE33, 0xF779, 0x192A, 0x0886, 0x0886,
        0x0044, 0x0044, 0x3A2F, 0x0044, 0x0044, 0x0044, 0x0886, 0x192A, 0x192A, 0xF779, 0xF779, 0xF779, 0x192A, 0x192A, 0x0886, 0x0044,
        0x1909, 0x1909, 0x1909, 0x0001, 0x0044, 0x0044, 0x0886, 0x0886, 0x192A, 0x192A, 0x192A, 0x192A, 0x192A, 0x0886, 0x1909, 0x1909,
        0x0044, 0x0044, 0x0001, 0x0001, 0x29AD, 0x0044, 0x0044, 0x0886, 0x0886, 0x0886, 0x0886, 0x0886, 0x0886, 0x0886, 0x0044, 0x0044,
        0xEF9F, 0x10E9, 0x10E9, 0x0001, 0x3230, 0x3230, 0x10E9, 0x10E9, 0x10E9, 0x0886, 0x0886, 0x0886, 0x10E9, 0x10E9, 0x10E9, 0x10E9,
        0x10E9, 0x10E9, 0x3230, 0x3230, 0x0886, 0x0886, 0x3230, 0x3230, 0x10E9, 0x10E9, 0x10E9, 0x10E9, 0x10E9, 0x10E9, 0x10E9, 0x10E9,
        0x10E9, 0x3230, 0x0886, 0x0886, 0x0886, 0x0886, 0x0886, 0x0886, 0x3230, 0x194B, 0x194B, 0x194B, 0x10E9, 0x10E9, 0x10E9, 0x10E9,
        0x3230, 0x0886, 0x0886, 0x0886, 0x0886, 0x0886, 0x194B, 0x194B, 0x194B, 0x0022, 0x0022, 0x0022, 0x194B, 0x194B, 0x10E9, 0x10E9,
        0x0886, 0x0886, 0x0886, 0x0886, 0x194B, 0x194B, 0x0022, 0x0022, 0x0022, 0x0022, 0x0022, 0x0022, 0x0022, 0x0022, 0x194B, 0x10E9,
        0x0886, 0x0886, 0x194B, 0x194B, 0x0022, 0x0022, 0x0022, 0x0022, 0x0022, 0x0022, 0x0022, 0x0022, 0x0022, 0x0022, 0x0022, 0x194B,
        0x194B, 0x194B, 0x0022, 0x0022, 0x0022, 0x0022, 0x0022, 0x0022, 0x0022, 0x0022, 0x0022, 0x0022, 0x0022, 0x0022, 0x0022, 0x0022,
    },
    {
        0x0022, 0x0022, 0x0022, 0x0022, 0x0022, 0x0022, 0x0022, 0x3A2F, 0x10A6, 0x10A6, 0x10A6, 0x10A6, 0x10A6, 0x10A6, 0x0022, 0x0022,
        0x0022, 0xEF9F, 0x0022, 0x0022, 0x0022, 0x0022, 0x10A6, 0x10A6, 0x192A, 0x192A, 0x192A, 0x192A, 0x192A, 0x10A6, 0x8CF9, 0x0022,
        0x0022, 0x0022, 0x0022, 0x0022, 0x0022, 0xEF9F, 0x10A6, 0x192A, 0x192A, 0xF779, 0xF779, 0xF779, 0x192A, 0x192A, 0x10A6, 0x0022,
        0x0022, 0x0022, 0x0022, 0x0022, 0x0022, 0x10A6, 0x10A6, 0x192A, 0x9CB1, 0x9CB1, 0x9CB1, 0x9CB1, 0xF779, 0x192A, 0x10A6, 0x10A6,
        0x0044, 0x0044, 0x0044, 0x0044, 0x0044, 0x10A6, 0x10A6, 0x192A, 0xF779, 0xF779, 0xF779, 0xCE33, 0xF779, 0x192A, 0x10A6, 0x10A6,
        0x0044, 0x0044, 0x0044, 0x0044, 0x0044, 0x10A6, 0x10A6, 0x192A, 0xF779, 0xF779, 0xCE33, 0xCE33, 0xF779, 0x192A, 0x10A6, 0x10A6,
        0x0044, 0x0044, 0x3A2F, 0x0044, 0x0044, 0x0044, 0x10A6, 0x192A, 0x192A, 0xF779, 0xF779, 0xF779, 0x192A, 0x192A, 0x10A6, 0x0044,
        0x1909, 0x1909, 0x1909, 0x0001, 0x0044, 0x0044, 0x10A6, 0x10A6, 0x192A, 0x192A, 0x192A, 0x192A, 0x192A, 0x10A6, 0x1909, 0x1909,
        0x0044, 0x0044, 0x0001, 0x0001, 0x29AD, 0x0044, 0x0044, 0x10A6, 0x10A6, 0x10A6, 0x10A6, 0x10A6, 0x10A6, 0x10A6, 0x0044, 0x0044,
        0xEF9F, 0x10E9, 0x10E9, 0x0001, 0x3230, 0x3230, 0x10E9, 0x10E9, 0x10E9, 0x10A6, 0x10A6, 0x10A6, 0x10E9, 0x10E9, 0x10E9, 0x10E9,
        0x10E9, 0x10E9, 0x3230, 0x3230, 0x0886, 0x0886, 0x3230, 0x3230, 0x10E9, 0x10E9, 0x10E9, 0x10E9, 0x10E9, 0x10E9, 0x10E9, 0x10E9,
        0x10E9, 0x3230, 0x0886, 0x0886, 0x0886, 0x0886, 0x0886, 0x0886, 0x3230, 0x194B, 0x194B, 0x194B, 0x10E9, 0x10E9, 0x10E9, 0x10E9,
        0x3230, 0x0886, 0x0886, 0x0886, 0x0886, 0x0886, 0x194B, 0x194B, 0x194B, 0x0022, 0x0022, 0x0022, 0x194B, 0x194B, 0x10E9, 0x10E9,
        0x0886, 0x0886, 0x0886, 0x0886, 0x194B, 0x194B, 0x0022, 0x0022, 0x0022, 0x0022, 0x0022, 0x0022, 0x0022, 0x0022, 0x194B, 0x10E9,
        0x0886, 0x0886, 0x194B, 0x194B, 0x0022, 0x0022, 0x0022, 0x0022, 0x0022, 0x0022, 0x0022, 0x0022, 0x0022, 0x0022, 0x0022, 0x194B,
        0x194B, 0x194B, 0x0022, 0x0022, 0x0022, 0x0022, 0x0022, 0x0022, 0x0022, 0x0022, 0x0022, 0x0022, 0x0022, 0x0022, 0x0022, 0x0022,
    },
    {
        0x0022, 0x0022, 0x0022, 0x0022, 0x0022, 0x0022, 0x0022, 0x3A2F, 0x10A7, 0x10A7, 0x10A7, 0x10A7, 0x10A7, 0x10A7, 0x0022, 0x0022,
        0x0022, 0xEF9F, 0x0022, 0x0022, 0x0022, 0x0022, 0x10A7, 0x10A7, 0x192A, 0x192A, 0x192A, 0x192A, 0x192A, 0x10A7, 0x8CF9, 0x0022,
        0x0022, 0x0022, 0x0022, 0x0022, 0x0022, 0xEF9F, 0x10A7, 0x192A, 0x192A, 0xF779, 0xF779, 0xF779, 0x192A, 0x192A, 0x10A7, 0x0022,
        0x0022, 0x0022, 0x0022, 0x0022, 0x0022, 0x10A7, 0x10A7, 0x192A, 0xF779, 0x9CB1, 0x9CB1, 0x9CB1, 0x9CB1, 0x192A, 0x10A7, 0x10A7,
        0x0044, 0x0044, 0x0044, 0x0044, 0x0044, 0x10A7, 0x10A7, 0x192A, 0xF779, 0xF779, 0xF779, 0xCE33, 0xF779, 0x192A, 0x10A7, 0x10A7,
        0x0044, 0x0044, 0x0044, 0x0044, 0x0044, 0x10A7, 0x10A7, 0x192A, 0xF779, 0xF779, 0xCE33, 0xCE33, 0xF779, 0x192A, 0x10A7, 0x10A7,
        0x0044, 0x0044, 0x3A2F, 0x0044, 0x0044, 0x0044, 0x10A7, 0x192A, 0x192A, 0xF779, 0xF779, 0xF779, 0x192A, 0x192A, 0x10A7, 0x0044,
        0x1909, 0x1909, 0x1909, 0x0001, 0x0044, 0x0044, 0x10A7, 0x10A7, 0x192A, 0x192A, 0x192A, 0x192A, 0x192A, 0x10A7, 0x10A7, 0x1909,
        0x0044, 0x0044, 0x0001, 0x0001, 0x29AD, 0x0044, 0x0044, 0x10A7, 0x10A7, 0x10A7, 0x10A7, 0x10A7, 0x10A7, 0x10A7, 0x0044, 0x0044,
        0xEF9F, 0x10E9, 0x10E9, 0x0001, 0x3230, 0x3230, 0x1909, 0x10E9, 0x10E9, 0x10A7, 0x10A7, 0x10A7, 0x10E9, 0x10E9, 0x10E9, 0x10E9,
        0x10E9, 0x10E9, 0x3230, 0x3230, 0x0886, 0x0886, 0x3230, 0x3230, 0x10E9, 0x10E9, 0x10E9, 0x10E9, 0x5BC4, 0x10E9, 0x10E9, 0x10E9,
        0x10E9, 0x3230, 0x0886, 0x0886, 0x0886, 0x0886, 0x0886, 0x0886, 0x3230, 0x194B, 0x194B, 0x194B, 0x10E9, 0x10E9, 0x10E9, 0x10E9,
        0x3230, 0x0886, 0x0886, 0x0886, 0x0886, 0x0886, 0x194B, 0x194B, 0x194B, 0x0022, 0x0022, 0x0022, 0x194B, 0x194B, 0x10E9, 0x10E9,
        0x0886, 0x0886, 0x0886, 0x0886, 0x194B, 0x194B, 0x0022, 0x0022, 0x0022, 0x0022, 0x0022, 0x0022, 0x0022, 0x0022, 0x194B, 0x10E9,
        0x0886, 0x0886, 0x194B, 0x194B, 0x0022, 0x0022, 0x0022, 0x0022, 0x0022, 0x0022, 0x0022, 0x0022, 0x0022, 0x0022, 0x0022, 0x194B,
        0x194B, 0x194B, 0x0022, 0x0022, 0x0022, 0x0022, 0x0022, 0x0022, 0x0022, 0x0022, 0x0022, 0x0022, 0x0022, 0x0022, 0x0022, 0x0022,
    },
    {
        0x0022, 0x0022, 0x0022, 0x0022, 0x0022, 0x0022, 0x0022, 0x3A2F, 0x10A7, 0x10A7, 0x10A7, 0x10A7, 0x10A7, 0x10A7, 0x0022, 0x0022,
        0x0022, 0xEF9F, 0x0022, 0x0022, 0x0022, 0x0022, 0x10A7, 0x10A7, 0x192A, 0x192A, 0x192A, 0x192A, 0x192A, 0x10A7, 0x3A2F, 0x0022,
        0x0022, 0x0022, 0x0022, 0x0022, 0x0022, 0xEF9F, 0x10A7, 0x192A, 0x192A, 0xF779, 0xF779, 0xF779, 0x192A, 0x192A, 0x10A7, 0x0022,
        0x0022, 0x0022, 0x0022, 0x0022, 0x0022, 0x10A7, 0x10A7, 0x192A, 0xF779, 0x9CB1, 0x9CB1, 0x9CB1, 0x9CB1, 0x192A, 0x10A7, 0x10A7,
        0x0044, 0x0044, 0x0044, 0x0044, 0x0044, 0x10A7, 0x10A7, 0x192A, 0xF779, 0xF779, 0xF779, 0xCE33, 0xF779, 0x192A, 0x10A7, 0x10A7,
        0x0044, 0x0044, 0x0044, 0x0044, 0x0044, 0x10A7, 0x10A7, 0x192A, 0xF779, 0xF779, 0xCE33, 0xCE33, 0xF779, 0x192A, 0x10A7, 0x10A7,
        0x0044, 0x0044, 0x3A2F, 0x0044, 0x0044, 0x0044, 0x10A7, 0x192A, 0x192A, 0xF779, 0xF779, 0xF779, 0x192A, 0x192A, 0x10A7, 0x0044,
        0x1909, 0x1909, 0x1909, 0x0001, 0x0044, 0x0044, 0x10A7, 0x10A7, 0x192A, 0x192A, 0x192A, 0x192A, 0x192A, 0x10A7, 0x10A7, 0x1909,
        0x0044, 0x0044, 0x0001, 0x0001, 0x29AD, 0x0044, 0x0044, 0x10A7, 0x10A7, 0x10A7, 0x10A7, 0x10A7, 0x10A7, 0x10A7, 0x0044, 0x0044,
        0x8CF9, 0x10E9, 0x10E9, 0x0001, 0x3230, 0x3230, 0x1909, 0x10E9, 0x10E9, 0x10A7, 0x10A7, 0x10A7, 0x10E9, 0x10E9, 0x10E9, 0x10E9,
        0x10E9, 0x10E9, 0x3230, 0x3230, 0x0886, 0x0886, 0x3230, 0x3230, 0x10E9, 0x10E9, 0x10E9, 0x10E9, 0xCFAC, 0x10E9, 0x10E9, 0x10E9,
        0x10E9, 0x3230, 0x0886, 0x0886, 0x0886, 0x0886, 0x0886, 0x0886, 0x3230, 0x194B, 0x194B, 0x194B, 0x10E9, 0x10E9, 0x10E9, 0x10E9,
        0x3230, 0x0886, 0x0886, 0x0886, 0x0886, 0x0886, 0x194B, 0x194B, 0x194B, 0x0022, 0x0022, 0x0022, 0x194B, 0x194B, 0x10E9, 0x10E9,
        0x0886, 0x0886, 0x0886, 0x0886, 0x194B, 0x194B, 0x0022, 0x0022, 0x0022, 0x0022, 0x0022, 0x0022, 0x0022, 0x0022, 0x194B, 0x10E9,
        0x0886, 0x0886, 0x194B, 0x194B, 0x0022, 0x0022, 0x0022, 0x0022, 0x0022, 0x0022, 0x0022, 0x0022, 0x0022, 0x0022, 0x0022, 0x194B,
        0x194B, 0x194B, 0x0022, 0x0022, 0x0022, 0x0022, 0x0022, 0x0022, 0x0022, 0x0022, 0x0022, 0x0022, 0x0022, 0x0022, 0x0022, 0x0022,
    },
    {
        0x0022, 0x0022, 0x0022, 0x0022, 0x0022, 0x0022, 0x0022, 0x8CF9, 0x10A7, 0x10A7, 0x10A7, 0x10A7, 0x10A7, 0x10A7, 0x0022, 0x0022,
        0x0022, 0xEF9F, 0x0022, 0x0022, 0x0022, 0x0022, 0x10A7, 0x10A7, 0x192A, 0x192A, 0x192A, 0x192A, 0x192A, 0x10A7, 0x3A2F, 0x0022,
        0x0022, 0x0022, 0x0022, 0x0022, 0x0022, 0xEF9F, 0x10A7, 0x192A, 0x192A, 0xF779, 0xF779, 0xF779, 0x192A, 0x192A, 0x10A7, 0x0022,
        0x0022, 0x0022, 0x0022, 0x0022, 0x0022, 0x10A7, 0x10A7, 0x192A, 0xF779, 0xFFFD, 0x9CB1, 0x9CB1, 0x9CB1, 0x1909, 0x10A7, 0x10A7,
        0x0044, 0x0044, 0x0044, 0x0044, 0x0044, 0x10A7, 0x10A7, 0x192A, 0xF779, 0xF779, 0xF779, 0xCE33, 0xF779, 0x192A, 0x10A7, 0x10A7,
        0x0044, 0x0044, 0x0044, 0x0044, 0x0044, 0x10A7, 0x10A7, 0x192A, 0xF779, 0xF779, 0xCE33, 0xCE33, 0xF779, 0x192A, 0x10A7, 0x10A7,
        0x0044, 0x0044, 0x3A2F, 0x0044, 0x0044, 0x0044, 0x10A7, 0x192A, 0x192A, 0xF779, 0xF779, 0xF779, 0x192A, 0x192A, 0x10A7, 0x0044,
        0x1909, 0x1909, 0x1909, 0x0001, 0x1909, 0x0044, 0x10A7, 0x10A7, 0x192A, 0x192A, 0x192A, 0x192A, 0x192A, 0x10A7, 0x10A7, 0x0044,
        0x0044, 0x0044, 0x0001, 0x0001, 0x29AD, 0x0044, 0x0044, 0x10A7, 0x10A7, 0x10A7, 0x10A7, 0x10A7, 0x10A7, 0x10A7, 0x0044, 0x0044,
        0x8CF9, 0x10E9, 0x10E9, 0x0001, 0x3230, 0x3230, 0x1909, 0x1909, 0x10E9, 0x10A7, 0x10A7, 0x10A7, 0x10E9, 0x10E9, 0x10E9, 0x10E9,
        0x10E9, 0x10E9, 0x3230, 0x3230, 0x0886, 0x0886, 0x3230, 0x3230, 0x10E9, 0x10E9, 0x10E9, 0x10E9, 0xCFAC, 0x10E9, 0x10E9, 0x10E9,
        0x10E9, 0x3230, 0x0886, 0x0886, 0x0886, 0x0886, 0x0886, 0x0886, 0x3230, 0x194B, 0x194B, 0x194B, 0x10E9, 0x10E9, 0x10E9, 0x10E9,
        0x3230, 0x0886, 0x0886, 0x0886, 0x0886, 0x0886, 0x194B, 0x194B, 0x194B, 0x0022, 0x0022, 0x0022, 0x194B, 0x194B, 0x10E9, 0x10E9,
        0x0886, 0x0886, 0x0886, 0x0886, 0x194B, 0x194B, 0x0022, 0x0022, 0x0022, 0x0022, 0x0022, 0x0022, 0x0022, 0x0022, 0x194B, 0x10E9,
        0x0886, 0x0886, 0x194B, 0x194B, 0x0022, 0x0022, 0x0022, 0x0022, 0x0022, 0x0022, 0x0022, 0x0022, 0x0022, 0x0022, 0x0022, 0x194B,
        0x194B, 0x194B, 0x0022, 0x0022, 0x0022, 0x0022, 0x0022, 0x0022, 0x0022, 0x0022, 0x0022, 0x0022, 0x0022, 0x0022, 0x0022, 0x0022,
    },
    {
        0x0022, 0x0022, 0x0022, 0x0022, 0x0022, 0x0022, 0x0022, 0x8CF9, 0x10A7, 0x10A7, 0x10A7, 0x10A7, 0x10A7, 0x10A7, 0x0022, 0x0022,
        0x0022, 0xEF9F, 0x0022, 0x0022, 0x0022, 0x0022, 0x10A7, 0x10A7, 0x192A, 0x192A, 0x192A, 0x192A, 0x192A, 0x10A7, 0x3A2F, 0x0022,
        0x0022, 0x0022, 0x0022, 0x0022, 0x0022, 0xEF9F, 0x10A7, 0x192A, 0x192A, 0xF779, 0xF779, 0xF779, 0x192A, 0x192A, 0x10A7, 0x0022,
        0x0022, 0x0022, 0x0022, 0x0022, 0x0022, 0x10A7, 0x10A7, 0x192A, 0xF779, 0xFFFD, 0x9CB1, 0x9CB1, 0x9CB1, 0x1909, 0x10A7, 0x10A7,
        0x0044, 0x0044, 0x0044, 0x0044, 0x0044, 0x10A7, 0x10A7, 0x192A, 0xF779, 0xF779, 0xF779, 0xCE33, 0xF779, 0x192A, 0x10A7, 0x10A7,
        0x0044, 0x0044, 0x0044, 0x0044, 0x0044, 0x10A7, 0x10A7, 0x192A, 0xF779, 0xF779, 0xCE33, 0xCE33, 0xF779, 0x192A, 0x10A7, 0x10A7,
        0x0044, 0x0044, 0x3A2F, 0x0044, 0x0044, 0x0044, 0x10A7, 0x192A, 0x192A, 0xF779, 0xF779, 0xF779, 0x192A, 0x192A, 0x10A7, 0x0044,
        0x1909, 0x1909, 0x1909, 0x0001, 0x1909, 0x0044, 0x10A7, 0x10A7, 0x192A, 0x192A, 0x192A, 0x192A, 0x192A, 0x10A7, 0x10A7, 0x0044,
        0x0044, 0x0044, 0x0001, 0x0001, 0x29AD, 0x0044, 0x0044, 0x10A7, 0x10A7, 0x10A7, 0x10A7, 0x10A7, 0x10A7, 0x10A7, 0x0044, 0x0044,
        0x8CF9, 0x10E9, 0x10E9, 0x0001, 0x3230, 0x3230, 0x1909, 0x1909, 0x10E9, 0x10A7, 0x10A7, 0x10A7, 0xCFAC, 0x10E9, 0x10E9, 0x10E9,
        0x10E9, 0x10E9, 0x3230, 0x3230, 0x0886, 0x0886, 0x3230, 0x3230, 0x10E9, 0x10E9, 0x10E9, 0x10E9, 0x10E9, 0x10E9, 0x10E9, 0x10E9,
        0x10E9, 0x3230, 0x0886, 0x0886, 0x0886, 0x0886, 0x0886, 0x0886, 0x3230, 0x194B, 0x194B, 0x194B, 0x10E9, 0x10E9, 0x10E9, 0x10E9,
        0x3230, 0x0886, 0x0886, 0x0886, 0x0886, 0x0886, 0x194B, 0x194B, 0x194B, 0x0022, 0x0022, 0x0022, 0x194B, 0x194B, 0x10E9, 0x10E9,
        0x0886, 0x0886, 0x0886, 0x0886, 0x194B, 0x194B, 0x0022, 0x0022, 0x0022, 0x0022, 0x0022, 0x0022, 0x0022, 0x0022, 0x194B, 0x10E9,
        0x0886, 0x0886, 0x194B, 0x194B, 0x0022, 0x0022, 0x0022, 0x0022, 0x0022, 0x0022, 0x0022, 0x0022, 0x0022, 0x0022, 0x0022, 0x194B,
        0x194B, 0x194B, 0x0022, 0x0022, 0x0022, 0x0022, 0x0022, 0x0022, 0x0022, 0x0022, 0x0022, 0x0022, 0x0022, 0x0022, 0x0022, 0x0022,
    },
    {
        0x0022, 0x0022, 0x0022, 0x0022, 0x0022, 0x0022, 0x0022, 0x8CF9, 0x10A7, 0x10A7, 0x10A7, 0x10A7, 0x10A7, 0x10A7, 0x0022, 0x0022,
        0x0022, 0xEF9F, 0x0022, 0x0022, 0x0022, 0x0022, 0x10A7, 0x10A7, 0x192A, 0x192A, 0x192A, 0x192A, 0x192A, 0x10A7, 0x3A2F, 0x0022,
        0x0022, 0x0022, 0x0022, 0x0022, 0x0022, 0x8CF9, 0x10A7, 0x192A, 0x192A, 0xF779, 0xF779, 0xF779, 0x192A, 0x192A, 0x10A7, 0x0022,
        0x0022, 0x0022, 0x0022, 0x0022, 0x0022, 0x10A7, 0x10A7, 0x192A, 0xF779, 0xFFFD, 0xFFFD, 0x9CB1, 0x9CB1, 0x1909, 0x1909, 0x10A7,
        0x0044, 0x0044, 0x0044, 0x0044, 0x0044, 0x10A7, 0x10A7, 0x192A, 0xF779, 0xF779, 0xF779, 0xCE33, 0xF779, 0x192A, 0x10A7, 0x10A7,
        0x0044, 0x0044, 0x0044, 0x0044, 0x0044, 0x10A7, 0x10A7, 0x192A, 0xF779, 0xF779, 0xCE33, 0xCE33, 0xF779, 0x192A, 0x10A7, 0x10A7,
        0x0044, 0x0044, 0x3A2F, 0x0044, 0x0044, 0x0044, 0x10A7, 0x192A, 0x192A, 0xF779, 0xF779, 0xF779, 0x192A, 0x192A, 0x10A7, 0x0044,
        0x0044, 0x1909, 0x1909, 0x0001, 0x1909, 0x1909, 0x10A7, 0x10A7, 0x192A, 0x192A, 0x192A, 0x192A, 0x192A, 0x10A7, 0x10A7, 0x0044,
        0x0044, 0x0044, 0x0001, 0x0001, 0x29AD, 0x0044, 0x0044, 0x10A7, 0x10A7, 0x10A7, 0x10A7, 0x10A7, 0x10A7, 0x10A7, 0x0044, 0x0044,
        0x3A2F, 0x10E9, 0x10E9, 0x0001, 0x3230, 0x3230, 0x1909, 0x1909, 0x1909, 0x10A7, 0x10A7, 0x10A7, 0xCFAC, 0x10E9, 0x10E9, 0x10E9,
        0x10E9, 0x10E9, 0x3230, 0x3230, 0x0886, 0x0886, 0x3230, 0x3230, 0x10E9, 0x10E9, 0x10E9, 0x10E9, 0x10E9, 0x10E9, 0x10E9, 0x10E9,
        0x10E9, 0x3230, 0x0886, 0x0886, 0x0886, 0x0886, 0x0886, 0x0886, 0x3230, 0x194B, 0x194B, 0x194B, 0x10E9, 0x10E9, 0x10E9, 0x10E9,
        0x3230, 0x0886, 0x0886, 0x0886, 0x0886, 0x0886, 0x194B, 0x194B, 0x194B, 0x0022, 0x0022, 0x0022, 0x194B, 0x194B, 0x10E9, 0x10E9,
        0x0886, 0x0886, 0x0886, 0x0886, 0x194B, 0x194B, 0x0022, 0x0022, 0x0022, 0x0022, 0x0022, 0x0022, 0x0022, 0x0022, 0x194B, 0x10E9,
        0x0886, 0x0886, 0x194B, 0x194B, 0x0022, 0x0022, 0x0022, 0x0022, 0x0022, 0x0022, 0x0022, 0x0022, 0x0022, 0x0022, 0x0022, 0x194B,
        0x194B, 0x194B, 0x0022, 0x0022, 0x0022, 0x0022, 0x0022, 0x0022, 0x0022, 0x0022, 0x0022, 0x0022, 0x0022, 0x0022, 0x0022, 0x0022,
    },
    {
        0x0022, 0x0022, 0x0022, 0x0022, 0x0022, 0x0022, 0x0022, 0xEF9F, 0x10A6, 0x10A6, 0x10A6, 0x10A6, 0x10A6, 0x10A6, 0x0022, 0x0022,
        0x0022, 0xEF9F, 0x0022, 0x0022, 0x0022, 0x0022, 0x10A6, 0x10A6, 0x192A, 0x192A, 0x192A, 0x192A, 0x192A, 0x10A6, 0x3A2F, 0x0022,
        0x0022, 0x0022, 0x0022, 0x0022, 0x0022, 0x8CF9, 0x10A6, 0x192A, 0x192A, 0xF779, 0xF779, 0xF779, 0x192A, 0x192A, 0x10A6, 0x0022,
        0x0022, 0x0022, 0x0022, 0x0022, 0x0022, 0x10A6, 0x10A6, 0x192A, 0xF779, 0xFFFD, 0xFFFD, 0x9CB1, 0x9CB1, 0x1909, 0x1909, 0x10A6,
        0x0044, 0x0044, 0x0044, 0x0044, 0x0044, 0x10A6, 0x10A6, 0x192A, 0xF779, 0xF779, 0xF779, 0xCE33, 0xF779, 0x192A, 0x10A6, 0x10A6,
        0x0044, 0x0044, 0x0044, 0x0044, 0x0044, 0x10A6, 0x10A6, 0x192A, 0xF779, 0xF779, 0xCE33, 0xCE33, 0xF779, 0x192A, 0x10A6, 0x10A6,
        0x0044, 0x0044, 0x3A2F, 0x0044, 0x0044, 0x0044, 0x10A6, 0x192A, 0x192A, 0xF779, 0xF779, 0xF779, 0x192A, 0x192A, 0x10A6, 0x0044,
        0x0044, 0x1909, 0x1909, 0x0001, 0x1909, 0x1909, 0x10A6, 0x10A6, 0x192A, 0x192A, 0x192A, 0x192A, 0x192A, 0x10A6, 0x10A6, 0x0044,
        0x0044, 0x0044, 0x0001, 0x0001, 0x29AD, 0x0044, 0x0044, 0x10A6, 0x10A6, 0x10A6, 0x10A6, 0x10A6, 0x10A6, 0x10A6, 0x0044, 0x0044,
        0x3A2F, 0x10E9, 0x10E9, 0x0001, 0x3230, 0x3230, 0x1909, 0x1909, 0x1909, 0x10A6, 0x10A6, 0x10A6, 0xCFAC, 0x10E9, 0x10E9, 0x10E9,
        0x10E9, 0x10E9, 0x3230, 0x3230, 0x0886, 0x0886, 0x3230, 0x3230, 0x10E9, 0x10E9, 0x10E9, 0x10E9, 0x10E9, 0x10E9, 0x10E9, 0x10E9,
        0x10E9, 0x3230, 0x0886, 0x0886, 0x0886, 0x0886, 0x0886, 0x0886, 0x3230, 0x194B, 0x194B, 0x194B, 0x10E9, 0x10E9, 0x10E9, 0x10E9,
        0x3230, 0x0886, 0x0886, 0x0886, 0x0886, 0x0886, 0x194B, 0x194B, 0x194B, 0x0022, 0x0022, 0x0022, 0x194B, 0x194B, 0x10E9, 0x10E9,
        0x0886, 0x0886, 0x0886, 0x0886, 0x194B, 0x194B, 0x0022, 0x0022, 0x0022, 0x0022, 0x0022, 0x0022, 0x0022, 0x0022, 0x194B, 0x10E9,
        0x0886, 0x0886, 0x194B, 0x194B, 0x0022, 0x0022, 0x0022, 0x0022, 0x0022, 0x0022, 0x0022, 0x0022, 0x0022, 0x0022, 0x0022, 0x194B,
        0x194B, 0x194B, 0x0022, 0x0022, 0x0022, 0x0022, 0x0022, 0x0022, 0x0022, 0x0022, 0x0022, 0x0022, 0x0022, 0x0022, 0x0022, 0x0022,
    },
    {
        0x0022, 0x0022, 0x0022, 0x0022, 0x0022, 0x0022, 0x0022, 0xEF9F, 0x0886, 0x0886, 0x0886, 0x0886, 0x0886, 0x0886, 0x0022, 0x0022,
        0x0022, 0xEF9F, 0x0022, 0x0022, 0x0022, 0x0022, 0x0886, 0x0886, 0x192A, 0x192A, 0x192A, 0x192A, 0x192A, 0x0886, 0x3A2F, 0x0022,
        0x0022, 0x0022, 0x0022, 0x0022, 0x0022, 0x8CF9, 0x0886, 0x192A, 0x192A, 0xF779, 0xF779, 0xF779, 0x192A, 0x192A, 0x0886, 0x0022,
        0x0022, 0x0022, 0x0022, 0x0022, 0x0022, 0x0886, 0x0886, 0x192A, 0xF779, 0xFFFD, 0xFFFD, 0xF779, 0x9CB1, 0x1909, 0x1909, 0x1909,
        0x0044, 0x0044, 0x0044, 0x0044, 0x0044, 0x0886, 0x0886, 0x192A, 0xF779, 0xF779, 0xF779, 0xCE33, 0xF779, 0x192A, 0x0886, 0x0886,
        0x0044, 0x0044, 0x0044, 0x0044, 0x0044, 0x0886, 0x0886, 0x192A, 0xF779, 0xF779, 0xCE33, 0xCE33, 0xF779, 0x192A, 0x0886, 0x0886,
        0x0044, 0x0044, 0x3A2F, 0x0044, 0x0044, 0x0044, 0x0886, 0x192A, 0x192A, 0xF779, 0xF779, 0xF779, 0x192A, 0x192A, 0x0886, 0x0044,
        0x0044, 0x0044, 0x1909, 0x0001, 0x1909, 0x1909, 0x1909, 0x0886, 0x192A, 0x192A, 0x192A, 0x192A, 0x192A, 0x0886, 0x0886, 0x0044,
        0x0044, 0x0044, 0x0001, 0x0001, 0x29AD, 0x0044, 0x0044, 0x0886, 0x0886, 0x0886, 0x0886, 0x0886, 0x0886, 0x0886, 0x0044, 0x0044,
        0x3A2F, 0x10E9, 0x10E9, 0x0001, 0x3230, 0x3230, 0x10E9, 0x1909, 0x1909, 0x1909, 0x0886, 0x0886, 0x5BC4, 0x10E9, 0x10E9, 0x10E9,
        0x10E9, 0x10E9, 0x3230, 0x3230, 0x0886, 0x0886, 0x3230, 0x3230, 0x10E9, 0x10E9, 0x10E9, 0x10E9, 0x10E9, 0x10E9, 0x10E9, 0x10E9,
        0x10E9, 0x3230, 0x0886, 0x0886, 0x0886, 0x0886, 0x0886, 0x0886, 0x3230, 0x194B, 0x194B, 0x194B, 0x10E9, 0x10E9, 0x10E9, 0x10E9,
        0x3230, 0x0886, 0x0886, 0x0886, 0x0886, 0x0886, 0x194B, 0x194B, 0x194B, 0x0022, 0x0022, 0x0022, 0x194B, 0x194B, 0x10E9, 0x10E9,
        0x0886, 0x0886, 0x0886, 0x0886, 0x194B, 0x194B, 0x0022, 0x0022, 0x0022, 0x0022, 0x0022, 0x0022, 0x0022, 0x0022, 0x194B, 0x10E9,
        0x0886, 0x0886, 0x194B, 0x194B, 0x0022, 0x0022, 0x0022, 0x0022, 0x0022, 0x0022, 0x0022, 0x0022, 0x0022, 0x0022, 0x0022, 0x194B,
        0x194B, 0x194B, 0x0022, 0x0022, 0x0022, 0x0022, 0x0022, 0x0022, 0x0022, 0x0022, 0x0022, 0x0022, 0x0022, 0x0022, 0x0022, 0x0022,
    },
    {
        0x0022, 0x0022, 0x0022, 0x0022, 0x0022, 0x0022, 0x0022, 0xEF9F, 0x0886, 0x0886, 0x0886, 0x0886, 0x0886, 0x0886, 0x0022, 0x0022,
        0x0022, 0xEF9F, 0x0022, 0x0022, 0x0022, 0x0022, 0x0886, 0x0886, 0x1929, 0x1929, 0x1929, 0x1929, 0x1929, 0x0886, 0x3A2F, 0x0022,
        0x0022, 0x0022, 0x0022, 0x0022, 0x0022, 0x3A2F, 0x0886, 0x1929, 0x1929, 0xF779, 0xF779, 0xF779, 0x1929, 0x1929, 0x0886, 0x0022,
        0x0022, 0x0022, 0x0022, 0x0022, 0x0022, 0x0886, 0x0886, 0x1929, 0xF779, 0xFFFD, 0xFFFD, 0xF779, 0x9CB1, 0x1909, 0x1909, 0x1909,
        0x0044, 0x0044, 0x0044, 0x0044, 0x0044, 0x0886, 0x0886, 0x1929, 0xF779, 0xF779, 0xF779, 0xCE33, 0xF779, 0x1929, 0x0886, 0x0886,
        0x0044, 0x0044, 0x0044, 0x0044, 0x0044, 0x0886, 0x0886, 0x1929, 0xF779, 0xF779, 0xCE33, 0xCE33, 0xF779, 0x1929, 0x0886, 0x0886,
        0x0044, 0x0044, 0x3A2F, 0x0044, 0x0044, 0x0044, 0x0886, 0x1929, 0x1929, 0xF779, 0xF779, 0xF779, 0x1929, 0x1929, 0x0886, 0x0044,
        0x0044, 0x0044, 0x1909, 0x0001, 0x1909, 0x1909, 0x1909, 0x0886, 0x1929, 0x1929, 0x1929, 0x1929, 0x1929, 0x0886, 0x0886, 0x0044,
        0x0044, 0x0044, 0x0001, 0x0001, 0x29AD, 0x0044, 0x0044, 0x0886, 0x0886, 0x0886, 0x0886, 0x0886, 0x0886, 0x0886, 0x0044, 0x0044,
        0x3A2F, 0x10E9, 0x10E9, 0x0001, 0x3230, 0x3230, 0x10E9, 0x1909, 0x1909, 0x1909, 0x0886, 0x0886, 0x10E9, 0x10E9, 0x10E9, 0x10E9,
        0x10E9, 0x10E9, 0x3230, 0x3230, 0x0886, 0x0886, 0x3230, 0x3230, 0x10E9, 0x10E9, 0x10E9, 0x10E9, 0x10E9, 0x10E9, 0x10E9, 0x10E9,
        0x10E9, 0x3230, 0x0886, 0x0886, 0x0886, 0x0886, 0x0886, 0x0886, 0x3230, 0x194B, 0x194B, 0x194B, 0x10E9, 0x10E9, 0x10E9, 0x10E9,
        0x3230, 0x0886, 0x0886, 0x0886, 0x0886, 0x0886, 0x194B, 0x194B, 0x194B, 0x0022, 0x0022, 0x0022, 0x194B, 0x194B, 0x10E9, 0x10E9,
        0x0886, 0x0886, 0x0886, 0x0886, 0x194B, 0x194B, 0x0022, 0x0022, 0x0022, 0x0022, 0x0022, 0x0022, 0x0022, 0x0022, 0x194B, 0x10E9,
        0x0886, 0x0886, 0x194B, 0x194B, 0x0022, 0x0022, 0x0022, 0x0022, 0x0022, 0x0022, 0x0022, 0x0022, 0x0022, 0x0022, 0x0022, 0x194B,
        0x194B, 0x194B, 0x0022, 0x0022, 0x0022, 0x0022, 0x0022, 0x0022, 0x0022, 0x0022, 0x0022, 0x0022, 0x0022, 0x0022, 0x0022, 0x0022,
    },
    {
        0x0022, 0x0022, 0x0022, 0x0022, 0x0022, 0x0022, 0x0022, 0xEF9F, 0x0886, 0x0886, 0x0886, 0x0886, 0x0886, 0x0886, 0x0022, 0x0022,
        0x0022, 0xEF9F, 0x0022, 0x0022, 0x0022, 0x0022, 0x0886, 0x0886, 0x1909, 0x1909, 0x1909, 0x1909, 0x1909, 0x0886, 0x3A2F, 0x0022,
        0x0022, 0x0022, 0x0022, 0x0022, 0x0022, 0x3A2F, 0x0886, 0x1909, 0x1909, 0xF779, 0xF779, 0xF779, 0x1909, 0x1909, 0x0886, 0x0022,
        0x1909, 0x0022, 0x0022, 0x0022, 0x0022, 0x0886, 0x0886, 0x1909, 0xF779, 0xFFFD, 0xFFFD, 0xF779, 0xF779, 0x1909, 0x1909, 0x1909,
        0x0044, 0x0044, 0x0044, 0x0044, 0x0044, 0x0886, 0x0886, 0x1909, 0xF779, 0xF779, 0xF779, 0xCE33, 0xF779, 0x1909, 0x0886, 0x0886,
        0x0044, 0x0044, 0x0044, 0x0044, 0x0044, 0x0886, 0x0886, 0x1909, 0xF779, 0xF779, 0xCE33, 0xCE33, 0xF779, 0x1909, 0x0886, 0x0886,
        0x0044, 0x0044, 0x8CF9, 0x0044, 0x0044, 0x0044, 0x0886, 0x1909, 0x1909, 0xF779, 0xF779, 0xF779, 0x1909, 0x1909, 0x0886, 0x0044,
        0x0044, 0x0044, 0x0044, 0x0001, 0x1909, 0x1909, 0x1909, 0x1909, 0x1909, 0x1909, 0x1909, 0x1909, 0x1909, 0x0886, 0x0886, 0x0044,
        0x0044, 0x0044, 0x0001, 0x5BC4, 0x29AD, 0x0044, 0x0044, 0x0886, 0x0886, 0x0886, 0x0886, 0x0886, 0x0886, 0x0886, 0x0044, 0x0044,
        0x3A2F, 0x10E9, 0x10E9, 0x0001, 0x3230, 0x3230, 0x10E9, 0x10E9, 0x1909, 0x1909, 0x1909, 0x0886, 0x10E9, 0x10E9, 0x10E9, 0x10E9,
        0x10E9, 0x10E9, 0x3230, 0x3230, 0x0886, 0x0886, 0x3230, 0x3230, 0x10E9, 0x10E9, 0x10E9, 0x10E9, 0x10E9, 0x10E9, 0x10E9, 0x10E9,
        0x10E9, 0x3230, 0x0886, 0x0886, 0x0886, 0x0886, 0x0886, 0x0886, 0x3230, 0x194B, 0x194B, 0x194B, 0x10E9, 0x10E9, 0x10E9, 0x10E9,
        0x3230, 0x0886, 0x0886, 0x0886, 0x0886, 0x0886, 0x194B, 0x194B, 0x194B, 0x0022, 0x0022, 0x0022, 0x194B, 0x194B, 0x10E9, 0x10E9,
        0x0886, 0x0886, 0x0886, 0x0886, 0x194B, 0x194B, 0x0022, 0x0022, 0x0022, 0x0022, 0x0022, 0x0022, 0x0022, 0x0022, 0x194B, 0x10E9,
        0x0886, 0x0886, 0x194B, 0x194B, 0x0022, 0x0022, 0x0022, 0x0022, 0x0022, 0x0022, 0x0022, 0x0022, 0x0022, 0x0022, 0x0022, 0x194B,
        0x194B, 0x194B, 0x0022, 0x0022, 0x0022, 0x0022, 0x0022, 0x0022, 0x0022, 0x0022, 0x0022, 0x0022, 0x0022, 0x0022, 0x0022, 0x0022,
    },
    {
        0x0022, 0x0022, 0x0022, 0x0022, 0x0022, 0x0022, 0x0022, 0xEF9F, 0x0886, 0x0886, 0x0886, 0x0886, 0x0886, 0x0886, 0x0022, 0x0022,
        0x0022, 0x8CF9, 0x0022, 0x0022, 0x0022, 0x0022, 0x0886, 0x0886, 0x1909, 0x1909, 0x1909, 0x1909, 0x1909, 0x0886, 0x3A2F, 0x0022,
        0x0022, 0x0022, 0x0022, 0x0022, 0x0022, 0x3A2F, 0x0886, 0x1909, 0x1909, 0xF779, 0xF779, 0xF779, 0x1909, 0x1909, 0x0886, 0x0022,
        0x1909, 0x0022, 0x0022, 0x0022, 0x0022, 0x0886, 0x0886, 0x1909, 0xF779, 0xFFFD, 0xFFFD, 0xF779, 0xF779, 0x1909, 0x1909, 0x1909,
        0x0044, 0x0044, 0x0044, 0x0044, 0x0044, 0x0886, 0x0886, 0x1909, 0xF779, 0xF779, 0xF779, 0xCE33, 0xF779, 0x1909, 0x0886, 0x0886,
        0x0044, 0x0044, 0x0044, 0x0044, 0x0044, 0x0886, 0x0886, 0x1909, 0xF779, 0xF779, 0xCE33, 0xCE33, 0xF779, 0x1909, 0x0886, 0x0886,
        0x0044, 0x0044, 0x8CF9, 0x0044, 0x0044, 0x0044, 0x0886, 0x1909, 0x1909, 0xF779, 0xF779, 0xF779, 0x1909, 0x1909, 0x0886, 0x0044,
        0x0044, 0x0044, 0x0044, 0x0001, 0x1909, 0x1909, 0x1909, 0x1909, 0x1909, 0x1909, 0x1909, 0x1909, 0x1909, 0x0886, 0x0886, 0x0044,
        0x0044, 0x0044, 0x0001, 0xCFAC, 0x29AD, 0x0044, 0x0044, 0x0886, 0x0886, 0x0886, 0x0886, 0x0886, 0x0886, 0x0886, 0x0044, 0x0044,
        0x3A2F, 0x10E9, 0x10E9, 0x0001, 0x3230, 0x3230, 0x10E9, 0x10E9, 0x1909, 0x1909, 0x1909, 0x0886, 0x10E9, 0x10E9, 0x10E9, 0x10E9,
        0x10E9, 0x10E9, 0x3230, 0x3230, 0x0886, 0x0886, 0x3230, 0x3230, 0x10E9, 0x10E9, 0x10E9, 0x10E9, 0x10E9, 0x10E9, 0x10E9, 0x10E9,
        0x10E9, 0x3230, 0x0886, 0x0886, 0x0886, 0x0886, 0x0886, 0x0886, 0x3230, 0x194B, 0x194B, 0x194B, 0x10E9, 0x10E9, 0x10E9, 0x10E9,
        0x3230, 0x0886, 0x0886, 0x0886, 0x0886, 0x0886, 0x194B, 0x194B, 0x194B, 0x0022, 0x0022, 0x0022, 0x194B, 0x194B, 0x10E9, 0x10E9,
        0x0886, 0x0886, 0x0886, 0x0886, 0x194B, 0x194B, 0x0022, 0x0022, 0x0022, 0x0022, 0x0022, 0x0022, 0x0022, 0x0022, 0x194B, 0x10E9,
        0x0886, 0x0886, 0x194B, 0x194B, 0x0022, 0x0022, 0x0022, 0x0022, 0x0022, 0x0022, 0x0022, 0x0022, 0x0022, 0x0022, 0x0022, 0x194B,
        0x194B, 0x194B, 0x0022, 0x0022, 0x0022, 0x0022, 0x0022, 0x0022, 0x0022, 0x0022, 0x0022, 0x0022, 0x0022, 0x0022, 0x0022, 0x0022,
    },
    {
        0x0022, 0x0022, 0x0022, 0x0022, 0x0022, 0x0022, 0x0022, 0xEF9F, 0x0886, 0x0886, 0x0886, 0x0886, 0x0886, 0x0886, 0x0022, 0x0022,
        0x0022, 0x8CF9, 0x0022, 0x0022, 0x0022, 0x0022, 0x0886, 0x0886, 0x1909, 0x1909, 0x1909, 0x1909, 0x1909, 0x0886, 0x3A2F, 0x0022,
        0x0022, 0x0022, 0x0022, 0x0022, 0x0022, 0x3A2F, 0x0886, 0x1909, 0x1909, 0xF779, 0xF779, 0xF779, 0x1909, 0x1909, 0x0886, 0x0022,
        0x1909, 0x1909, 0x0022, 0x0022, 0x0022, 0x0886, 0x0886, 0x1909, 0xF779, 0xFFFD, 0xFFFD, 0xF779, 0xF779, 0x1909, 0x1909, 0x1909,
        0x0044, 0x0044, 0x0044, 0x0044, 0x0044, 0x0886, 0x0886, 0x1909, 0xF779, 0xF779, 0xF779, 0xCE33, 0xF779, 0x1909, 0x0886, 0x0886,
        0x0044, 0x0044, 0x0044, 0x0044, 0x0044, 0x0886, 0x0886, 0x1909, 0xF779, 0xF779, 0xCE33, 0xCE33, 0xF779, 0x1909, 0x0886, 0x0886,
        0x0044, 0x0044, 0x8CF9, 0x0044, 0x0044, 0x0044, 0x0886, 0x1909, 0x1909, 0xF779, 0xF779, 0xF779, 0x1909, 0x1909, 0x0886, 0x0044,
        0x0044, 0x0044, 0x0044, 0x0001, 0x1909, 0x1909, 0x1909, 0x1909, 0x1909, 0x1909, 0x1909, 0x1909, 0x1909, 0x0886, 0x0886, 0x0044,
        0x0044, 0x0044, 0x0001, 0xCFAC, 0x29AD, 0x0044, 0x0044, 0x0886, 0x0886, 0x0886, 0x0886, 0x0886, 0x0886, 0x0886, 0x0044, 0x0044,
        0x3A2F, 0x10E9, 0x10E9, 0x0001, 0x3230, 0x3230, 0x10E9, 0x10E9, 0x10E9, 0x1909, 0x1909, 0x1909, 0x10E9, 0x10E9, 0x10E9, 0x10E9,
        0x10E9, 0x10E9, 0x3230, 0x3230, 0x0886, 0x0886, 0x3230, 0x3230, 0x10E9, 0x10E9, 0x10E9, 0x10E9, 0x10E9, 0x10E9, 0x10E9, 0x10E9,
        0x10E9, 0x3230, 0x0886, 0x0886, 0x0886, 0x0886, 0x0886, 0x0886, 0x3230, 0x194B, 0x194B, 0x194B, 0x10E9, 0x10E9, 0x10E9, 0x10E9,
        0x3230, 0x0886, 0x0886, 0x0886, 0x0886, 0x0886, 0x194B, 0x194B, 0x194B, 0x0022, 0x0022, 0x0022, 0x194B, 0x194B, 0x10E9, 0x10E9,
        0x0886, 0x0886, 0x0886, 0x0886, 0x194B, 0x194B, 0x0022, 0x0022, 0x0022, 0x0022, 0x0022, 0x0022, 0x0022, 0x0022, 0x194B, 0x10E9,
        0x0886, 0x0886, 0x194B, 0x194B, 0x0022, 0x0022, 0x0022, 0x0022, 0x0022, 0x0022, 0x0022, 0x0022, 0x0022, 0x0022, 0x0022, 0x194B,
        0x194B, 0x194B, 0x0022, 0x0022, 0x0022, 0x0022, 0x0022, 0x0022, 0x0022, 0x0022, 0x0022, 0x0022, 0x0022, 0x0022, 0x0022, 0x0022,
    },
    {
        0x0022, 0x0022, 0x0022, 0x0022, 0x0022, 0x0022, 0x0022, 0xEF9F, 0x0886, 0x0886, 0x0886, 0x0886, 0x0886, 0x0886, 0x0022, 0x0022,
        0x0022, 0x8CF9, 0x0022, 0x0022, 0x0022, 0x0022, 0x0886, 0x0886, 0x1909, 0x1909, 0x1909, 0x1909, 0x1909, 0x0886, 0x3A2F, 0x0022,
        0x0022, 0x0022, 0x0022, 0x0022, 0x0022, 0x3A2F, 0x0886, 0x1909, 0x1909, 0xF779, 0xF779, 0xF779, 0x1909, 0x1909, 0x0886, 0x0022,
        0x1909, 0x1909, 0x0022, 0x0022, 0x0022, 0x0886, 0x0886, 0x1909, 0xF779, 0xFFFD, 0xFFFD, 0xF779, 0xF779, 0x1909, 0x1909, 0x1909,
        0x0044, 0x0044, 0x0044, 0x0044, 0x0044, 0x0886, 0x0886, 0x1909, 0xF779, 0xF779, 0xF779, 0xCE33, 0xF779, 0x1909, 0x0886, 0x0886,
        0x0044, 0x0044, 0x0044, 0x0044, 0x0044, 0x0886, 0x0886, 0x1909, 0xF779, 0xF779, 0xCE33, 0xCE33, 0xF779, 0x1909, 0x0886, 0x0886,
        0x0044, 0x0044, 0xEF9F, 0x0044, 0x0044, 0x0044, 0x0886, 0x1909, 0x1909, 0xF779, 0xF779, 0xF779, 0x1909, 0x1909, 0x0886, 0x0044,
        0x0044, 0x0044, 0x0044, 0xCFAC, 0x1909, 0x1909, 0x1909, 0x1909, 0x1909, 0x1909, 0x1909, 0x1909, 0x1909, 0x0886, 0x0886, 0x0044,
        0x0044, 0x0044, 0x0001, 0x0001, 0x29AD, 0x0044, 0x0044, 0x0886, 0x0886, 0x0886, 0x0886, 0x0886, 0x0886, 0x0886, 0x0044, 0x0044,
        0x3A2F, 0x10E9, 0x10E9, 0x0001, 0x3230, 0x3230, 0x10E9, 0x10E9, 0x10E9, 0x1909, 0x1909, 0x1909, 0x10E9, 0x10E9, 0x10E9, 0x10E9,
        0x10E9, 0x10E9, 0x3230, 0x3230, 0x0886, 0x0886, 0x3230, 0x3230, 0x10E9, 0x10E9, 0x10E9, 0x10E9, 0x10E9, 0x10E9, 0x10E9, 0x10E9,
        0x10E9, 0x3230, 0x0886, 0x0886, 0x0886, 0x0886, 0x0886, 0x0886, 0x3230, 0x194B, 0x194B, 0x194B, 0x10E9, 0x10E9, 0x10E9, 0x10E9,
        0x3230, 0x0886, 0x0886, 0x0886, 0x0886, 0x0886, 0x194B, 0x194B, 0x194B, 0x0022, 0x0022, 0x0022, 0x194B, 0x194B, 0x10E9, 0x10E9,
        0x0886, 0x0886, 0x0886, 0x0886, 0x194B, 0x194B, 0x0022, 0x0022, 0x0022, 0x0022, 0x0022, 0x0022, 0x0022, 0x0022, 0x194B, 0x10E9,
        0x0886, 0x0886, 0x194B, 0x194B, 0x0022, 0x0022, 0x0022, 0x0022, 0x0022, 0x0022, 0x0022, 0x0022, 0x0022, 0x0022, 0x0022, 0x194B,
        0x194B, 0x194B, 0x0022, 0x0022, 0x0022, 0x0022, 0x0022, 0x0022, 0x0022, 0x0022, 0x0022, 0x0022, 0x0022, 0x0022, 0x0022, 0x0022,
    },
    {
        0x0022, 0x0022, 0x0022, 0x0022, 0x0022, 0x0022, 0x0022, 0xEF9F, 0x0886, 0x0886, 0x0886, 0x0886, 0x0886, 0x0886, 0x0022, 0x0022,
        0x0022, 0x3A2F, 0x0022, 0x0022, 0x0022, 0x0022, 0x0886, 0x0886, 0x1909, 0x1909, 0x1909, 0x1909, 0x1909, 0x0886, 0x3A2F, 0x0022,
        0x0022, 0x0022, 0x0022, 0x0022, 0x0022, 0x3A2F, 0x0886, 0x1909, 0x1909, 0xF779, 0xF779, 0xF779, 0x1909, 0x1909, 0x0886, 0x0022,
        0x1909, 0x1909, 0x1909, 0x0022, 0x0022, 0x0886, 0x0886, 0x1909, 0xF779, 0xFFFD, 0xFFFD, 0xF779, 0xF779, 0x1909, 0x0886, 0x1909,
        0x0044, 0x0044, 0x0044, 0x0044, 0x0044, 0x0886, 0x0886, 0x1909, 0xF779, 0xF779, 0xF779, 0xCE33, 0xF779, 0x1909, 0x0886, 0x0886,
        0x0044, 0x0044, 0x0044, 0x0044, 0x0044, 0x0886, 0x0886, 0x1909, 0xF779, 0xF779, 0xCE33, 0xCE33, 0xF779, 0x1909, 0x0886, 0x0886,
        0x0044, 0x0044, 0xEF9F, 0x0044, 0x0044, 0x0044, 0x0886, 0x1909, 0x1909, 0xF779, 0xF779, 0xF779, 0x1909, 0x1909, 0x0886, 0x0044,
        0x0044, 0x0044, 0x0044, 0xCFAC, 0x0044, 0x1909, 0x1909, 0x1909, 0x1909, 0x1909, 0x1909, 0x1909, 0x1909, 0x0886, 0x0886, 0x0044,
        0x0044, 0x0044, 0x0001, 0x0001, 0x29AD, 0x0044, 0x0044, 0x0886, 0x0886, 0x0886, 0x0886, 0x0886, 0x0886, 0x0886, 0x0044, 0x0044,
        0x3A2F, 0x10E9, 0x10E9, 0x0001, 0x3230, 0x3230, 0x10E9, 0x10E9, 0x10E9, 0x0886, 0x1909, 0x1909, 0x1909, 0x10E9, 0x10E9, 0x10E9,
        0x10E9, 0x10E9, 0x3230, 0x3230, 0x0886, 0x0886, 0x3230, 0x3230, 0x10E9, 0x10E9, 0x10E9, 0x10E9, 0x10E9, 0x10E9, 0x10E9, 0x10E9,
        0x10E9, 0x3230, 0x0886, 0x0886, 0x0886, 0x0886, 0x0886, 0x0886, 0x3230, 0x194B, 0x194B, 0x194B, 0x10E9, 0x10E9, 0x10E9, 0x10E9,
        0x3230, 0x0886, 0x0886, 0x0886, 0x0886, 0x0886, 0x194B, 0x194B, 0x194B, 0x0022, 0x0022, 0x0022, 0x194B, 0x194B, 0x10E9, 0x10E9,
        0x0886, 0x0886, 0x0886, 0x0886, 0x194B, 0x194B, 0x0022, 0x0022, 0x0022, 0x0022, 0x0022, 0x0022, 0x0022, 0x0022, 0x194B, 0x10E9,
        0x0886, 0x0886, 0x194B, 0x194B, 0x0022, 0x0022, 0x0022, 0x0022, 0x0022, 0x0022, 0x0022, 0x0022, 0x0022, 0x0022, 0x0022, 0x194B,
        0x194B, 0x194B, 0x0022, 0x0022, 0x0022, 0x0022, 0x0022, 0x0022, 0x0022, 0x0022, 0x0022, 0x0022, 0x0022, 0x0022, 0x0022, 0x0022,
    },
    {
        0x0022, 0x0022, 0x0022, 0x0022, 0x0022, 0x0022, 0x0022, 0xEF9F, 0x0886, 0x0886, 0x0886, 0x0886, 0x0886, 0x0886, 0x0022, 0x0022,
        0x0022, 0x3A2F, 0x0022, 0x0022, 0x0022, 0x0022, 0x0886, 0x0886, 0x1909, 0x1909, 0x1909, 0x1909, 0x1909, 0x0886, 0x3A2F, 0x0022,
        0x0022, 0x0022, 0x0022, 0x0022, 0x0022, 0x3A2F, 0x0886, 0x1909, 0x1909, 0xF779, 0xF779, 0xF779, 0x1909, 0x1909, 0x0886, 0x0022,
        0x1909, 0x1909, 0x1909, 0x0022, 0x0022, 0x0886, 0x0886, 0x1909, 0xF779, 0xFFFD, 0xFFFD, 0xF779, 0xF779, 0x1909, 0x0886, 0x1909,
        0x0044, 0x0044, 0x0044, 0x0044, 0x0044, 0x0886, 0x0886, 0x1909, 0xF779, 0xF779, 0xF779, 0xCE33, 0xF779, 0x1909, 0x0886, 0x0886,
        0x0044, 0x0044, 0x0044, 0x0044, 0x0044, 0x0886, 0x0886, 0x1909, 0xF779, 0xF779, 0xCE33, 0xCE33, 0xF779, 0x1909, 0x0886, 0x0886,
        0x0044, 0x0044, 0xEF9F, 0x0044, 0x0044, 0x0044, 0x0886, 0x1909, 0x1909, 0xF779, 0xF779, 0xF779, 0x1909, 0x1909, 0x0886, 0x0044,
        0x0044, 0x0044, 0x0044, 0xCFAC, 0x0044, 0x1909, 0x1909, 0x1909, 0x1909, 0x1909, 0x1909, 0x1909, 0x1909, 0x0886, 0x0886, 0x0044,
        0x0044, 0x0044, 0x0001, 0x0001, 0x29AD, 0x0044, 0x0044, 0x0886, 0x0886, 0x0886, 0x0886, 0x0886, 0x0886, 0x0886, 0x0044, 0x0044,
        0x3A2F, 0x10E9, 0x10E9, 0x0001, 0x3230, 0x3230, 0x10E9, 0x10E9, 0x10E9, 0x0886, 0x1909, 0x1909, 0x1909, 0x10E9, 0x10E9, 0x10E9,
        0x10E9, 0x10E9, 0x3230, 0x3230, 0x0886, 0x0886, 0x3230, 0x3230, 0x10E9, 0x10E9, 0x10E9, 0x10E9, 0x10E9, 0x10E9, 0x10E9, 0x10E9,
        0x10E9, 0x3230, 0x0886, 0x0886, 0x0886, 0x0886, 0x0886, 0x0886, 0x3230, 0x194B, 0x194B, 0x194B, 0x10E9, 0x10E9, 0x10E9, 0x10E9,
        0x3230, 0x0886, 0x0886, 0x0886, 0x0886, 0x0886, 0x194B, 0x194B, 0x194B, 0x0022, 0x0022, 0x0022, 0x194B, 0x194B, 0x10E9, 0x10E9,
        0x0886, 0x0886, 0x0886, 0x0886, 0x194B, 0x194B, 0x0022, 0x0022, 0x0022, 0x0022, 0x0022, 0x0022, 0x0022, 0x0022, 0x194B, 0x10E9,
        0x0886, 0x0886, 0x194B, 0x194B, 0x0022, 0x0022, 0x0022, 0x0022, 0x0022, 0x0022, 0x0022, 0x0022, 0x0022, 0x0022, 0x0022, 0x194B,
        0x194B, 0x194B, 0x0022, 0x0022, 0x0022, 0x0022, 0x0022, 0x0022, 0x0022, 0x0022, 0x0022, 0x0022, 0x0022, 0x0022, 0x0022, 0x0022,
    },
    {
        0x0022, 0x0022, 0x0022, 0x0022, 0x0022, 0x0022, 0x0022, 0xEF9F, 0x0886, 0x0886, 0x0886, 0x0886, 0x0886, 0x0886, 0x0022, 0x0022,
        0x0022, 0x3A2F, 0x0022, 0x0022, 0x0022, 0x0022, 0x0886, 0x0886, 0x18E9, 0x18E9, 0x18E9, 0x18E9, 0x18E9, 0x0886, 0x8CF9, 0x0022,
        0x0022, 0x0022, 0x0022, 0x0022, 0x0022, 0x3A2F, 0x0886, 0x18E9, 0x18E9, 0xF779, 0xF779, 0xF779, 0x18E9, 0x18E9, 0x0886, 0x0022,
        0x1909, 0x1909, 0x1909, 0x1909, 0x0022, 0x0886, 0x0886, 0x18E9, 0xF779, 0xFFFD, 0xFFFD, 0xF779, 0xF779, 0x18E9, 0x0886, 0x0886,
        0x0044, 0x0044, 0x0044, 0x0044, 0x0044, 0x0886, 0x0886, 0x18E9, 0xF779, 0xF779, 0xF779, 0xCE33, 0xF779, 0x18E9, 0x0886, 0x0886,
        0x0044, 0x0044, 0x0044, 0x0044, 0x0044, 0x0886, 0x0886, 0x18E9, 0xF779, 0xF779, 0xCE33, 0xCE33, 0xF779, 0x18E9, 0x0886, 0x0886,
        0x0044, 0x0044, 0xEF9F, 0x0044, 0x0044, 0x0044, 0x0886, 0x18E9, 0x18E9, 0xF779, 0xF779, 0xF779, 0x18E9, 0x18E9, 0x0886, 0x0044,
        0x0044, 0x0044, 0x0044, 0x5BC4, 0x0044, 0x0044, 0x1909, 0x1909, 0x1909, 0x1909, 0x1909, 0x18E9, 0x18E9, 0x0886, 0x0886, 0x0044,
        0x0044, 0x0044, 0x0001, 0x0001, 0x29AD, 0x0044, 0x0044, 0x0886, 0x0886, 0x0886, 0x0886, 0x0886, 0x0886, 0x0886, 0x0044, 0x0044,
        0x3A2F, 0x10E9, 0x10E9, 0x0001, 0x3230, 0x3230, 0x10E9, 0x10E9, 0x10E9, 0x0886, 0x0886, 0x1909, 0x1909, 0x1909, 0x10E9, 0x10E9,
        0x10E9, 0x10E9, 0x3230, 0x3230, 0x0886, 0x0886, 0x3230, 0x3230, 0x10E9, 0x10E9, 0x10E9, 0x10E9, 0x10E9, 0x10E9, 0x10E9, 0x10E9,
        0x10E9, 0x3230, 0x0886, 0x0886, 0x0886, 0x0886, 0x0886, 0x0886, 0x3230, 0x194B, 0x194B, 0x194B, 0x10E9, 0x10E9, 0x10E9, 0x10E9,
        0x3230, 0x0886, 0x0886, 0x0886, 0x0886, 0x0886, 0x194B, 0x194B, 0x194B, 0x0022, 0x0022, 0x0022, 0x194B, 0x194B, 0x10E9, 0x10E9,
        0x0886, 0x0886, 0x0886, 0x0886, 0x194B, 0x194B, 0x0022, 0x0022, 0x0022, 0x0022, 0x0022, 0x0022, 0x0022, 0x0022, 0x194B, 0x10E9,
        0x0886, 0x0886, 0x194B, 0x194B, 0x0022, 0x0022, 0x0022, 0x0022, 0x0022, 0x0022, 0x0022, 0x0022, 0x0022, 0x0022, 0x0022, 0x194B,
        0x194B, 0x194B, 0x0022, 0x0022, 0x0022, 0x0022, 0x0022, 0x0022, 0x0022, 0x0022, 0x0022, 0x0022, 0x0022, 0x0022, 0x0022, 0x0022,
    },
    {
        0x0022, 0x0022, 0x0022, 0x0022, 0x0022, 0x0022, 0x0022, 0xEF9F, 0x0885, 0x0885, 0x0885, 0x0885, 0x0885, 0x0885, 0x0022, 0x0022,
        0x0022, 0x3A2F, 0x0022, 0x0022, 0x0022, 0x0022, 0x0885, 0x0885, 0x18E8, 0x18E8, 0x18E8, 0x18E8, 0x18E8, 0x0885, 0x8CF9, 0x0022,
        0x0022, 0x0022, 0x0022, 0x0022, 0x0022, 0x3A2F, 0x0885, 0x18E8, 0x18E8, 0xF779, 0xF779, 0xF779, 0x18E8, 0x18E8, 0x0885, 0x0022,
        0x1909, 0x1909, 0x1909, 0x1909, 0x0022, 0x0885, 0x0885, 0x18E8, 0xF779, 0xFFFD, 0xFFFD, 0xF779, 0xF779, 0x18E8, 0x0885, 0x0885,
        0x0044, 0x0044, 0x0044, 0x0044, 0x0044, 0x0885, 0x0885, 0x18E8, 0xF779, 0xF779, 0xF779, 0xCE33, 0xF779, 0x18E8, 0x0885, 0x0885,
        0x0044, 0x0044, 0x0044, 0x0044, 0x0044, 0x0885, 0x0885, 0x18E8, 0xF779, 0xF779, 0xCE33, 0xCE33, 0xF779, 0x18E8, 0x0885, 0x0885,
        0x0044, 0x0044, 0xEF9F, 0x0044, 0x0044, 0x0044, 0x0885, 0x18E8, 0x18E8, 0xF779, 0xF779, 0xF779, 0x18E8, 0x18E8, 0x0885, 0x0044,
        0x0044, 0x0044, 0x0044, 0x0001, 0x0044, 0x0044, 0x1909, 0x1909, 0x1909, 0x1909, 0x1909, 0x18E8, 0x18E8, 0x0885, 0x0885, 0x0044,
        0x0044, 0x0044, 0x0001, 0x0001, 0x29AD, 0x0044, 0x0044, 0x0885, 0x0885, 0x0885, 0x0885, 0x0885, 0x0885, 0x0885, 0x0044, 0x0044,
        0x3A2F, 0x10E9, 0x10E9, 0x0001, 0x3230, 0x3230, 0x10E9, 0x10E9, 0x10E9, 0x0885, 0x0885, 0x1909, 0x1909, 0x1909, 0x10E9, 0x10E9,
        0x10E9, 0x10E9, 0x3230, 0x3230, 0x0886, 0x0886, 0x3230, 0x3230, 0x10E9, 0x10E9, 0x10E9, 0x10E9, 0x10E9, 0x10E9, 0x10E9, 0x10E9,
        0x10E9, 0x3230, 0x0886, 0x0886, 0x0886, 0x0886, 0x0886, 0x0886, 0x3230, 0x194B, 0x194B, 0x194B, 0x10E9, 0x10E9, 0x10E9, 0x10E9,
        0x3230, 0x0886, 0x0886, 0x0886, 0x0886, 0x0886, 0x194B, 0x194B, 0x194B, 0x0022, 0x0022, 0x0022, 0x194B, 0x194B, 0x10E9, 0x10E9,
        0x0886, 0x0886, 0x0886, 0x0886, 0x194B, 0x194B, 0x0022, 0x0022, 0x0022, 0x0022, 0x0022, 0x0022, 0x0022, 0x0022, 0x194B, 0x10E9,
        0x0886, 0x0886, 0x194B, 0x194B, 0x0022, 0x0022, 0x0022, 0x0022, 0x0022, 0x0022, 0x0022, 0x0022, 0x0022, 0x0022, 0x0022, 0x194B,
        0x194B, 0x194B, 0x0022, 0x0022, 0x0022, 0x0022, 0x0022, 0x0022, 0x0022, 0x0022, 0x0022, 0x0022, 0x0022, 0x0022, 0x0022, 0x0022,
    },
    {
        0x0022, 0x0022, 0x0022, 0x0022, 0x0022, 0x0022, 0x0022, 0xEF9F, 0x0885, 0x0885, 0x0885, 0x0885, 0x0885, 0x0885, 0x0022, 0x0022,
        0x0022, 0x3A2F, 0x0022, 0x0022, 0x0022, 0x0022, 0x0885, 0x0885, 0x18E8, 0x18E8, 0x18E8, 0x18E8, 0x18E8, 0x0885, 0x8CF9, 0x0022,
        0x0022, 0x0022, 0x0022, 0x0022, 0x0022, 0x3A2F, 0x0885, 0x18E8, 0x18E8, 0xF779, 0xF779, 0xF779, 0x18E8, 0x18E8, 0x0885, 0x0022,
        0x0022, 0x1909, 0x1909, 0x1909, 0x1909, 0x0885, 0x0885, 0x18E8, 0xF779, 0xFFFD, 0xFFFD, 0xF779, 0xF779, 0x18E8, 0x0885, 0x0885,
        0x0044, 0x0044, 0x0044, 0x0044, 0x0044, 0x0885, 0x0885, 0x18E8, 0xF779, 0xF779, 0xF779, 0xCE33, 0xF779, 0x18E8, 0x0885, 0x0885,
        0x0044, 0x0044, 0x0044, 0x0044, 0x0044, 0x0885, 0x0885, 0x18E8, 0xF779, 0xF779, 0xCE33, 0xCE33, 0xF779, 0x18E8, 0x0885, 0x0885,
        0x0044, 0x0044, 0xEF9F, 0x0044, 0x0044, 0x0044, 0x0885, 0x18E8, 0x18E8, 0xF779, 0xF779, 0xF779, 0x18E8, 0x18E8, 0x0885, 0x0044,
        0x0044, 0x0044, 0x0044, 0x0001, 0x0044, 0x0044, 0x0885, 0x1909, 0x1909, 0x1909, 0x1909, 0x1909, 0x18E8, 0x0885, 0x0885, 0x0044,
        0x0044, 0x0044, 0x0001, 0x0001, 0x29AD, 0x0044, 0x0044, 0x0885, 0x0885, 0x0885, 0x0885, 0x0885, 0x0885, 0x0885, 0x0044, 0x0044,
        0x3A2F, 0x10E9, 0x10E9, 0x0001, 0x3230, 0x3230, 0x10E9, 0x10E9, 0x10E9, 0x0885, 0x0885, 0x0885, 0x1909, 0x1909, 0x1909, 0x10E9,
        0x10E9, 0x10E9, 0x3230, 0x3230, 0x0886, 0x0886, 0x3230, 0x3230, 0x10E9, 0x10E9, 0x10E9, 0x10E9, 0x10E9, 0x10E9, 0x10E9, 0x10E9,
        0x10E9, 0x3230, 0x0886, 0x0886, 0x0886, 0x0886, 0x0886, 0x0886, 0x3230, 0x194B, 0x194B, 0x194B, 0x10E9, 0x10E9, 0x10E9, 0x10E9,
        0x3230, 0x0886, 0x0886, 0x0886, 0x0886, 0x0886, 0x194B, 0x194B, 0x194B, 0x0022, 0x0022, 0x0022, 0x194B, 0x194B, 0x10E9, 0x10E9,
        0x0886, 0x0886, 0x0886, 0x0886, 0x194B, 0x194B, 0x0022, 0x0022, 0x0022, 0x0022, 0x0022, 0x0022, 0x0022, 0x0022, 0x194B, 0x10E9,
        0x0886, 0x0886, 0x194B, 0x194B, 0x0022, 0x0022, 0x0022, 0x0022, 0x0022, 0x0022, 0x0022, 0x0022, 0x0022, 0x0022, 0x0022, 0x194B,
        0x194B, 0x194B, 0x0022, 0x0022, 0x0022, 0x0022, 0x0022, 0x0022, 0x0022, 0x0022, 0x0022, 0x0022, 0x0022, 0x0022, 0x0022, 0x0022,
    },
    {
        0x0022, 0x0022, 0x0022, 0x0022, 0x0022, 0x0022, 0x0022, 0xEF9F, 0x0885, 0x0885, 0x0885, 0x0885, 0x0885, 0x0885, 0x0022, 0x0022,
        0x0022, 0x3A2F, 0x0022, 0x0022, 0x0022, 0x0022, 0x0885, 0x0885, 0x18E8, 0x18E8, 0x18E8, 0x18E8, 0x18E8, 0x0885, 0xEF9F, 0x0022,
        0x0022, 0x0022, 0x0022, 0x0022, 0x0022, 0x3A2F, 0x0885, 0x18E8, 0x18E8, 0xF779, 0xF779, 0xF779, 0x18E8, 0x18E8, 0x0885, 0x0022,
        0x0022, 0x1909, 0x1909, 0x1909, 0x1909, 0x0885, 0x0885, 0x18E8, 0xF779, 0xFFFD, 0xFFFD, 0xF779, 0xF779, 0x18E8, 0x0885, 0x0885,
        0x0044, 0x0044, 0x0044, 0x0044, 0x0044, 0x0885, 0x0885, 0x18E8, 0xF779, 0xF779, 0xF779, 0xCE33, 0xF779, 0x18E8, 0x0885, 0x0885,
        0x0044, 0x0044, 0x0044, 0x0044, 0x0044, 0x0885, 0x0885, 0x18E8, 0xF779, 0xF779, 0xCE33, 0xCE33, 0xF779, 0x18E8, 0x0885, 0x0885,
        0x0044, 0x0044, 0xEF9F, 0x0044, 0x0044, 0x0044, 0x0885, 0x18E8, 0x18E8, 0xF779, 0xF779, 0xF779, 0x18E8, 0x18E8, 0x0885, 0x0044,
        0x0044, 0x0044, 0x0044, 0x0001, 0x0044, 0x0044, 0x0885, 0x1909, 0x1909, 0x1909, 0x1909, 0x1909, 0x18E8, 0x0885, 0x0885, 0x0044,
        0x0044, 0x0044, 0x0001, 0x0001, 0x29AD, 0x0044, 0x0044, 0x0885, 0x0885, 0x0885, 0x0885, 0x0885, 0x0885, 0x0885, 0x0044, 0x0044,
        0x8CF9, 0x10E9, 0x10E9, 0x0001, 0x3230, 0x3230, 0x10E9, 0x10E9, 0x10E9, 0x0885, 0x0885, 0x0885, 0x1909, 0x1909, 0x1909, 0x10E9,
        0x10E9, 0x10E9, 0x3230, 0x3230, 0x0886, 0x0886, 0x3230, 0x3230, 0x10E9, 0x10E9, 0x10E9, 0x10E9, 0x10E9, 0x10E9, 0x10E9, 0x10E9,
        0x10E9, 0x3230, 0x0886, 0x0886, 0x0886, 0x0886, 0x0886, 0x0886, 0x3230, 0x194B, 0x194B, 0x194B, 0x10E9, 0x10E9, 0x10E9, 0x10E9,
        0x3230, 0x0886, 0x0886, 0x0886, 0x0886, 0x0886, 0x194B, 0x194B, 0x194B, 0x0022, 0x0022, 0x0022, 0x194B, 0x194B, 0x10E9, 0x10E9,
        0x0886, 0x0886, 0x0886, 0x0886, 0x194B, 0x194B, 0x0022, 0x0022, 0x0022, 0x0022, 0x0022, 0x0022, 0x0022, 0x0022, 0x194B, 0x10E9,
        0x0886, 0x0886, 0x194B, 0x194B, 0x0022, 0x0022, 0x0022, 0x0022, 0x0022, 0x0022, 0x0022, 0x0022, 0x0022, 0x0022, 0x0022, 0x194B,
        0x194B, 0x194B, 0x0022, 0x0022, 0x0022, 0x0022, 0x0022, 0x0022, 0x0022, 0x0022, 0x0022, 0x0022, 0x0022, 0x0022, 0x0022, 0x0022,
    },
};
