// 16x16 LED-matrix animation, 231 frames at 90 ms.
// Row-major, top-left origin. Generated -- do not edit by hand.
#pragma once
#include <stdint.h>

#define NAME16_ANIM_W 16
#define NAME16_ANIM_H 16
#define NAME16_ANIM_FRAMES 231
#define NAME16_ANIM_DELAY_MS 90

// RGB888 array omitted: 231 frames. Play from the RGB565 copy.

static const uint16_t name16_anim_rgb565[231][256] = {
    {
        0x9EDE, 0x9EDE, 0x9EDE, 0x9EDE, 0x9EDE, 0x9EDE, 0x9EDE, 0x9EDE, 0x9EDE, 0x9EDE, 0x9EDE, 0x9EDE, 0x9EDE, 0x9EDE, 0x9EDE, 0x9EDE,
        0x9EDE, 0x9EDE, 0x9EDE, 0x9EDE, 0x9EDE, 0x9EDE, 0x9EDE, 0x9EDE, 0x9EDE, 0x9EDE, 0x9EDE, 0x9EDE, 0x9EDE, 0x9EDE, 0x9EDE, 0x9EDE,
        0x9EDE, 0x9EDE, 0x9EDE, 0x9EDE, 0x9EDE, 0x9EDE, 0x9EDE, 0x9EDE, 0x9EDE, 0x9EDE, 0x9EDE, 0x9EDE, 0x9EDE, 0x9EDE, 0x9EDE, 0x9EDE,
        0xFB16, 0xFB16, 0xFB16, 0xFB16, 0xFB16, 0xFB16, 0xFB16, 0xFB16, 0x9EDE, 0xFB16, 0xFB16, 0x9EDE, 0x9EDE, 0x9EDE, 0x9EDE, 0xFB16,
        0xFB16, 0xFFFF, 0xFFFF, 0xFFFF, 0xFFFF, 0xFFFF, 0xFFFF, 0xFFFF, 0xC150, 0xFB16, 0xFFFF, 0xC150, 0x9EDE, 0x9EDE, 0x9EDE, 0xFB16,
        0x9EDE, 0xC150, 0xC150, 0xFB16, 0xFFFF, 0xC150, 0xC150, 0xC150, 0xC150, 0xFB16, 0xFFFF, 0xC150, 0x9EDE, 0x9EDE, 0x9EDE, 0xFB16,
        0x9EDE, 0x9EDE, 0x9EDE, 0xFB16, 0xFFFF, 0xC150, 0x9EDE, 0x9EDE, 0x9EDE, 0xFB16, 0xFFFF, 0xC150, 0x9EDE, 0x9EDE, 0x9EDE, 0xFB16,
        0x9EDE, 0x9EDE, 0x9EDE, 0xFB16, 0xFFFF, 0xC150, 0x9EDE, 0x9EDE, 0x9EDE, 0xFB16, 0xFFFF, 0xFB16, 0xFB16, 0xFB16, 0xFB16, 0xFFFF,
        0x9EDE, 0x9EDE, 0x9EDE, 0xFB16, 0xFFFF, 0xC150, 0x9EDE, 0x9EDE, 0x9EDE, 0xFB16, 0xFFFF, 0xFFFF, 0xFFFF, 0xFFFF, 0xFFFF, 0xFFFF,
        0x9EDE, 0x9EDE, 0x9EDE, 0xFB16, 0xFFFF, 0xC150, 0x9EDE, 0x9EDE, 0x9EDE, 0xFB16, 0xFFFF, 0xC150, 0xC150, 0xC150, 0xC150, 0xFB16,
        0x9EDE, 0x9EDE, 0x9EDE, 0xFB16, 0xFFFF, 0xC150, 0x9EDE, 0x9EDE, 0x9EDE, 0xFB16, 0xFFFF, 0xC150, 0x9EDE, 0x9EDE, 0x9EDE, 0xFB16,
        0x9EDE, 0x9EDE, 0x9EDE, 0xFB16, 0xFFFF, 0xC150, 0x9EDE, 0x9EDE, 0x9EDE, 0xFB16, 0xFFFF, 0xC150, 0x9EDE, 0x9EDE, 0x9EDE, 0xFB16,
        0x9EDE, 0x9EDE, 0x9EDE, 0xFB16, 0xFFFF, 0xC150, 0x9EDE, 0x9EDE, 0x9EDE, 0xFB16, 0xFFFF, 0xC150, 0x9EDE, 0x9EDE, 0x9EDE, 0xFB16,
        0x9EDE, 0x9EDE, 0x9EDE, 0x9EDE, 0xC150, 0xC150, 0x9EDE, 0x9EDE, 0x9EDE, 0x9EDE, 0xC150, 0xC150, 0x9EDE, 0x9EDE, 0x9EDE, 0x9EDE,
        0x9EDE, 0x9EDE, 0x9EDE, 0x9EDE, 0x9EDE, 0x9EDE, 0x9EDE, 0x9EDE, 0x9EDE, 0x9EDE, 0x9EDE, 0x9EDE, 0x9EDE, 0x9EDE, 0x9EDE, 0x9EDE,
        0x9EDE, 0x9EDE, 0x9EDE, 0x9EDE, 0x9EDE, 0x9EDE, 0x9EDE, 0x9EDE, 0x9EDE, 0x9EDE, 0x9EDE, 0x9EDE, 0x9EDE, 0x9EDE, 0x9EDE, 0x9EDE,
    },
    {
        0x9EDE, 0x9EDE, 0x9EDE, 0x9EDE, 0x9EDE, 0x9EDE, 0x9EDE, 0x9EDE, 0x9EDE, 0x9EDE, 0x9EDE, 0x9EDE, 0x9EDE, 0x9EDE, 0x9EDE, 0x9EDE,
        0x9EDE, 0x9EDE, 0x9EDE, 0x9EDE, 0x9EDE, 0x9EDE, 0x9EDE, 0x9EDE, 0x9EDE, 0x9EDE, 0x9EDE, 0x9EDE, 0x9EDE, 0x9EDE, 0x9EDE, 0x9EDE,
        0x9EDE, 0x9EDE, 0x9EDE, 0x9EDE, 0x9EDE, 0x9EDE, 0x9EDE, 0x9EDE, 0x9EDE, 0x9EDE, 0x9EDE, 0x9EDE, 0x9EDE, 0x9EDE, 0x9EDE, 0x9EDE,
        0xFB16, 0xFB16, 0xFB16, 0xFB16, 0xFB16, 0xFB16, 0xFB16, 0x9EDE, 0xFB16, 0xFB16, 0x9EDE, 0x9EDE, 0x9EDE, 0x9EDE, 0xFB16, 0xFB16,
        0xFFFF, 0xFFFF, 0xFFFF, 0xFFFF, 0xFFFF, 0xFFFF, 0xFFFF, 0xC150, 0xFB16, 0xFFFF, 0xC150, 0x9EDE, 0x9EDE, 0x9EDE, 0xFB16, 0xFFFF,
        0xC150, 0xC150, 0xFB16, 0xFFFF, 0xC150, 0xC150, 0xC150, 0xC150, 0xFB16, 0xFFFF, 0xC150, 0x9EDE, 0x9EDE, 0x9EDE, 0xFB16, 0xFFFF,
        0x9EDE, 0x9EDE, 0xFB16, 0xFFFF, 0xC150, 0x9EDE, 0x9EDE, 0x9EDE, 0xFB16, 0xFFFF, 0xC150, 0x9EDE, 0x9EDE, 0x9EDE, 0xFB16, 0xFFFF,
        0x9EDE, 0x9EDE, 0xFB16, 0xFFFF, 0xC150, 0x9EDE, 0x9EDE, 0x9EDE, 0xFB16, 0xFFFF, 0xFB16, 0xFB16, 0xFB16, 0xFB16, 0xFFFF, 0xFFFF,
        0x9EDE, 0x9EDE, 0xFB16, 0xFFFF, 0xC150, 0x9EDE, 0x9EDE, 0x9EDE, 0xFB16, 0xFFFF, 0xFFFF, 0xFFFF, 0xFFFF, 0xFFFF, 0xFFFF, 0xFFFF,
        0x9EDE, 0x9EDE, 0xFB16, 0xFFFF, 0xC150, 0x9EDE, 0x9EDE, 0x9EDE, 0xFB16, 0xFFFF, 0xC150, 0xC150, 0xC150, 0xC150, 0xFB16, 0xFFFF,
        0x9EDE, 0x9EDE, 0xFB16, 0xFFFF, 0xC150, 0x9EDE, 0x9EDE, 0x9EDE, 0xFB16, 0xFFFF, 0xC150, 0x9EDE, 0x9EDE, 0x9EDE, 0xFB16, 0xFFFF,
        0x9EDE, 0x9EDE, 0xFB16, 0xFFFF, 0xC150, 0x9EDE, 0x9EDE, 0x9EDE, 0xFB16, 0xFFFF, 0xC150, 0x9EDE, 0x9EDE, 0x9EDE, 0xFB16, 0xFFFF,
        0x9EDE, 0x9EDE, 0xFB16, 0xFFFF, 0xC150, 0x9EDE, 0x9EDE, 0x9EDE, 0xFB16, 0xFFFF, 0xC150, 0x9EDE, 0x9EDE, 0x9EDE, 0xFB16, 0xFFFF,
        0x9EDE, 0x9EDE, 0x9EDE, 0xC150, 0xC150, 0x9EDE, 0x9EDE, 0x9EDE, 0x9EDE, 0xC150, 0xC150, 0x9EDE, 0x9EDE, 0x9EDE, 0x9EDE, 0xC150,
        0x9EDE, 0x9EDE, 0x9EDE, 0x9EDE, 0x9EDE, 0x9EDE, 0x9EDE, 0x9EDE, 0x9EDE, 0x9EDE, 0x9EDE, 0x9EDE, 0x9EDE, 0x9EDE, 0x9EDE, 0x9EDE,
        0x9EDE, 0x9EDE, 0x9EDE, 0x9EDE, 0x9EDE, 0x9EDE, 0x9EDE, 0x9EDE, 0x9EDE, 0x9EDE, 0x9EDE, 0x9EDE, 0x9EDE, 0x9EDE, 0x9EDE, 0x9EDE,
    },
    {
        0x9EDE, 0x9EDE, 0x9EDE, 0x9EDE, 0x9EDE, 0x9EDE, 0x9EDE, 0x9EDE, 0x9EDE, 0x9EDE, 0x9EDE, 0x9EDE, 0x9EDE, 0x9EDE, 0x9EDE, 0x9EDE,
        0x9EDE, 0x9EDE, 0x9EDE, 0x9EDE, 0x9EDE, 0x9EDE, 0x9EDE, 0x9EDE, 0x9EDE, 0x9EDE, 0x9EDE, 0x9EDE, 0x9EDE, 0x9EDE, 0x9EDE, 0x9EDE,
        0x9EDE, 0x9EDE, 0x9EDE, 0x9EDE, 0x9EDE, 0x9EDE, 0x9EDE, 0x9EDE, 0x9EDE, 0x9EDE, 0x9EDE, 0x9EDE, 0x9EDE, 0x9EDE, 0x9EDE, 0x9EDE,
        0xFB16, 0xFB16, 0xFB16, 0xFB16, 0xFB16, 0xFB16, 0x9EDE, 0xFB16, 0xFB16, 0x9EDE, 0x9EDE, 0x9EDE, 0x9EDE, 0xFB16, 0xFB16, 0x9EDE,
        0xFFFF, 0xFFFF, 0xFFFF, 0xFFFF, 0xFFFF, 0xFFFF, 0xC150, 0xFB16, 0xFFFF, 0xC150, 0x9EDE, 0x9EDE, 0x9EDE, 0xFB16, 0xFFFF, 0xC150,
        0xC150, 0xFB16, 0xFFFF, 0xC150, 0xC150, 0xC150, 0xC150, 0xFB16, 0xFFFF, 0xC150, 0x9EDE, 0x9EDE, 0x9EDE, 0xFB16, 0xFFFF, 0xC150,
        0x9EDE, 0xFB16, 0xFFFF, 0xC150, 0x9EDE, 0x9EDE, 0x9EDE, 0xFB16, 0xFFFF, 0xC150, 0x9EDE, 0x9EDE, 0x9EDE, 0xFB16, 0xFFFF, 0xC150,
        0x9EDE, 0xFB16, 0xFFFF, 0xC150, 0x9EDE, 0x9EDE, 0x9EDE, 0xFB16, 0xFFFF, 0xFB16, 0xFB16, 0xFB16, 0xFB16, 0xFFFF, 0xFFFF, 0xC150,
        0x9EDE, 0xFB16, 0xFFFF, 0xC150, 0x9EDE, 0x9EDE, 0x9EDE, 0xFB16, 0xFFFF, 0xFFFF, 0xFFFF, 0xFFFF, 0xFFFF, 0xFFFF, 0xFFFF, 0xC150,
        0x9EDE, 0xFB16, 0xFFFF, 0xC150, 0x9EDE, 0x9EDE, 0x9EDE, 0xFB16, 0xFFFF, 0xC150, 0xC150, 0xC150, 0xC150, 0xFB16, 0xFFFF, 0xC150,
        0x9EDE, 0xFB16, 0xFFFF, 0xC150, 0x9EDE, 0x9EDE, 0x9EDE, 0xFB16, 0xFFFF, 0xC150, 0x9EDE, 0x9EDE, 0x9EDE, 0xFB16, 0xFFFF, 0xC150,
        0x9EDE, 0xFB16, 0xFFFF, 0xC150, 0x9EDE, 0x9EDE, 0x9EDE, 0xFB16, 0xFFFF, 0xC150, 0x9EDE, 0x9EDE, 0x9EDE, 0xFB16, 0xFFFF, 0xC150,
        0x9EDE, 0xFB16, 0xFFFF, 0xC150, 0x9EDE, 0x9EDE, 0x9EDE, 0xFB16, 0xFFFF, 0xC150, 0x9EDE, 0x9EDE, 0x9EDE, 0xFB16, 0xFFFF, 0xC150,
        0x9EDE, 0x9EDE, 0xC150, 0xC150, 0x9EDE, 0x9EDE, 0x9EDE, 0x9EDE, 0xC150, 0xC150, 0x9EDE, 0x9EDE, 0x9EDE, 0x9EDE, 0xC150, 0xC150,
        0x9EDE, 0x9EDE, 0x9EDE, 0x9EDE, 0x9EDE, 0x9EDE, 0x9EDE, 0x9EDE, 0x9EDE, 0x9EDE, 0x9EDE, 0x9EDE, 0x9EDE, 0x9EDE, 0x9EDE, 0x9EDE,
        0x9EDE, 0x9EDE, 0x9EDE, 0x9EDE, 0x9EDE, 0x9EDE, 0x9EDE, 0x9EDE, 0x9EDE, 0x9EDE, 0x9EDE, 0x9EDE, 0x9EDE, 0x9EDE, 0x9EDE, 0x9EDE,
    },
    {
        0x9EDE, 0x9EDE, 0x9EDE, 0x9EDE, 0x9EDE, 0x9EDE, 0x9EDE, 0x9EDE, 0x9EDE, 0x9EDE, 0x9EDE, 0x9EDE, 0x9EDE, 0x9EDE, 0x9EDE, 0x9EDE,
        0x9EDE, 0x9EDE, 0x9EDE, 0x9EDE, 0x9EDE, 0x9EDE, 0x9EDE, 0x9EDE, 0x9EDE, 0x9EDE, 0x9EDE, 0x9EDE, 0x9EDE, 0x9EDE, 0x9EDE, 0x9EDE,
        0x9EDE, 0x9EDE, 0x9EDE, 0x9EDE, 0x9EDE, 0x9EDE, 0x9EDE, 0x9EDE, 0x9EDE, 0x9EDE, 0x9EDE, 0x9EDE, 0x9EDE, 0x9EDE, 0x9EDE, 0x9EDE,
        0xFB16, 0xFB16, 0xFB16, 0xFB16, 0xFB16, 0x9EDE, 0xFB16, 0xFB16, 0x9EDE, 0x9EDE, 0x9EDE, 0x9EDE, 0xFB16, 0xFB16, 0x9EDE, 0xFB16,
        0xFFFF, 0xFFFF, 0xFFFF, 0xFFFF, 0xFFFF, 0xC150, 0xFB16, 0xFFFF, 0xC150, 0x9EDE, 0x9EDE, 0x9EDE, 0xFB16, 0xFFFF, 0xC150, 0xFB16,
        0xFB16, 0xFFFF, 0xC150, 0xC150, 0xC150, 0xC150, 0xFB16, 0xFFFF, 0xC150, 0x9EDE, 0x9EDE, 0x9EDE, 0xFB16, 0xFFFF, 0xC150, 0xFB16,
        0xFB16, 0xFFFF, 0xC150, 0x9EDE, 0x9EDE, 0x9EDE, 0xFB16, 0xFFFF, 0xC150, 0x9EDE, 0x9EDE, 0x9EDE, 0xFB16, 0xFFFF, 0xC150, 0xFB16,
        0xFB16, 0xFFFF, 0xC150, 0x9EDE, 0x9EDE, 0x9EDE, 0xFB16, 0xFFFF, 0xFB16, 0xFB16, 0xFB16, 0xFB16, 0xFFFF, 0xFFFF, 0xC150, 0xFB16,
        0xFB16, 0xFFFF, 0xC150, 0x9EDE, 0x9EDE, 0x9EDE, 0xFB16, 0xFFFF, 0xFFFF, 0xFFFF, 0xFFFF, 0xFFFF, 0xFFFF, 0xFFFF, 0xC150, 0xFB16,
        0xFB16, 0xFFFF, 0xC150, 0x9EDE, 0x9EDE, 0x9EDE, 0xFB16, 0xFFFF, 0xC150, 0xC150, 0xC150, 0xC150, 0xFB16, 0xFFFF, 0xC150, 0xFB16,
        0xFB16, 0xFFFF, 0xC150, 0x9EDE, 0x9EDE, 0x9EDE, 0xFB16, 0xFFFF, 0xC150, 0x9EDE, 0x9EDE, 0x9EDE, 0xFB16, 0xFFFF, 0xC150, 0xFB16,
        0xFB16, 0xFFFF, 0xC150, 0x9EDE, 0x9EDE, 0x9EDE, 0xFB16, 0xFFFF, 0xC150, 0x9EDE, 0x9EDE, 0x9EDE, 0xFB16, 0xFFFF, 0xC150, 0xFB16,
        0xFB16, 0xFFFF, 0xC150, 0x9EDE, 0x9EDE, 0x9EDE, 0xFB16, 0xFFFF, 0xC150, 0x9EDE, 0x9EDE, 0x9EDE, 0xFB16, 0xFFFF, 0xC150, 0xFB16,
        0x9EDE, 0xC150, 0xC150, 0x9EDE, 0x9EDE, 0x9EDE, 0x9EDE, 0xC150, 0xC150, 0x9EDE, 0x9EDE, 0x9EDE, 0x9EDE, 0xC150, 0xC150, 0x9EDE,
        0x9EDE, 0x9EDE, 0x9EDE, 0x9EDE, 0x9EDE, 0x9EDE, 0x9EDE, 0x9EDE, 0x9EDE, 0x9EDE, 0x9EDE, 0x9EDE, 0x9EDE, 0x9EDE, 0x9EDE, 0x9EDE,
        0x9EDE, 0x9EDE, 0x9EDE, 0x9EDE, 0x9EDE, 0x9EDE, 0x9EDE, 0x9EDE, 0x9EDE, 0x9EDE, 0x9EDE, 0x9EDE, 0x9EDE, 0x9EDE, 0x9EDE, 0x9EDE,
    },
    {
        0x9EDE, 0x9EDE, 0x9EDE, 0x9EDE, 0x9EDE, 0x9EDE, 0x9EDE, 0x9EDE, 0x9EDE, 0x9EDE, 0x9EDE, 0x9EDE, 0x9EDE, 0x9EDE, 0x9EDE, 0x9EDE,
        0x9EDE, 0x9EDE, 0x9EDE, 0x9EDE, 0x9EDE, 0x9EDE, 0x9EDE, 0x9EDE, 0x9EDE, 0x9EDE, 0x9EDE, 0x9EDE, 0x9EDE, 0x9EDE, 0x9EDE, 0x9EDE,
        0x9EDE, 0x9EDE, 0x9EDE, 0x9EDE, 0x9EDE, 0x9EDE, 0x9EDE, 0x9EDE, 0x9EDE, 0x9EDE, 0x9EDE, 0x9EDE, 0x9EDE, 0x9EDE, 0x9EDE, 0x9EDE,
        0xFB16, 0xFB16, 0xFB16, 0xFB16, 0x9EDE, 0xFB16, 0xFB16, 0x9EDE, 0x9EDE, 0x9EDE, 0x9EDE, 0xFB16, 0xFB16, 0x9EDE, 0xFB16, 0xFB16,
        0xFFFF, 0xFFFF, 0xFFFF, 0xFFFF, 0xC150, 0xFB16, 0xFFFF, 0xC150, 0x9EDE, 0x9EDE, 0x9EDE, 0xFB16, 0xFFFF, 0xC150, 0xFB16, 0xFFFF,
        0xFFFF, 0xC150, 0xC150, 0xC150, 0xC150, 0xFB16, 0xFFFF, 0xC150, 0x9EDE, 0x9EDE, 0x9EDE, 0xFB16, 0xFFFF, 0xC150, 0xFB16, 0xFFFF,
        0xFFFF, 0xC150, 0x9EDE, 0x9EDE, 0x9EDE, 0xFB16, 0xFFFF, 0xC150, 0x9EDE, 0x9EDE, 0x9EDE, 0xFB16, 0xFFFF, 0xC150, 0xFB16, 0xFFFF,
        0xFFFF, 0xC150, 0x9EDE, 0x9EDE, 0x9EDE, 0xFB16, 0xFFFF, 0xFB16, 0xFB16, 0xFB16, 0xFB16, 0xFFFF, 0xFFFF, 0xC150, 0xFB16, 0xFFFF,
        0xFFFF, 0xC150, 0x9EDE, 0x9EDE, 0x9EDE, 0xFB16, 0xFFFF, 0xFFFF, 0xFFFF, 0xFFFF, 0xFFFF, 0xFFFF, 0xFFFF, 0xC150, 0xFB16, 0xFFFF,
        0xFFFF, 0xC150, 0x9EDE, 0x9EDE, 0x9EDE, 0xFB16, 0xFFFF, 0xC150, 0xC150, 0xC150, 0xC150, 0xFB16, 0xFFFF, 0xC150, 0xFB16, 0xFFFF,
        0xFFFF, 0xC150, 0x9EDE, 0x9EDE, 0x9EDE, 0xFB16, 0xFFFF, 0xC150, 0x9EDE, 0x9EDE, 0x9EDE, 0xFB16, 0xFFFF, 0xC150, 0xFB16, 0xFFFF,
        0xFFFF, 0xC150, 0x9EDE, 0x9EDE, 0x9EDE, 0xFB16, 0xFFFF, 0xC150, 0x9EDE, 0x9EDE, 0x9EDE, 0xFB16, 0xFFFF, 0xC150, 0xFB16, 0xFFFF,
        0xFFFF, 0xC150, 0x9EDE, 0x9EDE, 0x9EDE, 0xFB16, 0xFFFF, 0xC150, 0x9EDE, 0x9EDE, 0x9EDE, 0xFB16, 0xFFFF, 0xC150, 0xFB16, 0xFFFF,
        0xC150, 0xC150, 0x9EDE, 0x9EDE, 0x9EDE, 0x9EDE, 0xC150, 0xC150, 0x9EDE, 0x9EDE, 0x9EDE, 0x9EDE, 0xC150, 0xC150, 0x9EDE, 0xC150,
        0x9EDE, 0x9EDE, 0x9EDE, 0x9EDE, 0x9EDE, 0x9EDE, 0x9EDE, 0x9EDE, 0x9EDE, 0x9EDE, 0x9EDE, 0x9EDE, 0x9EDE, 0x9EDE, 0x9EDE, 0x9EDE,
        0x9EDE, 0x9EDE, 0x9EDE, 0x9EDE, 0x9EDE, 0x9EDE, 0x9EDE, 0x9EDE, 0x9EDE, 0x9EDE, 0x9EDE, 0x9EDE, 0x9EDE, 0x9EDE, 0x9EDE, 0x9EDE,
    },
    {
        0x9EDE, 0x9EDE, 0x9EDE, 0x9EDE, 0x9EDE, 0x9EDE, 0x9EDE, 0x9EDE, 0x9EDE, 0x9EDE, 0x9EDE, 0x9EDE, 0x9EDE, 0x9EDE, 0x9EDE, 0x9EDE,
        0x9EDE, 0x9EDE, 0x9EDE, 0x9EDE, 0x9EDE, 0x9EDE, 0x9EDE, 0x9EDE, 0x9EDE, 0x9EDE, 0x9EDE, 0x9EDE, 0x9EDE, 0x9EDE, 0x9EDE, 0x9EDE,
        0x9EDE, 0x9EDE, 0x9EDE, 0x9EDE, 0x9EDE, 0x9EDE, 0x9EDE, 0x9EDE, 0x9EDE, 0x9EDE, 0x9EDE, 0x9EDE, 0x9EDE, 0x9EDE, 0x9EDE, 0x9EDE,
        0xFB16, 0xFB16, 0xFB16, 0x9EDE, 0xFB16, 0xFB16, 0x9EDE, 0x9EDE, 0x9EDE, 0x9EDE, 0xFB16, 0xFB16, 0x9EDE, 0xFB16, 0xFB16, 0xFB16,
        0xFFFF, 0xFFFF, 0xFFFF, 0xC150, 0xFB16, 0xFFFF, 0xC150, 0x9EDE, 0x9EDE, 0x9EDE, 0xFB16, 0xFFFF, 0xC150, 0xFB16, 0xFFFF, 0xFFFF,
        0xC150, 0xC150, 0xC150, 0xC150, 0xFB16, 0xFFFF, 0xC150, 0x9EDE, 0x9EDE, 0x9EDE, 0xFB16, 0xFFFF, 0xC150, 0xFB16, 0xFFFF, 0xC150,
        0xC150, 0x9EDE, 0x9EDE, 0x9EDE, 0xFB16, 0xFFFF, 0xC150, 0x9EDE, 0x9EDE, 0x9EDE, 0xFB16, 0xFFFF, 0xC150, 0xFB16, 0xFFFF, 0xC150,
        0xC150, 0x9EDE, 0x9EDE, 0x9EDE, 0xFB16, 0xFFFF, 0xFB16, 0xFB16, 0xFB16, 0xFB16, 0xFFFF, 0xFFFF, 0xC150, 0xFB16, 0xFFFF, 0xFB16,
        0xC150, 0x9EDE, 0x9EDE, 0x9EDE, 0xFB16, 0xFFFF, 0xFFFF, 0xFFFF, 0xFFFF, 0xFFFF, 0xFFFF, 0xFFFF, 0xC150, 0xFB16, 0xFFFF, 0xFFFF,
        0xC150, 0x9EDE, 0x9EDE, 0x9EDE, 0xFB16, 0xFFFF, 0xC150, 0xC150, 0xC150, 0xC150, 0xFB16, 0xFFFF, 0xC150, 0xFB16, 0xFFFF, 0xC150,
        0xC150, 0x9EDE, 0x9EDE, 0x9EDE, 0xFB16, 0xFFFF, 0xC150, 0x9EDE, 0x9EDE, 0x9EDE, 0xFB16, 0xFFFF, 0xC150, 0xFB16, 0xFFFF, 0xC150,
        0xC150, 0x9EDE, 0x9EDE, 0x9EDE, 0xFB16, 0xFFFF, 0xC150, 0x9EDE, 0x9EDE, 0x9EDE, 0xFB16, 0xFFFF, 0xC150, 0xFB16, 0xFFFF, 0xFB16,
        0xC150, 0x9EDE, 0x9EDE, 0x9EDE, 0xFB16, 0xFFFF, 0xC150, 0x9EDE, 0x9EDE, 0x9EDE, 0xFB16, 0xFFFF, 0xC150, 0xFB16, 0xFFFF, 0xFFFF,
        0xC150, 0x9EDE, 0x9EDE, 0x9EDE, 0x9EDE, 0xC150, 0xC150, 0x9EDE, 0x9EDE, 0x9EDE, 0x9EDE, 0xC150, 0xC150, 0x9EDE, 0xC150, 0xC150,
        0x9EDE, 0x9EDE, 0x9EDE, 0x9EDE, 0x9EDE, 0x9EDE, 0x9EDE, 0x9EDE, 0x9EDE, 0x9EDE, 0x9EDE, 0x9EDE, 0x9EDE, 0x9EDE, 0x9EDE, 0x9EDE,
        0x9EDE, 0x9EDE, 0x9EDE, 0x9EDE, 0x9EDE, 0x9EDE, 0x9EDE, 0x9EDE, 0x9EDE, 0x9EDE, 0x9EDE, 0x9EDE, 0x9EDE, 0x9EDE, 0x9EDE, 0x9EDE,
    },
    {
        0x9EDE, 0x9EDE, 0x9EDE, 0x9EDE, 0x9EDE, 0x9EDE, 0x9EDE, 0x9EDE, 0x9EDE, 0x9EDE, 0x9EDE, 0x9EDE, 0x9EDE, 0x9EDE, 0x9EDE, 0x9EDE,
        0x9EDE, 0x9EDE, 0x9EDE, 0x9EDE, 0x9EDE, 0x9EDE, 0x9EDE, 0x9EDE, 0x9EDE, 0x9EDE, 0x9EDE, 0x9EDE, 0x9EDE, 0x9EDE, 0x9EDE, 0x9EDE,
        0x9EDE, 0x9EDE, 0x9EDE, 0x9EDE, 0x9EDE, 0x9EDE, 0x9EDE, 0x9EDE, 0x9EDE, 0x9EDE, 0x9EDE, 0x9EDE, 0x9EDE, 0x9EDE, 0x9EDE, 0x9EDE,
        0xFB16, 0xFB16, 0x9EDE, 0xFB16, 0xFB16, 0x9EDE, 0x9EDE, 0x9EDE, 0x9EDE, 0xFB16, 0xFB16, 0x9EDE, 0xFB16, 0xFB16, 0xFB16, 0xFB16,
        0xFFFF, 0xFFFF, 0xC150, 0xFB16, 0xFFFF, 0xC150, 0x9EDE, 0x9EDE, 0x9EDE, 0xFB16, 0xFFFF, 0xC150, 0xFB16, 0xFFFF, 0xFFFF, 0xFFFF,
        0xC150, 0xC150, 0xC150, 0xFB16, 0xFFFF, 0xC150, 0x9EDE, 0x9EDE, 0x9EDE, 0xFB16, 0xFFFF, 0xC150, 0xFB16, 0xFFFF, 0xC150, 0xC150,
        0x9EDE, 0x9EDE, 0x9EDE, 0xFB16, 0xFFFF, 0xC150, 0x9EDE, 0x9EDE, 0x9EDE, 0xFB16, 0xFFFF, 0xC150, 0xFB16, 0xFFFF, 0xC150, 0x9EDE,
        0x9EDE, 0x9EDE, 0x9EDE, 0xFB16, 0xFFFF, 0xFB16, 0xFB16, 0xFB16, 0xFB16, 0xFFFF, 0xFFFF, 0xC150, 0xFB16, 0xFFFF, 0xFB16, 0xFB16,
        0x9EDE, 0x9EDE, 0x9EDE, 0xFB16, 0xFFFF, 0xFFFF, 0xFFFF, 0xFFFF, 0xFFFF, 0xFFFF, 0xFFFF, 0xC150, 0xFB16, 0xFFFF, 0xFFFF, 0xFFFF,
        0x9EDE, 0x9EDE, 0x9EDE, 0xFB16, 0xFFFF, 0xC150, 0xC150, 0xC150, 0xC150, 0xFB16, 0xFFFF, 0xC150, 0xFB16, 0xFFFF, 0xC150, 0xC150,
        0x9EDE, 0x9EDE, 0x9EDE, 0xFB16, 0xFFFF, 0xC150, 0x9EDE, 0x9EDE, 0x9EDE, 0xFB16, 0xFFFF, 0xC150, 0xFB16, 0xFFFF, 0xC150, 0x9EDE,
        0x9EDE, 0x9EDE, 0x9EDE, 0xFB16, 0xFFFF, 0xC150, 0x9EDE, 0x9EDE, 0x9EDE, 0xFB16, 0xFFFF, 0xC150, 0xFB16, 0xFFFF, 0xFB16, 0xFB16,
        0x9EDE, 0x9EDE, 0x9EDE, 0xFB16, 0xFFFF, 0xC150, 0x9EDE, 0x9EDE, 0x9EDE, 0xFB16, 0xFFFF, 0xC150, 0xFB16, 0xFFFF, 0xFFFF, 0xFFFF,
        0x9EDE, 0x9EDE, 0x9EDE, 0x9EDE, 0xC150, 0xC150, 0x9EDE, 0x9EDE, 0x9EDE, 0x9EDE, 0xC150, 0xC150, 0x9EDE, 0xC150, 0xC150, 0xC150,
        0x9EDE, 0x9EDE, 0x9EDE, 0x9EDE, 0x9EDE, 0x9EDE, 0x9EDE, 0x9EDE, 0x9EDE, 0x9EDE, 0x9EDE, 0x9EDE, 0x9EDE, 0x9EDE, 0x9EDE, 0x9EDE,
        0x9EDE, 0x9EDE, 0x9EDE, 0x9EDE, 0x9EDE, 0x9EDE, 0x9EDE, 0x9EDE, 0x9EDE, 0x9EDE, 0x9EDE, 0x9EDE, 0x9EDE, 0x9EDE, 0x9EDE, 0x9EDE,
    },
    {
        0x9EDE, 0x9EDE, 0x9EDE, 0x9EDE, 0x9EDE, 0x9EDE, 0x9EDE, 0x9EDE, 0x9EDE, 0x9EDE, 0x9EDE, 0x9EDE, 0x9EDE, 0x9EDE, 0x9EDE, 0x9EDE,
        0x9EDE, 0x9EDE, 0x9EDE, 0x9EDE, 0x9EDE, 0x9EDE, 0x9EDE, 0x9EDE, 0x9EDE, 0x9EDE, 0x9EDE, 0x9EDE, 0x9EDE, 0x9EDE, 0x9EDE, 0x9EDE,
        0x9EDE, 0x9EDE, 0x9EDE, 0x9EDE, 0x9EDE, 0x9EDE, 0x9EDE, 0x9EDE, 0x9EDE, 0x9EDE, 0x9EDE, 0x9EDE, 0x9EDE, 0x9EDE, 0x9EDE, 0x9EDE,
        0xFB16, 0x9EDE, 0xFB16, 0xFB16, 0x9EDE, 0x9EDE, 0x9EDE, 0x9EDE, 0xFB16, 0xFB16, 0x9EDE, 0xFB16, 0xFB16, 0xFB16, 0xFB16, 0xFB16,
        0xFFFF, 0xC150, 0xFB16, 0xFFFF, 0xC150, 0x9EDE, 0x9EDE, 0x9EDE, 0xFB16, 0xFFFF, 0xC150, 0xFB16, 0xFFFF, 0xFFFF, 0xFFFF, 0xFFFF,
        0xC150, 0xC150, 0xFB16, 0xFFFF, 0xC150, 0x9EDE, 0x9EDE, 0x9EDE, 0xFB16, 0xFFFF, 0xC150, 0xFB16, 0xFFFF, 0xC150, 0xC150, 0xC150,
        0x9EDE, 0x9EDE, 0xFB16, 0xFFFF, 0xC150, 0x9EDE, 0x9EDE, 0x9EDE, 0xFB16, 0xFFFF, 0xC150, 0xFB16, 0xFFFF, 0xC150, 0x9EDE, 0x9EDE,
        0x9EDE, 0x9EDE, 0xFB16, 0xFFFF, 0xFB16, 0xFB16, 0xFB16, 0xFB16, 0xFFFF, 0xFFFF, 0xC150, 0xFB16, 0xFFFF, 0xFB16, 0xFB16, 0xFB16,
        0x9EDE, 0x9EDE, 0xFB16, 0xFFFF, 0xFFFF, 0xFFFF, 0xFFFF, 0xFFFF, 0xFFFF, 0xFFFF, 0xC150, 0xFB16, 0xFFFF, 0xFFFF, 0xFFFF, 0xFFFF,
        0x9EDE, 0x9EDE, 0xFB16, 0xFFFF, 0xC150, 0xC150, 0xC150, 0xC150, 0xFB16, 0xFFFF, 0xC150, 0xFB16, 0xFFFF, 0xC150, 0xC150, 0xC150,
        0x9EDE, 0x9EDE, 0xFB16, 0xFFFF, 0xC150, 0x9EDE, 0x9EDE, 0x9EDE, 0xFB16, 0xFFFF, 0xC150, 0xFB16, 0xFFFF, 0xC150, 0x9EDE, 0x9EDE,
        0x9EDE, 0x9EDE, 0xFB16, 0xFFFF, 0xC150, 0x9EDE, 0x9EDE, 0x9EDE, 0xFB16, 0xFFFF, 0xC150, 0xFB16, 0xFFFF, 0xFB16, 0xFB16, 0xFB16,
        0x9EDE, 0x9EDE, 0xFB16, 0xFFFF, 0xC150, 0x9EDE, 0x9EDE, 0x9EDE, 0xFB16, 0xFFFF, 0xC150, 0xFB16, 0xFFFF, 0xFFFF, 0xFFFF, 0xFFFF,
        0x9EDE, 0x9EDE, 0x9EDE, 0xC150, 0xC150, 0x9EDE, 0x9EDE, 0x9EDE, 0x9EDE, 0xC150, 0xC150, 0x9EDE, 0xC150, 0xC150, 0xC150, 0xC150,
        0x9EDE, 0x9EDE, 0x9EDE, 0x9EDE, 0x9EDE, 0x9EDE, 0x9EDE, 0x9EDE, 0x9EDE, 0x9EDE, 0x9EDE, 0x9EDE, 0x9EDE, 0x9EDE, 0x9EDE, 0x9EDE,
        0x9EDE, 0x9EDE, 0x9EDE, 0x9EDE, 0x9EDE, 0x9EDE, 0x9EDE, 0x9EDE, 0x9EDE, 0x9EDE, 0x9EDE, 0x9EDE, 0x9EDE, 0x9EDE, 0x9EDE, 0x9EDE,
    },
    {
        0x9EDE, 0x9EDE, 0x9EDE, 0x9EDE, 0x9EDE, 0x9EDE, 0x9EDE, 0x9EDE, 0x9EDE, 0x9EDE, 0x9EDE, 0x9EDE, 0x9EDE, 0x9EDE, 0x9EDE, 0x9EDE,
        0x9EDE, 0x9EDE, 0x9EDE, 0x9EDE, 0x9EDE, 0x9EDE, 0x9EDE, 0x9EDE, 0x9EDE, 0x9EDE, 0x9EDE, 0x9EDE, 0x9EDE, 0x9EDE, 0x9EDE, 0x9EDE,
        0x9EDE, 0x9EDE, 0x9EDE, 0x9EDE, 0x9EDE, 0x9EDE, 0x9EDE, 0x9EDE, 0x9EDE, 0x9EDE, 0x9EDE, 0x9EDE, 0x9EDE, 0x9EDE, 0x9EDE, 0x9EDE,
        0x9EDE, 0xFB16, 0xFB16, 0x9EDE, 0x9EDE, 0x9EDE, 0x9EDE, 0xFB16, 0xFB16, 0x9EDE, 0xFB16, 0xFB16, 0xFB16, 0xFB16, 0xFB16, 0xFB16,
        0xC150, 0xFB16, 0xFFFF, 0xC150, 0x9EDE, 0x9EDE, 0x9EDE, 0xFB16, 0xFFFF, 0xC150, 0xFB16, 0xFFFF, 0xFFFF, 0xFFFF, 0xFFFF, 0xFFFF,
        0xC150, 0xFB16, 0xFFFF, 0xC150, 0x9EDE, 0x9EDE, 0x9EDE, 0xFB16, 0xFFFF, 0xC150, 0xFB16, 0xFFFF, 0xC150, 0xC150, 0xC150, 0xC150,
        0x9EDE, 0xFB16, 0xFFFF, 0xC150, 0x9EDE, 0x9EDE, 0x9EDE, 0xFB16, 0xFFFF, 0xC150, 0xFB16, 0xFFFF, 0xC150, 0x9EDE, 0x9EDE, 0x9EDE,
        0x9EDE, 0xFB16, 0xFFFF, 0xFB16, 0xFB16, 0xFB16, 0xFB16, 0xFFFF, 0xFFFF, 0xC150, 0xFB16, 0xFFFF, 0xFB16, 0xFB16, 0xFB16, 0xFB16,
        0x9EDE, 0xFB16, 0xFFFF, 0xFFFF, 0xFFFF, 0xFFFF, 0xFFFF, 0xFFFF, 0xFFFF, 0xC150, 0xFB16, 0xFFFF, 0xFFFF, 0xFFFF, 0xFFFF, 0xFFFF,
        0x9EDE, 0xFB16, 0xFFFF, 0xC150, 0xC150, 0xC150, 0xC150, 0xFB16, 0xFFFF, 0xC150, 0xFB16, 0xFFFF, 0xC150, 0xC150, 0xC150, 0xC150,
        0x9EDE, 0xFB16, 0xFFFF, 0xC150, 0x9EDE, 0x9EDE, 0x9EDE, 0xFB16, 0xFFFF, 0xC150, 0xFB16, 0xFFFF, 0xC150, 0x9EDE, 0x9EDE, 0x9EDE,
        0x9EDE, 0xFB16, 0xFFFF, 0xC150, 0x9EDE, 0x9EDE, 0x9EDE, 0xFB16, 0xFFFF, 0xC150, 0xFB16, 0xFFFF, 0xFB16, 0xFB16, 0xFB16, 0xFB16,
        0x9EDE, 0xFB16, 0xFFFF, 0xC150, 0x9EDE, 0x9EDE, 0x9EDE, 0xFB16, 0xFFFF, 0xC150, 0xFB16, 0xFFFF, 0xFFFF, 0xFFFF, 0xFFFF, 0xFFFF,
        0x9EDE, 0x9EDE, 0xC150, 0xC150, 0x9EDE, 0x9EDE, 0x9EDE, 0x9EDE, 0xC150, 0xC150, 0x9EDE, 0xC150, 0xC150, 0xC150, 0xC150, 0xC150,
        0x9EDE, 0x9EDE, 0x9EDE, 0x9EDE, 0x9EDE, 0x9EDE, 0x9EDE, 0x9EDE, 0x9EDE, 0x9EDE, 0x9EDE, 0x9EDE, 0x9EDE, 0x9EDE, 0x9EDE, 0x9EDE,
        0x9EDE, 0x9EDE, 0x9EDE, 0x9EDE, 0x9EDE, 0x9EDE, 0x9EDE, 0x9EDE, 0x9EDE, 0x9EDE, 0x9EDE, 0x9EDE, 0x9EDE, 0x9EDE, 0x9EDE, 0x9EDE,
    },
    {
        0x9EDE, 0x9EDE, 0x9EDE, 0x9EDE, 0x9EDE, 0x9EDE, 0x9EDE, 0x9EDE, 0x9EDE, 0x9EDE, 0x9EDE, 0x9EDE, 0x9EDE, 0x9EDE, 0x9EDE, 0x9EDE,
        0x9EDE, 0x9EDE, 0x9EDE, 0x9EDE, 0x9EDE, 0x9EDE, 0x9EDE, 0x9EDE, 0x9EDE, 0x9EDE, 0x9EDE, 0x9EDE, 0x9EDE, 0x9EDE, 0x9EDE, 0x9EDE,
        0x9EDE, 0x9EDE, 0x9EDE, 0x9EDE, 0x9EDE, 0x9EDE, 0x9EDE, 0x9EDE, 0x9EDE, 0x9EDE, 0x9EDE, 0x9EDE, 0x9EDE, 0x9EDE, 0x9EDE, 0x9EDE,
        0xFB16, 0xFB16, 0x9EDE, 0x9EDE, 0x9EDE, 0x9EDE, 0xFB16, 0xFB16, 0x9EDE, 0xFB16, 0xFB16, 0xFB16, 0xFB16, 0xFB16, 0xFB16, 0xFB16,
        0xFB16, 0xFFFF, 0xC150, 0x9EDE, 0x9EDE, 0x9EDE, 0xFB16, 0xFFFF, 0xC150, 0xFB16, 0xFFFF, 0xFFFF, 0xFFFF, 0xFFFF, 0xFFFF, 0xFFFF,
        0xFB16, 0xFFFF, 0xC150, 0x9EDE, 0x9EDE, 0x9EDE, 0xFB16, 0xFFFF, 0xC150, 0xFB16, 0xFFFF, 0xC150, 0xC150, 0xC150, 0xC150, 0xC150,
        0xFB16, 0xFFFF, 0xC150, 0x9EDE, 0x9EDE, 0x9EDE, 0xFB16, 0xFFFF, 0xC150, 0xFB16, 0xFFFF, 0xC150, 0x9EDE, 0x9EDE, 0x9EDE, 0x9EDE,
        0xFB16, 0xFFFF, 0xFB16, 0xFB16, 0xFB16, 0xFB16, 0xFFFF, 0xFFFF, 0xC150, 0xFB16, 0xFFFF, 0xFB16, 0xFB16, 0xFB16, 0xFB16, 0x9EDE,
        0xFB16, 0xFFFF, 0xFFFF, 0xFFFF, 0xFFFF, 0xFFFF, 0xFFFF, 0xFFFF, 0xC150, 0xFB16, 0xFFFF, 0xFFFF, 0xFFFF, 0xFFFF, 0xFFFF, 0xC150,
        0xFB16, 0xFFFF, 0xC150, 0xC150, 0xC150, 0xC150, 0xFB16, 0xFFFF, 0xC150, 0xFB16, 0xFFFF, 0xC150, 0xC150, 0xC150, 0xC150, 0xC150,
        0xFB16, 0xFFFF, 0xC150, 0x9EDE, 0x9EDE, 0x9EDE, 0xFB16, 0xFFFF, 0xC150, 0xFB16, 0xFFFF, 0xC150, 0x9EDE, 0x9EDE, 0x9EDE, 0x9EDE,
        0xFB16, 0xFFFF, 0xC150, 0x9EDE, 0x9EDE, 0x9EDE, 0xFB16, 0xFFFF, 0xC150, 0xFB16, 0xFFFF, 0xFB16, 0xFB16, 0xFB16, 0xFB16, 0xFB16,
        0xFB16, 0xFFFF, 0xC150, 0x9EDE, 0x9EDE, 0x9EDE, 0xFB16, 0xFFFF, 0xC150, 0xFB16, 0xFFFF, 0xFFFF, 0xFFFF, 0xFFFF, 0xFFFF, 0xFFFF,
        0x9EDE, 0xC150, 0xC150, 0x9EDE, 0x9EDE, 0x9EDE, 0x9EDE, 0xC150, 0xC150, 0x9EDE, 0xC150, 0xC150, 0xC150, 0xC150, 0xC150, 0xC150,
        0x9EDE, 0x9EDE, 0x9EDE, 0x9EDE, 0x9EDE, 0x9EDE, 0x9EDE, 0x9EDE, 0x9EDE, 0x9EDE, 0x9EDE, 0x9EDE, 0x9EDE, 0x9EDE, 0x9EDE, 0x9EDE,
        0x9EDE, 0x9EDE, 0x9EDE, 0x9EDE, 0x9EDE, 0x9EDE, 0x9EDE, 0x9EDE, 0x9EDE, 0x9EDE, 0x9EDE, 0x9EDE, 0x9EDE, 0x9EDE, 0x9EDE, 0x9EDE,
    },
    {
        0x9EDE, 0x9EDE, 0x9EDE, 0x9EDE, 0x9EDE, 0x9EDE, 0x9EDE, 0x9EDE, 0x9EDE, 0x9EDE, 0x9EDE, 0x9EDE, 0x9EDE, 0x9EDE, 0x9EDE, 0x9EDE,
        0x9EDE, 0x9EDE, 0x9EDE, 0x9EDE, 0x9EDE, 0x9EDE, 0x9EDE, 0x9EDE, 0x9EDE, 0x9EDE, 0x9EDE, 0x9EDE, 0x9EDE, 0x9EDE, 0x9EDE, 0x9EDE,
        0x9EDE, 0x9EDE, 0x9EDE, 0x9EDE, 0x9EDE, 0x9EDE, 0x9EDE, 0x9EDE, 0x9EDE, 0x9EDE, 0x9EDE, 0x9EDE, 0x9EDE, 0x9EDE, 0x9EDE, 0x9EDE,
        0xFB16, 0x9EDE, 0x9EDE, 0x9EDE, 0x9EDE, 0xFB16, 0xFB16, 0x9EDE, 0xFB16, 0xFB16, 0xFB16, 0xFB16, 0xFB16, 0xFB16, 0xFB16, 0x9EDE,
        0xFFFF, 0xC150, 0x9EDE, 0x9EDE, 0x9EDE, 0xFB16, 0xFFFF, 0xC150, 0xFB16, 0xFFFF, 0xFFFF, 0xFFFF, 0xFFFF, 0xFFFF, 0xFFFF, 0xC150,
        0xFFFF, 0xC150, 0x9EDE, 0x9EDE, 0x9EDE, 0xFB16, 0xFFFF, 0xC150, 0xFB16, 0xFFFF, 0xC150, 0xC150, 0xC150, 0xC150, 0xC150, 0xC150,
        0xFFFF, 0xC150, 0x9EDE, 0x9EDE, 0x9EDE, 0xFB16, 0xFFFF, 0xC150, 0xFB16, 0xFFFF, 0xC150, 0x9EDE, 0x9EDE, 0x9EDE, 0x9EDE, 0x9EDE,
        0xFFFF, 0xFB16, 0xFB16, 0xFB16, 0xFB16, 0xFFFF, 0xFFFF, 0xC150, 0xFB16, 0xFFFF, 0xFB16, 0xFB16, 0xFB16, 0xFB16, 0x9EDE, 0x9EDE,
        0xFFFF, 0xFFFF, 0xFFFF, 0xFFFF, 0xFFFF, 0xFFFF, 0xFFFF, 0xC150, 0xFB16, 0xFFFF, 0xFFFF, 0xFFFF, 0xFFFF, 0xFFFF, 0xC150, 0x9EDE,
        0xFFFF, 0xC150, 0xC150, 0xC150, 0xC150, 0xFB16, 0xFFFF, 0xC150, 0xFB16, 0xFFFF, 0xC150, 0xC150, 0xC150, 0xC150, 0xC150, 0x9EDE,
        0xFFFF, 0xC150, 0x9EDE, 0x9EDE, 0x9EDE, 0xFB16, 0xFFFF, 0xC150, 0xFB16, 0xFFFF, 0xC150, 0x9EDE, 0x9EDE, 0x9EDE, 0x9EDE, 0x9EDE,
        0xFFFF, 0xC150, 0x9EDE, 0x9EDE, 0x9EDE, 0xFB16, 0xFFFF, 0xC150, 0xFB16, 0xFFFF, 0xFB16, 0xFB16, 0xFB16, 0xFB16, 0xFB16, 0x9EDE,
        0xFFFF, 0xC150, 0x9EDE, 0x9EDE, 0x9EDE, 0xFB16, 0xFFFF, 0xC150, 0xFB16, 0xFFFF, 0xFFFF, 0xFFFF, 0xFFFF, 0xFFFF, 0xFFFF, 0xC150,
        0xC150, 0xC150, 0x9EDE, 0x9EDE, 0x9EDE, 0x9EDE, 0xC150, 0xC150, 0x9EDE, 0xC150, 0xC150, 0xC150, 0xC150, 0xC150, 0xC150, 0xC150,
        0x9EDE, 0x9EDE, 0x9EDE, 0x9EDE, 0x9EDE, 0x9EDE, 0x9EDE, 0x9EDE, 0x9EDE, 0x9EDE, 0x9EDE, 0x9EDE, 0x9EDE, 0x9EDE, 0x9EDE, 0x9EDE,
        0x9EDE, 0x9EDE, 0x9EDE, 0x9EDE, 0x9EDE, 0x9EDE, 0x9EDE, 0x9EDE, 0x9EDE, 0x9EDE, 0x9EDE, 0x9EDE, 0x9EDE, 0x9EDE, 0x9EDE, 0x9EDE,
    },
    {
        0x9EDE, 0x9EDE, 0x9EDE, 0x9EDE, 0x9EDE, 0x9EDE, 0x9EDE, 0x9EDE, 0x9EDE, 0x9EDE, 0x9EDE, 0x9EDE, 0x9EDE, 0x9EDE, 0x9EDE, 0x9EDE,
        0x9EDE, 0x9EDE, 0x9EDE, 0x9EDE, 0x9EDE, 0x9EDE, 0x9EDE, 0x9EDE, 0x9EDE, 0x9EDE, 0x9EDE, 0x9EDE, 0x9EDE, 0x9EDE, 0x9EDE, 0x9EDE,
        0x9EDE, 0x9EDE, 0x9EDE, 0x9EDE, 0x9EDE, 0x9EDE, 0x9EDE, 0x9EDE, 0x9EDE, 0x9EDE, 0x9EDE, 0x9EDE, 0x9EDE, 0x9EDE, 0x9EDE, 0x9EDE,
        0x9EDE, 0x9EDE, 0x9EDE, 0x9EDE, 0xFB16, 0xFB16, 0x9EDE, 0xFB16, 0xFB16, 0xFB16, 0xFB16, 0xFB16, 0xFB16, 0xFB16, 0x9EDE, 0xFB16,
        0xC150, 0x9EDE, 0x9EDE, 0x9EDE, 0xFB16, 0xFFFF, 0xC150, 0xFB16, 0xFFFF, 0xFFFF, 0xFFFF, 0xFFFF, 0xFFFF, 0xFFFF, 0xC150, 0xFB16,
        0xC150, 0x9EDE, 0x9EDE, 0x9EDE, 0xFB16, 0xFFFF, 0xC150, 0xFB16, 0xFFFF, 0xC150, 0xC150, 0xC150, 0xC150, 0xC150, 0xC150, 0xFB16,
        0xC150, 0x9EDE, 0x9EDE, 0x9EDE, 0xFB16, 0xFFFF, 0xC150, 0xFB16, 0xFFFF, 0xC150, 0x9EDE, 0x9EDE, 0x9EDE, 0x9EDE, 0x9EDE, 0xFB16,
        0xFB16, 0xFB16, 0xFB16, 0xFB16, 0xFFFF, 0xFFFF, 0xC150, 0xFB16, 0xFFFF, 0xFB16, 0xFB16, 0xFB16, 0xFB16, 0x9EDE, 0x9EDE, 0xFB16,
        0xFFFF, 0xFFFF, 0xFFFF, 0xFFFF, 0xFFFF, 0xFFFF, 0xC150, 0xFB16, 0xFFFF, 0xFFFF, 0xFFFF, 0xFFFF, 0xFFFF, 0xC150, 0x9EDE, 0xFB16,
        0xC150, 0xC150, 0xC150, 0xC150, 0xFB16, 0xFFFF, 0xC150, 0xFB16, 0xFFFF, 0xC150, 0xC150, 0xC150, 0xC150, 0xC150, 0x9EDE, 0xFB16,
        0xC150, 0x9EDE, 0x9EDE, 0x9EDE, 0xFB16, 0xFFFF, 0xC150, 0xFB16, 0xFFFF, 0xC150, 0x9EDE, 0x9EDE, 0x9EDE, 0x9EDE, 0x9EDE, 0xFB16,
        0xC150, 0x9EDE, 0x9EDE, 0x9EDE, 0xFB16, 0xFFFF, 0xC150, 0xFB16, 0xFFFF, 0xFB16, 0xFB16, 0xFB16, 0xFB16, 0xFB16, 0x9EDE, 0xFB16,
        0xC150, 0x9EDE, 0x9EDE, 0x9EDE, 0xFB16, 0xFFFF, 0xC150, 0xFB16, 0xFFFF, 0xFFFF, 0xFFFF, 0xFFFF, 0xFFFF, 0xFFFF, 0xC150, 0xFB16,
        0xC150, 0x9EDE, 0x9EDE, 0x9EDE, 0x9EDE, 0xC150, 0xC150, 0x9EDE, 0xC150, 0xC150, 0xC150, 0xC150, 0xC150, 0xC150, 0xC150, 0x9EDE,
        0x9EDE, 0x9EDE, 0x9EDE, 0x9EDE, 0x9EDE, 0x9EDE, 0x9EDE, 0x9EDE, 0x9EDE, 0x9EDE, 0x9EDE, 0x9EDE, 0x9EDE, 0x9EDE, 0x9EDE, 0x9EDE,
        0x9EDE, 0x9EDE, 0x9EDE, 0x9EDE, 0x9EDE, 0x9EDE, 0x9EDE, 0x9EDE, 0x9EDE, 0x9EDE, 0x9EDE, 0x9EDE, 0x9EDE, 0x9EDE, 0x9EDE, 0x9EDE,
    },
    {
        0x9EDE, 0x9EDE, 0x9EDE, 0x9EDE, 0x9EDE, 0x9EDE, 0x9EDE, 0x9EDE, 0x9EDE, 0x9EDE, 0x9EDE, 0x9EDE, 0x9EDE, 0x9EDE, 0x9EDE, 0x9EDE,
        0x9EDE, 0x9EDE, 0x9EDE, 0x9EDE, 0x9EDE, 0x9EDE, 0x9EDE, 0x9EDE, 0x9EDE, 0x9EDE, 0x9EDE, 0x9EDE, 0x9EDE, 0x9EDE, 0x9EDE, 0x9EDE,
        0x9EDE, 0x9EDE, 0x9EDE, 0x9EDE, 0x9EDE, 0x9EDE, 0x9EDE, 0x9EDE, 0x9EDE, 0x9EDE, 0x9EDE, 0x9EDE, 0x9EDE, 0x9EDE, 0x9EDE, 0x9EDE,
        0x9EDE, 0x9EDE, 0x9EDE, 0xFB16, 0xFB16, 0x9EDE, 0xFB16, 0xFB16, 0xFB16, 0xFB16, 0xFB16, 0xFB16, 0xFB16, 0x9EDE, 0xFB16, 0xFB16,
        0x9EDE, 0x9EDE, 0x9EDE, 0xFB16, 0xFFFF, 0xC150, 0xFB16, 0xFFFF, 0xFFFF, 0xFFFF, 0xFFFF, 0xFFFF, 0xFFFF, 0xC150, 0xFB16, 0xFFFF,
        0x9EDE, 0x9EDE, 0x9EDE, 0xFB16, 0xFFFF, 0xC150, 0xFB16, 0xFFFF, 0xC150, 0xC150, 0xC150, 0xC150, 0xC150, 0xC150, 0xFB16, 0xFFFF,
        0x9EDE, 0x9EDE, 0x9EDE, 0xFB16, 0xFFFF, 0xC150, 0xFB16, 0xFFFF, 0xC150, 0x9EDE, 0x9EDE, 0x9EDE, 0x9EDE, 0x9EDE, 0xFB16, 0xFFFF,
        0xFB16, 0xFB16, 0xFB16, 0xFFFF, 0xFFFF, 0xC150, 0xFB16, 0xFFFF, 0xFB16, 0xFB16, 0xFB16, 0xFB16, 0x9EDE, 0x9EDE, 0xFB16, 0xFFFF,
        0xFFFF, 0xFFFF, 0xFFFF, 0xFFFF, 0xFFFF, 0xC150, 0xFB16, 0xFFFF, 0xFFFF, 0xFFFF, 0xFFFF, 0xFFFF, 0xC150, 0x9EDE, 0xFB16, 0xFFFF,
        0xC150, 0xC150, 0xC150, 0xFB16, 0xFFFF, 0xC150, 0xFB16, 0xFFFF, 0xC150, 0xC150, 0xC150, 0xC150, 0xC150, 0x9EDE, 0xFB16, 0xFFFF,
        0x9EDE, 0x9EDE, 0x9EDE, 0xFB16, 0xFFFF, 0xC150, 0xFB16, 0xFFFF, 0xC150, 0x9EDE, 0x9EDE, 0x9EDE, 0x9EDE, 0x9EDE, 0xFB16, 0xFFFF,
        0x9EDE, 0x9EDE, 0x9EDE, 0xFB16, 0xFFFF, 0xC150, 0xFB16, 0xFFFF, 0xFB16, 0xFB16, 0xFB16, 0xFB16, 0xFB16, 0x9EDE, 0xFB16, 0xFFFF,
        0x9EDE, 0x9EDE, 0x9EDE, 0xFB16, 0xFFFF, 0xC150, 0xFB16, 0xFFFF, 0xFFFF, 0xFFFF, 0xFFFF, 0xFFFF, 0xFFFF, 0xC150, 0xFB16, 0xFFFF,
        0x9EDE, 0x9EDE, 0x9EDE, 0x9EDE, 0xC150, 0xC150, 0x9EDE, 0xC150, 0xC150, 0xC150, 0xC150, 0xC150, 0xC150, 0xC150, 0x9EDE, 0xC150,
        0x9EDE, 0x9EDE, 0x9EDE, 0x9EDE, 0x9EDE, 0x9EDE, 0x9EDE, 0x9EDE, 0x9EDE, 0x9EDE, 0x9EDE, 0x9EDE, 0x9EDE, 0x9EDE, 0x9EDE, 0x9EDE,
        0x9EDE, 0x9EDE, 0x9EDE, 0x9EDE, 0x9EDE, 0x9EDE, 0x9EDE, 0x9EDE, 0x9EDE, 0x9EDE, 0x9EDE, 0x9EDE, 0x9EDE, 0x9EDE, 0x9EDE, 0x9EDE,
    },
    {
        0x9EDE, 0x9EDE, 0x9EDE, 0x9EDE, 0x9EDE, 0x9EDE, 0x9EDE, 0x9EDE, 0x9EDE, 0x9EDE, 0x9EDE, 0x9EDE, 0x9EDE, 0x9EDE, 0x9EDE, 0x9EDE,
        0x9EDE, 0x9EDE, 0x9EDE, 0x9EDE, 0x9EDE, 0x9EDE, 0x9EDE, 0x9EDE, 0x9EDE, 0x9EDE, 0x9EDE, 0x9EDE, 0x9EDE, 0x9EDE, 0x9EDE, 0x9EDE,
        0x9EDE, 0x9EDE, 0x9EDE, 0x9EDE, 0x9EDE, 0x9EDE, 0x9EDE, 0x9EDE, 0x9EDE, 0x9EDE, 0x9EDE, 0x9EDE, 0x9EDE, 0x9EDE, 0x9EDE, 0x9EDE,
        0x9EDE, 0x9EDE, 0xFB16, 0xFB16, 0x9EDE, 0xFB16, 0xFB16, 0xFB16, 0xFB16, 0xFB16, 0xFB16, 0xFB16, 0x9EDE, 0xFB16, 0xFB16, 0xFB16,
        0x9EDE, 0x9EDE, 0xFB16, 0xFFFF, 0xC150, 0xFB16, 0xFFFF, 0xFFFF, 0xFFFF, 0xFFFF, 0xFFFF, 0xFFFF, 0xC150, 0xFB16, 0xFFFF, 0xFFFF,
        0x9EDE, 0x9EDE, 0xFB16, 0xFFFF, 0xC150, 0xFB16, 0xFFFF, 0xC150, 0xC150, 0xC150, 0xC150, 0xC150, 0xC150, 0xFB16, 0xFFFF, 0xC150,
        0x9EDE, 0x9EDE, 0xFB16, 0xFFFF, 0xC150, 0xFB16, 0xFFFF, 0xC150, 0x9EDE, 0x9EDE, 0x9EDE, 0x9EDE, 0x9EDE, 0xFB16, 0xFFFF, 0xC150,
        0xFB16, 0xFB16, 0xFFFF, 0xFFFF, 0xC150, 0xFB16, 0xFFFF, 0xFB16, 0xFB16, 0xFB16, 0xFB16, 0x9EDE, 0x9EDE, 0xFB16, 0xFFFF, 0xFB16,
        0xFFFF, 0xFFFF, 0xFFFF, 0xFFFF, 0xC150, 0xFB16, 0xFFFF, 0xFFFF, 0xFFFF, 0xFFFF, 0xFFFF, 0xC150, 0x9EDE, 0xFB16, 0xFFFF, 0xFFFF,
        0xC150, 0xC150, 0xFB16, 0xFFFF, 0xC150, 0xFB16, 0xFFFF, 0xC150, 0xC150, 0xC150, 0xC150, 0xC150, 0x9EDE, 0xFB16, 0xFFFF, 0xC150,
        0x9EDE, 0x9EDE, 0xFB16, 0xFFFF, 0xC150, 0xFB16, 0xFFFF, 0xC150, 0x9EDE, 0x9EDE, 0x9EDE, 0x9EDE, 0x9EDE, 0xFB16, 0xFFFF, 0xC150,
        0x9EDE, 0x9EDE, 0xFB16, 0xFFFF, 0xC150, 0xFB16, 0xFFFF, 0xFB16, 0xFB16, 0xFB16, 0xFB16, 0xFB16, 0x9EDE, 0xFB16, 0xFFFF, 0xC150,
        0x9EDE, 0x9EDE, 0xFB16, 0xFFFF, 0xC150, 0xFB16, 0xFFFF, 0xFFFF, 0xFFFF, 0xFFFF, 0xFFFF, 0xFFFF, 0xC150, 0xFB16, 0xFFFF, 0xC150,
        0x9EDE, 0x9EDE, 0x9EDE, 0xC150, 0xC150, 0x9EDE, 0xC150, 0xC150, 0xC150, 0xC150, 0xC150, 0xC150, 0xC150, 0x9EDE, 0xC150, 0xC150,
        0x9EDE, 0x9EDE, 0x9EDE, 0x9EDE, 0x9EDE, 0x9EDE, 0x9EDE, 0x9EDE, 0x9EDE, 0x9EDE, 0x9EDE, 0x9EDE, 0x9EDE, 0x9EDE, 0x9EDE, 0x9EDE,
        0x9EDE, 0x9EDE, 0x9EDE, 0x9EDE, 0x9EDE, 0x9EDE, 0x9EDE, 0x9EDE, 0x9EDE, 0x9EDE, 0x9EDE, 0x9EDE, 0x9EDE, 0x9EDE, 0x9EDE, 0x9EDE,
    },
    {
        0x9EDE, 0x9EDE, 0x9EDE, 0x9EDE, 0x9EDE, 0x9EDE, 0x9EDE, 0x9EDE, 0x9EDE, 0x9EDE, 0x9EDE, 0x9EDE, 0x9EDE, 0x9EDE, 0x9EDE, 0x9EDE,
        0x9EDE, 0x9EDE, 0x9EDE, 0x9EDE, 0x9EDE, 0x9EDE, 0x9EDE, 0x9EDE, 0x9EDE, 0x9EDE, 0x9EDE, 0x9EDE, 0x9EDE, 0x9EDE, 0x9EDE, 0x9EDE,
        0x9EDE, 0x9EDE, 0x9EDE, 0x9EDE, 0x9EDE, 0x9EDE, 0x9EDE, 0x9EDE, 0x9EDE, 0x9EDE, 0x9EDE, 0x9EDE, 0x9EDE, 0x9EDE, 0x9EDE, 0x9EDE,
        0x9EDE, 0xFB16, 0xFB16, 0x9EDE, 0xFB16, 0xFB16, 0xFB16, 0xFB16, 0xFB16, 0xFB16, 0xFB16, 0x9EDE, 0xFB16, 0xFB16, 0xFB16, 0xFB16,
        0x9EDE, 0xFB16, 0xFFFF, 0xC150, 0xFB16, 0xFFFF, 0xFFFF, 0xFFFF, 0xFFFF, 0xFFFF, 0xFFFF, 0xC150, 0xFB16, 0xFFFF, 0xFFFF, 0xFFFF,
        0x9EDE, 0xFB16, 0xFFFF, 0xC150, 0xFB16, 0xFFFF, 0xC150, 0xC150, 0xC150, 0xC150, 0xC150, 0xC150, 0xFB16, 0xFFFF, 0xC150, 0xC150,
        0x9EDE, 0xFB16, 0xFFFF, 0xC150, 0xFB16, 0xFFFF, 0xC150, 0x9EDE, 0x9EDE, 0x9EDE, 0x9EDE, 0x9EDE, 0xFB16, 0xFFFF, 0xC150, 0x9EDE,
        0xFB16, 0xFFFF, 0xFFFF, 0xC150, 0xFB16, 0xFFFF, 0xFB16, 0xFB16, 0xFB16, 0xFB16, 0x9EDE, 0x9EDE, 0xFB16, 0xFFFF, 0xFB16, 0xFB16,
        0xFFFF, 0xFFFF, 0xFFFF, 0xC150, 0xFB16, 0xFFFF, 0xFFFF, 0xFFFF, 0xFFFF, 0xFFFF, 0xC150, 0x9EDE, 0xFB16, 0xFFFF, 0xFFFF, 0xFFFF,
        0xC150, 0xFB16, 0xFFFF, 0xC150, 0xFB16, 0xFFFF, 0xC150, 0xC150, 0xC150, 0xC150, 0xC150, 0x9EDE, 0xFB16, 0xFFFF, 0xC150, 0xC150,
        0x9EDE, 0xFB16, 0xFFFF, 0xC150, 0xFB16, 0xFFFF, 0xC150, 0x9EDE, 0x9EDE, 0x9EDE, 0x9EDE, 0x9EDE, 0xFB16, 0xFFFF, 0xC150, 0x9EDE,
        0x9EDE, 0xFB16, 0xFFFF, 0xC150, 0xFB16, 0xFFFF, 0xFB16, 0xFB16, 0xFB16, 0xFB16, 0xFB16, 0x9EDE, 0xFB16, 0xFFFF, 0xC150, 0x9EDE,
        0x9EDE, 0xFB16, 0xFFFF, 0xC150, 0xFB16, 0xFFFF, 0xFFFF, 0xFFFF, 0xFFFF, 0xFFFF, 0xFFFF, 0xC150, 0xFB16, 0xFFFF, 0xC150, 0x9EDE,
        0x9EDE, 0x9EDE, 0xC150, 0xC150, 0x9EDE, 0xC150, 0xC150, 0xC150, 0xC150, 0xC150, 0xC150, 0xC150, 0x9EDE, 0xC150, 0xC150, 0x9EDE,
        0x9EDE, 0x9EDE, 0x9EDE, 0x9EDE, 0x9EDE, 0x9EDE, 0x9EDE, 0x9EDE, 0x9EDE, 0x9EDE, 0x9EDE, 0x9EDE, 0x9EDE, 0x9EDE, 0x9EDE, 0x9EDE,
        0x9EDE, 0x9EDE, 0x9EDE, 0x9EDE, 0x9EDE, 0x9EDE, 0x9EDE, 0x9EDE, 0x9EDE, 0x9EDE, 0x9EDE, 0x9EDE, 0x9EDE, 0x9EDE, 0x9EDE, 0x9EDE,
    },
    {
        0x9EDE, 0x9EDE, 0x9EDE, 0x9EDE, 0x9EDE, 0x9EDE, 0x9EDE, 0x9EDE, 0x9EDE, 0x9EDE, 0x9EDE, 0x9EDE, 0x9EDE, 0x9EDE, 0x9EDE, 0x9EDE,
        0x9EDE, 0x9EDE, 0x9EDE, 0x9EDE, 0x9EDE, 0x9EDE, 0x9EDE, 0x9EDE, 0x9EDE, 0x9EDE, 0x9EDE, 0x9EDE, 0x9EDE, 0x9EDE, 0x9EDE, 0x9EDE,
        0x9EDE, 0x9EDE, 0x9EDE, 0x9EDE, 0x9EDE, 0x9EDE, 0x9EDE, 0x9EDE, 0x9EDE, 0x9EDE, 0x9EDE, 0x9EDE, 0x9EDE, 0x9EDE, 0x9EDE, 0x9EDE,
        0xFB16, 0xFB16, 0x9EDE, 0xFB16, 0xFB16, 0xFB16, 0xFB16, 0xFB16, 0xFB16, 0xFB16, 0x9EDE, 0xFB16, 0xFB16, 0xFB16, 0xFB16, 0xFB16,
        0xFB16, 0xFFFF, 0xC150, 0xFB16, 0xFFFF, 0xFFFF, 0xFFFF, 0xFFFF, 0xFFFF, 0xFFFF, 0xC150, 0xFB16, 0xFFFF, 0xFFFF, 0xFFFF, 0xFFFF,
        0xFB16, 0xFFFF, 0xC150, 0xFB16, 0xFFFF, 0xC150, 0xC150, 0xC150, 0xC150, 0xC150, 0xC150, 0xFB16, 0xFFFF, 0xC150, 0xC150, 0xC150,
        0xFB16, 0xFFFF, 0xC150, 0xFB16, 0xFFFF, 0xC150, 0x9EDE, 0x9EDE, 0x9EDE, 0x9EDE, 0x9EDE, 0xFB16, 0xFFFF, 0xC150, 0x9EDE, 0x9EDE,
        0xFFFF, 0xFFFF, 0xC150, 0xFB16, 0xFFFF, 0xFB16, 0xFB16, 0xFB16, 0xFB16, 0x9EDE, 0x9EDE, 0xFB16, 0xFFFF, 0xFB16, 0xFB16, 0xFB16,
        0xFFFF, 0xFFFF, 0xC150, 0xFB16, 0xFFFF, 0xFFFF, 0xFFFF, 0xFFFF, 0xFFFF, 0xC150, 0x9EDE, 0xFB16, 0xFFFF, 0xFFFF, 0xFFFF, 0xFFFF,
        0xFB16, 0xFFFF, 0xC150, 0xFB16, 0xFFFF, 0xC150, 0xC150, 0xC150, 0xC150, 0xC150, 0x9EDE, 0xFB16, 0xFFFF, 0xC150, 0xC150, 0xC150,
        0xFB16, 0xFFFF, 0xC150, 0xFB16, 0xFFFF, 0xC150, 0x9EDE, 0x9EDE, 0x9EDE, 0x9EDE, 0x9EDE, 0xFB16, 0xFFFF, 0xC150, 0x9EDE, 0x9EDE,
        0xFB16, 0xFFFF, 0xC150, 0xFB16, 0xFFFF, 0xFB16, 0xFB16, 0xFB16, 0xFB16, 0xFB16, 0x9EDE, 0xFB16, 0xFFFF, 0xC150, 0x9EDE, 0x9EDE,
        0xFB16, 0xFFFF, 0xC150, 0xFB16, 0xFFFF, 0xFFFF, 0xFFFF, 0xFFFF, 0xFFFF, 0xFFFF, 0xC150, 0xFB16, 0xFFFF, 0xC150, 0x9EDE, 0x9EDE,
        0x9EDE, 0xC150, 0xC150, 0x9EDE, 0xC150, 0xC150, 0xC150, 0xC150, 0xC150, 0xC150, 0xC150, 0x9EDE, 0xC150, 0xC150, 0x9EDE, 0x9EDE,
        0x9EDE, 0x9EDE, 0x9EDE, 0x9EDE, 0x9EDE, 0x9EDE, 0x9EDE, 0x9EDE, 0x9EDE, 0x9EDE, 0x9EDE, 0x9EDE, 0x9EDE, 0x9EDE, 0x9EDE, 0x9EDE,
        0x9EDE, 0x9EDE, 0x9EDE, 0x9EDE, 0x9EDE, 0x9EDE, 0x9EDE, 0x9EDE, 0x9EDE, 0x9EDE, 0x9EDE, 0x9EDE, 0x9EDE, 0x9EDE, 0x9EDE, 0x9EDE,
    },
    {
        0x9EDE, 0x9EDE, 0x9EDE, 0x9EDE, 0x9EDE, 0x9EDE, 0x9EDE, 0x9EDE, 0x9EDE, 0x9EDE, 0x9EDE, 0x9EDE, 0x9EDE, 0x9EDE, 0x9EDE, 0x9EDE,
        0x9EDE, 0x9EDE, 0x9EDE, 0x9EDE, 0x9EDE, 0x9EDE, 0x9EDE, 0x9EDE, 0x9EDE, 0x9EDE, 0x9EDE, 0x9EDE, 0x9EDE, 0x9EDE, 0x9EDE, 0x9EDE,
        0x9EDE, 0x9EDE, 0x9EDE, 0x9EDE, 0x9EDE, 0x9EDE, 0x9EDE, 0x9EDE, 0x9EDE, 0x9EDE, 0x9EDE, 0x9EDE, 0x9EDE, 0x9EDE, 0x9EDE, 0x9EDE,
        0xFB16, 0x9EDE, 0xFB16, 0xFB16, 0xFB16, 0xFB16, 0xFB16, 0xFB16, 0xFB16, 0x9EDE, 0xFB16, 0xFB16, 0xFB16, 0xFB16, 0xFB16, 0xFB16,
        0xFFFF, 0xC150, 0xFB16, 0xFFFF, 0xFFFF, 0xFFFF, 0xFFFF, 0xFFFF, 0xFFFF, 0xC150, 0xFB16, 0xFFFF, 0xFFFF, 0xFFFF, 0xFFFF, 0xFFFF,
        0xFFFF, 0xC150, 0xFB16, 0xFFFF, 0xC150, 0xC150, 0xC150, 0xC150, 0xC150, 0xC150, 0xFB16, 0xFFFF, 0xC150, 0xC150, 0xC150, 0xC150,
        0xFFFF, 0xC150, 0xFB16, 0xFFFF, 0xC150, 0x9EDE, 0x9EDE, 0x9EDE, 0x9EDE, 0x9EDE, 0xFB16, 0xFFFF, 0xC150, 0x9EDE, 0x9EDE, 0x9EDE,
        0xFFFF, 0xC150, 0xFB16, 0xFFFF, 0xFB16, 0xFB16, 0xFB16, 0xFB16, 0x9EDE, 0x9EDE, 0xFB16, 0xFFFF, 0xFB16, 0xFB16, 0xFB16, 0xFB16,
        0xFFFF, 0xC150, 0xFB16, 0xFFFF, 0xFFFF, 0xFFFF, 0xFFFF, 0xFFFF, 0xC150, 0x9EDE, 0xFB16, 0xFFFF, 0xFFFF, 0xFFFF, 0xFFFF, 0xFFFF,
        0xFFFF, 0xC150, 0xFB16, 0xFFFF, 0xC150, 0xC150, 0xC150, 0xC150, 0xC150, 0x9EDE, 0xFB16, 0xFFFF, 0xC150, 0xC150, 0xC150, 0xC150,
        0xFFFF, 0xC150, 0xFB16, 0xFFFF, 0xC150, 0x9EDE, 0x9EDE, 0x9EDE, 0x9EDE, 0x9EDE, 0xFB16, 0xFFFF, 0xC150, 0x9EDE, 0x9EDE, 0x9EDE,
        0xFFFF, 0xC150, 0xFB16, 0xFFFF, 0xFB16, 0xFB16, 0xFB16, 0xFB16, 0xFB16, 0x9EDE, 0xFB16, 0xFFFF, 0xC150, 0x9EDE, 0x9EDE, 0x9EDE,
        0xFFFF, 0xC150, 0xFB16, 0xFFFF, 0xFFFF, 0xFFFF, 0xFFFF, 0xFFFF, 0xFFFF, 0xC150, 0xFB16, 0xFFFF, 0xC150, 0x9EDE, 0x9EDE, 0x9EDE,
        0xC150, 0xC150, 0x9EDE, 0xC150, 0xC150, 0xC150, 0xC150, 0xC150, 0xC150, 0xC150, 0x9EDE, 0xC150, 0xC150, 0x9EDE, 0x9EDE, 0x9EDE,
        0x9EDE, 0x9EDE, 0x9EDE, 0x9EDE, 0x9EDE, 0x9EDE, 0x9EDE, 0x9EDE, 0x9EDE, 0x9EDE, 0x9EDE, 0x9EDE, 0x9EDE, 0x9EDE, 0x9EDE, 0x9EDE,
        0x9EDE, 0x9EDE, 0x9EDE, 0x9EDE, 0x9EDE, 0x9EDE, 0x9EDE, 0x9EDE, 0x9EDE, 0x9EDE, 0x9EDE, 0x9EDE, 0x9EDE, 0x9EDE, 0x9EDE, 0x9EDE,
    },
    {
        0x9EDE, 0x9EDE, 0x9EDE, 0x9EDE, 0x9EDE, 0x9EDE, 0x9EDE, 0x9EDE, 0x9EDE, 0x9EDE, 0x9EDE, 0x9EDE, 0x9EDE, 0x9EDE, 0x9EDE, 0x9EDE,
        0x9EDE, 0x9EDE, 0x9EDE, 0x9EDE, 0x9EDE, 0x9EDE, 0x9EDE, 0x9EDE, 0x9EDE, 0x9EDE, 0x9EDE, 0x9EDE, 0x9EDE, 0x9EDE, 0x9EDE, 0x9EDE,
        0x9EDE, 0x9EDE, 0x9EDE, 0x9EDE, 0x9EDE, 0x9EDE, 0x9EDE, 0x9EDE, 0x9EDE, 0x9EDE, 0x9EDE, 0x9EDE, 0x9EDE, 0x9EDE, 0x9EDE, 0x9EDE,
        0x9EDE, 0xFB16, 0xFB16, 0xFB16, 0xFB16, 0xFB16, 0xFB16, 0xFB16, 0x9EDE, 0xFB16, 0xFB16, 0xFB16, 0xFB16, 0xFB16, 0xFB16, 0xFB16,
        0xC150, 0xFB16, 0xFFFF, 0xFFFF, 0xFFFF, 0xFFFF, 0xFFFF, 0xFFFF, 0xC150, 0xFB16, 0xFFFF, 0xFFFF, 0xFFFF, 0xFFFF, 0xFFFF, 0xFFFF,
        0xC150, 0xFB16, 0xFFFF, 0xC150, 0xC150, 0xC150, 0xC150, 0xC150, 0xC150, 0xFB16, 0xFFFF, 0xC150, 0xC150, 0xC150, 0xC150, 0xFB16,
        0xC150, 0xFB16, 0xFFFF, 0xC150, 0x9EDE, 0x9EDE, 0x9EDE, 0x9EDE, 0x9EDE, 0xFB16, 0xFFFF, 0xC150, 0x9EDE, 0x9EDE, 0x9EDE, 0xFB16,
        0xC150, 0xFB16, 0xFFFF, 0xFB16, 0xFB16, 0xFB16, 0xFB16, 0x9EDE, 0x9EDE, 0xFB16, 0xFFFF, 0xFB16, 0xFB16, 0xFB16, 0xFB16, 0xFFFF,
        0xC150, 0xFB16, 0xFFFF, 0xFFFF, 0xFFFF, 0xFFFF, 0xFFFF, 0xC150, 0x9EDE, 0xFB16, 0xFFFF, 0xFFFF, 0xFFFF, 0xFFFF, 0xFFFF, 0xFFFF,
        0xC150, 0xFB16, 0xFFFF, 0xC150, 0xC150, 0xC150, 0xC150, 0xC150, 0x9EDE, 0xFB16, 0xFFFF, 0xC150, 0xC150, 0xC150, 0xC150, 0xFB16,
        0xC150, 0xFB16, 0xFFFF, 0xC150, 0x9EDE, 0x9EDE, 0x9EDE, 0x9EDE, 0x9EDE, 0xFB16, 0xFFFF, 0xC150, 0x9EDE, 0x9EDE, 0x9EDE, 0xFB16,
        0xC150, 0xFB16, 0xFFFF, 0xFB16, 0xFB16, 0xFB16, 0xFB16, 0xFB16, 0x9EDE, 0xFB16, 0xFFFF, 0xC150, 0x9EDE, 0x9EDE, 0x9EDE, 0xFB16,
        0xC150, 0xFB16, 0xFFFF, 0xFFFF, 0xFFFF, 0xFFFF, 0xFFFF, 0xFFFF, 0xC150, 0xFB16, 0xFFFF, 0xC150, 0x9EDE, 0x9EDE, 0x9EDE, 0xFB16,
        0xC150, 0x9EDE, 0xC150, 0xC150, 0xC150, 0xC150, 0xC150, 0xC150, 0xC150, 0x9EDE, 0xC150, 0xC150, 0x9EDE, 0x9EDE, 0x9EDE, 0x9EDE,
        0x9EDE, 0x9EDE, 0x9EDE, 0x9EDE, 0x9EDE, 0x9EDE, 0x9EDE, 0x9EDE, 0x9EDE, 0x9EDE, 0x9EDE, 0x9EDE, 0x9EDE, 0x9EDE, 0x9EDE, 0x9EDE,
        0x9EDE, 0x9EDE, 0x9EDE, 0x9EDE, 0x9EDE, 0x9EDE, 0x9EDE, 0x9EDE, 0x9EDE, 0x9EDE, 0x9EDE, 0x9EDE, 0x9EDE, 0x9EDE, 0x9EDE, 0x9EDE,
    },
    {
        0x9EDE, 0x9EDE, 0x9EDE, 0x9EDE, 0x9EDE, 0x9EDE, 0x9EDE, 0x9EDE, 0x9EDE, 0x9EDE, 0x9EDE, 0x9EDE, 0x9EDE, 0x9EDE, 0x9EDE, 0x9EDE,
        0x9EDE, 0x9EDE, 0x9EDE, 0x9EDE, 0x9EDE, 0x9EDE, 0x9EDE, 0x9EDE, 0x9EDE, 0x9EDE, 0x9EDE, 0x9EDE, 0x9EDE, 0x9EDE, 0x9EDE, 0x9EDE,
        0x9EDE, 0x9EDE, 0x9EDE, 0x9EDE, 0x9EDE, 0x9EDE, 0x9EDE, 0x9EDE, 0x9EDE, 0x9EDE, 0x9EDE, 0x9EDE, 0x9EDE, 0x9EDE, 0x9EDE, 0x9EDE,
        0xFB16, 0xFB16, 0xFB16, 0xFB16, 0xFB16, 0xFB16, 0xFB16, 0x9EDE, 0xFB16, 0xFB16, 0xFB16, 0xFB16, 0xFB16, 0xFB16, 0xFB16, 0xFB16,
        0xFB16, 0xFFFF, 0xFFFF, 0xFFFF, 0xFFFF, 0xFFFF, 0xFFFF, 0xC150, 0xFB16, 0xFFFF, 0xFFFF, 0xFFFF, 0xFFFF, 0xFFFF, 0xFFFF, 0xFFFF,
        0xFB16, 0xFFFF, 0xC150, 0xC150, 0xC150, 0xC150, 0xC150, 0xC150, 0xFB16, 0xFFFF, 0xC150, 0xC150, 0xC150, 0xC150, 0xFB16, 0xFFFF,
        0xFB16, 0xFFFF, 0xC150, 0x9EDE, 0x9EDE, 0x9EDE, 0x9EDE, 0x9EDE, 0xFB16, 0xFFFF, 0xC150, 0x9EDE, 0x9EDE, 0x9EDE, 0xFB16, 0xFFFF,
        0xFB16, 0xFFFF, 0xFB16, 0xFB16, 0xFB16, 0xFB16, 0x9EDE, 0x9EDE, 0xFB16, 0xFFFF, 0xFB16, 0xFB16, 0xFB16, 0xFB16, 0xFFFF, 0xFFFF,
        0xFB16, 0xFFFF, 0xFFFF, 0xFFFF, 0xFFFF, 0xFFFF, 0xC150, 0x9EDE, 0xFB16, 0xFFFF, 0xFFFF, 0xFFFF, 0xFFFF, 0xFFFF, 0xFFFF, 0xFFFF,
        0xFB16, 0xFFFF, 0xC150, 0xC150, 0xC150, 0xC150, 0xC150, 0x9EDE, 0xFB16, 0xFFFF, 0xC150, 0xC150, 0xC150, 0xC150, 0xFB16, 0xFFFF,
        0xFB16, 0xFFFF, 0xC150, 0x9EDE, 0x9EDE, 0x9EDE, 0x9EDE, 0x9EDE, 0xFB16, 0xFFFF, 0xC150, 0x9EDE, 0x9EDE, 0x9EDE, 0xFB16, 0xFFFF,
        0xFB16, 0xFFFF, 0xFB16, 0xFB16, 0xFB16, 0xFB16, 0xFB16, 0x9EDE, 0xFB16, 0xFFFF, 0xC150, 0x9EDE, 0x9EDE, 0x9EDE, 0xFB16, 0xFFFF,
        0xFB16, 0xFFFF, 0xFFFF, 0xFFFF, 0xFFFF, 0xFFFF, 0xFFFF, 0xC150, 0xFB16, 0xFFFF, 0xC150, 0x9EDE, 0x9EDE, 0x9EDE, 0xFB16, 0xFFFF,
        0x9EDE, 0xC150, 0xC150, 0xC150, 0xC150, 0xC150, 0xC150, 0xC150, 0x9EDE, 0xC150, 0xC150, 0x9EDE, 0x9EDE, 0x9EDE, 0x9EDE, 0xC150,
        0x9EDE, 0x9EDE, 0x9EDE, 0x9EDE, 0x9EDE, 0x9EDE, 0x9EDE, 0x9EDE, 0x9EDE, 0x9EDE, 0x9EDE, 0x9EDE, 0x9EDE, 0x9EDE, 0x9EDE, 0x9EDE,
        0x9EDE, 0x9EDE, 0x9EDE, 0x9EDE, 0x9EDE, 0x9EDE, 0x9EDE, 0x9EDE, 0x9EDE, 0x9EDE, 0x9EDE, 0x9EDE, 0x9EDE, 0x9EDE, 0x9EDE, 0x9EDE,
    },
    {
        0x9EDE, 0x9EDE, 0x9EDE, 0x9EDE, 0x9EDE, 0x9EDE, 0x9EDE, 0x9EDE, 0x9EDE, 0x9EDE, 0x9EDE, 0x9EDE, 0x9EDE, 0x9EDE, 0x9EDE, 0x9EDE,
        0x9EDE, 0x9EDE, 0x9EDE, 0x9EDE, 0x9EDE, 0x9EDE, 0x9EDE, 0x9EDE, 0x9EDE, 0x9EDE, 0x9EDE, 0x9EDE, 0x9EDE, 0x9EDE, 0x9EDE, 0x9EDE,
        0x9EDE, 0x9EDE, 0x9EDE, 0x9EDE, 0x9EDE, 0x9EDE, 0x9EDE, 0x9EDE, 0x9EDE, 0x9EDE, 0x9EDE, 0x9EDE, 0x9EDE, 0x9EDE, 0x9EDE, 0x9EDE,
        0xFB16, 0xFB16, 0xFB16, 0xFB16, 0xFB16, 0xFB16, 0x9EDE, 0xFB16, 0xFB16, 0xFB16, 0xFB16, 0xFB16, 0xFB16, 0xFB16, 0xFB16, 0x9EDE,
        0xFFFF, 0xFFFF, 0xFFFF, 0xFFFF, 0xFFFF, 0xFFFF, 0xC150, 0xFB16, 0xFFFF, 0xFFFF, 0xFFFF, 0xFFFF, 0xFFFF, 0xFFFF, 0xFFFF, 0xC150,
        0xFFFF, 0xC150, 0xC150, 0xC150, 0xC150, 0xC150, 0xC150, 0xFB16, 0xFFFF, 0xC150, 0xC150, 0xC150, 0xC150, 0xFB16, 0xFFFF, 0xC150,
        0xFFFF, 0xC150, 0x9EDE, 0x9EDE, 0x9EDE, 0x9EDE, 0x9EDE, 0xFB16, 0xFFFF, 0xC150, 0x9EDE, 0x9EDE, 0x9EDE, 0xFB16, 0xFFFF, 0xC150,
        0xFFFF, 0xFB16, 0xFB16, 0xFB16, 0xFB16, 0x9EDE, 0x9EDE, 0xFB16, 0xFFFF, 0xFB16, 0xFB16, 0xFB16, 0xFB16, 0xFFFF, 0xFFFF, 0xC150,
        0xFFFF, 0xFFFF, 0xFFFF, 0xFFFF, 0xFFFF, 0xC150, 0x9EDE, 0xFB16, 0xFFFF, 0xFFFF, 0xFFFF, 0xFFFF, 0xFFFF, 0xFFFF, 0xFFFF, 0xC150,
        0xFFFF, 0xC150, 0xC150, 0xC150, 0xC150, 0xC150, 0x9EDE, 0xFB16, 0xFFFF, 0xC150, 0xC150, 0xC150, 0xC150, 0xFB16, 0xFFFF, 0xC150,
        0xFFFF, 0xC150, 0x9EDE, 0x9EDE, 0x9EDE, 0x9EDE, 0x9EDE, 0xFB16, 0xFFFF, 0xC150, 0x9EDE, 0x9EDE, 0x9EDE, 0xFB16, 0xFFFF, 0xC150,
        0xFFFF, 0xFB16, 0xFB16, 0xFB16, 0xFB16, 0xFB16, 0x9EDE, 0xFB16, 0xFFFF, 0xC150, 0x9EDE, 0x9EDE, 0x9EDE, 0xFB16, 0xFFFF, 0xC150,
        0xFFFF, 0xFFFF, 0xFFFF, 0xFFFF, 0xFFFF, 0xFFFF, 0xC150, 0xFB16, 0xFFFF, 0xC150, 0x9EDE, 0x9EDE, 0x9EDE, 0xFB16, 0xFFFF, 0xC150,
        0xC150, 0xC150, 0xC150, 0xC150, 0xC150, 0xC150, 0xC150, 0x9EDE, 0xC150, 0xC150, 0x9EDE, 0x9EDE, 0x9EDE, 0x9EDE, 0xC150, 0xC150,
        0x9EDE, 0x9EDE, 0x9EDE, 0x9EDE, 0x9EDE, 0x9EDE, 0x9EDE, 0x9EDE, 0x9EDE, 0x9EDE, 0x9EDE, 0x9EDE, 0x9EDE, 0x9EDE, 0x9EDE, 0x9EDE,
        0x9EDE, 0x9EDE, 0x9EDE, 0x9EDE, 0x9EDE, 0x9EDE, 0x9EDE, 0x9EDE, 0x9EDE, 0x9EDE, 0x9EDE, 0x9EDE, 0x9EDE, 0x9EDE, 0x9EDE, 0x9EDE,
    },
    {
        0x9EDE, 0x9EDE, 0x9EDE, 0x9EDE, 0x9EDE, 0x9EDE, 0x9EDE, 0x9EDE, 0x9EDE, 0x9EDE, 0x9EDE, 0x9EDE, 0x9EDE, 0x9EDE, 0x9EDE, 0x9EDE,
        0x9EDE, 0x9EDE, 0x9EDE, 0x9EDE, 0x9EDE, 0x9EDE, 0x9EDE, 0x9EDE, 0x9EDE, 0x9EDE, 0x9EDE, 0x9EDE, 0x9EDE, 0x9EDE, 0x9EDE, 0x9EDE,
        0x9EDE, 0x9EDE, 0x9EDE, 0x9EDE, 0x9EDE, 0x9EDE, 0x9EDE, 0x9EDE, 0x9EDE, 0x9EDE, 0x9EDE, 0x9EDE, 0x9EDE, 0x9EDE, 0x9EDE, 0x9EDE,
        0xFB16, 0xFB16, 0xFB16, 0xFB16, 0xFB16, 0x9EDE, 0xFB16, 0xFB16, 0xFB16, 0xFB16, 0xFB16, 0xFB16, 0xFB16, 0xFB16, 0x9EDE, 0x9EDE,
        0xFFFF, 0xFFFF, 0xFFFF, 0xFFFF, 0xFFFF, 0xC150, 0xFB16, 0xFFFF, 0xFFFF, 0xFFFF, 0xFFFF, 0xFFFF, 0xFFFF, 0xFFFF, 0xC150, 0x9EDE,
        0xC150, 0xC150, 0xC150, 0xC150, 0xC150, 0xC150, 0xFB16, 0xFFFF, 0xC150, 0xC150, 0xC150, 0xC150, 0xFB16, 0xFFFF, 0xC150, 0x9EDE,
        0xC150, 0x9EDE, 0x9EDE, 0x9EDE, 0x9EDE, 0x9EDE, 0xFB16, 0xFFFF, 0xC150, 0x9EDE, 0x9EDE, 0x9EDE, 0xFB16, 0xFFFF, 0xC150, 0x9EDE,
        0xFB16, 0xFB16, 0xFB16, 0xFB16, 0x9EDE, 0x9EDE, 0xFB16, 0xFFFF, 0xFB16, 0xFB16, 0xFB16, 0xFB16, 0xFFFF, 0xFFFF, 0xC150, 0x9EDE,
        0xFFFF, 0xFFFF, 0xFFFF, 0xFFFF, 0xC150, 0x9EDE, 0xFB16, 0xFFFF, 0xFFFF, 0xFFFF, 0xFFFF, 0xFFFF, 0xFFFF, 0xFFFF, 0xC150, 0x9EDE,
        0xC150, 0xC150, 0xC150, 0xC150, 0xC150, 0x9EDE, 0xFB16, 0xFFFF, 0xC150, 0xC150, 0xC150, 0xC150, 0xFB16, 0xFFFF, 0xC150, 0x9EDE,
        0xC150, 0x9EDE, 0x9EDE, 0x9EDE, 0x9EDE, 0x9EDE, 0xFB16, 0xFFFF, 0xC150, 0x9EDE, 0x9EDE, 0x9EDE, 0xFB16, 0xFFFF, 0xC150, 0x9EDE,
        0xFB16, 0xFB16, 0xFB16, 0xFB16, 0xFB16, 0x9EDE, 0xFB16, 0xFFFF, 0xC150, 0x9EDE, 0x9EDE, 0x9EDE, 0xFB16, 0xFFFF, 0xC150, 0x9EDE,
        0xFFFF, 0xFFFF, 0xFFFF, 0xFFFF, 0xFFFF, 0xC150, 0xFB16, 0xFFFF, 0xC150, 0x9EDE, 0x9EDE, 0x9EDE, 0xFB16, 0xFFFF, 0xC150, 0x9EDE,
        0xC150, 0xC150, 0xC150, 0xC150, 0xC150, 0xC150, 0x9EDE, 0xC150, 0xC150, 0x9EDE, 0x9EDE, 0x9EDE, 0x9EDE, 0xC150, 0xC150, 0x9EDE,
        0x9EDE, 0x9EDE, 0x9EDE, 0x9EDE, 0x9EDE, 0x9EDE, 0x9EDE, 0x9EDE, 0x9EDE, 0x9EDE, 0x9EDE, 0x9EDE, 0x9EDE, 0x9EDE, 0x9EDE, 0x9EDE,
        0x9EDE, 0x9EDE, 0x9EDE, 0x9EDE, 0x9EDE, 0x9EDE, 0x9EDE, 0x9EDE, 0x9EDE, 0x9EDE, 0x9EDE, 0x9EDE, 0x9EDE, 0x9EDE, 0x9EDE, 0x9EDE,
    },
    {
        0x9EDE, 0x9EDE, 0x9EDE, 0x9EDE, 0x9EDE, 0x9EDE, 0x9EDE, 0x9EDE, 0x9EDE, 0x9EDE, 0x9EDE, 0x9EDE, 0x9EDE, 0x9EDE, 0x9EDE, 0x9EDE,
        0x9EDE, 0x9EDE, 0x9EDE, 0x9EDE, 0x9EDE, 0x9EDE, 0x9EDE, 0x9EDE, 0x9EDE, 0x9EDE, 0x9EDE, 0x9EDE, 0x9EDE, 0x9EDE, 0x9EDE, 0x9EDE,
        0x9EDE, 0x9EDE, 0x9EDE, 0x9EDE, 0x9EDE, 0x9EDE, 0x9EDE, 0x9EDE, 0x9EDE, 0x9EDE, 0x9EDE, 0x9EDE, 0x9EDE, 0x9EDE, 0x9EDE, 0x9EDE,
        0xFB16, 0xFB16, 0xFB16, 0xFB16, 0x9EDE, 0xFB16, 0xFB16, 0xFB16, 0xFB16, 0xFB16, 0xFB16, 0xFB16, 0xFB16, 0x9EDE, 0x9EDE, 0x9EDE,
        0xFFFF, 0xFFFF, 0xFFFF, 0xFFFF, 0xC150, 0xFB16, 0xFFFF, 0xFFFF, 0xFFFF, 0xFFFF, 0xFFFF, 0xFFFF, 0xFFFF, 0xC150, 0x9EDE, 0x9EDE,
        0xC150, 0xC150, 0xC150, 0xC150, 0xC150, 0xFB16, 0xFFFF, 0xC150, 0xC150, 0xC150, 0xC150, 0xFB16, 0xFFFF, 0xC150, 0x9EDE, 0x9EDE,
        0x9EDE, 0x9EDE, 0x9EDE, 0x9EDE, 0x9EDE, 0xFB16, 0xFFFF, 0xC150, 0x9EDE, 0x9EDE, 0x9EDE, 0xFB16, 0xFFFF, 0xC150, 0x9EDE, 0x9EDE,
        0xFB16, 0xFB16, 0xFB16, 0x9EDE, 0x9EDE, 0xFB16, 0xFFFF, 0xFB16, 0xFB16, 0xFB16, 0xFB16, 0xFFFF, 0xFFFF, 0xC150, 0x9EDE, 0x9EDE,
        0xFFFF, 0xFFFF, 0xFFFF, 0xC150, 0x9EDE, 0xFB16, 0xFFFF, 0xFFFF, 0xFFFF, 0xFFFF, 0xFFFF, 0xFFFF, 0xFFFF, 0xC150, 0x9EDE, 0x9EDE,
        0xC150, 0xC150, 0xC150, 0xC150, 0x9EDE, 0xFB16, 0xFFFF, 0xC150, 0xC150, 0xC150, 0xC150, 0xFB16, 0xFFFF, 0xC150, 0x9EDE, 0x9EDE,
        0x9EDE, 0x9EDE, 0x9EDE, 0x9EDE, 0x9EDE, 0xFB16, 0xFFFF, 0xC150, 0x9EDE, 0x9EDE, 0x9EDE, 0xFB16, 0xFFFF, 0xC150, 0x9EDE, 0x9EDE,
        0xFB16, 0xFB16, 0xFB16, 0xFB16, 0x9EDE, 0xFB16, 0xFFFF, 0xC150, 0x9EDE, 0x9EDE, 0x9EDE, 0xFB16, 0xFFFF, 0xC150, 0x9EDE, 0x9EDE,
        0xFFFF, 0xFFFF, 0xFFFF, 0xFFFF, 0xC150, 0xFB16, 0xFFFF, 0xC150, 0x9EDE, 0x9EDE, 0x9EDE, 0xFB16, 0xFFFF, 0xC150, 0x9EDE, 0x9EDE,
        0xC150, 0xC150, 0xC150, 0xC150, 0xC150, 0x9EDE, 0xC150, 0xC150, 0x9EDE, 0x9EDE, 0x9EDE, 0x9EDE, 0xC150, 0xC150, 0x9EDE, 0x9EDE,
        0x9EDE, 0x9EDE, 0x9EDE, 0x9EDE, 0x9EDE, 0x9EDE, 0x9EDE, 0x9EDE, 0x9EDE, 0x9EDE, 0x9EDE, 0x9EDE, 0x9EDE, 0x9EDE, 0x9EDE, 0x9EDE,
        0x9EDE, 0x9EDE, 0x9EDE, 0x9EDE, 0x9EDE, 0x9EDE, 0x9EDE, 0x9EDE, 0x9EDE, 0x9EDE, 0x9EDE, 0x9EDE, 0x9EDE, 0x9EDE, 0x9EDE, 0x9EDE,
    },
    {
        0x9EDE, 0x9EDE, 0x9EDE, 0x9EDE, 0x9EDE, 0x9EDE, 0x9EDE, 0x9EDE, 0x9EDE, 0x9EDE, 0x9EDE, 0x9EDE, 0x9EDE, 0x9EDE, 0x9EDE, 0x9EDE,
        0x9EDE, 0x9EDE, 0x9EDE, 0x9EDE, 0x9EDE, 0x9EDE, 0x9EDE, 0x9EDE, 0x9EDE, 0x9EDE, 0x9EDE, 0x9EDE, 0x9EDE, 0x9EDE, 0x9EDE, 0x9EDE,
        0x9EDE, 0x9EDE, 0x9EDE, 0x9EDE, 0x9EDE, 0x9EDE, 0x9EDE, 0x9EDE, 0x9EDE, 0x9EDE, 0x9EDE, 0x9EDE, 0x9EDE, 0x9EDE, 0x9EDE, 0x9EDE,
        0xFB16, 0xFB16, 0xFB16, 0x9EDE, 0xFB16, 0xFB16, 0xFB16, 0xFB16, 0xFB16, 0xFB16, 0xFB16, 0xFB16, 0x9EDE, 0x9EDE, 0x9EDE, 0x9EDE,
        0xFFFF, 0xFFFF, 0xFFFF, 0xC150, 0xFB16, 0xFFFF, 0xFFFF, 0xFFFF, 0xFFFF, 0xFFFF, 0xFFFF, 0xFFFF, 0xC150, 0x9EDE, 0x9EDE, 0x9EDE,
        0xC150, 0xC150, 0xC150, 0xC150, 0xFB16, 0xFFFF, 0xC150, 0xC150, 0xC150, 0xC150, 0xFB16, 0xFFFF, 0xC150, 0x9EDE, 0x9EDE, 0x9EDE,
        0x9EDE, 0x9EDE, 0x9EDE, 0x9EDE, 0xFB16, 0xFFFF, 0xC150, 0x9EDE, 0x9EDE, 0x9EDE, 0xFB16, 0xFFFF, 0xC150, 0x9EDE, 0x9EDE, 0x9EDE,
        0xFB16, 0xFB16, 0x9EDE, 0x9EDE, 0xFB16, 0xFFFF, 0xFB16, 0xFB16, 0xFB16, 0xFB16, 0xFFFF, 0xFFFF, 0xC150, 0x9EDE, 0x9EDE, 0x9EDE,
        0xFFFF, 0xFFFF, 0xC150, 0x9EDE, 0xFB16, 0xFFFF, 0xFFFF, 0xFFFF, 0xFFFF, 0xFFFF, 0xFFFF, 0xFFFF, 0xC150, 0x9EDE, 0x9EDE, 0x9EDE,
        0xC150, 0xC150, 0xC150, 0x9EDE, 0xFB16, 0xFFFF, 0xC150, 0xC150, 0xC150, 0xC150, 0xFB16, 0xFFFF, 0xC150, 0x9EDE, 0x9EDE, 0x9EDE,
        0x9EDE, 0x9EDE, 0x9EDE, 0x9EDE, 0xFB16, 0xFFFF, 0xC150, 0x9EDE, 0x9EDE, 0x9EDE, 0xFB16, 0xFFFF, 0xC150, 0x9EDE, 0x9EDE, 0x9EDE,
        0xFB16, 0xFB16, 0xFB16, 0x9EDE, 0xFB16, 0xFFFF, 0xC150, 0x9EDE, 0x9EDE, 0x9EDE, 0xFB16, 0xFFFF, 0xC150, 0x9EDE, 0x9EDE, 0x9EDE,
        0xFFFF, 0xFFFF, 0xFFFF, 0xC150, 0xFB16, 0xFFFF, 0xC150, 0x9EDE, 0x9EDE, 0x9EDE, 0xFB16, 0xFFFF, 0xC150, 0x9EDE, 0x9EDE, 0x9EDE,
        0xC150, 0xC150, 0xC150, 0xC150, 0x9EDE, 0xC150, 0xC150, 0x9EDE, 0x9EDE, 0x9EDE, 0x9EDE, 0xC150, 0xC150, 0x9EDE, 0x9EDE, 0x9EDE,
        0x9EDE, 0x9EDE, 0x9EDE, 0x9EDE, 0x9EDE, 0x9EDE, 0x9EDE, 0x9EDE, 0x9EDE, 0x9EDE, 0x9EDE, 0x9EDE, 0x9EDE, 0x9EDE, 0x9EDE, 0x9EDE,
        0x9EDE, 0x9EDE, 0x9EDE, 0x9EDE, 0x9EDE, 0x9EDE, 0x9EDE, 0x9EDE, 0x9EDE, 0x9EDE, 0x9EDE, 0x9EDE, 0x9EDE, 0x9EDE, 0x9EDE, 0x9EDE,
    },
    {
        0x9EDE, 0x9EDE, 0x9EDE, 0x9EDE, 0x9EDE, 0x9EDE, 0x9EDE, 0x9EDE, 0x9EDE, 0x9EDE, 0x9EDE, 0x9EDE, 0x9EDE, 0x9EDE, 0x9EDE, 0x9EDE,
        0x9EDE, 0x9EDE, 0x9EDE, 0x9EDE, 0x9EDE, 0x9EDE, 0x9EDE, 0x9EDE, 0x9EDE, 0x9EDE, 0x9EDE, 0x9EDE, 0x9EDE, 0x9EDE, 0x9EDE, 0x9EDE,
        0x9EDE, 0x9EDE, 0x9EDE, 0x9EDE, 0x9EDE, 0x9EDE, 0x9EDE, 0x9EDE, 0x9EDE, 0x9EDE, 0x9EDE, 0x9EDE, 0x9EDE, 0x9EDE, 0x9EDE, 0x9EDE,
        0xFB16, 0xFB16, 0x9EDE, 0xFB16, 0xFB16, 0xFB16, 0xFB16, 0xFB16, 0xFB16, 0xFB16, 0xFB16, 0x9EDE, 0x9EDE, 0x9EDE, 0x9EDE, 0x9EDE,
        0xFFFF, 0xFFFF, 0xC150, 0xFB16, 0xFFFF, 0xFFFF, 0xFFFF, 0xFFFF, 0xFFFF, 0xFFFF, 0xFFFF, 0xC150, 0x9EDE, 0x9EDE, 0x9EDE, 0x9EDE,
        0xC150, 0xC150, 0xC150, 0xFB16, 0xFFFF, 0xC150, 0xC150, 0xC150, 0xC150, 0xFB16, 0xFFFF, 0xC150, 0x9EDE, 0x9EDE, 0x9EDE, 0x9EDE,
        0x9EDE, 0x9EDE, 0x9EDE, 0xFB16, 0xFFFF, 0xC150, 0x9EDE, 0x9EDE, 0x9EDE, 0xFB16, 0xFFFF, 0xC150, 0x9EDE, 0x9EDE, 0x9EDE, 0x9EDE,
        0xFB16, 0x9EDE, 0x9EDE, 0xFB16, 0xFFFF, 0xFB16, 0xFB16, 0xFB16, 0xFB16, 0xFFFF, 0xFFFF, 0xC150, 0x9EDE, 0x9EDE, 0x9EDE, 0x9EDE,
        0xFFFF, 0xC150, 0x9EDE, 0xFB16, 0xFFFF, 0xFFFF, 0xFFFF, 0xFFFF, 0xFFFF, 0xFFFF, 0xFFFF, 0xC150, 0x9EDE, 0x9EDE, 0x9EDE, 0x9EDE,
        0xC150, 0xC150, 0x9EDE, 0xFB16, 0xFFFF, 0xC150, 0xC150, 0xC150, 0xC150, 0xFB16, 0xFFFF, 0xC150, 0x9EDE, 0x9EDE, 0x9EDE, 0x9EDE,
        0x9EDE, 0x9EDE, 0x9EDE, 0xFB16, 0xFFFF, 0xC150, 0x9EDE, 0x9EDE, 0x9EDE, 0xFB16, 0xFFFF, 0xC150, 0x9EDE, 0x9EDE, 0x9EDE, 0x9EDE,
        0xFB16, 0xFB16, 0x9EDE, 0xFB16, 0xFFFF, 0xC150, 0x9EDE, 0x9EDE, 0x9EDE, 0xFB16, 0xFFFF, 0xC150, 0x9EDE, 0x9EDE, 0x9EDE, 0x9EDE,
        0xFFFF, 0xFFFF, 0xC150, 0xFB16, 0xFFFF, 0xC150, 0x9EDE, 0x9EDE, 0x9EDE, 0xFB16, 0xFFFF, 0xC150, 0x9EDE, 0x9EDE, 0x9EDE, 0x9EDE,
        0xC150, 0xC150, 0xC150, 0x9EDE, 0xC150, 0xC150, 0x9EDE, 0x9EDE, 0x9EDE, 0x9EDE, 0xC150, 0xC150, 0x9EDE, 0x9EDE, 0x9EDE, 0x9EDE,
        0x9EDE, 0x9EDE, 0x9EDE, 0x9EDE, 0x9EDE, 0x9EDE, 0x9EDE, 0x9EDE, 0x9EDE, 0x9EDE, 0x9EDE, 0x9EDE, 0x9EDE, 0x9EDE, 0x9EDE, 0x9EDE,
        0x9EDE, 0x9EDE, 0x9EDE, 0x9EDE, 0x9EDE, 0x9EDE, 0x9EDE, 0x9EDE, 0x9EDE, 0x9EDE, 0x9EDE, 0x9EDE, 0x9EDE, 0x9EDE, 0x9EDE, 0x9EDE,
    },
    {
        0x9EDE, 0x9EDE, 0x9EDE, 0x9EDE, 0x9EDE, 0x9EDE, 0x9EDE, 0x9EDE, 0x9EDE, 0x9EDE, 0x9EDE, 0x9EDE, 0x9EDE, 0x9EDE, 0x9EDE, 0x9EDE,
        0x9EDE, 0x9EDE, 0x9EDE, 0x9EDE, 0x9EDE, 0x9EDE, 0x9EDE, 0x9EDE, 0x9EDE, 0x9EDE, 0x9EDE, 0x9EDE, 0x9EDE, 0x9EDE, 0x9EDE, 0x9EDE,
        0x9EDE, 0x9EDE, 0x9EDE, 0x9EDE, 0x9EDE, 0x9EDE, 0x9EDE, 0x9EDE, 0x9EDE, 0x9EDE, 0x9EDE, 0x9EDE, 0x9EDE, 0x9EDE, 0x9EDE, 0x9EDE,
        0xFB16, 0x9EDE, 0xFB16, 0xFB16, 0xFB16, 0xFB16, 0xFB16, 0xFB16, 0xFB16, 0xFB16, 0x9EDE, 0x9EDE, 0x9EDE, 0x9EDE, 0x9EDE, 0x9EDE,
        0xFFFF, 0xC150, 0xFB16, 0xFFFF, 0xFFFF, 0xFFFF, 0xFFFF, 0xFFFF, 0xFFFF, 0xFFFF, 0xC150, 0x9EDE, 0x9EDE, 0x9EDE, 0x9EDE, 0x9EDE,
        0xC150, 0xC150, 0xFB16, 0xFFFF, 0xC150, 0xC150, 0xC150, 0xC150, 0xFB16, 0xFFFF, 0xC150, 0x9EDE, 0x9EDE, 0x9EDE, 0x9EDE, 0x9EDE,
        0x9EDE, 0x9EDE, 0xFB16, 0xFFFF, 0xC150, 0x9EDE, 0x9EDE, 0x9EDE, 0xFB16, 0xFFFF, 0xC150, 0x9EDE, 0x9EDE, 0x9EDE, 0x9EDE, 0x9EDE,
        0x9EDE, 0x9EDE, 0xFB16, 0xFFFF, 0xFB16, 0xFB16, 0xFB16, 0xFB16, 0xFFFF, 0xFFFF, 0xC150, 0x9EDE, 0x9EDE, 0x9EDE, 0x9EDE, 0x9EDE,
        0xC150, 0x9EDE, 0xFB16, 0xFFFF, 0xFFFF, 0xFFFF, 0xFFFF, 0xFFFF, 0xFFFF, 0xFFFF, 0xC150, 0x9EDE, 0x9EDE, 0x9EDE, 0x9EDE, 0xFB16,
        0xC150, 0x9EDE, 0xFB16, 0xFFFF, 0xC150, 0xC150, 0xC150, 0xC150, 0xFB16, 0xFFFF, 0xC150, 0x9EDE, 0x9EDE, 0x9EDE, 0x9EDE, 0xFB16,
        0x9EDE, 0x9EDE, 0xFB16, 0xFFFF, 0xC150, 0x9EDE, 0x9EDE, 0x9EDE, 0xFB16, 0xFFFF, 0xC150, 0x9EDE, 0x9EDE, 0x9EDE, 0x9EDE, 0xFB16,
        0xFB16, 0x9EDE, 0xFB16, 0xFFFF, 0xC150, 0x9EDE, 0x9EDE, 0x9EDE, 0xFB16, 0xFFFF, 0xC150, 0x9EDE, 0x9EDE, 0x9EDE, 0x9EDE, 0x9EDE,
        0xFFFF, 0xC150, 0xFB16, 0xFFFF, 0xC150, 0x9EDE, 0x9EDE, 0x9EDE, 0xFB16, 0xFFFF, 0xC150, 0x9EDE, 0x9EDE, 0x9EDE, 0x9EDE, 0x9EDE,
        0xC150, 0xC150, 0x9EDE, 0xC150, 0xC150, 0x9EDE, 0x9EDE, 0x9EDE, 0x9EDE, 0xC150, 0xC150, 0x9EDE, 0x9EDE, 0x9EDE, 0x9EDE, 0x9EDE,
        0x9EDE, 0x9EDE, 0x9EDE, 0x9EDE, 0x9EDE, 0x9EDE, 0x9EDE, 0x9EDE, 0x9EDE, 0x9EDE, 0x9EDE, 0x9EDE, 0x9EDE, 0x9EDE, 0x9EDE, 0x9EDE,
        0x9EDE, 0x9EDE, 0x9EDE, 0x9EDE, 0x9EDE, 0x9EDE, 0x9EDE, 0x9EDE, 0x9EDE, 0x9EDE, 0x9EDE, 0x9EDE, 0x9EDE, 0x9EDE, 0x9EDE, 0x9EDE,
    },
    {
        0x9EDE, 0x9EDE, 0x9EDE, 0x9EDE, 0x9EDE, 0x9EDE, 0x9EDE, 0x9EDE, 0x9EDE, 0x9EDE, 0x9EDE, 0x9EDE, 0x9EDE, 0x9EDE, 0x9EDE, 0x9EDE,
        0x9EDE, 0x9EDE, 0x9EDE, 0x9EDE, 0x9EDE, 0x9EDE, 0x9EDE, 0x9EDE, 0x9EDE, 0x9EDE, 0x9EDE, 0x9EDE, 0x9EDE, 0x9EDE, 0x9EDE, 0x9EDE,
        0x9EDE, 0x9EDE, 0x9EDE, 0x9EDE, 0x9EDE, 0x9EDE, 0x9EDE, 0x9EDE, 0x9EDE, 0x9EDE, 0x9EDE, 0x9EDE, 0x9EDE, 0x9EDE, 0x9EDE, 0x9EDE,
        0x9EDE, 0xFB16, 0xFB16, 0xFB16, 0xFB16, 0xFB16, 0xFB16, 0xFB16, 0xFB16, 0x9EDE, 0x9EDE, 0x9EDE, 0x9EDE, 0x9EDE, 0x9EDE, 0x9EDE,
        0xC150, 0xFB16, 0xFFFF, 0xFFFF, 0xFFFF, 0xFFFF, 0xFFFF, 0xFFFF, 0xFFFF, 0xC150, 0x9EDE, 0x9EDE, 0x9EDE, 0x9EDE, 0x9EDE, 0xFB16,
        0xC150, 0xFB16, 0xFFFF, 0xC150, 0xC150, 0xC150, 0xC150, 0xFB16, 0xFFFF, 0xC150, 0x9EDE, 0x9EDE, 0x9EDE, 0x9EDE, 0x9EDE, 0xFB16,
        0x9EDE, 0xFB16, 0xFFFF, 0xC150, 0x9EDE, 0x9EDE, 0x9EDE, 0xFB16, 0xFFFF, 0xC150, 0x9EDE, 0x9EDE, 0x9EDE, 0x9EDE, 0x9EDE, 0x9EDE,
        0x9EDE, 0xFB16, 0xFFFF, 0xFB16, 0xFB16, 0xFB16, 0xFB16, 0xFFFF, 0xFFFF, 0xC150, 0x9EDE, 0x9EDE, 0x9EDE, 0x9EDE, 0x9EDE, 0xFB16,
        0x9EDE, 0xFB16, 0xFFFF, 0xFFFF, 0xFFFF, 0xFFFF, 0xFFFF, 0xFFFF, 0xFFFF, 0xC150, 0x9EDE, 0x9EDE, 0x9EDE, 0x9EDE, 0xFB16, 0xFFFF,
        0x9EDE, 0xFB16, 0xFFFF, 0xC150, 0xC150, 0xC150, 0xC150, 0xFB16, 0xFFFF, 0xC150, 0x9EDE, 0x9EDE, 0x9EDE, 0x9EDE, 0xFB16, 0xFFFF,
        0x9EDE, 0xFB16, 0xFFFF, 0xC150, 0x9EDE, 0x9EDE, 0x9EDE, 0xFB16, 0xFFFF, 0xC150, 0x9EDE, 0x9EDE, 0x9EDE, 0x9EDE, 0xFB16, 0xFFFF,
        0x9EDE, 0xFB16, 0xFFFF, 0xC150, 0x9EDE, 0x9EDE, 0x9EDE, 0xFB16, 0xFFFF, 0xC150, 0x9EDE, 0x9EDE, 0x9EDE, 0x9EDE, 0x9EDE, 0xFB16,
        0xC150, 0xFB16, 0xFFFF, 0xC150, 0x9EDE, 0x9EDE, 0x9EDE, 0xFB16, 0xFFFF, 0xC150, 0x9EDE, 0x9EDE, 0x9EDE, 0x9EDE, 0x9EDE, 0x9EDE,
        0xC150, 0x9EDE, 0xC150, 0xC150, 0x9EDE, 0x9EDE, 0x9EDE, 0x9EDE, 0xC150, 0xC150, 0x9EDE, 0x9EDE, 0x9EDE, 0x9EDE, 0x9EDE, 0x9EDE,
        0x9EDE, 0x9EDE, 0x9EDE, 0x9EDE, 0x9EDE, 0x9EDE, 0x9EDE, 0x9EDE, 0x9EDE, 0x9EDE, 0x9EDE, 0x9EDE, 0x9EDE, 0x9EDE, 0x9EDE, 0x9EDE,
        0x9EDE, 0x9EDE, 0x9EDE, 0x9EDE, 0x9EDE, 0x9EDE, 0x9EDE, 0x9EDE, 0x9EDE, 0x9EDE, 0x9EDE, 0x9EDE, 0x9EDE, 0x9EDE, 0x9EDE, 0x9EDE,
    },
    {
        0x9EDE, 0x9EDE, 0x9EDE, 0x9EDE, 0x9EDE, 0x9EDE, 0x9EDE, 0x9EDE, 0x9EDE, 0x9EDE, 0x9EDE, 0x9EDE, 0x9EDE, 0x9EDE, 0x9EDE, 0x9EDE,
        0x9EDE, 0x9EDE, 0x9EDE, 0x9EDE, 0x9EDE, 0x9EDE, 0x9EDE, 0x9EDE, 0x9EDE, 0x9EDE, 0x9EDE, 0x9EDE, 0x9EDE, 0x9EDE, 0x9EDE, 0x9EDE,
        0x9EDE, 0x9EDE, 0x9EDE, 0x9EDE, 0x9EDE, 0x9EDE, 0x9EDE, 0x9EDE, 0x9EDE, 0x9EDE, 0x9EDE, 0x9EDE, 0x9EDE, 0x9EDE, 0x9EDE, 0x9EDE,
        0xFB16, 0xFB16, 0xFB16, 0xFB16, 0xFB16, 0xFB16, 0xFB16, 0xFB16, 0x9EDE, 0x9EDE, 0x9EDE, 0x9EDE, 0x9EDE, 0x9EDE, 0x9EDE, 0xFB16,
        0xFB16, 0xFFFF, 0xFFFF, 0xFFFF, 0xFFFF, 0xFFFF, 0xFFFF, 0xFFFF, 0xC150, 0x9EDE, 0x9EDE, 0x9EDE, 0x9EDE, 0x9EDE, 0xFB16, 0xFFFF,
        0xFB16, 0xFFFF, 0xC150, 0xC150, 0xC150, 0xC150, 0xFB16, 0xFFFF, 0xC150, 0x9EDE, 0x9EDE, 0x9EDE, 0x9EDE, 0x9EDE, 0xFB16, 0xFFFF,
        0xFB16, 0xFFFF, 0xC150, 0x9EDE, 0x9EDE, 0x9EDE, 0xFB16, 0xFFFF, 0xC150, 0x9EDE, 0x9EDE, 0x9EDE, 0x9EDE, 0x9EDE, 0x9EDE, 0xFB16,
        0xFB16, 0xFFFF, 0xFB16, 0xFB16, 0xFB16, 0xFB16, 0xFFFF, 0xFFFF, 0xC150, 0x9EDE, 0x9EDE, 0x9EDE, 0x9EDE, 0x9EDE, 0xFB16, 0xFFFF,
        0xFB16, 0xFFFF, 0xFFFF, 0xFFFF, 0xFFFF, 0xFFFF, 0xFFFF, 0xFFFF, 0xC150, 0x9EDE, 0x9EDE, 0x9EDE, 0x9EDE, 0xFB16, 0xFFFF, 0xC150,
        0xFB16, 0xFFFF, 0xC150, 0xC150, 0xC150, 0xC150, 0xFB16, 0xFFFF, 0xC150, 0x9EDE, 0x9EDE, 0x9EDE, 0x9EDE, 0xFB16, 0xFFFF, 0xC150,
        0xFB16, 0xFFFF, 0xC150, 0x9EDE, 0x9EDE, 0x9EDE, 0xFB16, 0xFFFF, 0xC150, 0x9EDE, 0x9EDE, 0x9EDE, 0x9EDE, 0xFB16, 0xFFFF, 0xC150,
        0xFB16, 0xFFFF, 0xC150, 0x9EDE, 0x9EDE, 0x9EDE, 0xFB16, 0xFFFF, 0xC150, 0x9EDE, 0x9EDE, 0x9EDE, 0x9EDE, 0x9EDE, 0xFB16, 0xFB16,
        0xFB16, 0xFFFF, 0xC150, 0x9EDE, 0x9EDE, 0x9EDE, 0xFB16, 0xFFFF, 0xC150, 0x9EDE, 0x9EDE, 0x9EDE, 0x9EDE, 0x9EDE, 0x9EDE, 0xFB16,
        0x9EDE, 0xC150, 0xC150, 0x9EDE, 0x9EDE, 0x9EDE, 0x9EDE, 0xC150, 0xC150, 0x9EDE, 0x9EDE, 0x9EDE, 0x9EDE, 0x9EDE, 0x9EDE, 0x9EDE,
        0x9EDE, 0x9EDE, 0x9EDE, 0x9EDE, 0x9EDE, 0x9EDE, 0x9EDE, 0x9EDE, 0x9EDE, 0x9EDE, 0x9EDE, 0x9EDE, 0x9EDE, 0x9EDE, 0x9EDE, 0x9EDE,
        0x9EDE, 0x9EDE, 0x9EDE, 0x9EDE, 0x9EDE, 0x9EDE, 0x9EDE, 0x9EDE, 0x9EDE, 0x9EDE, 0x9EDE, 0x9EDE, 0x9EDE, 0x9EDE, 0x9EDE, 0x9EDE,
    },
    {
        0x9EDE, 0x9EDE, 0x9EDE, 0x9EDE, 0x9EDE, 0x9EDE, 0x9EDE, 0x9EDE, 0x9EDE, 0x9EDE, 0x9EDE, 0x9EDE, 0x9EDE, 0x9EDE, 0x9EDE, 0x9EDE,
        0x9EDE, 0x9EDE, 0x9EDE, 0x9EDE, 0x9EDE, 0x9EDE, 0x9EDE, 0x9EDE, 0x9EDE, 0x9EDE, 0x9EDE, 0x9EDE, 0x9EDE, 0x9EDE, 0x9EDE, 0x9EDE,
        0x9EDE, 0x9EDE, 0x9EDE, 0x9EDE, 0x9EDE, 0x9EDE, 0x9EDE, 0x9EDE, 0x9EDE, 0x9EDE, 0x9EDE, 0x9EDE, 0x9EDE, 0x9EDE, 0x9EDE, 0x9EDE,
        0xFB16, 0xFB16, 0xFB16, 0xFB16, 0xFB16, 0xFB16, 0xFB16, 0x9EDE, 0x9EDE, 0x9EDE, 0x9EDE, 0x9EDE, 0x9EDE, 0x9EDE, 0xFB16, 0xFB16,
        0xFFFF, 0xFFFF, 0xFFFF, 0xFFFF, 0xFFFF, 0xFFFF, 0xFFFF, 0xC150, 0x9EDE, 0x9EDE, 0x9EDE, 0x9EDE, 0x9EDE, 0xFB16, 0xFFFF, 0xC150,
        0xFFFF, 0xC150, 0xC150, 0xC150, 0xC150, 0xFB16, 0xFFFF, 0xC150, 0x9EDE, 0x9EDE, 0x9EDE, 0x9EDE, 0x9EDE, 0xFB16, 0xFFFF, 0xC150,
        0xFFFF, 0xC150, 0x9EDE, 0x9EDE, 0x9EDE, 0xFB16, 0xFFFF, 0xC150, 0x9EDE, 0x9EDE, 0x9EDE, 0x9EDE, 0x9EDE, 0x9EDE, 0xFB16, 0xFB16,
        0xFFFF, 0xFB16, 0xFB16, 0xFB16, 0xFB16, 0xFFFF, 0xFFFF, 0xC150, 0x9EDE, 0x9EDE, 0x9EDE, 0x9EDE, 0x9EDE, 0xFB16, 0xFFFF, 0xFFFF,
        0xFFFF, 0xFFFF, 0xFFFF, 0xFFFF, 0xFFFF, 0xFFFF, 0xFFFF, 0xC150, 0x9EDE, 0x9EDE, 0x9EDE, 0x9EDE, 0xFB16, 0xFFFF, 0xC150, 0xC150,
        0xFFFF, 0xC150, 0xC150, 0xC150, 0xC150, 0xFB16, 0xFFFF, 0xC150, 0x9EDE, 0x9EDE, 0x9EDE, 0x9EDE, 0xFB16, 0xFFFF, 0xC150, 0x9EDE,
        0xFFFF, 0xC150, 0x9EDE, 0x9EDE, 0x9EDE, 0xFB16, 0xFFFF, 0xC150, 0x9EDE, 0x9EDE, 0x9EDE, 0x9EDE, 0xFB16, 0xFFFF, 0xC150, 0x9EDE,
        0xFFFF, 0xC150, 0x9EDE, 0x9EDE, 0x9EDE, 0xFB16, 0xFFFF, 0xC150, 0x9EDE, 0x9EDE, 0x9EDE, 0x9EDE, 0x9EDE, 0xFB16, 0xFB16, 0x9EDE,
        0xFFFF, 0xC150, 0x9EDE, 0x9EDE, 0x9EDE, 0xFB16, 0xFFFF, 0xC150, 0x9EDE, 0x9EDE, 0x9EDE, 0x9EDE, 0x9EDE, 0x9EDE, 0xFB16, 0xFB16,
        0xC150, 0xC150, 0x9EDE, 0x9EDE, 0x9EDE, 0x9EDE, 0xC150, 0xC150, 0x9EDE, 0x9EDE, 0x9EDE, 0x9EDE, 0x9EDE, 0x9EDE, 0x9EDE, 0xC150,
        0x9EDE, 0x9EDE, 0x9EDE, 0x9EDE, 0x9EDE, 0x9EDE, 0x9EDE, 0x9EDE, 0x9EDE, 0x9EDE, 0x9EDE, 0x9EDE, 0x9EDE, 0x9EDE, 0x9EDE, 0x9EDE,
        0x9EDE, 0x9EDE, 0x9EDE, 0x9EDE, 0x9EDE, 0x9EDE, 0x9EDE, 0x9EDE, 0x9EDE, 0x9EDE, 0x9EDE, 0x9EDE, 0x9EDE, 0x9EDE, 0x9EDE, 0x9EDE,
    },
    {
        0x9EDE, 0x9EDE, 0x9EDE, 0x9EDE, 0x9EDE, 0x9EDE, 0x9EDE, 0x9EDE, 0x9EDE, 0x9EDE, 0x9EDE, 0x9EDE, 0x9EDE, 0x9EDE, 0x9EDE, 0x9EDE,
        0x9EDE, 0x9EDE, 0x9EDE, 0x9EDE, 0x9EDE, 0x9EDE, 0x9EDE, 0x9EDE, 0x9EDE, 0x9EDE, 0x9EDE, 0x9EDE, 0x9EDE, 0x9EDE, 0x9EDE, 0x9EDE,
        0x9EDE, 0x9EDE, 0x9EDE, 0x9EDE, 0x9EDE, 0x9EDE, 0x9EDE, 0x9EDE, 0x9EDE, 0x9EDE, 0x9EDE, 0x9EDE, 0x9EDE, 0x9EDE, 0x9EDE, 0x9EDE,
        0xFB16, 0xFB16, 0xFB16, 0xFB16, 0xFB16, 0xFB16, 0x9EDE, 0x9EDE, 0x9EDE, 0x9EDE, 0x9EDE, 0x9EDE, 0x9EDE, 0xFB16, 0xFB16, 0xFB16,
        0xFFFF, 0xFFFF, 0xFFFF, 0xFFFF, 0xFFFF, 0xFFFF, 0xC150, 0x9EDE, 0x9EDE, 0x9EDE, 0x9EDE, 0x9EDE, 0xFB16, 0xFFFF, 0xC150, 0xC150,
        0xC150, 0xC150, 0xC150, 0xC150, 0xFB16, 0xFFFF, 0xC150, 0x9EDE, 0x9EDE, 0x9EDE, 0x9EDE, 0x9EDE, 0xFB16, 0xFFFF, 0xC150, 0x9EDE,
        0xC150, 0x9EDE, 0x9EDE, 0x9EDE, 0xFB16, 0xFFFF, 0xC150, 0x9EDE, 0x9EDE, 0x9EDE, 0x9EDE, 0x9EDE, 0x9EDE, 0xFB16, 0xFB16, 0xFB16,
        0xFB16, 0xFB16, 0xFB16, 0xFB16, 0xFFFF, 0xFFFF, 0xC150, 0x9EDE, 0x9EDE, 0x9EDE, 0x9EDE, 0x9EDE, 0xFB16, 0xFFFF, 0xFFFF, 0xFFFF,
        0xFFFF, 0xFFFF, 0xFFFF, 0xFFFF, 0xFFFF, 0xFFFF, 0xC150, 0x9EDE, 0x9EDE, 0x9EDE, 0x9EDE, 0xFB16, 0xFFFF, 0xC150, 0xC150, 0xC150,
        0xC150, 0xC150, 0xC150, 0xC150, 0xFB16, 0xFFFF, 0xC150, 0x9EDE, 0x9EDE, 0x9EDE, 0x9EDE, 0xFB16, 0xFFFF, 0xC150, 0x9EDE, 0x9EDE,
        0xC150, 0x9EDE, 0x9EDE, 0x9EDE, 0xFB16, 0xFFFF, 0xC150, 0x9EDE, 0x9EDE, 0x9EDE, 0x9EDE, 0xFB16, 0xFFFF, 0xC150, 0x9EDE, 0x9EDE,
        0xC150, 0x9EDE, 0x9EDE, 0x9EDE, 0xFB16, 0xFFFF, 0xC150, 0x9EDE, 0x9EDE, 0x9EDE, 0x9EDE, 0x9EDE, 0xFB16, 0xFB16, 0x9EDE, 0x9EDE,
        0xC150, 0x9EDE, 0x9EDE, 0x9EDE, 0xFB16, 0xFFFF, 0xC150, 0x9EDE, 0x9EDE, 0x9EDE, 0x9EDE, 0x9EDE, 0x9EDE, 0xFB16, 0xFB16, 0xFB16,
        0xC150, 0x9EDE, 0x9EDE, 0x9EDE, 0x9EDE, 0xC150, 0xC150, 0x9EDE, 0x9EDE, 0x9EDE, 0x9EDE, 0x9EDE, 0x9EDE, 0x9EDE, 0xC150, 0xC150,
        0x9EDE, 0x9EDE, 0x9EDE, 0x9EDE, 0x9EDE, 0x9EDE, 0x9EDE, 0x9EDE, 0x9EDE, 0x9EDE, 0x9EDE, 0x9EDE, 0x9EDE, 0x9EDE, 0x9EDE, 0x9EDE,
        0x9EDE, 0x9EDE, 0x9EDE, 0x9EDE, 0x9EDE, 0x9EDE, 0x9EDE, 0x9EDE, 0x9EDE, 0x9EDE, 0x9EDE, 0x9EDE, 0x9EDE, 0x9EDE, 0x9EDE, 0x9EDE,
    },
    {
        0x9EDE, 0x9EDE, 0x9EDE, 0x9EDE, 0x9EDE, 0x9EDE, 0x9EDE, 0x9EDE, 0x9EDE, 0x9EDE, 0x9EDE, 0x9EDE, 0x9EDE, 0x9EDE, 0x9EDE, 0x9EDE,
        0x9EDE, 0x9EDE, 0x9EDE, 0x9EDE, 0x9EDE, 0x9EDE, 0x9EDE, 0x9EDE, 0x9EDE, 0x9EDE, 0x9EDE, 0x9EDE, 0x9EDE, 0x9EDE, 0x9EDE, 0x9EDE,
        0x9EDE, 0x9EDE, 0x9EDE, 0x9EDE, 0x9EDE, 0x9EDE, 0x9EDE, 0x9EDE, 0x9EDE, 0x9EDE, 0x9EDE, 0x9EDE, 0x9EDE, 0x9EDE, 0x9EDE, 0x9EDE,
        0xFB16, 0xFB16, 0xFB16, 0xFB16, 0xFB16, 0x9EDE, 0x9EDE, 0x9EDE, 0x9EDE, 0x9EDE, 0x9EDE, 0x9EDE, 0xFB16, 0xFB16, 0xFB16, 0xFB16,
        0xFFFF, 0xFFFF, 0xFFFF, 0xFFFF, 0xFFFF, 0xC150, 0x9EDE, 0x9EDE, 0x9EDE, 0x9EDE, 0x9EDE, 0xFB16, 0xFFFF, 0xC150, 0xC150, 0xC150,
        0xC150, 0xC150, 0xC150, 0xFB16, 0xFFFF, 0xC150, 0x9EDE, 0x9EDE, 0x9EDE, 0x9EDE, 0x9EDE, 0xFB16, 0xFFFF, 0xC150, 0x9EDE, 0x9EDE,
        0x9EDE, 0x9EDE, 0x9EDE, 0xFB16, 0xFFFF, 0xC150, 0x9EDE, 0x9EDE, 0x9EDE, 0x9EDE, 0x9EDE, 0x9EDE, 0xFB16, 0xFB16, 0xFB16, 0xFB16,
        0xFB16, 0xFB16, 0xFB16, 0xFFFF, 0xFFFF, 0xC150, 0x9EDE, 0x9EDE, 0x9EDE, 0x9EDE, 0x9EDE, 0xFB16, 0xFFFF, 0xFFFF, 0xFFFF, 0xFFFF,
        0xFFFF, 0xFFFF, 0xFFFF, 0xFFFF, 0xFFFF, 0xC150, 0x9EDE, 0x9EDE, 0x9EDE, 0x9EDE, 0xFB16, 0xFFFF, 0xC150, 0xC150, 0xC150, 0xFB16,
        0xC150, 0xC150, 0xC150, 0xFB16, 0xFFFF, 0xC150, 0x9EDE, 0x9EDE, 0x9EDE, 0x9EDE, 0xFB16, 0xFFFF, 0xC150, 0x9EDE, 0x9EDE, 0x9EDE,
        0x9EDE, 0x9EDE, 0x9EDE, 0xFB16, 0xFFFF, 0xC150, 0x9EDE, 0x9EDE, 0x9EDE, 0x9EDE, 0xFB16, 0xFFFF, 0xC150, 0x9EDE, 0x9EDE, 0x9EDE,
        0x9EDE, 0x9EDE, 0x9EDE, 0xFB16, 0xFFFF, 0xC150, 0x9EDE, 0x9EDE, 0x9EDE, 0x9EDE, 0x9EDE, 0xFB16, 0xFB16, 0x9EDE, 0x9EDE, 0x9EDE,
        0x9EDE, 0x9EDE, 0x9EDE, 0xFB16, 0xFFFF, 0xC150, 0x9EDE, 0x9EDE, 0x9EDE, 0x9EDE, 0x9EDE, 0x9EDE, 0xFB16, 0xFB16, 0xFB16, 0xFB16,
        0x9EDE, 0x9EDE, 0x9EDE, 0x9EDE, 0xC150, 0xC150, 0x9EDE, 0x9EDE, 0x9EDE, 0x9EDE, 0x9EDE, 0x9EDE, 0x9EDE, 0xC150, 0xC150, 0xC150,
        0x9EDE, 0x9EDE, 0x9EDE, 0x9EDE, 0x9EDE, 0x9EDE, 0x9EDE, 0x9EDE, 0x9EDE, 0x9EDE, 0x9EDE, 0x9EDE, 0x9EDE, 0x9EDE, 0x9EDE, 0x9EDE,
        0x9EDE, 0x9EDE, 0x9EDE, 0x9EDE, 0x9EDE, 0x9EDE, 0x9EDE, 0x9EDE, 0x9EDE, 0x9EDE, 0x9EDE, 0x9EDE, 0x9EDE, 0x9EDE, 0x9EDE, 0x9EDE,
    },
    {
        0x9EDE, 0x9EDE, 0x9EDE, 0x9EDE, 0x9EDE, 0x9EDE, 0x9EDE, 0x9EDE, 0x9EDE, 0x9EDE, 0x9EDE, 0x9EDE, 0x9EDE, 0x9EDE, 0x9EDE, 0x9EDE,
        0x9EDE, 0x9EDE, 0x9EDE, 0x9EDE, 0x9EDE, 0x9EDE, 0x9EDE, 0x9EDE, 0x9EDE, 0x9EDE, 0x9EDE, 0x9EDE, 0x9EDE, 0x9EDE, 0x9EDE, 0x9EDE,
        0x9EDE, 0x9EDE, 0x9EDE, 0x9EDE, 0x9EDE, 0x9EDE, 0x9EDE, 0x9EDE, 0x9EDE, 0x9EDE, 0x9EDE, 0x9EDE, 0x9EDE, 0x9EDE, 0x9EDE, 0x9EDE,
        0xFB16, 0xFB16, 0xFB16, 0xFB16, 0x9EDE, 0x9EDE, 0x9EDE, 0x9EDE, 0x9EDE, 0x9EDE, 0x9EDE, 0xFB16, 0xFB16, 0xFB16, 0xFB16, 0xFB16,
        0xFFFF, 0xFFFF, 0xFFFF, 0xFFFF, 0xC150, 0x9EDE, 0x9EDE, 0x9EDE, 0x9EDE, 0x9EDE, 0xFB16, 0xFFFF, 0xC150, 0xC150, 0xC150, 0xFB16,
        0xC150, 0xC150, 0xFB16, 0xFFFF, 0xC150, 0x9EDE, 0x9EDE, 0x9EDE, 0x9EDE, 0x9EDE, 0xFB16, 0xFFFF, 0xC150, 0x9EDE, 0x9EDE, 0xFB16,
        0x9EDE, 0x9EDE, 0xFB16, 0xFFFF, 0xC150, 0x9EDE, 0x9EDE, 0x9EDE, 0x9EDE, 0x9EDE, 0x9EDE, 0xFB16, 0xFB16, 0xFB16, 0xFB16, 0xFFFF,
        0xFB16, 0xFB16, 0xFFFF, 0xFFFF, 0xC150, 0x9EDE, 0x9EDE, 0x9EDE, 0x9EDE, 0x9EDE, 0xFB16, 0xFFFF, 0xFFFF, 0xFFFF, 0xFFFF, 0xC150,
        0xFFFF, 0xFFFF, 0xFFFF, 0xFFFF, 0xC150, 0x9EDE, 0x9EDE, 0x9EDE, 0x9EDE, 0xFB16, 0xFFFF, 0xC150, 0xC150, 0xC150, 0xFB16, 0xFB16,
        0xC150, 0xC150, 0xFB16, 0xFFFF, 0xC150, 0x9EDE, 0x9EDE, 0x9EDE, 0x9EDE, 0xFB16, 0xFFFF, 0xC150, 0x9EDE, 0x9EDE, 0x9EDE, 0xFB16,
        0x9EDE, 0x9EDE, 0xFB16, 0xFFFF, 0xC150, 0x9EDE, 0x9EDE, 0x9EDE, 0x9EDE, 0xFB16, 0xFFFF, 0xC150, 0x9EDE, 0x9EDE, 0x9EDE, 0x9EDE,
        0x9EDE, 0x9EDE, 0xFB16, 0xFFFF, 0xC150, 0x9EDE, 0x9EDE, 0x9EDE, 0x9EDE, 0x9EDE, 0xFB16, 0xFB16, 0x9EDE, 0x9EDE, 0x9EDE, 0xFB16,
        0x9EDE, 0x9EDE, 0xFB16, 0xFFFF, 0xC150, 0x9EDE, 0x9EDE, 0x9EDE, 0x9EDE, 0x9EDE, 0x9EDE, 0xFB16, 0xFB16, 0xFB16, 0xFB16, 0xFFFF,
        0x9EDE, 0x9EDE, 0x9EDE, 0xC150, 0xC150, 0x9EDE, 0x9EDE, 0x9EDE, 0x9EDE, 0x9EDE, 0x9EDE, 0x9EDE, 0xC150, 0xC150, 0xC150, 0xC150,
        0x9EDE, 0x9EDE, 0x9EDE, 0x9EDE, 0x9EDE, 0x9EDE, 0x9EDE, 0x9EDE, 0x9EDE, 0x9EDE, 0x9EDE, 0x9EDE, 0x9EDE, 0x9EDE, 0x9EDE, 0x9EDE,
        0x9EDE, 0x9EDE, 0x9EDE, 0x9EDE, 0x9EDE, 0x9EDE, 0x9EDE, 0x9EDE, 0x9EDE, 0x9EDE, 0x9EDE, 0x9EDE, 0x9EDE, 0x9EDE, 0x9EDE, 0x9EDE,
    },
    {
        0x9EDE, 0x9EDE, 0x9EDE, 0x9EDE, 0x9EDE, 0x9EDE, 0x9EDE, 0x9EDE, 0x9EDE, 0x9EDE, 0x9EDE, 0x9EDE, 0x9EDE, 0x9EDE, 0x9EDE, 0x9EDE,
        0x9EDE, 0x9EDE, 0x9EDE, 0x9EDE, 0x9EDE, 0x9EDE, 0x9EDE, 0x9EDE, 0x9EDE, 0x9EDE, 0x9EDE, 0x9EDE, 0x9EDE, 0x9EDE, 0x9EDE, 0x9EDE,
        0x9EDE, 0x9EDE, 0x9EDE, 0x9EDE, 0x9EDE, 0x9EDE, 0x9EDE, 0x9EDE, 0x9EDE, 0x9EDE, 0x9EDE, 0x9EDE, 0x9EDE, 0x9EDE, 0x9EDE, 0x9EDE,
        0xFB16, 0xFB16, 0xFB16, 0x9EDE, 0x9EDE, 0x9EDE, 0x9EDE, 0x9EDE, 0x9EDE, 0x9EDE, 0xFB16, 0xFB16, 0xFB16, 0xFB16, 0xFB16, 0x9EDE,
        0xFFFF, 0xFFFF, 0xFFFF, 0xC150, 0x9EDE, 0x9EDE, 0x9EDE, 0x9EDE, 0x9EDE, 0xFB16, 0xFFFF, 0xC150, 0xC150, 0xC150, 0xFB16, 0xFB16,
        0xC150, 0xFB16, 0xFFFF, 0xC150, 0x9EDE, 0x9EDE, 0x9EDE, 0x9EDE, 0x9EDE, 0xFB16, 0xFFFF, 0xC150, 0x9EDE, 0x9EDE, 0xFB16, 0xFFFF,
        0x9EDE, 0xFB16, 0xFFFF, 0xC150, 0x9EDE, 0x9EDE, 0x9EDE, 0x9EDE, 0x9EDE, 0x9EDE, 0xFB16, 0xFB16, 0xFB16, 0xFB16, 0xFFFF, 0xC150,
        0xFB16, 0xFFFF, 0xFFFF, 0xC150, 0x9EDE, 0x9EDE, 0x9EDE, 0x9EDE, 0x9EDE, 0xFB16, 0xFFFF, 0xFFFF, 0xFFFF, 0xFFFF, 0xC150, 0xC150,
        0xFFFF, 0xFFFF, 0xFFFF, 0xC150, 0x9EDE, 0x9EDE, 0x9EDE, 0x9EDE, 0xFB16, 0xFFFF, 0xC150, 0xC150, 0xC150, 0xFB16, 0xFB16, 0x9EDE,
        0xC150, 0xFB16, 0xFFFF, 0xC150, 0x9EDE, 0x9EDE, 0x9EDE, 0x9EDE, 0xFB16, 0xFFFF, 0xC150, 0x9EDE, 0x9EDE, 0x9EDE, 0xFB16, 0xFB16,
        0x9EDE, 0xFB16, 0xFFFF, 0xC150, 0x9EDE, 0x9EDE, 0x9EDE, 0x9EDE, 0xFB16, 0xFFFF, 0xC150, 0x9EDE, 0x9EDE, 0x9EDE, 0x9EDE, 0xFB16,
        0x9EDE, 0xFB16, 0xFFFF, 0xC150, 0x9EDE, 0x9EDE, 0x9EDE, 0x9EDE, 0x9EDE, 0xFB16, 0xFB16, 0x9EDE, 0x9EDE, 0x9EDE, 0xFB16, 0xFFFF,
        0x9EDE, 0xFB16, 0xFFFF, 0xC150, 0x9EDE, 0x9EDE, 0x9EDE, 0x9EDE, 0x9EDE, 0x9EDE, 0xFB16, 0xFB16, 0xFB16, 0xFB16, 0xFFFF, 0xC150,
        0x9EDE, 0x9EDE, 0xC150, 0xC150, 0x9EDE, 0x9EDE, 0x9EDE, 0x9EDE, 0x9EDE, 0x9EDE, 0x9EDE, 0xC150, 0xC150, 0xC150, 0xC150, 0xC150,
        0x9EDE, 0x9EDE, 0x9EDE, 0x9EDE, 0x9EDE, 0x9EDE, 0x9EDE, 0x9EDE, 0x9EDE, 0x9EDE, 0x9EDE, 0x9EDE, 0x9EDE, 0x9EDE, 0x9EDE, 0x9EDE,
        0x9EDE, 0x9EDE, 0x9EDE, 0x9EDE, 0x9EDE, 0x9EDE, 0x9EDE, 0x9EDE, 0x9EDE, 0x9EDE, 0x9EDE, 0x9EDE, 0x9EDE, 0x9EDE, 0x9EDE, 0x9EDE,
    },
    {
        0x9EDE, 0x9EDE, 0x9EDE, 0x9EDE, 0x9EDE, 0x9EDE, 0x9EDE, 0x9EDE, 0x9EDE, 0x9EDE, 0x9EDE, 0x9EDE, 0x9EDE, 0x9EDE, 0x9EDE, 0x9EDE,
        0x9EDE, 0x9EDE, 0x9EDE, 0x9EDE, 0x9EDE, 0x9EDE, 0x9EDE, 0x9EDE, 0x9EDE, 0x9EDE, 0x9EDE, 0x9EDE, 0x9EDE, 0x9EDE, 0x9EDE, 0x9EDE,
        0x9EDE, 0x9EDE, 0x9EDE, 0x9EDE, 0x9EDE, 0x9EDE, 0x9EDE, 0x9EDE, 0x9EDE, 0x9EDE, 0x9EDE, 0x9EDE, 0x9EDE, 0x9EDE, 0x9EDE, 0x9EDE,
        0xFB16, 0xFB16, 0x9EDE, 0x9EDE, 0x9EDE, 0x9EDE, 0x9EDE, 0x9EDE, 0x9EDE, 0xFB16, 0xFB16, 0xFB16, 0xFB16, 0xFB16, 0x9EDE, 0x9EDE,
        0xFFFF, 0xFFFF, 0xC150, 0x9EDE, 0x9EDE, 0x9EDE, 0x9EDE, 0x9EDE, 0xFB16, 0xFFFF, 0xC150, 0xC150, 0xC150, 0xFB16, 0xFB16, 0x9EDE,
        0xFB16, 0xFFFF, 0xC150, 0x9EDE, 0x9EDE, 0x9EDE, 0x9EDE, 0x9EDE, 0xFB16, 0xFFFF, 0xC150, 0x9EDE, 0x9EDE, 0xFB16, 0xFFFF, 0xC150,
        0xFB16, 0xFFFF, 0xC150, 0x9EDE, 0x9EDE, 0x9EDE, 0x9EDE, 0x9EDE, 0x9EDE, 0xFB16, 0xFB16, 0xFB16, 0xFB16, 0xFFFF, 0xC150, 0xC150,
        0xFFFF, 0xFFFF, 0xC150, 0x9EDE, 0x9EDE, 0x9EDE, 0x9EDE, 0x9EDE, 0xFB16, 0xFFFF, 0xFFFF, 0xFFFF, 0xFFFF, 0xC150, 0xC150, 0x9EDE,
        0xFFFF, 0xFFFF, 0xC150, 0x9EDE, 0x9EDE, 0x9EDE, 0x9EDE, 0xFB16, 0xFFFF, 0xC150, 0xC150, 0xC150, 0xFB16, 0xFB16, 0x9EDE, 0x9EDE,
        0xFB16, 0xFFFF, 0xC150, 0x9EDE, 0x9EDE, 0x9EDE, 0x9EDE, 0xFB16, 0xFFFF, 0xC150, 0x9EDE, 0x9EDE, 0x9EDE, 0xFB16, 0xFB16, 0x9EDE,
        0xFB16, 0xFFFF, 0xC150, 0x9EDE, 0x9EDE, 0x9EDE, 0x9EDE, 0xFB16, 0xFFFF, 0xC150, 0x9EDE, 0x9EDE, 0x9EDE, 0x9EDE, 0xFB16, 0xFB16,
        0xFB16, 0xFFFF, 0xC150, 0x9EDE, 0x9EDE, 0x9EDE, 0x9EDE, 0x9EDE, 0xFB16, 0xFB16, 0x9EDE, 0x9EDE, 0x9EDE, 0xFB16, 0xFFFF, 0xFFFF,
        0xFB16, 0xFFFF, 0xC150, 0x9EDE, 0x9EDE, 0x9EDE, 0x9EDE, 0x9EDE, 0x9EDE, 0xFB16, 0xFB16, 0xFB16, 0xFB16, 0xFFFF, 0xC150, 0xC150,
        0x9EDE, 0xC150, 0xC150, 0x9EDE, 0x9EDE, 0x9EDE, 0x9EDE, 0x9EDE, 0x9EDE, 0x9EDE, 0xC150, 0xC150, 0xC150, 0xC150, 0xC150, 0x9EDE,
        0x9EDE, 0x9EDE, 0x9EDE, 0x9EDE, 0x9EDE, 0x9EDE, 0x9EDE, 0x9EDE, 0x9EDE, 0x9EDE, 0x9EDE, 0x9EDE, 0x9EDE, 0x9EDE, 0x9EDE, 0x9EDE,
        0x9EDE, 0x9EDE, 0x9EDE, 0x9EDE, 0x9EDE, 0x9EDE, 0x9EDE, 0x9EDE, 0x9EDE, 0x9EDE, 0x9EDE, 0x9EDE, 0x9EDE, 0x9EDE, 0x9EDE, 0x9EDE,
    },
    {
        0x9EDE, 0x9EDE, 0x9EDE, 0x9EDE, 0x9EDE, 0x9EDE, 0x9EDE, 0x9EDE, 0x9EDE, 0x9EDE, 0x9EDE, 0x9EDE, 0x9EDE, 0x9EDE, 0x9EDE, 0x9EDE,
        0x9EDE, 0x9EDE, 0x9EDE, 0x9EDE, 0x9EDE, 0x9EDE, 0x9EDE, 0x9EDE, 0x9EDE, 0x9EDE, 0x9EDE, 0x9EDE, 0x9EDE, 0x9EDE, 0x9EDE, 0x9EDE,
        0x9EDE, 0x9EDE, 0x9EDE, 0x9EDE, 0x9EDE, 0x9EDE, 0x9EDE, 0x9EDE, 0x9EDE, 0x9EDE, 0x9EDE, 0x9EDE, 0x9EDE, 0x9EDE, 0x9EDE, 0x9EDE,
        0xFB16, 0x9EDE, 0x9EDE, 0x9EDE, 0x9EDE, 0x9EDE, 0x9EDE, 0x9EDE, 0xFB16, 0xFB16, 0xFB16, 0xFB16, 0xFB16, 0x9EDE, 0x9EDE, 0x9EDE,
        0xFFFF, 0xC150, 0x9EDE, 0x9EDE, 0x9EDE, 0x9EDE, 0x9EDE, 0xFB16, 0xFFFF, 0xC150, 0xC150, 0xC150, 0xFB16, 0xFB16, 0x9EDE, 0x9EDE,
        0xFFFF, 0xC150, 0x9EDE, 0x9EDE, 0x9EDE, 0x9EDE, 0x9EDE, 0xFB16, 0xFFFF, 0xC150, 0x9EDE, 0x9EDE, 0xFB16, 0xFFFF, 0xC150, 0x9EDE,
        0xFFFF, 0xC150, 0x9EDE, 0x9EDE, 0x9EDE, 0x9EDE, 0x9EDE, 0x9EDE, 0xFB16, 0xFB16, 0xFB16, 0xFB16, 0xFFFF, 0xC150, 0xC150, 0x9EDE,
        0xFFFF, 0xC150, 0x9EDE, 0x9EDE, 0x9EDE, 0x9EDE, 0x9EDE, 0xFB16, 0xFFFF, 0xFFFF, 0xFFFF, 0xFFFF, 0xC150, 0xC150, 0x9EDE, 0x9EDE,
        0xFFFF, 0xC150, 0x9EDE, 0x9EDE, 0x9EDE, 0x9EDE, 0xFB16, 0xFFFF, 0xC150, 0xC150, 0xC150, 0xFB16, 0xFB16, 0x9EDE, 0x9EDE, 0x9EDE,
        0xFFFF, 0xC150, 0x9EDE, 0x9EDE, 0x9EDE, 0x9EDE, 0xFB16, 0xFFFF, 0xC150, 0x9EDE, 0x9EDE, 0x9EDE, 0xFB16, 0xFB16, 0x9EDE, 0xFB16,
        0xFFFF, 0xC150, 0x9EDE, 0x9EDE, 0x9EDE, 0x9EDE, 0xFB16, 0xFFFF, 0xC150, 0x9EDE, 0x9EDE, 0x9EDE, 0x9EDE, 0xFB16, 0xFB16, 0xFFFF,
        0xFFFF, 0xC150, 0x9EDE, 0x9EDE, 0x9EDE, 0x9EDE, 0x9EDE, 0xFB16, 0xFB16, 0x9EDE, 0x9EDE, 0x9EDE, 0xFB16, 0xFFFF, 0xFFFF, 0xFFFF,
        0xFFFF, 0xC150, 0x9EDE, 0x9EDE, 0x9EDE, 0x9EDE, 0x9EDE, 0x9EDE, 0xFB16, 0xFB16, 0xFB16, 0xFB16, 0xFFFF, 0xC150, 0xC150, 0xFB16,
        0xC150, 0xC150, 0x9EDE, 0x9EDE, 0x9EDE, 0x9EDE, 0x9EDE, 0x9EDE, 0x9EDE, 0xC150, 0xC150, 0xC150, 0xC150, 0xC150, 0x9EDE, 0x9EDE,
        0x9EDE, 0x9EDE, 0x9EDE, 0x9EDE, 0x9EDE, 0x9EDE, 0x9EDE, 0x9EDE, 0x9EDE, 0x9EDE, 0x9EDE, 0x9EDE, 0x9EDE, 0x9EDE, 0x9EDE, 0x9EDE,
        0x9EDE, 0x9EDE, 0x9EDE, 0x9EDE, 0x9EDE, 0x9EDE, 0x9EDE, 0x9EDE, 0x9EDE, 0x9EDE, 0x9EDE, 0x9EDE, 0x9EDE, 0x9EDE, 0x9EDE, 0x9EDE,
    },
    {
        0x9EDE, 0x9EDE, 0x9EDE, 0x9EDE, 0x9EDE, 0x9EDE, 0x9EDE, 0x9EDE, 0x9EDE, 0x9EDE, 0x9EDE, 0x9EDE, 0x9EDE, 0x9EDE, 0x9EDE, 0x9EDE,
        0x9EDE, 0x9EDE, 0x9EDE, 0x9EDE, 0x9EDE, 0x9EDE, 0x9EDE, 0x9EDE, 0x9EDE, 0x9EDE, 0x9EDE, 0x9EDE, 0x9EDE, 0x9EDE, 0x9EDE, 0x9EDE,
        0x9EDE, 0x9EDE, 0x9EDE, 0x9EDE, 0x9EDE, 0x9EDE, 0x9EDE, 0x9EDE, 0x9EDE, 0x9EDE, 0x9EDE, 0x9EDE, 0x9EDE, 0x9EDE, 0x9EDE, 0x9EDE,
        0x9EDE, 0x9EDE, 0x9EDE, 0x9EDE, 0x9EDE, 0x9EDE, 0x9EDE, 0xFB16, 0xFB16, 0xFB16, 0xFB16, 0xFB16, 0x9EDE, 0x9EDE, 0x9EDE, 0x9EDE,
        0xC150, 0x9EDE, 0x9EDE, 0x9EDE, 0x9EDE, 0x9EDE, 0xFB16, 0xFFFF, 0xC150, 0xC150, 0xC150, 0xFB16, 0xFB16, 0x9EDE, 0x9EDE, 0x9EDE,
        0xC150, 0x9EDE, 0x9EDE, 0x9EDE, 0x9EDE, 0x9EDE, 0xFB16, 0xFFFF, 0xC150, 0x9EDE, 0x9EDE, 0xFB16, 0xFFFF, 0xC150, 0x9EDE, 0x9EDE,
        0xC150, 0x9EDE, 0x9EDE, 0x9EDE, 0x9EDE, 0x9EDE, 0x9EDE, 0xFB16, 0xFB16, 0xFB16, 0xFB16, 0xFFFF, 0xC150, 0xC150, 0x9EDE, 0x9EDE,
        0xC150, 0x9EDE, 0x9EDE, 0x9EDE, 0x9EDE, 0x9EDE, 0xFB16, 0xFFFF, 0xFFFF, 0xFFFF, 0xFFFF, 0xC150, 0xC150, 0x9EDE, 0x9EDE, 0x9EDE,
        0xC150, 0x9EDE, 0x9EDE, 0x9EDE, 0x9EDE, 0xFB16, 0xFFFF, 0xC150, 0xC150, 0xC150, 0xFB16, 0xFB16, 0x9EDE, 0x9EDE, 0x9EDE, 0xFB16,
        0xC150, 0x9EDE, 0x9EDE, 0x9EDE, 0x9EDE, 0xFB16, 0xFFFF, 0xC150, 0x9EDE, 0x9EDE, 0x9EDE, 0xFB16, 0xFB16, 0x9EDE, 0xFB16, 0xFFFF,
        0xC150, 0x9EDE, 0x9EDE, 0x9EDE, 0x9EDE, 0xFB16, 0xFFFF, 0xC150, 0x9EDE, 0x9EDE, 0x9EDE, 0x9EDE, 0xFB16, 0xFB16, 0xFFFF, 0xC150,
        0xC150, 0x9EDE, 0x9EDE, 0x9EDE, 0x9EDE, 0x9EDE, 0xFB16, 0xFB16, 0x9EDE, 0x9EDE, 0x9EDE, 0xFB16, 0xFFFF, 0xFFFF, 0xFFFF, 0xC150,
        0xC150, 0x9EDE, 0x9EDE, 0x9EDE, 0x9EDE, 0x9EDE, 0x9EDE, 0xFB16, 0xFB16, 0xFB16, 0xFB16, 0xFFFF, 0xC150, 0xC150, 0xFB16, 0xFB16,
        0xC150, 0x9EDE, 0x9EDE, 0x9EDE, 0x9EDE, 0x9EDE, 0x9EDE, 0x9EDE, 0xC150, 0xC150, 0xC150, 0xC150, 0xC150, 0x9EDE, 0x9EDE, 0xC150,
        0x9EDE, 0x9EDE, 0x9EDE, 0x9EDE, 0x9EDE, 0x9EDE, 0x9EDE, 0x9EDE, 0x9EDE, 0x9EDE, 0x9EDE, 0x9EDE, 0x9EDE, 0x9EDE, 0x9EDE, 0x9EDE,
        0x9EDE, 0x9EDE, 0x9EDE, 0x9EDE, 0x9EDE, 0x9EDE, 0x9EDE, 0x9EDE, 0x9EDE, 0x9EDE, 0x9EDE, 0x9EDE, 0x9EDE, 0x9EDE, 0x9EDE, 0x9EDE,
    },
    {
        0x9EDE, 0x9EDE, 0x9EDE, 0x9EDE, 0x9EDE, 0x9EDE, 0x9EDE, 0x9EDE, 0x9EDE, 0x9EDE, 0x9EDE, 0x9EDE, 0x9EDE, 0x9EDE, 0x9EDE, 0x9EDE,
        0x9EDE, 0x9EDE, 0x9EDE, 0x9EDE, 0x9EDE, 0x9EDE, 0x9EDE, 0x9EDE, 0x9EDE, 0x9EDE, 0x9EDE, 0x9EDE, 0x9EDE, 0x9EDE, 0x9EDE, 0x9EDE,
        0x9EDE, 0x9EDE, 0x9EDE, 0x9EDE, 0x9EDE, 0x9EDE, 0x9EDE, 0x9EDE, 0x9EDE, 0x9EDE, 0x9EDE, 0x9EDE, 0x9EDE, 0x9EDE, 0x9EDE, 0x9EDE,
        0x9EDE, 0x9EDE, 0x9EDE, 0x9EDE, 0x9EDE, 0x9EDE, 0xFB16, 0xFB16, 0xFB16, 0xFB16, 0xFB16, 0x9EDE, 0x9EDE, 0x9EDE, 0x9EDE, 0x9EDE,
        0x9EDE, 0x9EDE, 0x9EDE, 0x9EDE, 0x9EDE, 0xFB16, 0xFFFF, 0xC150, 0xC150, 0xC150, 0xFB16, 0xFB16, 0x9EDE, 0x9EDE, 0x9EDE, 0x9EDE,
        0x9EDE, 0x9EDE, 0x9EDE, 0x9EDE, 0x9EDE, 0xFB16, 0xFFFF, 0xC150, 0x9EDE, 0x9EDE, 0xFB16, 0xFFFF, 0xC150, 0x9EDE, 0x9EDE, 0x9EDE,
        0x9EDE, 0x9EDE, 0x9EDE, 0x9EDE, 0x9EDE, 0x9EDE, 0xFB16, 0xFB16, 0xFB16, 0xFB16, 0xFFFF, 0xC150, 0xC150, 0x9EDE, 0x9EDE, 0x9EDE,
        0x9EDE, 0x9EDE, 0x9EDE, 0x9EDE, 0x9EDE, 0xFB16, 0xFFFF, 0xFFFF, 0xFFFF, 0xFFFF, 0xC150, 0xC150, 0x9EDE, 0x9EDE, 0x9EDE, 0x9EDE,
        0x9EDE, 0x9EDE, 0x9EDE, 0x9EDE, 0xFB16, 0xFFFF, 0xC150, 0xC150, 0xC150, 0xFB16, 0xFB16, 0x9EDE, 0x9EDE, 0x9EDE, 0xFB16, 0x9EDE,
        0x9EDE, 0x9EDE, 0x9EDE, 0x9EDE, 0xFB16, 0xFFFF, 0xC150, 0x9EDE, 0x9EDE, 0x9EDE, 0xFB16, 0xFB16, 0x9EDE, 0xFB16, 0xFFFF, 0xC150,
        0x9EDE, 0x9EDE, 0x9EDE, 0x9EDE, 0xFB16, 0xFFFF, 0xC150, 0x9EDE, 0x9EDE, 0x9EDE, 0x9EDE, 0xFB16, 0xFB16, 0xFFFF, 0xC150, 0xC150,
        0x9EDE, 0x9EDE, 0x9EDE, 0x9EDE, 0x9EDE, 0xFB16, 0xFB16, 0x9EDE, 0x9EDE, 0x9EDE, 0xFB16, 0xFFFF, 0xFFFF, 0xFFFF, 0xC150, 0x9EDE,
        0x9EDE, 0x9EDE, 0x9EDE, 0x9EDE, 0x9EDE, 0x9EDE, 0xFB16, 0xFB16, 0xFB16, 0xFB16, 0xFFFF, 0xC150, 0xC150, 0xFB16, 0xFB16, 0x9EDE,
        0x9EDE, 0x9EDE, 0x9EDE, 0x9EDE, 0x9EDE, 0x9EDE, 0x9EDE, 0xC150, 0xC150, 0xC150, 0xC150, 0xC150, 0x9EDE, 0x9EDE, 0xC150, 0xC150,
        0x9EDE, 0x9EDE, 0x9EDE, 0x9EDE, 0x9EDE, 0x9EDE, 0x9EDE, 0x9EDE, 0x9EDE, 0x9EDE, 0x9EDE, 0x9EDE, 0x9EDE, 0x9EDE, 0x9EDE, 0x9EDE,
        0x9EDE, 0x9EDE, 0x9EDE, 0x9EDE, 0x9EDE, 0x9EDE, 0x9EDE, 0x9EDE, 0x9EDE, 0x9EDE, 0x9EDE, 0x9EDE, 0x9EDE, 0x9EDE, 0x9EDE, 0x9EDE,
    },
    {
        0x9EDE, 0x9EDE, 0x9EDE, 0x9EDE, 0x9EDE, 0x9EDE, 0x9EDE, 0x9EDE, 0x9EDE, 0x9EDE, 0x9EDE, 0x9EDE, 0x9EDE, 0x9EDE, 0x9EDE, 0x9EDE,
        0x9EDE, 0x9EDE, 0x9EDE, 0x9EDE, 0x9EDE, 0x9EDE, 0x9EDE, 0x9EDE, 0x9EDE, 0x9EDE, 0x9EDE, 0x9EDE, 0x9EDE, 0x9EDE, 0x9EDE, 0x9EDE,
        0x9EDE, 0x9EDE, 0x9EDE, 0x9EDE, 0x9EDE, 0x9EDE, 0x9EDE, 0x9EDE, 0x9EDE, 0x9EDE, 0x9EDE, 0x9EDE, 0x9EDE, 0x9EDE, 0x9EDE, 0x9EDE,
        0x9EDE, 0x9EDE, 0x9EDE, 0x9EDE, 0x9EDE, 0xFB16, 0xFB16, 0xFB16, 0xFB16, 0xFB16, 0x9EDE, 0x9EDE, 0x9EDE, 0x9EDE, 0x9EDE, 0x9EDE,
        0x9EDE, 0x9EDE, 0x9EDE, 0x9EDE, 0xFB16, 0xFFFF, 0xC150, 0xC150, 0xC150, 0xFB16, 0xFB16, 0x9EDE, 0x9EDE, 0x9EDE, 0x9EDE, 0x9EDE,
        0x9EDE, 0x9EDE, 0x9EDE, 0x9EDE, 0xFB16, 0xFFFF, 0xC150, 0x9EDE, 0x9EDE, 0xFB16, 0xFFFF, 0xC150, 0x9EDE, 0x9EDE, 0x9EDE, 0x9EDE,
        0x9EDE, 0x9EDE, 0x9EDE, 0x9EDE, 0x9EDE, 0xFB16, 0xFB16, 0xFB16, 0xFB16, 0xFFFF, 0xC150, 0xC150, 0x9EDE, 0x9EDE, 0x9EDE, 0x9EDE,
        0x9EDE, 0x9EDE, 0x9EDE, 0x9EDE, 0xFB16, 0xFFFF, 0xFFFF, 0xFFFF, 0xFFFF, 0xC150, 0xC150, 0x9EDE, 0x9EDE, 0x9EDE, 0x9EDE, 0x9EDE,
        0x9EDE, 0x9EDE, 0x9EDE, 0xFB16, 0xFFFF, 0xC150, 0xC150, 0xC150, 0xFB16, 0xFB16, 0x9EDE, 0x9EDE, 0x9EDE, 0xFB16, 0x9EDE, 0x9EDE,
        0x9EDE, 0x9EDE, 0x9EDE, 0xFB16, 0xFFFF, 0xC150, 0x9EDE, 0x9EDE, 0x9EDE, 0xFB16, 0xFB16, 0x9EDE, 0xFB16, 0xFFFF, 0xC150, 0x9EDE,
        0x9EDE, 0x9EDE, 0x9EDE, 0xFB16, 0xFFFF, 0xC150, 0x9EDE, 0x9EDE, 0x9EDE, 0x9EDE, 0xFB16, 0xFB16, 0xFFFF, 0xC150, 0xC150, 0x9EDE,
        0x9EDE, 0x9EDE, 0x9EDE, 0x9EDE, 0xFB16, 0xFB16, 0x9EDE, 0x9EDE, 0x9EDE, 0xFB16, 0xFFFF, 0xFFFF, 0xFFFF, 0xC150, 0x9EDE, 0x9EDE,
        0x9EDE, 0x9EDE, 0x9EDE, 0x9EDE, 0x9EDE, 0xFB16, 0xFB16, 0xFB16, 0xFB16, 0xFFFF, 0xC150, 0xC150, 0xFB16, 0xFB16, 0x9EDE, 0x9EDE,
        0x9EDE, 0x9EDE, 0x9EDE, 0x9EDE, 0x9EDE, 0x9EDE, 0xC150, 0xC150, 0xC150, 0xC150, 0xC150, 0x9EDE, 0x9EDE, 0xC150, 0xC150, 0x9EDE,
        0x9EDE, 0x9EDE, 0x9EDE, 0x9EDE, 0x9EDE, 0x9EDE, 0x9EDE, 0x9EDE, 0x9EDE, 0x9EDE, 0x9EDE, 0x9EDE, 0x9EDE, 0x9EDE, 0x9EDE, 0x9EDE,
        0x9EDE, 0x9EDE, 0x9EDE, 0x9EDE, 0x9EDE, 0x9EDE, 0x9EDE, 0x9EDE, 0x9EDE, 0x9EDE, 0x9EDE, 0x9EDE, 0x9EDE, 0x9EDE, 0x9EDE, 0x9EDE,
    },
    {
        0x9EDE, 0x9EDE, 0x9EDE, 0x9EDE, 0x9EDE, 0x9EDE, 0x9EDE, 0x9EDE, 0x9EDE, 0x9EDE, 0x9EDE, 0x9EDE, 0x9EDE, 0x9EDE, 0x9EDE, 0x9EDE,
        0x9EDE, 0x9EDE, 0x9EDE, 0x9EDE, 0x9EDE, 0x9EDE, 0x9EDE, 0x9EDE, 0x9EDE, 0x9EDE, 0x9EDE, 0x9EDE, 0x9EDE, 0x9EDE, 0x9EDE, 0x9EDE,
        0x9EDE, 0x9EDE, 0x9EDE, 0x9EDE, 0x9EDE, 0x9EDE, 0x9EDE, 0x9EDE, 0x9EDE, 0x9EDE, 0x9EDE, 0x9EDE, 0x9EDE, 0x9EDE, 0x9EDE, 0x9EDE,
        0x9EDE, 0x9EDE, 0x9EDE, 0x9EDE, 0xFB16, 0xFB16, 0xFB16, 0xFB16, 0xFB16, 0x9EDE, 0x9EDE, 0x9EDE, 0x9EDE, 0x9EDE, 0x9EDE, 0x9EDE,
        0x9EDE, 0x9EDE, 0x9EDE, 0xFB16, 0xFFFF, 0xC150, 0xC150, 0xC150, 0xFB16, 0xFB16, 0x9EDE, 0x9EDE, 0x9EDE, 0x9EDE, 0x9EDE, 0x9EDE,
        0x9EDE, 0x9EDE, 0x9EDE, 0xFB16, 0xFFFF, 0xC150, 0x9EDE, 0x9EDE, 0xFB16, 0xFFFF, 0xC150, 0x9EDE, 0x9EDE, 0x9EDE, 0x9EDE, 0x9EDE,
        0x9EDE, 0x9EDE, 0x9EDE, 0x9EDE, 0xFB16, 0xFB16, 0xFB16, 0xFB16, 0xFFFF, 0xC150, 0xC150, 0x9EDE, 0x9EDE, 0x9EDE, 0x9EDE, 0x9EDE,
        0x9EDE, 0x9EDE, 0x9EDE, 0xFB16, 0xFFFF, 0xFFFF, 0xFFFF, 0xFFFF, 0xC150, 0xC150, 0x9EDE, 0x9EDE, 0x9EDE, 0x9EDE, 0x9EDE, 0x9EDE,
        0x9EDE, 0x9EDE, 0xFB16, 0xFFFF, 0xC150, 0xC150, 0xC150, 0xFB16, 0xFB16, 0x9EDE, 0x9EDE, 0x9EDE, 0xFB16, 0x9EDE, 0x9EDE, 0x9EDE,
        0x9EDE, 0x9EDE, 0xFB16, 0xFFFF, 0xC150, 0x9EDE, 0x9EDE, 0x9EDE, 0xFB16, 0xFB16, 0x9EDE, 0xFB16, 0xFFFF, 0xC150, 0x9EDE, 0x9EDE,
        0x9EDE, 0x9EDE, 0xFB16, 0xFFFF, 0xC150, 0x9EDE, 0x9EDE, 0x9EDE, 0x9EDE, 0xFB16, 0xFB16, 0xFFFF, 0xC150, 0xC150, 0x9EDE, 0x9EDE,
        0x9EDE, 0x9EDE, 0x9EDE, 0xFB16, 0xFB16, 0x9EDE, 0x9EDE, 0x9EDE, 0xFB16, 0xFFFF, 0xFFFF, 0xFFFF, 0xC150, 0x9EDE, 0x9EDE, 0x9EDE,
        0x9EDE, 0x9EDE, 0x9EDE, 0x9EDE, 0xFB16, 0xFB16, 0xFB16, 0xFB16, 0xFFFF, 0xC150, 0xC150, 0xFB16, 0xFB16, 0x9EDE, 0x9EDE, 0x9EDE,
        0x9EDE, 0x9EDE, 0x9EDE, 0x9EDE, 0x9EDE, 0xC150, 0xC150, 0xC150, 0xC150, 0xC150, 0x9EDE, 0x9EDE, 0xC150, 0xC150, 0x9EDE, 0x9EDE,
        0x9EDE, 0x9EDE, 0x9EDE, 0x9EDE, 0x9EDE, 0x9EDE, 0x9EDE, 0x9EDE, 0x9EDE, 0x9EDE, 0x9EDE, 0x9EDE, 0x9EDE, 0x9EDE, 0x9EDE, 0x9EDE,
        0x9EDE, 0x9EDE, 0x9EDE, 0x9EDE, 0x9EDE, 0x9EDE, 0x9EDE, 0x9EDE, 0x9EDE, 0x9EDE, 0x9EDE, 0x9EDE, 0x9EDE, 0x9EDE, 0x9EDE, 0x9EDE,
    },
    {
        0x9EDE, 0x9EDE, 0x9EDE, 0x9EDE, 0x9EDE, 0x9EDE, 0x9EDE, 0x9EDE, 0x9EDE, 0x9EDE, 0x9EDE, 0x9EDE, 0x9EDE, 0x9EDE, 0x9EDE, 0x9EDE,
        0x9EDE, 0x9EDE, 0x9EDE, 0x9EDE, 0x9EDE, 0x9EDE, 0x9EDE, 0x9EDE, 0x9EDE, 0x9EDE, 0x9EDE, 0x9EDE, 0x9EDE, 0x9EDE, 0x9EDE, 0x9EDE,
        0x9EDE, 0x9EDE, 0x9EDE, 0x9EDE, 0x9EDE, 0x9EDE, 0x9EDE, 0x9EDE, 0x9EDE, 0x9EDE, 0x9EDE, 0x9EDE, 0x9EDE, 0x9EDE, 0x9EDE, 0x9EDE,
        0x9EDE, 0x9EDE, 0x9EDE, 0xFB16, 0xFB16, 0xFB16, 0xFB16, 0xFB16, 0x9EDE, 0x9EDE, 0x9EDE, 0x9EDE, 0x9EDE, 0x9EDE, 0x9EDE, 0x9EDE,
        0x9EDE, 0x9EDE, 0xFB16, 0xFFFF, 0xC150, 0xC150, 0xC150, 0xFB16, 0xFB16, 0x9EDE, 0x9EDE, 0x9EDE, 0x9EDE, 0x9EDE, 0x9EDE, 0x9EDE,
        0x9EDE, 0x9EDE, 0xFB16, 0xFFFF, 0xC150, 0x9EDE, 0x9EDE, 0xFB16, 0xFFFF, 0xC150, 0x9EDE, 0x9EDE, 0x9EDE, 0x9EDE, 0x9EDE, 0x9EDE,
        0x9EDE, 0x9EDE, 0x9EDE, 0xFB16, 0xFB16, 0xFB16, 0xFB16, 0xFFFF, 0xC150, 0xC150, 0x9EDE, 0x9EDE, 0x9EDE, 0x9EDE, 0x9EDE, 0x9EDE,
        0x9EDE, 0x9EDE, 0xFB16, 0xFFFF, 0xFFFF, 0xFFFF, 0xFFFF, 0xC150, 0xC150, 0x9EDE, 0x9EDE, 0x9EDE, 0x9EDE, 0x9EDE, 0x9EDE, 0x9EDE,
        0x9EDE, 0xFB16, 0xFFFF, 0xC150, 0xC150, 0xC150, 0xFB16, 0xFB16, 0x9EDE, 0x9EDE, 0x9EDE, 0xFB16, 0x9EDE, 0x9EDE, 0x9EDE, 0x9EDE,
        0x9EDE, 0xFB16, 0xFFFF, 0xC150, 0x9EDE, 0x9EDE, 0x9EDE, 0xFB16, 0xFB16, 0x9EDE, 0xFB16, 0xFFFF, 0xC150, 0x9EDE, 0x9EDE, 0x9EDE,
        0x9EDE, 0xFB16, 0xFFFF, 0xC150, 0x9EDE, 0x9EDE, 0x9EDE, 0x9EDE, 0xFB16, 0xFB16, 0xFFFF, 0xC150, 0xC150, 0x9EDE, 0x9EDE, 0x9EDE,
        0x9EDE, 0x9EDE, 0xFB16, 0xFB16, 0x9EDE, 0x9EDE, 0x9EDE, 0xFB16, 0xFFFF, 0xFFFF, 0xFFFF, 0xC150, 0x9EDE, 0x9EDE, 0x9EDE, 0x9EDE,
        0x9EDE, 0x9EDE, 0x9EDE, 0xFB16, 0xFB16, 0xFB16, 0xFB16, 0xFFFF, 0xC150, 0xC150, 0xFB16, 0xFB16, 0x9EDE, 0x9EDE, 0x9EDE, 0x9EDE,
        0x9EDE, 0x9EDE, 0x9EDE, 0x9EDE, 0xC150, 0xC150, 0xC150, 0xC150, 0xC150, 0x9EDE, 0x9EDE, 0xC150, 0xC150, 0x9EDE, 0x9EDE, 0x9EDE,
        0x9EDE, 0x9EDE, 0x9EDE, 0x9EDE, 0x9EDE, 0x9EDE, 0x9EDE, 0x9EDE, 0x9EDE, 0x9EDE, 0x9EDE, 0x9EDE, 0x9EDE, 0x9EDE, 0x9EDE, 0x9EDE,
        0x9EDE, 0x9EDE, 0x9EDE, 0x9EDE, 0x9EDE, 0x9EDE, 0x9EDE, 0x9EDE, 0x9EDE, 0x9EDE, 0x9EDE, 0x9EDE, 0x9EDE, 0x9EDE, 0x9EDE, 0x9EDE,
    },
    {
        0x9EDE, 0x9EDE, 0x9EDE, 0x9EDE, 0x9EDE, 0x9EDE, 0x9EDE, 0x9EDE, 0x9EDE, 0x9EDE, 0x9EDE, 0x9EDE, 0x9EDE, 0x9EDE, 0x9EDE, 0x9EDE,
        0x9EDE, 0x9EDE, 0x9EDE, 0x9EDE, 0x9EDE, 0x9EDE, 0x9EDE, 0x9EDE, 0x9EDE, 0x9EDE, 0x9EDE, 0x9EDE, 0x9EDE, 0x9EDE, 0x9EDE, 0x9EDE,
        0x9EDE, 0x9EDE, 0x9EDE, 0x9EDE, 0x9EDE, 0x9EDE, 0x9EDE, 0x9EDE, 0x9EDE, 0x9EDE, 0x9EDE, 0x9EDE, 0x9EDE, 0x9EDE, 0x9EDE, 0x9EDE,
        0x9EDE, 0x9EDE, 0xFB16, 0xFB16, 0xFB16, 0xFB16, 0xFB16, 0x9EDE, 0x9EDE, 0x9EDE, 0x9EDE, 0x9EDE, 0x9EDE, 0x9EDE, 0x9EDE, 0x9EDE,
        0x9EDE, 0xFB16, 0xFFFF, 0xC150, 0xC150, 0xC150, 0xFB16, 0xFB16, 0x9EDE, 0x9EDE, 0x9EDE, 0x9EDE, 0x9EDE, 0x9EDE, 0x9EDE, 0x9EDE,
        0x9EDE, 0xFB16, 0xFFFF, 0xC150, 0x9EDE, 0x9EDE, 0xFB16, 0xFFFF, 0xC150, 0x9EDE, 0x9EDE, 0x9EDE, 0x9EDE, 0x9EDE, 0x9EDE, 0x9EDE,
        0x9EDE, 0x9EDE, 0xFB16, 0xFB16, 0xFB16, 0xFB16, 0xFFFF, 0xC150, 0xC150, 0x9EDE, 0x9EDE, 0x9EDE, 0x9EDE, 0x9EDE, 0x9EDE, 0x9EDE,
        0x9EDE, 0xFB16, 0xFFFF, 0xFFFF, 0xFFFF, 0xFFFF, 0xC150, 0xC150, 0x9EDE, 0x9EDE, 0x9EDE, 0x9EDE, 0x9EDE, 0x9EDE, 0x9EDE, 0x9EDE,
        0xFB16, 0xFFFF, 0xC150, 0xC150, 0xC150, 0xFB16, 0xFB16, 0x9EDE, 0x9EDE, 0x9EDE, 0xFB16, 0x9EDE, 0x9EDE, 0x9EDE, 0x9EDE, 0x9EDE,
        0xFB16, 0xFFFF, 0xC150, 0x9EDE, 0x9EDE, 0x9EDE, 0xFB16, 0xFB16, 0x9EDE, 0xFB16, 0xFFFF, 0xC150, 0x9EDE, 0x9EDE, 0x9EDE, 0x9EDE,
        0xFB16, 0xFFFF, 0xC150, 0x9EDE, 0x9EDE, 0x9EDE, 0x9EDE, 0xFB16, 0xFB16, 0xFFFF, 0xC150, 0xC150, 0x9EDE, 0x9EDE, 0x9EDE, 0x9EDE,
        0x9EDE, 0xFB16, 0xFB16, 0x9EDE, 0x9EDE, 0x9EDE, 0xFB16, 0xFFFF, 0xFFFF, 0xFFFF, 0xC150, 0x9EDE, 0x9EDE, 0x9EDE, 0x9EDE, 0x9EDE,
        0x9EDE, 0x9EDE, 0xFB16, 0xFB16, 0xFB16, 0xFB16, 0xFFFF, 0xC150, 0xC150, 0xFB16, 0xFB16, 0x9EDE, 0x9EDE, 0x9EDE, 0x9EDE, 0x9EDE,
        0x9EDE, 0x9EDE, 0x9EDE, 0xC150, 0xC150, 0xC150, 0xC150, 0xC150, 0x9EDE, 0x9EDE, 0xC150, 0xC150, 0x9EDE, 0x9EDE, 0x9EDE, 0x9EDE,
        0x9EDE, 0x9EDE, 0x9EDE, 0x9EDE, 0x9EDE, 0x9EDE, 0x9EDE, 0x9EDE, 0x9EDE, 0x9EDE, 0x9EDE, 0x9EDE, 0x9EDE, 0x9EDE, 0x9EDE, 0x9EDE,
        0x9EDE, 0x9EDE, 0x9EDE, 0x9EDE, 0x9EDE, 0x9EDE, 0x9EDE, 0x9EDE, 0x9EDE, 0x9EDE, 0x9EDE, 0x9EDE, 0x9EDE, 0x9EDE, 0x9EDE, 0x9EDE,
    },
    {
        0x9EDE, 0x9EDE, 0x9EDE, 0x9EDE, 0x9EDE, 0x9EDE, 0x9EDE, 0x9EDE, 0x9EDE, 0x9EDE, 0x9EDE, 0x9EDE, 0x9EDE, 0x9EDE, 0x9EDE, 0x9EDE,
        0x9EDE, 0x9EDE, 0x9EDE, 0x9EDE, 0x9EDE, 0x9EDE, 0x9EDE, 0x9EDE, 0x9EDE, 0x9EDE, 0x9EDE, 0x9EDE, 0x9EDE, 0x9EDE, 0x9EDE, 0x9EDE,
        0x9EDE, 0x9EDE, 0x9EDE, 0x9EDE, 0x9EDE, 0x9EDE, 0x9EDE, 0x9EDE, 0x9EDE, 0x9EDE, 0x9EDE, 0x9EDE, 0x9EDE, 0x9EDE, 0x9EDE, 0x9EDE,
        0x9EDE, 0xFB16, 0xFB16, 0xFB16, 0xFB16, 0xFB16, 0x9EDE, 0x9EDE, 0x9EDE, 0x9EDE, 0x9EDE, 0x9EDE, 0x9EDE, 0x9EDE, 0x9EDE, 0xFB16,
        0xFB16, 0xFFFF, 0xC150, 0xC150, 0xC150, 0xFB16, 0xFB16, 0x9EDE, 0x9EDE, 0x9EDE, 0x9EDE, 0x9EDE, 0x9EDE, 0x9EDE, 0x9EDE, 0xFB16,
        0xFB16, 0xFFFF, 0xC150, 0x9EDE, 0x9EDE, 0xFB16, 0xFFFF, 0xC150, 0x9EDE, 0x9EDE, 0x9EDE, 0x9EDE, 0x9EDE, 0x9EDE, 0x9EDE, 0xFB16,
        0x9EDE, 0xFB16, 0xFB16, 0xFB16, 0xFB16, 0xFFFF, 0xC150, 0xC150, 0x9EDE, 0x9EDE, 0x9EDE, 0x9EDE, 0x9EDE, 0x9EDE, 0x9EDE, 0xFB16,
        0xFB16, 0xFFFF, 0xFFFF, 0xFFFF, 0xFFFF, 0xC150, 0xC150, 0x9EDE, 0x9EDE, 0x9EDE, 0x9EDE, 0x9EDE, 0x9EDE, 0x9EDE, 0x9EDE, 0xFB16,
        0xFFFF, 0xC150, 0xC150, 0xC150, 0xFB16, 0xFB16, 0x9EDE, 0x9EDE, 0x9EDE, 0xFB16, 0x9EDE, 0x9EDE, 0x9EDE, 0x9EDE, 0x9EDE, 0xFB16,
        0xFFFF, 0xC150, 0x9EDE, 0x9EDE, 0x9EDE, 0xFB16, 0xFB16, 0x9EDE, 0xFB16, 0xFFFF, 0xC150, 0x9EDE, 0x9EDE, 0x9EDE, 0x9EDE, 0xFB16,
        0xFFFF, 0xC150, 0x9EDE, 0x9EDE, 0x9EDE, 0x9EDE, 0xFB16, 0xFB16, 0xFFFF, 0xC150, 0xC150, 0x9EDE, 0x9EDE, 0x9EDE, 0x9EDE, 0xFB16,
        0xFB16, 0xFB16, 0x9EDE, 0x9EDE, 0x9EDE, 0xFB16, 0xFFFF, 0xFFFF, 0xFFFF, 0xC150, 0x9EDE, 0x9EDE, 0x9EDE, 0x9EDE, 0x9EDE, 0xFB16,
        0x9EDE, 0xFB16, 0xFB16, 0xFB16, 0xFB16, 0xFFFF, 0xC150, 0xC150, 0xFB16, 0xFB16, 0x9EDE, 0x9EDE, 0x9EDE, 0x9EDE, 0x9EDE, 0xFB16,
        0x9EDE, 0x9EDE, 0xC150, 0xC150, 0xC150, 0xC150, 0xC150, 0x9EDE, 0x9EDE, 0xC150, 0xC150, 0x9EDE, 0x9EDE, 0x9EDE, 0x9EDE, 0x9EDE,
        0x9EDE, 0x9EDE, 0x9EDE, 0x9EDE, 0x9EDE, 0x9EDE, 0x9EDE, 0x9EDE, 0x9EDE, 0x9EDE, 0x9EDE, 0x9EDE, 0x9EDE, 0x9EDE, 0x9EDE, 0x9EDE,
        0x9EDE, 0x9EDE, 0x9EDE, 0x9EDE, 0x9EDE, 0x9EDE, 0x9EDE, 0x9EDE, 0x9EDE, 0x9EDE, 0x9EDE, 0x9EDE, 0x9EDE, 0x9EDE, 0x9EDE, 0x9EDE,
    },
    {
        0x9EDE, 0x9EDE, 0x9EDE, 0x9EDE, 0x9EDE, 0x9EDE, 0x9EDE, 0x9EDE, 0x9EDE, 0x9EDE, 0x9EDE, 0x9EDE, 0x9EDE, 0x9EDE, 0x9EDE, 0x9EDE,
        0x9EDE, 0x9EDE, 0x9EDE, 0x9EDE, 0x9EDE, 0x9EDE, 0x9EDE, 0x9EDE, 0x9EDE, 0x9EDE, 0x9EDE, 0x9EDE, 0x9EDE, 0x9EDE, 0x9EDE, 0x9EDE,
        0x9EDE, 0x9EDE, 0x9EDE, 0x9EDE, 0x9EDE, 0x9EDE, 0x9EDE, 0x9EDE, 0x9EDE, 0x9EDE, 0x9EDE, 0x9EDE, 0x9EDE, 0x9EDE, 0x9EDE, 0x9EDE,
        0xFB16, 0xFB16, 0xFB16, 0xFB16, 0xFB16, 0x9EDE, 0x9EDE, 0x9EDE, 0x9EDE, 0x9EDE, 0x9EDE, 0x9EDE, 0x9EDE, 0x9EDE, 0xFB16, 0xFB16,
        0xFFFF, 0xC150, 0xC150, 0xC150, 0xFB16, 0xFB16, 0x9EDE, 0x9EDE, 0x9EDE, 0x9EDE, 0x9EDE, 0x9EDE, 0x9EDE, 0x9EDE, 0xFB16, 0xFFFF,
        0xFFFF, 0xC150, 0x9EDE, 0x9EDE, 0xFB16, 0xFFFF, 0xC150, 0x9EDE, 0x9EDE, 0x9EDE, 0x9EDE, 0x9EDE, 0x9EDE, 0x9EDE, 0xFB16, 0xFFFF,
        0xFB16, 0xFB16, 0xFB16, 0xFB16, 0xFFFF, 0xC150, 0xC150, 0x9EDE, 0x9EDE, 0x9EDE, 0x9EDE, 0x9EDE, 0x9EDE, 0x9EDE, 0xFB16, 0xFFFF,
        0xFFFF, 0xFFFF, 0xFFFF, 0xFFFF, 0xC150, 0xC150, 0x9EDE, 0x9EDE, 0x9EDE, 0x9EDE, 0x9EDE, 0x9EDE, 0x9EDE, 0x9EDE, 0xFB16, 0xFFFF,
        0xC150, 0xC150, 0xC150, 0xFB16, 0xFB16, 0x9EDE, 0x9EDE, 0x9EDE, 0xFB16, 0x9EDE, 0x9EDE, 0x9EDE, 0x9EDE, 0x9EDE, 0xFB16, 0xFFFF,
        0xC150, 0x9EDE, 0x9EDE, 0x9EDE, 0xFB16, 0xFB16, 0x9EDE, 0xFB16, 0xFFFF, 0xC150, 0x9EDE, 0x9EDE, 0x9EDE, 0x9EDE, 0xFB16, 0xFFFF,
        0xC150, 0x9EDE, 0x9EDE, 0x9EDE, 0x9EDE, 0xFB16, 0xFB16, 0xFFFF, 0xC150, 0xC150, 0x9EDE, 0x9EDE, 0x9EDE, 0x9EDE, 0xFB16, 0xFFFF,
        0xFB16, 0x9EDE, 0x9EDE, 0x9EDE, 0xFB16, 0xFFFF, 0xFFFF, 0xFFFF, 0xC150, 0x9EDE, 0x9EDE, 0x9EDE, 0x9EDE, 0x9EDE, 0xFB16, 0xFFFF,
        0xFB16, 0xFB16, 0xFB16, 0xFB16, 0xFFFF, 0xC150, 0xC150, 0xFB16, 0xFB16, 0x9EDE, 0x9EDE, 0x9EDE, 0x9EDE, 0x9EDE, 0xFB16, 0xFFFF,
        0x9EDE, 0xC150, 0xC150, 0xC150, 0xC150, 0xC150, 0x9EDE, 0x9EDE, 0xC150, 0xC150, 0x9EDE, 0x9EDE, 0x9EDE, 0x9EDE, 0x9EDE, 0xC150,
        0x9EDE, 0x9EDE, 0x9EDE, 0x9EDE, 0x9EDE, 0x9EDE, 0x9EDE, 0x9EDE, 0x9EDE, 0x9EDE, 0x9EDE, 0x9EDE, 0x9EDE, 0x9EDE, 0x9EDE, 0x9EDE,
        0x9EDE, 0x9EDE, 0x9EDE, 0x9EDE, 0x9EDE, 0x9EDE, 0x9EDE, 0x9EDE, 0x9EDE, 0x9EDE, 0x9EDE, 0x9EDE, 0x9EDE, 0x9EDE, 0x9EDE, 0x9EDE,
    },
    {
        0x9EDE, 0x9EDE, 0x9EDE, 0x9EDE, 0x9EDE, 0x9EDE, 0x9EDE, 0x9EDE, 0x9EDE, 0x9EDE, 0x9EDE, 0x9EDE, 0x9EDE, 0x9EDE, 0x9EDE, 0x9EDE,
        0x9EDE, 0x9EDE, 0x9EDE, 0x9EDE, 0x9EDE, 0x9EDE, 0x9EDE, 0x9EDE, 0x9EDE, 0x9EDE, 0x9EDE, 0x9EDE, 0x9EDE, 0x9EDE, 0x9EDE, 0x9EDE,
        0x9EDE, 0x9EDE, 0x9EDE, 0x9EDE, 0x9EDE, 0x9EDE, 0x9EDE, 0x9EDE, 0x9EDE, 0x9EDE, 0x9EDE, 0x9EDE, 0x9EDE, 0x9EDE, 0x9EDE, 0x9EDE,
        0xFB16, 0xFB16, 0xFB16, 0xFB16, 0x9EDE, 0x9EDE, 0x9EDE, 0x9EDE, 0x9EDE, 0x9EDE, 0x9EDE, 0x9EDE, 0x9EDE, 0xFB16, 0xFB16, 0xFB16,
        0xC150, 0xC150, 0xC150, 0xFB16, 0xFB16, 0x9EDE, 0x9EDE, 0x9EDE, 0x9EDE, 0x9EDE, 0x9EDE, 0x9EDE, 0x9EDE, 0xFB16, 0xFFFF, 0xFFFF,
        0xC150, 0x9EDE, 0x9EDE, 0xFB16, 0xFFFF, 0xC150, 0x9EDE, 0x9EDE, 0x9EDE, 0x9EDE, 0x9EDE, 0x9EDE, 0x9EDE, 0xFB16, 0xFFFF, 0xC150,
        0xFB16, 0xFB16, 0xFB16, 0xFFFF, 0xC150, 0xC150, 0x9EDE, 0x9EDE, 0x9EDE, 0x9EDE, 0x9EDE, 0x9EDE, 0x9EDE, 0xFB16, 0xFFFF, 0xC150,
        0xFFFF, 0xFFFF, 0xFFFF, 0xC150, 0xC150, 0x9EDE, 0x9EDE, 0x9EDE, 0x9EDE, 0x9EDE, 0x9EDE, 0x9EDE, 0x9EDE, 0xFB16, 0xFFFF, 0xFB16,
        0xC150, 0xC150, 0xFB16, 0xFB16, 0x9EDE, 0x9EDE, 0x9EDE, 0xFB16, 0x9EDE, 0x9EDE, 0x9EDE, 0x9EDE, 0x9EDE, 0xFB16, 0xFFFF, 0xFFFF,
        0x9EDE, 0x9EDE, 0x9EDE, 0xFB16, 0xFB16, 0x9EDE, 0xFB16, 0xFFFF, 0xC150, 0x9EDE, 0x9EDE, 0x9EDE, 0x9EDE, 0xFB16, 0xFFFF, 0xC150,
        0x9EDE, 0x9EDE, 0x9EDE, 0x9EDE, 0xFB16, 0xFB16, 0xFFFF, 0xC150, 0xC150, 0x9EDE, 0x9EDE, 0x9EDE, 0x9EDE, 0xFB16, 0xFFFF, 0xC150,
        0x9EDE, 0x9EDE, 0x9EDE, 0xFB16, 0xFFFF, 0xFFFF, 0xFFFF, 0xC150, 0x9EDE, 0x9EDE, 0x9EDE, 0x9EDE, 0x9EDE, 0xFB16, 0xFFFF, 0xC150,
        0xFB16, 0xFB16, 0xFB16, 0xFFFF, 0xC150, 0xC150, 0xFB16, 0xFB16, 0x9EDE, 0x9EDE, 0x9EDE, 0x9EDE, 0x9EDE, 0xFB16, 0xFFFF, 0xC150,
        0xC150, 0xC150, 0xC150, 0xC150, 0xC150, 0x9EDE, 0x9EDE, 0xC150, 0xC150, 0x9EDE, 0x9EDE, 0x9EDE, 0x9EDE, 0x9EDE, 0xC150, 0xC150,
        0x9EDE, 0x9EDE, 0x9EDE, 0x9EDE, 0x9EDE, 0x9EDE, 0x9EDE, 0x9EDE, 0x9EDE, 0x9EDE, 0x9EDE, 0x9EDE, 0x9EDE, 0x9EDE, 0x9EDE, 0x9EDE,
        0x9EDE, 0x9EDE, 0x9EDE, 0x9EDE, 0x9EDE, 0x9EDE, 0x9EDE, 0x9EDE, 0x9EDE, 0x9EDE, 0x9EDE, 0x9EDE, 0x9EDE, 0x9EDE, 0x9EDE, 0x9EDE,
    },
    {
        0x9EDE, 0x9EDE, 0x9EDE, 0x9EDE, 0x9EDE, 0x9EDE, 0x9EDE, 0x9EDE, 0x9EDE, 0x9EDE, 0x9EDE, 0x9EDE, 0x9EDE, 0x9EDE, 0x9EDE, 0x9EDE,
        0x9EDE, 0x9EDE, 0x9EDE, 0x9EDE, 0x9EDE, 0x9EDE, 0x9EDE, 0x9EDE, 0x9EDE, 0x9EDE, 0x9EDE, 0x9EDE, 0x9EDE, 0x9EDE, 0x9EDE, 0x9EDE,
        0x9EDE, 0x9EDE, 0x9EDE, 0x9EDE, 0x9EDE, 0x9EDE, 0x9EDE, 0x9EDE, 0x9EDE, 0x9EDE, 0x9EDE, 0x9EDE, 0x9EDE, 0x9EDE, 0x9EDE, 0x9EDE,
        0xFB16, 0xFB16, 0xFB16, 0x9EDE, 0x9EDE, 0x9EDE, 0x9EDE, 0x9EDE, 0x9EDE, 0x9EDE, 0x9EDE, 0x9EDE, 0xFB16, 0xFB16, 0xFB16, 0xFB16,
        0xC150, 0xC150, 0xFB16, 0xFB16, 0x9EDE, 0x9EDE, 0x9EDE, 0x9EDE, 0x9EDE, 0x9EDE, 0x9EDE, 0x9EDE, 0xFB16, 0xFFFF, 0xFFFF, 0xFFFF,
        0x9EDE, 0x9EDE, 0xFB16, 0xFFFF, 0xC150, 0x9EDE, 0x9EDE, 0x9EDE, 0x9EDE, 0x9EDE, 0x9EDE, 0x9EDE, 0xFB16, 0xFFFF, 0xC150, 0xC150,
        0xFB16, 0xFB16, 0xFFFF, 0xC150, 0xC150, 0x9EDE, 0x9EDE, 0x9EDE, 0x9EDE, 0x9EDE, 0x9EDE, 0x9EDE, 0xFB16, 0xFFFF, 0xC150, 0x9EDE,
        0xFFFF, 0xFFFF, 0xC150, 0xC150, 0x9EDE, 0x9EDE, 0x9EDE, 0x9EDE, 0x9EDE, 0x9EDE, 0x9EDE, 0x9EDE, 0xFB16, 0xFFFF, 0xFB16, 0xFB16,
        0xC150, 0xFB16, 0xFB16, 0x9EDE, 0x9EDE, 0x9EDE, 0xFB16, 0x9EDE, 0x9EDE, 0x9EDE, 0x9EDE, 0x9EDE, 0xFB16, 0xFFFF, 0xFFFF, 0xFFFF,
        0x9EDE, 0x9EDE, 0xFB16, 0xFB16, 0x9EDE, 0xFB16, 0xFFFF, 0xC150, 0x9EDE, 0x9EDE, 0x9EDE, 0x9EDE, 0xFB16, 0xFFFF, 0xC150, 0xFB16,
        0x9EDE, 0x9EDE, 0x9EDE, 0xFB16, 0xFB16, 0xFFFF, 0xC150, 0xC150, 0x9EDE, 0x9EDE, 0x9EDE, 0x9EDE, 0xFB16, 0xFFFF, 0xC150, 0x9EDE,
        0x9EDE, 0x9EDE, 0xFB16, 0xFFFF, 0xFFFF, 0xFFFF, 0xC150, 0x9EDE, 0x9EDE, 0x9EDE, 0x9EDE, 0x9EDE, 0xFB16, 0xFFFF, 0xC150, 0x9EDE,
        0xFB16, 0xFB16, 0xFFFF, 0xC150, 0xC150, 0xFB16, 0xFB16, 0x9EDE, 0x9EDE, 0x9EDE, 0x9EDE, 0x9EDE, 0xFB16, 0xFFFF, 0xC150, 0x9EDE,
        0xC150, 0xC150, 0xC150, 0xC150, 0x9EDE, 0x9EDE, 0xC150, 0xC150, 0x9EDE, 0x9EDE, 0x9EDE, 0x9EDE, 0x9EDE, 0xC150, 0xC150, 0x9EDE,
        0x9EDE, 0x9EDE, 0x9EDE, 0x9EDE, 0x9EDE, 0x9EDE, 0x9EDE, 0x9EDE, 0x9EDE, 0x9EDE, 0x9EDE, 0x9EDE, 0x9EDE, 0x9EDE, 0x9EDE, 0x9EDE,
        0x9EDE, 0x9EDE, 0x9EDE, 0x9EDE, 0x9EDE, 0x9EDE, 0x9EDE, 0x9EDE, 0x9EDE, 0x9EDE, 0x9EDE, 0x9EDE, 0x9EDE, 0x9EDE, 0x9EDE, 0x9EDE,
    },
    {
        0x9EDE, 0x9EDE, 0x9EDE, 0x9EDE, 0x9EDE, 0x9EDE, 0x9EDE, 0x9EDE, 0x9EDE, 0x9EDE, 0x9EDE, 0x9EDE, 0x9EDE, 0x9EDE, 0x9EDE, 0x9EDE,
        0x9EDE, 0x9EDE, 0x9EDE, 0x9EDE, 0x9EDE, 0x9EDE, 0x9EDE, 0x9EDE, 0x9EDE, 0x9EDE, 0x9EDE, 0x9EDE, 0x9EDE, 0x9EDE, 0x9EDE, 0x9EDE,
        0x9EDE, 0x9EDE, 0x9EDE, 0x9EDE, 0x9EDE, 0x9EDE, 0x9EDE, 0x9EDE, 0x9EDE, 0x9EDE, 0x9EDE, 0x9EDE, 0x9EDE, 0x9EDE, 0x9EDE, 0x9EDE,
        0xFB16, 0xFB16, 0x9EDE, 0x9EDE, 0x9EDE, 0x9EDE, 0x9EDE, 0x9EDE, 0x9EDE, 0x9EDE, 0x9EDE, 0xFB16, 0xFB16, 0xFB16, 0xFB16, 0xFB16,
        0xC150, 0xFB16, 0xFB16, 0x9EDE, 0x9EDE, 0x9EDE, 0x9EDE, 0x9EDE, 0x9EDE, 0x9EDE, 0x9EDE, 0xFB16, 0xFFFF, 0xFFFF, 0xFFFF, 0xFFFF,
        0x9EDE, 0xFB16, 0xFFFF, 0xC150, 0x9EDE, 0x9EDE, 0x9EDE, 0x9EDE, 0x9EDE, 0x9EDE, 0x9EDE, 0xFB16, 0xFFFF, 0xC150, 0xC150, 0xFB16,
        0xFB16, 0xFFFF, 0xC150, 0xC150, 0x9EDE, 0x9EDE, 0x9EDE, 0x9EDE, 0x9EDE, 0x9EDE, 0x9EDE, 0xFB16, 0xFFFF, 0xC150, 0x9EDE, 0xFB16,
        0xFFFF, 0xC150, 0xC150, 0x9EDE, 0x9EDE, 0x9EDE, 0x9EDE, 0x9EDE, 0x9EDE, 0x9EDE, 0x9EDE, 0xFB16, 0xFFFF, 0xFB16, 0xFB16, 0xFFFF,
        0xFB16, 0xFB16, 0x9EDE, 0x9EDE, 0x9EDE, 0xFB16, 0x9EDE, 0x9EDE, 0x9EDE, 0x9EDE, 0x9EDE, 0xFB16, 0xFFFF, 0xFFFF, 0xFFFF, 0xFFFF,
        0x9EDE, 0xFB16, 0xFB16, 0x9EDE, 0xFB16, 0xFFFF, 0xC150, 0x9EDE, 0x9EDE, 0x9EDE, 0x9EDE, 0xFB16, 0xFFFF, 0xC150, 0xFB16, 0xFFFF,
        0x9EDE, 0x9EDE, 0xFB16, 0xFB16, 0xFFFF, 0xC150, 0xC150, 0x9EDE, 0x9EDE, 0x9EDE, 0x9EDE, 0xFB16, 0xFFFF, 0xC150, 0x9EDE, 0xFB16,
        0x9EDE, 0xFB16, 0xFFFF, 0xFFFF, 0xFFFF, 0xC150, 0x9EDE, 0x9EDE, 0x9EDE, 0x9EDE, 0x9EDE, 0xFB16, 0xFFFF, 0xC150, 0x9EDE, 0x9EDE,
        0xFB16, 0xFFFF, 0xC150, 0xC150, 0xFB16, 0xFB16, 0x9EDE, 0x9EDE, 0x9EDE, 0x9EDE, 0x9EDE, 0xFB16, 0xFFFF, 0xC150, 0x9EDE, 0x9EDE,
        0xC150, 0xC150, 0xC150, 0x9EDE, 0x9EDE, 0xC150, 0xC150, 0x9EDE, 0x9EDE, 0x9EDE, 0x9EDE, 0x9EDE, 0xC150, 0xC150, 0x9EDE, 0x9EDE,
        0x9EDE, 0x9EDE, 0x9EDE, 0x9EDE, 0x9EDE, 0x9EDE, 0x9EDE, 0x9EDE, 0x9EDE, 0x9EDE, 0x9EDE, 0x9EDE, 0x9EDE, 0x9EDE, 0x9EDE, 0x9EDE,
        0x9EDE, 0x9EDE, 0x9EDE, 0x9EDE, 0x9EDE, 0x9EDE, 0x9EDE, 0x9EDE, 0x9EDE, 0x9EDE, 0x9EDE, 0x9EDE, 0x9EDE, 0x9EDE, 0x9EDE, 0x9EDE,
    },
    {
        0x9EDE, 0x9EDE, 0x9EDE, 0x9EDE, 0x9EDE, 0x9EDE, 0x9EDE, 0x9EDE, 0x9EDE, 0x9EDE, 0x9EDE, 0x9EDE, 0x9EDE, 0x9EDE, 0x9EDE, 0x9EDE,
        0x9EDE, 0x9EDE, 0x9EDE, 0x9EDE, 0x9EDE, 0x9EDE, 0x9EDE, 0x9EDE, 0x9EDE, 0x9EDE, 0x9EDE, 0x9EDE, 0x9EDE, 0x9EDE, 0x9EDE, 0x9EDE,
        0x9EDE, 0x9EDE, 0x9EDE, 0x9EDE, 0x9EDE, 0x9EDE, 0x9EDE, 0x9EDE, 0x9EDE, 0x9EDE, 0x9EDE, 0x9EDE, 0x9EDE, 0x9EDE, 0x9EDE, 0x9EDE,
        0xFB16, 0x9EDE, 0x9EDE, 0x9EDE, 0x9EDE, 0x9EDE, 0x9EDE, 0x9EDE, 0x9EDE, 0x9EDE, 0xFB16, 0xFB16, 0xFB16, 0xFB16, 0xFB16, 0xFB16,
        0xFB16, 0xFB16, 0x9EDE, 0x9EDE, 0x9EDE, 0x9EDE, 0x9EDE, 0x9EDE, 0x9EDE, 0x9EDE, 0xFB16, 0xFFFF, 0xFFFF, 0xFFFF, 0xFFFF, 0xFFFF,
        0xFB16, 0xFFFF, 0xC150, 0x9EDE, 0x9EDE, 0x9EDE, 0x9EDE, 0x9EDE, 0x9EDE, 0x9EDE, 0xFB16, 0xFFFF, 0xC150, 0xC150, 0xFB16, 0xFFFF,
        0xFFFF, 0xC150, 0xC150, 0x9EDE, 0x9EDE, 0x9EDE, 0x9EDE, 0x9EDE, 0x9EDE, 0x9EDE, 0xFB16, 0xFFFF, 0xC150, 0x9EDE, 0xFB16, 0xFFFF,
        0xC150, 0xC150, 0x9EDE, 0x9EDE, 0x9EDE, 0x9EDE, 0x9EDE, 0x9EDE, 0x9EDE, 0x9EDE, 0xFB16, 0xFFFF, 0xFB16, 0xFB16, 0xFFFF, 0xFFFF,
        0xFB16, 0x9EDE, 0x9EDE, 0x9EDE, 0xFB16, 0x9EDE, 0x9EDE, 0x9EDE, 0x9EDE, 0x9EDE, 0xFB16, 0xFFFF, 0xFFFF, 0xFFFF, 0xFFFF, 0xFFFF,
        0xFB16, 0xFB16, 0x9EDE, 0xFB16, 0xFFFF, 0xC150, 0x9EDE, 0x9EDE, 0x9EDE, 0x9EDE, 0xFB16, 0xFFFF, 0xC150, 0xFB16, 0xFFFF, 0xC150,
        0x9EDE, 0xFB16, 0xFB16, 0xFFFF, 0xC150, 0xC150, 0x9EDE, 0x9EDE, 0x9EDE, 0x9EDE, 0xFB16, 0xFFFF, 0xC150, 0x9EDE, 0xFB16, 0xFB16,
        0xFB16, 0xFFFF, 0xFFFF, 0xFFFF, 0xC150, 0x9EDE, 0x9EDE, 0x9EDE, 0x9EDE, 0x9EDE, 0xFB16, 0xFFFF, 0xC150, 0x9EDE, 0x9EDE, 0xFB16,
        0xFFFF, 0xC150, 0xC150, 0xFB16, 0xFB16, 0x9EDE, 0x9EDE, 0x9EDE, 0x9EDE, 0x9EDE, 0xFB16, 0xFFFF, 0xC150, 0x9EDE, 0x9EDE, 0xFB16,
        0xC150, 0xC150, 0x9EDE, 0x9EDE, 0xC150, 0xC150, 0x9EDE, 0x9EDE, 0x9EDE, 0x9EDE, 0x9EDE, 0xC150, 0xC150, 0x9EDE, 0x9EDE, 0x9EDE,
        0x9EDE, 0x9EDE, 0x9EDE, 0x9EDE, 0x9EDE, 0x9EDE, 0x9EDE, 0x9EDE, 0x9EDE, 0x9EDE, 0x9EDE, 0x9EDE, 0x9EDE, 0x9EDE, 0x9EDE, 0x9EDE,
        0x9EDE, 0x9EDE, 0x9EDE, 0x9EDE, 0x9EDE, 0x9EDE, 0x9EDE, 0x9EDE, 0x9EDE, 0x9EDE, 0x9EDE, 0x9EDE, 0x9EDE, 0x9EDE, 0x9EDE, 0x9EDE,
    },
    {
        0x9EDE, 0x9EDE, 0x9EDE, 0x9EDE, 0x9EDE, 0x9EDE, 0x9EDE, 0x9EDE, 0x9EDE, 0x9EDE, 0x9EDE, 0x9EDE, 0x9EDE, 0x9EDE, 0x9EDE, 0x9EDE,
        0x9EDE, 0x9EDE, 0x9EDE, 0x9EDE, 0x9EDE, 0x9EDE, 0x9EDE, 0x9EDE, 0x9EDE, 0x9EDE, 0x9EDE, 0x9EDE, 0x9EDE, 0x9EDE, 0x9EDE, 0x9EDE,
        0x9EDE, 0x9EDE, 0x9EDE, 0x9EDE, 0x9EDE, 0x9EDE, 0x9EDE, 0x9EDE, 0x9EDE, 0x9EDE, 0x9EDE, 0x9EDE, 0x9EDE, 0x9EDE, 0x9EDE, 0x9EDE,
        0x9EDE, 0x9EDE, 0x9EDE, 0x9EDE, 0x9EDE, 0x9EDE, 0x9EDE, 0x9EDE, 0x9EDE, 0xFB16, 0xFB16, 0xFB16, 0xFB16, 0xFB16, 0xFB16, 0x9EDE,
        0xFB16, 0x9EDE, 0x9EDE, 0x9EDE, 0x9EDE, 0x9EDE, 0x9EDE, 0x9EDE, 0x9EDE, 0xFB16, 0xFFFF, 0xFFFF, 0xFFFF, 0xFFFF, 0xFFFF, 0xC150,
        0xFFFF, 0xC150, 0x9EDE, 0x9EDE, 0x9EDE, 0x9EDE, 0x9EDE, 0x9EDE, 0x9EDE, 0xFB16, 0xFFFF, 0xC150, 0xC150, 0xFB16, 0xFFFF, 0xC150,
        0xC150, 0xC150, 0x9EDE, 0x9EDE, 0x9EDE, 0x9EDE, 0x9EDE, 0x9EDE, 0x9EDE, 0xFB16, 0xFFFF, 0xC150, 0x9EDE, 0xFB16, 0xFFFF, 0xC150,
        0xC150, 0x9EDE, 0x9EDE, 0x9EDE, 0x9EDE, 0x9EDE, 0x9EDE, 0x9EDE, 0x9EDE, 0xFB16, 0xFFFF, 0xFB16, 0xFB16, 0xFFFF, 0xFFFF, 0xC150,
        0x9EDE, 0x9EDE, 0x9EDE, 0xFB16, 0x9EDE, 0x9EDE, 0x9EDE, 0x9EDE, 0x9EDE, 0xFB16, 0xFFFF, 0xFFFF, 0xFFFF, 0xFFFF, 0xFFFF, 0xC150,
        0xFB16, 0x9EDE, 0xFB16, 0xFFFF, 0xC150, 0x9EDE, 0x9EDE, 0x9EDE, 0x9EDE, 0xFB16, 0xFFFF, 0xC150, 0xFB16, 0xFFFF, 0xC150, 0xC150,
        0xFB16, 0xFB16, 0xFFFF, 0xC150, 0xC150, 0x9EDE, 0x9EDE, 0x9EDE, 0x9EDE, 0xFB16, 0xFFFF, 0xC150, 0x9EDE, 0xFB16, 0xFB16, 0x9EDE,
        0xFFFF, 0xFFFF, 0xFFFF, 0xC150, 0x9EDE, 0x9EDE, 0x9EDE, 0x9EDE, 0x9EDE, 0xFB16, 0xFFFF, 0xC150, 0x9EDE, 0x9EDE, 0xFB16, 0xFB16,
        0xC150, 0xC150, 0xFB16, 0xFB16, 0x9EDE, 0x9EDE, 0x9EDE, 0x9EDE, 0x9EDE, 0xFB16, 0xFFFF, 0xC150, 0x9EDE, 0x9EDE, 0xFB16, 0xFFFF,
        0xC150, 0x9EDE, 0x9EDE, 0xC150, 0xC150, 0x9EDE, 0x9EDE, 0x9EDE, 0x9EDE, 0x9EDE, 0xC150, 0xC150, 0x9EDE, 0x9EDE, 0x9EDE, 0xC150,
        0x9EDE, 0x9EDE, 0x9EDE, 0x9EDE, 0x9EDE, 0x9EDE, 0x9EDE, 0x9EDE, 0x9EDE, 0x9EDE, 0x9EDE, 0x9EDE, 0x9EDE, 0x9EDE, 0x9EDE, 0x9EDE,
        0x9EDE, 0x9EDE, 0x9EDE, 0x9EDE, 0x9EDE, 0x9EDE, 0x9EDE, 0x9EDE, 0x9EDE, 0x9EDE, 0x9EDE, 0x9EDE, 0x9EDE, 0x9EDE, 0x9EDE, 0x9EDE,
    },
    {
        0x9EDE, 0x9EDE, 0x9EDE, 0x9EDE, 0x9EDE, 0x9EDE, 0x9EDE, 0x9EDE, 0x9EDE, 0x9EDE, 0x9EDE, 0x9EDE, 0x9EDE, 0x9EDE, 0x9EDE, 0x9EDE,
        0x9EDE, 0x9EDE, 0x9EDE, 0x9EDE, 0x9EDE, 0x9EDE, 0x9EDE, 0x9EDE, 0x9EDE, 0x9EDE, 0x9EDE, 0x9EDE, 0x9EDE, 0x9EDE, 0x9EDE, 0x9EDE,
        0x9EDE, 0x9EDE, 0x9EDE, 0x9EDE, 0x9EDE, 0x9EDE, 0x9EDE, 0x9EDE, 0x9EDE, 0x9EDE, 0x9EDE, 0x9EDE, 0x9EDE, 0x9EDE, 0x9EDE, 0x9EDE,
        0x9EDE, 0x9EDE, 0x9EDE, 0x9EDE, 0x9EDE, 0x9EDE, 0x9EDE, 0x9EDE, 0xFB16, 0xFB16, 0xFB16, 0xFB16, 0xFB16, 0xFB16, 0x9EDE, 0x9EDE,
        0x9EDE, 0x9EDE, 0x9EDE, 0x9EDE, 0x9EDE, 0x9EDE, 0x9EDE, 0x9EDE, 0xFB16, 0xFFFF, 0xFFFF, 0xFFFF, 0xFFFF, 0xFFFF, 0xC150, 0x9EDE,
        0xC150, 0x9EDE, 0x9EDE, 0x9EDE, 0x9EDE, 0x9EDE, 0x9EDE, 0x9EDE, 0xFB16, 0xFFFF, 0xC150, 0xC150, 0xFB16, 0xFFFF, 0xC150, 0x9EDE,
        0xC150, 0x9EDE, 0x9EDE, 0x9EDE, 0x9EDE, 0x9EDE, 0x9EDE, 0x9EDE, 0xFB16, 0xFFFF, 0xC150, 0x9EDE, 0xFB16, 0xFFFF, 0xC150, 0x9EDE,
        0x9EDE, 0x9EDE, 0x9EDE, 0x9EDE, 0x9EDE, 0x9EDE, 0x9EDE, 0x9EDE, 0xFB16, 0xFFFF, 0xFB16, 0xFB16, 0xFFFF, 0xFFFF, 0xC150, 0x9EDE,
        0x9EDE, 0x9EDE, 0xFB16, 0x9EDE, 0x9EDE, 0x9EDE, 0x9EDE, 0x9EDE, 0xFB16, 0xFFFF, 0xFFFF, 0xFFFF, 0xFFFF, 0xFFFF, 0xC150, 0x9EDE,
        0x9EDE, 0xFB16, 0xFFFF, 0xC150, 0x9EDE, 0x9EDE, 0x9EDE, 0x9EDE, 0xFB16, 0xFFFF, 0xC150, 0xFB16, 0xFFFF, 0xC150, 0xC150, 0x9EDE,
        0xFB16, 0xFFFF, 0xC150, 0xC150, 0x9EDE, 0x9EDE, 0x9EDE, 0x9EDE, 0xFB16, 0xFFFF, 0xC150, 0x9EDE, 0xFB16, 0xFB16, 0x9EDE, 0x9EDE,
        0xFFFF, 0xFFFF, 0xC150, 0x9EDE, 0x9EDE, 0x9EDE, 0x9EDE, 0x9EDE, 0xFB16, 0xFFFF, 0xC150, 0x9EDE, 0x9EDE, 0xFB16, 0xFB16, 0x9EDE,
        0xC150, 0xFB16, 0xFB16, 0x9EDE, 0x9EDE, 0x9EDE, 0x9EDE, 0x9EDE, 0xFB16, 0xFFFF, 0xC150, 0x9EDE, 0x9EDE, 0xFB16, 0xFFFF, 0xC150,
        0x9EDE, 0x9EDE, 0xC150, 0xC150, 0x9EDE, 0x9EDE, 0x9EDE, 0x9EDE, 0x9EDE, 0xC150, 0xC150, 0x9EDE, 0x9EDE, 0x9EDE, 0xC150, 0xC150,
        0x9EDE, 0x9EDE, 0x9EDE, 0x9EDE, 0x9EDE, 0x9EDE, 0x9EDE, 0x9EDE, 0x9EDE, 0x9EDE, 0x9EDE, 0x9EDE, 0x9EDE, 0x9EDE, 0x9EDE, 0x9EDE,
        0x9EDE, 0x9EDE, 0x9EDE, 0x9EDE, 0x9EDE, 0x9EDE, 0x9EDE, 0x9EDE, 0x9EDE, 0x9EDE, 0x9EDE, 0x9EDE, 0x9EDE, 0x9EDE, 0x9EDE, 0x9EDE,
    },
    {
        0x9EDE, 0x9EDE, 0x9EDE, 0x9EDE, 0x9EDE, 0x9EDE, 0x9EDE, 0x9EDE, 0x9EDE, 0x9EDE, 0x9EDE, 0x9EDE, 0x9EDE, 0x9EDE, 0x9EDE, 0x9EDE,
        0x9EDE, 0x9EDE, 0x9EDE, 0x9EDE, 0x9EDE, 0x9EDE, 0x9EDE, 0x9EDE, 0x9EDE, 0x9EDE, 0x9EDE, 0x9EDE, 0x9EDE, 0x9EDE, 0x9EDE, 0x9EDE,
        0x9EDE, 0x9EDE, 0x9EDE, 0x9EDE, 0x9EDE, 0x9EDE, 0x9EDE, 0x9EDE, 0x9EDE, 0x9EDE, 0x9EDE, 0x9EDE, 0x9EDE, 0x9EDE, 0x9EDE, 0x9EDE,
        0x9EDE, 0x9EDE, 0x9EDE, 0x9EDE, 0x9EDE, 0x9EDE, 0x9EDE, 0xFB16, 0xFB16, 0xFB16, 0xFB16, 0xFB16, 0xFB16, 0x9EDE, 0x9EDE, 0x9EDE,
        0x9EDE, 0x9EDE, 0x9EDE, 0x9EDE, 0x9EDE, 0x9EDE, 0x9EDE, 0xFB16, 0xFFFF, 0xFFFF, 0xFFFF, 0xFFFF, 0xFFFF, 0xC150, 0x9EDE, 0x9EDE,
        0x9EDE, 0x9EDE, 0x9EDE, 0x9EDE, 0x9EDE, 0x9EDE, 0x9EDE, 0xFB16, 0xFFFF, 0xC150, 0xC150, 0xFB16, 0xFFFF, 0xC150, 0x9EDE, 0x9EDE,
        0x9EDE, 0x9EDE, 0x9EDE, 0x9EDE, 0x9EDE, 0x9EDE, 0x9EDE, 0xFB16, 0xFFFF, 0xC150, 0x9EDE, 0xFB16, 0xFFFF, 0xC150, 0x9EDE, 0x9EDE,
        0x9EDE, 0x9EDE, 0x9EDE, 0x9EDE, 0x9EDE, 0x9EDE, 0x9EDE, 0xFB16, 0xFFFF, 0xFB16, 0xFB16, 0xFFFF, 0xFFFF, 0xC150, 0x9EDE, 0x9EDE,
        0x9EDE, 0xFB16, 0x9EDE, 0x9EDE, 0x9EDE, 0x9EDE, 0x9EDE, 0xFB16, 0xFFFF, 0xFFFF, 0xFFFF, 0xFFFF, 0xFFFF, 0xC150, 0x9EDE, 0x9EDE,
        0xFB16, 0xFFFF, 0xC150, 0x9EDE, 0x9EDE, 0x9EDE, 0x9EDE, 0xFB16, 0xFFFF, 0xC150, 0xFB16, 0xFFFF, 0xC150, 0xC150, 0x9EDE, 0x9EDE,
        0xFFFF, 0xC150, 0xC150, 0x9EDE, 0x9EDE, 0x9EDE, 0x9EDE, 0xFB16, 0xFFFF, 0xC150, 0x9EDE, 0xFB16, 0xFB16, 0x9EDE, 0x9EDE, 0x9EDE,
        0xFFFF, 0xC150, 0x9EDE, 0x9EDE, 0x9EDE, 0x9EDE, 0x9EDE, 0xFB16, 0xFFFF, 0xC150, 0x9EDE, 0x9EDE, 0xFB16, 0xFB16, 0x9EDE, 0x9EDE,
        0xFB16, 0xFB16, 0x9EDE, 0x9EDE, 0x9EDE, 0x9EDE, 0x9EDE, 0xFB16, 0xFFFF, 0xC150, 0x9EDE, 0x9EDE, 0xFB16, 0xFFFF, 0xC150, 0x9EDE,
        0x9EDE, 0xC150, 0xC150, 0x9EDE, 0x9EDE, 0x9EDE, 0x9EDE, 0x9EDE, 0xC150, 0xC150, 0x9EDE, 0x9EDE, 0x9EDE, 0xC150, 0xC150, 0x9EDE,
        0x9EDE, 0x9EDE, 0x9EDE, 0x9EDE, 0x9EDE, 0x9EDE, 0x9EDE, 0x9EDE, 0x9EDE, 0x9EDE, 0x9EDE, 0x9EDE, 0x9EDE, 0x9EDE, 0x9EDE, 0x9EDE,
        0x9EDE, 0x9EDE, 0x9EDE, 0x9EDE, 0x9EDE, 0x9EDE, 0x9EDE, 0x9EDE, 0x9EDE, 0x9EDE, 0x9EDE, 0x9EDE, 0x9EDE, 0x9EDE, 0x9EDE, 0x9EDE,
    },
    {
        0x9EDE, 0x9EDE, 0x9EDE, 0x9EDE, 0x9EDE, 0x9EDE, 0x9EDE, 0x9EDE, 0x9EDE, 0x9EDE, 0x9EDE, 0x9EDE, 0x9EDE, 0x9EDE, 0x9EDE, 0x9EDE,
        0x9EDE, 0x9EDE, 0x9EDE, 0x9EDE, 0x9EDE, 0x9EDE, 0x9EDE, 0x9EDE, 0x9EDE, 0x9EDE, 0x9EDE, 0x9EDE, 0x9EDE, 0x9EDE, 0x9EDE, 0x9EDE,
        0x9EDE, 0x9EDE, 0x9EDE, 0x9EDE, 0x9EDE, 0x9EDE, 0x9EDE, 0x9EDE, 0x9EDE, 0x9EDE, 0x9EDE, 0x9EDE, 0x9EDE, 0x9EDE, 0x9EDE, 0x9EDE,
        0x9EDE, 0x9EDE, 0x9EDE, 0x9EDE, 0x9EDE, 0x9EDE, 0xFB16, 0xFB16, 0xFB16, 0xFB16, 0xFB16, 0xFB16, 0x9EDE, 0x9EDE, 0x9EDE, 0x9EDE,
        0x9EDE, 0x9EDE, 0x9EDE, 0x9EDE, 0x9EDE, 0x9EDE, 0xFB16, 0xFFFF, 0xFFFF, 0xFFFF, 0xFFFF, 0xFFFF, 0xC150, 0x9EDE, 0x9EDE, 0xFB16,
        0x9EDE, 0x9EDE, 0x9EDE, 0x9EDE, 0x9EDE, 0x9EDE, 0xFB16, 0xFFFF, 0xC150, 0xC150, 0xFB16, 0xFFFF, 0xC150, 0x9EDE, 0x9EDE, 0xFB16,
        0x9EDE, 0x9EDE, 0x9EDE, 0x9EDE, 0x9EDE, 0x9EDE, 0xFB16, 0xFFFF, 0xC150, 0x9EDE, 0xFB16, 0xFFFF, 0xC150, 0x9EDE, 0x9EDE, 0xFB16,
        0x9EDE, 0x9EDE, 0x9EDE, 0x9EDE, 0x9EDE, 0x9EDE, 0xFB16, 0xFFFF, 0xFB16, 0xFB16, 0xFFFF, 0xFFFF, 0xC150, 0x9EDE, 0x9EDE, 0xFB16,
        0xFB16, 0x9EDE, 0x9EDE, 0x9EDE, 0x9EDE, 0x9EDE, 0xFB16, 0xFFFF, 0xFFFF, 0xFFFF, 0xFFFF, 0xFFFF, 0xC150, 0x9EDE, 0x9EDE, 0xFB16,
        0xFFFF, 0xC150, 0x9EDE, 0x9EDE, 0x9EDE, 0x9EDE, 0xFB16, 0xFFFF, 0xC150, 0xFB16, 0xFFFF, 0xC150, 0xC150, 0x9EDE, 0x9EDE, 0xFB16,
        0xC150, 0xC150, 0x9EDE, 0x9EDE, 0x9EDE, 0x9EDE, 0xFB16, 0xFFFF, 0xC150, 0x9EDE, 0xFB16, 0xFB16, 0x9EDE, 0x9EDE, 0x9EDE, 0xFB16,
        0xC150, 0x9EDE, 0x9EDE, 0x9EDE, 0x9EDE, 0x9EDE, 0xFB16, 0xFFFF, 0xC150, 0x9EDE, 0x9EDE, 0xFB16, 0xFB16, 0x9EDE, 0x9EDE, 0xFB16,
        0xFB16, 0x9EDE, 0x9EDE, 0x9EDE, 0x9EDE, 0x9EDE, 0xFB16, 0xFFFF, 0xC150, 0x9EDE, 0x9EDE, 0xFB16, 0xFFFF, 0xC150, 0x9EDE, 0x9EDE,
        0xC150, 0xC150, 0x9EDE, 0x9EDE, 0x9EDE, 0x9EDE, 0x9EDE, 0xC150, 0xC150, 0x9EDE, 0x9EDE, 0x9EDE, 0xC150, 0xC150, 0x9EDE, 0x9EDE,
        0x9EDE, 0x9EDE, 0x9EDE, 0x9EDE, 0x9EDE, 0x9EDE, 0x9EDE, 0x9EDE, 0x9EDE, 0x9EDE, 0x9EDE, 0x9EDE, 0x9EDE, 0x9EDE, 0x9EDE, 0x9EDE,
        0x9EDE, 0x9EDE, 0x9EDE, 0x9EDE, 0x9EDE, 0x9EDE, 0x9EDE, 0x9EDE, 0x9EDE, 0x9EDE, 0x9EDE, 0x9EDE, 0x9EDE, 0x9EDE, 0x9EDE, 0x9EDE,
    },
    {
        0x9EDE, 0x9EDE, 0x9EDE, 0x9EDE, 0x9EDE, 0x9EDE, 0x9EDE, 0x9EDE, 0x9EDE, 0x9EDE, 0x9EDE, 0x9EDE, 0x9EDE, 0x9EDE, 0x9EDE, 0x9EDE,
        0x9EDE, 0x9EDE, 0x9EDE, 0x9EDE, 0x9EDE, 0x9EDE, 0x9EDE, 0x9EDE, 0x9EDE, 0x9EDE, 0x9EDE, 0x9EDE, 0x9EDE, 0x9EDE, 0x9EDE, 0x9EDE,
        0x9EDE, 0x9EDE, 0x9EDE, 0x9EDE, 0x9EDE, 0x9EDE, 0x9EDE, 0x9EDE, 0x9EDE, 0x9EDE, 0x9EDE, 0x9EDE, 0x9EDE, 0x9EDE, 0x9EDE, 0x9EDE,
        0x9EDE, 0x9EDE, 0x9EDE, 0x9EDE, 0x9EDE, 0xFB16, 0xFB16, 0xFB16, 0xFB16, 0xFB16, 0xFB16, 0x9EDE, 0x9EDE, 0x9EDE, 0x9EDE, 0xFB16,
        0x9EDE, 0x9EDE, 0x9EDE, 0x9EDE, 0x9EDE, 0xFB16, 0xFFFF, 0xFFFF, 0xFFFF, 0xFFFF, 0xFFFF, 0xC150, 0x9EDE, 0x9EDE, 0xFB16, 0xFFFF,
        0x9EDE, 0x9EDE, 0x9EDE, 0x9EDE, 0x9EDE, 0xFB16, 0xFFFF, 0xC150, 0xC150, 0xFB16, 0xFFFF, 0xC150, 0x9EDE, 0x9EDE, 0xFB16, 0xFFFF,
        0x9EDE, 0x9EDE, 0x9EDE, 0x9EDE, 0x9EDE, 0xFB16, 0xFFFF, 0xC150, 0x9EDE, 0xFB16, 0xFFFF, 0xC150, 0x9EDE, 0x9EDE, 0xFB16, 0xFFFF,
        0x9EDE, 0x9EDE, 0x9EDE, 0x9EDE, 0x9EDE, 0xFB16, 0xFFFF, 0xFB16, 0xFB16, 0xFFFF, 0xFFFF, 0xC150, 0x9EDE, 0x9EDE, 0xFB16, 0xFFFF,
        0x9EDE, 0x9EDE, 0x9EDE, 0x9EDE, 0x9EDE, 0xFB16, 0xFFFF, 0xFFFF, 0xFFFF, 0xFFFF, 0xFFFF, 0xC150, 0x9EDE, 0x9EDE, 0xFB16, 0xFFFF,
        0xC150, 0x9EDE, 0x9EDE, 0x9EDE, 0x9EDE, 0xFB16, 0xFFFF, 0xC150, 0xFB16, 0xFFFF, 0xC150, 0xC150, 0x9EDE, 0x9EDE, 0xFB16, 0xFFFF,
        0xC150, 0x9EDE, 0x9EDE, 0x9EDE, 0x9EDE, 0xFB16, 0xFFFF, 0xC150, 0x9EDE, 0xFB16, 0xFB16, 0x9EDE, 0x9EDE, 0x9EDE, 0xFB16, 0xFFFF,
        0x9EDE, 0x9EDE, 0x9EDE, 0x9EDE, 0x9EDE, 0xFB16, 0xFFFF, 0xC150, 0x9EDE, 0x9EDE, 0xFB16, 0xFB16, 0x9EDE, 0x9EDE, 0xFB16, 0xFFFF,
        0x9EDE, 0x9EDE, 0x9EDE, 0x9EDE, 0x9EDE, 0xFB16, 0xFFFF, 0xC150, 0x9EDE, 0x9EDE, 0xFB16, 0xFFFF, 0xC150, 0x9EDE, 0x9EDE, 0xFB16,
        0xC150, 0x9EDE, 0x9EDE, 0x9EDE, 0x9EDE, 0x9EDE, 0xC150, 0xC150, 0x9EDE, 0x9EDE, 0x9EDE, 0xC150, 0xC150, 0x9EDE, 0x9EDE, 0x9EDE,
        0x9EDE, 0x9EDE, 0x9EDE, 0x9EDE, 0x9EDE, 0x9EDE, 0x9EDE, 0x9EDE, 0x9EDE, 0x9EDE, 0x9EDE, 0x9EDE, 0x9EDE, 0x9EDE, 0x9EDE, 0x9EDE,
        0x9EDE, 0x9EDE, 0x9EDE, 0x9EDE, 0x9EDE, 0x9EDE, 0x9EDE, 0x9EDE, 0x9EDE, 0x9EDE, 0x9EDE, 0x9EDE, 0x9EDE, 0x9EDE, 0x9EDE, 0x9EDE,
    },
    {
        0x9EDE, 0x9EDE, 0x9EDE, 0x9EDE, 0x9EDE, 0x9EDE, 0x9EDE, 0x9EDE, 0x9EDE, 0x9EDE, 0x9EDE, 0x9EDE, 0x9EDE, 0x9EDE, 0x9EDE, 0x9EDE,
        0x9EDE, 0x9EDE, 0x9EDE, 0x9EDE, 0x9EDE, 0x9EDE, 0x9EDE, 0x9EDE, 0x9EDE, 0x9EDE, 0x9EDE, 0x9EDE, 0x9EDE, 0x9EDE, 0x9EDE, 0x9EDE,
        0x9EDE, 0x9EDE, 0x9EDE, 0x9EDE, 0x9EDE, 0x9EDE, 0x9EDE, 0x9EDE, 0x9EDE, 0x9EDE, 0x9EDE, 0x9EDE, 0x9EDE, 0x9EDE, 0x9EDE, 0x9EDE,
        0x9EDE, 0x9EDE, 0x9EDE, 0x9EDE, 0xFB16, 0xFB16, 0xFB16, 0xFB16, 0xFB16, 0xFB16, 0x9EDE, 0x9EDE, 0x9EDE, 0x9EDE, 0xFB16, 0xFB16,
        0x9EDE, 0x9EDE, 0x9EDE, 0x9EDE, 0xFB16, 0xFFFF, 0xFFFF, 0xFFFF, 0xFFFF, 0xFFFF, 0xC150, 0x9EDE, 0x9EDE, 0xFB16, 0xFFFF, 0xFFFF,
        0x9EDE, 0x9EDE, 0x9EDE, 0x9EDE, 0xFB16, 0xFFFF, 0xC150, 0xC150, 0xFB16, 0xFFFF, 0xC150, 0x9EDE, 0x9EDE, 0xFB16, 0xFFFF, 0xC150,
        0x9EDE, 0x9EDE, 0x9EDE, 0x9EDE, 0xFB16, 0xFFFF, 0xC150, 0x9EDE, 0xFB16, 0xFFFF, 0xC150, 0x9EDE, 0x9EDE, 0xFB16, 0xFFFF, 0xC150,
        0x9EDE, 0x9EDE, 0x9EDE, 0x9EDE, 0xFB16, 0xFFFF, 0xFB16, 0xFB16, 0xFFFF, 0xFFFF, 0xC150, 0x9EDE, 0x9EDE, 0xFB16, 0xFFFF, 0xC150,
        0x9EDE, 0x9EDE, 0x9EDE, 0x9EDE, 0xFB16, 0xFFFF, 0xFFFF, 0xFFFF, 0xFFFF, 0xFFFF, 0xC150, 0x9EDE, 0x9EDE, 0xFB16, 0xFFFF, 0xC150,
        0x9EDE, 0x9EDE, 0x9EDE, 0x9EDE, 0xFB16, 0xFFFF, 0xC150, 0xFB16, 0xFFFF, 0xC150, 0xC150, 0x9EDE, 0x9EDE, 0xFB16, 0xFFFF, 0xC150,
        0x9EDE, 0x9EDE, 0x9EDE, 0x9EDE, 0xFB16, 0xFFFF, 0xC150, 0x9EDE, 0xFB16, 0xFB16, 0x9EDE, 0x9EDE, 0x9EDE, 0xFB16, 0xFFFF, 0xC150,
        0x9EDE, 0x9EDE, 0x9EDE, 0x9EDE, 0xFB16, 0xFFFF, 0xC150, 0x9EDE, 0x9EDE, 0xFB16, 0xFB16, 0x9EDE, 0x9EDE, 0xFB16, 0xFFFF, 0xFB16,
        0x9EDE, 0x9EDE, 0x9EDE, 0x9EDE, 0xFB16, 0xFFFF, 0xC150, 0x9EDE, 0x9EDE, 0xFB16, 0xFFFF, 0xC150, 0x9EDE, 0x9EDE, 0xFB16, 0xFFFF,
        0x9EDE, 0x9EDE, 0x9EDE, 0x9EDE, 0x9EDE, 0xC150, 0xC150, 0x9EDE, 0x9EDE, 0x9EDE, 0xC150, 0xC150, 0x9EDE, 0x9EDE, 0x9EDE, 0xC150,
        0x9EDE, 0x9EDE, 0x9EDE, 0x9EDE, 0x9EDE, 0x9EDE, 0x9EDE, 0x9EDE, 0x9EDE, 0x9EDE, 0x9EDE, 0x9EDE, 0x9EDE, 0x9EDE, 0x9EDE, 0x9EDE,
        0x9EDE, 0x9EDE, 0x9EDE, 0x9EDE, 0x9EDE, 0x9EDE, 0x9EDE, 0x9EDE, 0x9EDE, 0x9EDE, 0x9EDE, 0x9EDE, 0x9EDE, 0x9EDE, 0x9EDE, 0x9EDE,
    },
    {
        0x9EDE, 0x9EDE, 0x9EDE, 0x9EDE, 0x9EDE, 0x9EDE, 0x9EDE, 0x9EDE, 0x9EDE, 0x9EDE, 0x9EDE, 0x9EDE, 0x9EDE, 0x9EDE, 0x9EDE, 0x9EDE,
        0x9EDE, 0x9EDE, 0x9EDE, 0x9EDE, 0x9EDE, 0x9EDE, 0x9EDE, 0x9EDE, 0x9EDE, 0x9EDE, 0x9EDE, 0x9EDE, 0x9EDE, 0x9EDE, 0x9EDE, 0x9EDE,
        0x9EDE, 0x9EDE, 0x9EDE, 0x9EDE, 0x9EDE, 0x9EDE, 0x9EDE, 0x9EDE, 0x9EDE, 0x9EDE, 0x9EDE, 0x9EDE, 0x9EDE, 0x9EDE, 0x9EDE, 0x9EDE,
        0x9EDE, 0x9EDE, 0x9EDE, 0xFB16, 0xFB16, 0xFB16, 0xFB16, 0xFB16, 0xFB16, 0x9EDE, 0x9EDE, 0x9EDE, 0x9EDE, 0xFB16, 0xFB16, 0xFB16,
        0x9EDE, 0x9EDE, 0x9EDE, 0xFB16, 0xFFFF, 0xFFFF, 0xFFFF, 0xFFFF, 0xFFFF, 0xC150, 0x9EDE, 0x9EDE, 0xFB16, 0xFFFF, 0xFFFF, 0xFFFF,
        0x9EDE, 0x9EDE, 0x9EDE, 0xFB16, 0xFFFF, 0xC150, 0xC150, 0xFB16, 0xFFFF, 0xC150, 0x9EDE, 0x9EDE, 0xFB16, 0xFFFF, 0xC150, 0xC150,
        0x9EDE, 0x9EDE, 0x9EDE, 0xFB16, 0xFFFF, 0xC150, 0x9EDE, 0xFB16, 0xFFFF, 0xC150, 0x9EDE, 0x9EDE, 0xFB16, 0xFFFF, 0xC150, 0x9EDE,
        0x9EDE, 0x9EDE, 0x9EDE, 0xFB16, 0xFFFF, 0xFB16, 0xFB16, 0xFFFF, 0xFFFF, 0xC150, 0x9EDE, 0x9EDE, 0xFB16, 0xFFFF, 0xC150, 0x9EDE,
        0x9EDE, 0x9EDE, 0x9EDE, 0xFB16, 0xFFFF, 0xFFFF, 0xFFFF, 0xFFFF, 0xFFFF, 0xC150, 0x9EDE, 0x9EDE, 0xFB16, 0xFFFF, 0xC150, 0x9EDE,
        0x9EDE, 0x9EDE, 0x9EDE, 0xFB16, 0xFFFF, 0xC150, 0xFB16, 0xFFFF, 0xC150, 0xC150, 0x9EDE, 0x9EDE, 0xFB16, 0xFFFF, 0xC150, 0x9EDE,
        0x9EDE, 0x9EDE, 0x9EDE, 0xFB16, 0xFFFF, 0xC150, 0x9EDE, 0xFB16, 0xFB16, 0x9EDE, 0x9EDE, 0x9EDE, 0xFB16, 0xFFFF, 0xC150, 0x9EDE,
        0x9EDE, 0x9EDE, 0x9EDE, 0xFB16, 0xFFFF, 0xC150, 0x9EDE, 0x9EDE, 0xFB16, 0xFB16, 0x9EDE, 0x9EDE, 0xFB16, 0xFFFF, 0xFB16, 0xFB16,
        0x9EDE, 0x9EDE, 0x9EDE, 0xFB16, 0xFFFF, 0xC150, 0x9EDE, 0x9EDE, 0xFB16, 0xFFFF, 0xC150, 0x9EDE, 0x9EDE, 0xFB16, 0xFFFF, 0xFFFF,
        0x9EDE, 0x9EDE, 0x9EDE, 0x9EDE, 0xC150, 0xC150, 0x9EDE, 0x9EDE, 0x9EDE, 0xC150, 0xC150, 0x9EDE, 0x9EDE, 0x9EDE, 0xC150, 0xC150,
        0x9EDE, 0x9EDE, 0x9EDE, 0x9EDE, 0x9EDE, 0x9EDE, 0x9EDE, 0x9EDE, 0x9EDE, 0x9EDE, 0x9EDE, 0x9EDE, 0x9EDE, 0x9EDE, 0x9EDE, 0x9EDE,
        0x9EDE, 0x9EDE, 0x9EDE, 0x9EDE, 0x9EDE, 0x9EDE, 0x9EDE, 0x9EDE, 0x9EDE, 0x9EDE, 0x9EDE, 0x9EDE, 0x9EDE, 0x9EDE, 0x9EDE, 0x9EDE,
    },
    {
        0x9EDE, 0x9EDE, 0x9EDE, 0x9EDE, 0x9EDE, 0x9EDE, 0x9EDE, 0x9EDE, 0x9EDE, 0x9EDE, 0x9EDE, 0x9EDE, 0x9EDE, 0x9EDE, 0x9EDE, 0x9EDE,
        0x9EDE, 0x9EDE, 0x9EDE, 0x9EDE, 0x9EDE, 0x9EDE, 0x9EDE, 0x9EDE, 0x9EDE, 0x9EDE, 0x9EDE, 0x9EDE, 0x9EDE, 0x9EDE, 0x9EDE, 0x9EDE,
        0x9EDE, 0x9EDE, 0x9EDE, 0x9EDE, 0x9EDE, 0x9EDE, 0x9EDE, 0x9EDE, 0x9EDE, 0x9EDE, 0x9EDE, 0x9EDE, 0x9EDE, 0x9EDE, 0x9EDE, 0x9EDE,
        0x9EDE, 0x9EDE, 0xFB16, 0xFB16, 0xFB16, 0xFB16, 0xFB16, 0xFB16, 0x9EDE, 0x9EDE, 0x9EDE, 0x9EDE, 0xFB16, 0xFB16, 0xFB16, 0xFB16,
        0x9EDE, 0x9EDE, 0xFB16, 0xFFFF, 0xFFFF, 0xFFFF, 0xFFFF, 0xFFFF, 0xC150, 0x9EDE, 0x9EDE, 0xFB16, 0xFFFF, 0xFFFF, 0xFFFF, 0xFFFF,
        0x9EDE, 0x9EDE, 0xFB16, 0xFFFF, 0xC150, 0xC150, 0xFB16, 0xFFFF, 0xC150, 0x9EDE, 0x9EDE, 0xFB16, 0xFFFF, 0xC150, 0xC150, 0xC150,
        0x9EDE, 0x9EDE, 0xFB16, 0xFFFF, 0xC150, 0x9EDE, 0xFB16, 0xFFFF, 0xC150, 0x9EDE, 0x9EDE, 0xFB16, 0xFFFF, 0xC150, 0x9EDE, 0x9EDE,
        0x9EDE, 0x9EDE, 0xFB16, 0xFFFF, 0xFB16, 0xFB16, 0xFFFF, 0xFFFF, 0xC150, 0x9EDE, 0x9EDE, 0xFB16, 0xFFFF, 0xC150, 0x9EDE, 0x9EDE,
        0x9EDE, 0x9EDE, 0xFB16, 0xFFFF, 0xFFFF, 0xFFFF, 0xFFFF, 0xFFFF, 0xC150, 0x9EDE, 0x9EDE, 0xFB16, 0xFFFF, 0xC150, 0x9EDE, 0x9EDE,
        0x9EDE, 0x9EDE, 0xFB16, 0xFFFF, 0xC150, 0xFB16, 0xFFFF, 0xC150, 0xC150, 0x9EDE, 0x9EDE, 0xFB16, 0xFFFF, 0xC150, 0x9EDE, 0x9EDE,
        0x9EDE, 0x9EDE, 0xFB16, 0xFFFF, 0xC150, 0x9EDE, 0xFB16, 0xFB16, 0x9EDE, 0x9EDE, 0x9EDE, 0xFB16, 0xFFFF, 0xC150, 0x9EDE, 0x9EDE,
        0x9EDE, 0x9EDE, 0xFB16, 0xFFFF, 0xC150, 0x9EDE, 0x9EDE, 0xFB16, 0xFB16, 0x9EDE, 0x9EDE, 0xFB16, 0xFFFF, 0xFB16, 0xFB16, 0xFB16,
        0x9EDE, 0x9EDE, 0xFB16, 0xFFFF, 0xC150, 0x9EDE, 0x9EDE, 0xFB16, 0xFFFF, 0xC150, 0x9EDE, 0x9EDE, 0xFB16, 0xFFFF, 0xFFFF, 0xFFFF,
        0x9EDE, 0x9EDE, 0x9EDE, 0xC150, 0xC150, 0x9EDE, 0x9EDE, 0x9EDE, 0xC150, 0xC150, 0x9EDE, 0x9EDE, 0x9EDE, 0xC150, 0xC150, 0xC150,
        0x9EDE, 0x9EDE, 0x9EDE, 0x9EDE, 0x9EDE, 0x9EDE, 0x9EDE, 0x9EDE, 0x9EDE, 0x9EDE, 0x9EDE, 0x9EDE, 0x9EDE, 0x9EDE, 0x9EDE, 0x9EDE,
        0x9EDE, 0x9EDE, 0x9EDE, 0x9EDE, 0x9EDE, 0x9EDE, 0x9EDE, 0x9EDE, 0x9EDE, 0x9EDE, 0x9EDE, 0x9EDE, 0x9EDE, 0x9EDE, 0x9EDE, 0x9EDE,
    },
    {
        0x9EDE, 0x9EDE, 0x9EDE, 0x9EDE, 0x9EDE, 0x9EDE, 0x9EDE, 0x9EDE, 0x9EDE, 0x9EDE, 0x9EDE, 0x9EDE, 0x9EDE, 0x9EDE, 0x9EDE, 0x9EDE,
        0x9EDE, 0x9EDE, 0x9EDE, 0x9EDE, 0x9EDE, 0x9EDE, 0x9EDE, 0x9EDE, 0x9EDE, 0x9EDE, 0x9EDE, 0x9EDE, 0x9EDE, 0x9EDE, 0x9EDE, 0x9EDE,
        0x9EDE, 0x9EDE, 0x9EDE, 0x9EDE, 0x9EDE, 0x9EDE, 0x9EDE, 0x9EDE, 0x9EDE, 0x9EDE, 0x9EDE, 0x9EDE, 0x9EDE, 0x9EDE, 0x9EDE, 0x9EDE,
        0x9EDE, 0xFB16, 0xFB16, 0xFB16, 0xFB16, 0xFB16, 0xFB16, 0x9EDE, 0x9EDE, 0x9EDE, 0x9EDE, 0xFB16, 0xFB16, 0xFB16, 0xFB16, 0xFB16,
        0x9EDE, 0xFB16, 0xFFFF, 0xFFFF, 0xFFFF, 0xFFFF, 0xFFFF, 0xC150, 0x9EDE, 0x9EDE, 0xFB16, 0xFFFF, 0xFFFF, 0xFFFF, 0xFFFF, 0xFFFF,
        0x9EDE, 0xFB16, 0xFFFF, 0xC150, 0xC150, 0xFB16, 0xFFFF, 0xC150, 0x9EDE, 0x9EDE, 0xFB16, 0xFFFF, 0xC150, 0xC150, 0xC150, 0xC150,
        0x9EDE, 0xFB16, 0xFFFF, 0xC150, 0x9EDE, 0xFB16, 0xFFFF, 0xC150, 0x9EDE, 0x9EDE, 0xFB16, 0xFFFF, 0xC150, 0x9EDE, 0x9EDE, 0x9EDE,
        0x9EDE, 0xFB16, 0xFFFF, 0xFB16, 0xFB16, 0xFFFF, 0xFFFF, 0xC150, 0x9EDE, 0x9EDE, 0xFB16, 0xFFFF, 0xC150, 0x9EDE, 0x9EDE, 0x9EDE,
        0x9EDE, 0xFB16, 0xFFFF, 0xFFFF, 0xFFFF, 0xFFFF, 0xFFFF, 0xC150, 0x9EDE, 0x9EDE, 0xFB16, 0xFFFF, 0xC150, 0x9EDE, 0x9EDE, 0x9EDE,
        0x9EDE, 0xFB16, 0xFFFF, 0xC150, 0xFB16, 0xFFFF, 0xC150, 0xC150, 0x9EDE, 0x9EDE, 0xFB16, 0xFFFF, 0xC150, 0x9EDE, 0x9EDE, 0x9EDE,
        0x9EDE, 0xFB16, 0xFFFF, 0xC150, 0x9EDE, 0xFB16, 0xFB16, 0x9EDE, 0x9EDE, 0x9EDE, 0xFB16, 0xFFFF, 0xC150, 0x9EDE, 0x9EDE, 0x9EDE,
        0x9EDE, 0xFB16, 0xFFFF, 0xC150, 0x9EDE, 0x9EDE, 0xFB16, 0xFB16, 0x9EDE, 0x9EDE, 0xFB16, 0xFFFF, 0xFB16, 0xFB16, 0xFB16, 0xFB16,
        0x9EDE, 0xFB16, 0xFFFF, 0xC150, 0x9EDE, 0x9EDE, 0xFB16, 0xFFFF, 0xC150, 0x9EDE, 0x9EDE, 0xFB16, 0xFFFF, 0xFFFF, 0xFFFF, 0xFFFF,
        0x9EDE, 0x9EDE, 0xC150, 0xC150, 0x9EDE, 0x9EDE, 0x9EDE, 0xC150, 0xC150, 0x9EDE, 0x9EDE, 0x9EDE, 0xC150, 0xC150, 0xC150, 0xC150,
        0x9EDE, 0x9EDE, 0x9EDE, 0x9EDE, 0x9EDE, 0x9EDE, 0x9EDE, 0x9EDE, 0x9EDE, 0x9EDE, 0x9EDE, 0x9EDE, 0x9EDE, 0x9EDE, 0x9EDE, 0x9EDE,
        0x9EDE, 0x9EDE, 0x9EDE, 0x9EDE, 0x9EDE, 0x9EDE, 0x9EDE, 0x9EDE, 0x9EDE, 0x9EDE, 0x9EDE, 0x9EDE, 0x9EDE, 0x9EDE, 0x9EDE, 0x9EDE,
    },
    {
        0x9EDE, 0x9EDE, 0x9EDE, 0x9EDE, 0x9EDE, 0x9EDE, 0x9EDE, 0x9EDE, 0x9EDE, 0x9EDE, 0x9EDE, 0x9EDE, 0x9EDE, 0x9EDE, 0x9EDE, 0x9EDE,
        0x9EDE, 0x9EDE, 0x9EDE, 0x9EDE, 0x9EDE, 0x9EDE, 0x9EDE, 0x9EDE, 0x9EDE, 0x9EDE, 0x9EDE, 0x9EDE, 0x9EDE, 0x9EDE, 0x9EDE, 0x9EDE,
        0x9EDE, 0x9EDE, 0x9EDE, 0x9EDE, 0x9EDE, 0x9EDE, 0x9EDE, 0x9EDE, 0x9EDE, 0x9EDE, 0x9EDE, 0x9EDE, 0x9EDE, 0x9EDE, 0x9EDE, 0x9EDE,
        0xFB16, 0xFB16, 0xFB16, 0xFB16, 0xFB16, 0xFB16, 0x9EDE, 0x9EDE, 0x9EDE, 0x9EDE, 0xFB16, 0xFB16, 0xFB16, 0xFB16, 0xFB16, 0xFB16,
        0xFB16, 0xFFFF, 0xFFFF, 0xFFFF, 0xFFFF, 0xFFFF, 0xC150, 0x9EDE, 0x9EDE, 0xFB16, 0xFFFF, 0xFFFF, 0xFFFF, 0xFFFF, 0xFFFF, 0xFFFF,
        0xFB16, 0xFFFF, 0xC150, 0xC150, 0xFB16, 0xFFFF, 0xC150, 0x9EDE, 0x9EDE, 0xFB16, 0xFFFF, 0xC150, 0xC150, 0xC150, 0xC150, 0xFB16,
        0xFB16, 0xFFFF, 0xC150, 0x9EDE, 0xFB16, 0xFFFF, 0xC150, 0x9EDE, 0x9EDE, 0xFB16, 0xFFFF, 0xC150, 0x9EDE, 0x9EDE, 0x9EDE, 0xFB16,
        0xFB16, 0xFFFF, 0xFB16, 0xFB16, 0xFFFF, 0xFFFF, 0xC150, 0x9EDE, 0x9EDE, 0xFB16, 0xFFFF, 0xC150, 0x9EDE, 0x9EDE, 0x9EDE, 0xFB16,
        0xFB16, 0xFFFF, 0xFFFF, 0xFFFF, 0xFFFF, 0xFFFF, 0xC150, 0x9EDE, 0x9EDE, 0xFB16, 0xFFFF, 0xC150, 0x9EDE, 0x9EDE, 0x9EDE, 0xFB16,
        0xFB16, 0xFFFF, 0xC150, 0xFB16, 0xFFFF, 0xC150, 0xC150, 0x9EDE, 0x9EDE, 0xFB16, 0xFFFF, 0xC150, 0x9EDE, 0x9EDE, 0x9EDE, 0xFB16,
        0xFB16, 0xFFFF, 0xC150, 0x9EDE, 0xFB16, 0xFB16, 0x9EDE, 0x9EDE, 0x9EDE, 0xFB16, 0xFFFF, 0xC150, 0x9EDE, 0x9EDE, 0x9EDE, 0xFB16,
        0xFB16, 0xFFFF, 0xC150, 0x9EDE, 0x9EDE, 0xFB16, 0xFB16, 0x9EDE, 0x9EDE, 0xFB16, 0xFFFF, 0xFB16, 0xFB16, 0xFB16, 0xFB16, 0xFFFF,
        0xFB16, 0xFFFF, 0xC150, 0x9EDE, 0x9EDE, 0xFB16, 0xFFFF, 0xC150, 0x9EDE, 0x9EDE, 0xFB16, 0xFFFF, 0xFFFF, 0xFFFF, 0xFFFF, 0xFFFF,
        0x9EDE, 0xC150, 0xC150, 0x9EDE, 0x9EDE, 0x9EDE, 0xC150, 0xC150, 0x9EDE, 0x9EDE, 0x9EDE, 0xC150, 0xC150, 0xC150, 0xC150, 0xC150,
        0x9EDE, 0x9EDE, 0x9EDE, 0x9EDE, 0x9EDE, 0x9EDE, 0x9EDE, 0x9EDE, 0x9EDE, 0x9EDE, 0x9EDE, 0x9EDE, 0x9EDE, 0x9EDE, 0x9EDE, 0x9EDE,
        0x9EDE, 0x9EDE, 0x9EDE, 0x9EDE, 0x9EDE, 0x9EDE, 0x9EDE, 0x9EDE, 0x9EDE, 0x9EDE, 0x9EDE, 0x9EDE, 0x9EDE, 0x9EDE, 0x9EDE, 0x9EDE,
    },
    {
        0x9EDE, 0x9EDE, 0x9EDE, 0x9EDE, 0x9EDE, 0x9EDE, 0x9EDE, 0x9EDE, 0x9EDE, 0x9EDE, 0x9EDE, 0x9EDE, 0x9EDE, 0x9EDE, 0x9EDE, 0x9EDE,
        0x9EDE, 0x9EDE, 0x9EDE, 0x9EDE, 0x9EDE, 0x9EDE, 0x9EDE, 0x9EDE, 0x9EDE, 0x9EDE, 0x9EDE, 0x9EDE, 0x9EDE, 0x9EDE, 0x9EDE, 0x9EDE,
        0x9EDE, 0x9EDE, 0x9EDE, 0x9EDE, 0x9EDE, 0x9EDE, 0x9EDE, 0x9EDE, 0x9EDE, 0x9EDE, 0x9EDE, 0x9EDE, 0x9EDE, 0x9EDE, 0x9EDE, 0x9EDE,
        0xFB16, 0xFB16, 0xFB16, 0xFB16, 0xFB16, 0x9EDE, 0x9EDE, 0x9EDE, 0x9EDE, 0xFB16, 0xFB16, 0xFB16, 0xFB16, 0xFB16, 0xFB16, 0x9EDE,
        0xFFFF, 0xFFFF, 0xFFFF, 0xFFFF, 0xFFFF, 0xC150, 0x9EDE, 0x9EDE, 0xFB16, 0xFFFF, 0xFFFF, 0xFFFF, 0xFFFF, 0xFFFF, 0xFFFF, 0xFB16,
        0xFFFF, 0xC150, 0xC150, 0xFB16, 0xFFFF, 0xC150, 0x9EDE, 0x9EDE, 0xFB16, 0xFFFF, 0xC150, 0xC150, 0xC150, 0xC150, 0xFB16, 0xFFFF,
        0xFFFF, 0xC150, 0x9EDE, 0xFB16, 0xFFFF, 0xC150, 0x9EDE, 0x9EDE, 0xFB16, 0xFFFF, 0xC150, 0x9EDE, 0x9EDE, 0x9EDE, 0xFB16, 0xFFFF,
        0xFFFF, 0xFB16, 0xFB16, 0xFFFF, 0xFFFF, 0xC150, 0x9EDE, 0x9EDE, 0xFB16, 0xFFFF, 0xC150, 0x9EDE, 0x9EDE, 0x9EDE, 0xFB16, 0xFFFF,
        0xFFFF, 0xFFFF, 0xFFFF, 0xFFFF, 0xFFFF, 0xC150, 0x9EDE, 0x9EDE, 0xFB16, 0xFFFF, 0xC150, 0x9EDE, 0x9EDE, 0x9EDE, 0xFB16, 0xFFFF,
        0xFFFF, 0xC150, 0xFB16, 0xFFFF, 0xC150, 0xC150, 0x9EDE, 0x9EDE, 0xFB16, 0xFFFF, 0xC150, 0x9EDE, 0x9EDE, 0x9EDE, 0xFB16, 0xFFFF,
        0xFFFF, 0xC150, 0x9EDE, 0xFB16, 0xFB16, 0x9EDE, 0x9EDE, 0x9EDE, 0xFB16, 0xFFFF, 0xC150, 0x9EDE, 0x9EDE, 0x9EDE, 0xFB16, 0xFFFF,
        0xFFFF, 0xC150, 0x9EDE, 0x9EDE, 0xFB16, 0xFB16, 0x9EDE, 0x9EDE, 0xFB16, 0xFFFF, 0xFB16, 0xFB16, 0xFB16, 0xFB16, 0xFFFF, 0xFFFF,
        0xFFFF, 0xC150, 0x9EDE, 0x9EDE, 0xFB16, 0xFFFF, 0xC150, 0x9EDE, 0x9EDE, 0xFB16, 0xFFFF, 0xFFFF, 0xFFFF, 0xFFFF, 0xFFFF, 0xC150,
        0xC150, 0xC150, 0x9EDE, 0x9EDE, 0x9EDE, 0xC150, 0xC150, 0x9EDE, 0x9EDE, 0x9EDE, 0xC150, 0xC150, 0xC150, 0xC150, 0xC150, 0xC150,
        0x9EDE, 0x9EDE, 0x9EDE, 0x9EDE, 0x9EDE, 0x9EDE, 0x9EDE, 0x9EDE, 0x9EDE, 0x9EDE, 0x9EDE, 0x9EDE, 0x9EDE, 0x9EDE, 0x9EDE, 0x9EDE,
        0x9EDE, 0x9EDE, 0x9EDE, 0x9EDE, 0x9EDE, 0x9EDE, 0x9EDE, 0x9EDE, 0x9EDE, 0x9EDE, 0x9EDE, 0x9EDE, 0x9EDE, 0x9EDE, 0x9EDE, 0x9EDE,
    },
    {
        0x9EDE, 0x9EDE, 0x9EDE, 0x9EDE, 0x9EDE, 0x9EDE, 0x9EDE, 0x9EDE, 0x9EDE, 0x9EDE, 0x9EDE, 0x9EDE, 0x9EDE, 0x9EDE, 0x9EDE, 0x9EDE,
        0x9EDE, 0x9EDE, 0x9EDE, 0x9EDE, 0x9EDE, 0x9EDE, 0x9EDE, 0x9EDE, 0x9EDE, 0x9EDE, 0x9EDE, 0x9EDE, 0x9EDE, 0x9EDE, 0x9EDE, 0x9EDE,
        0x9EDE, 0x9EDE, 0x9EDE, 0x9EDE, 0x9EDE, 0x9EDE, 0x9EDE, 0x9EDE, 0x9EDE, 0x9EDE, 0x9EDE, 0x9EDE, 0x9EDE, 0x9EDE, 0x9EDE, 0x9EDE,
        0xFB16, 0xFB16, 0xFB16, 0xFB16, 0x9EDE, 0x9EDE, 0x9EDE, 0x9EDE, 0xFB16, 0xFB16, 0xFB16, 0xFB16, 0xFB16, 0xFB16, 0x9EDE, 0x9EDE,
        0xFFFF, 0xFFFF, 0xFFFF, 0xFFFF, 0xC150, 0x9EDE, 0x9EDE, 0xFB16, 0xFFFF, 0xFFFF, 0xFFFF, 0xFFFF, 0xFFFF, 0xFFFF, 0xFB16, 0x9EDE,
        0xC150, 0xC150, 0xFB16, 0xFFFF, 0xC150, 0x9EDE, 0x9EDE, 0xFB16, 0xFFFF, 0xC150, 0xC150, 0xC150, 0xC150, 0xFB16, 0xFFFF, 0xC150,
        0xC150, 0x9EDE, 0xFB16, 0xFFFF, 0xC150, 0x9EDE, 0x9EDE, 0xFB16, 0xFFFF, 0xC150, 0x9EDE, 0x9EDE, 0x9EDE, 0xFB16, 0xFFFF, 0xC150,
        0xFB16, 0xFB16, 0xFFFF, 0xFFFF, 0xC150, 0x9EDE, 0x9EDE, 0xFB16, 0xFFFF, 0xC150, 0x9EDE, 0x9EDE, 0x9EDE, 0xFB16, 0xFFFF, 0xC150,
        0xFFFF, 0xFFFF, 0xFFFF, 0xFFFF, 0xC150, 0x9EDE, 0x9EDE, 0xFB16, 0xFFFF, 0xC150, 0x9EDE, 0x9EDE, 0x9EDE, 0xFB16, 0xFFFF, 0xC150,
        0xC150, 0xFB16, 0xFFFF, 0xC150, 0xC150, 0x9EDE, 0x9EDE, 0xFB16, 0xFFFF, 0xC150, 0x9EDE, 0x9EDE, 0x9EDE, 0xFB16, 0xFFFF, 0xC150,
        0xC150, 0x9EDE, 0xFB16, 0xFB16, 0x9EDE, 0x9EDE, 0x9EDE, 0xFB16, 0xFFFF, 0xC150, 0x9EDE, 0x9EDE, 0x9EDE, 0xFB16, 0xFFFF, 0xC150,
        0xC150, 0x9EDE, 0x9EDE, 0xFB16, 0xFB16, 0x9EDE, 0x9EDE, 0xFB16, 0xFFFF, 0xFB16, 0xFB16, 0xFB16, 0xFB16, 0xFFFF, 0xFFFF, 0xC150,
        0xC150, 0x9EDE, 0x9EDE, 0xFB16, 0xFFFF, 0xC150, 0x9EDE, 0x9EDE, 0xFB16, 0xFFFF, 0xFFFF, 0xFFFF, 0xFFFF, 0xFFFF, 0xC150, 0xC150,
        0xC150, 0x9EDE, 0x9EDE, 0x9EDE, 0xC150, 0xC150, 0x9EDE, 0x9EDE, 0x9EDE, 0xC150, 0xC150, 0xC150, 0xC150, 0xC150, 0xC150, 0x9EDE,
        0x9EDE, 0x9EDE, 0x9EDE, 0x9EDE, 0x9EDE, 0x9EDE, 0x9EDE, 0x9EDE, 0x9EDE, 0x9EDE, 0x9EDE, 0x9EDE, 0x9EDE, 0x9EDE, 0x9EDE, 0x9EDE,
        0x9EDE, 0x9EDE, 0x9EDE, 0x9EDE, 0x9EDE, 0x9EDE, 0x9EDE, 0x9EDE, 0x9EDE, 0x9EDE, 0x9EDE, 0x9EDE, 0x9EDE, 0x9EDE, 0x9EDE, 0x9EDE,
    },
    {
        0x9EDE, 0x9EDE, 0x9EDE, 0x9EDE, 0x9EDE, 0x9EDE, 0x9EDE, 0x9EDE, 0x9EDE, 0x9EDE, 0x9EDE, 0x9EDE, 0x9EDE, 0x9EDE, 0x9EDE, 0x9EDE,
        0x9EDE, 0x9EDE, 0x9EDE, 0x9EDE, 0x9EDE, 0x9EDE, 0x9EDE, 0x9EDE, 0x9EDE, 0x9EDE, 0x9EDE, 0x9EDE, 0x9EDE, 0x9EDE, 0x9EDE, 0x9EDE,
        0x9EDE, 0x9EDE, 0x9EDE, 0x9EDE, 0x9EDE, 0x9EDE, 0x9EDE, 0x9EDE, 0x9EDE, 0x9EDE, 0x9EDE, 0x9EDE, 0x9EDE, 0x9EDE, 0x9EDE, 0x9EDE,
        0xFB16, 0xFB16, 0xFB16, 0x9EDE, 0x9EDE, 0x9EDE, 0x9EDE, 0xFB16, 0xFB16, 0xFB16, 0xFB16, 0xFB16, 0xFB16, 0x9EDE, 0x9EDE, 0xFB16,
        0xFFFF, 0xFFFF, 0xFFFF, 0xC150, 0x9EDE, 0x9EDE, 0xFB16, 0xFFFF, 0xFFFF, 0xFFFF, 0xFFFF, 0xFFFF, 0xFFFF, 0xFB16, 0x9EDE, 0xFB16,
        0xC150, 0xFB16, 0xFFFF, 0xC150, 0x9EDE, 0x9EDE, 0xFB16, 0xFFFF, 0xC150, 0xC150, 0xC150, 0xC150, 0xFB16, 0xFFFF, 0xC150, 0xFB16,
        0x9EDE, 0xFB16, 0xFFFF, 0xC150, 0x9EDE, 0x9EDE, 0xFB16, 0xFFFF, 0xC150, 0x9EDE, 0x9EDE, 0x9EDE, 0xFB16, 0xFFFF, 0xC150, 0xFB16,
        0xFB16, 0xFFFF, 0xFFFF, 0xC150, 0x9EDE, 0x9EDE, 0xFB16, 0xFFFF, 0xC150, 0x9EDE, 0x9EDE, 0x9EDE, 0xFB16, 0xFFFF, 0xC150, 0xFB16,
        0xFFFF, 0xFFFF, 0xFFFF, 0xC150, 0x9EDE, 0x9EDE, 0xFB16, 0xFFFF, 0xC150, 0x9EDE, 0x9EDE, 0x9EDE, 0xFB16, 0xFFFF, 0xC150, 0xFB16,
        0xFB16, 0xFFFF, 0xC150, 0xC150, 0x9EDE, 0x9EDE, 0xFB16, 0xFFFF, 0xC150, 0x9EDE, 0x9EDE, 0x9EDE, 0xFB16, 0xFFFF, 0xC150, 0xFB16,
        0x9EDE, 0xFB16, 0xFB16, 0x9EDE, 0x9EDE, 0x9EDE, 0xFB16, 0xFFFF, 0xC150, 0x9EDE, 0x9EDE, 0x9EDE, 0xFB16, 0xFFFF, 0xC150, 0xFB16,
        0x9EDE, 0x9EDE, 0xFB16, 0xFB16, 0x9EDE, 0x9EDE, 0xFB16, 0xFFFF, 0xFB16, 0xFB16, 0xFB16, 0xFB16, 0xFFFF, 0xFFFF, 0xC150, 0xFB16,
        0x9EDE, 0x9EDE, 0xFB16, 0xFFFF, 0xC150, 0x9EDE, 0x9EDE, 0xFB16, 0xFFFF, 0xFFFF, 0xFFFF, 0xFFFF, 0xFFFF, 0xC150, 0xC150, 0xFB16,
        0x9EDE, 0x9EDE, 0x9EDE, 0xC150, 0xC150, 0x9EDE, 0x9EDE, 0x9EDE, 0xC150, 0xC150, 0xC150, 0xC150, 0xC150, 0xC150, 0x9EDE, 0x9EDE,
        0x9EDE, 0x9EDE, 0x9EDE, 0x9EDE, 0x9EDE, 0x9EDE, 0x9EDE, 0x9EDE, 0x9EDE, 0x9EDE, 0x9EDE, 0x9EDE, 0x9EDE, 0x9EDE, 0x9EDE, 0x9EDE,
        0x9EDE, 0x9EDE, 0x9EDE, 0x9EDE, 0x9EDE, 0x9EDE, 0x9EDE, 0x9EDE, 0x9EDE, 0x9EDE, 0x9EDE, 0x9EDE, 0x9EDE, 0x9EDE, 0x9EDE, 0x9EDE,
    },
    {
        0x9EDE, 0x9EDE, 0x9EDE, 0x9EDE, 0x9EDE, 0x9EDE, 0x9EDE, 0x9EDE, 0x9EDE, 0x9EDE, 0x9EDE, 0x9EDE, 0x9EDE, 0x9EDE, 0x9EDE, 0x9EDE,
        0x9EDE, 0x9EDE, 0x9EDE, 0x9EDE, 0x9EDE, 0x9EDE, 0x9EDE, 0x9EDE, 0x9EDE, 0x9EDE, 0x9EDE, 0x9EDE, 0x9EDE, 0x9EDE, 0x9EDE, 0x9EDE,
        0x9EDE, 0x9EDE, 0x9EDE, 0x9EDE, 0x9EDE, 0x9EDE, 0x9EDE, 0x9EDE, 0x9EDE, 0x9EDE, 0x9EDE, 0x9EDE, 0x9EDE, 0x9EDE, 0x9EDE, 0x9EDE,
        0xFB16, 0xFB16, 0x9EDE, 0x9EDE, 0x9EDE, 0x9EDE, 0xFB16, 0xFB16, 0xFB16, 0xFB16, 0xFB16, 0xFB16, 0x9EDE, 0x9EDE, 0xFB16, 0xFB16,
        0xFFFF, 0xFFFF, 0xC150, 0x9EDE, 0x9EDE, 0xFB16, 0xFFFF, 0xFFFF, 0xFFFF, 0xFFFF, 0xFFFF, 0xFFFF, 0xFB16, 0x9EDE, 0xFB16, 0xFFFF,
        0xFB16, 0xFFFF, 0xC150, 0x9EDE, 0x9EDE, 0xFB16, 0xFFFF, 0xC150, 0xC150, 0xC150, 0xC150, 0xFB16, 0xFFFF, 0xC150, 0xFB16, 0xFFFF,
        0xFB16, 0xFFFF, 0xC150, 0x9EDE, 0x9EDE, 0xFB16, 0xFFFF, 0xC150, 0x9EDE, 0x9EDE, 0x9EDE, 0xFB16, 0xFFFF, 0xC150, 0xFB16, 0xFFFF,
        0xFFFF, 0xFFFF, 0xC150, 0x9EDE, 0x9EDE, 0xFB16, 0xFFFF, 0xC150, 0x9EDE, 0x9EDE, 0x9EDE, 0xFB16, 0xFFFF, 0xC150, 0xFB16, 0xFFFF,
        0xFFFF, 0xFFFF, 0xC150, 0x9EDE, 0x9EDE, 0xFB16, 0xFFFF, 0xC150, 0x9EDE, 0x9EDE, 0x9EDE, 0xFB16, 0xFFFF, 0xC150, 0xFB16, 0xFFFF,
        0xFFFF, 0xC150, 0xC150, 0x9EDE, 0x9EDE, 0xFB16, 0xFFFF, 0xC150, 0x9EDE, 0x9EDE, 0x9EDE, 0xFB16, 0xFFFF, 0xC150, 0xFB16, 0xFFFF,
        0xFB16, 0xFB16, 0x9EDE, 0x9EDE, 0x9EDE, 0xFB16, 0xFFFF, 0xC150, 0x9EDE, 0x9EDE, 0x9EDE, 0xFB16, 0xFFFF, 0xC150, 0xFB16, 0xFFFF,
        0x9EDE, 0xFB16, 0xFB16, 0x9EDE, 0x9EDE, 0xFB16, 0xFFFF, 0xFB16, 0xFB16, 0xFB16, 0xFB16, 0xFFFF, 0xFFFF, 0xC150, 0xFB16, 0xFFFF,
        0x9EDE, 0xFB16, 0xFFFF, 0xC150, 0x9EDE, 0x9EDE, 0xFB16, 0xFFFF, 0xFFFF, 0xFFFF, 0xFFFF, 0xFFFF, 0xC150, 0xC150, 0xFB16, 0xFFFF,
        0x9EDE, 0x9EDE, 0xC150, 0xC150, 0x9EDE, 0x9EDE, 0x9EDE, 0xC150, 0xC150, 0xC150, 0xC150, 0xC150, 0xC150, 0x9EDE, 0x9EDE, 0xC150,
        0x9EDE, 0x9EDE, 0x9EDE, 0x9EDE, 0x9EDE, 0x9EDE, 0x9EDE, 0x9EDE, 0x9EDE, 0x9EDE, 0x9EDE, 0x9EDE, 0x9EDE, 0x9EDE, 0x9EDE, 0x9EDE,
        0x9EDE, 0x9EDE, 0x9EDE, 0x9EDE, 0x9EDE, 0x9EDE, 0x9EDE, 0x9EDE, 0x9EDE, 0x9EDE, 0x9EDE, 0x9EDE, 0x9EDE, 0x9EDE, 0x9EDE, 0x9EDE,
    },
    {
        0x9EDE, 0x9EDE, 0x9EDE, 0x9EDE, 0x9EDE, 0x9EDE, 0x9EDE, 0x9EDE, 0x9EDE, 0x9EDE, 0x9EDE, 0x9EDE, 0x9EDE, 0x9EDE, 0x9EDE, 0x9EDE,
        0x9EDE, 0x9EDE, 0x9EDE, 0x9EDE, 0x9EDE, 0x9EDE, 0x9EDE, 0x9EDE, 0x9EDE, 0x9EDE, 0x9EDE, 0x9EDE, 0x9EDE, 0x9EDE, 0x9EDE, 0x9EDE,
        0x9EDE, 0x9EDE, 0x9EDE, 0x9EDE, 0x9EDE, 0x9EDE, 0x9EDE, 0x9EDE, 0x9EDE, 0x9EDE, 0x9EDE, 0x9EDE, 0x9EDE, 0x9EDE, 0x9EDE, 0x9EDE,
        0xFB16, 0x9EDE, 0x9EDE, 0x9EDE, 0x9EDE, 0xFB16, 0xFB16, 0xFB16, 0xFB16, 0xFB16, 0xFB16, 0x9EDE, 0x9EDE, 0xFB16, 0xFB16, 0x9EDE,
        0xFFFF, 0xC150, 0x9EDE, 0x9EDE, 0xFB16, 0xFFFF, 0xFFFF, 0xFFFF, 0xFFFF, 0xFFFF, 0xFFFF, 0xFB16, 0x9EDE, 0xFB16, 0xFFFF, 0xC150,
        0xFFFF, 0xC150, 0x9EDE, 0x9EDE, 0xFB16, 0xFFFF, 0xC150, 0xC150, 0xC150, 0xC150, 0xFB16, 0xFFFF, 0xC150, 0xFB16, 0xFFFF, 0xFB16,
        0xFFFF, 0xC150, 0x9EDE, 0x9EDE, 0xFB16, 0xFFFF, 0xC150, 0x9EDE, 0x9EDE, 0x9EDE, 0xFB16, 0xFFFF, 0xC150, 0xFB16, 0xFFFF, 0xFFFF,
        0xFFFF, 0xC150, 0x9EDE, 0x9EDE, 0xFB16, 0xFFFF, 0xC150, 0x9EDE, 0x9EDE, 0x9EDE, 0xFB16, 0xFFFF, 0xC150, 0xFB16, 0xFFFF, 0xC150,
        0xFFFF, 0xC150, 0x9EDE, 0x9EDE, 0xFB16, 0xFFFF, 0xC150, 0x9EDE, 0x9EDE, 0x9EDE, 0xFB16, 0xFFFF, 0xC150, 0xFB16, 0xFFFF, 0xC150,
        0xC150, 0xC150, 0x9EDE, 0x9EDE, 0xFB16, 0xFFFF, 0xC150, 0x9EDE, 0x9EDE, 0x9EDE, 0xFB16, 0xFFFF, 0xC150, 0xFB16, 0xFFFF, 0xC150,
        0xFB16, 0x9EDE, 0x9EDE, 0x9EDE, 0xFB16, 0xFFFF, 0xC150, 0x9EDE, 0x9EDE, 0x9EDE, 0xFB16, 0xFFFF, 0xC150, 0xFB16, 0xFFFF, 0xC150,
        0xFB16, 0xFB16, 0x9EDE, 0x9EDE, 0xFB16, 0xFFFF, 0xFB16, 0xFB16, 0xFB16, 0xFB16, 0xFFFF, 0xFFFF, 0xC150, 0xFB16, 0xFFFF, 0xC150,
        0xFB16, 0xFFFF, 0xC150, 0x9EDE, 0x9EDE, 0xFB16, 0xFFFF, 0xFFFF, 0xFFFF, 0xFFFF, 0xFFFF, 0xC150, 0xC150, 0xFB16, 0xFFFF, 0xC150,
        0x9EDE, 0xC150, 0xC150, 0x9EDE, 0x9EDE, 0x9EDE, 0xC150, 0xC150, 0xC150, 0xC150, 0xC150, 0xC150, 0x9EDE, 0x9EDE, 0xC150, 0xC150,
        0x9EDE, 0x9EDE, 0x9EDE, 0x9EDE, 0x9EDE, 0x9EDE, 0x9EDE, 0x9EDE, 0x9EDE, 0x9EDE, 0x9EDE, 0x9EDE, 0x9EDE, 0x9EDE, 0x9EDE, 0x9EDE,
        0x9EDE, 0x9EDE, 0x9EDE, 0x9EDE, 0x9EDE, 0x9EDE, 0x9EDE, 0x9EDE, 0x9EDE, 0x9EDE, 0x9EDE, 0x9EDE, 0x9EDE, 0x9EDE, 0x9EDE, 0x9EDE,
    },
    {
        0x9EDE, 0x9EDE, 0x9EDE, 0x9EDE, 0x9EDE, 0x9EDE, 0x9EDE, 0x9EDE, 0x9EDE, 0x9EDE, 0x9EDE, 0x9EDE, 0x9EDE, 0x9EDE, 0x9EDE, 0x9EDE,
        0x9EDE, 0x9EDE, 0x9EDE, 0x9EDE, 0x9EDE, 0x9EDE, 0x9EDE, 0x9EDE, 0x9EDE, 0x9EDE, 0x9EDE, 0x9EDE, 0x9EDE, 0x9EDE, 0x9EDE, 0x9EDE,
        0x9EDE, 0x9EDE, 0x9EDE, 0x9EDE, 0x9EDE, 0x9EDE, 0x9EDE, 0x9EDE, 0x9EDE, 0x9EDE, 0x9EDE, 0x9EDE, 0x9EDE, 0x9EDE, 0x9EDE, 0x9EDE,
        0x9EDE, 0x9EDE, 0x9EDE, 0x9EDE, 0xFB16, 0xFB16, 0xFB16, 0xFB16, 0xFB16, 0xFB16, 0x9EDE, 0x9EDE, 0xFB16, 0xFB16, 0x9EDE, 0x9EDE,
        0xC150, 0x9EDE, 0x9EDE, 0xFB16, 0xFFFF, 0xFFFF, 0xFFFF, 0xFFFF, 0xFFFF, 0xFFFF, 0xFB16, 0x9EDE, 0xFB16, 0xFFFF, 0xC150, 0x9EDE,
        0xC150, 0x9EDE, 0x9EDE, 0xFB16, 0xFFFF, 0xC150, 0xC150, 0xC150, 0xC150, 0xFB16, 0xFFFF, 0xC150, 0xFB16, 0xFFFF, 0xFB16, 0x9EDE,
        0xC150, 0x9EDE, 0x9EDE, 0xFB16, 0xFFFF, 0xC150, 0x9EDE, 0x9EDE, 0x9EDE, 0xFB16, 0xFFFF, 0xC150, 0xFB16, 0xFFFF, 0xFFFF, 0xFB16,
        0xC150, 0x9EDE, 0x9EDE, 0xFB16, 0xFFFF, 0xC150, 0x9EDE, 0x9EDE, 0x9EDE, 0xFB16, 0xFFFF, 0xC150, 0xFB16, 0xFFFF, 0xC150, 0xFB16,
        0xC150, 0x9EDE, 0x9EDE, 0xFB16, 0xFFFF, 0xC150, 0x9EDE, 0x9EDE, 0x9EDE, 0xFB16, 0xFFFF, 0xC150, 0xFB16, 0xFFFF, 0xC150, 0x9EDE,
        0xC150, 0x9EDE, 0x9EDE, 0xFB16, 0xFFFF, 0xC150, 0x9EDE, 0x9EDE, 0x9EDE, 0xFB16, 0xFFFF, 0xC150, 0xFB16, 0xFFFF, 0xC150, 0x9EDE,
        0x9EDE, 0x9EDE, 0x9EDE, 0xFB16, 0xFFFF, 0xC150, 0x9EDE, 0x9EDE, 0x9EDE, 0xFB16, 0xFFFF, 0xC150, 0xFB16, 0xFFFF, 0xC150, 0x9EDE,
        0xFB16, 0x9EDE, 0x9EDE, 0xFB16, 0xFFFF, 0xFB16, 0xFB16, 0xFB16, 0xFB16, 0xFFFF, 0xFFFF, 0xC150, 0xFB16, 0xFFFF, 0xC150, 0x9EDE,
        0xFFFF, 0xC150, 0x9EDE, 0x9EDE, 0xFB16, 0xFFFF, 0xFFFF, 0xFFFF, 0xFFFF, 0xFFFF, 0xC150, 0xC150, 0xFB16, 0xFFFF, 0xC150, 0x9EDE,
        0xC150, 0xC150, 0x9EDE, 0x9EDE, 0x9EDE, 0xC150, 0xC150, 0xC150, 0xC150, 0xC150, 0xC150, 0x9EDE, 0x9EDE, 0xC150, 0xC150, 0x9EDE,
        0x9EDE, 0x9EDE, 0x9EDE, 0x9EDE, 0x9EDE, 0x9EDE, 0x9EDE, 0x9EDE, 0x9EDE, 0x9EDE, 0x9EDE, 0x9EDE, 0x9EDE, 0x9EDE, 0x9EDE, 0x9EDE,
        0x9EDE, 0x9EDE, 0x9EDE, 0x9EDE, 0x9EDE, 0x9EDE, 0x9EDE, 0x9EDE, 0x9EDE, 0x9EDE, 0x9EDE, 0x9EDE, 0x9EDE, 0x9EDE, 0x9EDE, 0x9EDE,
    },
    {
        0x9EDE, 0x9EDE, 0x9EDE, 0x9EDE, 0x9EDE, 0x9EDE, 0x9EDE, 0x9EDE, 0x9EDE, 0x9EDE, 0x9EDE, 0x9EDE, 0x9EDE, 0x9EDE, 0x9EDE, 0x9EDE,
        0x9EDE, 0x9EDE, 0x9EDE, 0x9EDE, 0x9EDE, 0x9EDE, 0x9EDE, 0x9EDE, 0x9EDE, 0x9EDE, 0x9EDE, 0x9EDE, 0x9EDE, 0x9EDE, 0x9EDE, 0x9EDE,
        0x9EDE, 0x9EDE, 0x9EDE, 0x9EDE, 0x9EDE, 0x9EDE, 0x9EDE, 0x9EDE, 0x9EDE, 0x9EDE, 0x9EDE, 0x9EDE, 0x9EDE, 0x9EDE, 0x9EDE, 0x9EDE,
        0x9EDE, 0x9EDE, 0x9EDE, 0xFB16, 0xFB16, 0xFB16, 0xFB16, 0xFB16, 0xFB16, 0x9EDE, 0x9EDE, 0xFB16, 0xFB16, 0x9EDE, 0x9EDE, 0x9EDE,
        0x9EDE, 0x9EDE, 0xFB16, 0xFFFF, 0xFFFF, 0xFFFF, 0xFFFF, 0xFFFF, 0xFFFF, 0xFB16, 0x9EDE, 0xFB16, 0xFFFF, 0xC150, 0x9EDE, 0x9EDE,
        0x9EDE, 0x9EDE, 0xFB16, 0xFFFF, 0xC150, 0xC150, 0xC150, 0xC150, 0xFB16, 0xFFFF, 0xC150, 0xFB16, 0xFFFF, 0xFB16, 0x9EDE, 0x9EDE,
        0x9EDE, 0x9EDE, 0xFB16, 0xFFFF, 0xC150, 0x9EDE, 0x9EDE, 0x9EDE, 0xFB16, 0xFFFF, 0xC150, 0xFB16, 0xFFFF, 0xFFFF, 0xFB16, 0x9EDE,
        0x9EDE, 0x9EDE, 0xFB16, 0xFFFF, 0xC150, 0x9EDE, 0x9EDE, 0x9EDE, 0xFB16, 0xFFFF, 0xC150, 0xFB16, 0xFFFF, 0xC150, 0xFB16, 0xFB16,
        0x9EDE, 0x9EDE, 0xFB16, 0xFFFF, 0xC150, 0x9EDE, 0x9EDE, 0x9EDE, 0xFB16, 0xFFFF, 0xC150, 0xFB16, 0xFFFF, 0xC150, 0x9EDE, 0xFB16,
        0x9EDE, 0x9EDE, 0xFB16, 0xFFFF, 0xC150, 0x9EDE, 0x9EDE, 0x9EDE, 0xFB16, 0xFFFF, 0xC150, 0xFB16, 0xFFFF, 0xC150, 0x9EDE, 0x9EDE,
        0x9EDE, 0x9EDE, 0xFB16, 0xFFFF, 0xC150, 0x9EDE, 0x9EDE, 0x9EDE, 0xFB16, 0xFFFF, 0xC150, 0xFB16, 0xFFFF, 0xC150, 0x9EDE, 0x9EDE,
        0x9EDE, 0x9EDE, 0xFB16, 0xFFFF, 0xFB16, 0xFB16, 0xFB16, 0xFB16, 0xFFFF, 0xFFFF, 0xC150, 0xFB16, 0xFFFF, 0xC150, 0x9EDE, 0x9EDE,
        0xC150, 0x9EDE, 0x9EDE, 0xFB16, 0xFFFF, 0xFFFF, 0xFFFF, 0xFFFF, 0xFFFF, 0xC150, 0xC150, 0xFB16, 0xFFFF, 0xC150, 0x9EDE, 0x9EDE,
        0xC150, 0x9EDE, 0x9EDE, 0x9EDE, 0xC150, 0xC150, 0xC150, 0xC150, 0xC150, 0xC150, 0x9EDE, 0x9EDE, 0xC150, 0xC150, 0x9EDE, 0x9EDE,
        0x9EDE, 0x9EDE, 0x9EDE, 0x9EDE, 0x9EDE, 0x9EDE, 0x9EDE, 0x9EDE, 0x9EDE, 0x9EDE, 0x9EDE, 0x9EDE, 0x9EDE, 0x9EDE, 0x9EDE, 0x9EDE,
        0x9EDE, 0x9EDE, 0x9EDE, 0x9EDE, 0x9EDE, 0x9EDE, 0x9EDE, 0x9EDE, 0x9EDE, 0x9EDE, 0x9EDE, 0x9EDE, 0x9EDE, 0x9EDE, 0x9EDE, 0x9EDE,
    },
    {
        0x9EDE, 0x9EDE, 0x9EDE, 0x9EDE, 0x9EDE, 0x9EDE, 0x9EDE, 0x9EDE, 0x9EDE, 0x9EDE, 0x9EDE, 0x9EDE, 0x9EDE, 0x9EDE, 0x9EDE, 0x9EDE,
        0x9EDE, 0x9EDE, 0x9EDE, 0x9EDE, 0x9EDE, 0x9EDE, 0x9EDE, 0x9EDE, 0x9EDE, 0x9EDE, 0x9EDE, 0x9EDE, 0x9EDE, 0x9EDE, 0x9EDE, 0x9EDE,
        0x9EDE, 0x9EDE, 0x9EDE, 0x9EDE, 0x9EDE, 0x9EDE, 0x9EDE, 0x9EDE, 0x9EDE, 0x9EDE, 0x9EDE, 0x9EDE, 0x9EDE, 0x9EDE, 0x9EDE, 0x9EDE,
        0x9EDE, 0x9EDE, 0xFB16, 0xFB16, 0xFB16, 0xFB16, 0xFB16, 0xFB16, 0x9EDE, 0x9EDE, 0xFB16, 0xFB16, 0x9EDE, 0x9EDE, 0x9EDE, 0x9EDE,
        0x9EDE, 0xFB16, 0xFFFF, 0xFFFF, 0xFFFF, 0xFFFF, 0xFFFF, 0xFFFF, 0xFB16, 0x9EDE, 0xFB16, 0xFFFF, 0xC150, 0x9EDE, 0x9EDE, 0x9EDE,
        0x9EDE, 0xFB16, 0xFFFF, 0xC150, 0xC150, 0xC150, 0xC150, 0xFB16, 0xFFFF, 0xC150, 0xFB16, 0xFFFF, 0xFB16, 0x9EDE, 0x9EDE, 0x9EDE,
        0x9EDE, 0xFB16, 0xFFFF, 0xC150, 0x9EDE, 0x9EDE, 0x9EDE, 0xFB16, 0xFFFF, 0xC150, 0xFB16, 0xFFFF, 0xFFFF, 0xFB16, 0x9EDE, 0x9EDE,
        0x9EDE, 0xFB16, 0xFFFF, 0xC150, 0x9EDE, 0x9EDE, 0x9EDE, 0xFB16, 0xFFFF, 0xC150, 0xFB16, 0xFFFF, 0xC150, 0xFB16, 0xFB16, 0xFB16,
        0x9EDE, 0xFB16, 0xFFFF, 0xC150, 0x9EDE, 0x9EDE, 0x9EDE, 0xFB16, 0xFFFF, 0xC150, 0xFB16, 0xFFFF, 0xC150, 0x9EDE, 0xFB16, 0xFFFF,
        0x9EDE, 0xFB16, 0xFFFF, 0xC150, 0x9EDE, 0x9EDE, 0x9EDE, 0xFB16, 0xFFFF, 0xC150, 0xFB16, 0xFFFF, 0xC150, 0x9EDE, 0x9EDE, 0xC150,
        0x9EDE, 0xFB16, 0xFFFF, 0xC150, 0x9EDE, 0x9EDE, 0x9EDE, 0xFB16, 0xFFFF, 0xC150, 0xFB16, 0xFFFF, 0xC150, 0x9EDE, 0x9EDE, 0x9EDE,
        0x9EDE, 0xFB16, 0xFFFF, 0xFB16, 0xFB16, 0xFB16, 0xFB16, 0xFFFF, 0xFFFF, 0xC150, 0xFB16, 0xFFFF, 0xC150, 0x9EDE, 0x9EDE, 0x9EDE,
        0x9EDE, 0x9EDE, 0xFB16, 0xFFFF, 0xFFFF, 0xFFFF, 0xFFFF, 0xFFFF, 0xC150, 0xC150, 0xFB16, 0xFFFF, 0xC150, 0x9EDE, 0x9EDE, 0x9EDE,
        0x9EDE, 0x9EDE, 0x9EDE, 0xC150, 0xC150, 0xC150, 0xC150, 0xC150, 0xC150, 0x9EDE, 0x9EDE, 0xC150, 0xC150, 0x9EDE, 0x9EDE, 0x9EDE,
        0x9EDE, 0x9EDE, 0x9EDE, 0x9EDE, 0x9EDE, 0x9EDE, 0x9EDE, 0x9EDE, 0x9EDE, 0x9EDE, 0x9EDE, 0x9EDE, 0x9EDE, 0x9EDE, 0x9EDE, 0x9EDE,
        0x9EDE, 0x9EDE, 0x9EDE, 0x9EDE, 0x9EDE, 0x9EDE, 0x9EDE, 0x9EDE, 0x9EDE, 0x9EDE, 0x9EDE, 0x9EDE, 0x9EDE, 0x9EDE, 0x9EDE, 0x9EDE,
    },
    {
        0x9EDE, 0x9EDE, 0x9EDE, 0x9EDE, 0x9EDE, 0x9EDE, 0x9EDE, 0x9EDE, 0x9EDE, 0x9EDE, 0x9EDE, 0x9EDE, 0x9EDE, 0x9EDE, 0x9EDE, 0x9EDE,
        0x9EDE, 0x9EDE, 0x9EDE, 0x9EDE, 0x9EDE, 0x9EDE, 0x9EDE, 0x9EDE, 0x9EDE, 0x9EDE, 0x9EDE, 0x9EDE, 0x9EDE, 0x9EDE, 0x9EDE, 0x9EDE,
        0x9EDE, 0x9EDE, 0x9EDE, 0x9EDE, 0x9EDE, 0x9EDE, 0x9EDE, 0x9EDE, 0x9EDE, 0x9EDE, 0x9EDE, 0x9EDE, 0x9EDE, 0x9EDE, 0x9EDE, 0x9EDE,
        0x9EDE, 0xFB16, 0xFB16, 0xFB16, 0xFB16, 0xFB16, 0xFB16, 0x9EDE, 0x9EDE, 0xFB16, 0xFB16, 0x9EDE, 0x9EDE, 0x9EDE, 0x9EDE, 0x9EDE,
        0xFB16, 0xFFFF, 0xFFFF, 0xFFFF, 0xFFFF, 0xFFFF, 0xFFFF, 0xFB16, 0x9EDE, 0xFB16, 0xFFFF, 0xC150, 0x9EDE, 0x9EDE, 0x9EDE, 0x9EDE,
        0xFB16, 0xFFFF, 0xC150, 0xC150, 0xC150, 0xC150, 0xFB16, 0xFFFF, 0xC150, 0xFB16, 0xFFFF, 0xFB16, 0x9EDE, 0x9EDE, 0x9EDE, 0x9EDE,
        0xFB16, 0xFFFF, 0xC150, 0x9EDE, 0x9EDE, 0x9EDE, 0xFB16, 0xFFFF, 0xC150, 0xFB16, 0xFFFF, 0xFFFF, 0xFB16, 0x9EDE, 0x9EDE, 0xFB16,
        0xFB16, 0xFFFF, 0xC150, 0x9EDE, 0x9EDE, 0x9EDE, 0xFB16, 0xFFFF, 0xC150, 0xFB16, 0xFFFF, 0xC150, 0xFB16, 0xFB16, 0xFB16, 0xFFFF,
        0xFB16, 0xFFFF, 0xC150, 0x9EDE, 0x9EDE, 0x9EDE, 0xFB16, 0xFFFF, 0xC150, 0xFB16, 0xFFFF, 0xC150, 0x9EDE, 0xFB16, 0xFFFF, 0xC150,
        0xFB16, 0xFFFF, 0xC150, 0x9EDE, 0x9EDE, 0x9EDE, 0xFB16, 0xFFFF, 0xC150, 0xFB16, 0xFFFF, 0xC150, 0x9EDE, 0x9EDE, 0xC150, 0xC150,
        0xFB16, 0xFFFF, 0xC150, 0x9EDE, 0x9EDE, 0x9EDE, 0xFB16, 0xFFFF, 0xC150, 0xFB16, 0xFFFF, 0xC150, 0x9EDE, 0x9EDE, 0x9EDE, 0x9EDE,
        0xFB16, 0xFFFF, 0xFB16, 0xFB16, 0xFB16, 0xFB16, 0xFFFF, 0xFFFF, 0xC150, 0xFB16, 0xFFFF, 0xC150, 0x9EDE, 0x9EDE, 0x9EDE, 0x9EDE,
        0x9EDE, 0xFB16, 0xFFFF, 0xFFFF, 0xFFFF, 0xFFFF, 0xFFFF, 0xC150, 0xC150, 0xFB16, 0xFFFF, 0xC150, 0x9EDE, 0x9EDE, 0x9EDE, 0x9EDE,
        0x9EDE, 0x9EDE, 0xC150, 0xC150, 0xC150, 0xC150, 0xC150, 0xC150, 0x9EDE, 0x9EDE, 0xC150, 0xC150, 0x9EDE, 0x9EDE, 0x9EDE, 0x9EDE,
        0x9EDE, 0x9EDE, 0x9EDE, 0x9EDE, 0x9EDE, 0x9EDE, 0x9EDE, 0x9EDE, 0x9EDE, 0x9EDE, 0x9EDE, 0x9EDE, 0x9EDE, 0x9EDE, 0x9EDE, 0x9EDE,
        0x9EDE, 0x9EDE, 0x9EDE, 0x9EDE, 0x9EDE, 0x9EDE, 0x9EDE, 0x9EDE, 0x9EDE, 0x9EDE, 0x9EDE, 0x9EDE, 0x9EDE, 0x9EDE, 0x9EDE, 0x9EDE,
    },
    {
        0x9EDE, 0x9EDE, 0x9EDE, 0x9EDE, 0x9EDE, 0x9EDE, 0x9EDE, 0x9EDE, 0x9EDE, 0x9EDE, 0x9EDE, 0x9EDE, 0x9EDE, 0x9EDE, 0x9EDE, 0x9EDE,
        0x9EDE, 0x9EDE, 0x9EDE, 0x9EDE, 0x9EDE, 0x9EDE, 0x9EDE, 0x9EDE, 0x9EDE, 0x9EDE, 0x9EDE, 0x9EDE, 0x9EDE, 0x9EDE, 0x9EDE, 0x9EDE,
        0x9EDE, 0x9EDE, 0x9EDE, 0x9EDE, 0x9EDE, 0x9EDE, 0x9EDE, 0x9EDE, 0x9EDE, 0x9EDE, 0x9EDE, 0x9EDE, 0x9EDE, 0x9EDE, 0x9EDE, 0x9EDE,
        0xFB16, 0xFB16, 0xFB16, 0xFB16, 0xFB16, 0xFB16, 0x9EDE, 0x9EDE, 0xFB16, 0xFB16, 0x9EDE, 0x9EDE, 0x9EDE, 0x9EDE, 0x9EDE, 0x9EDE,
        0xFFFF, 0xFFFF, 0xFFFF, 0xFFFF, 0xFFFF, 0xFFFF, 0xFB16, 0x9EDE, 0xFB16, 0xFFFF, 0xC150, 0x9EDE, 0x9EDE, 0x9EDE, 0x9EDE, 0x9EDE,
        0xFFFF, 0xC150, 0xC150, 0xC150, 0xC150, 0xFB16, 0xFFFF, 0xC150, 0xFB16, 0xFFFF, 0xFB16, 0x9EDE, 0x9EDE, 0x9EDE, 0x9EDE, 0xFB16,
        0xFFFF, 0xC150, 0x9EDE, 0x9EDE, 0x9EDE, 0xFB16, 0xFFFF, 0xC150, 0xFB16, 0xFFFF, 0xFFFF, 0xFB16, 0x9EDE, 0x9EDE, 0xFB16, 0xFFFF,
        0xFFFF, 0xC150, 0x9EDE, 0x9EDE, 0x9EDE, 0xFB16, 0xFFFF, 0xC150, 0xFB16, 0xFFFF, 0xC150, 0xFB16, 0xFB16, 0xFB16, 0xFFFF, 0xC150,
        0xFFFF, 0xC150, 0x9EDE, 0x9EDE, 0x9EDE, 0xFB16, 0xFFFF, 0xC150, 0xFB16, 0xFFFF, 0xC150, 0x9EDE, 0xFB16, 0xFFFF, 0xC150, 0xC150,
        0xFFFF, 0xC150, 0x9EDE, 0x9EDE, 0x9EDE, 0xFB16, 0xFFFF, 0xC150, 0xFB16, 0xFFFF, 0xC150, 0x9EDE, 0x9EDE, 0xC150, 0xC150, 0x9EDE,
        0xFFFF, 0xC150, 0x9EDE, 0x9EDE, 0x9EDE, 0xFB16, 0xFFFF, 0xC150, 0xFB16, 0xFFFF, 0xC150, 0x9EDE, 0x9EDE, 0x9EDE, 0x9EDE, 0x9EDE,
        0xFFFF, 0xFB16, 0xFB16, 0xFB16, 0xFB16, 0xFFFF, 0xFFFF, 0xC150, 0xFB16, 0xFFFF, 0xC150, 0x9EDE, 0x9EDE, 0x9EDE, 0x9EDE, 0x9EDE,
        0xFB16, 0xFFFF, 0xFFFF, 0xFFFF, 0xFFFF, 0xFFFF, 0xC150, 0xC150, 0xFB16, 0xFFFF, 0xC150, 0x9EDE, 0x9EDE, 0x9EDE, 0x9EDE, 0x9EDE,
        0x9EDE, 0xC150, 0xC150, 0xC150, 0xC150, 0xC150, 0xC150, 0x9EDE, 0x9EDE, 0xC150, 0xC150, 0x9EDE, 0x9EDE, 0x9EDE, 0x9EDE, 0x9EDE,
        0x9EDE, 0x9EDE, 0x9EDE, 0x9EDE, 0x9EDE, 0x9EDE, 0x9EDE, 0x9EDE, 0x9EDE, 0x9EDE, 0x9EDE, 0x9EDE, 0x9EDE, 0x9EDE, 0x9EDE, 0x9EDE,
        0x9EDE, 0x9EDE, 0x9EDE, 0x9EDE, 0x9EDE, 0x9EDE, 0x9EDE, 0x9EDE, 0x9EDE, 0x9EDE, 0x9EDE, 0x9EDE, 0x9EDE, 0x9EDE, 0x9EDE, 0x9EDE,
    },
    {
        0x9EDE, 0x9EDE, 0x9EDE, 0x9EDE, 0x9EDE, 0x9EDE, 0x9EDE, 0x9EDE, 0x9EDE, 0x9EDE, 0x9EDE, 0x9EDE, 0x9EDE, 0x9EDE, 0x9EDE, 0x9EDE,
        0x9EDE, 0x9EDE, 0x9EDE, 0x9EDE, 0x9EDE, 0x9EDE, 0x9EDE, 0x9EDE, 0x9EDE, 0x9EDE, 0x9EDE, 0x9EDE, 0x9EDE, 0x9EDE, 0x9EDE, 0x9EDE,
        0x9EDE, 0x9EDE, 0x9EDE, 0x9EDE, 0x9EDE, 0x9EDE, 0x9EDE, 0x9EDE, 0x9EDE, 0x9EDE, 0x9EDE, 0x9EDE, 0x9EDE, 0x9EDE, 0x9EDE, 0x9EDE,
        0xFB16, 0xFB16, 0xFB16, 0xFB16, 0xFB16, 0x9EDE, 0x9EDE, 0xFB16, 0xFB16, 0x9EDE, 0x9EDE, 0x9EDE, 0x9EDE, 0x9EDE, 0x9EDE, 0xFB16,
        0xFFFF, 0xFFFF, 0xFFFF, 0xFFFF, 0xFFFF, 0xFB16, 0x9EDE, 0xFB16, 0xFFFF, 0xC150, 0x9EDE, 0x9EDE, 0x9EDE, 0x9EDE, 0x9EDE, 0xFB16,
        0xC150, 0xC150, 0xC150, 0xC150, 0xFB16, 0xFFFF, 0xC150, 0xFB16, 0xFFFF, 0xFB16, 0x9EDE, 0x9EDE, 0x9EDE, 0x9EDE, 0xFB16, 0xFFFF,
        0xC150, 0x9EDE, 0x9EDE, 0x9EDE, 0xFB16, 0xFFFF, 0xC150, 0xFB16, 0xFFFF, 0xFFFF, 0xFB16, 0x9EDE, 0x9EDE, 0xFB16, 0xFFFF, 0xFFFF,
        0xC150, 0x9EDE, 0x9EDE, 0x9EDE, 0xFB16, 0xFFFF, 0xC150, 0xFB16, 0xFFFF, 0xC150, 0xFB16, 0xFB16, 0xFB16, 0xFFFF, 0xC150, 0xFB16,
        0xC150, 0x9EDE, 0x9EDE, 0x9EDE, 0xFB16, 0xFFFF, 0xC150, 0xFB16, 0xFFFF, 0xC150, 0x9EDE, 0xFB16, 0xFFFF, 0xC150, 0xC150, 0xFB16,
        0xC150, 0x9EDE, 0x9EDE, 0x9EDE, 0xFB16, 0xFFFF, 0xC150, 0xFB16, 0xFFFF, 0xC150, 0x9EDE, 0x9EDE, 0xC150, 0xC150, 0x9EDE, 0xFB16,
        0xC150, 0x9EDE, 0x9EDE, 0x9EDE, 0xFB16, 0xFFFF, 0xC150, 0xFB16, 0xFFFF, 0xC150, 0x9EDE, 0x9EDE, 0x9EDE, 0x9EDE, 0x9EDE, 0xFB16,
        0xFB16, 0xFB16, 0xFB16, 0xFB16, 0xFFFF, 0xFFFF, 0xC150, 0xFB16, 0xFFFF, 0xC150, 0x9EDE, 0x9EDE, 0x9EDE, 0x9EDE, 0x9EDE, 0xFB16,
        0xFFFF, 0xFFFF, 0xFFFF, 0xFFFF, 0xFFFF, 0xC150, 0xC150, 0xFB16, 0xFFFF, 0xC150, 0x9EDE, 0x9EDE, 0x9EDE, 0x9EDE, 0x9EDE, 0xFB16,
        0xC150, 0xC150, 0xC150, 0xC150, 0xC150, 0xC150, 0x9EDE, 0x9EDE, 0xC150, 0xC150, 0x9EDE, 0x9EDE, 0x9EDE, 0x9EDE, 0x9EDE, 0x9EDE,
        0x9EDE, 0x9EDE, 0x9EDE, 0x9EDE, 0x9EDE, 0x9EDE, 0x9EDE, 0x9EDE, 0x9EDE, 0x9EDE, 0x9EDE, 0x9EDE, 0x9EDE, 0x9EDE, 0x9EDE, 0x9EDE,
        0x9EDE, 0x9EDE, 0x9EDE, 0x9EDE, 0x9EDE, 0x9EDE, 0x9EDE, 0x9EDE, 0x9EDE, 0x9EDE, 0x9EDE, 0x9EDE, 0x9EDE, 0x9EDE, 0x9EDE, 0x9EDE,
    },
    {
        0x9EDE, 0x9EDE, 0x9EDE, 0x9EDE, 0x9EDE, 0x9EDE, 0x9EDE, 0x9EDE, 0x9EDE, 0x9EDE, 0x9EDE, 0x9EDE, 0x9EDE, 0x9EDE, 0x9EDE, 0x9EDE,
        0x9EDE, 0x9EDE, 0x9EDE, 0x9EDE, 0x9EDE, 0x9EDE, 0x9EDE, 0x9EDE, 0x9EDE, 0x9EDE, 0x9EDE, 0x9EDE, 0x9EDE, 0x9EDE, 0x9EDE, 0x9EDE,
        0x9EDE, 0x9EDE, 0x9EDE, 0x9EDE, 0x9EDE, 0x9EDE, 0x9EDE, 0x9EDE, 0x9EDE, 0x9EDE, 0x9EDE, 0x9EDE, 0x9EDE, 0x9EDE, 0x9EDE, 0x9EDE,
        0xFB16, 0xFB16, 0xFB16, 0xFB16, 0x9EDE, 0x9EDE, 0xFB16, 0xFB16, 0x9EDE, 0x9EDE, 0x9EDE, 0x9EDE, 0x9EDE, 0x9EDE, 0xFB16, 0xFB16,
        0xFFFF, 0xFFFF, 0xFFFF, 0xFFFF, 0xFB16, 0x9EDE, 0xFB16, 0xFFFF, 0xC150, 0x9EDE, 0x9EDE, 0x9EDE, 0x9EDE, 0x9EDE, 0xFB16, 0xFFFF,
        0xC150, 0xC150, 0xC150, 0xFB16, 0xFFFF, 0xC150, 0xFB16, 0xFFFF, 0xFB16, 0x9EDE, 0x9EDE, 0x9EDE, 0x9EDE, 0xFB16, 0xFFFF, 0xFFFF,
        0x9EDE, 0x9EDE, 0x9EDE, 0xFB16, 0xFFFF, 0xC150, 0xFB16, 0xFFFF, 0xFFFF, 0xFB16, 0x9EDE, 0x9EDE, 0xFB16, 0xFFFF, 0xFFFF, 0xFFFF,
        0x9EDE, 0x9EDE, 0x9EDE, 0xFB16, 0xFFFF, 0xC150, 0xFB16, 0xFFFF, 0xC150, 0xFB16, 0xFB16, 0xFB16, 0xFFFF, 0xC150, 0xFB16, 0xFFFF,
        0x9EDE, 0x9EDE, 0x9EDE, 0xFB16, 0xFFFF, 0xC150, 0xFB16, 0xFFFF, 0xC150, 0x9EDE, 0xFB16, 0xFFFF, 0xC150, 0xC150, 0xFB16, 0xFFFF,
        0x9EDE, 0x9EDE, 0x9EDE, 0xFB16, 0xFFFF, 0xC150, 0xFB16, 0xFFFF, 0xC150, 0x9EDE, 0x9EDE, 0xC150, 0xC150, 0x9EDE, 0xFB16, 0xFFFF,
        0x9EDE, 0x9EDE, 0x9EDE, 0xFB16, 0xFFFF, 0xC150, 0xFB16, 0xFFFF, 0xC150, 0x9EDE, 0x9EDE, 0x9EDE, 0x9EDE, 0x9EDE, 0xFB16, 0xFFFF,
        0xFB16, 0xFB16, 0xFB16, 0xFFFF, 0xFFFF, 0xC150, 0xFB16, 0xFFFF, 0xC150, 0x9EDE, 0x9EDE, 0x9EDE, 0x9EDE, 0x9EDE, 0xFB16, 0xFFFF,
        0xFFFF, 0xFFFF, 0xFFFF, 0xFFFF, 0xC150, 0xC150, 0xFB16, 0xFFFF, 0xC150, 0x9EDE, 0x9EDE, 0x9EDE, 0x9EDE, 0x9EDE, 0xFB16, 0xFFFF,
        0xC150, 0xC150, 0xC150, 0xC150, 0xC150, 0x9EDE, 0x9EDE, 0xC150, 0xC150, 0x9EDE, 0x9EDE, 0x9EDE, 0x9EDE, 0x9EDE, 0x9EDE, 0xC150,
        0x9EDE, 0x9EDE, 0x9EDE, 0x9EDE, 0x9EDE, 0x9EDE, 0x9EDE, 0x9EDE, 0x9EDE, 0x9EDE, 0x9EDE, 0x9EDE, 0x9EDE, 0x9EDE, 0x9EDE, 0x9EDE,
        0x9EDE, 0x9EDE, 0x9EDE, 0x9EDE, 0x9EDE, 0x9EDE, 0x9EDE, 0x9EDE, 0x9EDE, 0x9EDE, 0x9EDE, 0x9EDE, 0x9EDE, 0x9EDE, 0x9EDE, 0x9EDE,
    },
    {
        0x9EDE, 0x9EDE, 0x9EDE, 0x9EDE, 0x9EDE, 0x9EDE, 0x9EDE, 0x9EDE, 0x9EDE, 0x9EDE, 0x9EDE, 0x9EDE, 0x9EDE, 0x9EDE, 0x9EDE, 0x9EDE,
        0x9EDE, 0x9EDE, 0x9EDE, 0x9EDE, 0x9EDE, 0x9EDE, 0x9EDE, 0x9EDE, 0x9EDE, 0x9EDE, 0x9EDE, 0x9EDE, 0x9EDE, 0x9EDE, 0x9EDE, 0x9EDE,
        0x9EDE, 0x9EDE, 0x9EDE, 0x9EDE, 0x9EDE, 0x9EDE, 0x9EDE, 0x9EDE, 0x9EDE, 0x9EDE, 0x9EDE, 0x9EDE, 0x9EDE, 0x9EDE, 0x9EDE, 0x9EDE,
        0xFB16, 0xFB16, 0xFB16, 0x9EDE, 0x9EDE, 0xFB16, 0xFB16, 0x9EDE, 0x9EDE, 0x9EDE, 0x9EDE, 0x9EDE, 0x9EDE, 0xFB16, 0xFB16, 0x9EDE,
        0xFFFF, 0xFFFF, 0xFFFF, 0xFB16, 0x9EDE, 0xFB16, 0xFFFF, 0xC150, 0x9EDE, 0x9EDE, 0x9EDE, 0x9EDE, 0x9EDE, 0xFB16, 0xFFFF, 0xC150,
        0xC150, 0xC150, 0xFB16, 0xFFFF, 0xC150, 0xFB16, 0xFFFF, 0xFB16, 0x9EDE, 0x9EDE, 0x9EDE, 0x9EDE, 0xFB16, 0xFFFF, 0xFFFF, 0xC150,
        0x9EDE, 0x9EDE, 0xFB16, 0xFFFF, 0xC150, 0xFB16, 0xFFFF, 0xFFFF, 0xFB16, 0x9EDE, 0x9EDE, 0xFB16, 0xFFFF, 0xFFFF, 0xFFFF, 0xC150,
        0x9EDE, 0x9EDE, 0xFB16, 0xFFFF, 0xC150, 0xFB16, 0xFFFF, 0xC150, 0xFB16, 0xFB16, 0xFB16, 0xFFFF, 0xC150, 0xFB16, 0xFFFF, 0xC150,
        0x9EDE, 0x9EDE, 0xFB16, 0xFFFF, 0xC150, 0xFB16, 0xFFFF, 0xC150, 0x9EDE, 0xFB16, 0xFFFF, 0xC150, 0xC150, 0xFB16, 0xFFFF, 0xC150,
        0x9EDE, 0x9EDE, 0xFB16, 0xFFFF, 0xC150, 0xFB16, 0xFFFF, 0xC150, 0x9EDE, 0x9EDE, 0xC150, 0xC150, 0x9EDE, 0xFB16, 0xFFFF, 0xC150,
        0x9EDE, 0x9EDE, 0xFB16, 0xFFFF, 0xC150, 0xFB16, 0xFFFF, 0xC150, 0x9EDE, 0x9EDE, 0x9EDE, 0x9EDE, 0x9EDE, 0xFB16, 0xFFFF, 0xC150,
        0xFB16, 0xFB16, 0xFFFF, 0xFFFF, 0xC150, 0xFB16, 0xFFFF, 0xC150, 0x9EDE, 0x9EDE, 0x9EDE, 0x9EDE, 0x9EDE, 0xFB16, 0xFFFF, 0xC150,
        0xFFFF, 0xFFFF, 0xFFFF, 0xC150, 0xC150, 0xFB16, 0xFFFF, 0xC150, 0x9EDE, 0x9EDE, 0x9EDE, 0x9EDE, 0x9EDE, 0xFB16, 0xFFFF, 0xC150,
        0xC150, 0xC150, 0xC150, 0xC150, 0x9EDE, 0x9EDE, 0xC150, 0xC150, 0x9EDE, 0x9EDE, 0x9EDE, 0x9EDE, 0x9EDE, 0x9EDE, 0xC150, 0xC150,
        0x9EDE, 0x9EDE, 0x9EDE, 0x9EDE, 0x9EDE, 0x9EDE, 0x9EDE, 0x9EDE, 0x9EDE, 0x9EDE, 0x9EDE, 0x9EDE, 0x9EDE, 0x9EDE, 0x9EDE, 0x9EDE,
        0x9EDE, 0x9EDE, 0x9EDE, 0x9EDE, 0x9EDE, 0x9EDE, 0x9EDE, 0x9EDE, 0x9EDE, 0x9EDE, 0x9EDE, 0x9EDE, 0x9EDE, 0x9EDE, 0x9EDE, 0x9EDE,
    },
    {
        0x9EDE, 0x9EDE, 0x9EDE, 0x9EDE, 0x9EDE, 0x9EDE, 0x9EDE, 0x9EDE, 0x9EDE, 0x9EDE, 0x9EDE, 0x9EDE, 0x9EDE, 0x9EDE, 0x9EDE, 0x9EDE,
        0x9EDE, 0x9EDE, 0x9EDE, 0x9EDE, 0x9EDE, 0x9EDE, 0x9EDE, 0x9EDE, 0x9EDE, 0x9EDE, 0x9EDE, 0x9EDE, 0x9EDE, 0x9EDE, 0x9EDE, 0x9EDE,
        0x9EDE, 0x9EDE, 0x9EDE, 0x9EDE, 0x9EDE, 0x9EDE, 0x9EDE, 0x9EDE, 0x9EDE, 0x9EDE, 0x9EDE, 0x9EDE, 0x9EDE, 0x9EDE, 0x9EDE, 0x9EDE,
        0xFB16, 0xFB16, 0x9EDE, 0x9EDE, 0xFB16, 0xFB16, 0x9EDE, 0x9EDE, 0x9EDE, 0x9EDE, 0x9EDE, 0x9EDE, 0xFB16, 0xFB16, 0x9EDE, 0xFB16,
        0xFFFF, 0xFFFF, 0xFB16, 0x9EDE, 0xFB16, 0xFFFF, 0xC150, 0x9EDE, 0x9EDE, 0x9EDE, 0x9EDE, 0x9EDE, 0xFB16, 0xFFFF, 0xC150, 0xFB16,
        0xC150, 0xFB16, 0xFFFF, 0xC150, 0xFB16, 0xFFFF, 0xFB16, 0x9EDE, 0x9EDE, 0x9EDE, 0x9EDE, 0xFB16, 0xFFFF, 0xFFFF, 0xC150, 0xFB16,
        0x9EDE, 0xFB16, 0xFFFF, 0xC150, 0xFB16, 0xFFFF, 0xFFFF, 0xFB16, 0x9EDE, 0x9EDE, 0xFB16, 0xFFFF, 0xFFFF, 0xFFFF, 0xC150, 0xFB16,
        0x9EDE, 0xFB16, 0xFFFF, 0xC150, 0xFB16, 0xFFFF, 0xC150, 0xFB16, 0xFB16, 0xFB16, 0xFFFF, 0xC150, 0xFB16, 0xFFFF, 0xC150, 0xFB16,
        0x9EDE, 0xFB16, 0xFFFF, 0xC150, 0xFB16, 0xFFFF, 0xC150, 0x9EDE, 0xFB16, 0xFFFF, 0xC150, 0xC150, 0xFB16, 0xFFFF, 0xC150, 0xFB16,
        0x9EDE, 0xFB16, 0xFFFF, 0xC150, 0xFB16, 0xFFFF, 0xC150, 0x9EDE, 0x9EDE, 0xC150, 0xC150, 0x9EDE, 0xFB16, 0xFFFF, 0xC150, 0xFB16,
        0x9EDE, 0xFB16, 0xFFFF, 0xC150, 0xFB16, 0xFFFF, 0xC150, 0x9EDE, 0x9EDE, 0x9EDE, 0x9EDE, 0x9EDE, 0xFB16, 0xFFFF, 0xC150, 0xFB16,
        0xFB16, 0xFFFF, 0xFFFF, 0xC150, 0xFB16, 0xFFFF, 0xC150, 0x9EDE, 0x9EDE, 0x9EDE, 0x9EDE, 0x9EDE, 0xFB16, 0xFFFF, 0xC150, 0xFB16,
        0xFFFF, 0xFFFF, 0xC150, 0xC150, 0xFB16, 0xFFFF, 0xC150, 0x9EDE, 0x9EDE, 0x9EDE, 0x9EDE, 0x9EDE, 0xFB16, 0xFFFF, 0xC150, 0xFB16,
        0xC150, 0xC150, 0xC150, 0x9EDE, 0x9EDE, 0xC150, 0xC150, 0x9EDE, 0x9EDE, 0x9EDE, 0x9EDE, 0x9EDE, 0x9EDE, 0xC150, 0xC150, 0x9EDE,
        0x9EDE, 0x9EDE, 0x9EDE, 0x9EDE, 0x9EDE, 0x9EDE, 0x9EDE, 0x9EDE, 0x9EDE, 0x9EDE, 0x9EDE, 0x9EDE, 0x9EDE, 0x9EDE, 0x9EDE, 0x9EDE,
        0x9EDE, 0x9EDE, 0x9EDE, 0x9EDE, 0x9EDE, 0x9EDE, 0x9EDE, 0x9EDE, 0x9EDE, 0x9EDE, 0x9EDE, 0x9EDE, 0x9EDE, 0x9EDE, 0x9EDE, 0x9EDE,
    },
    {
        0x9EDE, 0x9EDE, 0x9EDE, 0x9EDE, 0x9EDE, 0x9EDE, 0x9EDE, 0x9EDE, 0x9EDE, 0x9EDE, 0x9EDE, 0x9EDE, 0x9EDE, 0x9EDE, 0x9EDE, 0x9EDE,
        0x9EDE, 0x9EDE, 0x9EDE, 0x9EDE, 0x9EDE, 0x9EDE, 0x9EDE, 0x9EDE, 0x9EDE, 0x9EDE, 0x9EDE, 0x9EDE, 0x9EDE, 0x9EDE, 0x9EDE, 0x9EDE,
        0x9EDE, 0x9EDE, 0x9EDE, 0x9EDE, 0x9EDE, 0x9EDE, 0x9EDE, 0x9EDE, 0x9EDE, 0x9EDE, 0x9EDE, 0x9EDE, 0x9EDE, 0x9EDE, 0x9EDE, 0x9EDE,
        0xFB16, 0x9EDE, 0x9EDE, 0xFB16, 0xFB16, 0x9EDE, 0x9EDE, 0x9EDE, 0x9EDE, 0x9EDE, 0x9EDE, 0xFB16, 0xFB16, 0x9EDE, 0xFB16, 0xFB16,
        0xFFFF, 0xFB16, 0x9EDE, 0xFB16, 0xFFFF, 0xC150, 0x9EDE, 0x9EDE, 0x9EDE, 0x9EDE, 0x9EDE, 0xFB16, 0xFFFF, 0xC150, 0xFB16, 0xFFFF,
        0xFB16, 0xFFFF, 0xC150, 0xFB16, 0xFFFF, 0xFB16, 0x9EDE, 0x9EDE, 0x9EDE, 0x9EDE, 0xFB16, 0xFFFF, 0xFFFF, 0xC150, 0xFB16, 0xFFFF,
        0xFB16, 0xFFFF, 0xC150, 0xFB16, 0xFFFF, 0xFFFF, 0xFB16, 0x9EDE, 0x9EDE, 0xFB16, 0xFFFF, 0xFFFF, 0xFFFF, 0xC150, 0xFB16, 0xFFFF,
        0xFB16, 0xFFFF, 0xC150, 0xFB16, 0xFFFF, 0xC150, 0xFB16, 0xFB16, 0xFB16, 0xFFFF, 0xC150, 0xFB16, 0xFFFF, 0xC150, 0xFB16, 0xFFFF,
        0xFB16, 0xFFFF, 0xC150, 0xFB16, 0xFFFF, 0xC150, 0x9EDE, 0xFB16, 0xFFFF, 0xC150, 0xC150, 0xFB16, 0xFFFF, 0xC150, 0xFB16, 0xFFFF,
        0xFB16, 0xFFFF, 0xC150, 0xFB16, 0xFFFF, 0xC150, 0x9EDE, 0x9EDE, 0xC150, 0xC150, 0x9EDE, 0xFB16, 0xFFFF, 0xC150, 0xFB16, 0xFFFF,
        0xFB16, 0xFFFF, 0xC150, 0xFB16, 0xFFFF, 0xC150, 0x9EDE, 0x9EDE, 0x9EDE, 0x9EDE, 0x9EDE, 0xFB16, 0xFFFF, 0xC150, 0xFB16, 0xFFFF,
        0xFFFF, 0xFFFF, 0xC150, 0xFB16, 0xFFFF, 0xC150, 0x9EDE, 0x9EDE, 0x9EDE, 0x9EDE, 0x9EDE, 0xFB16, 0xFFFF, 0xC150, 0xFB16, 0xFFFF,
        0xFFFF, 0xC150, 0xC150, 0xFB16, 0xFFFF, 0xC150, 0x9EDE, 0x9EDE, 0x9EDE, 0x9EDE, 0x9EDE, 0xFB16, 0xFFFF, 0xC150, 0xFB16, 0xFFFF,
        0xC150, 0xC150, 0x9EDE, 0x9EDE, 0xC150, 0xC150, 0x9EDE, 0x9EDE, 0x9EDE, 0x9EDE, 0x9EDE, 0x9EDE, 0xC150, 0xC150, 0x9EDE, 0xC150,
        0x9EDE, 0x9EDE, 0x9EDE, 0x9EDE, 0x9EDE, 0x9EDE, 0x9EDE, 0x9EDE, 0x9EDE, 0x9EDE, 0x9EDE, 0x9EDE, 0x9EDE, 0x9EDE, 0x9EDE, 0x9EDE,
        0x9EDE, 0x9EDE, 0x9EDE, 0x9EDE, 0x9EDE, 0x9EDE, 0x9EDE, 0x9EDE, 0x9EDE, 0x9EDE, 0x9EDE, 0x9EDE, 0x9EDE, 0x9EDE, 0x9EDE, 0x9EDE,
    },
    {
        0x9EDE, 0x9EDE, 0x9EDE, 0x9EDE, 0x9EDE, 0x9EDE, 0x9EDE, 0x9EDE, 0x9EDE, 0x9EDE, 0x9EDE, 0x9EDE, 0x9EDE, 0x9EDE, 0x9EDE, 0x9EDE,
        0x9EDE, 0x9EDE, 0x9EDE, 0x9EDE, 0x9EDE, 0x9EDE, 0x9EDE, 0x9EDE, 0x9EDE, 0x9EDE, 0x9EDE, 0x9EDE, 0x9EDE, 0x9EDE, 0x9EDE, 0x9EDE,
        0x9EDE, 0x9EDE, 0x9EDE, 0x9EDE, 0x9EDE, 0x9EDE, 0x9EDE, 0x9EDE, 0x9EDE, 0x9EDE, 0x9EDE, 0x9EDE, 0x9EDE, 0x9EDE, 0x9EDE, 0x9EDE,
        0x9EDE, 0x9EDE, 0xFB16, 0xFB16, 0x9EDE, 0x9EDE, 0x9EDE, 0x9EDE, 0x9EDE, 0x9EDE, 0xFB16, 0xFB16, 0x9EDE, 0xFB16, 0xFB16, 0xFB16,
        0xFB16, 0x9EDE, 0xFB16, 0xFFFF, 0xC150, 0x9EDE, 0x9EDE, 0x9EDE, 0x9EDE, 0x9EDE, 0xFB16, 0xFFFF, 0xC150, 0xFB16, 0xFFFF, 0xFFFF,
        0xFFFF, 0xC150, 0xFB16, 0xFFFF, 0xFB16, 0x9EDE, 0x9EDE, 0x9EDE, 0x9EDE, 0xFB16, 0xFFFF, 0xFFFF, 0xC150, 0xFB16, 0xFFFF, 0xC150,
        0xFFFF, 0xC150, 0xFB16, 0xFFFF, 0xFFFF, 0xFB16, 0x9EDE, 0x9EDE, 0xFB16, 0xFFFF, 0xFFFF, 0xFFFF, 0xC150, 0xFB16, 0xFFFF, 0xC150,
        0xFFFF, 0xC150, 0xFB16, 0xFFFF, 0xC150, 0xFB16, 0xFB16, 0xFB16, 0xFFFF, 0xC150, 0xFB16, 0xFFFF, 0xC150, 0xFB16, 0xFFFF, 0xFB16,
        0xFFFF, 0xC150, 0xFB16, 0xFFFF, 0xC150, 0x9EDE, 0xFB16, 0xFFFF, 0xC150, 0xC150, 0xFB16, 0xFFFF, 0xC150, 0xFB16, 0xFFFF, 0xFFFF,
        0xFFFF, 0xC150, 0xFB16, 0xFFFF, 0xC150, 0x9EDE, 0x9EDE, 0xC150, 0xC150, 0x9EDE, 0xFB16, 0xFFFF, 0xC150, 0xFB16, 0xFFFF, 0xC150,
        0xFFFF, 0xC150, 0xFB16, 0xFFFF, 0xC150, 0x9EDE, 0x9EDE, 0x9EDE, 0x9EDE, 0x9EDE, 0xFB16, 0xFFFF, 0xC150, 0xFB16, 0xFFFF, 0xC150,
        0xFFFF, 0xC150, 0xFB16, 0xFFFF, 0xC150, 0x9EDE, 0x9EDE, 0x9EDE, 0x9EDE, 0x9EDE, 0xFB16, 0xFFFF, 0xC150, 0xFB16, 0xFFFF, 0xC150,
        0xC150, 0xC150, 0xFB16, 0xFFFF, 0xC150, 0x9EDE, 0x9EDE, 0x9EDE, 0x9EDE, 0x9EDE, 0xFB16, 0xFFFF, 0xC150, 0xFB16, 0xFFFF, 0xC150,
        0xC150, 0x9EDE, 0x9EDE, 0xC150, 0xC150, 0x9EDE, 0x9EDE, 0x9EDE, 0x9EDE, 0x9EDE, 0x9EDE, 0xC150, 0xC150, 0x9EDE, 0xC150, 0xC150,
        0x9EDE, 0x9EDE, 0x9EDE, 0x9EDE, 0x9EDE, 0x9EDE, 0x9EDE, 0x9EDE, 0x9EDE, 0x9EDE, 0x9EDE, 0x9EDE, 0x9EDE, 0x9EDE, 0x9EDE, 0x9EDE,
        0x9EDE, 0x9EDE, 0x9EDE, 0x9EDE, 0x9EDE, 0x9EDE, 0x9EDE, 0x9EDE, 0x9EDE, 0x9EDE, 0x9EDE, 0x9EDE, 0x9EDE, 0x9EDE, 0x9EDE, 0x9EDE,
    },
    {
        0x9EDE, 0x9EDE, 0x9EDE, 0x9EDE, 0x9EDE, 0x9EDE, 0x9EDE, 0x9EDE, 0x9EDE, 0x9EDE, 0x9EDE, 0x9EDE, 0x9EDE, 0x9EDE, 0x9EDE, 0x9EDE,
        0x9EDE, 0x9EDE, 0x9EDE, 0x9EDE, 0x9EDE, 0x9EDE, 0x9EDE, 0x9EDE, 0x9EDE, 0x9EDE, 0x9EDE, 0x9EDE, 0x9EDE, 0x9EDE, 0x9EDE, 0x9EDE,
        0x9EDE, 0x9EDE, 0x9EDE, 0x9EDE, 0x9EDE, 0x9EDE, 0x9EDE, 0x9EDE, 0x9EDE, 0x9EDE, 0x9EDE, 0x9EDE, 0x9EDE, 0x9EDE, 0x9EDE, 0x9EDE,
        0x9EDE, 0xFB16, 0xFB16, 0x9EDE, 0x9EDE, 0x9EDE, 0x9EDE, 0x9EDE, 0x9EDE, 0xFB16, 0xFB16, 0x9EDE, 0xFB16, 0xFB16, 0xFB16, 0xFB16,
        0x9EDE, 0xFB16, 0xFFFF, 0xC150, 0x9EDE, 0x9EDE, 0x9EDE, 0x9EDE, 0x9EDE, 0xFB16, 0xFFFF, 0xC150, 0xFB16, 0xFFFF, 0xFFFF, 0xFFFF,
        0xC150, 0xFB16, 0xFFFF, 0xFB16, 0x9EDE, 0x9EDE, 0x9EDE, 0x9EDE, 0xFB16, 0xFFFF, 0xFFFF, 0xC150, 0xFB16, 0xFFFF, 0xC150, 0xC150,
        0xC150, 0xFB16, 0xFFFF, 0xFFFF, 0xFB16, 0x9EDE, 0x9EDE, 0xFB16, 0xFFFF, 0xFFFF, 0xFFFF, 0xC150, 0xFB16, 0xFFFF, 0xC150, 0x9EDE,
        0xC150, 0xFB16, 0xFFFF, 0xC150, 0xFB16, 0xFB16, 0xFB16, 0xFFFF, 0xC150, 0xFB16, 0xFFFF, 0xC150, 0xFB16, 0xFFFF, 0xFB16, 0xFB16,
        0xC150, 0xFB16, 0xFFFF, 0xC150, 0x9EDE, 0xFB16, 0xFFFF, 0xC150, 0xC150, 0xFB16, 0xFFFF, 0xC150, 0xFB16, 0xFFFF, 0xFFFF, 0xFFFF,
        0xC150, 0xFB16, 0xFFFF, 0xC150, 0x9EDE, 0x9EDE, 0xC150, 0xC150, 0x9EDE, 0xFB16, 0xFFFF, 0xC150, 0xFB16, 0xFFFF, 0xC150, 0xC150,
        0xC150, 0xFB16, 0xFFFF, 0xC150, 0x9EDE, 0x9EDE, 0x9EDE, 0x9EDE, 0x9EDE, 0xFB16, 0xFFFF, 0xC150, 0xFB16, 0xFFFF, 0xC150, 0x9EDE,
        0xC150, 0xFB16, 0xFFFF, 0xC150, 0x9EDE, 0x9EDE, 0x9EDE, 0x9EDE, 0x9EDE, 0xFB16, 0xFFFF, 0xC150, 0xFB16, 0xFFFF, 0xC150, 0x9EDE,
        0xC150, 0xFB16, 0xFFFF, 0xC150, 0x9EDE, 0x9EDE, 0x9EDE, 0x9EDE, 0x9EDE, 0xFB16, 0xFFFF, 0xC150, 0xFB16, 0xFFFF, 0xC150, 0x9EDE,
        0x9EDE, 0x9EDE, 0xC150, 0xC150, 0x9EDE, 0x9EDE, 0x9EDE, 0x9EDE, 0x9EDE, 0x9EDE, 0xC150, 0xC150, 0x9EDE, 0xC150, 0xC150, 0x9EDE,
        0x9EDE, 0x9EDE, 0x9EDE, 0x9EDE, 0x9EDE, 0x9EDE, 0x9EDE, 0x9EDE, 0x9EDE, 0x9EDE, 0x9EDE, 0x9EDE, 0x9EDE, 0x9EDE, 0x9EDE, 0x9EDE,
        0x9EDE, 0x9EDE, 0x9EDE, 0x9EDE, 0x9EDE, 0x9EDE, 0x9EDE, 0x9EDE, 0x9EDE, 0x9EDE, 0x9EDE, 0x9EDE, 0x9EDE, 0x9EDE, 0x9EDE, 0x9EDE,
    },
    {
        0x9EDE, 0x9EDE, 0x9EDE, 0x9EDE, 0x9EDE, 0x9EDE, 0x9EDE, 0x9EDE, 0x9EDE, 0x9EDE, 0x9EDE, 0x9EDE, 0x9EDE, 0x9EDE, 0x9EDE, 0x9EDE,
        0x9EDE, 0x9EDE, 0x9EDE, 0x9EDE, 0x9EDE, 0x9EDE, 0x9EDE, 0x9EDE, 0x9EDE, 0x9EDE, 0x9EDE, 0x9EDE, 0x9EDE, 0x9EDE, 0x9EDE, 0x9EDE,
        0x9EDE, 0x9EDE, 0x9EDE, 0x9EDE, 0x9EDE, 0x9EDE, 0x9EDE, 0x9EDE, 0x9EDE, 0x9EDE, 0x9EDE, 0x9EDE, 0x9EDE, 0x9EDE, 0x9EDE, 0x9EDE,
        0xFB16, 0xFB16, 0x9EDE, 0x9EDE, 0x9EDE, 0x9EDE, 0x9EDE, 0x9EDE, 0xFB16, 0xFB16, 0x9EDE, 0xFB16, 0xFB16, 0xFB16, 0xFB16, 0xFB16,
        0xFB16, 0xFFFF, 0xC150, 0x9EDE, 0x9EDE, 0x9EDE, 0x9EDE, 0x9EDE, 0xFB16, 0xFFFF, 0xC150, 0xFB16, 0xFFFF, 0xFFFF, 0xFFFF, 0xFFFF,
        0xFB16, 0xFFFF, 0xFB16, 0x9EDE, 0x9EDE, 0x9EDE, 0x9EDE, 0xFB16, 0xFFFF, 0xFFFF, 0xC150, 0xFB16, 0xFFFF, 0xC150, 0xC150, 0xC150,
        0xFB16, 0xFFFF, 0xFFFF, 0xFB16, 0x9EDE, 0x9EDE, 0xFB16, 0xFFFF, 0xFFFF, 0xFFFF, 0xC150, 0xFB16, 0xFFFF, 0xC150, 0x9EDE, 0x9EDE,
        0xFB16, 0xFFFF, 0xC150, 0xFB16, 0xFB16, 0xFB16, 0xFFFF, 0xC150, 0xFB16, 0xFFFF, 0xC150, 0xFB16, 0xFFFF, 0xFB16, 0xFB16, 0xFB16,
        0xFB16, 0xFFFF, 0xC150, 0x9EDE, 0xFB16, 0xFFFF, 0xC150, 0xC150, 0xFB16, 0xFFFF, 0xC150, 0xFB16, 0xFFFF, 0xFFFF, 0xFFFF, 0xFFFF,
        0xFB16, 0xFFFF, 0xC150, 0x9EDE, 0x9EDE, 0xC150, 0xC150, 0x9EDE, 0xFB16, 0xFFFF, 0xC150, 0xFB16, 0xFFFF, 0xC150, 0xC150, 0xC150,
        0xFB16, 0xFFFF, 0xC150, 0x9EDE, 0x9EDE, 0x9EDE, 0x9EDE, 0x9EDE, 0xFB16, 0xFFFF, 0xC150, 0xFB16, 0xFFFF, 0xC150, 0x9EDE, 0x9EDE,
        0xFB16, 0xFFFF, 0xC150, 0x9EDE, 0x9EDE, 0x9EDE, 0x9EDE, 0x9EDE, 0xFB16, 0xFFFF, 0xC150, 0xFB16, 0xFFFF, 0xC150, 0x9EDE, 0x9EDE,
        0xFB16, 0xFFFF, 0xC150, 0x9EDE, 0x9EDE, 0x9EDE, 0x9EDE, 0x9EDE, 0xFB16, 0xFFFF, 0xC150, 0xFB16, 0xFFFF, 0xC150, 0x9EDE, 0x9EDE,
        0x9EDE, 0xC150, 0xC150, 0x9EDE, 0x9EDE, 0x9EDE, 0x9EDE, 0x9EDE, 0x9EDE, 0xC150, 0xC150, 0x9EDE, 0xC150, 0xC150, 0x9EDE, 0x9EDE,
        0x9EDE, 0x9EDE, 0x9EDE, 0x9EDE, 0x9EDE, 0x9EDE, 0x9EDE, 0x9EDE, 0x9EDE, 0x9EDE, 0x9EDE, 0x9EDE, 0x9EDE, 0x9EDE, 0x9EDE, 0x9EDE,
        0x9EDE, 0x9EDE, 0x9EDE, 0x9EDE, 0x9EDE, 0x9EDE, 0x9EDE, 0x9EDE, 0x9EDE, 0x9EDE, 0x9EDE, 0x9EDE, 0x9EDE, 0x9EDE, 0x9EDE, 0x9EDE,
    },
    {
        0x9EDE, 0x9EDE, 0x9EDE, 0x9EDE, 0x9EDE, 0x9EDE, 0x9EDE, 0x9EDE, 0x9EDE, 0x9EDE, 0x9EDE, 0x9EDE, 0x9EDE, 0x9EDE, 0x9EDE, 0x9EDE,
        0x9EDE, 0x9EDE, 0x9EDE, 0x9EDE, 0x9EDE, 0x9EDE, 0x9EDE, 0x9EDE, 0x9EDE, 0x9EDE, 0x9EDE, 0x9EDE, 0x9EDE, 0x9EDE, 0x9EDE, 0x9EDE,
        0x9EDE, 0x9EDE, 0x9EDE, 0x9EDE, 0x9EDE, 0x9EDE, 0x9EDE, 0x9EDE, 0x9EDE, 0x9EDE, 0x9EDE, 0x9EDE, 0x9EDE, 0x9EDE, 0x9EDE, 0x9EDE,
        0xFB16, 0x9EDE, 0x9EDE, 0x9EDE, 0x9EDE, 0x9EDE, 0x9EDE, 0xFB16, 0xFB16, 0x9EDE, 0xFB16, 0xFB16, 0xFB16, 0xFB16, 0xFB16, 0xFB16,
        0xFFFF, 0xC150, 0x9EDE, 0x9EDE, 0x9EDE, 0x9EDE, 0x9EDE, 0xFB16, 0xFFFF, 0xC150, 0xFB16, 0xFFFF, 0xFFFF, 0xFFFF, 0xFFFF, 0xFFFF,
        0xFFFF, 0xFB16, 0x9EDE, 0x9EDE, 0x9EDE, 0x9EDE, 0xFB16, 0xFFFF, 0xFFFF, 0xC150, 0xFB16, 0xFFFF, 0xC150, 0xC150, 0xC150, 0xC150,
        0xFFFF, 0xFFFF, 0xFB16, 0x9EDE, 0x9EDE, 0xFB16, 0xFFFF, 0xFFFF, 0xFFFF, 0xC150, 0xFB16, 0xFFFF, 0xC150, 0x9EDE, 0x9EDE, 0x9EDE,
        0xFFFF, 0xC150, 0xFB16, 0xFB16, 0xFB16, 0xFFFF, 0xC150, 0xFB16, 0xFFFF, 0xC150, 0xFB16, 0xFFFF, 0xFB16, 0xFB16, 0xFB16, 0xFB16,
        0xFFFF, 0xC150, 0x9EDE, 0xFB16, 0xFFFF, 0xC150, 0xC150, 0xFB16, 0xFFFF, 0xC150, 0xFB16, 0xFFFF, 0xFFFF, 0xFFFF, 0xFFFF, 0xFFFF,
        0xFFFF, 0xC150, 0x9EDE, 0x9EDE, 0xC150, 0xC150, 0x9EDE, 0xFB16, 0xFFFF, 0xC150, 0xFB16, 0xFFFF, 0xC150, 0xC150, 0xC150, 0xC150,
        0xFFFF, 0xC150, 0x9EDE, 0x9EDE, 0x9EDE, 0x9EDE, 0x9EDE, 0xFB16, 0xFFFF, 0xC150, 0xFB16, 0xFFFF, 0xC150, 0x9EDE, 0x9EDE, 0x9EDE,
        0xFFFF, 0xC150, 0x9EDE, 0x9EDE, 0x9EDE, 0x9EDE, 0x9EDE, 0xFB16, 0xFFFF, 0xC150, 0xFB16, 0xFFFF, 0xC150, 0x9EDE, 0x9EDE, 0x9EDE,
        0xFFFF, 0xC150, 0x9EDE, 0x9EDE, 0x9EDE, 0x9EDE, 0x9EDE, 0xFB16, 0xFFFF, 0xC150, 0xFB16, 0xFFFF, 0xC150, 0x9EDE, 0x9EDE, 0x9EDE,
        0xC150, 0xC150, 0x9EDE, 0x9EDE, 0x9EDE, 0x9EDE, 0x9EDE, 0x9EDE, 0xC150, 0xC150, 0x9EDE, 0xC150, 0xC150, 0x9EDE, 0x9EDE, 0x9EDE,
        0x9EDE, 0x9EDE, 0x9EDE, 0x9EDE, 0x9EDE, 0x9EDE, 0x9EDE, 0x9EDE, 0x9EDE, 0x9EDE, 0x9EDE, 0x9EDE, 0x9EDE, 0x9EDE, 0x9EDE, 0x9EDE,
        0x9EDE, 0x9EDE, 0x9EDE, 0x9EDE, 0x9EDE, 0x9EDE, 0x9EDE, 0x9EDE, 0x9EDE, 0x9EDE, 0x9EDE, 0x9EDE, 0x9EDE, 0x9EDE, 0x9EDE, 0x9EDE,
    },
    {
        0x9EDE, 0x9EDE, 0x9EDE, 0x9EDE, 0x9EDE, 0x9EDE, 0x9EDE, 0x9EDE, 0x9EDE, 0x9EDE, 0x9EDE, 0x9EDE, 0x9EDE, 0x9EDE, 0x9EDE, 0x9EDE,
        0x9EDE, 0x9EDE, 0x9EDE, 0x9EDE, 0x9EDE, 0x9EDE, 0x9EDE, 0x9EDE, 0x9EDE, 0x9EDE, 0x9EDE, 0x9EDE, 0x9EDE, 0x9EDE, 0x9EDE, 0x9EDE,
        0x9EDE, 0x9EDE, 0x9EDE, 0x9EDE, 0x9EDE, 0x9EDE, 0x9EDE, 0x9EDE, 0x9EDE, 0x9EDE, 0x9EDE, 0x9EDE, 0x9EDE, 0x9EDE, 0x9EDE, 0x9EDE,
        0x9EDE, 0x9EDE, 0x9EDE, 0x9EDE, 0x9EDE, 0x9EDE, 0xFB16, 0xFB16, 0x9EDE, 0xFB16, 0xFB16, 0xFB16, 0xFB16, 0xFB16, 0xFB16, 0xFB16,
        0xC150, 0x9EDE, 0x9EDE, 0x9EDE, 0x9EDE, 0x9EDE, 0xFB16, 0xFFFF, 0xC150, 0xFB16, 0xFFFF, 0xFFFF, 0xFFFF, 0xFFFF, 0xFFFF, 0xFFFF,
        0xFB16, 0x9EDE, 0x9EDE, 0x9EDE, 0x9EDE, 0xFB16, 0xFFFF, 0xFFFF, 0xC150, 0xFB16, 0xFFFF, 0xC150, 0xC150, 0xC150, 0xC150, 0xFB16,
        0xFFFF, 0xFB16, 0x9EDE, 0x9EDE, 0xFB16, 0xFFFF, 0xFFFF, 0xFFFF, 0xC150, 0xFB16, 0xFFFF, 0xC150, 0x9EDE, 0x9EDE, 0x9EDE, 0xFB16,
        0xC150, 0xFB16, 0xFB16, 0xFB16, 0xFFFF, 0xC150, 0xFB16, 0xFFFF, 0xC150, 0xFB16, 0xFFFF, 0xFB16, 0xFB16, 0xFB16, 0xFB16, 0xFFFF,
        0xC150, 0x9EDE, 0xFB16, 0xFFFF, 0xC150, 0xC150, 0xFB16, 0xFFFF, 0xC150, 0xFB16, 0xFFFF, 0xFFFF, 0xFFFF, 0xFFFF, 0xFFFF, 0xFFFF,
        0xC150, 0x9EDE, 0x9EDE, 0xC150, 0xC150, 0x9EDE, 0xFB16, 0xFFFF, 0xC150, 0xFB16, 0xFFFF, 0xC150, 0xC150, 0xC150, 0xC150, 0xFB16,
        0xC150, 0x9EDE, 0x9EDE, 0x9EDE, 0x9EDE, 0x9EDE, 0xFB16, 0xFFFF, 0xC150, 0xFB16, 0xFFFF, 0xC150, 0x9EDE, 0x9EDE, 0x9EDE, 0xFB16,
        0xC150, 0x9EDE, 0x9EDE, 0x9EDE, 0x9EDE, 0x9EDE, 0xFB16, 0xFFFF, 0xC150, 0xFB16, 0xFFFF, 0xC150, 0x9EDE, 0x9EDE, 0x9EDE, 0xFB16,
        0xC150, 0x9EDE, 0x9EDE, 0x9EDE, 0x9EDE, 0x9EDE, 0xFB16, 0xFFFF, 0xC150, 0xFB16, 0xFFFF, 0xC150, 0x9EDE, 0x9EDE, 0x9EDE, 0xFB16,
        0xC150, 0x9EDE, 0x9EDE, 0x9EDE, 0x9EDE, 0x9EDE, 0x9EDE, 0xC150, 0xC150, 0x9EDE, 0xC150, 0xC150, 0x9EDE, 0x9EDE, 0x9EDE, 0x9EDE,
        0x9EDE, 0x9EDE, 0x9EDE, 0x9EDE, 0x9EDE, 0x9EDE, 0x9EDE, 0x9EDE, 0x9EDE, 0x9EDE, 0x9EDE, 0x9EDE, 0x9EDE, 0x9EDE, 0x9EDE, 0x9EDE,
        0x9EDE, 0x9EDE, 0x9EDE, 0x9EDE, 0x9EDE, 0x9EDE, 0x9EDE, 0x9EDE, 0x9EDE, 0x9EDE, 0x9EDE, 0x9EDE, 0x9EDE, 0x9EDE, 0x9EDE, 0x9EDE,
    },
    {
        0x9EDE, 0x9EDE, 0x9EDE, 0x9EDE, 0x9EDE, 0x9EDE, 0x9EDE, 0x9EDE, 0x9EDE, 0x9EDE, 0x9EDE, 0x9EDE, 0x9EDE, 0x9EDE, 0x9EDE, 0x9EDE,
        0x9EDE, 0x9EDE, 0x9EDE, 0x9EDE, 0x9EDE, 0x9EDE, 0x9EDE, 0x9EDE, 0x9EDE, 0x9EDE, 0x9EDE, 0x9EDE, 0x9EDE, 0x9EDE, 0x9EDE, 0x9EDE,
        0x9EDE, 0x9EDE, 0x9EDE, 0x9EDE, 0x9EDE, 0x9EDE, 0x9EDE, 0x9EDE, 0x9EDE, 0x9EDE, 0x9EDE, 0x9EDE, 0x9EDE, 0x9EDE, 0x9EDE, 0x9EDE,
        0x9EDE, 0x9EDE, 0x9EDE, 0x9EDE, 0x9EDE, 0xFB16, 0xFB16, 0x9EDE, 0xFB16, 0xFB16, 0xFB16, 0xFB16, 0xFB16, 0xFB16, 0xFB16, 0xFB16,
        0x9EDE, 0x9EDE, 0x9EDE, 0x9EDE, 0x9EDE, 0xFB16, 0xFFFF, 0xC150, 0xFB16, 0xFFFF, 0xFFFF, 0xFFFF, 0xFFFF, 0xFFFF, 0xFFFF, 0xFFFF,
        0x9EDE, 0x9EDE, 0x9EDE, 0x9EDE, 0xFB16, 0xFFFF, 0xFFFF, 0xC150, 0xFB16, 0xFFFF, 0xC150, 0xC150, 0xC150, 0xC150, 0xFB16, 0xFFFF,
        0xFB16, 0x9EDE, 0x9EDE, 0xFB16, 0xFFFF, 0xFFFF, 0xFFFF, 0xC150, 0xFB16, 0xFFFF, 0xC150, 0x9EDE, 0x9EDE, 0x9EDE, 0xFB16, 0xFFFF,
        0xFB16, 0xFB16, 0xFB16, 0xFFFF, 0xC150, 0xFB16, 0xFFFF, 0xC150, 0xFB16, 0xFFFF, 0xFB16, 0xFB16, 0xFB16, 0xFB16, 0xFFFF, 0xFFFF,
        0x9EDE, 0xFB16, 0xFFFF, 0xC150, 0xC150, 0xFB16, 0xFFFF, 0xC150, 0xFB16, 0xFFFF, 0xFFFF, 0xFFFF, 0xFFFF, 0xFFFF, 0xFFFF, 0xFFFF,
        0x9EDE, 0x9EDE, 0xC150, 0xC150, 0x9EDE, 0xFB16, 0xFFFF, 0xC150, 0xFB16, 0xFFFF, 0xC150, 0xC150, 0xC150, 0xC150, 0xFB16, 0xFFFF,
        0x9EDE, 0x9EDE, 0x9EDE, 0x9EDE, 0x9EDE, 0xFB16, 0xFFFF, 0xC150, 0xFB16, 0xFFFF, 0xC150, 0x9EDE, 0x9EDE, 0x9EDE, 0xFB16, 0xFFFF,
        0x9EDE, 0x9EDE, 0x9EDE, 0x9EDE, 0x9EDE, 0xFB16, 0xFFFF, 0xC150, 0xFB16, 0xFFFF, 0xC150, 0x9EDE, 0x9EDE, 0x9EDE, 0xFB16, 0xFFFF,
        0x9EDE, 0x9EDE, 0x9EDE, 0x9EDE, 0x9EDE, 0xFB16, 0xFFFF, 0xC150, 0xFB16, 0xFFFF, 0xC150, 0x9EDE, 0x9EDE, 0x9EDE, 0xFB16, 0xFFFF,
        0x9EDE, 0x9EDE, 0x9EDE, 0x9EDE, 0x9EDE, 0x9EDE, 0xC150, 0xC150, 0x9EDE, 0xC150, 0xC150, 0x9EDE, 0x9EDE, 0x9EDE, 0x9EDE, 0xC150,
        0x9EDE, 0x9EDE, 0x9EDE, 0x9EDE, 0x9EDE, 0x9EDE, 0x9EDE, 0x9EDE, 0x9EDE, 0x9EDE, 0x9EDE, 0x9EDE, 0x9EDE, 0x9EDE, 0x9EDE, 0x9EDE,
        0x9EDE, 0x9EDE, 0x9EDE, 0x9EDE, 0x9EDE, 0x9EDE, 0x9EDE, 0x9EDE, 0x9EDE, 0x9EDE, 0x9EDE, 0x9EDE, 0x9EDE, 0x9EDE, 0x9EDE, 0x9EDE,
    },
    {
        0x9EDE, 0x9EDE, 0x9EDE, 0x9EDE, 0x9EDE, 0x9EDE, 0x9EDE, 0x9EDE, 0x9EDE, 0x9EDE, 0x9EDE, 0x9EDE, 0x9EDE, 0x9EDE, 0x9EDE, 0x9EDE,
        0x9EDE, 0x9EDE, 0x9EDE, 0x9EDE, 0x9EDE, 0x9EDE, 0x9EDE, 0x9EDE, 0x9EDE, 0x9EDE, 0x9EDE, 0x9EDE, 0x9EDE, 0x9EDE, 0x9EDE, 0x9EDE,
        0x9EDE, 0x9EDE, 0x9EDE, 0x9EDE, 0x9EDE, 0x9EDE, 0x9EDE, 0x9EDE, 0x9EDE, 0x9EDE, 0x9EDE, 0x9EDE, 0x9EDE, 0x9EDE, 0x9EDE, 0x9EDE,
        0x9EDE, 0x9EDE, 0x9EDE, 0x9EDE, 0xFB16, 0xFB16, 0x9EDE, 0xFB16, 0xFB16, 0xFB16, 0xFB16, 0xFB16, 0xFB16, 0xFB16, 0xFB16, 0x9EDE,
        0x9EDE, 0x9EDE, 0x9EDE, 0x9EDE, 0xFB16, 0xFFFF, 0xC150, 0xFB16, 0xFFFF, 0xFFFF, 0xFFFF, 0xFFFF, 0xFFFF, 0xFFFF, 0xFFFF, 0xC150,
        0x9EDE, 0x9EDE, 0x9EDE, 0xFB16, 0xFFFF, 0xFFFF, 0xC150, 0xFB16, 0xFFFF, 0xC150, 0xC150, 0xC150, 0xC150, 0xFB16, 0xFFFF, 0xC150,
        0x9EDE, 0x9EDE, 0xFB16, 0xFFFF, 0xFFFF, 0xFFFF, 0xC150, 0xFB16, 0xFFFF, 0xC150, 0x9EDE, 0x9EDE, 0x9EDE, 0xFB16, 0xFFFF, 0xC150,
        0xFB16, 0xFB16, 0xFFFF, 0xC150, 0xFB16, 0xFFFF, 0xC150, 0xFB16, 0xFFFF, 0xFB16, 0xFB16, 0xFB16, 0xFB16, 0xFFFF, 0xFFFF, 0xC150,
        0xFB16, 0xFFFF, 0xC150, 0xC150, 0xFB16, 0xFFFF, 0xC150, 0xFB16, 0xFFFF, 0xFFFF, 0xFFFF, 0xFFFF, 0xFFFF, 0xFFFF, 0xFFFF, 0xC150,
        0x9EDE, 0xC150, 0xC150, 0x9EDE, 0xFB16, 0xFFFF, 0xC150, 0xFB16, 0xFFFF, 0xC150, 0xC150, 0xC150, 0xC150, 0xFB16, 0xFFFF, 0xC150,
        0x9EDE, 0x9EDE, 0x9EDE, 0x9EDE, 0xFB16, 0xFFFF, 0xC150, 0xFB16, 0xFFFF, 0xC150, 0x9EDE, 0x9EDE, 0x9EDE, 0xFB16, 0xFFFF, 0xC150,
        0x9EDE, 0x9EDE, 0x9EDE, 0x9EDE, 0xFB16, 0xFFFF, 0xC150, 0xFB16, 0xFFFF, 0xC150, 0x9EDE, 0x9EDE, 0x9EDE, 0xFB16, 0xFFFF, 0xC150,
        0x9EDE, 0x9EDE, 0x9EDE, 0x9EDE, 0xFB16, 0xFFFF, 0xC150, 0xFB16, 0xFFFF, 0xC150, 0x9EDE, 0x9EDE, 0x9EDE, 0xFB16, 0xFFFF, 0xC150,
        0x9EDE, 0x9EDE, 0x9EDE, 0x9EDE, 0x9EDE, 0xC150, 0xC150, 0x9EDE, 0xC150, 0xC150, 0x9EDE, 0x9EDE, 0x9EDE, 0x9EDE, 0xC150, 0xC150,
        0x9EDE, 0x9EDE, 0x9EDE, 0x9EDE, 0x9EDE, 0x9EDE, 0x9EDE, 0x9EDE, 0x9EDE, 0x9EDE, 0x9EDE, 0x9EDE, 0x9EDE, 0x9EDE, 0x9EDE, 0x9EDE,
        0x9EDE, 0x9EDE, 0x9EDE, 0x9EDE, 0x9EDE, 0x9EDE, 0x9EDE, 0x9EDE, 0x9EDE, 0x9EDE, 0x9EDE, 0x9EDE, 0x9EDE, 0x9EDE, 0x9EDE, 0x9EDE,
    },
    {
        0x9EDE, 0x9EDE, 0x9EDE, 0x9EDE, 0x9EDE, 0x9EDE, 0x9EDE, 0x9EDE, 0x9EDE, 0x9EDE, 0x9EDE, 0x9EDE, 0x9EDE, 0x9EDE, 0x9EDE, 0x9EDE,
        0x9EDE, 0x9EDE, 0x9EDE, 0x9EDE, 0x9EDE, 0x9EDE, 0x9EDE, 0x9EDE, 0x9EDE, 0x9EDE, 0x9EDE, 0x9EDE, 0x9EDE, 0x9EDE, 0x9EDE, 0x9EDE,
        0x9EDE, 0x9EDE, 0x9EDE, 0x9EDE, 0x9EDE, 0x9EDE, 0x9EDE, 0x9EDE, 0x9EDE, 0x9EDE, 0x9EDE, 0x9EDE, 0x9EDE, 0x9EDE, 0x9EDE, 0x9EDE,
        0x9EDE, 0x9EDE, 0x9EDE, 0xFB16, 0xFB16, 0x9EDE, 0xFB16, 0xFB16, 0xFB16, 0xFB16, 0xFB16, 0xFB16, 0xFB16, 0xFB16, 0x9EDE, 0x9EDE,
        0x9EDE, 0x9EDE, 0x9EDE, 0xFB16, 0xFFFF, 0xC150, 0xFB16, 0xFFFF, 0xFFFF, 0xFFFF, 0xFFFF, 0xFFFF, 0xFFFF, 0xFFFF, 0xC150, 0x9EDE,
        0x9EDE, 0x9EDE, 0xFB16, 0xFFFF, 0xFFFF, 0xC150, 0xFB16, 0xFFFF, 0xC150, 0xC150, 0xC150, 0xC150, 0xFB16, 0xFFFF, 0xC150, 0x9EDE,
        0x9EDE, 0xFB16, 0xFFFF, 0xFFFF, 0xFFFF, 0xC150, 0xFB16, 0xFFFF, 0xC150, 0x9EDE, 0x9EDE, 0x9EDE, 0xFB16, 0xFFFF, 0xC150, 0x9EDE,
        0xFB16, 0xFFFF, 0xC150, 0xFB16, 0xFFFF, 0xC150, 0xFB16, 0xFFFF, 0xFB16, 0xFB16, 0xFB16, 0xFB16, 0xFFFF, 0xFFFF, 0xC150, 0x9EDE,
        0xFFFF, 0xC150, 0xC150, 0xFB16, 0xFFFF, 0xC150, 0xFB16, 0xFFFF, 0xFFFF, 0xFFFF, 0xFFFF, 0xFFFF, 0xFFFF, 0xFFFF, 0xC150, 0x9EDE,
        0xC150, 0xC150, 0x9EDE, 0xFB16, 0xFFFF, 0xC150, 0xFB16, 0xFFFF, 0xC150, 0xC150, 0xC150, 0xC150, 0xFB16, 0xFFFF, 0xC150, 0x9EDE,
        0x9EDE, 0x9EDE, 0x9EDE, 0xFB16, 0xFFFF, 0xC150, 0xFB16, 0xFFFF, 0xC150, 0x9EDE, 0x9EDE, 0x9EDE, 0xFB16, 0xFFFF, 0xC150, 0x9EDE,
        0x9EDE, 0x9EDE, 0x9EDE, 0xFB16, 0xFFFF, 0xC150, 0xFB16, 0xFFFF, 0xC150, 0x9EDE, 0x9EDE, 0x9EDE, 0xFB16, 0xFFFF, 0xC150, 0x9EDE,
        0x9EDE, 0x9EDE, 0x9EDE, 0xFB16, 0xFFFF, 0xC150, 0xFB16, 0xFFFF, 0xC150, 0x9EDE, 0x9EDE, 0x9EDE, 0xFB16, 0xFFFF, 0xC150, 0x9EDE,
        0x9EDE, 0x9EDE, 0x9EDE, 0x9EDE, 0xC150, 0xC150, 0x9EDE, 0xC150, 0xC150, 0x9EDE, 0x9EDE, 0x9EDE, 0x9EDE, 0xC150, 0xC150, 0x9EDE,
        0x9EDE, 0x9EDE, 0x9EDE, 0x9EDE, 0x9EDE, 0x9EDE, 0x9EDE, 0x9EDE, 0x9EDE, 0x9EDE, 0x9EDE, 0x9EDE, 0x9EDE, 0x9EDE, 0x9EDE, 0x9EDE,
        0x9EDE, 0x9EDE, 0x9EDE, 0x9EDE, 0x9EDE, 0x9EDE, 0x9EDE, 0x9EDE, 0x9EDE, 0x9EDE, 0x9EDE, 0x9EDE, 0x9EDE, 0x9EDE, 0x9EDE, 0x9EDE,
    },
    {
        0x9EDE, 0x9EDE, 0x9EDE, 0x9EDE, 0x9EDE, 0x9EDE, 0x9EDE, 0x9EDE, 0x9EDE, 0x9EDE, 0x9EDE, 0x9EDE, 0x9EDE, 0x9EDE, 0x9EDE, 0x9EDE,
        0x9EDE, 0x9EDE, 0x9EDE, 0x9EDE, 0x9EDE, 0x9EDE, 0x9EDE, 0x9EDE, 0x9EDE, 0x9EDE, 0x9EDE, 0x9EDE, 0x9EDE, 0x9EDE, 0x9EDE, 0x9EDE,
        0x9EDE, 0x9EDE, 0x9EDE, 0x9EDE, 0x9EDE, 0x9EDE, 0x9EDE, 0x9EDE, 0x9EDE, 0x9EDE, 0x9EDE, 0x9EDE, 0x9EDE, 0x9EDE, 0x9EDE, 0x9EDE,
        0x9EDE, 0x9EDE, 0xFB16, 0xFB16, 0x9EDE, 0xFB16, 0xFB16, 0xFB16, 0xFB16, 0xFB16, 0xFB16, 0xFB16, 0xFB16, 0x9EDE, 0x9EDE, 0x9EDE,
        0x9EDE, 0x9EDE, 0xFB16, 0xFFFF, 0xC150, 0xFB16, 0xFFFF, 0xFFFF, 0xFFFF, 0xFFFF, 0xFFFF, 0xFFFF, 0xFFFF, 0xC150, 0x9EDE, 0x9EDE,
        0x9EDE, 0xFB16, 0xFFFF, 0xFFFF, 0xC150, 0xFB16, 0xFFFF, 0xC150, 0xC150, 0xC150, 0xC150, 0xFB16, 0xFFFF, 0xC150, 0x9EDE, 0x9EDE,
        0xFB16, 0xFFFF, 0xFFFF, 0xFFFF, 0xC150, 0xFB16, 0xFFFF, 0xC150, 0x9EDE, 0x9EDE, 0x9EDE, 0xFB16, 0xFFFF, 0xC150, 0x9EDE, 0x9EDE,
        0xFFFF, 0xC150, 0xFB16, 0xFFFF, 0xC150, 0xFB16, 0xFFFF, 0xFB16, 0xFB16, 0xFB16, 0xFB16, 0xFFFF, 0xFFFF, 0xC150, 0x9EDE, 0x9EDE,
        0xC150, 0xC150, 0xFB16, 0xFFFF, 0xC150, 0xFB16, 0xFFFF, 0xFFFF, 0xFFFF, 0xFFFF, 0xFFFF, 0xFFFF, 0xFFFF, 0xC150, 0x9EDE, 0x9EDE,
        0xC150, 0x9EDE, 0xFB16, 0xFFFF, 0xC150, 0xFB16, 0xFFFF, 0xC150, 0xC150, 0xC150, 0xC150, 0xFB16, 0xFFFF, 0xC150, 0x9EDE, 0x9EDE,
        0x9EDE, 0x9EDE, 0xFB16, 0xFFFF, 0xC150, 0xFB16, 0xFFFF, 0xC150, 0x9EDE, 0x9EDE, 0x9EDE, 0xFB16, 0xFFFF, 0xC150, 0x9EDE, 0x9EDE,
        0x9EDE, 0x9EDE, 0xFB16, 0xFFFF, 0xC150, 0xFB16, 0xFFFF, 0xC150, 0x9EDE, 0x9EDE, 0x9EDE, 0xFB16, 0xFFFF, 0xC150, 0x9EDE, 0x9EDE,
        0x9EDE, 0x9EDE, 0xFB16, 0xFFFF, 0xC150, 0xFB16, 0xFFFF, 0xC150, 0x9EDE, 0x9EDE, 0x9EDE, 0xFB16, 0xFFFF, 0xC150, 0x9EDE, 0x9EDE,
        0x9EDE, 0x9EDE, 0x9EDE, 0xC150, 0xC150, 0x9EDE, 0xC150, 0xC150, 0x9EDE, 0x9EDE, 0x9EDE, 0x9EDE, 0xC150, 0xC150, 0x9EDE, 0x9EDE,
        0x9EDE, 0x9EDE, 0x9EDE, 0x9EDE, 0x9EDE, 0x9EDE, 0x9EDE, 0x9EDE, 0x9EDE, 0x9EDE, 0x9EDE, 0x9EDE, 0x9EDE, 0x9EDE, 0x9EDE, 0x9EDE,
        0x9EDE, 0x9EDE, 0x9EDE, 0x9EDE, 0x9EDE, 0x9EDE, 0x9EDE, 0x9EDE, 0x9EDE, 0x9EDE, 0x9EDE, 0x9EDE, 0x9EDE, 0x9EDE, 0x9EDE, 0x9EDE,
    },
    {
        0x9EDE, 0x9EDE, 0x9EDE, 0x9EDE, 0x9EDE, 0x9EDE, 0x9EDE, 0x9EDE, 0x9EDE, 0x9EDE, 0x9EDE, 0x9EDE, 0x9EDE, 0x9EDE, 0x9EDE, 0x9EDE,
        0x9EDE, 0x9EDE, 0x9EDE, 0x9EDE, 0x9EDE, 0x9EDE, 0x9EDE, 0x9EDE, 0x9EDE, 0x9EDE, 0x9EDE, 0x9EDE, 0x9EDE, 0x9EDE, 0x9EDE, 0x9EDE,
        0x9EDE, 0x9EDE, 0x9EDE, 0x9EDE, 0x9EDE, 0x9EDE, 0x9EDE, 0x9EDE, 0x9EDE, 0x9EDE, 0x9EDE, 0x9EDE, 0x9EDE, 0x9EDE, 0x9EDE, 0x9EDE,
        0x9EDE, 0xFB16, 0xFB16, 0x9EDE, 0xFB16, 0xFB16, 0xFB16, 0xFB16, 0xFB16, 0xFB16, 0xFB16, 0xFB16, 0x9EDE, 0x9EDE, 0x9EDE, 0x9EDE,
        0x9EDE, 0xFB16, 0xFFFF, 0xC150, 0xFB16, 0xFFFF, 0xFFFF, 0xFFFF, 0xFFFF, 0xFFFF, 0xFFFF, 0xFFFF, 0xC150, 0x9EDE, 0x9EDE, 0x9EDE,
        0xFB16, 0xFFFF, 0xFFFF, 0xC150, 0xFB16, 0xFFFF, 0xC150, 0xC150, 0xC150, 0xC150, 0xFB16, 0xFFFF, 0xC150, 0x9EDE, 0x9EDE, 0x9EDE,
        0xFFFF, 0xFFFF, 0xFFFF, 0xC150, 0xFB16, 0xFFFF, 0xC150, 0x9EDE, 0x9EDE, 0x9EDE, 0xFB16, 0xFFFF, 0xC150, 0x9EDE, 0x9EDE, 0x9EDE,
        0xC150, 0xFB16, 0xFFFF, 0xC150, 0xFB16, 0xFFFF, 0xFB16, 0xFB16, 0xFB16, 0xFB16, 0xFFFF, 0xFFFF, 0xC150, 0x9EDE, 0x9EDE, 0x9EDE,
        0xC150, 0xFB16, 0xFFFF, 0xC150, 0xFB16, 0xFFFF, 0xFFFF, 0xFFFF, 0xFFFF, 0xFFFF, 0xFFFF, 0xFFFF, 0xC150, 0x9EDE, 0x9EDE, 0x9EDE,
        0x9EDE, 0xFB16, 0xFFFF, 0xC150, 0xFB16, 0xFFFF, 0xC150, 0xC150, 0xC150, 0xC150, 0xFB16, 0xFFFF, 0xC150, 0x9EDE, 0x9EDE, 0x9EDE,
        0x9EDE, 0xFB16, 0xFFFF, 0xC150, 0xFB16, 0xFFFF, 0xC150, 0x9EDE, 0x9EDE, 0x9EDE, 0xFB16, 0xFFFF, 0xC150, 0x9EDE, 0x9EDE, 0x9EDE,
        0x9EDE, 0xFB16, 0xFFFF, 0xC150, 0xFB16, 0xFFFF, 0xC150, 0x9EDE, 0x9EDE, 0x9EDE, 0xFB16, 0xFFFF, 0xC150, 0x9EDE, 0x9EDE, 0x9EDE,
        0x9EDE, 0xFB16, 0xFFFF, 0xC150, 0xFB16, 0xFFFF, 0xC150, 0x9EDE, 0x9EDE, 0x9EDE, 0xFB16, 0xFFFF, 0xC150, 0x9EDE, 0x9EDE, 0x9EDE,
        0x9EDE, 0x9EDE, 0xC150, 0xC150, 0x9EDE, 0xC150, 0xC150, 0x9EDE, 0x9EDE, 0x9EDE, 0x9EDE, 0xC150, 0xC150, 0x9EDE, 0x9EDE, 0x9EDE,
        0x9EDE, 0x9EDE, 0x9EDE, 0x9EDE, 0x9EDE, 0x9EDE, 0x9EDE, 0x9EDE, 0x9EDE, 0x9EDE, 0x9EDE, 0x9EDE, 0x9EDE, 0x9EDE, 0x9EDE, 0x9EDE,
        0x9EDE, 0x9EDE, 0x9EDE, 0x9EDE, 0x9EDE, 0x9EDE, 0x9EDE, 0x9EDE, 0x9EDE, 0x9EDE, 0x9EDE, 0x9EDE, 0x9EDE, 0x9EDE, 0x9EDE, 0x9EDE,
    },
    {
        0x9EDE, 0x9EDE, 0x9EDE, 0x9EDE, 0x9EDE, 0x9EDE, 0x9EDE, 0x9EDE, 0x9EDE, 0x9EDE, 0x9EDE, 0x9EDE, 0x9EDE, 0x9EDE, 0x9EDE, 0x9EDE,
        0x9EDE, 0x9EDE, 0x9EDE, 0x9EDE, 0x9EDE, 0x9EDE, 0x9EDE, 0x9EDE, 0x9EDE, 0x9EDE, 0x9EDE, 0x9EDE, 0x9EDE, 0x9EDE, 0x9EDE, 0x9EDE,
        0x9EDE, 0x9EDE, 0x9EDE, 0x9EDE, 0x9EDE, 0x9EDE, 0x9EDE, 0x9EDE, 0x9EDE, 0x9EDE, 0x9EDE, 0x9EDE, 0x9EDE, 0x9EDE, 0x9EDE, 0x9EDE,
        0xFB16, 0xFB16, 0x9EDE, 0xFB16, 0xFB16, 0xFB16, 0xFB16, 0xFB16, 0xFB16, 0xFB16, 0xFB16, 0x9EDE, 0x9EDE, 0x9EDE, 0x9EDE, 0x9EDE,
        0xFB16, 0xFFFF, 0xC150, 0xFB16, 0xFFFF, 0xFFFF, 0xFFFF, 0xFFFF, 0xFFFF, 0xFFFF, 0xFFFF, 0xC150, 0x9EDE, 0x9EDE, 0x9EDE, 0x9EDE,
        0xFFFF, 0xFFFF, 0xC150, 0xFB16, 0xFFFF, 0xC150, 0xC150, 0xC150, 0xC150, 0xFB16, 0xFFFF, 0xC150, 0x9EDE, 0x9EDE, 0x9EDE, 0x9EDE,
        0xFFFF, 0xFFFF, 0xC150, 0xFB16, 0xFFFF, 0xC150, 0x9EDE, 0x9EDE, 0x9EDE, 0xFB16, 0xFFFF, 0xC150, 0x9EDE, 0x9EDE, 0x9EDE, 0x9EDE,
        0xFB16, 0xFFFF, 0xC150, 0xFB16, 0xFFFF, 0xFB16, 0xFB16, 0xFB16, 0xFB16, 0xFFFF, 0xFFFF, 0xC150, 0x9EDE, 0x9EDE, 0x9EDE, 0x9EDE,
        0xFB16, 0xFFFF, 0xC150, 0xFB16, 0xFFFF, 0xFFFF, 0xFFFF, 0xFFFF, 0xFFFF, 0xFFFF, 0xFFFF, 0xC150, 0x9EDE, 0x9EDE, 0x9EDE, 0x9EDE,
        0xFB16, 0xFFFF, 0xC150, 0xFB16, 0xFFFF, 0xC150, 0xC150, 0xC150, 0xC150, 0xFB16, 0xFFFF, 0xC150, 0x9EDE, 0x9EDE, 0x9EDE, 0x9EDE,
        0xFB16, 0xFFFF, 0xC150, 0xFB16, 0xFFFF, 0xC150, 0x9EDE, 0x9EDE, 0x9EDE, 0xFB16, 0xFFFF, 0xC150, 0x9EDE, 0x9EDE, 0x9EDE, 0x9EDE,
        0xFB16, 0xFFFF, 0xC150, 0xFB16, 0xFFFF, 0xC150, 0x9EDE, 0x9EDE, 0x9EDE, 0xFB16, 0xFFFF, 0xC150, 0x9EDE, 0x9EDE, 0x9EDE, 0x9EDE,
        0xFB16, 0xFFFF, 0xC150, 0xFB16, 0xFFFF, 0xC150, 0x9EDE, 0x9EDE, 0x9EDE, 0xFB16, 0xFFFF, 0xC150, 0x9EDE, 0x9EDE, 0x9EDE, 0x9EDE,
        0x9EDE, 0xC150, 0xC150, 0x9EDE, 0xC150, 0xC150, 0x9EDE, 0x9EDE, 0x9EDE, 0x9EDE, 0xC150, 0xC150, 0x9EDE, 0x9EDE, 0x9EDE, 0x9EDE,
        0x9EDE, 0x9EDE, 0x9EDE, 0x9EDE, 0x9EDE, 0x9EDE, 0x9EDE, 0x9EDE, 0x9EDE, 0x9EDE, 0x9EDE, 0x9EDE, 0x9EDE, 0x9EDE, 0x9EDE, 0x9EDE,
        0x9EDE, 0x9EDE, 0x9EDE, 0x9EDE, 0x9EDE, 0x9EDE, 0x9EDE, 0x9EDE, 0x9EDE, 0x9EDE, 0x9EDE, 0x9EDE, 0x9EDE, 0x9EDE, 0x9EDE, 0x9EDE,
    },
    {
        0x9EDE, 0x9EDE, 0x9EDE, 0x9EDE, 0x9EDE, 0x9EDE, 0x9EDE, 0x9EDE, 0x9EDE, 0x9EDE, 0x9EDE, 0x9EDE, 0x9EDE, 0x9EDE, 0x9EDE, 0x9EDE,
        0x9EDE, 0x9EDE, 0x9EDE, 0x9EDE, 0x9EDE, 0x9EDE, 0x9EDE, 0x9EDE, 0x9EDE, 0x9EDE, 0x9EDE, 0x9EDE, 0x9EDE, 0x9EDE, 0x9EDE, 0x9EDE,
        0x9EDE, 0x9EDE, 0x9EDE, 0x9EDE, 0x9EDE, 0x9EDE, 0x9EDE, 0x9EDE, 0x9EDE, 0x9EDE, 0x9EDE, 0x9EDE, 0x9EDE, 0x9EDE, 0x9EDE, 0x9EDE,
        0xFB16, 0x9EDE, 0xFB16, 0xFB16, 0xFB16, 0xFB16, 0xFB16, 0xFB16, 0xFB16, 0xFB16, 0x9EDE, 0x9EDE, 0x9EDE, 0x9EDE, 0x9EDE, 0x9EDE,
        0xFFFF, 0xC150, 0xFB16, 0xFFFF, 0xFFFF, 0xFFFF, 0xFFFF, 0xFFFF, 0xFFFF, 0xFFFF, 0xC150, 0x9EDE, 0x9EDE, 0x9EDE, 0x9EDE, 0x9EDE,
        0xFFFF, 0xC150, 0xFB16, 0xFFFF, 0xC150, 0xC150, 0xC150, 0xC150, 0xFB16, 0xFFFF, 0xC150, 0x9EDE, 0x9EDE, 0x9EDE, 0x9EDE, 0x9EDE,
        0xFFFF, 0xC150, 0xFB16, 0xFFFF, 0xC150, 0x9EDE, 0x9EDE, 0x9EDE, 0xFB16, 0xFFFF, 0xC150, 0x9EDE, 0x9EDE, 0x9EDE, 0x9EDE, 0x9EDE,
        0xFFFF, 0xC150, 0xFB16, 0xFFFF, 0xFB16, 0xFB16, 0xFB16, 0xFB16, 0xFFFF, 0xFFFF, 0xC150, 0x9EDE, 0x9EDE, 0x9EDE, 0x9EDE, 0x9EDE,
        0xFFFF, 0xC150, 0xFB16, 0xFFFF, 0xFFFF, 0xFFFF, 0xFFFF, 0xFFFF, 0xFFFF, 0xFFFF, 0xC150, 0x9EDE, 0x9EDE, 0x9EDE, 0x9EDE, 0x9EDE,
        0xFFFF, 0xC150, 0xFB16, 0xFFFF, 0xC150, 0xC150, 0xC150, 0xC150, 0xFB16, 0xFFFF, 0xC150, 0x9EDE, 0x9EDE, 0x9EDE, 0x9EDE, 0x9EDE,
        0xFFFF, 0xC150, 0xFB16, 0xFFFF, 0xC150, 0x9EDE, 0x9EDE, 0x9EDE, 0xFB16, 0xFFFF, 0xC150, 0x9EDE, 0x9EDE, 0x9EDE, 0x9EDE, 0x9EDE,
        0xFFFF, 0xC150, 0xFB16, 0xFFFF, 0xC150, 0x9EDE, 0x9EDE, 0x9EDE, 0xFB16, 0xFFFF, 0xC150, 0x9EDE, 0x9EDE, 0x9EDE, 0x9EDE, 0x9EDE,
        0xFFFF, 0xC150, 0xFB16, 0xFFFF, 0xC150, 0x9EDE, 0x9EDE, 0x9EDE, 0xFB16, 0xFFFF, 0xC150, 0x9EDE, 0x9EDE, 0x9EDE, 0x9EDE, 0x9EDE,
        0xC150, 0xC150, 0x9EDE, 0xC150, 0xC150, 0x9EDE, 0x9EDE, 0x9EDE, 0x9EDE, 0xC150, 0xC150, 0x9EDE, 0x9EDE, 0x9EDE, 0x9EDE, 0x9EDE,
        0x9EDE, 0x9EDE, 0x9EDE, 0x9EDE, 0x9EDE, 0x9EDE, 0x9EDE, 0x9EDE, 0x9EDE, 0x9EDE, 0x9EDE, 0x9EDE, 0x9EDE, 0x9EDE, 0x9EDE, 0x9EDE,
        0x9EDE, 0x9EDE, 0x9EDE, 0x9EDE, 0x9EDE, 0x9EDE, 0x9EDE, 0x9EDE, 0x9EDE, 0x9EDE, 0x9EDE, 0x9EDE, 0x9EDE, 0x9EDE, 0x9EDE, 0x9EDE,
    },
    {
        0x9EDE, 0x9EDE, 0x9EDE, 0x9EDE, 0x9EDE, 0x9EDE, 0x9EDE, 0x9EDE, 0x9EDE, 0x9EDE, 0x9EDE, 0x9EDE, 0x9EDE, 0x9EDE, 0x9EDE, 0x9EDE,
        0x9EDE, 0x9EDE, 0x9EDE, 0x9EDE, 0x9EDE, 0x9EDE, 0x9EDE, 0x9EDE, 0x9EDE, 0x9EDE, 0x9EDE, 0x9EDE, 0x9EDE, 0x9EDE, 0x9EDE, 0x9EDE,
        0x9EDE, 0x9EDE, 0x9EDE, 0x9EDE, 0x9EDE, 0x9EDE, 0x9EDE, 0x9EDE, 0x9EDE, 0x9EDE, 0x9EDE, 0x9EDE, 0x9EDE, 0x9EDE, 0x9EDE, 0x9EDE,
        0x9EDE, 0xFB16, 0xFB16, 0xFB16, 0xFB16, 0xFB16, 0xFB16, 0xFB16, 0xFB16, 0x9EDE, 0x9EDE, 0x9EDE, 0x9EDE, 0x9EDE, 0x9EDE, 0x9EDE,
        0xC150, 0xFB16, 0xFFFF, 0xFFFF, 0xFFFF, 0xFFFF, 0xFFFF, 0xFFFF, 0xFFFF, 0xC150, 0x9EDE, 0x9EDE, 0x9EDE, 0x9EDE, 0x9EDE, 0x9EDE,
        0xC150, 0xFB16, 0xFFFF, 0xC150, 0xC150, 0xC150, 0xC150, 0xFB16, 0xFFFF, 0xC150, 0x9EDE, 0x9EDE, 0x9EDE, 0x9EDE, 0x9EDE, 0x9EDE,
        0xC150, 0xFB16, 0xFFFF, 0xC150, 0x9EDE, 0x9EDE, 0x9EDE, 0xFB16, 0xFFFF, 0xC150, 0x9EDE, 0x9EDE, 0x9EDE, 0x9EDE, 0x9EDE, 0x9EDE,
        0xC150, 0xFB16, 0xFFFF, 0xFB16, 0xFB16, 0xFB16, 0xFB16, 0xFFFF, 0xFFFF, 0xC150, 0x9EDE, 0x9EDE, 0x9EDE, 0x9EDE, 0x9EDE, 0x9EDE,
        0xC150, 0xFB16, 0xFFFF, 0xFFFF, 0xFFFF, 0xFFFF, 0xFFFF, 0xFFFF, 0xFFFF, 0xC150, 0x9EDE, 0x9EDE, 0x9EDE, 0x9EDE, 0x9EDE, 0x9EDE,
        0xC150, 0xFB16, 0xFFFF, 0xC150, 0xC150, 0xC150, 0xC150, 0xFB16, 0xFFFF, 0xC150, 0x9EDE, 0x9EDE, 0x9EDE, 0x9EDE, 0x9EDE, 0x9EDE,
        0xC150, 0xFB16, 0xFFFF, 0xC150, 0x9EDE, 0x9EDE, 0x9EDE, 0xFB16, 0xFFFF, 0xC150, 0x9EDE, 0x9EDE, 0x9EDE, 0x9EDE, 0x9EDE, 0x9EDE,
        0xC150, 0xFB16, 0xFFFF, 0xC150, 0x9EDE, 0x9EDE, 0x9EDE, 0xFB16, 0xFFFF, 0xC150, 0x9EDE, 0x9EDE, 0x9EDE, 0x9EDE, 0x9EDE, 0x9EDE,
        0xC150, 0xFB16, 0xFFFF, 0xC150, 0x9EDE, 0x9EDE, 0x9EDE, 0xFB16, 0xFFFF, 0xC150, 0x9EDE, 0x9EDE, 0x9EDE, 0x9EDE, 0x9EDE, 0x9EDE,
        0xC150, 0x9EDE, 0xC150, 0xC150, 0x9EDE, 0x9EDE, 0x9EDE, 0x9EDE, 0xC150, 0xC150, 0x9EDE, 0x9EDE, 0x9EDE, 0x9EDE, 0x9EDE, 0x9EDE,
        0x9EDE, 0x9EDE, 0x9EDE, 0x9EDE, 0x9EDE, 0x9EDE, 0x9EDE, 0x9EDE, 0x9EDE, 0x9EDE, 0x9EDE, 0x9EDE, 0x9EDE, 0x9EDE, 0x9EDE, 0x9EDE,
        0x9EDE, 0x9EDE, 0x9EDE, 0x9EDE, 0x9EDE, 0x9EDE, 0x9EDE, 0x9EDE, 0x9EDE, 0x9EDE, 0x9EDE, 0x9EDE, 0x9EDE, 0x9EDE, 0x9EDE, 0x9EDE,
    },
    {
        0x9EDE, 0x9EDE, 0x9EDE, 0x9EDE, 0x9EDE, 0x9EDE, 0x9EDE, 0x9EDE, 0x9EDE, 0x9EDE, 0x9EDE, 0x9EDE, 0x9EDE, 0x9EDE, 0x9EDE, 0x9EDE,
        0x9EDE, 0x9EDE, 0x9EDE, 0x9EDE, 0x9EDE, 0x9EDE, 0x9EDE, 0x9EDE, 0x9EDE, 0x9EDE, 0x9EDE, 0x9EDE, 0x9EDE, 0x9EDE, 0x9EDE, 0x9EDE,
        0x9EDE, 0x9EDE, 0x9EDE, 0x9EDE, 0x9EDE, 0x9EDE, 0x9EDE, 0x9EDE, 0x9EDE, 0x9EDE, 0x9EDE, 0x9EDE, 0x9EDE, 0x9EDE, 0x9EDE, 0x9EDE,
        0xFB16, 0xFB16, 0xFB16, 0xFB16, 0xFB16, 0xFB16, 0xFB16, 0xFB16, 0x9EDE, 0x9EDE, 0x9EDE, 0x9EDE, 0x9EDE, 0x9EDE, 0x9EDE, 0x9EDE,
        0xFB16, 0xFFFF, 0xFFFF, 0xFFFF, 0xFFFF, 0xFFFF, 0xFFFF, 0xFFFF, 0xC150, 0x9EDE, 0x9EDE, 0x9EDE, 0x9EDE, 0x9EDE, 0x9EDE, 0x9EDE,
        0xFB16, 0xFFFF, 0xC150, 0xC150, 0xC150, 0xC150, 0xFB16, 0xFFFF, 0xC150, 0x9EDE, 0x9EDE, 0x9EDE, 0x9EDE, 0x9EDE, 0x9EDE, 0x9EDE,
        0xFB16, 0xFFFF, 0xC150, 0x9EDE, 0x9EDE, 0x9EDE, 0xFB16, 0xFFFF, 0xC150, 0x9EDE, 0x9EDE, 0x9EDE, 0x9EDE, 0x9EDE, 0x9EDE, 0x9EDE,
        0xFB16, 0xFFFF, 0xFB16, 0xFB16, 0xFB16, 0xFB16, 0xFFFF, 0xFFFF, 0xC150, 0x9EDE, 0x9EDE, 0x9EDE, 0x9EDE, 0x9EDE, 0x9EDE, 0x9EDE,
        0xFB16, 0xFFFF, 0xFFFF, 0xFFFF, 0xFFFF, 0xFFFF, 0xFFFF, 0xFFFF, 0xC150, 0x9EDE, 0x9EDE, 0x9EDE, 0x9EDE, 0x9EDE, 0x9EDE, 0x9EDE,
        0xFB16, 0xFFFF, 0xC150, 0xC150, 0xC150, 0xC150, 0xFB16, 0xFFFF, 0xC150, 0x9EDE, 0x9EDE, 0x9EDE, 0x9EDE, 0x9EDE, 0x9EDE, 0x9EDE,
        0xFB16, 0xFFFF, 0xC150, 0x9EDE, 0x9EDE, 0x9EDE, 0xFB16, 0xFFFF, 0xC150, 0x9EDE, 0x9EDE, 0x9EDE, 0x9EDE, 0x9EDE, 0x9EDE, 0x9EDE,
        0xFB16, 0xFFFF, 0xC150, 0x9EDE, 0x9EDE, 0x9EDE, 0xFB16, 0xFFFF, 0xC150, 0x9EDE, 0x9EDE, 0x9EDE, 0x9EDE, 0x9EDE, 0x9EDE, 0x9EDE,
        0xFB16, 0xFFFF, 0xC150, 0x9EDE, 0x9EDE, 0x9EDE, 0xFB16, 0xFFFF, 0xC150, 0x9EDE, 0x9EDE, 0x9EDE, 0x9EDE, 0x9EDE, 0x9EDE, 0x9EDE,
        0x9EDE, 0xC150, 0xC150, 0x9EDE, 0x9EDE, 0x9EDE, 0x9EDE, 0xC150, 0xC150, 0x9EDE, 0x9EDE, 0x9EDE, 0x9EDE, 0x9EDE, 0x9EDE, 0x9EDE,
        0x9EDE, 0x9EDE, 0x9EDE, 0x9EDE, 0x9EDE, 0x9EDE, 0x9EDE, 0x9EDE, 0x9EDE, 0x9EDE, 0x9EDE, 0x9EDE, 0x9EDE, 0x9EDE, 0x9EDE, 0x9EDE,
        0x9EDE, 0x9EDE, 0x9EDE, 0x9EDE, 0x9EDE, 0x9EDE, 0x9EDE, 0x9EDE, 0x9EDE, 0x9EDE, 0x9EDE, 0x9EDE, 0x9EDE, 0x9EDE, 0x9EDE, 0x9EDE,
    },
    {
        0x9EDE, 0x9EDE, 0x9EDE, 0x9EDE, 0x9EDE, 0x9EDE, 0x9EDE, 0x9EDE, 0x9EDE, 0x9EDE, 0x9EDE, 0x9EDE, 0x9EDE, 0x9EDE, 0x9EDE, 0x9EDE,
        0x9EDE, 0x9EDE, 0x9EDE, 0x9EDE, 0x9EDE, 0x9EDE, 0x9EDE, 0x9EDE, 0x9EDE, 0x9EDE, 0x9EDE, 0x9EDE, 0x9EDE, 0x9EDE, 0x9EDE, 0x9EDE,
        0x9EDE, 0x9EDE, 0x9EDE, 0x9EDE, 0x9EDE, 0x9EDE, 0x9EDE, 0x9EDE, 0x9EDE, 0x9EDE, 0x9EDE, 0x9EDE, 0x9EDE, 0x9EDE, 0x9EDE, 0x9EDE,
        0xFB16, 0xFB16, 0xFB16, 0xFB16, 0xFB16, 0xFB16, 0xFB16, 0x9EDE, 0x9EDE, 0x9EDE, 0x9EDE, 0x9EDE, 0x9EDE, 0x9EDE, 0x9EDE, 0x9EDE,
        0xFFFF, 0xFFFF, 0xFFFF, 0xFFFF, 0xFFFF, 0xFFFF, 0xFFFF, 0xC150, 0x9EDE, 0x9EDE, 0x9EDE, 0x9EDE, 0x9EDE, 0x9EDE, 0x9EDE, 0x9EDE,
        0xFFFF, 0xC150, 0xC150, 0xC150, 0xC150, 0xFB16, 0xFFFF, 0xC150, 0x9EDE, 0x9EDE, 0x9EDE, 0x9EDE, 0x9EDE, 0x9EDE, 0x9EDE, 0x9EDE,
        0xFFFF, 0xC150, 0x9EDE, 0x9EDE, 0x9EDE, 0xFB16, 0xFFFF, 0xC150, 0x9EDE, 0x9EDE, 0x9EDE, 0x9EDE, 0x9EDE, 0x9EDE, 0x9EDE, 0x9EDE,
        0xFFFF, 0xFB16, 0xFB16, 0xFB16, 0xFB16, 0xFFFF, 0xFFFF, 0xC150, 0x9EDE, 0x9EDE, 0x9EDE, 0x9EDE, 0x9EDE, 0x9EDE, 0x9EDE, 0x9EDE,
        0xFFFF, 0xFFFF, 0xFFFF, 0xFFFF, 0xFFFF, 0xFFFF, 0xFFFF, 0xC150, 0x9EDE, 0x9EDE, 0x9EDE, 0x9EDE, 0x9EDE, 0x9EDE, 0x9EDE, 0x9EDE,
        0xFFFF, 0xC150, 0xC150, 0xC150, 0xC150, 0xFB16, 0xFFFF, 0xC150, 0x9EDE, 0x9EDE, 0x9EDE, 0x9EDE, 0x9EDE, 0x9EDE, 0x9EDE, 0x9EDE,
        0xFFFF, 0xC150, 0x9EDE, 0x9EDE, 0x9EDE, 0xFB16, 0xFFFF, 0xC150, 0x9EDE, 0x9EDE, 0x9EDE, 0x9EDE, 0x9EDE, 0x9EDE, 0x9EDE, 0x9EDE,
        0xFFFF, 0xC150, 0x9EDE, 0x9EDE, 0x9EDE, 0xFB16, 0xFFFF, 0xC150, 0x9EDE, 0x9EDE, 0x9EDE, 0x9EDE, 0x9EDE, 0x9EDE, 0x9EDE, 0x9EDE,
        0xFFFF, 0xC150, 0x9EDE, 0x9EDE, 0x9EDE, 0xFB16, 0xFFFF, 0xC150, 0x9EDE, 0x9EDE, 0x9EDE, 0x9EDE, 0x9EDE, 0x9EDE, 0x9EDE, 0x9EDE,
        0xC150, 0xC150, 0x9EDE, 0x9EDE, 0x9EDE, 0x9EDE, 0xC150, 0xC150, 0x9EDE, 0x9EDE, 0x9EDE, 0x9EDE, 0x9EDE, 0x9EDE, 0x9EDE, 0x9EDE,
        0x9EDE, 0x9EDE, 0x9EDE, 0x9EDE, 0x9EDE, 0x9EDE, 0x9EDE, 0x9EDE, 0x9EDE, 0x9EDE, 0x9EDE, 0x9EDE, 0x9EDE, 0x9EDE, 0x9EDE, 0x9EDE,
        0x9EDE, 0x9EDE, 0x9EDE, 0x9EDE, 0x9EDE, 0x9EDE, 0x9EDE, 0x9EDE, 0x9EDE, 0x9EDE, 0x9EDE, 0x9EDE, 0x9EDE, 0x9EDE, 0x9EDE, 0x9EDE,
    },
    {
        0x9EDE, 0x9EDE, 0x9EDE, 0x9EDE, 0x9EDE, 0x9EDE, 0x9EDE, 0x9EDE, 0x9EDE, 0x9EDE, 0x9EDE, 0x9EDE, 0x9EDE, 0x9EDE, 0x9EDE, 0x9EDE,
        0x9EDE, 0x9EDE, 0x9EDE, 0x9EDE, 0x9EDE, 0x9EDE, 0x9EDE, 0x9EDE, 0x9EDE, 0x9EDE, 0x9EDE, 0x9EDE, 0x9EDE, 0x9EDE, 0x9EDE, 0x9EDE,
        0x9EDE, 0x9EDE, 0x9EDE, 0x9EDE, 0x9EDE, 0x9EDE, 0x9EDE, 0x9EDE, 0x9EDE, 0x9EDE, 0x9EDE, 0x9EDE, 0x9EDE, 0x9EDE, 0x9EDE, 0x9EDE,
        0xFB16, 0xFB16, 0xFB16, 0xFB16, 0xFB16, 0xFB16, 0x9EDE, 0x9EDE, 0x9EDE, 0x9EDE, 0x9EDE, 0x9EDE, 0x9EDE, 0x9EDE, 0x9EDE, 0x9EDE,
        0xFFFF, 0xFFFF, 0xFFFF, 0xFFFF, 0xFFFF, 0xFFFF, 0xC150, 0x9EDE, 0x9EDE, 0x9EDE, 0x9EDE, 0x9EDE, 0x9EDE, 0x9EDE, 0x9EDE, 0x9EDE,
        0xC150, 0xC150, 0xC150, 0xC150, 0xFB16, 0xFFFF, 0xC150, 0x9EDE, 0x9EDE, 0x9EDE, 0x9EDE, 0x9EDE, 0x9EDE, 0x9EDE, 0x9EDE, 0x9EDE,
        0xC150, 0x9EDE, 0x9EDE, 0x9EDE, 0xFB16, 0xFFFF, 0xC150, 0x9EDE, 0x9EDE, 0x9EDE, 0x9EDE, 0x9EDE, 0x9EDE, 0x9EDE, 0x9EDE, 0x9EDE,
        0xFB16, 0xFB16, 0xFB16, 0xFB16, 0xFFFF, 0xFFFF, 0xC150, 0x9EDE, 0x9EDE, 0x9EDE, 0x9EDE, 0x9EDE, 0x9EDE, 0x9EDE, 0x9EDE, 0x9EDE,
        0xFFFF, 0xFFFF, 0xFFFF, 0xFFFF, 0xFFFF, 0xFFFF, 0xC150, 0x9EDE, 0x9EDE, 0x9EDE, 0x9EDE, 0x9EDE, 0x9EDE, 0x9EDE, 0x9EDE, 0x9EDE,
        0xC150, 0xC150, 0xC150, 0xC150, 0xFB16, 0xFFFF, 0xC150, 0x9EDE, 0x9EDE, 0x9EDE, 0x9EDE, 0x9EDE, 0x9EDE, 0x9EDE, 0x9EDE, 0x9EDE,
        0xC150, 0x9EDE, 0x9EDE, 0x9EDE, 0xFB16, 0xFFFF, 0xC150, 0x9EDE, 0x9EDE, 0x9EDE, 0x9EDE, 0x9EDE, 0x9EDE, 0x9EDE, 0x9EDE, 0x9EDE,
        0xC150, 0x9EDE, 0x9EDE, 0x9EDE, 0xFB16, 0xFFFF, 0xC150, 0x9EDE, 0x9EDE, 0x9EDE, 0x9EDE, 0x9EDE, 0x9EDE, 0x9EDE, 0x9EDE, 0x9EDE,
        0xC150, 0x9EDE, 0x9EDE, 0x9EDE, 0xFB16, 0xFFFF, 0xC150, 0x9EDE, 0x9EDE, 0x9EDE, 0x9EDE, 0x9EDE, 0x9EDE, 0x9EDE, 0x9EDE, 0x9EDE,
        0xC150, 0x9EDE, 0x9EDE, 0x9EDE, 0x9EDE, 0xC150, 0xC150, 0x9EDE, 0x9EDE, 0x9EDE, 0x9EDE, 0x9EDE, 0x9EDE, 0x9EDE, 0x9EDE, 0x9EDE,
        0x9EDE, 0x9EDE, 0x9EDE, 0x9EDE, 0x9EDE, 0x9EDE, 0x9EDE, 0x9EDE, 0x9EDE, 0x9EDE, 0x9EDE, 0x9EDE, 0x9EDE, 0x9EDE, 0x9EDE, 0x9EDE,
        0x9EDE, 0x9EDE, 0x9EDE, 0x9EDE, 0x9EDE, 0x9EDE, 0x9EDE, 0x9EDE, 0x9EDE, 0x9EDE, 0x9EDE, 0x9EDE, 0x9EDE, 0x9EDE, 0x9EDE, 0x9EDE,
    },
    {
        0x9EDE, 0x9EDE, 0x9EDE, 0x9EDE, 0x9EDE, 0x9EDE, 0x9EDE, 0x9EDE, 0x9EDE, 0x9EDE, 0x9EDE, 0x9EDE, 0x9EDE, 0x9EDE, 0x9EDE, 0x9EDE,
        0x9EDE, 0x9EDE, 0x9EDE, 0x9EDE, 0x9EDE, 0x9EDE, 0x9EDE, 0x9EDE, 0x9EDE, 0x9EDE, 0x9EDE, 0x9EDE, 0x9EDE, 0x9EDE, 0x9EDE, 0x9EDE,
        0x9EDE, 0x9EDE, 0x9EDE, 0x9EDE, 0x9EDE, 0x9EDE, 0x9EDE, 0x9EDE, 0x9EDE, 0x9EDE, 0x9EDE, 0x9EDE, 0x9EDE, 0x9EDE, 0x9EDE, 0x9EDE,
        0xFB16, 0xFB16, 0xFB16, 0xFB16, 0xFB16, 0x9EDE, 0x9EDE, 0x9EDE, 0x9EDE, 0x9EDE, 0x9EDE, 0x9EDE, 0x9EDE, 0x9EDE, 0x9EDE, 0x9EDE,
        0xFFFF, 0xFFFF, 0xFFFF, 0xFFFF, 0xFFFF, 0xC150, 0x9EDE, 0x9EDE, 0x9EDE, 0x9EDE, 0x9EDE, 0x9EDE, 0x9EDE, 0x9EDE, 0x9EDE, 0x9EDE,
        0xC150, 0xC150, 0xC150, 0xFB16, 0xFFFF, 0xC150, 0x9EDE, 0x9EDE, 0x9EDE, 0x9EDE, 0x9EDE, 0x9EDE, 0x9EDE, 0x9EDE, 0x9EDE, 0x9EDE,
        0x9EDE, 0x9EDE, 0x9EDE, 0xFB16, 0xFFFF, 0xC150, 0x9EDE, 0x9EDE, 0x9EDE, 0x9EDE, 0x9EDE, 0x9EDE, 0x9EDE, 0x9EDE, 0x9EDE, 0x9EDE,
        0xFB16, 0xFB16, 0xFB16, 0xFFFF, 0xFFFF, 0xC150, 0x9EDE, 0x9EDE, 0x9EDE, 0x9EDE, 0x9EDE, 0x9EDE, 0x9EDE, 0x9EDE, 0x9EDE, 0x9EDE,
        0xFFFF, 0xFFFF, 0xFFFF, 0xFFFF, 0xFFFF, 0xC150, 0x9EDE, 0x9EDE, 0x9EDE, 0x9EDE, 0x9EDE, 0x9EDE, 0x9EDE, 0x9EDE, 0x9EDE, 0x9EDE,
        0xC150, 0xC150, 0xC150, 0xFB16, 0xFFFF, 0xC150, 0x9EDE, 0x9EDE, 0x9EDE, 0x9EDE, 0x9EDE, 0x9EDE, 0x9EDE, 0x9EDE, 0x9EDE, 0x9EDE,
        0x9EDE, 0x9EDE, 0x9EDE, 0xFB16, 0xFFFF, 0xC150, 0x9EDE, 0x9EDE, 0x9EDE, 0x9EDE, 0x9EDE, 0x9EDE, 0x9EDE, 0x9EDE, 0x9EDE, 0x9EDE,
        0x9EDE, 0x9EDE, 0x9EDE, 0xFB16, 0xFFFF, 0xC150, 0x9EDE, 0x9EDE, 0x9EDE, 0x9EDE, 0x9EDE, 0x9EDE, 0x9EDE, 0x9EDE, 0x9EDE, 0x9EDE,
        0x9EDE, 0x9EDE, 0x9EDE, 0xFB16, 0xFFFF, 0xC150, 0x9EDE, 0x9EDE, 0x9EDE, 0x9EDE, 0x9EDE, 0x9EDE, 0x9EDE, 0x9EDE, 0x9EDE, 0x9EDE,
        0x9EDE, 0x9EDE, 0x9EDE, 0x9EDE, 0xC150, 0xC150, 0x9EDE, 0x9EDE, 0x9EDE, 0x9EDE, 0x9EDE, 0x9EDE, 0x9EDE, 0x9EDE, 0x9EDE, 0x9EDE,
        0x9EDE, 0x9EDE, 0x9EDE, 0x9EDE, 0x9EDE, 0x9EDE, 0x9EDE, 0x9EDE, 0x9EDE, 0x9EDE, 0x9EDE, 0x9EDE, 0x9EDE, 0x9EDE, 0x9EDE, 0x9EDE,
        0x9EDE, 0x9EDE, 0x9EDE, 0x9EDE, 0x9EDE, 0x9EDE, 0x9EDE, 0x9EDE, 0x9EDE, 0x9EDE, 0x9EDE, 0x9EDE, 0x9EDE, 0x9EDE, 0x9EDE, 0x9EDE,
    },
    {
        0x9EDE, 0x9EDE, 0x9EDE, 0x9EDE, 0x9EDE, 0x9EDE, 0x9EDE, 0x9EDE, 0x9EDE, 0x9EDE, 0x9EDE, 0x9EDE, 0x9EDE, 0x9EDE, 0x9EDE, 0x9EDE,
        0x9EDE, 0x9EDE, 0x9EDE, 0x9EDE, 0x9EDE, 0x9EDE, 0x9EDE, 0x9EDE, 0x9EDE, 0x9EDE, 0x9EDE, 0x9EDE, 0x9EDE, 0x9EDE, 0x9EDE, 0x9EDE,
        0x9EDE, 0x9EDE, 0x9EDE, 0x9EDE, 0x9EDE, 0x9EDE, 0x9EDE, 0x9EDE, 0x9EDE, 0x9EDE, 0x9EDE, 0x9EDE, 0x9EDE, 0x9EDE, 0x9EDE, 0x9EDE,
        0xFB16, 0xFB16, 0xFB16, 0xFB16, 0x9EDE, 0x9EDE, 0x9EDE, 0x9EDE, 0x9EDE, 0x9EDE, 0x9EDE, 0x9EDE, 0x9EDE, 0x9EDE, 0x9EDE, 0x9EDE,
        0xFFFF, 0xFFFF, 0xFFFF, 0xFFFF, 0xC150, 0x9EDE, 0x9EDE, 0x9EDE, 0x9EDE, 0x9EDE, 0x9EDE, 0x9EDE, 0x9EDE, 0x9EDE, 0x9EDE, 0x9EDE,
        0xC150, 0xC150, 0xFB16, 0xFFFF, 0xC150, 0x9EDE, 0x9EDE, 0x9EDE, 0x9EDE, 0x9EDE, 0x9EDE, 0x9EDE, 0x9EDE, 0x9EDE, 0x9EDE, 0x9EDE,
        0x9EDE, 0x9EDE, 0xFB16, 0xFFFF, 0xC150, 0x9EDE, 0x9EDE, 0x9EDE, 0x9EDE, 0x9EDE, 0x9EDE, 0x9EDE, 0x9EDE, 0x9EDE, 0x9EDE, 0x9EDE,
        0xFB16, 0xFB16, 0xFFFF, 0xFFFF, 0xC150, 0x9EDE, 0x9EDE, 0x9EDE, 0x9EDE, 0x9EDE, 0x9EDE, 0x9EDE, 0x9EDE, 0x9EDE, 0x9EDE, 0x9EDE,
        0xFFFF, 0xFFFF, 0xFFFF, 0xFFFF, 0xC150, 0x9EDE, 0x9EDE, 0x9EDE, 0x9EDE, 0x9EDE, 0x9EDE, 0x9EDE, 0x9EDE, 0x9EDE, 0x9EDE, 0x9EDE,
        0xC150, 0xC150, 0xFB16, 0xFFFF, 0xC150, 0x9EDE, 0x9EDE, 0x9EDE, 0x9EDE, 0x9EDE, 0x9EDE, 0x9EDE, 0x9EDE, 0x9EDE, 0x9EDE, 0x9EDE,
        0x9EDE, 0x9EDE, 0xFB16, 0xFFFF, 0xC150, 0x9EDE, 0x9EDE, 0x9EDE, 0x9EDE, 0x9EDE, 0x9EDE, 0x9EDE, 0x9EDE, 0x9EDE, 0x9EDE, 0x9EDE,
        0x9EDE, 0x9EDE, 0xFB16, 0xFFFF, 0xC150, 0x9EDE, 0x9EDE, 0x9EDE, 0x9EDE, 0x9EDE, 0x9EDE, 0x9EDE, 0x9EDE, 0x9EDE, 0x9EDE, 0x9EDE,
        0x9EDE, 0x9EDE, 0xFB16, 0xFFFF, 0xC150, 0x9EDE, 0x9EDE, 0x9EDE, 0x9EDE, 0x9EDE, 0x9EDE, 0x9EDE, 0x9EDE, 0x9EDE, 0x9EDE, 0x9EDE,
        0x9EDE, 0x9EDE, 0x9EDE, 0xC150, 0xC150, 0x9EDE, 0x9EDE, 0x9EDE, 0x9EDE, 0x9EDE, 0x9EDE, 0x9EDE, 0x9EDE, 0x9EDE, 0x9EDE, 0x9EDE,
        0x9EDE, 0x9EDE, 0x9EDE, 0x9EDE, 0x9EDE, 0x9EDE, 0x9EDE, 0x9EDE, 0x9EDE, 0x9EDE, 0x9EDE, 0x9EDE, 0x9EDE, 0x9EDE, 0x9EDE, 0x9EDE,
        0x9EDE, 0x9EDE, 0x9EDE, 0x9EDE, 0x9EDE, 0x9EDE, 0x9EDE, 0x9EDE, 0x9EDE, 0x9EDE, 0x9EDE, 0x9EDE, 0x9EDE, 0x9EDE, 0x9EDE, 0x9EDE,
    },
    {
        0x9EDE, 0x9EDE, 0x9EDE, 0x9EDE, 0x9EDE, 0x9EDE, 0x9EDE, 0x9EDE, 0x9EDE, 0x9EDE, 0x9EDE, 0x9EDE, 0x9EDE, 0x9EDE, 0x9EDE, 0x9EDE,
        0x9EDE, 0x9EDE, 0x9EDE, 0x9EDE, 0x9EDE, 0x9EDE, 0x9EDE, 0x9EDE, 0x9EDE, 0x9EDE, 0x9EDE, 0x9EDE, 0x9EDE, 0x9EDE, 0x9EDE, 0x9EDE,
        0x9EDE, 0x9EDE, 0x9EDE, 0x9EDE, 0x9EDE, 0x9EDE, 0x9EDE, 0x9EDE, 0x9EDE, 0x9EDE, 0x9EDE, 0x9EDE, 0x9EDE, 0x9EDE, 0x9EDE, 0x9EDE,
        0xFB16, 0xFB16, 0xFB16, 0x9EDE, 0x9EDE, 0x9EDE, 0x9EDE, 0x9EDE, 0x9EDE, 0x9EDE, 0x9EDE, 0x9EDE, 0x9EDE, 0x9EDE, 0x9EDE, 0x9EDE,
        0xFFFF, 0xFFFF, 0xFFFF, 0xC150, 0x9EDE, 0x9EDE, 0x9EDE, 0x9EDE, 0x9EDE, 0x9EDE, 0x9EDE, 0x9EDE, 0x9EDE, 0x9EDE, 0x9EDE, 0x9EDE,
        0xC150, 0xFB16, 0xFFFF, 0xC150, 0x9EDE, 0x9EDE, 0x9EDE, 0x9EDE, 0x9EDE, 0x9EDE, 0x9EDE, 0x9EDE, 0x9EDE, 0x9EDE, 0x9EDE, 0x9EDE,
        0x9EDE, 0xFB16, 0xFFFF, 0xC150, 0x9EDE, 0x9EDE, 0x9EDE, 0x9EDE, 0x9EDE, 0x9EDE, 0x9EDE, 0x9EDE, 0x9EDE, 0x9EDE, 0x9EDE, 0x9EDE,
        0xFB16, 0xFFFF, 0xFFFF, 0xC150, 0x9EDE, 0x9EDE, 0x9EDE, 0x9EDE, 0x9EDE, 0x9EDE, 0x9EDE, 0x9EDE, 0x9EDE, 0x9EDE, 0x9EDE, 0x9EDE,
        0xFFFF, 0xFFFF, 0xFFFF, 0xC150, 0x9EDE, 0x9EDE, 0x9EDE, 0x9EDE, 0x9EDE, 0x9EDE, 0x9EDE, 0x9EDE, 0x9EDE, 0x9EDE, 0x9EDE, 0x9EDE,
        0xC150, 0xFB16, 0xFFFF, 0xC150, 0x9EDE, 0x9EDE, 0x9EDE, 0x9EDE, 0x9EDE, 0x9EDE, 0x9EDE, 0x9EDE, 0x9EDE, 0x9EDE, 0x9EDE, 0x9EDE,
        0x9EDE, 0xFB16, 0xFFFF, 0xC150, 0x9EDE, 0x9EDE, 0x9EDE, 0x9EDE, 0x9EDE, 0x9EDE, 0x9EDE, 0x9EDE, 0x9EDE, 0x9EDE, 0x9EDE, 0x9EDE,
        0x9EDE, 0xFB16, 0xFFFF, 0xC150, 0x9EDE, 0x9EDE, 0x9EDE, 0x9EDE, 0x9EDE, 0x9EDE, 0x9EDE, 0x9EDE, 0x9EDE, 0x9EDE, 0x9EDE, 0x9EDE,
        0x9EDE, 0xFB16, 0xFFFF, 0xC150, 0x9EDE, 0x9EDE, 0x9EDE, 0x9EDE, 0x9EDE, 0x9EDE, 0x9EDE, 0x9EDE, 0x9EDE, 0x9EDE, 0x9EDE, 0x9EDE,
        0x9EDE, 0x9EDE, 0xC150, 0xC150, 0x9EDE, 0x9EDE, 0x9EDE, 0x9EDE, 0x9EDE, 0x9EDE, 0x9EDE, 0x9EDE, 0x9EDE, 0x9EDE, 0x9EDE, 0x9EDE,
        0x9EDE, 0x9EDE, 0x9EDE, 0x9EDE, 0x9EDE, 0x9EDE, 0x9EDE, 0x9EDE, 0x9EDE, 0x9EDE, 0x9EDE, 0x9EDE, 0x9EDE, 0x9EDE, 0x9EDE, 0x9EDE,
        0x9EDE, 0x9EDE, 0x9EDE, 0x9EDE, 0x9EDE, 0x9EDE, 0x9EDE, 0x9EDE, 0x9EDE, 0x9EDE, 0x9EDE, 0x9EDE, 0x9EDE, 0x9EDE, 0x9EDE, 0x9EDE,
    },
    {
        0x9EDE, 0x9EDE, 0x9EDE, 0x9EDE, 0x9EDE, 0x9EDE, 0x9EDE, 0x9EDE, 0x9EDE, 0x9EDE, 0x9EDE, 0x9EDE, 0x9EDE, 0x9EDE, 0x9EDE, 0x9EDE,
        0x9EDE, 0x9EDE, 0x9EDE, 0x9EDE, 0x9EDE, 0x9EDE, 0x9EDE, 0x9EDE, 0x9EDE, 0x9EDE, 0x9EDE, 0x9EDE, 0x9EDE, 0x9EDE, 0x9EDE, 0x9EDE,
        0x9EDE, 0x9EDE, 0x9EDE, 0x9EDE, 0x9EDE, 0x9EDE, 0x9EDE, 0x9EDE, 0x9EDE, 0x9EDE, 0x9EDE, 0x9EDE, 0x9EDE, 0x9EDE, 0x9EDE, 0x9EDE,
        0xFB16, 0xFB16, 0x9EDE, 0x9EDE, 0x9EDE, 0x9EDE, 0x9EDE, 0x9EDE, 0x9EDE, 0x9EDE, 0x9EDE, 0x9EDE, 0x9EDE, 0x9EDE, 0x9EDE, 0x9EDE,
        0xFFFF, 0xFFFF, 0xC150, 0x9EDE, 0x9EDE, 0x9EDE, 0x9EDE, 0x9EDE, 0x9EDE, 0x9EDE, 0x9EDE, 0x9EDE, 0x9EDE, 0x9EDE, 0x9EDE, 0x9EDE,
        0xFB16, 0xFFFF, 0xC150, 0x9EDE, 0x9EDE, 0x9EDE, 0x9EDE, 0x9EDE, 0x9EDE, 0x9EDE, 0x9EDE, 0x9EDE, 0x9EDE, 0x9EDE, 0x9EDE, 0x9EDE,
        0xFB16, 0xFFFF, 0xC150, 0x9EDE, 0x9EDE, 0x9EDE, 0x9EDE, 0x9EDE, 0x9EDE, 0x9EDE, 0x9EDE, 0x9EDE, 0x9EDE, 0x9EDE, 0x9EDE, 0x9EDE,
        0xFFFF, 0xFFFF, 0xC150, 0x9EDE, 0x9EDE, 0x9EDE, 0x9EDE, 0x9EDE, 0x9EDE, 0x9EDE, 0x9EDE, 0x9EDE, 0x9EDE, 0x9EDE, 0x9EDE, 0x9EDE,
        0xFFFF, 0xFFFF, 0xC150, 0x9EDE, 0x9EDE, 0x9EDE, 0x9EDE, 0x9EDE, 0x9EDE, 0x9EDE, 0x9EDE, 0x9EDE, 0x9EDE, 0x9EDE, 0x9EDE, 0x9EDE,
        0xFB16, 0xFFFF, 0xC150, 0x9EDE, 0x9EDE, 0x9EDE, 0x9EDE, 0x9EDE, 0x9EDE, 0x9EDE, 0x9EDE, 0x9EDE, 0x9EDE, 0x9EDE, 0x9EDE, 0x9EDE,
        0xFB16, 0xFFFF, 0xC150, 0x9EDE, 0x9EDE, 0x9EDE, 0x9EDE, 0x9EDE, 0x9EDE, 0x9EDE, 0x9EDE, 0x9EDE, 0x9EDE, 0x9EDE, 0x9EDE, 0x9EDE,
        0xFB16, 0xFFFF, 0xC150, 0x9EDE, 0x9EDE, 0x9EDE, 0x9EDE, 0x9EDE, 0x9EDE, 0x9EDE, 0x9EDE, 0x9EDE, 0x9EDE, 0x9EDE, 0x9EDE, 0x9EDE,
        0xFB16, 0xFFFF, 0xC150, 0x9EDE, 0x9EDE, 0x9EDE, 0x9EDE, 0x9EDE, 0x9EDE, 0x9EDE, 0x9EDE, 0x9EDE, 0x9EDE, 0x9EDE, 0x9EDE, 0x9EDE,
        0x9EDE, 0xC150, 0xC150, 0x9EDE, 0x9EDE, 0x9EDE, 0x9EDE, 0x9EDE, 0x9EDE, 0x9EDE, 0x9EDE, 0x9EDE, 0x9EDE, 0x9EDE, 0x9EDE, 0x9EDE,
        0x9EDE, 0x9EDE, 0x9EDE, 0x9EDE, 0x9EDE, 0x9EDE, 0x9EDE, 0x9EDE, 0x9EDE, 0x9EDE, 0x9EDE, 0x9EDE, 0x9EDE, 0x9EDE, 0x9EDE, 0x9EDE,
        0x9EDE, 0x9EDE, 0x9EDE, 0x9EDE, 0x9EDE, 0x9EDE, 0x9EDE, 0x9EDE, 0x9EDE, 0x9EDE, 0x9EDE, 0x9EDE, 0x9EDE, 0x9EDE, 0x9EDE, 0x9EDE,
    },
    {
        0x9EDE, 0x9EDE, 0x9EDE, 0x9EDE, 0x9EDE, 0x9EDE, 0x9EDE, 0x9EDE, 0x9EDE, 0x9EDE, 0x9EDE, 0x9EDE, 0x9EDE, 0x9EDE, 0x9EDE, 0x9EDE,
        0x9EDE, 0x9EDE, 0x9EDE, 0x9EDE, 0x9EDE, 0x9EDE, 0x9EDE, 0x9EDE, 0x9EDE, 0x9EDE, 0x9EDE, 0x9EDE, 0x9EDE, 0x9EDE, 0x9EDE, 0x9EDE,
        0x9EDE, 0x9EDE, 0x9EDE, 0x9EDE, 0x9EDE, 0x9EDE, 0x9EDE, 0x9EDE, 0x9EDE, 0x9EDE, 0x9EDE, 0x9EDE, 0x9EDE, 0x9EDE, 0x9EDE, 0x9EDE,
        0xFB16, 0x9EDE, 0x9EDE, 0x9EDE, 0x9EDE, 0x9EDE, 0x9EDE, 0x9EDE, 0x9EDE, 0x9EDE, 0x9EDE, 0x9EDE, 0x9EDE, 0x9EDE, 0x9EDE, 0x9EDE,
        0xFFFF, 0xC150, 0x9EDE, 0x9EDE, 0x9EDE, 0x9EDE, 0x9EDE, 0x9EDE, 0x9EDE, 0x9EDE, 0x9EDE, 0x9EDE, 0x9EDE, 0x9EDE, 0x9EDE, 0x9EDE,
        0xFFFF, 0xC150, 0x9EDE, 0x9EDE, 0x9EDE, 0x9EDE, 0x9EDE, 0x9EDE, 0x9EDE, 0x9EDE, 0x9EDE, 0x9EDE, 0x9EDE, 0x9EDE, 0x9EDE, 0x9EDE,
        0xFFFF, 0xC150, 0x9EDE, 0x9EDE, 0x9EDE, 0x9EDE, 0x9EDE, 0x9EDE, 0x9EDE, 0x9EDE, 0x9EDE, 0x9EDE, 0x9EDE, 0x9EDE, 0x9EDE, 0x9EDE,
        0xFFFF, 0xC150, 0x9EDE, 0x9EDE, 0x9EDE, 0x9EDE, 0x9EDE, 0x9EDE, 0x9EDE, 0x9EDE, 0x9EDE, 0x9EDE, 0x9EDE, 0x9EDE, 0x9EDE, 0x9EDE,
        0xFFFF, 0xC150, 0x9EDE, 0x9EDE, 0x9EDE, 0x9EDE, 0x9EDE, 0x9EDE, 0x9EDE, 0x9EDE, 0x9EDE, 0x9EDE, 0x9EDE, 0x9EDE, 0x9EDE, 0x9EDE,
        0xFFFF, 0xC150, 0x9EDE, 0x9EDE, 0x9EDE, 0x9EDE, 0x9EDE, 0x9EDE, 0x9EDE, 0x9EDE, 0x9EDE, 0x9EDE, 0x9EDE, 0x9EDE, 0x9EDE, 0x9EDE,
        0xFFFF, 0xC150, 0x9EDE, 0x9EDE, 0x9EDE, 0x9EDE, 0x9EDE, 0x9EDE, 0x9EDE, 0x9EDE, 0x9EDE, 0x9EDE, 0x9EDE, 0x9EDE, 0x9EDE, 0x9EDE,
        0xFFFF, 0xC150, 0x9EDE, 0x9EDE, 0x9EDE, 0x9EDE, 0x9EDE, 0x9EDE, 0x9EDE, 0x9EDE, 0x9EDE, 0x9EDE, 0x9EDE, 0x9EDE, 0x9EDE, 0x9EDE,
        0xFFFF, 0xC150, 0x9EDE, 0x9EDE, 0x9EDE, 0x9EDE, 0x9EDE, 0x9EDE, 0x9EDE, 0x9EDE, 0x9EDE, 0x9EDE, 0x9EDE, 0x9EDE, 0x9EDE, 0x9EDE,
        0xC150, 0xC150, 0x9EDE, 0x9EDE, 0x9EDE, 0x9EDE, 0x9EDE, 0x9EDE, 0x9EDE, 0x9EDE, 0x9EDE, 0x9EDE, 0x9EDE, 0x9EDE, 0x9EDE, 0x9EDE,
        0x9EDE, 0x9EDE, 0x9EDE, 0x9EDE, 0x9EDE, 0x9EDE, 0x9EDE, 0x9EDE, 0x9EDE, 0x9EDE, 0x9EDE, 0x9EDE, 0x9EDE, 0x9EDE, 0x9EDE, 0x9EDE,
        0x9EDE, 0x9EDE, 0x9EDE, 0x9EDE, 0x9EDE, 0x9EDE, 0x9EDE, 0x9EDE, 0x9EDE, 0x9EDE, 0x9EDE, 0x9EDE, 0x9EDE, 0x9EDE, 0x9EDE, 0x9EDE,
    },
    {
        0x9EDE, 0x9EDE, 0x9EDE, 0x9EDE, 0x9EDE, 0x9EDE, 0x9EDE, 0x9EDE, 0x9EDE, 0x9EDE, 0x9EDE, 0x9EDE, 0x9EDE, 0x9EDE, 0x9EDE, 0x9EDE,
        0x9EDE, 0x9EDE, 0x9EDE, 0x9EDE, 0x9EDE, 0x9EDE, 0x9EDE, 0x9EDE, 0x9EDE, 0x9EDE, 0x9EDE, 0x9EDE, 0x9EDE, 0x9EDE, 0x9EDE, 0x9EDE,
        0x9EDE, 0x9EDE, 0x9EDE, 0x9EDE, 0x9EDE, 0x9EDE, 0x9EDE, 0x9EDE, 0x9EDE, 0x9EDE, 0x9EDE, 0x9EDE, 0x9EDE, 0x9EDE, 0x9EDE, 0x9EDE,
        0x9EDE, 0x9EDE, 0x9EDE, 0x9EDE, 0x9EDE, 0x9EDE, 0x9EDE, 0x9EDE, 0x9EDE, 0x9EDE, 0x9EDE, 0x9EDE, 0x9EDE, 0x9EDE, 0x9EDE, 0x9EDE,
        0xC150, 0x9EDE, 0x9EDE, 0x9EDE, 0x9EDE, 0x9EDE, 0x9EDE, 0x9EDE, 0x9EDE, 0x9EDE, 0x9EDE, 0x9EDE, 0x9EDE, 0x9EDE, 0x9EDE, 0x9EDE,
        0xC150, 0x9EDE, 0x9EDE, 0x9EDE, 0x9EDE, 0x9EDE, 0x9EDE, 0x9EDE, 0x9EDE, 0x9EDE, 0x9EDE, 0x9EDE, 0x9EDE, 0x9EDE, 0x9EDE, 0x9EDE,
        0xC150, 0x9EDE, 0x9EDE, 0x9EDE, 0x9EDE, 0x9EDE, 0x9EDE, 0x9EDE, 0x9EDE, 0x9EDE, 0x9EDE, 0x9EDE, 0x9EDE, 0x9EDE, 0x9EDE, 0x9EDE,
        0xC150, 0x9EDE, 0x9EDE, 0x9EDE, 0x9EDE, 0x9EDE, 0x9EDE, 0x9EDE, 0x9EDE, 0x9EDE, 0x9EDE, 0x9EDE, 0x9EDE, 0x9EDE, 0x9EDE, 0x9EDE,
        0xC150, 0x9EDE, 0x9EDE, 0x9EDE, 0x9EDE, 0x9EDE, 0x9EDE, 0x9EDE, 0x9EDE, 0x9EDE, 0x9EDE, 0x9EDE, 0x9EDE, 0x9EDE, 0x9EDE, 0x9EDE,
        0xC150, 0x9EDE, 0x9EDE, 0x9EDE, 0x9EDE, 0x9EDE, 0x9EDE, 0x9EDE, 0x9EDE, 0x9EDE, 0x9EDE, 0x9EDE, 0x9EDE, 0x9EDE, 0x9EDE, 0x9EDE,
        0xC150, 0x9EDE, 0x9EDE, 0x9EDE, 0x9EDE, 0x9EDE, 0x9EDE, 0x9EDE, 0x9EDE, 0x9EDE, 0x9EDE, 0x9EDE, 0x9EDE, 0x9EDE, 0x9EDE, 0x9EDE,
        0xC150, 0x9EDE, 0x9EDE, 0x9EDE, 0x9EDE, 0x9EDE, 0x9EDE, 0x9EDE, 0x9EDE, 0x9EDE, 0x9EDE, 0x9EDE, 0x9EDE, 0x9EDE, 0x9EDE, 0x9EDE,
        0xC150, 0x9EDE, 0x9EDE, 0x9EDE, 0x9EDE, 0x9EDE, 0x9EDE, 0x9EDE, 0x9EDE, 0x9EDE, 0x9EDE, 0x9EDE, 0x9EDE, 0x9EDE, 0x9EDE, 0x9EDE,
        0xC150, 0x9EDE, 0x9EDE, 0x9EDE, 0x9EDE, 0x9EDE, 0x9EDE, 0x9EDE, 0x9EDE, 0x9EDE, 0x9EDE, 0x9EDE, 0x9EDE, 0x9EDE, 0x9EDE, 0x9EDE,
        0x9EDE, 0x9EDE, 0x9EDE, 0x9EDE, 0x9EDE, 0x9EDE, 0x9EDE, 0x9EDE, 0x9EDE, 0x9EDE, 0x9EDE, 0x9EDE, 0x9EDE, 0x9EDE, 0x9EDE, 0x9EDE,
        0x9EDE, 0x9EDE, 0x9EDE, 0x9EDE, 0x9EDE, 0x9EDE, 0x9EDE, 0x9EDE, 0x9EDE, 0x9EDE, 0x9EDE, 0x9EDE, 0x9EDE, 0x9EDE, 0x9EDE, 0x9EDE,
    },
    {
        0x9EDE, 0x9EDE, 0x9EDE, 0x9EDE, 0x9EDE, 0x9EDE, 0x9EDE, 0x9EDE, 0x9EDE, 0x9EDE, 0x9EDE, 0x9EDE, 0x9EDE, 0x9EDE, 0x9EDE, 0x9EDE,
        0x9EDE, 0x9EDE, 0x9EDE, 0x9EDE, 0x9EDE, 0x9EDE, 0x9EDE, 0x9EDE, 0x9EDE, 0x9EDE, 0x9EDE, 0x9EDE, 0x9EDE, 0x9EDE, 0x9EDE, 0x9EDE,
        0x9EDE, 0x9EDE, 0x9EDE, 0x9EDE, 0x9EDE, 0x9EDE, 0x9EDE, 0x9EDE, 0x9EDE, 0x9EDE, 0x9EDE, 0x9EDE, 0x9EDE, 0x9EDE, 0x9EDE, 0x9EDE,
        0x9EDE, 0x9EDE, 0x9EDE, 0x9EDE, 0x9EDE, 0x9EDE, 0x9EDE, 0x9EDE, 0x9EDE, 0x9EDE, 0x9EDE, 0x9EDE, 0x9EDE, 0x9EDE, 0x9EDE, 0x9EDE,
        0x9EDE, 0x9EDE, 0x9EDE, 0x9EDE, 0x9EDE, 0x9EDE, 0x9EDE, 0x9EDE, 0x9EDE, 0x9EDE, 0x9EDE, 0x9EDE, 0x9EDE, 0x9EDE, 0x9EDE, 0x9EDE,
        0x9EDE, 0x9EDE, 0x9EDE, 0x9EDE, 0x9EDE, 0x9EDE, 0x9EDE, 0x9EDE, 0x9EDE, 0x9EDE, 0x9EDE, 0x9EDE, 0x9EDE, 0x9EDE, 0x9EDE, 0x9EDE,
        0x9EDE, 0x9EDE, 0x9EDE, 0x9EDE, 0x9EDE, 0x9EDE, 0x9EDE, 0x9EDE, 0x9EDE, 0x9EDE, 0x9EDE, 0x9EDE, 0x9EDE, 0x9EDE, 0x9EDE, 0x9EDE,
        0x9EDE, 0x9EDE, 0x9EDE, 0x9EDE, 0x9EDE, 0x9EDE, 0x9EDE, 0x9EDE, 0x9EDE, 0x9EDE, 0x9EDE, 0x9EDE, 0x9EDE, 0x9EDE, 0x9EDE, 0x9EDE,
        0x9EDE, 0x9EDE, 0x9EDE, 0x9EDE, 0x9EDE, 0x9EDE, 0x9EDE, 0x9EDE, 0x9EDE, 0x9EDE, 0x9EDE, 0x9EDE, 0x9EDE, 0x9EDE, 0x9EDE, 0x9EDE,
        0x9EDE, 0x9EDE, 0x9EDE, 0x9EDE, 0x9EDE, 0x9EDE, 0x9EDE, 0x9EDE, 0x9EDE, 0x9EDE, 0x9EDE, 0x9EDE, 0x9EDE, 0x9EDE, 0x9EDE, 0x9EDE,
        0x9EDE, 0x9EDE, 0x9EDE, 0x9EDE, 0x9EDE, 0x9EDE, 0x9EDE, 0x9EDE, 0x9EDE, 0x9EDE, 0x9EDE, 0x9EDE, 0x9EDE, 0x9EDE, 0x9EDE, 0x9EDE,
        0x9EDE, 0x9EDE, 0x9EDE, 0x9EDE, 0x9EDE, 0x9EDE, 0x9EDE, 0x9EDE, 0x9EDE, 0x9EDE, 0x9EDE, 0x9EDE, 0x9EDE, 0x9EDE, 0x9EDE, 0x9EDE,
        0x9EDE, 0x9EDE, 0x9EDE, 0x9EDE, 0x9EDE, 0x9EDE, 0x9EDE, 0x9EDE, 0x9EDE, 0x9EDE, 0x9EDE, 0x9EDE, 0x9EDE, 0x9EDE, 0x9EDE, 0x9EDE,
        0x9EDE, 0x9EDE, 0x9EDE, 0x9EDE, 0x9EDE, 0x9EDE, 0x9EDE, 0x9EDE, 0x9EDE, 0x9EDE, 0x9EDE, 0x9EDE, 0x9EDE, 0x9EDE, 0x9EDE, 0x9EDE,
        0x9EDE, 0x9EDE, 0x9EDE, 0x9EDE, 0x9EDE, 0x9EDE, 0x9EDE, 0x9EDE, 0x9EDE, 0x9EDE, 0x9EDE, 0x9EDE, 0x9EDE, 0x9EDE, 0x9EDE, 0x9EDE,
        0x9EDE, 0x9EDE, 0x9EDE, 0x9EDE, 0x9EDE, 0x9EDE, 0x9EDE, 0x9EDE, 0x9EDE, 0x9EDE, 0x9EDE, 0x9EDE, 0x9EDE, 0x9EDE, 0x9EDE, 0x9EDE,
    },
    {
        0x9EDE, 0x9EDE, 0x9EDE, 0x9EDE, 0x9EDE, 0x9EDE, 0x9EDE, 0x9EDE, 0x9EDE, 0x9EDE, 0x9EDE, 0x9EDE, 0x9EDE, 0x9EDE, 0x9EDE, 0x965D,
        0x9EDE, 0x9EDE, 0x9EDE, 0x9EDE, 0x9EDE, 0x9EDE, 0x9EDE, 0x9EDE, 0x9EDE, 0x9EDE, 0x9EDE, 0x9EDE, 0x9EDE, 0x9EDE, 0x9EDE, 0x965D,
        0x9EDE, 0x9EDE, 0x9EDE, 0x9EDE, 0x9EDE, 0x9EDE, 0x9EDE, 0x9EDE, 0x9EDE, 0x9EDE, 0x9EDE, 0x9EDE, 0x9EDE, 0x9EDE, 0x9EDE, 0x9E5D,
        0x9EDE, 0x9EDE, 0x9EDE, 0x9EDE, 0x9EDE, 0x9EDE, 0x9EDE, 0x9EDE, 0x9EDE, 0x9EDE, 0x9EDE, 0x9EDE, 0x9EDE, 0x9EDE, 0x9EDE, 0x9E5D,
        0x9EDE, 0x9EDE, 0x9EDE, 0x9EDE, 0x9EDE, 0x9EDE, 0x9EDE, 0x9EDE, 0x9EDE, 0x9EDE, 0x9EDE, 0x9EDE, 0x9EDE, 0x9EDE, 0x9EDE, 0xA65D,
        0x9EDE, 0x9EDE, 0x9EDE, 0x9EDE, 0x9EDE, 0x9EDE, 0x9EDE, 0x9EDE, 0x9EDE, 0x9EDE, 0x9EDE, 0x9EDE, 0x9EDE, 0x9EDE, 0x9EDE, 0xA65D,
        0x9EDE, 0x9EDE, 0x9EDE, 0x9EDE, 0x9EDE, 0x9EDE, 0x9EDE, 0x9EDE, 0x9EDE, 0x9EDE, 0x9EDE, 0x9EDE, 0x9EDE, 0x9EDE, 0x9EDE, 0xA67C,
        0x9EDE, 0x9EDE, 0x9EDE, 0x9EDE, 0x9EDE, 0x9EDE, 0x9EDE, 0x9EDE, 0x9EDE, 0x9EDE, 0x9EDE, 0x9EDE, 0x9EDE, 0x9EDE, 0x9EDE, 0xA67C,
        0x9EDE, 0x9EDE, 0x9EDE, 0x9EDE, 0x9EDE, 0x9EDE, 0x9EDE, 0x9EDE, 0x9EDE, 0x9EDE, 0x9EDE, 0x9EDE, 0x9EDE, 0x9EDE, 0x9EDE, 0xA69C,
        0x9EDE, 0x9EDE, 0x9EDE, 0x9EDE, 0x9EDE, 0x9EDE, 0x9EDE, 0x9EDE, 0x9EDE, 0x9EDE, 0x9EDE, 0x9EDE, 0x9EDE, 0x9EDE, 0x9EDE, 0xA6BC,
        0x9EDE, 0x9EDE, 0x9EDE, 0x9EDE, 0x9EDE, 0x9EDE, 0x9EDE, 0x9EDE, 0x9EDE, 0x9EDE, 0x9EDE, 0x9EDE, 0x9EDE, 0x9EDE, 0x9EDE, 0xA6BC,
        0x9EDE, 0x9EDE, 0x9EDE, 0x9EDE, 0x9EDE, 0x9EDE, 0x9EDE, 0x9EDE, 0x9EDE, 0x9EDE, 0x9EDE, 0x9EDE, 0x9EDE, 0x9EDE, 0x9EDE, 0xA6DC,
        0x9EDE, 0x9EDE, 0x9EDE, 0x9EDE, 0x9EDE, 0x9EDE, 0x9EDE, 0x9EDE, 0x9EDE, 0x9EDE, 0x9EDE, 0x9EDE, 0x9EDE, 0x9EDE, 0x9EDE, 0xA6DD,
        0x9EDE, 0x9EDE, 0x9EDE, 0x9EDE, 0x9EDE, 0x9EDE, 0x9EDE, 0x9EDE, 0x9EDE, 0x9EDE, 0x9EDE, 0x9EDE, 0x9EDE, 0x9EDE, 0x9EDE, 0xA6DD,
        0x9EDE, 0x9EDE, 0x9EDE, 0x9EDE, 0x9EDE, 0x9EDE, 0x9EDE, 0x9EDE, 0x9EDE, 0x9EDE, 0x9EDE, 0x9EDE, 0x9EDE, 0x9EDE, 0x9EDE, 0xA6DD,
        0x9EDE, 0x9EDE, 0x9EDE, 0x9EDE, 0x9EDE, 0x9EDE, 0x9EDE, 0x9EDE, 0x9EDE, 0x9EDE, 0x9EDE, 0x9EDE, 0x9EDE, 0x9EDE, 0x9EDE, 0xA6DD,
    },
    {
        0x9EDE, 0x9EDE, 0x9EDE, 0x9EDE, 0x9EDE, 0x9EDE, 0x9EDE, 0x9EDE, 0x9EDE, 0x9EDE, 0x9EDE, 0x9EDE, 0x9EDE, 0x9EDE, 0x965D, 0x8DDB,
        0x9EDE, 0x9EDE, 0x9EDE, 0x9EDE, 0x9EDE, 0x9EDE, 0x9EDE, 0x9EDE, 0x9EDE, 0x9EDE, 0x9EDE, 0x9EDE, 0x9EDE, 0x9EDE, 0x965D, 0x95DB,
        0x9EDE, 0x9EDE, 0x9EDE, 0x9EDE, 0x9EDE, 0x9EDE, 0x9EDE, 0x9EDE, 0x9EDE, 0x9EDE, 0x9EDE, 0x9EDE, 0x9EDE, 0x9EDE, 0x9E5D, 0x95DB,
        0x9EDE, 0x9EDE, 0x9EDE, 0x9EDE, 0x9EDE, 0x9EDE, 0x9EDE, 0x9EDE, 0x9EDE, 0x9EDE, 0x9EDE, 0x9EDE, 0x9EDE, 0x9EDE, 0x9E5D, 0x9DDB,
        0x9EDE, 0x9EDE, 0x9EDE, 0x9EDE, 0x9EDE, 0x9EDE, 0x9EDE, 0x9EDE, 0x9EDE, 0x9EDE, 0x9EDE, 0x9EDE, 0x9EDE, 0x9EDE, 0xA65D, 0xA5FB,
        0x9EDE, 0x9EDE, 0x9EDE, 0x9EDE, 0x9EDE, 0x9EDE, 0x9EDE, 0x9EDE, 0x9EDE, 0x9EDE, 0x9EDE, 0x9EDE, 0x9EDE, 0x9EDE, 0xA65D, 0xA5FB,
        0x9EDE, 0x9EDE, 0x9EDE, 0x9EDE, 0x9EDE, 0x9EDE, 0x9EDE, 0x9EDE, 0x9EDE, 0x9EDE, 0x9EDE, 0x9EDE, 0x9EDE, 0x9EDE, 0xA67C, 0xAE1B,
        0x9EDE, 0x9EDE, 0x9EDE, 0x9EDE, 0x9EDE, 0x9EDE, 0x9EDE, 0x9EDE, 0x9EDE, 0x9EDE, 0x9EDE, 0x9EDE, 0x9EDE, 0x9EDE, 0xA67C, 0xAE3A,
        0x9EDE, 0x9EDE, 0x9EDE, 0x9EDE, 0x9EDE, 0x9EDE, 0x9EDE, 0x9EDE, 0x9EDE, 0x9EDE, 0x9EDE, 0x9EDE, 0x9EDE, 0x9EDE, 0xA69C, 0xAE5A,
        0x9EDE, 0x9EDE, 0x9EDE, 0x9EDE, 0x9EDE, 0x9EDE, 0x9EDE, 0x9EDE, 0x9EDE, 0x9EDE, 0x9EDE, 0x9EDE, 0x9EDE, 0x9EDE, 0xA6BC, 0xAE9A,
        0x9EDE, 0x9EDE, 0x9EDE, 0x9EDE, 0x9EDE, 0x9EDE, 0x9EDE, 0x9EDE, 0x9EDE, 0x9EDE, 0x9EDE, 0x9EDE, 0x9EDE, 0x9EDE, 0xA6BC, 0xAEBA,
        0x9EDE, 0x9EDE, 0x9EDE, 0x9EDE, 0x9EDE, 0x9EDE, 0x9EDE, 0x9EDE, 0x9EDE, 0x9EDE, 0x9EDE, 0x9EDE, 0x9EDE, 0x9EDE, 0xA6DC, 0xAEBB,
        0x9EDE, 0x9EDE, 0x9EDE, 0x9EDE, 0x9EDE, 0x9EDE, 0x9EDE, 0x9EDE, 0x9EDE, 0x9EDE, 0x9EDE, 0x9EDE, 0x9EDE, 0x9EDE, 0xA6DD, 0xAEDB,
        0x9EDE, 0x9EDE, 0x9EDE, 0x9EDE, 0x9EDE, 0x9EDE, 0x9EDE, 0x9EDE, 0x9EDE, 0x9EDE, 0x9EDE, 0x9EDE, 0x9EDE, 0x9EDE, 0xA6DD, 0xAEDC,
        0x9EDE, 0x9EDE, 0x9EDE, 0x9EDE, 0x9EDE, 0x9EDE, 0x9EDE, 0x9EDE, 0x9EDE, 0x9EDE, 0x9EDE, 0x9EDE, 0x9EDE, 0x9EDE, 0xA6DD, 0xAEFC,
        0x9EDE, 0x9EDE, 0x9EDE, 0x9EDE, 0x9EDE, 0x9EDE, 0x9EDE, 0x9EDE, 0x9EDE, 0x9EDE, 0x9EDE, 0x9EDE, 0x9EDE, 0x9EDE, 0xA6DD, 0xAEFC,
    },
    {
        0x9EDE, 0x9EDE, 0x9EDE, 0x9EDE, 0x9EDE, 0x9EDE, 0x9EDE, 0x9EDE, 0x9EDE, 0x9EDE, 0x9EDE, 0x9EDE, 0x9EDE, 0x965D, 0x8DDB, 0x8559,
        0x9EDE, 0x9EDE, 0x9EDE, 0x9EDE, 0x9EDE, 0x9EDE, 0x9EDE, 0x9EDE, 0x9EDE, 0x9EDE, 0x9EDE, 0x9EDE, 0x9EDE, 0x965D, 0x95DB, 0x8D5A,
        0x9EDE, 0x9EDE, 0x9EDE, 0x9EDE, 0x9EDE, 0x9EDE, 0x9EDE, 0x9EDE, 0x9EDE, 0x9EDE, 0x9EDE, 0x9EDE, 0x9EDE, 0x9E5D, 0x95DB, 0x955A,
        0x9EDE, 0x9EDE, 0x9EDE, 0x9EDE, 0x9EDE, 0x9EDE, 0x9EDE, 0x9EDE, 0x9EDE, 0x9EDE, 0x9EDE, 0x9EDE, 0x9EDE, 0x9E5D, 0x9DDB, 0x9D7A,
        0x9EDE, 0x9EDE, 0x9EDE, 0x9EDE, 0x9EDE, 0x9EDE, 0x9EDE, 0x9EDE, 0x9EDE, 0x9EDE, 0x9EDE, 0x9EDE, 0x9EDE, 0xA65D, 0xA5FB, 0xA57A,
        0x9EDE, 0x9EDE, 0x9EDE, 0x9EDE, 0x9EDE, 0x9EDE, 0x9EDE, 0x9EDE, 0x9EDE, 0x9EDE, 0x9EDE, 0x9EDE, 0x9EDE, 0xA65D, 0xA5FB, 0xAD99,
        0x9EDE, 0x9EDE, 0x9EDE, 0x9EDE, 0x9EDE, 0x9EDE, 0x9EDE, 0x9EDE, 0x9EDE, 0x9EDE, 0x9EDE, 0x9EDE, 0x9EDE, 0xA67C, 0xAE1B, 0xADB9,
        0x9EDE, 0x9EDE, 0x9EDE, 0x9EDE, 0x9EDE, 0x9EDE, 0x9EDE, 0x9EDE, 0x9EDE, 0x9EDE, 0x9EDE, 0x9EDE, 0x9EDE, 0xA67C, 0xAE3A, 0xB5F9,
        0x9EDE, 0x9EDE, 0x9EDE, 0x9EDE, 0x9EDE, 0x9EDE, 0x9EDE, 0x9EDE, 0x9EDE, 0x9EDE, 0x9EDE, 0x9EDE, 0x9EDE, 0xA69C, 0xAE5A, 0xB638,
        0x9EDE, 0x9EDE, 0x9EDE, 0x9EDE, 0x9EDE, 0x9EDE, 0x9EDE, 0x9EDE, 0x9EDE, 0x9EDE, 0x9EDE, 0x9EDE, 0x9EDE, 0xA6BC, 0xAE9A, 0xB658,
        0x9EDE, 0x9EDE, 0x9EDE, 0x9EDE, 0x9EDE, 0x9EDE, 0x9EDE, 0x9EDE, 0x9EDE, 0x9EDE, 0x9EDE, 0x9EDE, 0x9EDE, 0xA6BC, 0xAEBA, 0xB698,
        0x9EDE, 0x9EDE, 0x9EDE, 0x9EDE, 0x9EDE, 0x9EDE, 0x9EDE, 0x9EDE, 0x9EDE, 0x9EDE, 0x9EDE, 0x9EDE, 0x9EDE, 0xA6DC, 0xAEBB, 0xB6B9,
        0x9EDE, 0x9EDE, 0x9EDE, 0x9EDE, 0x9EDE, 0x9EDE, 0x9EDE, 0x9EDE, 0x9EDE, 0x9EDE, 0x9EDE, 0x9EDE, 0x9EDE, 0xA6DD, 0xAEDB, 0xB6DA,
        0x9EDE, 0x9EDE, 0x9EDE, 0x9EDE, 0x9EDE, 0x9EDE, 0x9EDE, 0x9EDE, 0x9EDE, 0x9EDE, 0x9EDE, 0x9EDE, 0x9EDE, 0xA6DD, 0xAEDC, 0xB6FA,
        0x9EDE, 0x9EDE, 0x9EDE, 0x9EDE, 0x9EDE, 0x9EDE, 0x9EDE, 0x9EDE, 0x9EDE, 0x9EDE, 0x9EDE, 0x9EDE, 0x9EDE, 0xA6DD, 0xAEFC, 0xB6FB,
        0x9EDE, 0x9EDE, 0x9EDE, 0x9EDE, 0x9EDE, 0x9EDE, 0x9EDE, 0x9EDE, 0x9EDE, 0x9EDE, 0x9EDE, 0x9EDE, 0x9EDE, 0xA6DD, 0xAEFC, 0xB6FB,
    },
    {
        0x9EDE, 0x9EDE, 0x9EDE, 0x9EDE, 0x9EDE, 0x9EDE, 0x9EDE, 0x9EDE, 0x9EDE, 0x9EDE, 0x9EDE, 0x9EDE, 0x965D, 0x8DDB, 0x8559, 0x7CD8,
        0x9EDE, 0x9EDE, 0x9EDE, 0x9EDE, 0x9EDE, 0x9EDE, 0x9EDE, 0x9EDE, 0x9EDE, 0x9EDE, 0x9EDE, 0x9EDE, 0x965D, 0x95DB, 0x8D5A, 0x84D8,
        0x9EDE, 0x9EDE, 0x9EDE, 0x9EDE, 0x9EDE, 0x9EDE, 0x9EDE, 0x9EDE, 0x9EDE, 0x9EDE, 0x9EDE, 0x9EDE, 0x9E5D, 0x95DB, 0x955A, 0x8CD8,
        0x9EDE, 0x9EDE, 0x9EDE, 0x9EDE, 0x9EDE, 0x9EDE, 0x9EDE, 0x9EDE, 0x9EDE, 0x9EDE, 0x9EDE, 0x9EDE, 0x9E5D, 0x9DDB, 0x9D7A, 0x9CF8,
        0x9EDE, 0x9EDE, 0x9EDE, 0x9EDE, 0x9EDE, 0x9EDE, 0x9EDE, 0x9EDE, 0x9EDE, 0x9EDE, 0x9EDE, 0x9EDE, 0xA65D, 0xA5FB, 0xA57A, 0xA518,
        0x9EDE, 0x9EDE, 0x9EDE, 0x9EDE, 0x9EDE, 0x9EDE, 0x9EDE, 0x9EDE, 0x9EDE, 0x9EDE, 0x9EDE, 0x9EDE, 0xA65D, 0xA5FB, 0xAD99, 0xAD38,
        0x9EDE, 0x9EDE, 0x9EDE, 0x9EDE, 0x9EDE, 0x9EDE, 0x9EDE, 0x9EDE, 0x9EDE, 0x9EDE, 0x9EDE, 0x9EDE, 0xA67C, 0xAE1B, 0xADB9, 0xB557,
        0x9EDE, 0x9EDE, 0x9EDE, 0x9EDE, 0x9EDE, 0x9EDE, 0x9EDE, 0x9EDE, 0x9EDE, 0x9EDE, 0x9EDE, 0x9EDE, 0xA67C, 0xAE3A, 0xB5F9, 0xBD97,
        0x9EDE, 0x9EDE, 0x9EDE, 0x9EDE, 0x9EDE, 0x9EDE, 0x9EDE, 0x9EDE, 0x9EDE, 0x9EDE, 0x9EDE, 0x9EDE, 0xA69C, 0xAE5A, 0xB638, 0xBDF6,
        0x9EDE, 0x9EDE, 0x9EDE, 0x9EDE, 0x9EDE, 0x9EDE, 0x9EDE, 0x9EDE, 0x9EDE, 0x9EDE, 0x9EDE, 0x9EDE, 0xA6BC, 0xAE9A, 0xB658, 0xBE36,
        0x9EDE, 0x9EDE, 0x9EDE, 0x9EDE, 0x9EDE, 0x9EDE, 0x9EDE, 0x9EDE, 0x9EDE, 0x9EDE, 0x9EDE, 0x9EDE, 0xA6BC, 0xAEBA, 0xB698, 0xBE77,
        0x9EDE, 0x9EDE, 0x9EDE, 0x9EDE, 0x9EDE, 0x9EDE, 0x9EDE, 0x9EDE, 0x9EDE, 0x9EDE, 0x9EDE, 0x9EDE, 0xA6DC, 0xAEBB, 0xB6B9, 0xBEB7,
        0x9EDE, 0x9EDE, 0x9EDE, 0x9EDE, 0x9EDE, 0x9EDE, 0x9EDE, 0x9EDE, 0x9EDE, 0x9EDE, 0x9EDE, 0x9EDE, 0xA6DD, 0xAEDB, 0xB6DA, 0xBED8,
        0x9EDE, 0x9EDE, 0x9EDE, 0x9EDE, 0x9EDE, 0x9EDE, 0x9EDE, 0x9EDE, 0x9EDE, 0x9EDE, 0x9EDE, 0x9EDE, 0xA6DD, 0xAEDC, 0xB6FA, 0xBEF9,
        0x9EDE, 0x9EDE, 0x9EDE, 0x9EDE, 0x9EDE, 0x9EDE, 0x9EDE, 0x9EDE, 0x9EDE, 0x9EDE, 0x9EDE, 0x9EDE, 0xA6DD, 0xAEFC, 0xB6FB, 0xBEFA,
        0x9EDE, 0x9EDE, 0x9EDE, 0x9EDE, 0x9EDE, 0x9EDE, 0x9EDE, 0x9EDE, 0x9EDE, 0x9EDE, 0x9EDE, 0x9EDE, 0xA6DD, 0xAEFC, 0xB6FB, 0xBF1A,
    },
    {
        0x9EDE, 0x9EDE, 0x9EDE, 0x9EDE, 0x9EDE, 0x9EDE, 0x9EDE, 0x9EDE, 0x9EDE, 0x9EDE, 0x9EDE, 0x965D, 0x8DDB, 0x8559, 0x7CD8, 0x7456,
        0x9EDE, 0x9EDE, 0x9EDE, 0x9EDE, 0x9EDE, 0x9EDE, 0x9EDE, 0x9EDE, 0x9EDE, 0x9EDE, 0x9EDE, 0x965D, 0x95DB, 0x8D5A, 0x84D8, 0x7C57,
        0x9EDE, 0x9EDE, 0x9EDE, 0x9EDE, 0x9EDE, 0x9EDE, 0x9EDE, 0x9EDE, 0x9EDE, 0x9EDE, 0x9EDE, 0x9E5D, 0x95DB, 0x955A, 0x8CD8, 0x8C77,
        0x9EDE, 0x9EDE, 0x9EDE, 0x9EDE, 0x9EDE, 0x9EDE, 0x9EDE, 0x9EDE, 0x9EDE, 0x9EDE, 0x9EDE, 0x9E5D, 0x9DDB, 0x9D7A, 0x9CF8, 0x9477,
        0x9EDE, 0x9EDE, 0x9EDE, 0x9EDE, 0x9EDE, 0x9EDE, 0x9EDE, 0x9EDE, 0x9EDE, 0x9EDE, 0x9EDE, 0xA65D, 0xA5FB, 0xA57A, 0xA518, 0xA497,
        0x9EDE, 0x9EDE, 0x9EDE, 0x9EDE, 0x9EDE, 0x9EDE, 0x9EDE, 0x9EDE, 0x9EDE, 0x9EDE, 0x9EDE, 0xA65D, 0xA5FB, 0xAD99, 0xAD38, 0xB4B6,
        0x9EDE, 0x9EDE, 0x9EDE, 0x9EDE, 0x9EDE, 0x9EDE, 0x9EDE, 0x9EDE, 0x9EDE, 0x9EDE, 0x9EDE, 0xA67C, 0xAE1B, 0xADB9, 0xB557, 0xBCF5,
        0x9EDE, 0x9EDE, 0x9EDE, 0x9EDE, 0x9EDE, 0x9EDE, 0x9EDE, 0x9EDE, 0x9EDE, 0x9EDE, 0x9EDE, 0xA67C, 0xAE3A, 0xB5F9, 0xBD97, 0xC555,
        0x9EDE, 0x9EDE, 0x9EDE, 0x9EDE, 0x9EDE, 0x9EDE, 0x9EDE, 0x9EDE, 0x9EDE, 0x9EDE, 0x9EDE, 0xA69C, 0xAE5A, 0xB638, 0xBDF6, 0xC5B4,
        0x9EDE, 0x9EDE, 0x9EDE, 0x9EDE, 0x9EDE, 0x9EDE, 0x9EDE, 0x9EDE, 0x9EDE, 0x9EDE, 0x9EDE, 0xA6BC, 0xAE9A, 0xB658, 0xBE36, 0xC614,
        0x9EDE, 0x9EDE, 0x9EDE, 0x9EDE, 0x9EDE, 0x9EDE, 0x9EDE, 0x9EDE, 0x9EDE, 0x9EDE, 0x9EDE, 0xA6BC, 0xAEBA, 0xB698, 0xBE77, 0xC675,
        0x9EDE, 0x9EDE, 0x9EDE, 0x9EDE, 0x9EDE, 0x9EDE, 0x9EDE, 0x9EDE, 0x9EDE, 0x9EDE, 0x9EDE, 0xA6DC, 0xAEBB, 0xB6B9, 0xBEB7, 0xC6B6,
        0x9EDE, 0x9EDE, 0x9EDE, 0x9EDE, 0x9EDE, 0x9EDE, 0x9EDE, 0x9EDE, 0x9EDE, 0x9EDE, 0x9EDE, 0xA6DD, 0xAEDB, 0xB6DA, 0xBED8, 0xC6D7,
        0x9EDE, 0x9EDE, 0x9EDE, 0x9EDE, 0x9EDE, 0x9EDE, 0x9EDE, 0x9EDE, 0x9EDE, 0x9EDE, 0x9EDE, 0xA6DD, 0xAEDC, 0xB6FA, 0xBEF9, 0xC6F8,
        0x9EDE, 0x9EDE, 0x9EDE, 0x9EDE, 0x9EDE, 0x9EDE, 0x9EDE, 0x9EDE, 0x9EDE, 0x9EDE, 0x9EDE, 0xA6DD, 0xAEFC, 0xB6FB, 0xBEFA, 0xC719,
        0x9EDE, 0x9EDE, 0x9EDE, 0x9EDE, 0x9EDE, 0x9EDE, 0x9EDE, 0x9EDE, 0x9EDE, 0x9EDE, 0x9EDE, 0xA6DD, 0xAEFC, 0xB6FB, 0xBF1A, 0xC71A,
    },
    {
        0x9EDE, 0x9EDE, 0x9EDE, 0x9EDE, 0x9EDE, 0x9EDE, 0x9EDE, 0x9EDE, 0x9EDE, 0x9EDE, 0x965D, 0x8DDB, 0x8559, 0x7CD8, 0x7456, 0x6BD5,
        0x9EDE, 0x9EDE, 0x9EDE, 0x9EDE, 0x9EDE, 0x9EDE, 0x9EDE, 0x9EDE, 0x9EDE, 0x9EDE, 0x965D, 0x95DB, 0x8D5A, 0x84D8, 0x7C57, 0x73D5,
        0x9EDE, 0x9EDE, 0x9EDE, 0x9EDE, 0x9EDE, 0x9EDE, 0x9EDE, 0x9EDE, 0x9EDE, 0x9EDE, 0x9E5D, 0x95DB, 0x955A, 0x8CD8, 0x8C77, 0x83F5,
        0x9EDE, 0x9EDE, 0x9EDE, 0x9EDE, 0x9EDE, 0x9EDE, 0x9EDE, 0x9EDE, 0x9EDE, 0x9EDE, 0x9E5D, 0x9DDB, 0x9D7A, 0x9CF8, 0x9477, 0x9416,
        0x9EDE, 0x9EDE, 0x9EDE, 0x9EDE, 0x9EDE, 0x9EDE, 0x9EDE, 0x9EDE, 0x9EDE, 0x9EDE, 0xA65D, 0xA5FB, 0xA57A, 0xA518, 0xA497, 0xA435,
        0x9EDE, 0x9EDE, 0x9EDE, 0x9EDE, 0x9EDE, 0x9EDE, 0x9EDE, 0x9EDE, 0x9EDE, 0x9EDE, 0xA65D, 0xA5FB, 0xAD99, 0xAD38, 0xB4B6, 0xB455,
        0x9EDE, 0x9EDE, 0x9EDE, 0x9EDE, 0x9EDE, 0x9EDE, 0x9EDE, 0x9EDE, 0x9EDE, 0x9EDE, 0xA67C, 0xAE1B, 0xADB9, 0xB557, 0xBCF5, 0xC4B4,
        0x9EDE, 0x9EDE, 0x9EDE, 0x9EDE, 0x9EDE, 0x9EDE, 0x9EDE, 0x9EDE, 0x9EDE, 0x9EDE, 0xA67C, 0xAE3A, 0xB5F9, 0xBD97, 0xC555, 0xC513,
        0x9EDE, 0x9EDE, 0x9EDE, 0x9EDE, 0x9EDE, 0x9EDE, 0x9EDE, 0x9EDE, 0x9EDE, 0x9EDE, 0xA69C, 0xAE5A, 0xB638, 0xBDF6, 0xC5B4, 0xCD92,
        0x9EDE, 0x9EDE, 0x9EDE, 0x9EDE, 0x9EDE, 0x9EDE, 0x9EDE, 0x9EDE, 0x9EDE, 0x9EDE, 0xA6BC, 0xAE9A, 0xB658, 0xBE36, 0xC614, 0xCDF2,
        0x9EDE, 0x9EDE, 0x9EDE, 0x9EDE, 0x9EDE, 0x9EDE, 0x9EDE, 0x9EDE, 0x9EDE, 0x9EDE, 0xA6BC, 0xAEBA, 0xB698, 0xBE77, 0xC675, 0xCE53,
        0x9EDE, 0x9EDE, 0x9EDE, 0x9EDE, 0x9EDE, 0x9EDE, 0x9EDE, 0x9EDE, 0x9EDE, 0x9EDE, 0xA6DC, 0xAEBB, 0xB6B9, 0xBEB7, 0xC6B6, 0xCEB4,
        0x9EDE, 0x9EDE, 0x9EDE, 0x9EDE, 0x9EDE, 0x9EDE, 0x9EDE, 0x9EDE, 0x9EDE, 0x9EDE, 0xA6DD, 0xAEDB, 0xB6DA, 0xBED8, 0xC6D7, 0xCEF5,
        0x9EDE, 0x9EDE, 0x9EDE, 0x9EDE, 0x9EDE, 0x9EDE, 0x9EDE, 0x9EDE, 0x9EDE, 0x9EDE, 0xA6DD, 0xAEDC, 0xB6FA, 0xBEF9, 0xC6F8, 0xCF16,
        0x9EDE, 0x9EDE, 0x9EDE, 0x9EDE, 0x9EDE, 0x9EDE, 0x9EDE, 0x9EDE, 0x9EDE, 0x9EDE, 0xA6DD, 0xAEFC, 0xB6FB, 0xBEFA, 0xC719, 0xCF18,
        0x9EDE, 0x9EDE, 0x9EDE, 0x9EDE, 0x9EDE, 0x9EDE, 0x9EDE, 0x9EDE, 0x9EDE, 0x9EDE, 0xA6DD, 0xAEFC, 0xB6FB, 0xBF1A, 0xC71A, 0xCF39,
    },
    {
        0x9EDE, 0x9EDE, 0x9EDE, 0x9EDE, 0x9EDE, 0x9EDE, 0x9EDE, 0x9EDE, 0x9EDE, 0x965D, 0x8DDB, 0x8559, 0x7CD8, 0x7456, 0x6BD5, 0x6353,
        0x9EDE, 0x9EDE, 0x9EDE, 0x9EDE, 0x9EDE, 0x9EDE, 0x9EDE, 0x9EDE, 0x9EDE, 0x965D, 0x95DB, 0x8D5A, 0x84D8, 0x7C57, 0x73D5, 0x6B54,
        0x9EDE, 0x9EDE, 0x9EDE, 0x9EDE, 0x9EDE, 0x9EDE, 0x9EDE, 0x9EDE, 0x9EDE, 0x9E5D, 0x95DB, 0x955A, 0x8CD8, 0x8C77, 0x83F5, 0x8374,
        0x9EDE, 0x9EDE, 0x9EDE, 0x9EDE, 0x9EDE, 0x9EDE, 0x9EDE, 0x9EDE, 0x9EDE, 0x9E5D, 0x9DDB, 0x9D7A, 0x9CF8, 0x9477, 0x9416, 0x9394,
        0x9EDE, 0x9EDE, 0x9EDE, 0x9EDE, 0x9EDE, 0x9EDE, 0x9EDE, 0x9EDE, 0x9EDE, 0xA65D, 0xA5FB, 0xA57A, 0xA518, 0xA497, 0xA435, 0xABB4,
        0x9EDE, 0x9EDE, 0x9EDE, 0x9EDE, 0x9EDE, 0x9EDE, 0x9EDE, 0x9EDE, 0x9EDE, 0xA65D, 0xA5FB, 0xAD99, 0xAD38, 0xB4B6, 0xB455, 0xBBF3,
        0x9EDE, 0x9EDE, 0x9EDE, 0x9EDE, 0x9EDE, 0x9EDE, 0x9EDE, 0x9EDE, 0x9EDE, 0xA67C, 0xAE1B, 0xADB9, 0xB557, 0xBCF5, 0xC4B4, 0xC452,
        0x9EDE, 0x9EDE, 0x9EDE, 0x9EDE, 0x9EDE, 0x9EDE, 0x9EDE, 0x9EDE, 0x9EDE, 0xA67C, 0xAE3A, 0xB5F9, 0xBD97, 0xC555, 0xC513, 0xCCD1,
        0x9EDE, 0x9EDE, 0x9EDE, 0x9EDE, 0x9EDE, 0x9EDE, 0x9EDE, 0x9EDE, 0x9EDE, 0xA69C, 0xAE5A, 0xB638, 0xBDF6, 0xC5B4, 0xCD92, 0xD550,
        0x9EDE, 0x9EDE, 0x9EDE, 0x9EDE, 0x9EDE, 0x9EDE, 0x9EDE, 0x9EDE, 0x9EDE, 0xA6BC, 0xAE9A, 0xB658, 0xBE36, 0xC614, 0xCDF2, 0xD5D0,
        0x9EDE, 0x9EDE, 0x9EDE, 0x9EDE, 0x9EDE, 0x9EDE, 0x9EDE, 0x9EDE, 0x9EDE, 0xA6BC, 0xAEBA, 0xB698, 0xBE77, 0xC675, 0xCE53, 0xD651,
        0x9EDE, 0x9EDE, 0x9EDE, 0x9EDE, 0x9EDE, 0x9EDE, 0x9EDE, 0x9EDE, 0x9EDE, 0xA6DC, 0xAEBB, 0xB6B9, 0xBEB7, 0xC6B6, 0xCEB4, 0xD6B2,
        0x9EDE, 0x9EDE, 0x9EDE, 0x9EDE, 0x9EDE, 0x9EDE, 0x9EDE, 0x9EDE, 0x9EDE, 0xA6DD, 0xAEDB, 0xB6DA, 0xBED8, 0xC6D7, 0xCEF5, 0xD6F4,
        0x9EDE, 0x9EDE, 0x9EDE, 0x9EDE, 0x9EDE, 0x9EDE, 0x9EDE, 0x9EDE, 0x9EDE, 0xA6DD, 0xAEDC, 0xB6FA, 0xBEF9, 0xC6F8, 0xCF16, 0xD715,
        0x9EDE, 0x9EDE, 0x9EDE, 0x9EDE, 0x9EDE, 0x9EDE, 0x9EDE, 0x9EDE, 0x9EDE, 0xA6DD, 0xAEFC, 0xB6FB, 0xBEFA, 0xC719, 0xCF18, 0xD736,
        0x9EDE, 0x9EDE, 0x9EDE, 0x9EDE, 0x9EDE, 0x9EDE, 0x9EDE, 0x9EDE, 0x9EDE, 0xA6DD, 0xAEFC, 0xB6FB, 0xBF1A, 0xC71A, 0xCF39, 0xD738,
    },
    {
        0x9EDE, 0x9EDE, 0x9EDE, 0x9EDE, 0x9EDE, 0x9EDE, 0x9EDE, 0x9EDE, 0x965D, 0x8DDB, 0x8559, 0x7CD8, 0x7456, 0x6BD5, 0x6353, 0x5AD1,
        0x9EDE, 0x9EDE, 0x9EDE, 0x9EDE, 0x9EDE, 0x9EDE, 0x9EDE, 0x9EDE, 0x965D, 0x95DB, 0x8D5A, 0x84D8, 0x7C57, 0x73D5, 0x6B54, 0x62D2,
        0x9EDE, 0x9EDE, 0x9EDE, 0x9EDE, 0x9EDE, 0x9EDE, 0x9EDE, 0x9EDE, 0x9E5D, 0x95DB, 0x955A, 0x8CD8, 0x8C77, 0x83F5, 0x8374, 0x7AF3,
        0x9EDE, 0x9EDE, 0x9EDE, 0x9EDE, 0x9EDE, 0x9EDE, 0x9EDE, 0x9EDE, 0x9E5D, 0x9DDB, 0x9D7A, 0x9CF8, 0x9477, 0x9416, 0x9394, 0x9313,
        0x9EDE, 0x9EDE, 0x9EDE, 0x9EDE, 0x9EDE, 0x9EDE, 0x9EDE, 0x9EDE, 0xA65D, 0xA5FB, 0xA57A, 0xA518, 0xA497, 0xA435, 0xABB4, 0xAB52,
        0x9EDE, 0x9EDE, 0x9EDE, 0x9EDE, 0x9EDE, 0x9EDE, 0x9EDE, 0x9EDE, 0xA65D, 0xA5FB, 0xAD99, 0xAD38, 0xB4B6, 0xB455, 0xBBF3, 0xBB91,
        0x9EDE, 0x9EDE, 0x9EDE, 0x9EDE, 0x9EDE, 0x9EDE, 0x9EDE, 0x9EDE, 0xA67C, 0xAE1B, 0xADB9, 0xB557, 0xBCF5, 0xC4B4, 0xC452, 0xCBF0,
        0x9EDE, 0x9EDE, 0x9EDE, 0x9EDE, 0x9EDE, 0x9EDE, 0x9EDE, 0x9EDE, 0xA67C, 0xAE3A, 0xB5F9, 0xBD97, 0xC555, 0xC513, 0xCCD1, 0xD46F,
        0x9EDE, 0x9EDE, 0x9EDE, 0x9EDE, 0x9EDE, 0x9EDE, 0x9EDE, 0x9EDE, 0xA69C, 0xAE5A, 0xB638, 0xBDF6, 0xC5B4, 0xCD92, 0xD550, 0xDD0E,
        0x9EDE, 0x9EDE, 0x9EDE, 0x9EDE, 0x9EDE, 0x9EDE, 0x9EDE, 0x9EDE, 0xA6BC, 0xAE9A, 0xB658, 0xBE36, 0xC614, 0xCDF2, 0xD5D0, 0xDDAE,
        0x9EDE, 0x9EDE, 0x9EDE, 0x9EDE, 0x9EDE, 0x9EDE, 0x9EDE, 0x9EDE, 0xA6BC, 0xAEBA, 0xB698, 0xBE77, 0xC675, 0xCE53, 0xD651, 0xDE2F,
        0x9EDE, 0x9EDE, 0x9EDE, 0x9EDE, 0x9EDE, 0x9EDE, 0x9EDE, 0x9EDE, 0xA6DC, 0xAEBB, 0xB6B9, 0xBEB7, 0xC6B6, 0xCEB4, 0xD6B2, 0xDEB1,
        0x9EDE, 0x9EDE, 0x9EDE, 0x9EDE, 0x9EDE, 0x9EDE, 0x9EDE, 0x9EDE, 0xA6DD, 0xAEDB, 0xB6DA, 0xBED8, 0xC6D7, 0xCEF5, 0xD6F4, 0xDEF2,
        0x9EDE, 0x9EDE, 0x9EDE, 0x9EDE, 0x9EDE, 0x9EDE, 0x9EDE, 0x9EDE, 0xA6DD, 0xAEDC, 0xB6FA, 0xBEF9, 0xC6F8, 0xCF16, 0xD715, 0xDF14,
        0x9EDE, 0x9EDE, 0x9EDE, 0x9EDE, 0x9EDE, 0x9EDE, 0x9EDE, 0x9EDE, 0xA6DD, 0xAEFC, 0xB6FB, 0xBEFA, 0xC719, 0xCF18, 0xD736, 0xDF35,
        0x9EDE, 0x9EDE, 0x9EDE, 0x9EDE, 0x9EDE, 0x9EDE, 0x9EDE, 0x9EDE, 0xA6DD, 0xAEFC, 0xB6FB, 0xBF1A, 0xC71A, 0xCF39, 0xD738, 0xDF57,
    },
    {
        0x9EDE, 0x9EDE, 0x9EDE, 0x9EDE, 0x9EDE, 0x9EDE, 0x9EDE, 0x965D, 0x8DDB, 0x8559, 0x7CD8, 0x7456, 0x6BD5, 0x6353, 0x5AD1, 0x4A50,
        0x9EDE, 0x9EDE, 0x9EDE, 0x9EDE, 0x9EDE, 0x9EDE, 0x9EDE, 0x965D, 0x95DB, 0x8D5A, 0x84D8, 0x7C57, 0x73D5, 0x6B54, 0x62D2, 0x6251,
        0x9EDE, 0x9EDE, 0x9EDE, 0x9EDE, 0x9EDE, 0x9EDE, 0x9EDE, 0x9E5D, 0x95DB, 0x955A, 0x8CD8, 0x8C77, 0x83F5, 0x8374, 0x7AF3, 0x7A71,
        0x9EDE, 0x9EDE, 0x9EDE, 0x9EDE, 0x9EDE, 0x9EDE, 0x9EDE, 0x9E5D, 0x9DDB, 0x9D7A, 0x9CF8, 0x9477, 0x9416, 0x9394, 0x9313, 0x92B1,
        0x9EDE, 0x9EDE, 0x9EDE, 0x9EDE, 0x9EDE, 0x9EDE, 0x9EDE, 0xA65D, 0xA5FB, 0xA57A, 0xA518, 0xA497, 0xA435, 0xABB4, 0xAB52, 0xAAD1,
        0x9EDE, 0x9EDE, 0x9EDE, 0x9EDE, 0x9EDE, 0x9EDE, 0x9EDE, 0xA65D, 0xA5FB, 0xAD99, 0xAD38, 0xB4B6, 0xB455, 0xBBF3, 0xBB91, 0xC310,
        0x9EDE, 0x9EDE, 0x9EDE, 0x9EDE, 0x9EDE, 0x9EDE, 0x9EDE, 0xA67C, 0xAE1B, 0xADB9, 0xB557, 0xBCF5, 0xC4B4, 0xC452, 0xCBF0, 0xD38F,
        0x9EDE, 0x9EDE, 0x9EDE, 0x9EDE, 0x9EDE, 0x9EDE, 0x9EDE, 0xA67C, 0xAE3A, 0xB5F9, 0xBD97, 0xC555, 0xC513, 0xCCD1, 0xD46F, 0xDC2D,
        0x9EDE, 0x9EDE, 0x9EDE, 0x9EDE, 0x9EDE, 0x9EDE, 0x9EDE, 0xA69C, 0xAE5A, 0xB638, 0xBDF6, 0xC5B4, 0xCD92, 0xD550, 0xDD0E, 0xE4EC,
        0x9EDE, 0x9EDE, 0x9EDE, 0x9EDE, 0x9EDE, 0x9EDE, 0x9EDE, 0xA6BC, 0xAE9A, 0xB658, 0xBE36, 0xC614, 0xCDF2, 0xD5D0, 0xDDAE, 0xE58C,
        0x9EDE, 0x9EDE, 0x9EDE, 0x9EDE, 0x9EDE, 0x9EDE, 0x9EDE, 0xA6BC, 0xAEBA, 0xB698, 0xBE77, 0xC675, 0xCE53, 0xD651, 0xDE2F, 0xE62D,
        0x9EDE, 0x9EDE, 0x9EDE, 0x9EDE, 0x9EDE, 0x9EDE, 0x9EDE, 0xA6DC, 0xAEBB, 0xB6B9, 0xBEB7, 0xC6B6, 0xCEB4, 0xD6B2, 0xDEB1, 0xE6AF,
        0x9EDE, 0x9EDE, 0x9EDE, 0x9EDE, 0x9EDE, 0x9EDE, 0x9EDE, 0xA6DD, 0xAEDB, 0xB6DA, 0xBED8, 0xC6D7, 0xCEF5, 0xD6F4, 0xDEF2, 0xE6F1,
        0x9EDE, 0x9EDE, 0x9EDE, 0x9EDE, 0x9EDE, 0x9EDE, 0x9EDE, 0xA6DD, 0xAEDC, 0xB6FA, 0xBEF9, 0xC6F8, 0xCF16, 0xD715, 0xDF14, 0xE712,
        0x9EDE, 0x9EDE, 0x9EDE, 0x9EDE, 0x9EDE, 0x9EDE, 0x9EDE, 0xA6DD, 0xAEFC, 0xB6FB, 0xBEFA, 0xC719, 0xCF18, 0xD736, 0xDF35, 0xE754,
        0x9EDE, 0x9EDE, 0x9EDE, 0x9EDE, 0x9EDE, 0x9EDE, 0x9EDE, 0xA6DD, 0xAEFC, 0xB6FB, 0xBF1A, 0xC71A, 0xCF39, 0xD738, 0xDF57, 0xE776,
    },
    {
        0x9EDE, 0x9EDE, 0x9EDE, 0x9EDE, 0x9EDE, 0x9EDE, 0x965D, 0x8DDB, 0x8559, 0x7CD8, 0x7456, 0x6BD5, 0x6353, 0x5AD1, 0x4A50, 0x41CE,
        0x9EDE, 0x9EDE, 0x9EDE, 0x9EDE, 0x9EDE, 0x9EDE, 0x965D, 0x95DB, 0x8D5A, 0x84D8, 0x7C57, 0x73D5, 0x6B54, 0x62D2, 0x6251, 0x59CF,
        0x9EDE, 0x9EDE, 0x9EDE, 0x9EDE, 0x9EDE, 0x9EDE, 0x9E5D, 0x95DB, 0x955A, 0x8CD8, 0x8C77, 0x83F5, 0x8374, 0x7AF3, 0x7A71, 0x7210,
        0x9EDE, 0x9EDE, 0x9EDE, 0x9EDE, 0x9EDE, 0x9EDE, 0x9E5D, 0x9DDB, 0x9D7A, 0x9CF8, 0x9477, 0x9416, 0x9394, 0x9313, 0x92B1, 0x9230,
        0x9EDE, 0x9EDE, 0x9EDE, 0x9EDE, 0x9EDE, 0x9EDE, 0xA65D, 0xA5FB, 0xA57A, 0xA518, 0xA497, 0xA435, 0xABB4, 0xAB52, 0xAAD1, 0xAA6F,
        0x9EDE, 0x9EDE, 0x9EDE, 0x9EDE, 0x9EDE, 0x9EDE, 0xA65D, 0xA5FB, 0xAD99, 0xAD38, 0xB4B6, 0xB455, 0xBBF3, 0xBB91, 0xC310, 0xC2AE,
        0x9EDE, 0x9EDE, 0x9EDE, 0x9EDE, 0x9EDE, 0x9EDE, 0xA67C, 0xAE1B, 0xADB9, 0xB557, 0xBCF5, 0xC4B4, 0xC452, 0xCBF0, 0xD38F, 0xDB2D,
        0x9EDE, 0x9EDE, 0x9EDE, 0x9EDE, 0x9EDE, 0x9EDE, 0xA67C, 0xAE3A, 0xB5F9, 0xBD97, 0xC555, 0xC513, 0xCCD1, 0xD46F, 0xDC2D, 0xE3EB,
        0x9EDE, 0x9EDE, 0x9EDE, 0x9EDE, 0x9EDE, 0x9EDE, 0xA69C, 0xAE5A, 0xB638, 0xBDF6, 0xC5B4, 0xCD92, 0xD550, 0xDD0E, 0xE4EC, 0xECAA,
        0x9EDE, 0x9EDE, 0x9EDE, 0x9EDE, 0x9EDE, 0x9EDE, 0xA6BC, 0xAE9A, 0xB658, 0xBE36, 0xC614, 0xCDF2, 0xD5D0, 0xDDAE, 0xE58C, 0xED6A,
        0x9EDE, 0x9EDE, 0x9EDE, 0x9EDE, 0x9EDE, 0x9EDE, 0xA6BC, 0xAEBA, 0xB698, 0xBE77, 0xC675, 0xCE53, 0xD651, 0xDE2F, 0xE62D, 0xEE0B,
        0x9EDE, 0x9EDE, 0x9EDE, 0x9EDE, 0x9EDE, 0x9EDE, 0xA6DC, 0xAEBB, 0xB6B9, 0xBEB7, 0xC6B6, 0xCEB4, 0xD6B2, 0xDEB1, 0xE6AF, 0xEE8D,
        0x9EDE, 0x9EDE, 0x9EDE, 0x9EDE, 0x9EDE, 0x9EDE, 0xA6DD, 0xAEDB, 0xB6DA, 0xBED8, 0xC6D7, 0xCEF5, 0xD6F4, 0xDEF2, 0xE6F1, 0xEEEF,
        0x9EDE, 0x9EDE, 0x9EDE, 0x9EDE, 0x9EDE, 0x9EDE, 0xA6DD, 0xAEDC, 0xB6FA, 0xBEF9, 0xC6F8, 0xCF16, 0xD715, 0xDF14, 0xE712, 0xEF31,
        0x9EDE, 0x9EDE, 0x9EDE, 0x9EDE, 0x9EDE, 0x9EDE, 0xA6DD, 0xAEFC, 0xB6FB, 0xBEFA, 0xC719, 0xCF18, 0xD736, 0xDF35, 0xE754, 0xEF53,
        0x9EDE, 0x9EDE, 0x9EDE, 0x9EDE, 0x9EDE, 0x9EDE, 0xA6DD, 0xAEFC, 0xB6FB, 0xBF1A, 0xC71A, 0xCF39, 0xD738, 0xDF57, 0xE776, 0xEF75,
    },
    {
        0x9EDE, 0x9EDE, 0x9EDE, 0x9EDE, 0x9EDE, 0x965D, 0x8DDB, 0x8559, 0x7CD8, 0x7456, 0x6BD5, 0x6353, 0x5AD1, 0x4A50, 0x41CE, 0x394D,
        0x9EDE, 0x9EDE, 0x9EDE, 0x9EDE, 0x9EDE, 0x965D, 0x95DB, 0x8D5A, 0x84D8, 0x7C57, 0x73D5, 0x6B54, 0x62D2, 0x6251, 0x59CF, 0x514D,
        0x9EDE, 0x9EDE, 0x9EDE, 0x9EDE, 0x9EDE, 0x9E5D, 0x95DB, 0x955A, 0x8CD8, 0x8C77, 0x83F5, 0x8374, 0x7AF3, 0x7A71, 0x7210, 0x698E,
        0x9EDE, 0x9EDE, 0x9EDE, 0x9EDE, 0x9EDE, 0x9E5D, 0x9DDB, 0x9D7A, 0x9CF8, 0x9477, 0x9416, 0x9394, 0x9313, 0x92B1, 0x9230, 0x89AE,
        0x9EDE, 0x9EDE, 0x9EDE, 0x9EDE, 0x9EDE, 0xA65D, 0xA5FB, 0xA57A, 0xA518, 0xA497, 0xA435, 0xABB4, 0xAB52, 0xAAD1, 0xAA6F, 0xA9EE,
        0x9EDE, 0x9EDE, 0x9EDE, 0x9EDE, 0x9EDE, 0xA65D, 0xA5FB, 0xAD99, 0xAD38, 0xB4B6, 0xB455, 0xBBF3, 0xBB91, 0xC310, 0xC2AE, 0xCA4D,
        0x9EDE, 0x9EDE, 0x9EDE, 0x9EDE, 0x9EDE, 0xA67C, 0xAE1B, 0xADB9, 0xB557, 0xBCF5, 0xC4B4, 0xC452, 0xCBF0, 0xD38F, 0xDB2D, 0xDACB,
        0x9EDE, 0x9EDE, 0x9EDE, 0x9EDE, 0x9EDE, 0xA67C, 0xAE3A, 0xB5F9, 0xBD97, 0xC555, 0xC513, 0xCCD1, 0xD46F, 0xDC2D, 0xE3EB, 0xEB89,
        0x9EDE, 0x9EDE, 0x9EDE, 0x9EDE, 0x9EDE, 0xA69C, 0xAE5A, 0xB638, 0xBDF6, 0xC5B4, 0xCD92, 0xD550, 0xDD0E, 0xE4EC, 0xECAA, 0xF468,
        0x9EDE, 0x9EDE, 0x9EDE, 0x9EDE, 0x9EDE, 0xA6BC, 0xAE9A, 0xB658, 0xBE36, 0xC614, 0xCDF2, 0xD5D0, 0xDDAE, 0xE58C, 0xED6A, 0xF548,
        0x9EDE, 0x9EDE, 0x9EDE, 0x9EDE, 0x9EDE, 0xA6BC, 0xAEBA, 0xB698, 0xBE77, 0xC675, 0xCE53, 0xD651, 0xDE2F, 0xE62D, 0xEE0B, 0xF609,
        0x9EDE, 0x9EDE, 0x9EDE, 0x9EDE, 0x9EDE, 0xA6DC, 0xAEBB, 0xB6B9, 0xBEB7, 0xC6B6, 0xCEB4, 0xD6B2, 0xDEB1, 0xE6AF, 0xEE8D, 0xF68C,
        0x9EDE, 0x9EDE, 0x9EDE, 0x9EDE, 0x9EDE, 0xA6DD, 0xAEDB, 0xB6DA, 0xBED8, 0xC6D7, 0xCEF5, 0xD6F4, 0xDEF2, 0xE6F1, 0xEEEF, 0xF6EE,
        0x9EDE, 0x9EDE, 0x9EDE, 0x9EDE, 0x9EDE, 0xA6DD, 0xAEDC, 0xB6FA, 0xBEF9, 0xC6F8, 0xCF16, 0xD715, 0xDF14, 0xE712, 0xEF31, 0xF730,
        0x9EDE, 0x9EDE, 0x9EDE, 0x9EDE, 0x9EDE, 0xA6DD, 0xAEFC, 0xB6FB, 0xBEFA, 0xC719, 0xCF18, 0xD736, 0xDF35, 0xE754, 0xEF53, 0xF752,
        0x9EDE, 0x9EDE, 0x9EDE, 0x9EDE, 0x9EDE, 0xA6DD, 0xAEFC, 0xB6FB, 0xBF1A, 0xC71A, 0xCF39, 0xD738, 0xDF57, 0xE776, 0xEF75, 0xF794,
    },
    {
        0x9EDE, 0x9EDE, 0x9EDE, 0x9EDE, 0x965D, 0x8DDB, 0x8559, 0x7CD8, 0x7456, 0x6BD5, 0x6353, 0x5AD1, 0x4A50, 0x41CE, 0x394D, 0x30CB,
        0x9EDE, 0x9EDE, 0x9EDE, 0x9EDE, 0x965D, 0x95DB, 0x8D5A, 0x84D8, 0x7C57, 0x73D5, 0x6B54, 0x62D2, 0x6251, 0x59CF, 0x514D, 0x48CC,
        0x9EDE, 0x9EDE, 0x9EDE, 0x9EDE, 0x9E5D, 0x95DB, 0x955A, 0x8CD8, 0x8C77, 0x83F5, 0x8374, 0x7AF3, 0x7A71, 0x7210, 0x698E, 0x690D,
        0x9EDE, 0x9EDE, 0x9EDE, 0x9EDE, 0x9E5D, 0x9DDB, 0x9D7A, 0x9CF8, 0x9477, 0x9416, 0x9394, 0x9313, 0x92B1, 0x9230, 0x89AE, 0x894D,
        0x9EDE, 0x9EDE, 0x9EDE, 0x9EDE, 0xA65D, 0xA5FB, 0xA57A, 0xA518, 0xA497, 0xA435, 0xABB4, 0xAB52, 0xAAD1, 0xAA6F, 0xA9EE, 0xB18C,
        0x9EDE, 0x9EDE, 0x9EDE, 0x9EDE, 0xA65D, 0xA5FB, 0xAD99, 0xAD38, 0xB4B6, 0xB455, 0xBBF3, 0xBB91, 0xC310, 0xC2AE, 0xCA4D, 0xC9EB,
        0x9EDE, 0x9EDE, 0x9EDE, 0x9EDE, 0xA67C, 0xAE1B, 0xADB9, 0xB557, 0xBCF5, 0xC4B4, 0xC452, 0xCBF0, 0xD38F, 0xDB2D, 0xDACB, 0xE289,
        0x9EDE, 0x9EDE, 0x9EDE, 0x9EDE, 0xA67C, 0xAE3A, 0xB5F9, 0xBD97, 0xC555, 0xC513, 0xCCD1, 0xD46F, 0xDC2D, 0xE3EB, 0xEB89, 0xF348,
        0x9EDE, 0x9EDE, 0x9EDE, 0x9EDE, 0xA69C, 0xAE5A, 0xB638, 0xBDF6, 0xC5B4, 0xCD92, 0xD550, 0xDD0E, 0xE4EC, 0xECAA, 0xF468, 0xFC46,
        0x9EDE, 0x9EDE, 0x9EDE, 0x9EDE, 0xA6BC, 0xAE9A, 0xB658, 0xBE36, 0xC614, 0xCDF2, 0xD5D0, 0xDDAE, 0xE58C, 0xED6A, 0xF548, 0xFD26,
        0x9EDE, 0x9EDE, 0x9EDE, 0x9EDE, 0xA6BC, 0xAEBA, 0xB698, 0xBE77, 0xC675, 0xCE53, 0xD651, 0xDE2F, 0xE62D, 0xEE0B, 0xF609, 0xFDE7,
        0x9EDE, 0x9EDE, 0x9EDE, 0x9EDE, 0xA6DC, 0xAEBB, 0xB6B9, 0xBEB7, 0xC6B6, 0xCEB4, 0xD6B2, 0xDEB1, 0xE6AF, 0xEE8D, 0xF68C, 0xFE8A,
        0x9EDE, 0x9EDE, 0x9EDE, 0x9EDE, 0xA6DD, 0xAEDB, 0xB6DA, 0xBED8, 0xC6D7, 0xCEF5, 0xD6F4, 0xDEF2, 0xE6F1, 0xEEEF, 0xF6EE, 0xFEEC,
        0x9EDE, 0x9EDE, 0x9EDE, 0x9EDE, 0xA6DD, 0xAEDC, 0xB6FA, 0xBEF9, 0xC6F8, 0xCF16, 0xD715, 0xDF14, 0xE712, 0xEF31, 0xF730, 0xFF2F,
        0x9EDE, 0x9EDE, 0x9EDE, 0x9EDE, 0xA6DD, 0xAEFC, 0xB6FB, 0xBEFA, 0xC719, 0xCF18, 0xD736, 0xDF35, 0xE754, 0xEF53, 0xF752, 0x2065,
        0x9EDE, 0x9EDE, 0x9EDE, 0x9EDE, 0xA6DD, 0xAEFC, 0xB6FB, 0xBF1A, 0xC71A, 0xCF39, 0xD738, 0xDF57, 0xE776, 0xEF75, 0xF794, 0x2065,
    },
    {
        0x9EDE, 0x9EDE, 0x9EDE, 0x965D, 0x8DDB, 0x8559, 0x7CD8, 0x7456, 0x6BD5, 0x6353, 0x5AD1, 0x4A50, 0x41CE, 0x394D, 0x30CB, 0x30CB,
        0x9EDE, 0x9EDE, 0x9EDE, 0x965D, 0x95DB, 0x8D5A, 0x84D8, 0x7C57, 0x73D5, 0x6B54, 0x62D2, 0x6251, 0x59CF, 0x514D, 0x48CC, 0x48CC,
        0x9EDE, 0x9EDE, 0x9EDE, 0x9E5D, 0x95DB, 0x955A, 0x8CD8, 0x8C77, 0x83F5, 0x8374, 0x7AF3, 0x7A71, 0x7210, 0x698E, 0x690D, 0x690D,
        0x9EDE, 0x9EDE, 0x9EDE, 0x9E5D, 0x9DDB, 0x9D7A, 0x9CF8, 0x9477, 0x9416, 0x9394, 0x9313, 0x92B1, 0x9230, 0x89AE, 0x894D, 0x894D,
        0x9EDE, 0x9EDE, 0x9EDE, 0xA65D, 0xA5FB, 0xA57A, 0xA518, 0xA497, 0xA435, 0xABB4, 0xAB52, 0xAAD1, 0xAA6F, 0xA9EE, 0xB18C, 0xB18C,
        0x9EDE, 0x9EDE, 0x9EDE, 0xA65D, 0xA5FB, 0xAD99, 0xAD38, 0xB4B6, 0xB455, 0xBBF3, 0xBB91, 0xC310, 0xC2AE, 0xCA4D, 0xC9EB, 0xC9EB,
        0x9EDE, 0x9EDE, 0x9EDE, 0xA67C, 0xAE1B, 0xADB9, 0xB557, 0xBCF5, 0xC4B4, 0xC452, 0xCBF0, 0xD38F, 0xDB2D, 0xDACB, 0xE289, 0xE289,
        0x9EDE, 0x9EDE, 0x9EDE, 0xA67C, 0xAE3A, 0xB5F9, 0xBD97, 0xC555, 0xC513, 0xCCD1, 0xD46F, 0xDC2D, 0xE3EB, 0xEB89, 0xF348, 0xF348,
        0x9EDE, 0x9EDE, 0x9EDE, 0xA69C, 0xAE5A, 0xB638, 0xBDF6, 0xC5B4, 0xCD92, 0xD550, 0xDD0E, 0xE4EC, 0xECAA, 0xF468, 0xFC46, 0xFC46,
        0x9EDE, 0x9EDE, 0x9EDE, 0xA6BC, 0xAE9A, 0xB658, 0xBE36, 0xC614, 0xCDF2, 0xD5D0, 0xDDAE, 0xE58C, 0xED6A, 0xF548, 0xFD26, 0xFD26,
        0x9EDE, 0x9EDE, 0x9EDE, 0xA6BC, 0xAEBA, 0xB698, 0xBE77, 0xC675, 0xCE53, 0xD651, 0xDE2F, 0xE62D, 0xEE0B, 0xF609, 0xFDE7, 0xFDE7,
        0x9EDE, 0x9EDE, 0x9EDE, 0xA6DC, 0xAEBB, 0xB6B9, 0xBEB7, 0xC6B6, 0xCEB4, 0xD6B2, 0xDEB1, 0xE6AF, 0xEE8D, 0xF68C, 0xFE8A, 0xFE8A,
        0x9EDE, 0x9EDE, 0x9EDE, 0xA6DD, 0xAEDB, 0xB6DA, 0xBED8, 0xC6D7, 0xCEF5, 0xD6F4, 0xDEF2, 0xE6F1, 0xEEEF, 0xF6EE, 0xFEEC, 0xFEEC,
        0x9EDE, 0x9EDE, 0x9EDE, 0xA6DD, 0xAEDC, 0xB6FA, 0xBEF9, 0xC6F8, 0xCF16, 0xD715, 0xDF14, 0xE712, 0xEF31, 0xF730, 0xFF2F, 0xFF2F,
        0x9EDE, 0x9EDE, 0x9EDE, 0xA6DD, 0xAEFC, 0xB6FB, 0xBEFA, 0xC719, 0xCF18, 0xD736, 0xDF35, 0xE754, 0xEF53, 0xF752, 0x2065, 0x2065,
        0x9EDE, 0x9EDE, 0x9EDE, 0xA6DD, 0xAEFC, 0xB6FB, 0xBF1A, 0xC71A, 0xCF39, 0xD738, 0xDF57, 0xE776, 0xEF75, 0xF794, 0x2065, 0x2065,
    },
    {
        0x9EDE, 0x9EDE, 0x965D, 0x8DDB, 0x8559, 0x7CD8, 0x7456, 0x6BD5, 0x6353, 0x5AD1, 0x4A50, 0x41CE, 0x394D, 0x30CB, 0x30CB, 0x30CB,
        0x9EDE, 0x9EDE, 0x965D, 0x95DB, 0x8D5A, 0x84D8, 0x7C57, 0x73D5, 0x6B54, 0x62D2, 0x6251, 0x59CF, 0x514D, 0x48CC, 0x48CC, 0x48CC,
        0x9EDE, 0x9EDE, 0x9E5D, 0x95DB, 0x955A, 0x8CD8, 0x8C77, 0x83F5, 0x8374, 0x7AF3, 0x7A71, 0x7210, 0x698E, 0x690D, 0x690D, 0x690D,
        0x9EDE, 0x9EDE, 0x9E5D, 0x9DDB, 0x9D7A, 0x9CF8, 0x9477, 0x9416, 0x9394, 0x9313, 0x92B1, 0x9230, 0x89AE, 0x894D, 0x894D, 0x894D,
        0x9EDE, 0x9EDE, 0xA65D, 0xA5FB, 0xA57A, 0xA518, 0xA497, 0xA435, 0xABB4, 0xAB52, 0xAAD1, 0xAA6F, 0xA9EE, 0xB18C, 0xB18C, 0xB18C,
        0x9EDE, 0x9EDE, 0xA65D, 0xA5FB, 0xAD99, 0xAD38, 0xB4B6, 0xB455, 0xBBF3, 0xBB91, 0xC310, 0xC2AE, 0xCA4D, 0xC9EB, 0xC9EB, 0xC9EB,
        0x9EDE, 0x9EDE, 0xA67C, 0xAE1B, 0xADB9, 0xB557, 0xBCF5, 0xC4B4, 0xC452, 0xCBF0, 0xD38F, 0xDB2D, 0xDACB, 0xE289, 0xE289, 0xE289,
        0x9EDE, 0x9EDE, 0xA67C, 0xAE3A, 0xB5F9, 0xBD97, 0xC555, 0xC513, 0xCCD1, 0xD46F, 0xDC2D, 0xE3EB, 0xEB89, 0xF348, 0xF348, 0xF348,
        0x9EDE, 0x9EDE, 0xA69C, 0xAE5A, 0xB638, 0xBDF6, 0xC5B4, 0xCD92, 0xD550, 0xDD0E, 0xE4EC, 0xECAA, 0xF468, 0xFC46, 0xFC46, 0xFC46,
        0x9EDE, 0x9EDE, 0xA6BC, 0xAE9A, 0xB658, 0xBE36, 0xC614, 0xCDF2, 0xD5D0, 0xDDAE, 0xE58C, 0xED6A, 0xF548, 0xFD26, 0xFD26, 0xFD26,
        0x9EDE, 0x9EDE, 0xA6BC, 0xAEBA, 0xB698, 0xBE77, 0xC675, 0xCE53, 0xD651, 0xDE2F, 0xE62D, 0xEE0B, 0xF609, 0xFDE7, 0xFDE7, 0xFDE7,
        0x9EDE, 0x9EDE, 0xA6DC, 0xAEBB, 0xB6B9, 0xBEB7, 0xC6B6, 0xCEB4, 0xD6B2, 0xDEB1, 0xE6AF, 0xEE8D, 0xF68C, 0xFE8A, 0xFE8A, 0xFE8A,
        0x9EDE, 0x9EDE, 0xA6DD, 0xAEDB, 0xB6DA, 0xBED8, 0xC6D7, 0xCEF5, 0xD6F4, 0xDEF2, 0xE6F1, 0xEEEF, 0xF6EE, 0xFEEC, 0xFEEC, 0xFEEC,
        0x9EDE, 0x9EDE, 0xA6DD, 0xAEDC, 0xB6FA, 0xBEF9, 0xC6F8, 0xCF16, 0xD715, 0xDF14, 0xE712, 0xEF31, 0xF730, 0xFF2F, 0xFF2F, 0xFF2F,
        0x9EDE, 0x9EDE, 0xA6DD, 0xAEFC, 0xB6FB, 0xBEFA, 0xC719, 0xCF18, 0xD736, 0xDF35, 0xE754, 0xEF53, 0xF752, 0x2065, 0x2065, 0x2065,
        0x9EDE, 0x9EDE, 0xA6DD, 0xAEFC, 0xB6FB, 0xBF1A, 0xC71A, 0xCF39, 0xD738, 0xDF57, 0xE776, 0xEF75, 0xF794, 0x2065, 0x2065, 0x2065,
    },
    {
        0x9EDE, 0x965D, 0x8DDB, 0x8559, 0x7CD8, 0x7456, 0x6BD5, 0x6353, 0x5AD1, 0x4A50, 0x41CE, 0x394D, 0x30CB, 0x30CB, 0x30CB, 0x30CB,
        0x9EDE, 0x965D, 0x95DB, 0x8D5A, 0x84D8, 0x7C57, 0x73D5, 0x6B54, 0x62D2, 0x6251, 0x59CF, 0x514D, 0x48CC, 0x48CC, 0x48CC, 0x48CC,
        0x9EDE, 0x9E5D, 0x95DB, 0x955A, 0x8CD8, 0x8C77, 0x83F5, 0x8374, 0x7AF3, 0x7A71, 0x7210, 0x698E, 0x690D, 0x690D, 0x690D, 0x690D,
        0x9EDE, 0x9E5D, 0x9DDB, 0x9D7A, 0x9CF8, 0x9477, 0x9416, 0x9394, 0x9313, 0x92B1, 0x9230, 0x89AE, 0x894D, 0x894D, 0x894D, 0x894D,
        0x9EDE, 0xA65D, 0xA5FB, 0xA57A, 0xA518, 0xA497, 0xA435, 0xABB4, 0xAB52, 0xAAD1, 0xAA6F, 0xA9EE, 0xB18C, 0xB18C, 0xB18C, 0xB18C,
        0x9EDE, 0xA65D, 0xA5FB, 0xAD99, 0xAD38, 0xB4B6, 0xB455, 0xBBF3, 0xBB91, 0xC310, 0xC2AE, 0xCA4D, 0xC9EB, 0xC9EB, 0xC9EB, 0xC9EB,
        0x9EDE, 0xA67C, 0xAE1B, 0xADB9, 0xB557, 0xBCF5, 0xC4B4, 0xC452, 0xCBF0, 0xD38F, 0xDB2D, 0xDACB, 0xE289, 0xE289, 0xE289, 0xE289,
        0x9EDE, 0xA67C, 0xAE3A, 0xB5F9, 0xBD97, 0xC555, 0xC513, 0xCCD1, 0xD46F, 0xDC2D, 0xE3EB, 0xEB89, 0xF348, 0xF348, 0xF348, 0xF348,
        0x9EDE, 0xA69C, 0xAE5A, 0xB638, 0xBDF6, 0xC5B4, 0xCD92, 0xD550, 0xDD0E, 0xE4EC, 0xECAA, 0xF468, 0xFC46, 0xFC46, 0xFC46, 0xFC46,
        0x9EDE, 0xA6BC, 0xAE9A, 0xB658, 0xBE36, 0xC614, 0xCDF2, 0xD5D0, 0xDDAE, 0xE58C, 0xED6A, 0xF548, 0xFD26, 0xFD26, 0xFD26, 0xFD26,
        0x9EDE, 0xA6BC, 0xAEBA, 0xB698, 0xBE77, 0xC675, 0xCE53, 0xD651, 0xDE2F, 0xE62D, 0xEE0B, 0xF609, 0xFDE7, 0xFDE7, 0xFDE7, 0xFDE7,
        0x9EDE, 0xA6DC, 0xAEBB, 0xB6B9, 0xBEB7, 0xC6B6, 0xCEB4, 0xD6B2, 0xDEB1, 0xE6AF, 0xEE8D, 0xF68C, 0xFE8A, 0xFE8A, 0xFE8A, 0xFE8A,
        0x9EDE, 0xA6DD, 0xAEDB, 0xB6DA, 0xBED8, 0xC6D7, 0xCEF5, 0xD6F4, 0xDEF2, 0xE6F1, 0xEEEF, 0xF6EE, 0xFEEC, 0xFEEC, 0xFEEC, 0xFEEC,
        0x9EDE, 0xA6DD, 0xAEDC, 0xB6FA, 0xBEF9, 0xC6F8, 0xCF16, 0xD715, 0xDF14, 0xE712, 0xEF31, 0xF730, 0xFF2F, 0xFF2F, 0xFF2F, 0xFF2F,
        0x9EDE, 0xA6DD, 0xAEFC, 0xB6FB, 0xBEFA, 0xC719, 0xCF18, 0xD736, 0xDF35, 0xE754, 0xEF53, 0xF752, 0x2065, 0x2065, 0x2065, 0x2065,
        0x9EDE, 0xA6DD, 0xAEFC, 0xB6FB, 0xBF1A, 0xC71A, 0xCF39, 0xD738, 0xDF57, 0xE776, 0xEF75, 0xF794, 0x2065, 0x2065, 0x2065, 0x2065,
    },
    {
        0x965D, 0x8DDB, 0x8559, 0x7CD8, 0x7456, 0x6BD5, 0x6353, 0x5AD1, 0x4A50, 0x41CE, 0x394D, 0x30CB, 0x30CB, 0x30CB, 0x30CB, 0x30CB,
        0x965D, 0x95DB, 0x8D5A, 0x84D8, 0x7C57, 0x73D5, 0x6B54, 0x62D2, 0x6251, 0x59CF, 0x514D, 0x48CC, 0x48CC, 0x48CC, 0x48CC, 0x48CC,
        0x9E5D, 0x95DB, 0x955A, 0x8CD8, 0x8C77, 0x83F5, 0x8374, 0x7AF3, 0x7A71, 0x7210, 0x698E, 0x690D, 0x690D, 0x690D, 0x690D, 0x690D,
        0x9E5D, 0x9DDB, 0x9D7A, 0x9CF8, 0x9477, 0x9416, 0x9394, 0x9313, 0x92B1, 0x9230, 0x89AE, 0x894D, 0x894D, 0x894D, 0x894D, 0x894D,
        0xA65D, 0xA5FB, 0xA57A, 0xA518, 0xA497, 0xA435, 0xABB4, 0xAB52, 0xAAD1, 0xAA6F, 0xA9EE, 0xB18C, 0xB18C, 0xB18C, 0xB18C, 0xB18C,
        0xA65D, 0xA5FB, 0xAD99, 0xAD38, 0xB4B6, 0xB455, 0xBBF3, 0xBB91, 0xC310, 0xC2AE, 0xCA4D, 0xC9EB, 0xC9EB, 0xC9EB, 0xC9EB, 0xC9EB,
        0xA67C, 0xAE1B, 0xADB9, 0xB557, 0xBCF5, 0xC4B4, 0xC452, 0xCBF0, 0xD38F, 0xDB2D, 0xDACB, 0xE289, 0xE289, 0xE289, 0xE289, 0xE289,
        0xA67C, 0xAE3A, 0xB5F9, 0xBD97, 0xC555, 0xC513, 0xCCD1, 0xD46F, 0xDC2D, 0xE3EB, 0xEB89, 0xF348, 0xF348, 0xF348, 0xF348, 0xF348,
        0xA69C, 0xAE5A, 0xB638, 0xBDF6, 0xC5B4, 0xCD92, 0xD550, 0xDD0E, 0xE4EC, 0xECAA, 0xF468, 0xFC46, 0xFC46, 0xFC46, 0xFC46, 0xFC46,
        0xA6BC, 0xAE9A, 0xB658, 0xBE36, 0xC614, 0xCDF2, 0xD5D0, 0xDDAE, 0xE58C, 0xED6A, 0xF548, 0xFD26, 0xFD26, 0xFD26, 0xFD26, 0xFD26,
        0xA6BC, 0xAEBA, 0xB698, 0xBE77, 0xC675, 0xCE53, 0xD651, 0xDE2F, 0xE62D, 0xEE0B, 0xF609, 0xFDE7, 0xFDE7, 0xFDE7, 0xFDE7, 0xFDE7,
        0xA6DC, 0xAEBB, 0xB6B9, 0xBEB7, 0xC6B6, 0xCEB4, 0xD6B2, 0xDEB1, 0xE6AF, 0xEE8D, 0xF68C, 0xFE8A, 0xFE8A, 0xFE8A, 0xFE8A, 0xFE8A,
        0xA6DD, 0xAEDB, 0xB6DA, 0xBED8, 0xC6D7, 0xCEF5, 0xD6F4, 0xDEF2, 0xE6F1, 0xEEEF, 0xF6EE, 0xFEEC, 0xFEEC, 0xFEEC, 0xFEEC, 0xFEEC,
        0xA6DD, 0xAEDC, 0xB6FA, 0xBEF9, 0xC6F8, 0xCF16, 0xD715, 0xDF14, 0xE712, 0xEF31, 0xF730, 0xFF2F, 0xFF2F, 0xFF2F, 0xFF2F, 0xFF2F,
        0xA6DD, 0xAEFC, 0xB6FB, 0xBEFA, 0xC719, 0xCF18, 0xD736, 0xDF35, 0xE754, 0xEF53, 0xF752, 0x2065, 0x2065, 0x2065, 0x2065, 0x2065,
        0xA6DD, 0xAEFC, 0xB6FB, 0xBF1A, 0xC71A, 0xCF39, 0xD738, 0xDF57, 0xE776, 0xEF75, 0xF794, 0x2065, 0x2065, 0x2065, 0x2065, 0x2065,
    },
    {
        0x8DDB, 0x8559, 0x7CD8, 0x7456, 0x6BD5, 0x6353, 0x5AD1, 0x4A50, 0x41CE, 0x394D, 0x30CB, 0x30CB, 0x30CB, 0x30CB, 0x30CB, 0x30CB,
        0x95DB, 0x8D5A, 0x84D8, 0x7C57, 0x73D5, 0x6B54, 0x62D2, 0x6251, 0x59CF, 0x514D, 0x48CC, 0x48CC, 0x48CC, 0x48CC, 0x48CC, 0x48CC,
        0x95DB, 0x955A, 0x8CD8, 0x8C77, 0x83F5, 0x8374, 0x7AF3, 0x7A71, 0x7210, 0x698E, 0x690D, 0x690D, 0x690D, 0x690D, 0x690D, 0x690D,
        0x9DDB, 0x9D7A, 0x9CF8, 0x9477, 0x9416, 0x9394, 0x9313, 0x92B1, 0x9230, 0x89AE, 0x894D, 0x894D, 0x894D, 0x894D, 0x894D, 0x894D,
        0xA5FB, 0xA57A, 0xA518, 0xA497, 0xA435, 0xABB4, 0xAB52, 0xAAD1, 0xAA6F, 0xA9EE, 0xB18C, 0xB18C, 0xB18C, 0xB18C, 0xB18C, 0xB18C,
        0xA5FB, 0xAD99, 0xAD38, 0xB4B6, 0xB455, 0xBBF3, 0xBB91, 0xC310, 0xC2AE, 0xCA4D, 0xC9EB, 0xC9EB, 0xC9EB, 0xC9EB, 0xC9EB, 0xC9EB,
        0xAE1B, 0xADB9, 0xB557, 0xBCF5, 0xC4B4, 0xC452, 0xCBF0, 0xD38F, 0xDB2D, 0xDACB, 0xE289, 0xE289, 0xE289, 0xE289, 0xE289, 0xE289,
        0xAE3A, 0xB5F9, 0xBD97, 0xC555, 0xC513, 0xCCD1, 0xD46F, 0xDC2D, 0xE3EB, 0xEB89, 0xF348, 0xF348, 0xF348, 0xF348, 0xF348, 0xF348,
        0xAE5A, 0xB638, 0xBDF6, 0xC5B4, 0xCD92, 0xD550, 0xDD0E, 0xE4EC, 0xECAA, 0xF468, 0xFC46, 0xFC46, 0xFC46, 0xFC46, 0xFC46, 0xFC46,
        0xAE9A, 0xB658, 0xBE36, 0xC614, 0xCDF2, 0xD5D0, 0xDDAE, 0xE58C, 0xED6A, 0xF548, 0xFD26, 0xFD26, 0xFD26, 0xFD26, 0xFD26, 0xFD26,
        0xAEBA, 0xB698, 0xBE77, 0xC675, 0xCE53, 0xD651, 0xDE2F, 0xE62D, 0xEE0B, 0xF609, 0xFDE7, 0xFDE7, 0xFDE7, 0xFDE7, 0xFDE7, 0xFDE7,
        0xAEBB, 0xB6B9, 0xBEB7, 0xC6B6, 0xCEB4, 0xD6B2, 0xDEB1, 0xE6AF, 0xEE8D, 0xF68C, 0xFE8A, 0xFE8A, 0xFE8A, 0xFE8A, 0xFE8A, 0xFE8A,
        0xAEDB, 0xB6DA, 0xBED8, 0xC6D7, 0xCEF5, 0xD6F4, 0xDEF2, 0xE6F1, 0xEEEF, 0xF6EE, 0xFEEC, 0xFEEC, 0xFEEC, 0xFEEC, 0xFEEC, 0xFEEC,
        0xAEDC, 0xB6FA, 0xBEF9, 0xC6F8, 0xCF16, 0xD715, 0xDF14, 0xE712, 0xEF31, 0xF730, 0xFF2F, 0xFF2F, 0xFF2F, 0xFF2F, 0xFF2F, 0xFF2F,
        0xAEFC, 0xB6FB, 0xBEFA, 0xC719, 0xCF18, 0xD736, 0xDF35, 0xE754, 0xEF53, 0xF752, 0x2065, 0x2065, 0x2065, 0x2065, 0x2065, 0x2065,
        0xAEFC, 0xB6FB, 0xBF1A, 0xC71A, 0xCF39, 0xD738, 0xDF57, 0xE776, 0xEF75, 0xF794, 0x2065, 0x2065, 0x2065, 0x2065, 0x2065, 0x2065,
    },
    {
        0x8559, 0x7CD8, 0x7456, 0x6BD5, 0x6353, 0x5AD1, 0x4A50, 0x41CE, 0x394D, 0x30CB, 0x30CB, 0x30CB, 0x30CB, 0x30CB, 0x30CB, 0x30CB,
        0x8D5A, 0x84D8, 0x7C57, 0x73D5, 0x6B54, 0x62D2, 0x6251, 0x59CF, 0x514D, 0x48CC, 0x48CC, 0x48CC, 0x48CC, 0x48CC, 0x48CC, 0x48CC,
        0x955A, 0x8CD8, 0x8C77, 0x83F5, 0x8374, 0x7AF3, 0x7A71, 0x7210, 0x698E, 0x690D, 0x690D, 0x690D, 0x690D, 0x690D, 0x690D, 0x690D,
        0x9D7A, 0x9CF8, 0x9477, 0x9416, 0x9394, 0x9313, 0x92B1, 0x9230, 0x89AE, 0x894D, 0x894D, 0x894D, 0x894D, 0x894D, 0x894D, 0x894D,
        0xA57A, 0xA518, 0xA497, 0xA435, 0xABB4, 0xAB52, 0xAAD1, 0xAA6F, 0xA9EE, 0xB18C, 0xB18C, 0xB18C, 0xB18C, 0xB18C, 0xB18C, 0xB18C,
        0xAD99, 0xAD38, 0xB4B6, 0xB455, 0xBBF3, 0xBB91, 0xC310, 0xC2AE, 0xCA4D, 0xC9EB, 0xC9EB, 0xC9EB, 0xC9EB, 0xC9EB, 0xC9EB, 0xC9EB,
        0xADB9, 0xB557, 0xBCF5, 0xC4B4, 0xC452, 0xCBF0, 0xD38F, 0xDB2D, 0xDACB, 0xE289, 0xE289, 0xE289, 0xE289, 0xE289, 0xE289, 0xE289,
        0xB5F9, 0xBD97, 0xC555, 0xC513, 0xCCD1, 0xD46F, 0xDC2D, 0xE3EB, 0xEB89, 0xF348, 0xF348, 0xF348, 0xF348, 0xF348, 0xF348, 0xF348,
        0xB638, 0xBDF6, 0xC5B4, 0xCD92, 0xD550, 0xDD0E, 0xE4EC, 0xECAA, 0xF468, 0xFC46, 0xFC46, 0xFC46, 0xFC46, 0xFC46, 0xFC46, 0xFC46,
        0xB658, 0xBE36, 0xC614, 0xCDF2, 0xD5D0, 0xDDAE, 0xE58C, 0xED6A, 0xF548, 0xFD26, 0xFD26, 0xFD26, 0xFD26, 0xFD26, 0xFD26, 0xFD26,
        0xB698, 0xBE77, 0xC675, 0xCE53, 0xD651, 0xDE2F, 0xE62D, 0xEE0B, 0xF609, 0xFDE7, 0xFDE7, 0xFDE7, 0xFDE7, 0xFDE7, 0xFDE7, 0xFDE7,
        0xB6B9, 0xBEB7, 0xC6B6, 0xCEB4, 0xD6B2, 0xDEB1, 0xE6AF, 0xEE8D, 0xF68C, 0xFE8A, 0xFE8A, 0xFE8A, 0xFE8A, 0xFE8A, 0xFE8A, 0xFE8A,
        0xB6DA, 0xBED8, 0xC6D7, 0xCEF5, 0xD6F4, 0xDEF2, 0xE6F1, 0xEEEF, 0xF6EE, 0xFEEC, 0xFEEC, 0xFEEC, 0xFEEC, 0xFEEC, 0xFEEC, 0xFEEC,
        0xB6FA, 0xBEF9, 0xC6F8, 0xCF16, 0xD715, 0xDF14, 0xE712, 0xEF31, 0xF730, 0xFF2F, 0xFF2F, 0xFF2F, 0xFF2F, 0xFF2F, 0xFF2F, 0x2065,
        0xB6FB, 0xBEFA, 0xC719, 0xCF18, 0xD736, 0xDF35, 0xE754, 0xEF53, 0xF752, 0x2065, 0x2065, 0x2065, 0x2065, 0x2065, 0x2065, 0x2065,
        0xB6FB, 0xBF1A, 0xC71A, 0xCF39, 0xD738, 0xDF57, 0xE776, 0xEF75, 0xF794, 0x2065, 0x2065, 0x2065, 0x2065, 0x2065, 0x2065, 0x2065,
    },
    {
        0x7CD8, 0x7456, 0x6BD5, 0x6353, 0x5AD1, 0x4A50, 0x41CE, 0x394D, 0x30CB, 0x30CB, 0x30CB, 0x30CB, 0x30CB, 0x30CB, 0x30CB, 0x30CB,
        0x84D8, 0x7C57, 0x73D5, 0x6B54, 0x62D2, 0x6251, 0x59CF, 0x514D, 0x48CC, 0x48CC, 0x48CC, 0x48CC, 0x48CC, 0x48CC, 0x48CC, 0x48CC,
        0x8CD8, 0x8C77, 0x83F5, 0x8374, 0x7AF3, 0x7A71, 0x7210, 0x698E, 0x690D, 0x690D, 0x690D, 0x690D, 0x690D, 0x690D, 0x690D, 0x690D,
        0x9CF8, 0x9477, 0x9416, 0x9394, 0x9313, 0x92B1, 0x9230, 0x89AE, 0x894D, 0x894D, 0x894D, 0x894D, 0x894D, 0x894D, 0x894D, 0x894D,
        0xA518, 0xA497, 0xA435, 0xABB4, 0xAB52, 0xAAD1, 0xAA6F, 0xA9EE, 0xB18C, 0xB18C, 0xB18C, 0xB18C, 0xB18C, 0xB18C, 0xB18C, 0xB18C,
        0xAD38, 0xB4B6, 0xB455, 0xBBF3, 0xBB91, 0xC310, 0xC2AE, 0xCA4D, 0xC9EB, 0xC9EB, 0xC9EB, 0xC9EB, 0xC9EB, 0xC9EB, 0xC9EB, 0xC9EB,
        0xB557, 0xBCF5, 0xC4B4, 0xC452, 0xCBF0, 0xD38F, 0xDB2D, 0xDACB, 0xE289, 0xE289, 0xE289, 0xE289, 0xE289, 0xE289, 0xE289, 0xE289,
        0xBD97, 0xC555, 0xC513, 0xCCD1, 0xD46F, 0xDC2D, 0xE3EB, 0xEB89, 0xF348, 0xF348, 0xF348, 0xF348, 0xF348, 0xF348, 0xF348, 0xF348,
        0xBDF6, 0xC5B4, 0xCD92, 0xD550, 0xDD0E, 0xE4EC, 0xECAA, 0xF468, 0xFC46, 0xFC46, 0xFC46, 0xFC46, 0xFC46, 0xFC46, 0xFC46, 0xFC46,
        0xBE36, 0xC614, 0xCDF2, 0xD5D0, 0xDDAE, 0xE58C, 0xED6A, 0xF548, 0xFD26, 0xFD26, 0xFD26, 0xFD26, 0xFD26, 0xFD26, 0xFD26, 0xFD26,
        0xBE77, 0xC675, 0xCE53, 0xD651, 0xDE2F, 0xE62D, 0xEE0B, 0xF609, 0xFDE7, 0xFDE7, 0xFDE7, 0xFDE7, 0xFDE7, 0xFDE7, 0xFDE7, 0xFDE7,
        0xBEB7, 0xC6B6, 0xCEB4, 0xD6B2, 0xDEB1, 0xE6AF, 0xEE8D, 0xF68C, 0xFE8A, 0xFE8A, 0xFE8A, 0xFE8A, 0xFE8A, 0xFE8A, 0xFE8A, 0xFE8A,
        0xBED8, 0xC6D7, 0xCEF5, 0xD6F4, 0xDEF2, 0xE6F1, 0xEEEF, 0xF6EE, 0xFEEC, 0xFEEC, 0xFEEC, 0xFEEC, 0xFEEC, 0xFEEC, 0xFEEC, 0x2065,
        0xBEF9, 0xC6F8, 0xCF16, 0xD715, 0xDF14, 0xE712, 0xEF31, 0xF730, 0xFF2F, 0xFF2F, 0xFF2F, 0xFF2F, 0xFF2F, 0xFF2F, 0x2065, 0x2065,
        0xBEFA, 0xC719, 0xCF18, 0xD736, 0xDF35, 0xE754, 0xEF53, 0xF752, 0x2065, 0x2065, 0x2065, 0x2065, 0x2065, 0x2065, 0x2065, 0x2065,
        0xBF1A, 0xC71A, 0xCF39, 0xD738, 0xDF57, 0xE776, 0xEF75, 0xF794, 0x2065, 0x2065, 0x2065, 0x2065, 0x2065, 0x2065, 0x2065, 0x2065,
    },
    {
        0x7456, 0x6BD5, 0x6353, 0x5AD1, 0x4A50, 0x41CE, 0x394D, 0x30CB, 0x30CB, 0x30CB, 0x30CB, 0x30CB, 0x30CB, 0x30CB, 0x30CB, 0x30CB,
        0x7C57, 0x73D5, 0x6B54, 0x62D2, 0x6251, 0x59CF, 0x514D, 0x48CC, 0x48CC, 0x48CC, 0x48CC, 0x48CC, 0x48CC, 0x48CC, 0x48CC, 0x48CC,
        0x8C77, 0x83F5, 0x8374, 0x7AF3, 0x7A71, 0x7210, 0x698E, 0x690D, 0x690D, 0x690D, 0x690D, 0x690D, 0x690D, 0x690D, 0x690D, 0x690D,
        0x9477, 0x9416, 0x9394, 0x9313, 0x92B1, 0x9230, 0x89AE, 0x894D, 0x894D, 0x894D, 0x894D, 0x894D, 0x894D, 0x894D, 0x894D, 0x894D,
        0xA497, 0xA435, 0xABB4, 0xAB52, 0xAAD1, 0xAA6F, 0xA9EE, 0xB18C, 0xB18C, 0xB18C, 0xB18C, 0xB18C, 0xB18C, 0xB18C, 0xB18C, 0xB18C,
        0xB4B6, 0xB455, 0xBBF3, 0xBB91, 0xC310, 0xC2AE, 0xCA4D, 0xC9EB, 0xC9EB, 0xC9EB, 0xC9EB, 0xC9EB, 0xC9EB, 0xC9EB, 0xC9EB, 0xC9EB,
        0xBCF5, 0xC4B4, 0xC452, 0xCBF0, 0xD38F, 0xDB2D, 0xDACB, 0xE289, 0xE289, 0xE289, 0xE289, 0xE289, 0xE289, 0xE289, 0xE289, 0xE289,
        0xC555, 0xC513, 0xCCD1, 0xD46F, 0xDC2D, 0xE3EB, 0xEB89, 0xF348, 0xF348, 0xF348, 0xF348, 0xF348, 0xF348, 0xF348, 0xF348, 0xF348,
        0xC5B4, 0xCD92, 0xD550, 0xDD0E, 0xE4EC, 0xECAA, 0xF468, 0xFC46, 0xFC46, 0xFC46, 0xFC46, 0xFC46, 0xFC46, 0xFC46, 0xFC46, 0xFC46,
        0xC614, 0xCDF2, 0xD5D0, 0xDDAE, 0xE58C, 0xED6A, 0xF548, 0xFD26, 0xFD26, 0xFD26, 0xFD26, 0xFD26, 0xFD26, 0xFD26, 0xFD26, 0xFD26,
        0xC675, 0xCE53, 0xD651, 0xDE2F, 0xE62D, 0xEE0B, 0xF609, 0xFDE7, 0xFDE7, 0xFDE7, 0xFDE7, 0xFDE7, 0xFDE7, 0xFDE7, 0xFDE7, 0xFDE7,
        0xC6B6, 0xCEB4, 0xD6B2, 0xDEB1, 0xE6AF, 0xEE8D, 0xF68C, 0xFE8A, 0xFE8A, 0xFE8A, 0xFE8A, 0xFE8A, 0xFE8A, 0xFE8A, 0xFE8A, 0xFE8A,
        0xC6D7, 0xCEF5, 0xD6F4, 0xDEF2, 0xE6F1, 0xEEEF, 0xF6EE, 0xFEEC, 0xFEEC, 0xFEEC, 0xFEEC, 0xFEEC, 0xFEEC, 0xFEEC, 0x2065, 0x2065,
        0xC6F8, 0xCF16, 0xD715, 0xDF14, 0xE712, 0xEF31, 0xF730, 0xFF2F, 0xFF2F, 0xFF2F, 0xFF2F, 0xFF2F, 0xFF2F, 0x2065, 0x2065, 0x2065,
        0xC719, 0xCF18, 0xD736, 0xDF35, 0xE754, 0xEF53, 0xF752, 0x2065, 0x2065, 0x2065, 0x2065, 0x2065, 0x2065, 0x2065, 0x2065, 0x2065,
        0xC71A, 0xCF39, 0xD738, 0xDF57, 0xE776, 0xEF75, 0xF794, 0x2065, 0x2065, 0x2065, 0x2065, 0x2065, 0x2065, 0x2065, 0x2065, 0x2065,
    },
    {
        0x6BD5, 0x6353, 0x5AD1, 0x4A50, 0x41CE, 0x394D, 0x30CB, 0x30CB, 0x30CB, 0x30CB, 0x30CB, 0x30CB, 0x30CB, 0x30CB, 0x30CB, 0x30CB,
        0x73D5, 0x6B54, 0x62D2, 0x6251, 0x59CF, 0x514D, 0x48CC, 0x48CC, 0x48CC, 0x48CC, 0x48CC, 0x48CC, 0x48CC, 0x48CC, 0x48CC, 0x48CC,
        0x83F5, 0x8374, 0x7AF3, 0x7A71, 0x7210, 0x698E, 0x690D, 0x690D, 0x690D, 0x690D, 0x690D, 0x690D, 0x690D, 0x690D, 0x690D, 0x690D,
        0x9416, 0x9394, 0x9313, 0x92B1, 0x9230, 0x89AE, 0x894D, 0x894D, 0x894D, 0x894D, 0x894D, 0x894D, 0x894D, 0x894D, 0x894D, 0x894D,
        0xA435, 0xABB4, 0xAB52, 0xAAD1, 0xAA6F, 0xA9EE, 0xB18C, 0xB18C, 0xB18C, 0xB18C, 0xB18C, 0xB18C, 0xB18C, 0xB18C, 0xB18C, 0xB18C,
        0xB455, 0xBBF3, 0xBB91, 0xC310, 0xC2AE, 0xCA4D, 0xC9EB, 0xC9EB, 0xC9EB, 0xC9EB, 0xC9EB, 0xC9EB, 0xC9EB, 0xC9EB, 0xC9EB, 0xC9EB,
        0xC4B4, 0xC452, 0xCBF0, 0xD38F, 0xDB2D, 0xDACB, 0xE289, 0xE289, 0xE289, 0xE289, 0xE289, 0xE289, 0xE289, 0xE289, 0xE289, 0xE289,
        0xC513, 0xCCD1, 0xD46F, 0xDC2D, 0xE3EB, 0xEB89, 0xF348, 0xF348, 0xF348, 0xF348, 0xF348, 0xF348, 0xF348, 0xF348, 0xF348, 0xF348,
        0xCD92, 0xD550, 0xDD0E, 0xE4EC, 0xECAA, 0xF468, 0xFC46, 0xFC46, 0xFC46, 0xFC46, 0xFC46, 0xFC46, 0xFC46, 0xFC46, 0xFC46, 0xFC46,
        0xCDF2, 0xD5D0, 0xDDAE, 0xE58C, 0xED6A, 0xF548, 0xFD26, 0xFD26, 0xFD26, 0xFD26, 0xFD26, 0xFD26, 0xFD26, 0xFD26, 0xFD26, 0xFD26,
        0xCE53, 0xD651, 0xDE2F, 0xE62D, 0xEE0B, 0xF609, 0xFDE7, 0xFDE7, 0xFDE7, 0xFDE7, 0xFDE7, 0xFDE7, 0xFDE7, 0xFDE7, 0xFDE7, 0xFDE7,
        0xCEB4, 0xD6B2, 0xDEB1, 0xE6AF, 0xEE8D, 0xF68C, 0xFE8A, 0xFE8A, 0xFE8A, 0xFE8A, 0xFE8A, 0xFE8A, 0xFE8A, 0xFE8A, 0xFE8A, 0xFE8A,
        0xCEF5, 0xD6F4, 0xDEF2, 0xE6F1, 0xEEEF, 0xF6EE, 0xFEEC, 0xFEEC, 0xFEEC, 0xFEEC, 0xFEEC, 0xFEEC, 0xFEEC, 0x2065, 0x2065, 0x2065,
        0xCF16, 0xD715, 0xDF14, 0xE712, 0xEF31, 0xF730, 0xFF2F, 0xFF2F, 0xFF2F, 0xFF2F, 0xFF2F, 0xFF2F, 0x2065, 0x2065, 0x2065, 0x2065,
        0xCF18, 0xD736, 0xDF35, 0xE754, 0xEF53, 0xF752, 0x2065, 0x2065, 0x2065, 0x2065, 0x2065, 0x2065, 0x2065, 0x2065, 0x2065, 0x2065,
        0xCF39, 0xD738, 0xDF57, 0xE776, 0xEF75, 0xF794, 0x2065, 0x2065, 0x2065, 0x2065, 0x2065, 0x2065, 0x2065, 0x2065, 0x2065, 0x2065,
    },
    {
        0x6353, 0x5AD1, 0x4A50, 0x41CE, 0x394D, 0x30CB, 0x30CB, 0x30CB, 0x30CB, 0x30CB, 0x30CB, 0x30CB, 0x30CB, 0x30CB, 0x30CB, 0x30CB,
        0x6B54, 0x62D2, 0x6251, 0x59CF, 0x514D, 0x48CC, 0x48CC, 0x48CC, 0x48CC, 0x48CC, 0x48CC, 0x48CC, 0x48CC, 0x48CC, 0x48CC, 0x48CC,
        0x8374, 0x7AF3, 0x7A71, 0x7210, 0x698E, 0x690D, 0x690D, 0x690D, 0x690D, 0x690D, 0x690D, 0x690D, 0x690D, 0x690D, 0x690D, 0x690D,
        0x9394, 0x9313, 0x92B1, 0x9230, 0x89AE, 0x894D, 0x894D, 0x894D, 0x894D, 0x894D, 0x894D, 0x894D, 0x894D, 0x894D, 0x894D, 0x894D,
        0xABB4, 0xAB52, 0xAAD1, 0xAA6F, 0xA9EE, 0xB18C, 0xB18C, 0xB18C, 0xB18C, 0xB18C, 0xB18C, 0xB18C, 0xB18C, 0xB18C, 0xB18C, 0xB18C,
        0xBBF3, 0xBB91, 0xC310, 0xC2AE, 0xCA4D, 0xC9EB, 0xC9EB, 0xC9EB, 0xC9EB, 0xC9EB, 0xC9EB, 0xC9EB, 0xC9EB, 0xC9EB, 0xC9EB, 0xC9EB,
        0xC452, 0xCBF0, 0xD38F, 0xDB2D, 0xDACB, 0xE289, 0xE289, 0xE289, 0xE289, 0xE289, 0xE289, 0xE289, 0xE289, 0xE289, 0xE289, 0xE289,
        0xCCD1, 0xD46F, 0xDC2D, 0xE3EB, 0xEB89, 0xF348, 0xF348, 0xF348, 0xF348, 0xF348, 0xF348, 0xF348, 0xF348, 0xF348, 0xF348, 0xF348,
        0xD550, 0xDD0E, 0xE4EC, 0xECAA, 0xF468, 0xFC46, 0xFC46, 0xFC46, 0xFC46, 0xFC46, 0xFC46, 0xFC46, 0xFC46, 0xFC46, 0xFC46, 0xFC46,
        0xD5D0, 0xDDAE, 0xE58C, 0xED6A, 0xF548, 0xFD26, 0xFD26, 0xFD26, 0xFD26, 0xFD26, 0xFD26, 0xFD26, 0xFD26, 0xFD26, 0xFD26, 0xFD26,
        0xD651, 0xDE2F, 0xE62D, 0xEE0B, 0xF609, 0xFDE7, 0xFDE7, 0xFDE7, 0xFDE7, 0xFDE7, 0xFDE7, 0xFDE7, 0xFDE7, 0xFDE7, 0xFDE7, 0xFDE7,
        0xD6B2, 0xDEB1, 0xE6AF, 0xEE8D, 0xF68C, 0xFE8A, 0xFE8A, 0xFE8A, 0xFE8A, 0xFE8A, 0xFE8A, 0xFE8A, 0xFE8A, 0xFE8A, 0xFE8A, 0x2065,
        0xD6F4, 0xDEF2, 0xE6F1, 0xEEEF, 0xF6EE, 0xFEEC, 0xFEEC, 0xFEEC, 0xFEEC, 0xFEEC, 0xFEEC, 0xFEEC, 0x2065, 0x2065, 0x2065, 0x2065,
        0xD715, 0xDF14, 0xE712, 0xEF31, 0xF730, 0xFF2F, 0xFF2F, 0xFF2F, 0xFF2F, 0xFF2F, 0xFF2F, 0x2065, 0x2065, 0x2065, 0x2065, 0x2065,
        0xD736, 0xDF35, 0xE754, 0xEF53, 0xF752, 0x2065, 0x2065, 0x2065, 0x2065, 0x2065, 0x2065, 0x2065, 0x2065, 0x2065, 0x2065, 0x2065,
        0xD738, 0xDF57, 0xE776, 0xEF75, 0xF794, 0x2065, 0x2065, 0x2065, 0x2065, 0x2065, 0x2065, 0x2065, 0x2065, 0x2065, 0x2065, 0x2065,
    },
    {
        0x5AD1, 0x4A50, 0x41CE, 0x394D, 0x30CB, 0x30CB, 0x30CB, 0x30CB, 0x30CB, 0x30CB, 0x30CB, 0x30CB, 0x30CB, 0x30CB, 0x30CB, 0x30CB,
        0x62D2, 0x6251, 0x59CF, 0x514D, 0x48CC, 0x48CC, 0x48CC, 0x48CC, 0x48CC, 0x48CC, 0x48CC, 0x48CC, 0x48CC, 0x48CC, 0x48CC, 0x48CC,
        0x7AF3, 0x7A71, 0x7210, 0x698E, 0x690D, 0x690D, 0x690D, 0x690D, 0x690D, 0x690D, 0x690D, 0x690D, 0x690D, 0x690D, 0x690D, 0x690D,
        0x9313, 0x92B1, 0x9230, 0x89AE, 0x894D, 0x894D, 0x894D, 0x894D, 0x894D, 0x894D, 0x894D, 0x894D, 0x894D, 0x894D, 0x894D, 0x894D,
        0xAB52, 0xAAD1, 0xAA6F, 0xA9EE, 0xB18C, 0xB18C, 0xB18C, 0xB18C, 0xB18C, 0xB18C, 0xB18C, 0xB18C, 0xB18C, 0xB18C, 0xB18C, 0xB18C,
        0xBB91, 0xC310, 0xC2AE, 0xCA4D, 0xC9EB, 0xC9EB, 0xC9EB, 0xC9EB, 0xC9EB, 0xC9EB, 0xC9EB, 0xC9EB, 0xC9EB, 0xC9EB, 0xC9EB, 0xC9EB,
        0xCBF0, 0xD38F, 0xDB2D, 0xDACB, 0xE289, 0xE289, 0xE289, 0xE289, 0xE289, 0xE289, 0xE289, 0xE289, 0xE289, 0xE289, 0xE289, 0xE289,
        0xD46F, 0xDC2D, 0xE3EB, 0xEB89, 0xF348, 0xF348, 0xF348, 0xF348, 0xF348, 0xF348, 0xF348, 0xF348, 0xF348, 0xF348, 0xF348, 0xF348,
        0xDD0E, 0xE4EC, 0xECAA, 0xF468, 0xFC46, 0xFC46, 0xFC46, 0xFC46, 0xFC46, 0xFC46, 0xFC46, 0xFC46, 0xFC46, 0xFC46, 0xFC46, 0xFC46,
        0xDDAE, 0xE58C, 0xED6A, 0xF548, 0xFD26, 0xFD26, 0xFD26, 0xFD26, 0xFD26, 0xFD26, 0xFD26, 0xFD26, 0xFD26, 0xFD26, 0xFD26, 0xFD26,
        0xDE2F, 0xE62D, 0xEE0B, 0xF609, 0xFDE7, 0xFDE7, 0xFDE7, 0xFDE7, 0xFDE7, 0xFDE7, 0xFDE7, 0xFDE7, 0xFDE7, 0xFDE7, 0xFDE7, 0xFDE7,
        0xDEB1, 0xE6AF, 0xEE8D, 0xF68C, 0xFE8A, 0xFE8A, 0xFE8A, 0xFE8A, 0xFE8A, 0xFE8A, 0xFE8A, 0xFE8A, 0xFE8A, 0xFE8A, 0x2065, 0x2065,
        0xDEF2, 0xE6F1, 0xEEEF, 0xF6EE, 0xFEEC, 0xFEEC, 0xFEEC, 0xFEEC, 0xFEEC, 0xFEEC, 0xFEEC, 0x2065, 0x2065, 0x2065, 0x2065, 0x2065,
        0xDF14, 0xE712, 0xEF31, 0xF730, 0xFF2F, 0xFF2F, 0xFF2F, 0xFF2F, 0xFF2F, 0xFF2F, 0x2065, 0x2065, 0x2065, 0x2065, 0x2065, 0x2065,
        0xDF35, 0xE754, 0xEF53, 0xF752, 0x2065, 0x2065, 0x2065, 0x2065, 0x2065, 0x2065, 0x2065, 0x2065, 0x2065, 0x2065, 0x2065, 0x2065,
        0xDF57, 0xE776, 0xEF75, 0xF794, 0x2065, 0x2065, 0x2065, 0x2065, 0x2065, 0x2065, 0x2065, 0x2065, 0x2065, 0x2065, 0x2065, 0x2065,
    },
    {
        0x4A50, 0x41CE, 0x394D, 0x30CB, 0x30CB, 0x30CB, 0x30CB, 0x30CB, 0x30CB, 0x30CB, 0x30CB, 0x30CB, 0x30CB, 0x30CB, 0x30CB, 0x30CB,
        0x6251, 0x59CF, 0x514D, 0x48CC, 0x48CC, 0x48CC, 0x48CC, 0x48CC, 0x48CC, 0x48CC, 0x48CC, 0x48CC, 0x48CC, 0x48CC, 0x48CC, 0x48CC,
        0x7A71, 0x7210, 0x698E, 0x690D, 0x690D, 0x690D, 0x690D, 0x690D, 0x690D, 0x690D, 0x690D, 0x690D, 0x690D, 0x690D, 0x690D, 0x690D,
        0x92B1, 0x9230, 0x89AE, 0x894D, 0x894D, 0x894D, 0x894D, 0x894D, 0x894D, 0x894D, 0x894D, 0x894D, 0x894D, 0x894D, 0x894D, 0x894D,
        0xAAD1, 0xAA6F, 0xA9EE, 0xB18C, 0xB18C, 0xB18C, 0xB18C, 0xB18C, 0xB18C, 0xB18C, 0xB18C, 0xB18C, 0xB18C, 0xB18C, 0xB18C, 0xB18C,
        0xC310, 0xC2AE, 0xCA4D, 0xC9EB, 0xC9EB, 0xC9EB, 0xC9EB, 0xC9EB, 0xC9EB, 0xC9EB, 0xC9EB, 0xC9EB, 0xC9EB, 0xC9EB, 0xC9EB, 0xC9EB,
        0xD38F, 0xDB2D, 0xDACB, 0xE289, 0xE289, 0xE289, 0xE289, 0xE289, 0xE289, 0xE289, 0xE289, 0xE289, 0xE289, 0xE289, 0xE289, 0xE289,
        0xDC2D, 0xE3EB, 0xEB89, 0xF348, 0xF348, 0xF348, 0xF348, 0xF348, 0xF348, 0xF348, 0xF348, 0xF348, 0xF348, 0xF348, 0xF348, 0xF348,
        0xE4EC, 0xECAA, 0xF468, 0xFC46, 0xFC46, 0xFC46, 0xFC46, 0xFC46, 0xFC46, 0xFC46, 0xFC46, 0xFC46, 0xFC46, 0xFC46, 0xFC46, 0xFC46,
        0xE58C, 0xED6A, 0xF548, 0xFD26, 0xFD26, 0xFD26, 0xFD26, 0xFD26, 0xFD26, 0xFD26, 0xFD26, 0xFD26, 0xFD26, 0xFD26, 0xFD26, 0xFD26,
        0xE62D, 0xEE0B, 0xF609, 0xFDE7, 0xFDE7, 0xFDE7, 0xFDE7, 0xFDE7, 0xFDE7, 0xFDE7, 0xFDE7, 0xFDE7, 0xFDE7, 0xFDE7, 0xFDE7, 0xFDE7,
        0xE6AF, 0xEE8D, 0xF68C, 0xFE8A, 0xFE8A, 0xFE8A, 0xFE8A, 0xFE8A, 0xFE8A, 0xFE8A, 0xFE8A, 0xFE8A, 0xFE8A, 0x2065, 0x2065, 0x2065,
        0xE6F1, 0xEEEF, 0xF6EE, 0xFEEC, 0xFEEC, 0xFEEC, 0xFEEC, 0xFEEC, 0xFEEC, 0xFEEC, 0x2065, 0x2065, 0x2065, 0x2065, 0x2065, 0x2065,
        0xE712, 0xEF31, 0xF730, 0xFF2F, 0xFF2F, 0xFF2F, 0xFF2F, 0xFF2F, 0xFF2F, 0x2065, 0x2065, 0x2065, 0x2065, 0x2065, 0x2065, 0x2065,
        0xE754, 0xEF53, 0xF752, 0x2065, 0x2065, 0x2065, 0x2065, 0x2065, 0x2065, 0x2065, 0x2065, 0x2065, 0x2065, 0x2065, 0x2065, 0x2065,
        0xE776, 0xEF75, 0xF794, 0x2065, 0x2065, 0x2065, 0x2065, 0x2065, 0x2065, 0x2065, 0x2065, 0x2065, 0x2065, 0x2065, 0x2065, 0x2065,
    },
    {
        0x41CE, 0x394D, 0x30CB, 0x30CB, 0x30CB, 0x30CB, 0x30CB, 0x30CB, 0x30CB, 0x30CB, 0x30CB, 0x30CB, 0x30CB, 0x30CB, 0x30CB, 0x30CB,
        0x59CF, 0x514D, 0x48CC, 0x48CC, 0x48CC, 0x48CC, 0x48CC, 0x48CC, 0x48CC, 0x48CC, 0x48CC, 0x48CC, 0x48CC, 0x48CC, 0x48CC, 0x48CC,
        0x7210, 0x698E, 0x690D, 0x690D, 0x690D, 0x690D, 0x690D, 0x690D, 0x690D, 0x690D, 0x690D, 0x690D, 0x690D, 0x690D, 0x690D, 0x690D,
        0x9230, 0x89AE, 0x894D, 0x894D, 0x894D, 0x894D, 0x894D, 0x894D, 0x894D, 0x894D, 0x894D, 0x894D, 0x894D, 0x894D, 0x894D, 0x894D,
        0xAA6F, 0xA9EE, 0xB18C, 0xB18C, 0xB18C, 0xB18C, 0xB18C, 0xB18C, 0xB18C, 0xB18C, 0xB18C, 0xB18C, 0xB18C, 0xB18C, 0xB18C, 0xB18C,
        0xC2AE, 0xCA4D, 0xC9EB, 0xC9EB, 0xC9EB, 0xC9EB, 0xC9EB, 0xC9EB, 0xC9EB, 0xC9EB, 0xC9EB, 0xC9EB, 0xC9EB, 0xC9EB, 0xC9EB, 0xC9EB,
        0xDB2D, 0xDACB, 0xE289, 0xE289, 0xE289, 0xE289, 0xE289, 0xE289, 0xE289, 0xE289, 0xE289, 0xE289, 0xE289, 0xE289, 0xE289, 0xE289,
        0xE3EB, 0xEB89, 0xF348, 0xF348, 0xF348, 0xF348, 0xF348, 0xF348, 0xF348, 0xF348, 0xF348, 0xF348, 0xF348, 0xF348, 0xF348, 0xF348,
        0xECAA, 0xF468, 0xFC46, 0xFC46, 0xFC46, 0xFC46, 0xFC46, 0xFC46, 0xFC46, 0xFC46, 0xFC46, 0xFC46, 0xFC46, 0xFC46, 0xFC46, 0xFC46,
        0xED6A, 0xF548, 0xFD26, 0xFD26, 0xFD26, 0xFD26, 0xFD26, 0xFD26, 0xFD26, 0xFD26, 0xFD26, 0xFD26, 0xFD26, 0xFD26, 0xFD26, 0xFD26,
        0xEE0B, 0xF609, 0xFDE7, 0xFDE7, 0xFDE7, 0xFDE7, 0xFDE7, 0xFDE7, 0xFDE7, 0xFDE7, 0xFDE7, 0xFDE7, 0xFDE7, 0xFDE7, 0xFDE7, 0xFDE7,
        0xEE8D, 0xF68C, 0xFE8A, 0xFE8A, 0xFE8A, 0xFE8A, 0xFE8A, 0xFE8A, 0xFE8A, 0xFE8A, 0xFE8A, 0xFE8A, 0x2065, 0x2065, 0x2065, 0x2065,
        0xEEEF, 0xF6EE, 0xFEEC, 0xFEEC, 0xFEEC, 0xFEEC, 0xFEEC, 0xFEEC, 0xFEEC, 0x2065, 0x2065, 0x2065, 0x2065, 0x2065, 0x2065, 0x2065,
        0xEF31, 0xF730, 0xFF2F, 0xFF2F, 0xFF2F, 0xFF2F, 0xFF2F, 0xFF2F, 0x2065, 0x2065, 0x2065, 0x2065, 0x2065, 0x2065, 0x2065, 0x2065,
        0xEF53, 0xF752, 0x2065, 0x2065, 0x2065, 0x2065, 0x2065, 0x2065, 0x2065, 0x2065, 0x2065, 0x2065, 0x2065, 0x2065, 0x2065, 0x2065,
        0xEF75, 0xF794, 0x2065, 0x2065, 0x2065, 0x2065, 0x2065, 0x2065, 0x2065, 0x2065, 0x2065, 0x2065, 0x2065, 0x2065, 0x2065, 0x2065,
    },
    {
        0x394D, 0x30CB, 0x30CB, 0x30CB, 0x30CB, 0x30CB, 0x30CB, 0x30CB, 0x30CB, 0x30CB, 0x30CB, 0x30CB, 0x30CB, 0x30CB, 0x30CB, 0x30CB,
        0x514D, 0x48CC, 0x48CC, 0x48CC, 0x48CC, 0x48CC, 0x48CC, 0x48CC, 0x48CC, 0x48CC, 0x48CC, 0x48CC, 0x48CC, 0x48CC, 0x48CC, 0x48CC,
        0x698E, 0x690D, 0x690D, 0x690D, 0x690D, 0x690D, 0x690D, 0x690D, 0x690D, 0x690D, 0x690D, 0x690D, 0x690D, 0x690D, 0x690D, 0x690D,
        0x89AE, 0x894D, 0x894D, 0x894D, 0x894D, 0x894D, 0x894D, 0x894D, 0x894D, 0x894D, 0x894D, 0x894D, 0x894D, 0x894D, 0x894D, 0x894D,
        0xA9EE, 0xB18C, 0xB18C, 0xB18C, 0xB18C, 0xB18C, 0xB18C, 0xB18C, 0xB18C, 0xB18C, 0xB18C, 0xB18C, 0xB18C, 0xB18C, 0xB18C, 0xB18C,
        0xCA4D, 0xC9EB, 0xC9EB, 0xC9EB, 0xC9EB, 0xC9EB, 0xC9EB, 0xC9EB, 0xC9EB, 0xC9EB, 0xC9EB, 0xC9EB, 0xC9EB, 0xC9EB, 0xC9EB, 0x2065,
        0xDACB, 0xE289, 0xE289, 0xE289, 0xE289, 0xE289, 0xE289, 0xE289, 0xE289, 0xE289, 0xE289, 0xE289, 0xE289, 0xE289, 0xE289, 0xE289,
        0xEB89, 0xF348, 0xF348, 0xF348, 0xF348, 0xF348, 0xF348, 0xF348, 0xF348, 0xF348, 0xF348, 0xF348, 0xF348, 0xF348, 0xF348, 0xF348,
        0xF468, 0xFC46, 0xFC46, 0xFC46, 0xFC46, 0xFC46, 0xFC46, 0xFC46, 0xFC46, 0xFC46, 0xFC46, 0xFC46, 0xFC46, 0xFC46, 0xFC46, 0xFC46,
        0xF548, 0xFD26, 0xFD26, 0xFD26, 0xFD26, 0xFD26, 0xFD26, 0xFD26, 0xFD26, 0xFD26, 0xFD26, 0xFD26, 0xFD26, 0xFD26, 0xFD26, 0xFD26,
        0xF609, 0xFDE7, 0xFDE7, 0xFDE7, 0xFDE7, 0xFDE7, 0xFDE7, 0xFDE7, 0xFDE7, 0xFDE7, 0xFDE7, 0xFDE7, 0xFDE7, 0xFDE7, 0xFDE7, 0xFDE7,
        0xF68C, 0xFE8A, 0xFE8A, 0xFE8A, 0xFE8A, 0xFE8A, 0xFE8A, 0xFE8A, 0xFE8A, 0xFE8A, 0xFE8A, 0x2065, 0x2065, 0x2065, 0x2065, 0x2065,
        0xF6EE, 0xFEEC, 0xFEEC, 0xFEEC, 0xFEEC, 0xFEEC, 0xFEEC, 0xFEEC, 0x2065, 0x2065, 0x2065, 0x2065, 0x2065, 0x2065, 0x2065, 0x2065,
        0xF730, 0xFF2F, 0xFF2F, 0xFF2F, 0xFF2F, 0xFF2F, 0xFF2F, 0x2065, 0x2065, 0x2065, 0x2065, 0x2065, 0x2065, 0x2065, 0x2065, 0x2065,
        0xF752, 0x2065, 0x2065, 0x2065, 0x2065, 0x2065, 0x2065, 0x2065, 0x2065, 0x2065, 0x2065, 0x2065, 0x2065, 0x2065, 0x2065, 0x2065,
        0xF794, 0x2065, 0x2065, 0x2065, 0x2065, 0x2065, 0x2065, 0x2065, 0x2065, 0x2065, 0x2065, 0x2065, 0x2065, 0x2065, 0x2065, 0x2065,
    },
    {
        0x30CB, 0x30CB, 0x30CB, 0x30CB, 0x30CB, 0x30CB, 0x30CB, 0x30CB, 0x30CB, 0x30CB, 0x30CB, 0x30CB, 0x30CB, 0x30CB, 0x30CB, 0x30CB,
        0x48CC, 0x48CC, 0x48CC, 0x48CC, 0x48CC, 0x48CC, 0x48CC, 0x48CC, 0x48CC, 0x48CC, 0x48CC, 0x48CC, 0x48CC, 0x48CC, 0x48CC, 0x48CC,
        0x690D, 0x690D, 0x690D, 0x690D, 0x690D, 0x690D, 0x690D, 0x690D, 0x690D, 0x690D, 0x690D, 0x690D, 0x690D, 0x690D, 0x690D, 0x690D,
        0x894D, 0x894D, 0x894D, 0x894D, 0x894D, 0x894D, 0x894D, 0x894D, 0x894D, 0x894D, 0x894D, 0x894D, 0x894D, 0x894D, 0x894D, 0x894D,
        0xB18C, 0xB18C, 0xB18C, 0xB18C, 0xB18C, 0xB18C, 0xB18C, 0xB18C, 0xB18C, 0xB18C, 0xB18C, 0xB18C, 0xB18C, 0xB18C, 0xB18C, 0x2065,
        0xC9EB, 0xC9EB, 0xC9EB, 0xC9EB, 0xC9EB, 0xC9EB, 0xC9EB, 0xC9EB, 0xC9EB, 0xC9EB, 0xC9EB, 0xC9EB, 0xC9EB, 0xC9EB, 0x2065, 0x2065,
        0xE289, 0xE289, 0xE289, 0xE289, 0xE289, 0xE289, 0xE289, 0xE289, 0xE289, 0xE289, 0xE289, 0xE289, 0xE289, 0xE289, 0xE289, 0xE289,
        0xF348, 0xF348, 0xF348, 0xF348, 0xF348, 0xF348, 0xF348, 0xF348, 0xF348, 0xF348, 0xF348, 0xF348, 0xF348, 0xF348, 0xF348, 0xF348,
        0xFC46, 0xFC46, 0xFC46, 0xFC46, 0xFC46, 0xFC46, 0xFC46, 0xFC46, 0xFC46, 0xFC46, 0xFC46, 0xFC46, 0xFC46, 0xFC46, 0xFC46, 0xFC46,
        0xFD26, 0xFD26, 0xFD26, 0xFD26, 0xFD26, 0xFD26, 0xFD26, 0xFD26, 0xFD26, 0xFD26, 0xFD26, 0xFD26, 0xFD26, 0xFD26, 0xFD26, 0xFD26,
        0xFDE7, 0xFDE7, 0xFDE7, 0xFDE7, 0xFDE7, 0xFDE7, 0xFDE7, 0xFDE7, 0xFDE7, 0xFDE7, 0xFDE7, 0xFDE7, 0xFDE7, 0xFDE7, 0xFDE7, 0xFDE7,
        0xFE8A, 0xFE8A, 0xFE8A, 0xFE8A, 0xFE8A, 0xFE8A, 0xFE8A, 0xFE8A, 0xFE8A, 0xFE8A, 0x2065, 0x2065, 0x2065, 0x2065, 0x2065, 0x2065,
        0xFEEC, 0xFEEC, 0xFEEC, 0xFEEC, 0xFEEC, 0xFEEC, 0xFEEC, 0x2065, 0x2065, 0x2065, 0x2065, 0x2065, 0x2065, 0x2065, 0x2065, 0x2065,
        0xFF2F, 0xFF2F, 0xFF2F, 0xFF2F, 0xFF2F, 0xFF2F, 0x2065, 0x2065, 0x2065, 0x2065, 0x2065, 0x2065, 0x2065, 0x2065, 0x2065, 0x2065,
        0x2065, 0x2065, 0x2065, 0x2065, 0x2065, 0x2065, 0x2065, 0x2065, 0x2065, 0x2065, 0x2065, 0x2065, 0x2065, 0x2065, 0x2065, 0x2065,
        0x2065, 0x2065, 0x2065, 0x2065, 0x2065, 0x2065, 0x2065, 0x2065, 0x2065, 0x2065, 0x2065, 0x2065, 0x2065, 0x2065, 0x2065, 0x2065,
    },
    {
        0x30CB, 0x30CB, 0x30CB, 0x30CB, 0x30CB, 0x30CB, 0x30CB, 0x30CB, 0x30CB, 0x30CB, 0x30CB, 0x30CB, 0x30CB, 0x30CB, 0x30CB, 0x30CB,
        0x48CC, 0x48CC, 0x48CC, 0x48CC, 0x48CC, 0x48CC, 0x48CC, 0x48CC, 0x48CC, 0x48CC, 0x48CC, 0x48CC, 0x48CC, 0x48CC, 0x48CC, 0x48CC,
        0x690D, 0x690D, 0x690D, 0x690D, 0x690D, 0x690D, 0x690D, 0x690D, 0x690D, 0x690D, 0x690D, 0x690D, 0x690D, 0x690D, 0x690D, 0x690D,
        0x894D, 0x894D, 0x894D, 0x894D, 0x894D, 0x894D, 0x894D, 0x894D, 0x894D, 0x894D, 0x894D, 0x894D, 0x894D, 0x894D, 0x894D, 0x2065,
        0xB18C, 0xB18C, 0xB18C, 0xB18C, 0xB18C, 0xB18C, 0xB18C, 0xB18C, 0xB18C, 0xB18C, 0xB18C, 0xB18C, 0xB18C, 0xB18C, 0x2065, 0x2065,
        0xC9EB, 0xC9EB, 0xC9EB, 0xC9EB, 0xC9EB, 0xC9EB, 0xC9EB, 0xC9EB, 0xC9EB, 0xC9EB, 0xC9EB, 0xC9EB, 0xC9EB, 0x2065, 0x2065, 0xC9EB,
        0xE289, 0xE289, 0xE289, 0xE289, 0xE289, 0xE289, 0xE289, 0xE289, 0xE289, 0xE289, 0xE289, 0xE289, 0xE289, 0xE289, 0xE289, 0xE289,
        0xF348, 0xF348, 0xF348, 0xF348, 0xF348, 0xF348, 0xF348, 0xF348, 0xF348, 0xF348, 0xF348, 0xF348, 0xF348, 0xF348, 0xF348, 0xF348,
        0xFC46, 0xFC46, 0xFC46, 0xFC46, 0xFC46, 0xFC46, 0xFC46, 0xFC46, 0xFC46, 0xFC46, 0xFC46, 0xFC46, 0xFC46, 0xFC46, 0xFC46, 0x2065,
        0xFD26, 0xFD26, 0xFD26, 0xFD26, 0xFD26, 0xFD26, 0xFD26, 0xFD26, 0xFD26, 0xFD26, 0xFD26, 0xFD26, 0xFD26, 0xFD26, 0xFD26, 0x2065,
        0xFDE7, 0xFDE7, 0xFDE7, 0xFDE7, 0xFDE7, 0xFDE7, 0xFDE7, 0xFDE7, 0xFDE7, 0xFDE7, 0xFDE7, 0xFDE7, 0xFDE7, 0xFDE7, 0xFDE7, 0x2065,
        0xFE8A, 0xFE8A, 0xFE8A, 0xFE8A, 0xFE8A, 0xFE8A, 0xFE8A, 0xFE8A, 0xFE8A, 0x2065, 0x2065, 0x2065, 0x2065, 0x2065, 0x2065, 0x2065,
        0xFEEC, 0xFEEC, 0xFEEC, 0xFEEC, 0xFEEC, 0xFEEC, 0x2065, 0x2065, 0x2065, 0x2065, 0x2065, 0x2065, 0x2065, 0x2065, 0x2065, 0x2065,
        0xFF2F, 0xFF2F, 0xFF2F, 0xFF2F, 0xFF2F, 0x2065, 0x2065, 0x2065, 0x2065, 0x2065, 0x2065, 0x2065, 0x2065, 0x2065, 0x2065, 0x2065,
        0x2065, 0x2065, 0x2065, 0x2065, 0x2065, 0x2065, 0x2065, 0x2065, 0x2065, 0x2065, 0x2065, 0x2065, 0x2065, 0x2065, 0x2065, 0x2065,
        0x2065, 0x2065, 0x2065, 0x2065, 0x2065, 0x2065, 0x2065, 0x2065, 0x2065, 0x2065, 0x2065, 0x2065, 0x2065, 0x2065, 0x2065, 0x2065,
    },
    {
        0x30CB, 0x30CB, 0x30CB, 0x30CB, 0x30CB, 0x30CB, 0x30CB, 0x30CB, 0x30CB, 0x30CB, 0x30CB, 0x30CB, 0x30CB, 0x30CB, 0x30CB, 0x30CB,
        0x48CC, 0x48CC, 0x48CC, 0x48CC, 0x48CC, 0x48CC, 0x48CC, 0x48CC, 0x48CC, 0x48CC, 0x48CC, 0x48CC, 0x48CC, 0x48CC, 0x48CC, 0x48CC,
        0x690D, 0x690D, 0x690D, 0x690D, 0x690D, 0x690D, 0x690D, 0x690D, 0x690D, 0x690D, 0x690D, 0x690D, 0x690D, 0x690D, 0x690D, 0x690D,
        0x894D, 0x894D, 0x894D, 0x894D, 0x894D, 0x894D, 0x894D, 0x894D, 0x894D, 0x894D, 0x894D, 0x894D, 0x894D, 0x894D, 0x2065, 0x894D,
        0xB18C, 0xB18C, 0xB18C, 0xB18C, 0xB18C, 0xB18C, 0xB18C, 0xB18C, 0xB18C, 0xB18C, 0xB18C, 0xB18C, 0xB18C, 0x2065, 0x2065, 0x2065,
        0xC9EB, 0xC9EB, 0xC9EB, 0xC9EB, 0xC9EB, 0xC9EB, 0xC9EB, 0xC9EB, 0xC9EB, 0xC9EB, 0xC9EB, 0xC9EB, 0x2065, 0x2065, 0xC9EB, 0x2065,
        0xE289, 0xE289, 0xE289, 0xE289, 0xE289, 0xE289, 0xE289, 0xE289, 0xE289, 0xE289, 0xE289, 0xE289, 0xE289, 0xE289, 0xE289, 0x2065,
        0xF348, 0xF348, 0xF348, 0xF348, 0xF348, 0xF348, 0xF348, 0xF348, 0xF348, 0xF348, 0xF348, 0xF348, 0xF348, 0xF348, 0xF348, 0x2065,
        0xFC46, 0xFC46, 0xFC46, 0xFC46, 0xFC46, 0xFC46, 0xFC46, 0xFC46, 0xFC46, 0xFC46, 0xFC46, 0xFC46, 0xFC46, 0xFC46, 0x2065, 0x2065,
        0xFD26, 0xFD26, 0xFD26, 0xFD26, 0xFD26, 0xFD26, 0xFD26, 0xFD26, 0xFD26, 0xFD26, 0xFD26, 0xFD26, 0xFD26, 0xFD26, 0x2065, 0xFD26,
        0xFDE7, 0xFDE7, 0xFDE7, 0xFDE7, 0xFDE7, 0xFDE7, 0xFDE7, 0xFDE7, 0xFDE7, 0xFDE7, 0xFDE7, 0xFDE7, 0xFDE7, 0xFDE7, 0x2065, 0x2065,
        0xFE8A, 0xFE8A, 0xFE8A, 0xFE8A, 0xFE8A, 0xFE8A, 0xFE8A, 0xFE8A, 0x2065, 0x2065, 0x2065, 0x2065, 0x2065, 0x2065, 0x2065, 0x2065,
        0xFEEC, 0xFEEC, 0xFEEC, 0xFEEC, 0xFEEC, 0x2065, 0x2065, 0x2065, 0x2065, 0x2065, 0x2065, 0x2065, 0x2065, 0x2065, 0x2065, 0x2065,
        0xFF2F, 0xFF2F, 0xFF2F, 0xFF2F, 0x2065, 0x2065, 0x2065, 0x2065, 0x2065, 0x2065, 0x2065, 0x2065, 0x2065, 0x2065, 0x2065, 0x2065,
        0x2065, 0x2065, 0x2065, 0x2065, 0x2065, 0x2065, 0x2065, 0x2065, 0x2065, 0x2065, 0x2065, 0x2065, 0x2065, 0x2065, 0x2065, 0x2065,
        0x2065, 0x2065, 0x2065, 0x2065, 0x2065, 0x2065, 0x2065, 0x2065, 0x2065, 0x2065, 0x2065, 0x2065, 0x2065, 0x2065, 0x2065, 0x2065,
    },
    {
        0x30CB, 0x30CB, 0x30CB, 0x30CB, 0x30CB, 0x30CB, 0x30CB, 0x30CB, 0x30CB, 0x30CB, 0x30CB, 0x30CB, 0x30CB, 0x30CB, 0x30CB, 0x30CB,
        0x48CC, 0x48CC, 0x48CC, 0x48CC, 0x48CC, 0x48CC, 0x48CC, 0x48CC, 0x48CC, 0x48CC, 0x48CC, 0x48CC, 0x48CC, 0x48CC, 0x48CC, 0x48CC,
        0x690D, 0x690D, 0x690D, 0x690D, 0x690D, 0x690D, 0x690D, 0x690D, 0x690D, 0x690D, 0x690D, 0x690D, 0x690D, 0x690D, 0x690D, 0x690D,
        0x894D, 0x894D, 0x894D, 0x894D, 0x894D, 0x894D, 0x894D, 0x894D, 0x894D, 0x894D, 0x894D, 0x894D, 0x894D, 0x2065, 0x894D, 0x2065,
        0xB18C, 0xB18C, 0xB18C, 0xB18C, 0xB18C, 0xB18C, 0xB18C, 0xB18C, 0xB18C, 0xB18C, 0xB18C, 0xB18C, 0x2065, 0x2065, 0x2065, 0x2065,
        0xC9EB, 0xC9EB, 0xC9EB, 0xC9EB, 0xC9EB, 0xC9EB, 0xC9EB, 0xC9EB, 0xC9EB, 0xC9EB, 0xC9EB, 0x2065, 0x2065, 0xC9EB, 0x2065, 0xC9EB,
        0xE289, 0xE289, 0xE289, 0xE289, 0xE289, 0xE289, 0xE289, 0xE289, 0xE289, 0xE289, 0xE289, 0xE289, 0xE289, 0xE289, 0x2065, 0xE289,
        0xF348, 0xF348, 0xF348, 0xF348, 0xF348, 0xF348, 0xF348, 0xF348, 0xF348, 0xF348, 0xF348, 0xF348, 0xF348, 0xF348, 0x2065, 0xF348,
        0xFC46, 0xFC46, 0xFC46, 0xFC46, 0xFC46, 0xFC46, 0xFC46, 0xFC46, 0xFC46, 0xFC46, 0xFC46, 0xFC46, 0xFC46, 0x2065, 0x2065, 0xFC46,
        0xFD26, 0xFD26, 0xFD26, 0xFD26, 0xFD26, 0xFD26, 0xFD26, 0xFD26, 0xFD26, 0xFD26, 0xFD26, 0xFD26, 0xFD26, 0x2065, 0xFD26, 0xFD26,
        0xFDE7, 0xFDE7, 0xFDE7, 0xFDE7, 0xFDE7, 0xFDE7, 0xFDE7, 0xFDE7, 0xFDE7, 0xFDE7, 0xFDE7, 0xFDE7, 0xFDE7, 0x2065, 0x2065, 0x2065,
        0xFE8A, 0xFE8A, 0xFE8A, 0xFE8A, 0xFE8A, 0xFE8A, 0xFE8A, 0x2065, 0x2065, 0x2065, 0x2065, 0x2065, 0x2065, 0x2065, 0x2065, 0x2065,
        0xFEEC, 0xFEEC, 0xFEEC, 0xFEEC, 0x2065, 0x2065, 0x2065, 0x2065, 0x2065, 0x2065, 0x2065, 0x2065, 0x2065, 0x2065, 0x2065, 0x2065,
        0xFF2F, 0xFF2F, 0xFF2F, 0x2065, 0x2065, 0x2065, 0x2065, 0x2065, 0x2065, 0x2065, 0x2065, 0x2065, 0x2065, 0x2065, 0x2065, 0x2065,
        0x2065, 0x2065, 0x2065, 0x2065, 0x2065, 0x2065, 0x2065, 0x2065, 0x2065, 0x2065, 0x2065, 0x2065, 0x2065, 0x2065, 0x2065, 0x2065,
        0x2065, 0x2065, 0x2065, 0x2065, 0x2065, 0x2065, 0x2065, 0x2065, 0x2065, 0x2065, 0x2065, 0x2065, 0x2065, 0x2065, 0x2065, 0x2065,
    },
    {
        0x30CB, 0x30CB, 0x30CB, 0x30CB, 0x30CB, 0x30CB, 0x30CB, 0x30CB, 0x30CB, 0x30CB, 0x30CB, 0x30CB, 0x30CB, 0x30CB, 0x30CB, 0x30CB,
        0x48CC, 0x48CC, 0x48CC, 0x48CC, 0x48CC, 0x48CC, 0x48CC, 0x48CC, 0x48CC, 0x48CC, 0x48CC, 0x48CC, 0x48CC, 0x48CC, 0x48CC, 0x48CC,
        0x690D, 0x690D, 0x690D, 0x690D, 0x690D, 0x690D, 0x690D, 0x690D, 0x690D, 0x690D, 0x690D, 0x690D, 0x690D, 0x690D, 0x690D, 0x690D,
        0x894D, 0x894D, 0x894D, 0x894D, 0x894D, 0x894D, 0x894D, 0x894D, 0x894D, 0x894D, 0x894D, 0x894D, 0x2065, 0x894D, 0x2065, 0x894D,
        0xB18C, 0xB18C, 0xB18C, 0xB18C, 0xB18C, 0xB18C, 0xB18C, 0xB18C, 0xB18C, 0xB18C, 0xB18C, 0x2065, 0x2065, 0x2065, 0x2065, 0x2065,
        0xC9EB, 0xC9EB, 0xC9EB, 0xC9EB, 0xC9EB, 0xC9EB, 0xC9EB, 0xC9EB, 0xC9EB, 0xC9EB, 0x2065, 0x2065, 0xC9EB, 0x2065, 0xC9EB, 0x2065,
        0xE289, 0xE289, 0xE289, 0xE289, 0xE289, 0xE289, 0xE289, 0xE289, 0xE289, 0xE289, 0xE289, 0xE289, 0xE289, 0x2065, 0xE289, 0xE289,
        0xF348, 0xF348, 0xF348, 0xF348, 0xF348, 0xF348, 0xF348, 0xF348, 0xF348, 0xF348, 0xF348, 0xF348, 0xF348, 0x2065, 0xF348, 0xF348,
        0xFC46, 0xFC46, 0xFC46, 0xFC46, 0xFC46, 0xFC46, 0xFC46, 0xFC46, 0xFC46, 0xFC46, 0xFC46, 0xFC46, 0x2065, 0x2065, 0xFC46, 0xFC46,
        0xFD26, 0xFD26, 0xFD26, 0xFD26, 0xFD26, 0xFD26, 0xFD26, 0xFD26, 0xFD26, 0xFD26, 0xFD26, 0xFD26, 0x2065, 0xFD26, 0xFD26, 0xFD26,
        0xFDE7, 0xFDE7, 0xFDE7, 0xFDE7, 0xFDE7, 0xFDE7, 0xFDE7, 0xFDE7, 0xFDE7, 0xFDE7, 0xFDE7, 0xFDE7, 0x2065, 0x2065, 0x2065, 0xFDE7,
        0xFE8A, 0xFE8A, 0xFE8A, 0xFE8A, 0xFE8A, 0xFE8A, 0x2065, 0x2065, 0x2065, 0x2065, 0x2065, 0x2065, 0x2065, 0x2065, 0x2065, 0x2065,
        0xFEEC, 0xFEEC, 0xFEEC, 0x2065, 0x2065, 0x2065, 0x2065, 0x2065, 0x2065, 0x2065, 0x2065, 0x2065, 0x2065, 0x2065, 0x2065, 0x2065,
        0xFF2F, 0xFF2F, 0x2065, 0x2065, 0x2065, 0x2065, 0x2065, 0x2065, 0x2065, 0x2065, 0x2065, 0x2065, 0x2065, 0x2065, 0x2065, 0x2065,
        0x2065, 0x2065, 0x2065, 0x2065, 0x2065, 0x2065, 0x2065, 0x2065, 0x2065, 0x2065, 0x2065, 0x2065, 0x2065, 0x2065, 0x2065, 0x2065,
        0x2065, 0x2065, 0x2065, 0x2065, 0x2065, 0x2065, 0x2065, 0x2065, 0x2065, 0x2065, 0x2065, 0x2065, 0x2065, 0x2065, 0x2065, 0x2065,
    },
    {
        0x30CB, 0x30CB, 0x30CB, 0x30CB, 0x30CB, 0x30CB, 0x30CB, 0x30CB, 0x30CB, 0x30CB, 0x30CB, 0x30CB, 0x30CB, 0x30CB, 0x30CB, 0x30CB,
        0x48CC, 0x48CC, 0x48CC, 0x48CC, 0x48CC, 0x48CC, 0x48CC, 0x48CC, 0x48CC, 0x48CC, 0x48CC, 0x48CC, 0x48CC, 0x48CC, 0x48CC, 0x48CC,
        0x690D, 0x690D, 0x690D, 0x690D, 0x690D, 0x690D, 0x690D, 0x690D, 0x690D, 0x690D, 0x690D, 0x690D, 0x690D, 0x690D, 0x690D, 0x690D,
        0x894D, 0x894D, 0x894D, 0x894D, 0x894D, 0x894D, 0x894D, 0x894D, 0x894D, 0x894D, 0x894D, 0x2065, 0x894D, 0x2065, 0x894D, 0x894D,
        0xB18C, 0xB18C, 0xB18C, 0xB18C, 0xB18C, 0xB18C, 0xB18C, 0xB18C, 0xB18C, 0xB18C, 0x2065, 0x2065, 0x2065, 0x2065, 0x2065, 0xB18C,
        0xC9EB, 0xC9EB, 0xC9EB, 0xC9EB, 0xC9EB, 0xC9EB, 0xC9EB, 0xC9EB, 0xC9EB, 0x2065, 0x2065, 0xC9EB, 0x2065, 0xC9EB, 0x2065, 0x2065,
        0xE289, 0xE289, 0xE289, 0xE289, 0xE289, 0xE289, 0xE289, 0xE289, 0xE289, 0xE289, 0xE289, 0xE289, 0x2065, 0xE289, 0xE289, 0xE289,
        0xF348, 0xF348, 0xF348, 0xF348, 0xF348, 0xF348, 0xF348, 0xF348, 0xF348, 0xF348, 0xF348, 0xF348, 0x2065, 0xF348, 0xF348, 0xF348,
        0xFC46, 0xFC46, 0xFC46, 0xFC46, 0xFC46, 0xFC46, 0xFC46, 0xFC46, 0xFC46, 0xFC46, 0xFC46, 0x2065, 0x2065, 0xFC46, 0xFC46, 0xFC46,
        0xFD26, 0xFD26, 0xFD26, 0xFD26, 0xFD26, 0xFD26, 0xFD26, 0xFD26, 0xFD26, 0xFD26, 0xFD26, 0x2065, 0xFD26, 0xFD26, 0xFD26, 0xFD26,
        0xFDE7, 0xFDE7, 0xFDE7, 0xFDE7, 0xFDE7, 0xFDE7, 0xFDE7, 0xFDE7, 0xFDE7, 0xFDE7, 0xFDE7, 0x2065, 0x2065, 0x2065, 0xFDE7, 0xFDE7,
        0xFE8A, 0xFE8A, 0xFE8A, 0xFE8A, 0xFE8A, 0x2065, 0x2065, 0x2065, 0x2065, 0x2065, 0x2065, 0x2065, 0x2065, 0x2065, 0x2065, 0x2065,
        0xFEEC, 0xFEEC, 0x2065, 0x2065, 0x2065, 0x2065, 0x2065, 0x2065, 0x2065, 0x2065, 0x2065, 0x2065, 0x2065, 0x2065, 0x2065, 0x2065,
        0xFF2F, 0x2065, 0x2065, 0x2065, 0x2065, 0x2065, 0x2065, 0x2065, 0x2065, 0x2065, 0x2065, 0x2065, 0x2065, 0x2065, 0x2065, 0x2065,
        0x2065, 0x2065, 0x2065, 0x2065, 0x2065, 0x2065, 0x2065, 0x2065, 0x2065, 0x2065, 0x2065, 0x2065, 0x2065, 0x2065, 0x2065, 0x2065,
        0x2065, 0x2065, 0x2065, 0x2065, 0x2065, 0x2065, 0x2065, 0x2065, 0x2065, 0x2065, 0x2065, 0x2065, 0x2065, 0x2065, 0x2065, 0x2065,
    },
    {
        0x30CB, 0x30CB, 0x30CB, 0x30CB, 0x30CB, 0x30CB, 0x30CB, 0x30CB, 0x30CB, 0x30CB, 0x30CB, 0x30CB, 0x30CB, 0x30CB, 0x30CB, 0x30CB,
        0x48CC, 0x48CC, 0x48CC, 0x48CC, 0x48CC, 0x48CC, 0x48CC, 0x48CC, 0x48CC, 0x48CC, 0x48CC, 0x48CC, 0x48CC, 0x48CC, 0x48CC, 0x48CC,
        0x690D, 0x690D, 0x690D, 0x690D, 0x690D, 0x690D, 0x690D, 0x690D, 0x690D, 0x690D, 0x690D, 0x690D, 0x690D, 0x690D, 0x690D, 0x690D,
        0x894D, 0x894D, 0x894D, 0x894D, 0x894D, 0x894D, 0x894D, 0x894D, 0x894D, 0x894D, 0x2065, 0x894D, 0x2065, 0x894D, 0x894D, 0x894D,
        0xB18C, 0xB18C, 0xB18C, 0xB18C, 0xB18C, 0xB18C, 0xB18C, 0xB18C, 0xB18C, 0x2065, 0x2065, 0x2065, 0x2065, 0x2065, 0xB18C, 0xB18C,
        0xC9EB, 0xC9EB, 0xC9EB, 0xC9EB, 0xC9EB, 0xC9EB, 0xC9EB, 0xC9EB, 0x2065, 0x2065, 0xC9EB, 0x2065, 0xC9EB, 0x2065, 0x2065, 0xC9EB,
        0xE289, 0xE289, 0xE289, 0xE289, 0xE289, 0xE289, 0xE289, 0xE289, 0xE289, 0xE289, 0xE289, 0x2065, 0xE289, 0xE289, 0xE289, 0xE289,
        0xF348, 0xF348, 0xF348, 0xF348, 0xF348, 0xF348, 0xF348, 0xF348, 0xF348, 0xF348, 0xF348, 0x2065, 0xF348, 0xF348, 0xF348, 0xF348,
        0xFC46, 0xFC46, 0xFC46, 0xFC46, 0xFC46, 0xFC46, 0xFC46, 0xFC46, 0xFC46, 0xFC46, 0x2065, 0x2065, 0xFC46, 0xFC46, 0xFC46, 0xFC46,
        0xFD26, 0xFD26, 0xFD26, 0xFD26, 0xFD26, 0xFD26, 0xFD26, 0xFD26, 0xFD26, 0xFD26, 0x2065, 0xFD26, 0xFD26, 0xFD26, 0xFD26, 0xFD26,
        0xFDE7, 0xFDE7, 0xFDE7, 0xFDE7, 0xFDE7, 0xFDE7, 0xFDE7, 0xFDE7, 0xFDE7, 0xFDE7, 0x2065, 0x2065, 0x2065, 0xFDE7, 0xFDE7, 0xFDE7,
        0xFE8A, 0xFE8A, 0xFE8A, 0xFE8A, 0x2065, 0x2065, 0x2065, 0x2065, 0x2065, 0x2065, 0x2065, 0x2065, 0x2065, 0x2065, 0x2065, 0x2065,
        0xFEEC, 0x2065, 0x2065, 0x2065, 0x2065, 0x2065, 0x2065, 0x2065, 0x2065, 0x2065, 0x2065, 0x2065, 0x2065, 0x2065, 0x2065, 0x2065,
        0x2065, 0x2065, 0x2065, 0x2065, 0x2065, 0x2065, 0x2065, 0x2065, 0x2065, 0x2065, 0x2065, 0x2065, 0x2065, 0x2065, 0x2065, 0x2065,
        0x2065, 0x2065, 0x2065, 0x2065, 0x2065, 0x2065, 0x2065, 0x2065, 0x2065, 0x2065, 0x2065, 0x2065, 0x2065, 0x2065, 0x2065, 0x2065,
        0x2065, 0x2065, 0x2065, 0x2065, 0x2065, 0x2065, 0x2065, 0x2065, 0x2065, 0x2065, 0x2065, 0x2065, 0x2065, 0x2065, 0x2065, 0x2065,
    },
    {
        0x30CB, 0x30CB, 0x30CB, 0x30CB, 0x30CB, 0x30CB, 0x30CB, 0x30CB, 0x30CB, 0x30CB, 0x30CB, 0x30CB, 0x30CB, 0x30CB, 0x30CB, 0x30CB,
        0x48CC, 0x48CC, 0x48CC, 0x48CC, 0x48CC, 0x48CC, 0x48CC, 0x48CC, 0x48CC, 0x48CC, 0x48CC, 0x48CC, 0x48CC, 0x48CC, 0x48CC, 0x48CC,
        0x690D, 0x690D, 0x690D, 0x690D, 0x690D, 0x690D, 0x690D, 0x690D, 0x690D, 0x690D, 0x690D, 0x690D, 0x690D, 0x690D, 0x690D, 0x690D,
        0x894D, 0x894D, 0x894D, 0x894D, 0x894D, 0x894D, 0x894D, 0x894D, 0x894D, 0x2065, 0x894D, 0x2065, 0x894D, 0x894D, 0x894D, 0x894D,
        0xB18C, 0xB18C, 0xB18C, 0xB18C, 0xB18C, 0xB18C, 0xB18C, 0xB18C, 0x2065, 0x2065, 0x2065, 0x2065, 0x2065, 0xB18C, 0xB18C, 0xB18C,
        0xC9EB, 0xC9EB, 0xC9EB, 0xC9EB, 0xC9EB, 0xC9EB, 0xC9EB, 0x2065, 0x2065, 0xC9EB, 0x2065, 0xC9EB, 0x2065, 0x2065, 0xC9EB, 0xC9EB,
        0xE289, 0xE289, 0xE289, 0xE289, 0xE289, 0xE289, 0xE289, 0xE289, 0xE289, 0xE289, 0x2065, 0xE289, 0xE289, 0xE289, 0xE289, 0xE289,
        0xF348, 0xF348, 0xF348, 0xF348, 0xF348, 0xF348, 0xF348, 0xF348, 0xF348, 0xF348, 0x2065, 0xF348, 0xF348, 0xF348, 0xF348, 0xF348,
        0xFC46, 0xFC46, 0xFC46, 0xFC46, 0xFC46, 0xFC46, 0xFC46, 0xFC46, 0xFC46, 0x2065, 0x2065, 0xFC46, 0xFC46, 0xFC46, 0xFC46, 0xFC46,
        0xFD26, 0xFD26, 0xFD26, 0xFD26, 0xFD26, 0xFD26, 0xFD26, 0xFD26, 0xFD26, 0x2065, 0xFD26, 0xFD26, 0xFD26, 0xFD26, 0xFD26, 0xFD26,
        0xFDE7, 0xFDE7, 0xFDE7, 0xFDE7, 0xFDE7, 0xFDE7, 0xFDE7, 0xFDE7, 0xFDE7, 0x2065, 0x2065, 0x2065, 0xFDE7, 0xFDE7, 0xFDE7, 0xFDE7,
        0xFE8A, 0xFE8A, 0xFE8A, 0x2065, 0x2065, 0x2065, 0x2065, 0x2065, 0x2065, 0x2065, 0x2065, 0x2065, 0x2065, 0x2065, 0x2065, 0x2065,
        0x2065, 0x2065, 0x2065, 0x2065, 0x2065, 0x2065, 0x2065, 0x2065, 0x2065, 0x2065, 0x2065, 0x2065, 0x2065, 0x2065, 0x2065, 0x2065,
        0x2065, 0x2065, 0x2065, 0x2065, 0x2065, 0x2065, 0x2065, 0x2065, 0x2065, 0x2065, 0x2065, 0x2065, 0x2065, 0x2065, 0x2065, 0x2065,
        0x2065, 0x2065, 0x2065, 0x2065, 0x2065, 0x2065, 0x2065, 0x2065, 0x2065, 0x2065, 0x2065, 0x2065, 0x2065, 0x2065, 0x2065, 0x2065,
        0x2065, 0x2065, 0x2065, 0x2065, 0x2065, 0x2065, 0x2065, 0x2065, 0x2065, 0x2065, 0x2065, 0x2065, 0x2065, 0x2065, 0x2065, 0x2065,
    },
    {
        0x30CB, 0x30CB, 0x30CB, 0x30CB, 0x30CB, 0x30CB, 0x30CB, 0x30CB, 0x30CB, 0x30CB, 0x30CB, 0x30CB, 0x30CB, 0x30CB, 0x30CB, 0x30CB,
        0x48CC, 0x48CC, 0x48CC, 0x48CC, 0x48CC, 0x48CC, 0x48CC, 0x48CC, 0x48CC, 0x48CC, 0x48CC, 0x48CC, 0x48CC, 0x48CC, 0x48CC, 0x48CC,
        0x690D, 0x690D, 0x690D, 0x690D, 0x690D, 0x690D, 0x690D, 0x690D, 0x690D, 0x690D, 0x690D, 0x690D, 0x690D, 0x690D, 0x690D, 0x690D,
        0x894D, 0x894D, 0x894D, 0x894D, 0x894D, 0x894D, 0x894D, 0x894D, 0x2065, 0x894D, 0x2065, 0x894D, 0x894D, 0x894D, 0x894D, 0x894D,
        0xB18C, 0xB18C, 0xB18C, 0xB18C, 0xB18C, 0xB18C, 0xB18C, 0x2065, 0x2065, 0x2065, 0x2065, 0x2065, 0xB18C, 0xB18C, 0xB18C, 0xB18C,
        0xC9EB, 0xC9EB, 0xC9EB, 0xC9EB, 0xC9EB, 0xC9EB, 0x2065, 0x2065, 0xC9EB, 0x2065, 0xC9EB, 0x2065, 0x2065, 0xC9EB, 0xC9EB, 0xC9EB,
        0xE289, 0xE289, 0xE289, 0xE289, 0xE289, 0xE289, 0xE289, 0xE289, 0xE289, 0x2065, 0xE289, 0xE289, 0xE289, 0xE289, 0xE289, 0xE289,
        0xF348, 0xF348, 0xF348, 0xF348, 0xF348, 0xF348, 0xF348, 0xF348, 0xF348, 0x2065, 0xF348, 0xF348, 0xF348, 0xF348, 0xF348, 0xF348,
        0xFC46, 0xFC46, 0xFC46, 0xFC46, 0xFC46, 0xFC46, 0xFC46, 0xFC46, 0x2065, 0x2065, 0xFC46, 0xFC46, 0xFC46, 0xFC46, 0xFC46, 0xFC46,
        0xFD26, 0xFD26, 0xFD26, 0xFD26, 0xFD26, 0xFD26, 0xFD26, 0xFD26, 0x2065, 0xFD26, 0xFD26, 0xFD26, 0xFD26, 0xFD26, 0xFD26, 0xFD26,
        0xFDE7, 0xFDE7, 0xFDE7, 0xFDE7, 0xFDE7, 0xFDE7, 0xFDE7, 0xFDE7, 0x2065, 0x2065, 0x2065, 0xFDE7, 0xFDE7, 0xFDE7, 0xFDE7, 0xFDE7,
        0xFE8A, 0xFE8A, 0x2065, 0x2065, 0x2065, 0x2065, 0x2065, 0x2065, 0x2065, 0x2065, 0x2065, 0x2065, 0x2065, 0x2065, 0x2065, 0x2065,
        0x2065, 0x2065, 0x2065, 0x2065, 0x2065, 0x2065, 0x2065, 0x2065, 0x2065, 0x2065, 0x2065, 0x2065, 0x2065, 0x2065, 0x2065, 0x2065,
        0x2065, 0x2065, 0x2065, 0x2065, 0x2065, 0x2065, 0x2065, 0x2065, 0x2065, 0x2065, 0x2065, 0x2065, 0x2065, 0x2065, 0x2065, 0x2065,
        0x2065, 0x2065, 0x2065, 0x2065, 0x2065, 0x2065, 0x2065, 0x2065, 0x2065, 0x2065, 0x2065, 0x2065, 0x2065, 0x2065, 0x2065, 0x2065,
        0x2065, 0x2065, 0x2065, 0x2065, 0x2065, 0x2065, 0x2065, 0x2065, 0x2065, 0x2065, 0x2065, 0x2065, 0x2065, 0x2065, 0x2065, 0x2065,
    },
    {
        0x30CB, 0x30CB, 0x30CB, 0x30CB, 0x30CB, 0x30CB, 0x30CB, 0x30CB, 0x30CB, 0x30CB, 0x30CB, 0x30CB, 0x30CB, 0x30CB, 0x30CB, 0x30CB,
        0x48CC, 0x48CC, 0x48CC, 0x48CC, 0x48CC, 0x48CC, 0x48CC, 0x48CC, 0x48CC, 0x48CC, 0x48CC, 0x48CC, 0x48CC, 0x48CC, 0x48CC, 0x48CC,
        0x690D, 0x690D, 0x690D, 0x690D, 0x690D, 0x690D, 0x690D, 0x690D, 0x690D, 0x690D, 0x690D, 0x690D, 0x690D, 0x690D, 0x690D, 0x690D,
        0x894D, 0x894D, 0x894D, 0x894D, 0x894D, 0x894D, 0x894D, 0x2065, 0x894D, 0x2065, 0x894D, 0x894D, 0x894D, 0x894D, 0x894D, 0x894D,
        0xB18C, 0xB18C, 0xB18C, 0xB18C, 0xB18C, 0xB18C, 0x2065, 0x2065, 0x2065, 0x2065, 0x2065, 0xB18C, 0xB18C, 0xB18C, 0xB18C, 0xB18C,
        0xC9EB, 0xC9EB, 0xC9EB, 0xC9EB, 0xC9EB, 0x2065, 0x2065, 0xC9EB, 0x2065, 0xC9EB, 0x2065, 0x2065, 0xC9EB, 0xC9EB, 0xC9EB, 0xC9EB,
        0xE289, 0xE289, 0xE289, 0xE289, 0xE289, 0xE289, 0xE289, 0xE289, 0x2065, 0xE289, 0xE289, 0xE289, 0xE289, 0xE289, 0xE289, 0xE289,
        0xF348, 0xF348, 0xF348, 0xF348, 0xF348, 0xF348, 0xF348, 0xF348, 0x2065, 0xF348, 0xF348, 0xF348, 0xF348, 0xF348, 0xF348, 0xF348,
        0xFC46, 0xFC46, 0xFC46, 0xFC46, 0xFC46, 0xFC46, 0xFC46, 0x2065, 0x2065, 0xFC46, 0xFC46, 0xFC46, 0xFC46, 0xFC46, 0xFC46, 0xFC46,
        0xFD26, 0xFD26, 0xFD26, 0xFD26, 0xFD26, 0xFD26, 0xFD26, 0x2065, 0xFD26, 0xFD26, 0xFD26, 0xFD26, 0xFD26, 0xFD26, 0xFD26, 0xFD26,
        0xFDE7, 0xFDE7, 0xFDE7, 0xFDE7, 0xFDE7, 0xFDE7, 0xFDE7, 0x2065, 0x2065, 0x2065, 0xFDE7, 0xFDE7, 0xFDE7, 0xFDE7, 0xFDE7, 0xFDE7,
        0xFE8A, 0x2065, 0x2065, 0x2065, 0x2065, 0x2065, 0x2065, 0x2065, 0x2065, 0x2065, 0x2065, 0x2065, 0x2065, 0x2065, 0x2065, 0x2065,
        0x2065, 0x2065, 0x2065, 0x2065, 0x2065, 0x2065, 0x2065, 0x2065, 0x2065, 0x2065, 0x2065, 0x2065, 0x2065, 0x2065, 0x2065, 0x2065,
        0x2065, 0x2065, 0x2065, 0x2065, 0x2065, 0x2065, 0x2065, 0x2065, 0x2065, 0x2065, 0x2065, 0x2065, 0x2065, 0x2065, 0x2065, 0x2065,
        0x2065, 0x2065, 0x2065, 0x2065, 0x2065, 0x2065, 0x2065, 0x2065, 0x2065, 0x2065, 0x2065, 0x2065, 0x2065, 0x2065, 0x2065, 0x2065,
        0x2065, 0x2065, 0x2065, 0x2065, 0x2065, 0x2065, 0x2065, 0x2065, 0x2065, 0x2065, 0x2065, 0x2065, 0x2065, 0x2065, 0x2065, 0x2065,
    },
    {
        0x30CB, 0x30CB, 0x30CB, 0x30CB, 0x30CB, 0x30CB, 0x30CB, 0x30CB, 0x30CB, 0x30CB, 0x30CB, 0x30CB, 0x30CB, 0x30CB, 0x30CB, 0x30CB,
        0x48CC, 0x48CC, 0x48CC, 0x48CC, 0x48CC, 0x48CC, 0x48CC, 0x48CC, 0x48CC, 0x48CC, 0x48CC, 0x48CC, 0x48CC, 0x48CC, 0x48CC, 0x48CC,
        0x690D, 0x690D, 0x690D, 0x690D, 0x690D, 0x690D, 0x690D, 0x690D, 0x690D, 0x690D, 0x690D, 0x690D, 0x690D, 0x690D, 0x690D, 0x690D,
        0x894D, 0x894D, 0x894D, 0x894D, 0x894D, 0x894D, 0x2065, 0x894D, 0x2065, 0x894D, 0x894D, 0x894D, 0x894D, 0x894D, 0x894D, 0x894D,
        0xB18C, 0xB18C, 0xB18C, 0xB18C, 0xB18C, 0x2065, 0x2065, 0x2065, 0x2065, 0x2065, 0xB18C, 0xB18C, 0xB18C, 0xB18C, 0xB18C, 0xB18C,
        0xC9EB, 0xC9EB, 0xC9EB, 0xC9EB, 0x2065, 0x2065, 0xC9EB, 0x2065, 0xC9EB, 0x2065, 0x2065, 0xC9EB, 0xC9EB, 0xC9EB, 0xC9EB, 0xC9EB,
        0xE289, 0xE289, 0xE289, 0xE289, 0xE289, 0xE289, 0xE289, 0x2065, 0xE289, 0xE289, 0xE289, 0xE289, 0xE289, 0xE289, 0xE289, 0xE289,
        0xF348, 0xF348, 0xF348, 0xF348, 0xF348, 0xF348, 0xF348, 0x2065, 0xF348, 0xF348, 0xF348, 0xF348, 0xF348, 0xF348, 0xF348, 0xF348,
        0xFC46, 0xFC46, 0xFC46, 0xFC46, 0xFC46, 0xFC46, 0x2065, 0x2065, 0xFC46, 0xFC46, 0xFC46, 0xFC46, 0xFC46, 0xFC46, 0xFC46, 0xFC46,
        0xFD26, 0xFD26, 0xFD26, 0xFD26, 0xFD26, 0xFD26, 0x2065, 0xFD26, 0xFD26, 0xFD26, 0xFD26, 0xFD26, 0xFD26, 0xFD26, 0xFD26, 0xFD26,
        0xFDE7, 0xFDE7, 0xFDE7, 0xFDE7, 0xFDE7, 0xFDE7, 0x2065, 0x2065, 0x2065, 0xFDE7, 0xFDE7, 0xFDE7, 0xFDE7, 0xFDE7, 0xFDE7, 0xFDE7,
        0x2065, 0x2065, 0x2065, 0x2065, 0x2065, 0x2065, 0x2065, 0x2065, 0x2065, 0x2065, 0x2065, 0x2065, 0x2065, 0x2065, 0x2065, 0x2065,
        0x2065, 0x2065, 0x2065, 0x2065, 0x2065, 0x2065, 0x2065, 0x2065, 0x2065, 0x2065, 0x2065, 0x2065, 0x2065, 0x2065, 0x2065, 0x2065,
        0x2065, 0x2065, 0x2065, 0x2065, 0x2065, 0x2065, 0x2065, 0x2065, 0x2065, 0x2065, 0x2065, 0x2065, 0x2065, 0x2065, 0x2065, 0x2065,
        0x2065, 0x2065, 0x2065, 0x2065, 0x2065, 0x2065, 0x2065, 0x2065, 0x2065, 0x2065, 0x2065, 0x2065, 0x2065, 0x2065, 0x2065, 0x2065,
        0x2065, 0x2065, 0x2065, 0x2065, 0x2065, 0x2065, 0x2065, 0x2065, 0x2065, 0x2065, 0x2065, 0x2065, 0x2065, 0x2065, 0x2065, 0x2065,
    },
    {
        0x30CB, 0x30CB, 0x30CB, 0x30CB, 0x30CB, 0x30CB, 0x30CB, 0x30CB, 0x30CB, 0x30CB, 0x30CB, 0x30CB, 0x30CB, 0x30CB, 0x30CB, 0x30CB,
        0x48CC, 0x48CC, 0x48CC, 0x48CC, 0x48CC, 0x48CC, 0x48CC, 0x48CC, 0x48CC, 0x48CC, 0x48CC, 0x48CC, 0x48CC, 0x48CC, 0x48CC, 0x48CC,
        0x690D, 0x690D, 0x690D, 0x690D, 0x690D, 0x690D, 0x690D, 0x690D, 0x690D, 0x690D, 0x690D, 0x690D, 0x690D, 0x690D, 0x690D, 0x690D,
        0x894D, 0x894D, 0x894D, 0x894D, 0x894D, 0x2065, 0x894D, 0x2065, 0x894D, 0x894D, 0x894D, 0x894D, 0x894D, 0x894D, 0x894D, 0x894D,
        0xB18C, 0xB18C, 0xB18C, 0xB18C, 0x2065, 0x2065, 0x2065, 0x2065, 0x2065, 0xB18C, 0xB18C, 0xB18C, 0xB18C, 0xB18C, 0xB18C, 0xB18C,
        0xC9EB, 0xC9EB, 0xC9EB, 0x2065, 0x2065, 0xC9EB, 0x2065, 0xC9EB, 0x2065, 0x2065, 0xC9EB, 0xC9EB, 0xC9EB, 0xC9EB, 0xC9EB, 0xC9EB,
        0xE289, 0xE289, 0xE289, 0xE289, 0xE289, 0xE289, 0x2065, 0xE289, 0xE289, 0xE289, 0xE289, 0xE289, 0xE289, 0xE289, 0xE289, 0xE289,
        0xF348, 0xF348, 0xF348, 0xF348, 0xF348, 0xF348, 0x2065, 0xF348, 0xF348, 0xF348, 0xF348, 0xF348, 0xF348, 0xF348, 0xF348, 0xF348,
        0xFC46, 0xFC46, 0xFC46, 0xFC46, 0xFC46, 0x2065, 0x2065, 0xFC46, 0xFC46, 0xFC46, 0xFC46, 0xFC46, 0xFC46, 0xFC46, 0xFC46, 0xFC46,
        0xFD26, 0xFD26, 0xFD26, 0xFD26, 0xFD26, 0x2065, 0xFD26, 0xFD26, 0xFD26, 0xFD26, 0xFD26, 0xFD26, 0xFD26, 0xFD26, 0xFD26, 0xFD26,
        0xFDE7, 0xFDE7, 0xFDE7, 0xFDE7, 0xFDE7, 0x2065, 0x2065, 0x2065, 0xFDE7, 0xFDE7, 0xFDE7, 0xFDE7, 0xFDE7, 0xFDE7, 0xFDE7, 0xFDE7,
        0x2065, 0x2065, 0x2065, 0x2065, 0x2065, 0x2065, 0x2065, 0x2065, 0x2065, 0x2065, 0x2065, 0x2065, 0x2065, 0x2065, 0x2065, 0x2065,
        0x2065, 0x2065, 0x2065, 0x2065, 0x2065, 0x2065, 0x2065, 0x2065, 0x2065, 0x2065, 0x2065, 0x2065, 0x2065, 0x2065, 0x2065, 0x2065,
        0x2065, 0x2065, 0x2065, 0x2065, 0x2065, 0x2065, 0x2065, 0x2065, 0x2065, 0x2065, 0x2065, 0x2065, 0x2065, 0x2065, 0x2065, 0x2065,
        0x2065, 0x2065, 0x2065, 0x2065, 0x2065, 0x2065, 0x2065, 0x2065, 0x2065, 0x2065, 0x2065, 0x2065, 0x2065, 0x2065, 0x2065, 0x2065,
        0x2065, 0x2065, 0x2065, 0x2065, 0x2065, 0x2065, 0x2065, 0x2065, 0x2065, 0x2065, 0x2065, 0x2065, 0x2065, 0x2065, 0x2065, 0x2065,
    },
    {
        0x30CB, 0x30CB, 0x30CB, 0x30CB, 0x30CB, 0x30CB, 0x30CB, 0x30CB, 0x30CB, 0x30CB, 0x30CB, 0x30CB, 0x30CB, 0x30CB, 0x30CB, 0x30CB,
        0x48CC, 0x48CC, 0x48CC, 0x48CC, 0x48CC, 0x48CC, 0x48CC, 0x48CC, 0x48CC, 0x48CC, 0x48CC, 0x48CC, 0x48CC, 0x48CC, 0x48CC, 0x48CC,
        0x690D, 0x690D, 0x690D, 0x690D, 0x690D, 0x690D, 0x690D, 0x690D, 0x690D, 0x690D, 0x690D, 0x690D, 0x690D, 0x690D, 0x690D, 0x690D,
        0x894D, 0x894D, 0x894D, 0x894D, 0x2065, 0x894D, 0x2065, 0x894D, 0x894D, 0x894D, 0x894D, 0x894D, 0x894D, 0x894D, 0x894D, 0x894D,
        0xB18C, 0xB18C, 0xB18C, 0x2065, 0x2065, 0x2065, 0x2065, 0x2065, 0xB18C, 0xB18C, 0xB18C, 0xB18C, 0xB18C, 0xB18C, 0xB18C, 0xB18C,
        0xC9EB, 0xC9EB, 0x2065, 0x2065, 0xC9EB, 0x2065, 0xC9EB, 0x2065, 0x2065, 0xC9EB, 0xC9EB, 0xC9EB, 0xC9EB, 0xC9EB, 0xC9EB, 0xC9EB,
        0xE289, 0xE289, 0xE289, 0xE289, 0xE289, 0x2065, 0xE289, 0xE289, 0xE289, 0xE289, 0xE289, 0xE289, 0xE289, 0xE289, 0xE289, 0xE289,
        0xF348, 0xF348, 0xF348, 0xF348, 0xF348, 0x2065, 0xF348, 0xF348, 0xF348, 0xF348, 0xF348, 0xF348, 0xF348, 0xF348, 0xF348, 0xF348,
        0xFC46, 0xFC46, 0xFC46, 0xFC46, 0x2065, 0x2065, 0xFC46, 0xFC46, 0xFC46, 0xFC46, 0xFC46, 0xFC46, 0xFC46, 0xFC46, 0xFC46, 0xFC46,
        0xFD26, 0xFD26, 0xFD26, 0xFD26, 0x2065, 0xFD26, 0xFD26, 0xFD26, 0xFD26, 0xFD26, 0xFD26, 0xFD26, 0xFD26, 0xFD26, 0xFD26, 0xFD26,
        0xFDE7, 0xFDE7, 0xFDE7, 0xFDE7, 0x2065, 0x2065, 0x2065, 0xFDE7, 0xFDE7, 0xFDE7, 0xFDE7, 0xFDE7, 0xFDE7, 0xFDE7, 0xFDE7, 0xFDE7,
        0x2065, 0x2065, 0x2065, 0x2065, 0x2065, 0x2065, 0x2065, 0x2065, 0x2065, 0x2065, 0x2065, 0x2065, 0x2065, 0x2065, 0x2065, 0xFE8A,
        0x2065, 0x2065, 0x2065, 0x2065, 0x2065, 0x2065, 0x2065, 0x2065, 0x2065, 0x2065, 0x2065, 0x2065, 0x2065, 0x2065, 0x2065, 0x2065,
        0x2065, 0x2065, 0x2065, 0x2065, 0x2065, 0x2065, 0x2065, 0x2065, 0x2065, 0x2065, 0x2065, 0x2065, 0x2065, 0x2065, 0x2065, 0x2065,
        0x2065, 0x2065, 0x2065, 0x2065, 0x2065, 0x2065, 0x2065, 0x2065, 0x2065, 0x2065, 0x2065, 0x2065, 0x2065, 0x2065, 0x2065, 0x2065,
        0x2065, 0x2065, 0x2065, 0x2065, 0x2065, 0x2065, 0x2065, 0x2065, 0x2065, 0x2065, 0x2065, 0x2065, 0x2065, 0x2065, 0x2065, 0x2065,
    },
    {
        0x30CB, 0x30CB, 0x30CB, 0x30CB, 0x30CB, 0x30CB, 0x30CB, 0x30CB, 0x30CB, 0x30CB, 0x30CB, 0x30CB, 0x30CB, 0x30CB, 0x30CB, 0x30CB,
        0x48CC, 0x48CC, 0x48CC, 0x48CC, 0x48CC, 0x48CC, 0x48CC, 0x48CC, 0x48CC, 0x48CC, 0x48CC, 0x48CC, 0x48CC, 0x48CC, 0x48CC, 0x48CC,
        0x690D, 0x690D, 0x690D, 0x690D, 0x690D, 0x690D, 0x690D, 0x690D, 0x690D, 0x690D, 0x690D, 0x690D, 0x690D, 0x690D, 0x690D, 0x690D,
        0x894D, 0x894D, 0x894D, 0x2065, 0x894D, 0x2065, 0x894D, 0x894D, 0x894D, 0x894D, 0x894D, 0x894D, 0x894D, 0x894D, 0x894D, 0x2065,
        0xB18C, 0xB18C, 0x2065, 0x2065, 0x2065, 0x2065, 0x2065, 0xB18C, 0xB18C, 0xB18C, 0xB18C, 0xB18C, 0xB18C, 0xB18C, 0xB18C, 0xB18C,
        0xC9EB, 0x2065, 0x2065, 0xC9EB, 0x2065, 0xC9EB, 0x2065, 0x2065, 0xC9EB, 0xC9EB, 0xC9EB, 0xC9EB, 0xC9EB, 0xC9EB, 0xC9EB, 0xC9EB,
        0xE289, 0xE289, 0xE289, 0xE289, 0x2065, 0xE289, 0xE289, 0xE289, 0xE289, 0xE289, 0xE289, 0xE289, 0xE289, 0xE289, 0xE289, 0xE289,
        0xF348, 0xF348, 0xF348, 0xF348, 0x2065, 0xF348, 0xF348, 0xF348, 0xF348, 0xF348, 0xF348, 0xF348, 0xF348, 0xF348, 0xF348, 0xF348,
        0xFC46, 0xFC46, 0xFC46, 0x2065, 0x2065, 0xFC46, 0xFC46, 0xFC46, 0xFC46, 0xFC46, 0xFC46, 0xFC46, 0xFC46, 0xFC46, 0xFC46, 0xFC46,
        0xFD26, 0xFD26, 0xFD26, 0x2065, 0xFD26, 0xFD26, 0xFD26, 0xFD26, 0xFD26, 0xFD26, 0xFD26, 0xFD26, 0xFD26, 0xFD26, 0xFD26, 0xFD26,
        0xFDE7, 0xFDE7, 0xFDE7, 0x2065, 0x2065, 0x2065, 0xFDE7, 0xFDE7, 0xFDE7, 0xFDE7, 0xFDE7, 0xFDE7, 0xFDE7, 0xFDE7, 0xFDE7, 0xFDE7,
        0x2065, 0x2065, 0x2065, 0x2065, 0x2065, 0x2065, 0x2065, 0x2065, 0x2065, 0x2065, 0x2065, 0x2065, 0x2065, 0x2065, 0xFE8A, 0xFE8A,
        0x2065, 0x2065, 0x2065, 0x2065, 0x2065, 0x2065, 0x2065, 0x2065, 0x2065, 0x2065, 0x2065, 0x2065, 0x2065, 0x2065, 0x2065, 0x2065,
        0x2065, 0x2065, 0x2065, 0x2065, 0x2065, 0x2065, 0x2065, 0x2065, 0x2065, 0x2065, 0x2065, 0x2065, 0x2065, 0x2065, 0x2065, 0x2065,
        0x2065, 0x2065, 0x2065, 0x2065, 0x2065, 0x2065, 0x2065, 0x2065, 0x2065, 0x2065, 0x2065, 0x2065, 0x2065, 0x2065, 0x2065, 0x2065,
        0x2065, 0x2065, 0x2065, 0x2065, 0x2065, 0x2065, 0x2065, 0x2065, 0x2065, 0x2065, 0x2065, 0x2065, 0x2065, 0x2065, 0x2065, 0x2065,
    },
    {
        0x30CB, 0x30CB, 0x30CB, 0x30CB, 0x30CB, 0x30CB, 0x30CB, 0x30CB, 0x30CB, 0x30CB, 0x30CB, 0x30CB, 0x30CB, 0x30CB, 0x30CB, 0x30CB,
        0x48CC, 0x48CC, 0x48CC, 0x48CC, 0x48CC, 0x48CC, 0x48CC, 0x48CC, 0x48CC, 0x48CC, 0x48CC, 0x48CC, 0x48CC, 0x48CC, 0x48CC, 0x48CC,
        0x690D, 0x690D, 0x690D, 0x690D, 0x690D, 0x690D, 0x690D, 0x690D, 0x690D, 0x690D, 0x690D, 0x690D, 0x690D, 0x690D, 0x690D, 0x2065,
        0x894D, 0x894D, 0x2065, 0x894D, 0x2065, 0x894D, 0x894D, 0x894D, 0x894D, 0x894D, 0x894D, 0x894D, 0x894D, 0x894D, 0x2065, 0x894D,
        0xB18C, 0x2065, 0x2065, 0x2065, 0x2065, 0x2065, 0xB18C, 0xB18C, 0xB18C, 0xB18C, 0xB18C, 0xB18C, 0xB18C, 0xB18C, 0xB18C, 0xB18C,
        0x2065, 0x2065, 0xC9EB, 0x2065, 0xC9EB, 0x2065, 0x2065, 0xC9EB, 0xC9EB, 0xC9EB, 0xC9EB, 0xC9EB, 0xC9EB, 0xC9EB, 0xC9EB, 0xC9EB,
        0xE289, 0xE289, 0xE289, 0x2065, 0xE289, 0xE289, 0xE289, 0xE289, 0xE289, 0xE289, 0xE289, 0xE289, 0xE289, 0xE289, 0xE289, 0xE289,
        0xF348, 0xF348, 0xF348, 0x2065, 0xF348, 0xF348, 0xF348, 0xF348, 0xF348, 0xF348, 0xF348, 0xF348, 0xF348, 0xF348, 0xF348, 0xF348,
        0xFC46, 0xFC46, 0x2065, 0x2065, 0xFC46, 0xFC46, 0xFC46, 0xFC46, 0xFC46, 0xFC46, 0xFC46, 0xFC46, 0xFC46, 0xFC46, 0xFC46, 0xFC46,
        0xFD26, 0xFD26, 0x2065, 0xFD26, 0xFD26, 0xFD26, 0xFD26, 0xFD26, 0xFD26, 0xFD26, 0xFD26, 0xFD26, 0xFD26, 0xFD26, 0xFD26, 0xFD26,
        0xFDE7, 0xFDE7, 0x2065, 0x2065, 0x2065, 0xFDE7, 0xFDE7, 0xFDE7, 0xFDE7, 0xFDE7, 0xFDE7, 0xFDE7, 0xFDE7, 0xFDE7, 0xFDE7, 0xFDE7,
        0x2065, 0x2065, 0x2065, 0x2065, 0x2065, 0x2065, 0x2065, 0x2065, 0x2065, 0x2065, 0x2065, 0x2065, 0x2065, 0xFE8A, 0xFE8A, 0xFE8A,
        0x2065, 0x2065, 0x2065, 0x2065, 0x2065, 0x2065, 0x2065, 0x2065, 0x2065, 0x2065, 0x2065, 0x2065, 0x2065, 0x2065, 0x2065, 0x2065,
        0x2065, 0x2065, 0x2065, 0x2065, 0x2065, 0x2065, 0x2065, 0x2065, 0x2065, 0x2065, 0x2065, 0x2065, 0x2065, 0x2065, 0x2065, 0x2065,
        0x2065, 0x2065, 0x2065, 0x2065, 0x2065, 0x2065, 0x2065, 0x2065, 0x2065, 0x2065, 0x2065, 0x2065, 0x2065, 0x2065, 0x2065, 0x2065,
        0x2065, 0x2065, 0x2065, 0x2065, 0x2065, 0x2065, 0x2065, 0x2065, 0x2065, 0x2065, 0x2065, 0x2065, 0x2065, 0x2065, 0x2065, 0x2065,
    },
    {
        0x30CB, 0x30CB, 0x30CB, 0x30CB, 0x30CB, 0x30CB, 0x30CB, 0x30CB, 0x30CB, 0x30CB, 0x30CB, 0x30CB, 0x30CB, 0x30CB, 0x30CB, 0x30CB,
        0x48CC, 0x48CC, 0x48CC, 0x48CC, 0x48CC, 0x48CC, 0x48CC, 0x48CC, 0x48CC, 0x48CC, 0x48CC, 0x48CC, 0x48CC, 0x48CC, 0x48CC, 0x48CC,
        0x690D, 0x690D, 0x690D, 0x690D, 0x690D, 0x690D, 0x690D, 0x690D, 0x690D, 0x690D, 0x690D, 0x690D, 0x690D, 0x690D, 0x2065, 0x690D,
        0x894D, 0x2065, 0x894D, 0x2065, 0x894D, 0x894D, 0x894D, 0x894D, 0x894D, 0x894D, 0x894D, 0x894D, 0x894D, 0x2065, 0x894D, 0x2065,
        0x2065, 0x2065, 0x2065, 0x2065, 0x2065, 0xB18C, 0xB18C, 0xB18C, 0xB18C, 0xB18C, 0xB18C, 0xB18C, 0xB18C, 0xB18C, 0xB18C, 0xB18C,
        0x2065, 0xC9EB, 0x2065, 0xC9EB, 0x2065, 0x2065, 0xC9EB, 0xC9EB, 0xC9EB, 0xC9EB, 0xC9EB, 0xC9EB, 0xC9EB, 0xC9EB, 0xC9EB, 0xC9EB,
        0xE289, 0xE289, 0x2065, 0xE289, 0xE289, 0xE289, 0xE289, 0xE289, 0xE289, 0xE289, 0xE289, 0xE289, 0xE289, 0xE289, 0xE289, 0xE289,
        0xF348, 0xF348, 0x2065, 0xF348, 0xF348, 0xF348, 0xF348, 0xF348, 0xF348, 0xF348, 0xF348, 0xF348, 0xF348, 0xF348, 0xF348, 0xF348,
        0xFC46, 0x2065, 0x2065, 0xFC46, 0xFC46, 0xFC46, 0xFC46, 0xFC46, 0xFC46, 0xFC46, 0xFC46, 0xFC46, 0xFC46, 0xFC46, 0xFC46, 0xFC46,
        0xFD26, 0x2065, 0xFD26, 0xFD26, 0xFD26, 0xFD26, 0xFD26, 0xFD26, 0xFD26, 0xFD26, 0xFD26, 0xFD26, 0xFD26, 0xFD26, 0xFD26, 0xFD26,
        0xFDE7, 0x2065, 0x2065, 0x2065, 0xFDE7, 0xFDE7, 0xFDE7, 0xFDE7, 0xFDE7, 0xFDE7, 0xFDE7, 0xFDE7, 0xFDE7, 0xFDE7, 0xFDE7, 0xFDE7,
        0x2065, 0x2065, 0x2065, 0x2065, 0x2065, 0x2065, 0x2065, 0x2065, 0x2065, 0x2065, 0x2065, 0x2065, 0xFE8A, 0xFE8A, 0xFE8A, 0xFE8A,
        0x2065, 0x2065, 0x2065, 0x2065, 0x2065, 0x2065, 0x2065, 0x2065, 0x2065, 0x2065, 0x2065, 0x2065, 0x2065, 0x2065, 0x2065, 0x2065,
        0x2065, 0x2065, 0x2065, 0x2065, 0x2065, 0x2065, 0x2065, 0x2065, 0x2065, 0x2065, 0x2065, 0x2065, 0x2065, 0x2065, 0x2065, 0x2065,
        0x2065, 0x2065, 0x2065, 0x2065, 0x2065, 0x2065, 0x2065, 0x2065, 0x2065, 0x2065, 0x2065, 0x2065, 0x2065, 0x2065, 0x2065, 0x2065,
        0x2065, 0x2065, 0x2065, 0x2065, 0x2065, 0x2065, 0x2065, 0x2065, 0x2065, 0x2065, 0x2065, 0x2065, 0x2065, 0x2065, 0x2065, 0x2065,
    },
    {
        0x30CB, 0x30CB, 0x30CB, 0x30CB, 0x30CB, 0x30CB, 0x30CB, 0x30CB, 0x30CB, 0x30CB, 0x30CB, 0x30CB, 0x30CB, 0x30CB, 0x30CB, 0x30CB,
        0x48CC, 0x48CC, 0x48CC, 0x48CC, 0x48CC, 0x48CC, 0x48CC, 0x48CC, 0x48CC, 0x48CC, 0x48CC, 0x48CC, 0x48CC, 0x48CC, 0x48CC, 0x48CC,
        0x690D, 0x690D, 0x690D, 0x690D, 0x690D, 0x690D, 0x690D, 0x690D, 0x690D, 0x690D, 0x690D, 0x690D, 0x690D, 0x2065, 0x690D, 0x690D,
        0x2065, 0x894D, 0x2065, 0x894D, 0x894D, 0x894D, 0x894D, 0x894D, 0x894D, 0x894D, 0x894D, 0x894D, 0x2065, 0x894D, 0x2065, 0x894D,
        0x2065, 0x2065, 0x2065, 0x2065, 0xB18C, 0xB18C, 0xB18C, 0xB18C, 0xB18C, 0xB18C, 0xB18C, 0xB18C, 0xB18C, 0xB18C, 0xB18C, 0xB18C,
        0xC9EB, 0x2065, 0xC9EB, 0x2065, 0x2065, 0xC9EB, 0xC9EB, 0xC9EB, 0xC9EB, 0xC9EB, 0xC9EB, 0xC9EB, 0xC9EB, 0xC9EB, 0xC9EB, 0xC9EB,
        0xE289, 0x2065, 0xE289, 0xE289, 0xE289, 0xE289, 0xE289, 0xE289, 0xE289, 0xE289, 0xE289, 0xE289, 0xE289, 0xE289, 0xE289, 0xE289,
        0xF348, 0x2065, 0xF348, 0xF348, 0xF348, 0xF348, 0xF348, 0xF348, 0xF348, 0xF348, 0xF348, 0xF348, 0xF348, 0xF348, 0xF348, 0xF348,
        0x2065, 0x2065, 0xFC46, 0xFC46, 0xFC46, 0xFC46, 0xFC46, 0xFC46, 0xFC46, 0xFC46, 0xFC46, 0xFC46, 0xFC46, 0xFC46, 0xFC46, 0xFC46,
        0x2065, 0xFD26, 0xFD26, 0xFD26, 0xFD26, 0xFD26, 0xFD26, 0xFD26, 0xFD26, 0xFD26, 0xFD26, 0xFD26, 0xFD26, 0xFD26, 0xFD26, 0xFD26,
        0x2065, 0x2065, 0x2065, 0xFDE7, 0xFDE7, 0xFDE7, 0xFDE7, 0xFDE7, 0xFDE7, 0xFDE7, 0xFDE7, 0xFDE7, 0xFDE7, 0xFDE7, 0xFDE7, 0xFDE7,
        0x2065, 0x2065, 0x2065, 0x2065, 0x2065, 0x2065, 0x2065, 0x2065, 0x2065, 0x2065, 0x2065, 0xFE8A, 0xFE8A, 0xFE8A, 0xFE8A, 0xFE8A,
        0x2065, 0x2065, 0x2065, 0x2065, 0x2065, 0x2065, 0x2065, 0x2065, 0x2065, 0x2065, 0x2065, 0x2065, 0x2065, 0x2065, 0x2065, 0x2065,
        0x2065, 0x2065, 0x2065, 0x2065, 0x2065, 0x2065, 0x2065, 0x2065, 0x2065, 0x2065, 0x2065, 0x2065, 0x2065, 0x2065, 0x2065, 0x2065,
        0x2065, 0x2065, 0x2065, 0x2065, 0x2065, 0x2065, 0x2065, 0x2065, 0x2065, 0x2065, 0x2065, 0x2065, 0x2065, 0x2065, 0x2065, 0x2065,
        0x2065, 0x2065, 0x2065, 0x2065, 0x2065, 0x2065, 0x2065, 0x2065, 0x2065, 0x2065, 0x2065, 0x2065, 0x2065, 0x2065, 0x2065, 0x2065,
    },
    {
        0x30CB, 0x30CB, 0x30CB, 0x30CB, 0x30CB, 0x30CB, 0x30CB, 0x30CB, 0x30CB, 0x30CB, 0x30CB, 0x30CB, 0x30CB, 0x30CB, 0x30CB, 0x30CB,
        0x48CC, 0x48CC, 0x48CC, 0x48CC, 0x48CC, 0x48CC, 0x48CC, 0x48CC, 0x48CC, 0x48CC, 0x48CC, 0x48CC, 0x48CC, 0x48CC, 0x48CC, 0x48CC,
        0x690D, 0x690D, 0x690D, 0x690D, 0x690D, 0x690D, 0x690D, 0x690D, 0x690D, 0x690D, 0x690D, 0x690D, 0x2065, 0x690D, 0x690D, 0x690D,
        0x894D, 0x2065, 0x894D, 0x894D, 0x894D, 0x894D, 0x894D, 0x894D, 0x894D, 0x894D, 0x894D, 0x2065, 0x894D, 0x2065, 0x894D, 0x894D,
        0x2065, 0x2065, 0x2065, 0xB18C, 0xB18C, 0xB18C, 0xB18C, 0xB18C, 0xB18C, 0xB18C, 0xB18C, 0xB18C, 0xB18C, 0xB18C, 0xB18C, 0xB18C,
        0x2065, 0xC9EB, 0x2065, 0x2065, 0xC9EB, 0xC9EB, 0xC9EB, 0xC9EB, 0xC9EB, 0xC9EB, 0xC9EB, 0xC9EB, 0xC9EB, 0xC9EB, 0xC9EB, 0xC9EB,
        0x2065, 0xE289, 0xE289, 0xE289, 0xE289, 0xE289, 0xE289, 0xE289, 0xE289, 0xE289, 0xE289, 0xE289, 0xE289, 0xE289, 0xE289, 0xE289,
        0x2065, 0xF348, 0xF348, 0xF348, 0xF348, 0xF348, 0xF348, 0xF348, 0xF348, 0xF348, 0xF348, 0xF348, 0xF348, 0xF348, 0xF348, 0xF348,
        0x2065, 0xFC46, 0xFC46, 0xFC46, 0xFC46, 0xFC46, 0xFC46, 0xFC46, 0xFC46, 0xFC46, 0xFC46, 0xFC46, 0xFC46, 0xFC46, 0xFC46, 0xFC46,
        0xFD26, 0xFD26, 0xFD26, 0xFD26, 0xFD26, 0xFD26, 0xFD26, 0xFD26, 0xFD26, 0xFD26, 0xFD26, 0xFD26, 0xFD26, 0xFD26, 0xFD26, 0xFD26,
        0x2065, 0x2065, 0xFDE7, 0xFDE7, 0xFDE7, 0xFDE7, 0xFDE7, 0xFDE7, 0xFDE7, 0xFDE7, 0xFDE7, 0xFDE7, 0xFDE7, 0xFDE7, 0xFDE7, 0xFDE7,
        0x2065, 0x2065, 0x2065, 0x2065, 0x2065, 0x2065, 0x2065, 0x2065, 0x2065, 0x2065, 0xFE8A, 0xFE8A, 0xFE8A, 0xFE8A, 0xFE8A, 0xFE8A,
        0x2065, 0x2065, 0x2065, 0x2065, 0x2065, 0x2065, 0x2065, 0x2065, 0x2065, 0x2065, 0x2065, 0x2065, 0x2065, 0x2065, 0x2065, 0xFEEC,
        0x2065, 0x2065, 0x2065, 0x2065, 0x2065, 0x2065, 0x2065, 0x2065, 0x2065, 0x2065, 0x2065, 0x2065, 0x2065, 0x2065, 0x2065, 0x2065,
        0x2065, 0x2065, 0x2065, 0x2065, 0x2065, 0x2065, 0x2065, 0x2065, 0x2065, 0x2065, 0x2065, 0x2065, 0x2065, 0x2065, 0x2065, 0x2065,
        0x2065, 0x2065, 0x2065, 0x2065, 0x2065, 0x2065, 0x2065, 0x2065, 0x2065, 0x2065, 0x2065, 0x2065, 0x2065, 0x2065, 0x2065, 0x2065,
    },
    {
        0x30CB, 0x30CB, 0x30CB, 0x30CB, 0x30CB, 0x30CB, 0x30CB, 0x30CB, 0x30CB, 0x30CB, 0x30CB, 0x30CB, 0x30CB, 0x30CB, 0x30CB, 0x30CB,
        0x48CC, 0x48CC, 0x48CC, 0x48CC, 0x48CC, 0x48CC, 0x48CC, 0x48CC, 0x48CC, 0x48CC, 0x48CC, 0x48CC, 0x48CC, 0x48CC, 0x48CC, 0x48CC,
        0x690D, 0x690D, 0x690D, 0x690D, 0x690D, 0x690D, 0x690D, 0x690D, 0x690D, 0x690D, 0x690D, 0x2065, 0x690D, 0x690D, 0x690D, 0x690D,
        0x2065, 0x894D, 0x894D, 0x894D, 0x894D, 0x894D, 0x894D, 0x894D, 0x894D, 0x894D, 0x2065, 0x894D, 0x2065, 0x894D, 0x894D, 0x894D,
        0x2065, 0x2065, 0xB18C, 0xB18C, 0xB18C, 0xB18C, 0xB18C, 0xB18C, 0xB18C, 0xB18C, 0xB18C, 0xB18C, 0xB18C, 0xB18C, 0xB18C, 0xB18C,
        0xC9EB, 0x2065, 0x2065, 0xC9EB, 0xC9EB, 0xC9EB, 0xC9EB, 0xC9EB, 0xC9EB, 0xC9EB, 0xC9EB, 0xC9EB, 0xC9EB, 0xC9EB, 0xC9EB, 0x2065,
        0xE289, 0xE289, 0xE289, 0xE289, 0xE289, 0xE289, 0xE289, 0xE289, 0xE289, 0xE289, 0xE289, 0xE289, 0xE289, 0xE289, 0xE289, 0xE289,
        0xF348, 0xF348, 0xF348, 0xF348, 0xF348, 0xF348, 0xF348, 0xF348, 0xF348, 0xF348, 0xF348, 0xF348, 0xF348, 0xF348, 0xF348, 0xF348,
        0xFC46, 0xFC46, 0xFC46, 0xFC46, 0xFC46, 0xFC46, 0xFC46, 0xFC46, 0xFC46, 0xFC46, 0xFC46, 0xFC46, 0xFC46, 0xFC46, 0xFC46, 0xFC46,
        0xFD26, 0xFD26, 0xFD26, 0xFD26, 0xFD26, 0xFD26, 0xFD26, 0xFD26, 0xFD26, 0xFD26, 0xFD26, 0xFD26, 0xFD26, 0xFD26, 0xFD26, 0xFD26,
        0x2065, 0xFDE7, 0xFDE7, 0xFDE7, 0xFDE7, 0xFDE7, 0xFDE7, 0xFDE7, 0xFDE7, 0xFDE7, 0xFDE7, 0xFDE7, 0xFDE7, 0xFDE7, 0xFDE7, 0xFDE7,
        0x2065, 0x2065, 0x2065, 0x2065, 0x2065, 0x2065, 0x2065, 0x2065, 0x2065, 0xFE8A, 0xFE8A, 0xFE8A, 0xFE8A, 0xFE8A, 0xFE8A, 0xFE8A,
        0x2065, 0x2065, 0x2065, 0x2065, 0x2065, 0x2065, 0x2065, 0x2065, 0x2065, 0x2065, 0x2065, 0x2065, 0x2065, 0x2065, 0xFEEC, 0xFEEC,
        0x2065, 0x2065, 0x2065, 0x2065, 0x2065, 0x2065, 0x2065, 0x2065, 0x2065, 0x2065, 0x2065, 0x2065, 0x2065, 0x2065, 0x2065, 0x2065,
        0x2065, 0x2065, 0x2065, 0x2065, 0x2065, 0x2065, 0x2065, 0x2065, 0x2065, 0x2065, 0x2065, 0x2065, 0x2065, 0x2065, 0x2065, 0x2065,
        0x2065, 0x2065, 0x2065, 0x2065, 0x2065, 0x2065, 0x2065, 0x2065, 0x2065, 0x2065, 0x2065, 0x2065, 0x2065, 0x2065, 0x2065, 0x2065,
    },
    {
        0x30CB, 0x30CB, 0x30CB, 0x30CB, 0x30CB, 0x30CB, 0x30CB, 0x30CB, 0x30CB, 0x30CB, 0x30CB, 0x30CB, 0x30CB, 0x30CB, 0x30CB, 0x30CB,
        0x48CC, 0x48CC, 0x48CC, 0x48CC, 0x48CC, 0x48CC, 0x48CC, 0x48CC, 0x48CC, 0x48CC, 0x48CC, 0x48CC, 0x48CC, 0x48CC, 0x48CC, 0x48CC,
        0x690D, 0x690D, 0x690D, 0x690D, 0x690D, 0x690D, 0x690D, 0x690D, 0x690D, 0x690D, 0x2065, 0x690D, 0x690D, 0x690D, 0x690D, 0x690D,
        0x894D, 0x894D, 0x894D, 0x894D, 0x894D, 0x894D, 0x894D, 0x894D, 0x894D, 0x2065, 0x894D, 0x2065, 0x894D, 0x894D, 0x894D, 0x894D,
        0x2065, 0xB18C, 0xB18C, 0xB18C, 0xB18C, 0xB18C, 0xB18C, 0xB18C, 0xB18C, 0xB18C, 0xB18C, 0xB18C, 0xB18C, 0xB18C, 0xB18C, 0x2065,
        0x2065, 0x2065, 0xC9EB, 0xC9EB, 0xC9EB, 0xC9EB, 0xC9EB, 0xC9EB, 0xC9EB, 0xC9EB, 0xC9EB, 0xC9EB, 0xC9EB, 0xC9EB, 0x2065, 0xC9EB,
        0xE289, 0xE289, 0xE289, 0xE289, 0xE289, 0xE289, 0xE289, 0xE289, 0xE289, 0xE289, 0xE289, 0xE289, 0xE289, 0xE289, 0xE289, 0xE289,
        0xF348, 0xF348, 0xF348, 0xF348, 0xF348, 0xF348, 0xF348, 0xF348, 0xF348, 0xF348, 0xF348, 0xF348, 0xF348, 0xF348, 0xF348, 0xF348,
        0xFC46, 0xFC46, 0xFC46, 0xFC46, 0xFC46, 0xFC46, 0xFC46, 0xFC46, 0xFC46, 0xFC46, 0xFC46, 0xFC46, 0xFC46, 0xFC46, 0xFC46, 0xFC46,
        0xFD26, 0xFD26, 0xFD26, 0xFD26, 0xFD26, 0xFD26, 0xFD26, 0xFD26, 0xFD26, 0xFD26, 0xFD26, 0xFD26, 0xFD26, 0xFD26, 0xFD26, 0xFD26,
        0xFDE7, 0xFDE7, 0xFDE7, 0xFDE7, 0xFDE7, 0xFDE7, 0xFDE7, 0xFDE7, 0xFDE7, 0xFDE7, 0xFDE7, 0xFDE7, 0xFDE7, 0xFDE7, 0xFDE7, 0xFDE7,
        0x2065, 0x2065, 0x2065, 0x2065, 0x2065, 0x2065, 0x2065, 0x2065, 0xFE8A, 0xFE8A, 0xFE8A, 0xFE8A, 0xFE8A, 0xFE8A, 0xFE8A, 0xFE8A,
        0x2065, 0x2065, 0x2065, 0x2065, 0x2065, 0x2065, 0x2065, 0x2065, 0x2065, 0x2065, 0x2065, 0x2065, 0x2065, 0xFEEC, 0xFEEC, 0xFEEC,
        0x2065, 0x2065, 0x2065, 0x2065, 0x2065, 0x2065, 0x2065, 0x2065, 0x2065, 0x2065, 0x2065, 0x2065, 0x2065, 0x2065, 0x2065, 0x2065,
        0x2065, 0x2065, 0x2065, 0x2065, 0x2065, 0x2065, 0x2065, 0x2065, 0x2065, 0x2065, 0x2065, 0x2065, 0x2065, 0x2065, 0x2065, 0x2065,
        0x2065, 0x2065, 0x2065, 0x2065, 0x2065, 0x2065, 0x2065, 0x2065, 0x2065, 0x2065, 0x2065, 0x2065, 0x2065, 0x2065, 0x2065, 0x2065,
    },
    {
        0x30CB, 0x30CB, 0x30CB, 0x30CB, 0x30CB, 0x30CB, 0x30CB, 0x30CB, 0x30CB, 0x30CB, 0x30CB, 0x30CB, 0x30CB, 0x30CB, 0x30CB, 0x30CB,
        0x48CC, 0x48CC, 0x48CC, 0x48CC, 0x48CC, 0x48CC, 0x48CC, 0x48CC, 0x48CC, 0x48CC, 0x48CC, 0x48CC, 0x48CC, 0x48CC, 0x48CC, 0x48CC,
        0x690D, 0x690D, 0x690D, 0x690D, 0x690D, 0x690D, 0x690D, 0x690D, 0x690D, 0x2065, 0x690D, 0x690D, 0x690D, 0x690D, 0x690D, 0x690D,
        0x894D, 0x894D, 0x894D, 0x894D, 0x894D, 0x894D, 0x894D, 0x894D, 0x2065, 0x894D, 0x2065, 0x894D, 0x894D, 0x894D, 0x894D, 0x894D,
        0xB18C, 0xB18C, 0xB18C, 0xB18C, 0xB18C, 0xB18C, 0xB18C, 0xB18C, 0xB18C, 0xB18C, 0xB18C, 0xB18C, 0xB18C, 0xB18C, 0x2065, 0xB18C,
        0x2065, 0xC9EB, 0xC9EB, 0xC9EB, 0xC9EB, 0xC9EB, 0xC9EB, 0xC9EB, 0xC9EB, 0xC9EB, 0xC9EB, 0xC9EB, 0xC9EB, 0x2065, 0xC9EB, 0x2065,
        0xE289, 0xE289, 0xE289, 0xE289, 0xE289, 0xE289, 0xE289, 0xE289, 0xE289, 0xE289, 0xE289, 0xE289, 0xE289, 0xE289, 0xE289, 0xE289,
        0xF348, 0xF348, 0xF348, 0xF348, 0xF348, 0xF348, 0xF348, 0xF348, 0xF348, 0xF348, 0xF348, 0xF348, 0xF348, 0xF348, 0xF348, 0xF348,
        0xFC46, 0xFC46, 0xFC46, 0xFC46, 0xFC46, 0xFC46, 0xFC46, 0xFC46, 0xFC46, 0xFC46, 0xFC46, 0xFC46, 0xFC46, 0xFC46, 0xFC46, 0xFC46,
        0xFD26, 0xFD26, 0xFD26, 0xFD26, 0xFD26, 0xFD26, 0xFD26, 0xFD26, 0xFD26, 0xFD26, 0xFD26, 0xFD26, 0xFD26, 0xFD26, 0xFD26, 0xFD26,
        0xFDE7, 0xFDE7, 0xFDE7, 0xFDE7, 0xFDE7, 0xFDE7, 0xFDE7, 0xFDE7, 0xFDE7, 0xFDE7, 0xFDE7, 0xFDE7, 0xFDE7, 0xFDE7, 0xFDE7, 0xFDE7,
        0x2065, 0x2065, 0x2065, 0x2065, 0x2065, 0x2065, 0x2065, 0xFE8A, 0xFE8A, 0xFE8A, 0xFE8A, 0xFE8A, 0xFE8A, 0xFE8A, 0xFE8A, 0xFE8A,
        0x2065, 0x2065, 0x2065, 0x2065, 0x2065, 0x2065, 0x2065, 0x2065, 0x2065, 0x2065, 0x2065, 0x2065, 0xFEEC, 0xFEEC, 0xFEEC, 0xFEEC,
        0x2065, 0x2065, 0x2065, 0x2065, 0x2065, 0x2065, 0x2065, 0x2065, 0x2065, 0x2065, 0x2065, 0x2065, 0x2065, 0x2065, 0x2065, 0x2065,
        0x2065, 0x2065, 0x2065, 0x2065, 0x2065, 0x2065, 0x2065, 0x2065, 0x2065, 0x2065, 0x2065, 0x2065, 0x2065, 0x2065, 0x2065, 0x2065,
        0x2065, 0x2065, 0x2065, 0x2065, 0x2065, 0x2065, 0x2065, 0x2065, 0x2065, 0x2065, 0x2065, 0x2065, 0x2065, 0x2065, 0x2065, 0x2065,
    },
    {
        0x30CB, 0x30CB, 0x30CB, 0x30CB, 0x30CB, 0x30CB, 0x30CB, 0x30CB, 0x30CB, 0x30CB, 0x30CB, 0x30CB, 0x30CB, 0x30CB, 0x30CB, 0x30CB,
        0x48CC, 0x48CC, 0x48CC, 0x48CC, 0x48CC, 0x48CC, 0x48CC, 0x48CC, 0x48CC, 0x48CC, 0x48CC, 0x48CC, 0x48CC, 0x48CC, 0x48CC, 0x48CC,
        0x690D, 0x690D, 0x690D, 0x690D, 0x690D, 0x690D, 0x690D, 0x690D, 0x2065, 0x690D, 0x690D, 0x690D, 0x690D, 0x690D, 0x690D, 0x690D,
        0x894D, 0x894D, 0x894D, 0x894D, 0x894D, 0x894D, 0x894D, 0x2065, 0x894D, 0x2065, 0x894D, 0x894D, 0x894D, 0x894D, 0x894D, 0x894D,
        0xB18C, 0xB18C, 0xB18C, 0xB18C, 0xB18C, 0xB18C, 0xB18C, 0xB18C, 0xB18C, 0xB18C, 0xB18C, 0xB18C, 0xB18C, 0x2065, 0xB18C, 0xB18C,
        0xC9EB, 0xC9EB, 0xC9EB, 0xC9EB, 0xC9EB, 0xC9EB, 0xC9EB, 0xC9EB, 0xC9EB, 0xC9EB, 0xC9EB, 0xC9EB, 0x2065, 0xC9EB, 0x2065, 0xC9EB,
        0xE289, 0xE289, 0xE289, 0xE289, 0xE289, 0xE289, 0xE289, 0xE289, 0xE289, 0xE289, 0xE289, 0xE289, 0xE289, 0xE289, 0xE289, 0xE289,
        0xF348, 0xF348, 0xF348, 0xF348, 0xF348, 0xF348, 0xF348, 0xF348, 0xF348, 0xF348, 0xF348, 0xF348, 0xF348, 0xF348, 0xF348, 0xF348,
        0xFC46, 0xFC46, 0xFC46, 0xFC46, 0xFC46, 0xFC46, 0xFC46, 0xFC46, 0xFC46, 0xFC46, 0xFC46, 0xFC46, 0xFC46, 0xFC46, 0xFC46, 0xFC46,
        0xFD26, 0xFD26, 0xFD26, 0xFD26, 0xFD26, 0xFD26, 0xFD26, 0xFD26, 0xFD26, 0xFD26, 0xFD26, 0xFD26, 0xFD26, 0xFD26, 0xFD26, 0xFD26,
        0xFDE7, 0xFDE7, 0xFDE7, 0xFDE7, 0xFDE7, 0xFDE7, 0xFDE7, 0xFDE7, 0xFDE7, 0xFDE7, 0xFDE7, 0xFDE7, 0xFDE7, 0xFDE7, 0xFDE7, 0xFDE7,
        0x2065, 0x2065, 0x2065, 0x2065, 0x2065, 0x2065, 0xFE8A, 0xFE8A, 0xFE8A, 0xFE8A, 0xFE8A, 0xFE8A, 0xFE8A, 0xFE8A, 0xFE8A, 0xFE8A,
        0x2065, 0x2065, 0x2065, 0x2065, 0x2065, 0x2065, 0x2065, 0x2065, 0x2065, 0x2065, 0x2065, 0xFEEC, 0xFEEC, 0xFEEC, 0xFEEC, 0xFEEC,
        0x2065, 0x2065, 0x2065, 0x2065, 0x2065, 0x2065, 0x2065, 0x2065, 0x2065, 0x2065, 0x2065, 0x2065, 0x2065, 0x2065, 0x2065, 0x2065,
        0x2065, 0x2065, 0x2065, 0x2065, 0x2065, 0x2065, 0x2065, 0x2065, 0x2065, 0x2065, 0x2065, 0x2065, 0x2065, 0x2065, 0x2065, 0x2065,
        0x2065, 0x2065, 0x2065, 0x2065, 0x2065, 0x2065, 0x2065, 0x2065, 0x2065, 0x2065, 0x2065, 0x2065, 0x2065, 0x2065, 0x2065, 0x2065,
    },
    {
        0x30CB, 0x30CB, 0x30CB, 0x30CB, 0x30CB, 0x30CB, 0x30CB, 0x30CB, 0x30CB, 0x30CB, 0x30CB, 0x30CB, 0x30CB, 0x30CB, 0x30CB, 0x30CB,
        0x48CC, 0x48CC, 0x48CC, 0x48CC, 0x48CC, 0x48CC, 0x48CC, 0x48CC, 0x48CC, 0x48CC, 0x48CC, 0x48CC, 0x48CC, 0x48CC, 0x48CC, 0x48CC,
        0x690D, 0x690D, 0x690D, 0x690D, 0x690D, 0x690D, 0x690D, 0x2065, 0x690D, 0x690D, 0x690D, 0x690D, 0x690D, 0x690D, 0x690D, 0x690D,
        0x894D, 0x894D, 0x894D, 0x894D, 0x894D, 0x894D, 0x2065, 0x894D, 0x2065, 0x894D, 0x894D, 0x894D, 0x894D, 0x894D, 0x894D, 0x894D,
        0xB18C, 0xB18C, 0xB18C, 0xB18C, 0xB18C, 0xB18C, 0xB18C, 0xB18C, 0xB18C, 0xB18C, 0xB18C, 0xB18C, 0x2065, 0xB18C, 0xB18C, 0xB18C,
        0xC9EB, 0xC9EB, 0xC9EB, 0xC9EB, 0xC9EB, 0xC9EB, 0xC9EB, 0xC9EB, 0xC9EB, 0xC9EB, 0xC9EB, 0x2065, 0xC9EB, 0x2065, 0xC9EB, 0xC9EB,
        0xE289, 0xE289, 0xE289, 0xE289, 0xE289, 0xE289, 0xE289, 0xE289, 0xE289, 0xE289, 0xE289, 0xE289, 0xE289, 0xE289, 0xE289, 0xE289,
        0xF348, 0xF348, 0xF348, 0xF348, 0xF348, 0xF348, 0xF348, 0xF348, 0xF348, 0xF348, 0xF348, 0xF348, 0xF348, 0xF348, 0xF348, 0xF348,
        0xFC46, 0xFC46, 0xFC46, 0xFC46, 0xFC46, 0xFC46, 0xFC46, 0xFC46, 0xFC46, 0xFC46, 0xFC46, 0xFC46, 0xFC46, 0xFC46, 0xFC46, 0xFC46,
        0xFD26, 0xFD26, 0xFD26, 0xFD26, 0xFD26, 0xFD26, 0xFD26, 0xFD26, 0xFD26, 0xFD26, 0xFD26, 0xFD26, 0xFD26, 0xFD26, 0xFD26, 0xFD26,
        0xFDE7, 0xFDE7, 0xFDE7, 0xFDE7, 0xFDE7, 0xFDE7, 0xFDE7, 0xFDE7, 0xFDE7, 0xFDE7, 0xFDE7, 0xFDE7, 0xFDE7, 0xFDE7, 0xFDE7, 0xFDE7,
        0x2065, 0x2065, 0x2065, 0x2065, 0x2065, 0xFE8A, 0xFE8A, 0xFE8A, 0xFE8A, 0xFE8A, 0xFE8A, 0xFE8A, 0xFE8A, 0xFE8A, 0xFE8A, 0xFE8A,
        0x2065, 0x2065, 0x2065, 0x2065, 0x2065, 0x2065, 0x2065, 0x2065, 0x2065, 0x2065, 0xFEEC, 0xFEEC, 0xFEEC, 0xFEEC, 0xFEEC, 0xFEEC,
        0x2065, 0x2065, 0x2065, 0x2065, 0x2065, 0x2065, 0x2065, 0x2065, 0x2065, 0x2065, 0x2065, 0x2065, 0x2065, 0x2065, 0x2065, 0x2065,
        0x2065, 0x2065, 0x2065, 0x2065, 0x2065, 0x2065, 0x2065, 0x2065, 0x2065, 0x2065, 0x2065, 0x2065, 0x2065, 0x2065, 0x2065, 0x2065,
        0x2065, 0x2065, 0x2065, 0x2065, 0x2065, 0x2065, 0x2065, 0x2065, 0x2065, 0x2065, 0x2065, 0x2065, 0x2065, 0x2065, 0x2065, 0x2065,
    },
    {
        0x30CB, 0x30CB, 0x30CB, 0x30CB, 0x30CB, 0x30CB, 0x30CB, 0x30CB, 0x30CB, 0x30CB, 0x30CB, 0x30CB, 0x30CB, 0x30CB, 0x30CB, 0x30CB,
        0x48CC, 0x48CC, 0x48CC, 0x48CC, 0x48CC, 0x48CC, 0x48CC, 0x48CC, 0x48CC, 0x48CC, 0x48CC, 0x48CC, 0x48CC, 0x48CC, 0x48CC, 0x48CC,
        0x690D, 0x690D, 0x690D, 0x690D, 0x690D, 0x690D, 0x2065, 0x690D, 0x690D, 0x690D, 0x690D, 0x690D, 0x690D, 0x690D, 0x690D, 0x690D,
        0x894D, 0x894D, 0x894D, 0x894D, 0x894D, 0x2065, 0x894D, 0x2065, 0x894D, 0x894D, 0x894D, 0x894D, 0x894D, 0x894D, 0x894D, 0x894D,
        0xB18C, 0xB18C, 0xB18C, 0xB18C, 0xB18C, 0xB18C, 0xB18C, 0xB18C, 0xB18C, 0xB18C, 0xB18C, 0x2065, 0xB18C, 0xB18C, 0xB18C, 0xB18C,
        0xC9EB, 0xC9EB, 0xC9EB, 0xC9EB, 0xC9EB, 0xC9EB, 0xC9EB, 0xC9EB, 0xC9EB, 0xC9EB, 0x2065, 0xC9EB, 0x2065, 0xC9EB, 0xC9EB, 0xC9EB,
        0xE289, 0xE289, 0xE289, 0xE289, 0xE289, 0xE289, 0xE289, 0xE289, 0xE289, 0xE289, 0xE289, 0xE289, 0xE289, 0xE289, 0xE289, 0xE289,
        0xF348, 0xF348, 0xF348, 0xF348, 0xF348, 0xF348, 0xF348, 0xF348, 0xF348, 0xF348, 0xF348, 0xF348, 0xF348, 0xF348, 0xF348, 0xF348,
        0xFC46, 0xFC46, 0xFC46, 0xFC46, 0xFC46, 0xFC46, 0xFC46, 0xFC46, 0xFC46, 0xFC46, 0xFC46, 0xFC46, 0xFC46, 0xFC46, 0xFC46, 0xFC46,
        0xFD26, 0xFD26, 0xFD26, 0xFD26, 0xFD26, 0xFD26, 0xFD26, 0xFD26, 0xFD26, 0xFD26, 0xFD26, 0xFD26, 0xFD26, 0xFD26, 0xFD26, 0xFD26,
        0xFDE7, 0xFDE7, 0xFDE7, 0xFDE7, 0xFDE7, 0xFDE7, 0xFDE7, 0xFDE7, 0xFDE7, 0xFDE7, 0xFDE7, 0xFDE7, 0xFDE7, 0xFDE7, 0xFDE7, 0xFDE7,
        0x2065, 0x2065, 0x2065, 0x2065, 0xFE8A, 0xFE8A, 0xFE8A, 0xFE8A, 0xFE8A, 0xFE8A, 0xFE8A, 0xFE8A, 0xFE8A, 0xFE8A, 0xFE8A, 0xFE8A,
        0x2065, 0x2065, 0x2065, 0x2065, 0x2065, 0x2065, 0x2065, 0x2065, 0x2065, 0xFEEC, 0xFEEC, 0xFEEC, 0xFEEC, 0xFEEC, 0xFEEC, 0xFEEC,
        0x2065, 0x2065, 0x2065, 0x2065, 0x2065, 0x2065, 0x2065, 0x2065, 0x2065, 0x2065, 0x2065, 0x2065, 0x2065, 0x2065, 0x2065, 0x2065,
        0x2065, 0x2065, 0x2065, 0x2065, 0x2065, 0x2065, 0x2065, 0x2065, 0x2065, 0x2065, 0x2065, 0x2065, 0x2065, 0x2065, 0x2065, 0x2065,
        0x2065, 0x2065, 0x2065, 0x2065, 0x2065, 0x2065, 0x2065, 0x2065, 0x2065, 0x2065, 0x2065, 0x2065, 0x2065, 0x2065, 0x2065, 0x2065,
    },
    {
        0x30CB, 0x30CB, 0x30CB, 0x30CB, 0x30CB, 0x30CB, 0x30CB, 0x30CB, 0x30CB, 0x30CB, 0x30CB, 0x30CB, 0x30CB, 0x30CB, 0x30CB, 0x30CB,
        0x48CC, 0x48CC, 0x48CC, 0x48CC, 0x48CC, 0x48CC, 0x48CC, 0x48CC, 0x48CC, 0x48CC, 0x48CC, 0x48CC, 0x48CC, 0x48CC, 0x48CC, 0x48CC,
        0x690D, 0x690D, 0x690D, 0x690D, 0x690D, 0x2065, 0x690D, 0x690D, 0x690D, 0x690D, 0x690D, 0x690D, 0x690D, 0x690D, 0x690D, 0x690D,
        0x894D, 0x894D, 0x894D, 0x894D, 0x2065, 0x894D, 0x2065, 0x894D, 0x894D, 0x894D, 0x894D, 0x894D, 0x894D, 0x894D, 0x894D, 0x894D,
        0xB18C, 0xB18C, 0xB18C, 0xB18C, 0xB18C, 0xB18C, 0xB18C, 0xB18C, 0xB18C, 0xB18C, 0x2065, 0xB18C, 0xB18C, 0xB18C, 0xB18C, 0xB18C,
        0xC9EB, 0xC9EB, 0xC9EB, 0xC9EB, 0xC9EB, 0xC9EB, 0xC9EB, 0xC9EB, 0xC9EB, 0x2065, 0xC9EB, 0x2065, 0xC9EB, 0xC9EB, 0xC9EB, 0xC9EB,
        0xE289, 0xE289, 0xE289, 0xE289, 0xE289, 0xE289, 0xE289, 0xE289, 0xE289, 0xE289, 0xE289, 0xE289, 0xE289, 0xE289, 0xE289, 0xE289,
        0xF348, 0xF348, 0xF348, 0xF348, 0xF348, 0xF348, 0xF348, 0xF348, 0xF348, 0xF348, 0xF348, 0xF348, 0xF348, 0xF348, 0xF348, 0xFE2B,
        0xFC46, 0xFC46, 0xFC46, 0xFC46, 0xFC46, 0xFC46, 0xFC46, 0xFC46, 0xFC46, 0xFC46, 0xFC46, 0xFC46, 0xFC46, 0xFC46, 0xFC46, 0xFE2B,
        0xFD26, 0xFD26, 0xFD26, 0xFD26, 0xFD26, 0xFD26, 0xFD26, 0xFD26, 0xFD26, 0xFD26, 0xFD26, 0xFD26, 0xFD26, 0xFD26, 0xFD26, 0xFE2B,
        0xFDE7, 0xFDE7, 0xFDE7, 0xFDE7, 0xFDE7, 0xFDE7, 0xFDE7, 0xFDE7, 0xFDE7, 0xFDE7, 0xFDE7, 0xFDE7, 0xFDE7, 0xFDE7, 0xFDE7, 0xFE2B,
        0x2065, 0x2065, 0x2065, 0xFE8A, 0xFE8A, 0xFE8A, 0xFE8A, 0xFE8A, 0xFE8A, 0xFE8A, 0xFE8A, 0xFE8A, 0xFE8A, 0xFE8A, 0xFE8A, 0xFE2B,
        0x2065, 0x2065, 0x2065, 0x2065, 0x2065, 0x2065, 0x2065, 0x2065, 0xFEEC, 0xFEEC, 0xFEEC, 0xFEEC, 0xFEEC, 0xFEEC, 0xFEEC, 0xFE2B,
        0x2065, 0x2065, 0x2065, 0x2065, 0x2065, 0x2065, 0x2065, 0x2065, 0x2065, 0x2065, 0x2065, 0x2065, 0x2065, 0x2065, 0x2065, 0x2065,
        0x2065, 0x2065, 0x2065, 0x2065, 0x2065, 0x2065, 0x2065, 0x2065, 0x2065, 0x2065, 0x2065, 0x2065, 0x2065, 0x2065, 0x2065, 0x2065,
        0x2065, 0x2065, 0x2065, 0x2065, 0x2065, 0x2065, 0x2065, 0x2065, 0x2065, 0x2065, 0x2065, 0x2065, 0x2065, 0x2065, 0x2065, 0x2065,
    },
    {
        0x30CB, 0x30CB, 0x30CB, 0x30CB, 0x30CB, 0x30CB, 0x30CB, 0x30CB, 0x30CB, 0x30CB, 0x30CB, 0x30CB, 0x30CB, 0x30CB, 0x30CB, 0x30CB,
        0x48CC, 0x48CC, 0x48CC, 0x48CC, 0x48CC, 0x48CC, 0x48CC, 0x48CC, 0x48CC, 0x48CC, 0x48CC, 0x48CC, 0x48CC, 0x48CC, 0x48CC, 0x48CC,
        0x690D, 0x690D, 0x690D, 0x690D, 0x2065, 0x690D, 0x690D, 0x690D, 0x690D, 0x690D, 0x690D, 0x690D, 0x690D, 0x690D, 0x690D, 0x690D,
        0x894D, 0x894D, 0x894D, 0x2065, 0x894D, 0x2065, 0x894D, 0x894D, 0x894D, 0x894D, 0x894D, 0x894D, 0x894D, 0x894D, 0x894D, 0x894D,
        0xB18C, 0xB18C, 0xB18C, 0xB18C, 0xB18C, 0xB18C, 0xB18C, 0xB18C, 0xB18C, 0x2065, 0xB18C, 0xB18C, 0xB18C, 0xB18C, 0xB18C, 0xB18C,
        0xC9EB, 0xC9EB, 0xC9EB, 0xC9EB, 0xC9EB, 0xC9EB, 0xC9EB, 0xC9EB, 0x2065, 0xC9EB, 0x2065, 0xC9EB, 0xC9EB, 0xC9EB, 0xC9EB, 0xC9EB,
        0xE289, 0xE289, 0xE289, 0xE289, 0xE289, 0xE289, 0xE289, 0xE289, 0xE289, 0xE289, 0xE289, 0xE289, 0xE289, 0xE289, 0xE289, 0xFE2B,
        0xF348, 0xF348, 0xF348, 0xF348, 0xF348, 0xF348, 0xF348, 0xF348, 0xF348, 0xF348, 0xF348, 0xF348, 0xF348, 0xF348, 0xFE2B, 0xFE2B,
        0xFC46, 0xFC46, 0xFC46, 0xFC46, 0xFC46, 0xFC46, 0xFC46, 0xFC46, 0xFC46, 0xFC46, 0xFC46, 0xFC46, 0xFC46, 0xFC46, 0xFE2B, 0xFFB8,
        0xFD26, 0xFD26, 0xFD26, 0xFD26, 0xFD26, 0xFD26, 0xFD26, 0xFD26, 0xFD26, 0xFD26, 0xFD26, 0xFD26, 0xFD26, 0xFD26, 0xFE2B, 0xFFB8,
        0xFDE7, 0xFDE7, 0xFDE7, 0xFDE7, 0xFDE7, 0xFDE7, 0xFDE7, 0xFDE7, 0xFDE7, 0xFDE7, 0xFDE7, 0xFDE7, 0xFDE7, 0xFDE7, 0xFE2B, 0xFFB8,
        0x2065, 0x2065, 0xFE8A, 0xFE8A, 0xFE8A, 0xFE8A, 0xFE8A, 0xFE8A, 0xFE8A, 0xFE8A, 0xFE8A, 0xFE8A, 0xFE8A, 0xFE8A, 0xFE2B, 0xFFB8,
        0x2065, 0x2065, 0x2065, 0x2065, 0x2065, 0x2065, 0x2065, 0xFEEC, 0xFEEC, 0xFEEC, 0xFEEC, 0xFEEC, 0xFEEC, 0xFEEC, 0xFE2B, 0xFE2B,
        0x2065, 0x2065, 0x2065, 0x2065, 0x2065, 0x2065, 0x2065, 0x2065, 0x2065, 0x2065, 0x2065, 0x2065, 0x2065, 0x2065, 0x2065, 0x2065,
        0x2065, 0x2065, 0x2065, 0x2065, 0x2065, 0x2065, 0x2065, 0x2065, 0x2065, 0x2065, 0x2065, 0x2065, 0x2065, 0x2065, 0x2065, 0x2065,
        0x2065, 0x2065, 0x2065, 0x2065, 0x2065, 0x2065, 0x2065, 0x2065, 0x2065, 0x2065, 0x2065, 0x2065, 0x2065, 0x2065, 0x2065, 0x2065,
    },
    {
        0x30CB, 0x30CB, 0x30CB, 0x30CB, 0x30CB, 0x30CB, 0x30CB, 0x30CB, 0x30CB, 0x30CB, 0x30CB, 0x30CB, 0x30CB, 0x30CB, 0x30CB, 0x30CB,
        0x48CC, 0x48CC, 0x48CC, 0x48CC, 0x48CC, 0x48CC, 0x48CC, 0x48CC, 0x48CC, 0x48CC, 0x48CC, 0x48CC, 0x48CC, 0x48CC, 0x48CC, 0x48CC,
        0x690D, 0x690D, 0x690D, 0x2065, 0x690D, 0x690D, 0x690D, 0x690D, 0x690D, 0x690D, 0x690D, 0x690D, 0x690D, 0x690D, 0x690D, 0x690D,
        0x894D, 0x894D, 0x2065, 0x894D, 0x2065, 0x894D, 0x894D, 0x894D, 0x894D, 0x894D, 0x894D, 0x894D, 0x894D, 0x894D, 0x894D, 0x894D,
        0xB18C, 0xB18C, 0xB18C, 0xB18C, 0xB18C, 0xB18C, 0xB18C, 0xB18C, 0x2065, 0xB18C, 0xB18C, 0xB18C, 0xB18C, 0xB18C, 0xB18C, 0xB18C,
        0xC9EB, 0xC9EB, 0xC9EB, 0xC9EB, 0xC9EB, 0xC9EB, 0xC9EB, 0x2065, 0xC9EB, 0x2065, 0xC9EB, 0xC9EB, 0xC9EB, 0xC9EB, 0xC9EB, 0xFE2B,
        0xE289, 0xE289, 0xE289, 0xE289, 0xE289, 0xE289, 0xE289, 0xE289, 0xE289, 0xE289, 0xE289, 0xE289, 0xE289, 0xE289, 0xFE2B, 0xFE2B,
        0xF348, 0xF348, 0xF348, 0xF348, 0xF348, 0xF348, 0xF348, 0xF348, 0xF348, 0xF348, 0xF348, 0xF348, 0xF348, 0xFE2B, 0xFE2B, 0xFFB8,
        0xFC46, 0xFC46, 0xFC46, 0xFC46, 0xFC46, 0xFC46, 0xFC46, 0xFC46, 0xFC46, 0xFC46, 0xFC46, 0xFC46, 0xFC46, 0xFE2B, 0xFFB8, 0xFFB8,
        0xFD26, 0xFD26, 0xFD26, 0xFD26, 0xFD26, 0xFD26, 0xFD26, 0xFD26, 0xFD26, 0xFD26, 0xFD26, 0xFD26, 0xFD26, 0xFE2B, 0xFFB8, 0xFFB8,
        0xFDE7, 0xFDE7, 0xFDE7, 0xFDE7, 0xFDE7, 0xFDE7, 0xFDE7, 0xFDE7, 0xFDE7, 0xFDE7, 0xFDE7, 0xFDE7, 0xFDE7, 0xFE2B, 0xFFB8, 0xFFB8,
        0x2065, 0xFE8A, 0xFE8A, 0xFE8A, 0xFE8A, 0xFE8A, 0xFE8A, 0xFE8A, 0xFE8A, 0xFE8A, 0xFE8A, 0xFE8A, 0xFE8A, 0xFE2B, 0xFFB8, 0xFFB8,
        0x2065, 0x2065, 0x2065, 0x2065, 0x2065, 0x2065, 0xFEEC, 0xFEEC, 0xFEEC, 0xFEEC, 0xFEEC, 0xFEEC, 0xFEEC, 0xFE2B, 0xFE2B, 0xFFB8,
        0x2065, 0x2065, 0x2065, 0x2065, 0x2065, 0x2065, 0x2065, 0x2065, 0x2065, 0x2065, 0x2065, 0x2065, 0x2065, 0x2065, 0x2065, 0x2065,
        0x2065, 0x2065, 0x2065, 0x2065, 0x2065, 0x2065, 0x2065, 0x2065, 0x2065, 0x2065, 0x2065, 0x2065, 0x2065, 0x2065, 0x2065, 0x2065,
        0x2065, 0x2065, 0x2065, 0x2065, 0x2065, 0x2065, 0x2065, 0x2065, 0x2065, 0x2065, 0x2065, 0x2065, 0x2065, 0x2065, 0x2065, 0x2065,
    },
    {
        0x30CB, 0x30CB, 0x30CB, 0x30CB, 0x30CB, 0x30CB, 0x30CB, 0x30CB, 0x30CB, 0x30CB, 0x30CB, 0x30CB, 0x30CB, 0x30CB, 0x30CB, 0x30CB,
        0x48CC, 0x48CC, 0x48CC, 0x48CC, 0x48CC, 0x48CC, 0x48CC, 0x48CC, 0x48CC, 0x48CC, 0x48CC, 0x48CC, 0x48CC, 0x48CC, 0x48CC, 0x48CC,
        0x690D, 0x690D, 0x2065, 0x690D, 0x690D, 0x690D, 0x690D, 0x690D, 0x690D, 0x690D, 0x690D, 0x690D, 0x690D, 0x690D, 0x690D, 0x690D,
        0x894D, 0x2065, 0x894D, 0x2065, 0x894D, 0x894D, 0x894D, 0x894D, 0x894D, 0x894D, 0x894D, 0x894D, 0x894D, 0x894D, 0x894D, 0x894D,
        0xB18C, 0xB18C, 0xB18C, 0xB18C, 0xB18C, 0xB18C, 0xB18C, 0x2065, 0xB18C, 0xB18C, 0xB18C, 0xB18C, 0xB18C, 0xB18C, 0xB18C, 0xB18C,
        0xC9EB, 0xC9EB, 0xC9EB, 0xC9EB, 0xC9EB, 0xC9EB, 0x2065, 0xC9EB, 0x2065, 0xC9EB, 0xC9EB, 0xC9EB, 0xC9EB, 0xC9EB, 0xFE2B, 0xFE2B,
        0xE289, 0xE289, 0xE289, 0xE289, 0xE289, 0xE289, 0xE289, 0xE289, 0xE289, 0xE289, 0xE289, 0xE289, 0xE289, 0xFE2B, 0xFE2B, 0xFFB8,
        0xF348, 0xF348, 0xF348, 0xF348, 0xF348, 0xF348, 0xF348, 0xF348, 0xF348, 0xF348, 0xF348, 0xF348, 0xFE2B, 0xFE2B, 0xFFB8, 0xFFB8,
        0xFC46, 0xFC46, 0xFC46, 0xFC46, 0xFC46, 0xFC46, 0xFC46, 0xFC46, 0xFC46, 0xFC46, 0xFC46, 0xFC46, 0xFE2B, 0xFFB8, 0xFFB8, 0xFFB8,
        0xFD26, 0xFD26, 0xFD26, 0xFD26, 0xFD26, 0xFD26, 0xFD26, 0xFD26, 0xFD26, 0xFD26, 0xFD26, 0xFD26, 0xFE2B, 0xFFB8, 0xFFB8, 0xFFB8,
        0xFDE7, 0xFDE7, 0xFDE7, 0xFDE7, 0xFDE7, 0xFDE7, 0xFDE7, 0xFDE7, 0xFDE7, 0xFDE7, 0xFDE7, 0xFDE7, 0xFE2B, 0xFFB8, 0xFFB8, 0xFFB8,
        0xFE8A, 0xFE8A, 0xFE8A, 0xFE8A, 0xFE8A, 0xFE8A, 0xFE8A, 0xFE8A, 0xFE8A, 0xFE8A, 0xFE8A, 0xFE8A, 0xFE2B, 0xFFB8, 0xFFB8, 0xFFB8,
        0x2065, 0x2065, 0x2065, 0x2065, 0x2065, 0xFEEC, 0xFEEC, 0xFEEC, 0xFEEC, 0xFEEC, 0xFEEC, 0xFEEC, 0xFE2B, 0xFE2B, 0xFFB8, 0xFFB8,
        0x2065, 0x2065, 0x2065, 0x2065, 0x2065, 0x2065, 0x2065, 0x2065, 0x2065, 0x2065, 0x2065, 0x2065, 0x2065, 0x2065, 0x2065, 0x2065,
        0x2065, 0x2065, 0x2065, 0x2065, 0x2065, 0x2065, 0x2065, 0x2065, 0x2065, 0x2065, 0x2065, 0x2065, 0x2065, 0x2065, 0x2065, 0x2065,
        0x2065, 0x2065, 0x2065, 0x2065, 0x2065, 0x2065, 0x2065, 0x2065, 0x2065, 0x2065, 0x2065, 0x2065, 0x2065, 0x2065, 0x2065, 0x2065,
    },
    {
        0x30CB, 0x30CB, 0x30CB, 0x30CB, 0x30CB, 0x30CB, 0x30CB, 0x30CB, 0x30CB, 0x30CB, 0x30CB, 0x30CB, 0x30CB, 0x30CB, 0x30CB, 0x30CB,
        0x48CC, 0x48CC, 0x48CC, 0x48CC, 0x48CC, 0x48CC, 0x48CC, 0x48CC, 0x48CC, 0x48CC, 0x48CC, 0x48CC, 0x48CC, 0x48CC, 0x48CC, 0x48CC,
        0x690D, 0x2065, 0x690D, 0x690D, 0x690D, 0x690D, 0x690D, 0x690D, 0x690D, 0x690D, 0x690D, 0x690D, 0x690D, 0x690D, 0x690D, 0x690D,
        0x2065, 0x894D, 0x2065, 0x894D, 0x894D, 0x894D, 0x894D, 0x894D, 0x894D, 0x894D, 0x894D, 0x894D, 0x894D, 0x894D, 0x894D, 0x894D,
        0xB18C, 0xB18C, 0xB18C, 0xB18C, 0xB18C, 0xB18C, 0x2065, 0xB18C, 0xB18C, 0xB18C, 0xB18C, 0xB18C, 0xB18C, 0xB18C, 0xB18C, 0xB18C,
        0xC9EB, 0xC9EB, 0xC9EB, 0xC9EB, 0xC9EB, 0x2065, 0xC9EB, 0x2065, 0xC9EB, 0xC9EB, 0xC9EB, 0xC9EB, 0xC9EB, 0xFE2B, 0xFE2B, 0xFE2B,
        0xE289, 0xE289, 0xE289, 0xE289, 0xE289, 0xE289, 0xE289, 0xE289, 0xE289, 0xE289, 0xE289, 0xE289, 0xFE2B, 0xFE2B, 0xFFB8, 0xFFB8,
        0xF348, 0xF348, 0xF348, 0xF348, 0xF348, 0xF348, 0xF348, 0xF348, 0xF348, 0xF348, 0xF348, 0xFE2B, 0xFE2B, 0xFFB8, 0xFFB8, 0xFFB8,
        0xFC46, 0xFC46, 0xFC46, 0xFC46, 0xFC46, 0xFC46, 0xFC46, 0xFC46, 0xFC46, 0xFC46, 0xFC46, 0xFE2B, 0xFFB8, 0xFFB8, 0xFFB8, 0xFFB8,
        0xFD26, 0xFD26, 0xFD26, 0xFD26, 0xFD26, 0xFD26, 0xFD26, 0xFD26, 0xFD26, 0xFD26, 0xFD26, 0xFE2B, 0xFFB8, 0xFFB8, 0xFFB8, 0xFFB8,
        0xFDE7, 0xFDE7, 0xFDE7, 0xFDE7, 0xFDE7, 0xFDE7, 0xFDE7, 0xFDE7, 0xFDE7, 0xFDE7, 0xFDE7, 0xFE2B, 0xFFB8, 0xFFB8, 0xFFB8, 0xFFB8,
        0xFE8A, 0xFE8A, 0xFE8A, 0xFE8A, 0xFE8A, 0xFE8A, 0xFE8A, 0xFE8A, 0xFE8A, 0xFE8A, 0xFE8A, 0xFE2B, 0xFFB8, 0xFFB8, 0xFFB8, 0xFFB8,
        0x2065, 0x2065, 0x2065, 0x2065, 0xFEEC, 0xFEEC, 0xFEEC, 0xFEEC, 0xFEEC, 0xFEEC, 0xFEEC, 0xFE2B, 0xFE2B, 0xFFB8, 0xFFB8, 0xFFB8,
        0x2065, 0x2065, 0x2065, 0x2065, 0x2065, 0x2065, 0x2065, 0x2065, 0x2065, 0x2065, 0x2065, 0x2065, 0x2065, 0x2065, 0x2065, 0xFFB8,
        0x2065, 0x2065, 0x2065, 0x2065, 0x2065, 0x2065, 0x2065, 0x2065, 0x2065, 0x2065, 0x2065, 0x2065, 0x2065, 0x2065, 0x2065, 0x2065,
        0x2065, 0x2065, 0x2065, 0x2065, 0x2065, 0x2065, 0x2065, 0x2065, 0x2065, 0x2065, 0x2065, 0x2065, 0x2065, 0x2065, 0x2065, 0x2065,
    },
    {
        0x30CB, 0x30CB, 0x30CB, 0x30CB, 0x30CB, 0x30CB, 0x30CB, 0x30CB, 0x30CB, 0x30CB, 0x30CB, 0x30CB, 0x30CB, 0x30CB, 0x30CB, 0x30CB,
        0x48CC, 0x48CC, 0x48CC, 0x48CC, 0x48CC, 0x48CC, 0x48CC, 0x48CC, 0x48CC, 0x48CC, 0x48CC, 0x48CC, 0x48CC, 0x48CC, 0x48CC, 0x48CC,
        0x2065, 0x690D, 0x690D, 0x690D, 0x690D, 0x690D, 0x690D, 0x690D, 0x690D, 0x690D, 0x690D, 0x690D, 0x690D, 0x690D, 0x690D, 0x690D,
        0x894D, 0x2065, 0x894D, 0x894D, 0x894D, 0x894D, 0x894D, 0x894D, 0x894D, 0x894D, 0x894D, 0x894D, 0x894D, 0x894D, 0x894D, 0x894D,
        0xB18C, 0xB18C, 0xB18C, 0xB18C, 0xB18C, 0x2065, 0xB18C, 0xB18C, 0xB18C, 0xB18C, 0xB18C, 0xB18C, 0xB18C, 0xB18C, 0xB18C, 0xB18C,
        0xC9EB, 0xC9EB, 0xC9EB, 0xC9EB, 0x2065, 0xC9EB, 0x2065, 0xC9EB, 0xC9EB, 0xC9EB, 0xC9EB, 0xC9EB, 0xFE2B, 0xFE2B, 0xFE2B, 0xFE2B,
        0xE289, 0xE289, 0xE289, 0xE289, 0xE289, 0xE289, 0xE289, 0xE289, 0xE289, 0xE289, 0xE289, 0xFE2B, 0xFE2B, 0xFFB8, 0xFFB8, 0xFFB8,
        0xF348, 0xF348, 0xF348, 0xF348, 0xF348, 0xF348, 0xF348, 0xF348, 0xF348, 0xF348, 0xFE2B, 0xFE2B, 0xFFB8, 0xFFB8, 0xFFB8, 0xFFB8,
        0xFC46, 0xFC46, 0xFC46, 0xFC46, 0xFC46, 0xFC46, 0xFC46, 0xFC46, 0xFC46, 0xFC46, 0xFE2B, 0xFFB8, 0xFFB8, 0xFFB8, 0xFFB8, 0xFFB8,
        0xFD26, 0xFD26, 0xFD26, 0xFD26, 0xFD26, 0xFD26, 0xFD26, 0xFD26, 0xFD26, 0xFD26, 0xFE2B, 0xFFB8, 0xFFB8, 0xFFB8, 0xFFB8, 0xFFB8,
        0xFDE7, 0xFDE7, 0xFDE7, 0xFDE7, 0xFDE7, 0xFDE7, 0xFDE7, 0xFDE7, 0xFDE7, 0xFDE7, 0xFE2B, 0xFFB8, 0xFFB8, 0xFFB8, 0xFFB8, 0xFFB8,
        0xFE8A, 0xFE8A, 0xFE8A, 0xFE8A, 0xFE8A, 0xFE8A, 0xFE8A, 0xFE8A, 0xFE8A, 0xFE8A, 0xFE2B, 0xFFB8, 0xFFB8, 0xFFB8, 0xFFB8, 0xFFB8,
        0x2065, 0x2065, 0x2065, 0xFEEC, 0xFEEC, 0xFEEC, 0xFEEC, 0xFEEC, 0xFEEC, 0xFEEC, 0xFE2B, 0xFE2B, 0xFFB8, 0xFFB8, 0xFFB8, 0xFFB8,
        0x2065, 0x2065, 0x2065, 0x2065, 0x2065, 0x2065, 0x2065, 0x2065, 0x2065, 0x2065, 0x2065, 0x2065, 0x2065, 0x2065, 0xFFB8, 0xFFB8,
        0x2065, 0x2065, 0x2065, 0x2065, 0x2065, 0x2065, 0x2065, 0x2065, 0x2065, 0x2065, 0x2065, 0x2065, 0x2065, 0x2065, 0x2065, 0x2065,
        0x2065, 0x2065, 0x2065, 0x2065, 0x2065, 0x2065, 0x2065, 0x2065, 0x2065, 0x2065, 0x2065, 0x2065, 0x2065, 0x2065, 0x2065, 0x2065,
    },
    {
        0x30CB, 0x30CB, 0x30CB, 0x30CB, 0x30CB, 0x30CB, 0x30CB, 0x30CB, 0x30CB, 0x30CB, 0x30CB, 0x30CB, 0x30CB, 0x30CB, 0x30CB, 0x30CB,
        0x48CC, 0x48CC, 0x48CC, 0x48CC, 0x48CC, 0x48CC, 0x48CC, 0x48CC, 0x48CC, 0x48CC, 0x48CC, 0x48CC, 0x48CC, 0x48CC, 0x48CC, 0x48CC,
        0x690D, 0x690D, 0x690D, 0x690D, 0x690D, 0x690D, 0x690D, 0x690D, 0x690D, 0x690D, 0x690D, 0x690D, 0x690D, 0x690D, 0x690D, 0x690D,
        0x2065, 0x894D, 0x894D, 0x894D, 0x894D, 0x894D, 0x894D, 0x894D, 0x894D, 0x894D, 0x894D, 0x894D, 0x894D, 0x894D, 0x894D, 0x894D,
        0xB18C, 0xB18C, 0xB18C, 0xB18C, 0x2065, 0xB18C, 0xB18C, 0xB18C, 0xB18C, 0xB18C, 0xB18C, 0xB18C, 0xB18C, 0xB18C, 0xB18C, 0xB18C,
        0xC9EB, 0xC9EB, 0xC9EB, 0x2065, 0xC9EB, 0x2065, 0xC9EB, 0xC9EB, 0xC9EB, 0xC9EB, 0xC9EB, 0xFE2B, 0xFE2B, 0xFE2B, 0xFE2B, 0xFE2B,
        0xE289, 0xE289, 0xE289, 0xE289, 0xE289, 0xE289, 0xE289, 0xE289, 0xE289, 0xE289, 0xFE2B, 0xFE2B, 0xFFB8, 0xFFB8, 0xFFB8, 0xFFB8,
        0xF348, 0xF348, 0xF348, 0xF348, 0xF348, 0xF348, 0xF348, 0xF348, 0xF348, 0xFE2B, 0xFE2B, 0xFFB8, 0xFFB8, 0xFFB8, 0xFFB8, 0xFFB8,
        0xFC46, 0xFC46, 0xFC46, 0xFC46, 0xFC46, 0xFC46, 0xFC46, 0xFC46, 0xFC46, 0xFE2B, 0xFFB8, 0xFFB8, 0xFFB8, 0xFFB8, 0xFFB8, 0xFFB8,
        0xFD26, 0xFD26, 0xFD26, 0xFD26, 0xFD26, 0xFD26, 0xFD26, 0xFD26, 0xFD26, 0xFE2B, 0xFFB8, 0xFFB8, 0xFFB8, 0xFFB8, 0xFFB8, 0xFFB8,
        0xFDE7, 0xFDE7, 0xFDE7, 0xFDE7, 0xFDE7, 0xFDE7, 0xFDE7, 0xFDE7, 0xFDE7, 0xFE2B, 0xFFB8, 0xFFB8, 0xFFB8, 0xFFB8, 0xFFB8, 0xFFB8,
        0xFE8A, 0xFE8A, 0xFE8A, 0xFE8A, 0xFE8A, 0xFE8A, 0xFE8A, 0xFE8A, 0xFE8A, 0xFE2B, 0xFFB8, 0xFFB8, 0xFFB8, 0xFFB8, 0xFFB8, 0xFFB8,
        0x2065, 0x2065, 0xFEEC, 0xFEEC, 0xFEEC, 0xFEEC, 0xFEEC, 0xFEEC, 0xFEEC, 0xFE2B, 0xFE2B, 0xFFB8, 0xFFB8, 0xFFB8, 0xFFB8, 0xFFB8,
        0x2065, 0x2065, 0x2065, 0x2065, 0x2065, 0x2065, 0x2065, 0x2065, 0x2065, 0x2065, 0x2065, 0x2065, 0x2065, 0xFFB8, 0xFFB8, 0xFFB8,
        0x2065, 0x2065, 0x2065, 0x2065, 0x2065, 0x2065, 0x2065, 0x2065, 0x2065, 0x2065, 0x2065, 0x2065, 0x2065, 0x2065, 0x2065, 0x2065,
        0x2065, 0x2065, 0x2065, 0x2065, 0x2065, 0x2065, 0x2065, 0x2065, 0x2065, 0x2065, 0x2065, 0x2065, 0x2065, 0x2065, 0x2065, 0x2065,
    },
    {
        0x30CB, 0x30CB, 0x30CB, 0x30CB, 0x30CB, 0x30CB, 0x30CB, 0x30CB, 0x30CB, 0x30CB, 0x30CB, 0x30CB, 0x30CB, 0x30CB, 0x30CB, 0x30CB,
        0x48CC, 0x48CC, 0x48CC, 0x48CC, 0x48CC, 0x48CC, 0x48CC, 0x48CC, 0x48CC, 0x48CC, 0x48CC, 0x48CC, 0x48CC, 0x48CC, 0x48CC, 0x48CC,
        0x690D, 0x690D, 0x690D, 0x690D, 0x690D, 0x690D, 0x690D, 0x690D, 0x690D, 0x690D, 0x690D, 0x690D, 0x690D, 0x690D, 0x690D, 0x690D,
        0x894D, 0x894D, 0x894D, 0x894D, 0x894D, 0x894D, 0x894D, 0x894D, 0x894D, 0x894D, 0x894D, 0x894D, 0x894D, 0x894D, 0x894D, 0x894D,
        0xB18C, 0xB18C, 0xB18C, 0x2065, 0xB18C, 0xB18C, 0xB18C, 0xB18C, 0xB18C, 0xB18C, 0xB18C, 0xB18C, 0xB18C, 0xB18C, 0xB18C, 0xB18C,
        0xC9EB, 0xC9EB, 0x2065, 0xC9EB, 0x2065, 0xC9EB, 0xC9EB, 0xC9EB, 0xC9EB, 0xC9EB, 0xFE2B, 0xFE2B, 0xFE2B, 0xFE2B, 0xFE2B, 0xFE2B,
        0xE289, 0xE289, 0xE289, 0xE289, 0xE289, 0xE289, 0xE289, 0xE289, 0xE289, 0xFE2B, 0xFE2B, 0xFFB8, 0xFFB8, 0xFFB8, 0xFFB8, 0xFE2B,
        0xF348, 0xF348, 0xF348, 0xF348, 0xF348, 0xF348, 0xF348, 0xF348, 0xFE2B, 0xFE2B, 0xFFB8, 0xFFB8, 0xFFB8, 0xFFB8, 0xFFB8, 0xFFB8,
        0xFC46, 0xFC46, 0xFC46, 0xFC46, 0xFC46, 0xFC46, 0xFC46, 0xFC46, 0xFE2B, 0xFFB8, 0xFFB8, 0xFFB8, 0xFFB8, 0xFFB8, 0xFFB8, 0xFFB8,
        0xFD26, 0xFD26, 0xFD26, 0xFD26, 0xFD26, 0xFD26, 0xFD26, 0xFD26, 0xFE2B, 0xFFB8, 0xFFB8, 0xFFB8, 0xFFB8, 0xFFB8, 0xFFB8, 0xFFB8,
        0xFDE7, 0xFDE7, 0xFDE7, 0xFDE7, 0xFDE7, 0xFDE7, 0xFDE7, 0xFDE7, 0xFE2B, 0xFFB8, 0xFFB8, 0xFFB8, 0xFFB8, 0xFFB8, 0xFFB8, 0xFFB8,
        0xFE8A, 0xFE8A, 0xFE8A, 0xFE8A, 0xFE8A, 0xFE8A, 0xFE8A, 0xFE8A, 0xFE2B, 0xFFB8, 0xFFB8, 0xFFB8, 0xFFB8, 0xFFB8, 0xFFB8, 0xFFB8,
        0x2065, 0xFEEC, 0xFEEC, 0xFEEC, 0xFEEC, 0xFEEC, 0xFEEC, 0xFEEC, 0xFE2B, 0xFE2B, 0xFFB8, 0xFFB8, 0xFFB8, 0xFFB8, 0xFFB8, 0xFFB8,
        0x2065, 0x2065, 0x2065, 0x2065, 0x2065, 0x2065, 0x2065, 0x2065, 0x2065, 0x2065, 0x2065, 0x2065, 0xFFB8, 0xFFB8, 0xFFB8, 0xFE2B,
        0x2065, 0x2065, 0x2065, 0x2065, 0x2065, 0x2065, 0x2065, 0x2065, 0x2065, 0x2065, 0x2065, 0x2065, 0x2065, 0x2065, 0x2065, 0x2065,
        0x2065, 0x2065, 0x2065, 0x2065, 0x2065, 0x2065, 0x2065, 0x2065, 0x2065, 0x2065, 0x2065, 0x2065, 0x2065, 0x2065, 0x2065, 0x2065,
    },
    {
        0x30CB, 0x30CB, 0x30CB, 0x30CB, 0x30CB, 0x30CB, 0x30CB, 0x30CB, 0x30CB, 0x30CB, 0x30CB, 0x30CB, 0x30CB, 0x30CB, 0x30CB, 0x30CB,
        0x48CC, 0x48CC, 0x48CC, 0x48CC, 0x48CC, 0x48CC, 0x48CC, 0x48CC, 0x48CC, 0x48CC, 0x48CC, 0x48CC, 0x48CC, 0x48CC, 0x48CC, 0x48CC,
        0x690D, 0x690D, 0x690D, 0x690D, 0x690D, 0x690D, 0x690D, 0x690D, 0x690D, 0x690D, 0x690D, 0x690D, 0x690D, 0x690D, 0x690D, 0x690D,
        0x894D, 0x894D, 0x894D, 0x894D, 0x894D, 0x894D, 0x894D, 0x894D, 0x894D, 0x894D, 0x894D, 0x894D, 0x894D, 0x894D, 0x894D, 0x894D,
        0xB18C, 0xB18C, 0x2065, 0xB18C, 0xB18C, 0xB18C, 0xB18C, 0xB18C, 0xB18C, 0xB18C, 0xB18C, 0xB18C, 0xB18C, 0xB18C, 0xB18C, 0xB18C,
        0xC9EB, 0x2065, 0xC9EB, 0x2065, 0xC9EB, 0xC9EB, 0xC9EB, 0xC9EB, 0xC9EB, 0xFE2B, 0xFE2B, 0xFE2B, 0xFE2B, 0xFE2B, 0xFE2B, 0xC9EB,
        0xE289, 0xE289, 0xE289, 0xE289, 0xE289, 0xE289, 0xE289, 0xE289, 0xFE2B, 0xFE2B, 0xFFB8, 0xFFB8, 0xFFB8, 0xFFB8, 0xFE2B, 0xFE2B,
        0xF348, 0xF348, 0xF348, 0xF348, 0xF348, 0xF348, 0xF348, 0xFE2B, 0xFE2B, 0xFFB8, 0xFFB8, 0xFFB8, 0xFFB8, 0xFFB8, 0xFFB8, 0xFE2B,
        0xFC46, 0xFC46, 0xFC46, 0xFC46, 0xFC46, 0xFC46, 0xFC46, 0xFE2B, 0xFFB8, 0xFFB8, 0xFFB8, 0xFFB8, 0xFFB8, 0xFFB8, 0xFFB8, 0xFFB8,
        0xFD26, 0xFD26, 0xFD26, 0xFD26, 0xFD26, 0xFD26, 0xFD26, 0xFE2B, 0xFFB8, 0xFFB8, 0xFFB8, 0xFFB8, 0xFFB8, 0xFFB8, 0xFFB8, 0xFFB8,
        0xFDE7, 0xFDE7, 0xFDE7, 0xFDE7, 0xFDE7, 0xFDE7, 0xFDE7, 0xFE2B, 0xFFB8, 0xFFB8, 0xFFB8, 0xFFB8, 0xFFB8, 0xFFB8, 0xFFB8, 0xFFB8,
        0xFE8A, 0xFE8A, 0xFE8A, 0xFE8A, 0xFE8A, 0xFE8A, 0xFE8A, 0xFE2B, 0xFFB8, 0xFFB8, 0xFFB8, 0xFFB8, 0xFFB8, 0xFFB8, 0xFFB8, 0xFFB8,
        0xFEEC, 0xFEEC, 0xFEEC, 0xFEEC, 0xFEEC, 0xFEEC, 0xFEEC, 0xFE2B, 0xFE2B, 0xFFB8, 0xFFB8, 0xFFB8, 0xFFB8, 0xFFB8, 0xFFB8, 0xFE2B,
        0x2065, 0x2065, 0x2065, 0x2065, 0x2065, 0x2065, 0x2065, 0x2065, 0x2065, 0x2065, 0x2065, 0xFFB8, 0xFFB8, 0xFFB8, 0xFE2B, 0xFE2B,
        0x2065, 0x2065, 0x2065, 0x2065, 0x2065, 0x2065, 0x2065, 0x2065, 0x2065, 0x2065, 0x2065, 0x2065, 0x2065, 0x2065, 0x2065, 0x2065,
        0x2065, 0x2065, 0x2065, 0x2065, 0x2065, 0x2065, 0x2065, 0x2065, 0x2065, 0x2065, 0x2065, 0x2065, 0x2065, 0x2065, 0x2065, 0x2065,
    },
    {
        0x30CB, 0x30CB, 0x30CB, 0x30CB, 0x30CB, 0x30CB, 0x30CB, 0x30CB, 0x30CB, 0x30CB, 0x30CB, 0x30CB, 0x30CB, 0x30CB, 0x30CB, 0x30CB,
        0x48CC, 0x48CC, 0x48CC, 0x48CC, 0x48CC, 0x48CC, 0x48CC, 0x48CC, 0x48CC, 0x48CC, 0x48CC, 0x48CC, 0x48CC, 0x48CC, 0x48CC, 0x48CC,
        0x690D, 0x690D, 0x690D, 0x690D, 0x690D, 0x690D, 0x690D, 0x690D, 0x690D, 0x690D, 0x690D, 0x690D, 0x690D, 0x690D, 0x690D, 0x690D,
        0x894D, 0x894D, 0x894D, 0x894D, 0x894D, 0x894D, 0x894D, 0x894D, 0x894D, 0x894D, 0x894D, 0x894D, 0x894D, 0x894D, 0x894D, 0x894D,
        0xB18C, 0x2065, 0xB18C, 0xB18C, 0xB18C, 0xB18C, 0xB18C, 0xB18C, 0xB18C, 0xB18C, 0xB18C, 0xB18C, 0xB18C, 0xB18C, 0xB18C, 0xB18C,
        0x2065, 0xC9EB, 0x2065, 0xC9EB, 0xC9EB, 0xC9EB, 0xC9EB, 0xC9EB, 0xFE2B, 0xFE2B, 0xFE2B, 0xFE2B, 0xFE2B, 0xFE2B, 0xC9EB, 0xC9EB,
        0xE289, 0xE289, 0xE289, 0xE289, 0xE289, 0xE289, 0xE289, 0xFE2B, 0xFE2B, 0xFFB8, 0xFFB8, 0xFFB8, 0xFFB8, 0xFE2B, 0xFE2B, 0xE289,
        0xF348, 0xF348, 0xF348, 0xF348, 0xF348, 0xF348, 0xFE2B, 0xFE2B, 0xFFB8, 0xFFB8, 0xFFB8, 0xFFB8, 0xFFB8, 0xFFB8, 0xFE2B, 0xFE2B,
        0xFC46, 0xFC46, 0xFC46, 0xFC46, 0xFC46, 0xFC46, 0xFE2B, 0xFFB8, 0xFFB8, 0xFFB8, 0xFFB8, 0xFFB8, 0xFFB8, 0xFFB8, 0xFFB8, 0xFE2B,
        0xFD26, 0xFD26, 0xFD26, 0xFD26, 0xFD26, 0xFD26, 0xFE2B, 0xFFB8, 0xFFB8, 0xFFB8, 0xFFB8, 0xFFB8, 0xFFB8, 0xFFB8, 0xFFB8, 0xFE2B,
        0xFDE7, 0xFDE7, 0xFDE7, 0xFDE7, 0xFDE7, 0xFDE7, 0xFE2B, 0xFFB8, 0xFFB8, 0xFFB8, 0xFFB8, 0xFFB8, 0xFFB8, 0xFFB8, 0xFFB8, 0xFE2B,
        0xFE8A, 0xFE8A, 0xFE8A, 0xFE8A, 0xFE8A, 0xFE8A, 0xFE2B, 0xFFB8, 0xFFB8, 0xFFB8, 0xFFB8, 0xFFB8, 0xFFB8, 0xFFB8, 0xFFB8, 0xFE2B,
        0xFEEC, 0xFEEC, 0xFEEC, 0xFEEC, 0xFEEC, 0xFEEC, 0xFE2B, 0xFE2B, 0xFFB8, 0xFFB8, 0xFFB8, 0xFFB8, 0xFFB8, 0xFFB8, 0xFE2B, 0xFE2B,
        0x2065, 0x2065, 0x2065, 0x2065, 0x2065, 0x2065, 0x2065, 0x2065, 0x2065, 0x2065, 0xFFB8, 0xFFB8, 0xFFB8, 0xFE2B, 0xFE2B, 0xFF2F,
        0x2065, 0x2065, 0x2065, 0x2065, 0x2065, 0x2065, 0x2065, 0x2065, 0x2065, 0x2065, 0x2065, 0x2065, 0x2065, 0x2065, 0x2065, 0x2065,
        0x2065, 0x2065, 0x2065, 0x2065, 0x2065, 0x2065, 0x2065, 0x2065, 0x2065, 0x2065, 0x2065, 0x2065, 0x2065, 0x2065, 0x2065, 0x2065,
    },
    {
        0x30CB, 0x30CB, 0x30CB, 0x30CB, 0x30CB, 0x30CB, 0x30CB, 0x30CB, 0x30CB, 0x30CB, 0x30CB, 0x30CB, 0x30CB, 0x30CB, 0x30CB, 0x30CB,
        0x48CC, 0x48CC, 0x48CC, 0x48CC, 0x48CC, 0x48CC, 0x48CC, 0x48CC, 0x48CC, 0x48CC, 0x48CC, 0x48CC, 0x48CC, 0x48CC, 0x48CC, 0x48CC,
        0x690D, 0x690D, 0x690D, 0x690D, 0x690D, 0x690D, 0x690D, 0x690D, 0x690D, 0x690D, 0x690D, 0x690D, 0x690D, 0x690D, 0x690D, 0x690D,
        0x894D, 0x894D, 0x894D, 0x894D, 0x894D, 0x894D, 0x894D, 0x894D, 0x894D, 0x894D, 0x894D, 0x894D, 0x894D, 0x894D, 0x894D, 0x894D,
        0x2065, 0xB18C, 0xB18C, 0xB18C, 0xB18C, 0xB18C, 0xB18C, 0xB18C, 0xB18C, 0xB18C, 0xB18C, 0xB18C, 0xB18C, 0xB18C, 0xB18C, 0xB18C,
        0xC9EB, 0x2065, 0xC9EB, 0xC9EB, 0xC9EB, 0xC9EB, 0xC9EB, 0xFE2B, 0xFE2B, 0xFE2B, 0xFE2B, 0xFE2B, 0xFE2B, 0xC9EB, 0xC9EB, 0xC9EB,
        0xE289, 0xE289, 0xE289, 0xE289, 0xE289, 0xE289, 0xFE2B, 0xFE2B, 0xFFB8, 0xFFB8, 0xFFB8, 0xFFB8, 0xFE2B, 0xFE2B, 0xE289, 0xE289,
        0xF348, 0xF348, 0xF348, 0xF348, 0xF348, 0xFE2B, 0xFE2B, 0xFFB8, 0xFFB8, 0xFFB8, 0xFFB8, 0xFFB8, 0xFFB8, 0xFE2B, 0xFE2B, 0xF348,
        0xFC46, 0xFC46, 0xFC46, 0xFC46, 0xFC46, 0xFE2B, 0xFFB8, 0xFFB8, 0xFFB8, 0xFFB8, 0xFFB8, 0xFFB8, 0xFFB8, 0xFFB8, 0xFE2B, 0xFC46,
        0xFD26, 0xFD26, 0xFD26, 0xFD26, 0xFD26, 0xFE2B, 0xFFB8, 0xFFB8, 0xFFB8, 0xFFB8, 0xFFB8, 0xFFB8, 0xFFB8, 0xFFB8, 0xFE2B, 0xFD26,
        0xFDE7, 0xFDE7, 0xFDE7, 0xFDE7, 0xFDE7, 0xFE2B, 0xFFB8, 0xFFB8, 0xFFB8, 0xFFB8, 0xFFB8, 0xFFB8, 0xFFB8, 0xFFB8, 0xFE2B, 0xFDE7,
        0xFE8A, 0xFE8A, 0xFE8A, 0xFE8A, 0xFE8A, 0xFE2B, 0xFFB8, 0xFFB8, 0xFFB8, 0xFFB8, 0xFFB8, 0xFFB8, 0xFFB8, 0xFFB8, 0xFE2B, 0xFE8A,
        0xFEEC, 0xFEEC, 0xFEEC, 0xFEEC, 0xFEEC, 0xFE2B, 0xFE2B, 0xFFB8, 0xFFB8, 0xFFB8, 0xFFB8, 0xFFB8, 0xFFB8, 0xFE2B, 0xFE2B, 0xFEEC,
        0x2065, 0x2065, 0x2065, 0x2065, 0x2065, 0x2065, 0x2065, 0x2065, 0x2065, 0xFFB8, 0xFFB8, 0xFFB8, 0xFE2B, 0xFE2B, 0xFF2F, 0xFF2F,
        0x2065, 0x2065, 0x2065, 0x2065, 0x2065, 0x2065, 0x2065, 0x2065, 0x2065, 0x2065, 0x2065, 0x2065, 0x2065, 0x2065, 0x2065, 0x2065,
        0x2065, 0x2065, 0x2065, 0x2065, 0x2065, 0x2065, 0x2065, 0x2065, 0x2065, 0x2065, 0x2065, 0x2065, 0x2065, 0x2065, 0x2065, 0x2065,
    },
    {
        0x30CB, 0x30CB, 0x30CB, 0x30CB, 0x30CB, 0x30CB, 0x30CB, 0x30CB, 0x30CB, 0x30CB, 0x30CB, 0x30CB, 0x30CB, 0x30CB, 0x30CB, 0x30CB,
        0x48CC, 0x48CC, 0x48CC, 0x48CC, 0x48CC, 0x48CC, 0x48CC, 0x48CC, 0x48CC, 0x48CC, 0x48CC, 0x48CC, 0x48CC, 0x48CC, 0x48CC, 0x48CC,
        0x690D, 0x690D, 0x690D, 0x690D, 0x690D, 0x690D, 0x690D, 0x690D, 0x690D, 0x690D, 0x690D, 0x690D, 0x690D, 0x690D, 0x690D, 0x690D,
        0x894D, 0x894D, 0x894D, 0x894D, 0x894D, 0x894D, 0x894D, 0x894D, 0x894D, 0x894D, 0x894D, 0x894D, 0x894D, 0x894D, 0x894D, 0x894D,
        0xB18C, 0xB18C, 0xB18C, 0xB18C, 0xB18C, 0xB18C, 0xB18C, 0xB18C, 0xB18C, 0xB18C, 0xB18C, 0xB18C, 0xB18C, 0xB18C, 0xB18C, 0xB18C,
        0x2065, 0xC9EB, 0xC9EB, 0xC9EB, 0xC9EB, 0xC9EB, 0xFE2B, 0xFE2B, 0xFE2B, 0xFE2B, 0xFE2B, 0xFE2B, 0xC9EB, 0xC9EB, 0xC9EB, 0xC9EB,
        0xE289, 0xE289, 0xE289, 0xE289, 0xE289, 0xFE2B, 0xFE2B, 0xFFB8, 0xFFB8, 0xFFB8, 0xFFB8, 0xFE2B, 0xFE2B, 0xE289, 0xE289, 0xE289,
        0xF348, 0xF348, 0xF348, 0xF348, 0xFE2B, 0xFE2B, 0xFFB8, 0xFFB8, 0xFFB8, 0xFFB8, 0xFFB8, 0xFFB8, 0xFE2B, 0xFE2B, 0xF348, 0xF348,
        0xFC46, 0xFC46, 0xFC46, 0xFC46, 0xFE2B, 0xFFB8, 0xFFB8, 0xFFB8, 0xFFB8, 0xFFB8, 0xFFB8, 0xFFB8, 0xFFB8, 0xFE2B, 0xFC46, 0xFC46,
        0xFD26, 0xFD26, 0xFD26, 0xFD26, 0xFE2B, 0xFFB8, 0xFFB8, 0xFFB8, 0xFFB8, 0xFFB8, 0xFFB8, 0xFFB8, 0xFFB8, 0xFE2B, 0xFD26, 0xFD26,
        0xFDE7, 0xFDE7, 0xFDE7, 0xFDE7, 0xFE2B, 0xFFB8, 0xFFB8, 0xFFB8, 0xFFB8, 0xFFB8, 0xFFB8, 0xFFB8, 0xFFB8, 0xFE2B, 0xFDE7, 0xFDE7,
        0xFE8A, 0xFE8A, 0xFE8A, 0xFE8A, 0xFE2B, 0xFFB8, 0xFFB8, 0xFFB8, 0xFFB8, 0xFFB8, 0xFFB8, 0xFFB8, 0xFFB8, 0xFE2B, 0xFE8A, 0xFE8A,
        0xFEEC, 0xFEEC, 0xFEEC, 0xFEEC, 0xFE2B, 0xFE2B, 0xFFB8, 0xFFB8, 0xFFB8, 0xFFB8, 0xFFB8, 0xFFB8, 0xFE2B, 0xFE2B, 0xFEEC, 0xFEEC,
        0x2065, 0x2065, 0x2065, 0x2065, 0x2065, 0x2065, 0x2065, 0x2065, 0xFFB8, 0xFFB8, 0xFFB8, 0xFE2B, 0xFE2B, 0xFF2F, 0xFF2F, 0xFF2F,
        0x2065, 0x2065, 0x2065, 0x2065, 0x2065, 0x2065, 0x2065, 0x2065, 0x2065, 0x2065, 0x2065, 0x2065, 0x2065, 0x2065, 0x2065, 0x2065,
        0x2065, 0x2065, 0x2065, 0x2065, 0x2065, 0x2065, 0x2065, 0x2065, 0x2065, 0x2065, 0x2065, 0x2065, 0x2065, 0x2065, 0x2065, 0x2065,
    },
    {
        0x30CB, 0x30CB, 0x30CB, 0x30CB, 0x30CB, 0x30CB, 0x30CB, 0x30CB, 0x30CB, 0x30CB, 0x30CB, 0x30CB, 0x30CB, 0x30CB, 0x30CB, 0x30CB,
        0x48CC, 0x48CC, 0x48CC, 0x48CC, 0x48CC, 0x48CC, 0x48CC, 0x48CC, 0x48CC, 0x48CC, 0x48CC, 0x48CC, 0x48CC, 0x48CC, 0x48CC, 0x48CC,
        0x690D, 0x690D, 0x690D, 0x690D, 0x690D, 0x690D, 0x690D, 0x690D, 0x690D, 0x690D, 0x690D, 0x690D, 0x690D, 0x690D, 0x690D, 0x690D,
        0x894D, 0x894D, 0x894D, 0x894D, 0x894D, 0x894D, 0x894D, 0x894D, 0x894D, 0x894D, 0x894D, 0x894D, 0x894D, 0x894D, 0x894D, 0x894D,
        0xB18C, 0xB18C, 0xB18C, 0xB18C, 0xB18C, 0xB18C, 0xB18C, 0xB18C, 0xB18C, 0xB18C, 0xB18C, 0xB18C, 0xB18C, 0xB18C, 0xB18C, 0xB18C,
        0xC9EB, 0xC9EB, 0xC9EB, 0xC9EB, 0xC9EB, 0xFE2B, 0xFE2B, 0xFE2B, 0xFE2B, 0xFE2B, 0xFE2B, 0xC9EB, 0xC9EB, 0xC9EB, 0xC9EB, 0xC9EB,
        0xE289, 0xE289, 0xE289, 0xE289, 0xFE2B, 0xFE2B, 0xFFB8, 0xFFB8, 0xFFB8, 0xFFB8, 0xFE2B, 0xFE2B, 0xE289, 0xE289, 0xE289, 0xE289,
        0xF348, 0xF348, 0xF348, 0xFE2B, 0xFE2B, 0xFFB8, 0xFFB8, 0xFFB8, 0xFFB8, 0xFFB8, 0xFFB8, 0xFE2B, 0xFE2B, 0xF348, 0xF348, 0xF348,
        0xFC46, 0xFC46, 0xFC46, 0xFE2B, 0xFFB8, 0xFFB8, 0xFFB8, 0xFFB8, 0xFFB8, 0xFFB8, 0xFFB8, 0xFFB8, 0xFE2B, 0xFC46, 0xFC46, 0xFC46,
        0xFD26, 0xFD26, 0xFD26, 0xFE2B, 0xFFB8, 0xFFB8, 0xFFB8, 0xFFB8, 0xFFB8, 0xFFB8, 0xFFB8, 0xFFB8, 0xFE2B, 0xFD26, 0xFD26, 0xFD26,
        0xFDE7, 0xFDE7, 0xFDE7, 0xFE2B, 0xFFB8, 0xFFB8, 0xFFB8, 0xFFB8, 0xFFB8, 0xFFB8, 0xFFB8, 0xFFB8, 0xFE2B, 0xFDE7, 0xFDE7, 0xFDE7,
        0xFE8A, 0xFE8A, 0xFE8A, 0xFE2B, 0xFFB8, 0xFFB8, 0xFFB8, 0xFFB8, 0xFFB8, 0xFFB8, 0xFFB8, 0xFFB8, 0xFE2B, 0xFE8A, 0xFE8A, 0xFE8A,
        0xFEEC, 0xFEEC, 0xFEEC, 0xFE2B, 0xFE2B, 0xFFB8, 0xFFB8, 0xFFB8, 0xFFB8, 0xFFB8, 0xFFB8, 0xFE2B, 0xFE2B, 0xFEEC, 0xFEEC, 0xFEEC,
        0x2065, 0x2065, 0x2065, 0x2065, 0x2065, 0x2065, 0x2065, 0xFFB8, 0xFFB8, 0xFFB8, 0xFE2B, 0xFE2B, 0xFF2F, 0xFF2F, 0xFF2F, 0xFF2F,
        0x2065, 0x2065, 0x2065, 0x2065, 0x2065, 0x2065, 0x2065, 0x2065, 0x2065, 0x2065, 0x2065, 0x2065, 0x2065, 0x2065, 0x2065, 0x2065,
        0x2065, 0x2065, 0x2065, 0x2065, 0x2065, 0x2065, 0x2065, 0x2065, 0x2065, 0x2065, 0x2065, 0x2065, 0x2065, 0x2065, 0x2065, 0x2065,
    },
    {
        0x30CB, 0x30CB, 0x30CB, 0x30CB, 0x30CB, 0x30CB, 0x30CB, 0x30CB, 0x30CB, 0x30CB, 0x30CB, 0x30CB, 0x30CB, 0x30CB, 0x30CB, 0x30CB,
        0x48CC, 0x48CC, 0x48CC, 0x48CC, 0x48CC, 0x48CC, 0x48CC, 0x48CC, 0x48CC, 0x48CC, 0x48CC, 0x48CC, 0x48CC, 0x48CC, 0x48CC, 0x48CC,
        0x690D, 0x690D, 0x690D, 0x690D, 0x690D, 0x690D, 0x690D, 0x690D, 0x690D, 0x690D, 0x690D, 0x690D, 0x690D, 0x690D, 0x690D, 0x690D,
        0x894D, 0x894D, 0x894D, 0x894D, 0x894D, 0x894D, 0x894D, 0x894D, 0x894D, 0x894D, 0x894D, 0x894D, 0x894D, 0x894D, 0x894D, 0x894D,
        0xB18C, 0xB18C, 0xB18C, 0xB18C, 0xB18C, 0xB18C, 0xB18C, 0xB18C, 0xB18C, 0xB18C, 0xB18C, 0xB18C, 0xB18C, 0xB18C, 0xB18C, 0xB18C,
        0xC9EB, 0xC9EB, 0xC9EB, 0xC9EB, 0xFE2B, 0xFE2B, 0xFE2B, 0xFE2B, 0xFE2B, 0xFE2B, 0xC9EB, 0xC9EB, 0xC9EB, 0xC9EB, 0xC9EB, 0xC9EB,
        0xE289, 0xE289, 0xE289, 0xFE2B, 0xFE2B, 0xFFB8, 0xFFB8, 0xFFB8, 0xFFB8, 0xFE2B, 0xFE2B, 0xE289, 0xE289, 0xE289, 0xE289, 0xE289,
        0xF348, 0xF348, 0xFE2B, 0xFE2B, 0xFFB8, 0xFFB8, 0xFFB8, 0xFFB8, 0xFFB8, 0xFFB8, 0xFE2B, 0xFE2B, 0xF348, 0xF348, 0xF348, 0xF348,
        0xFC46, 0xFC46, 0xFE2B, 0xFFB8, 0xFFB8, 0xFFB8, 0xFFB8, 0xFFB8, 0xFFB8, 0xFFB8, 0xFFB8, 0xFE2B, 0xFC46, 0xFC46, 0xFC46, 0xFC46,
        0xFD26, 0xFD26, 0xFE2B, 0xFFB8, 0xFFB8, 0xFFB8, 0xFFB8, 0xFFB8, 0xFFB8, 0xFFB8, 0xFFB8, 0xFE2B, 0xFD26, 0xFD26, 0xFD26, 0xFD26,
        0xFDE7, 0xFDE7, 0xFE2B, 0xFFB8, 0xFFB8, 0xFFB8, 0xFFB8, 0xFFB8, 0xFFB8, 0xFFB8, 0xFFB8, 0xFE2B, 0xFDE7, 0xFDE7, 0xFDE7, 0xFDE7,
        0xFE8A, 0xFE8A, 0xFE2B, 0xFFB8, 0xFFB8, 0xFFB8, 0xFFB8, 0xFFB8, 0xFFB8, 0xFFB8, 0xFFB8, 0xFE2B, 0xFE8A, 0xFE8A, 0xFE8A, 0xFE8A,
        0xFEEC, 0xFEEC, 0xFE2B, 0xFE2B, 0xFFB8, 0xFFB8, 0xFFB8, 0xFFB8, 0xFFB8, 0xFFB8, 0xFE2B, 0xFE2B, 0xFEEC, 0xFEEC, 0xFEEC, 0xFEEC,
        0x2065, 0x2065, 0x2065, 0x2065, 0x2065, 0x2065, 0xFFB8, 0xFFB8, 0xFFB8, 0xFE2B, 0xFE2B, 0xFF2F, 0xFF2F, 0xFF2F, 0xFF2F, 0xFF2F,
        0x2065, 0x2065, 0x2065, 0x2065, 0x2065, 0x2065, 0x2065, 0x2065, 0x2065, 0x2065, 0x2065, 0x2065, 0x2065, 0x2065, 0x2065, 0x2065,
        0x2065, 0x2065, 0x2065, 0x2065, 0x2065, 0x2065, 0x2065, 0x2065, 0x2065, 0x2065, 0x2065, 0x2065, 0x2065, 0x2065, 0x2065, 0x2065,
    },
    {
        0x30CB, 0x30CB, 0x30CB, 0x30CB, 0x30CB, 0x30CB, 0x30CB, 0x30CB, 0x30CB, 0x30CB, 0x30CB, 0x30CB, 0x30CB, 0x30CB, 0x30CB, 0x30CB,
        0x48CC, 0x48CC, 0x48CC, 0x48CC, 0x48CC, 0x48CC, 0x48CC, 0x48CC, 0x48CC, 0x48CC, 0x48CC, 0x48CC, 0x48CC, 0x48CC, 0x48CC, 0x48CC,
        0x690D, 0x690D, 0x690D, 0x690D, 0x690D, 0x690D, 0x690D, 0x690D, 0x690D, 0x690D, 0x690D, 0x690D, 0x690D, 0x690D, 0x690D, 0x690D,
        0x894D, 0x894D, 0x894D, 0x894D, 0x894D, 0x894D, 0x894D, 0x894D, 0x894D, 0x894D, 0x894D, 0x894D, 0x894D, 0x894D, 0x894D, 0x894D,
        0xB18C, 0xB18C, 0xB18C, 0xB18C, 0xB18C, 0xB18C, 0xB18C, 0xB18C, 0xB18C, 0xB18C, 0xB18C, 0xB18C, 0xB18C, 0xB18C, 0xB18C, 0xB18C,
        0xC9EB, 0xC9EB, 0xC9EB, 0xFE2B, 0xFE2B, 0xFE2B, 0xFE2B, 0xFE2B, 0xFE2B, 0xC9EB, 0xC9EB, 0xC9EB, 0xC9EB, 0xC9EB, 0xC9EB, 0xC9EB,
        0xE289, 0xE289, 0xFE2B, 0xFE2B, 0xFFB8, 0xFFB8, 0xFFB8, 0xFFB8, 0xFE2B, 0xFE2B, 0xE289, 0xE289, 0xE289, 0xE289, 0xE289, 0xE289,
        0xF348, 0xFE2B, 0xFE2B, 0xFFB8, 0xFFB8, 0xFFB8, 0xFFB8, 0xFFB8, 0xFFB8, 0xFE2B, 0xFE2B, 0xF348, 0xF348, 0xF348, 0xF348, 0xF348,
        0xFC46, 0xFE2B, 0xFFB8, 0xFFB8, 0xFFB8, 0xFFB8, 0xFFB8, 0xFFB8, 0xFFB8, 0xFFB8, 0xFE2B, 0xFC46, 0xFC46, 0xFC46, 0xFC46, 0xFC46,
        0xFD26, 0xFE2B, 0xFFB8, 0xFFB8, 0xFFB8, 0xFFB8, 0xFFB8, 0xFFB8, 0xFFB8, 0xFFB8, 0xFE2B, 0xFD26, 0xFD26, 0xFD26, 0xFD26, 0xFD26,
        0xFDE7, 0xFE2B, 0xFFB8, 0xFFB8, 0xFFB8, 0xFFB8, 0xFFB8, 0xFFB8, 0xFFB8, 0xFFB8, 0xFE2B, 0xFDE7, 0xFDE7, 0xFDE7, 0xFDE7, 0xFDE7,
        0xFE8A, 0xFE2B, 0xFFB8, 0xFFB8, 0xFFB8, 0xFFB8, 0xFFB8, 0xFFB8, 0xFFB8, 0xFFB8, 0xFE2B, 0xFE8A, 0xFE8A, 0xFE8A, 0xFE8A, 0xFE8A,
        0xFEEC, 0xFE2B, 0xFE2B, 0xFFB8, 0xFFB8, 0xFFB8, 0xFFB8, 0xFFB8, 0xFFB8, 0xFE2B, 0xFE2B, 0xFEEC, 0xFEEC, 0xFEEC, 0xFEEC, 0xFEEC,
        0x2065, 0x2065, 0x2065, 0x2065, 0x2065, 0xFFB8, 0xFFB8, 0xFFB8, 0xFE2B, 0xFE2B, 0xFF2F, 0xFF2F, 0xFF2F, 0xFF2F, 0xFF2F, 0xFF2F,
        0x2065, 0x2065, 0x2065, 0x2065, 0x2065, 0x2065, 0x2065, 0x2065, 0x2065, 0x2065, 0x2065, 0x2065, 0x2065, 0x2065, 0x2065, 0x2065,
        0x2065, 0x2065, 0x2065, 0x2065, 0x2065, 0x2065, 0x2065, 0x2065, 0x2065, 0x2065, 0x2065, 0x2065, 0x2065, 0x2065, 0x2065, 0x2065,
    },
    {
        0x30CB, 0x30CB, 0x30CB, 0x30CB, 0x30CB, 0x30CB, 0x30CB, 0x30CB, 0x30CB, 0x30CB, 0x30CB, 0x30CB, 0x30CB, 0x30CB, 0x30CB, 0x30CB,
        0x48CC, 0x48CC, 0x48CC, 0x48CC, 0x48CC, 0x48CC, 0x48CC, 0x48CC, 0x48CC, 0x48CC, 0x48CC, 0x48CC, 0x48CC, 0x48CC, 0x48CC, 0x48CC,
        0x690D, 0x690D, 0x690D, 0x690D, 0x690D, 0x690D, 0x690D, 0x690D, 0x690D, 0x690D, 0x690D, 0x690D, 0x690D, 0x690D, 0x690D, 0x690D,
        0x894D, 0x894D, 0x894D, 0x894D, 0x894D, 0x894D, 0x894D, 0x894D, 0x894D, 0x894D, 0x894D, 0x894D, 0x894D, 0x894D, 0x894D, 0x894D,
        0xB18C, 0xB18C, 0xB18C, 0xB18C, 0xB18C, 0xB18C, 0xB18C, 0xB18C, 0xB18C, 0xB18C, 0xB18C, 0xB18C, 0xB18C, 0xB18C, 0xB18C, 0xB18C,
        0xC9EB, 0xC9EB, 0xFE2B, 0xFE2B, 0xFE2B, 0xFE2B, 0xFE2B, 0xFE2B, 0xC9EB, 0xC9EB, 0xC9EB, 0xC9EB, 0xC9EB, 0xC9EB, 0xC9EB, 0xC9EB,
        0xE289, 0xFE2B, 0xFE2B, 0xFFB8, 0xFFB8, 0xFFB8, 0xFFB8, 0xFE2B, 0xFE2B, 0xE289, 0xE289, 0xE289, 0xE289, 0xE289, 0xE289, 0xE289,
        0xFE2B, 0xFE2B, 0xFFB8, 0xFFB8, 0xFFB8, 0xFFB8, 0xFFB8, 0xFFB8, 0xFE2B, 0xFE2B, 0xF348, 0xF348, 0xF348, 0xF348, 0xF348, 0xF348,
        0xFE2B, 0xFFB8, 0xFFB8, 0xFFB8, 0xFFB8, 0xFFB8, 0xFFB8, 0xFFB8, 0xFFB8, 0xFE2B, 0xFC46, 0xFC46, 0xFC46, 0xFC46, 0xFC46, 0xFC46,
        0xFE2B, 0xFFB8, 0xFFB8, 0xFFB8, 0xFFB8, 0xFFB8, 0xFFB8, 0xFFB8, 0xFFB8, 0xFE2B, 0xFD26, 0xFD26, 0xFD26, 0xFD26, 0xFD26, 0xFD26,
        0xFE2B, 0xFFB8, 0xFFB8, 0xFFB8, 0xFFB8, 0xFFB8, 0xFFB8, 0xFFB8, 0xFFB8, 0xFE2B, 0xFDE7, 0xFDE7, 0xFDE7, 0xFDE7, 0xFDE7, 0xFDE7,
        0xFE2B, 0xFFB8, 0xFFB8, 0xFFB8, 0xFFB8, 0xFFB8, 0xFFB8, 0xFFB8, 0xFFB8, 0xFE2B, 0xFE8A, 0xFE8A, 0xFE8A, 0xFE8A, 0xFE8A, 0xFE8A,
        0xFE2B, 0xFE2B, 0xFFB8, 0xFFB8, 0xFFB8, 0xFFB8, 0xFFB8, 0xFFB8, 0xFE2B, 0xFE2B, 0xFEEC, 0xFEEC, 0xFEEC, 0xFEEC, 0xFEEC, 0xFEEC,
        0x2065, 0x2065, 0x2065, 0x2065, 0xFFB8, 0xFFB8, 0xFFB8, 0xFE2B, 0xFE2B, 0xFF2F, 0xFF2F, 0xFF2F, 0xFF2F, 0xFF2F, 0xFF2F, 0xFF2F,
        0x2065, 0x2065, 0x2065, 0x2065, 0x2065, 0x2065, 0x2065, 0x2065, 0x2065, 0x2065, 0x2065, 0x2065, 0x2065, 0x2065, 0x2065, 0x2065,
        0x2065, 0x2065, 0x2065, 0x2065, 0x2065, 0x2065, 0x2065, 0x2065, 0x2065, 0x2065, 0x2065, 0x2065, 0x2065, 0x2065, 0x2065, 0x2065,
    },
    {
        0x30CB, 0x30CB, 0x30CB, 0x30CB, 0x30CB, 0x30CB, 0x30CB, 0x30CB, 0x30CB, 0x30CB, 0x30CB, 0x30CB, 0x30CB, 0x30CB, 0x30CB, 0x30CB,
        0x48CC, 0x48CC, 0x48CC, 0x48CC, 0x48CC, 0x48CC, 0x48CC, 0x48CC, 0x48CC, 0x48CC, 0x48CC, 0x48CC, 0x48CC, 0x48CC, 0x48CC, 0x48CC,
        0x690D, 0x690D, 0x690D, 0x690D, 0x690D, 0x690D, 0x690D, 0x690D, 0x690D, 0x690D, 0x690D, 0x690D, 0x690D, 0x690D, 0x690D, 0x690D,
        0x894D, 0x894D, 0x894D, 0x894D, 0x894D, 0x894D, 0x894D, 0x894D, 0x894D, 0x894D, 0x894D, 0x894D, 0x894D, 0x894D, 0x894D, 0x894D,
        0xB18C, 0xB18C, 0xB18C, 0xB18C, 0xB18C, 0xB18C, 0xB18C, 0xB18C, 0xB18C, 0xB18C, 0xB18C, 0xB18C, 0xB18C, 0xB18C, 0xB18C, 0xB18C,
        0xC9EB, 0xFE2B, 0xFE2B, 0xFE2B, 0xFE2B, 0xFE2B, 0xFE2B, 0xC9EB, 0xC9EB, 0xC9EB, 0xC9EB, 0xC9EB, 0xC9EB, 0xC9EB, 0xC9EB, 0xC9EB,
        0xFE2B, 0xFE2B, 0xFFB8, 0xFFB8, 0xFFB8, 0xFFB8, 0xFE2B, 0xFE2B, 0xE289, 0xE289, 0xE289, 0xE289, 0xE289, 0xE289, 0xE289, 0xE289,
        0xFE2B, 0xFFB8, 0xFFB8, 0xFFB8, 0xFFB8, 0xFFB8, 0xFFB8, 0xFE2B, 0xFE2B, 0xF348, 0xF348, 0xF348, 0xF348, 0xF348, 0xF348, 0xF348,
        0xFFB8, 0xFFB8, 0xFFB8, 0xFFB8, 0xFFB8, 0xFFB8, 0xFFB8, 0xFFB8, 0xFE2B, 0xFC46, 0xFC46, 0xFC46, 0xFC46, 0xFC46, 0xFC46, 0xFC46,
        0xFFB8, 0xFFB8, 0xFFB8, 0xFFB8, 0xFFB8, 0xFFB8, 0xFFB8, 0xFFB8, 0xFE2B, 0xFD26, 0xFD26, 0xFD26, 0xFD26, 0xFD26, 0xFD26, 0xFD26,
        0xFFB8, 0xFFB8, 0xFFB8, 0xFFB8, 0xFFB8, 0xFFB8, 0xFFB8, 0xFFB8, 0xFE2B, 0xFDE7, 0xFDE7, 0xFDE7, 0xFDE7, 0xFDE7, 0xFDE7, 0xFDE7,
        0xFFB8, 0xFFB8, 0xFFB8, 0xFFB8, 0xFFB8, 0xFFB8, 0xFFB8, 0xFFB8, 0xFE2B, 0xFE8A, 0xFE8A, 0xFE8A, 0xFE8A, 0xFE8A, 0xFE8A, 0xFE8A,
        0xFE2B, 0xFFB8, 0xFFB8, 0xFFB8, 0xFFB8, 0xFFB8, 0xFFB8, 0xFE2B, 0xFE2B, 0xFEEC, 0xFEEC, 0xFEEC, 0xFEEC, 0xFEEC, 0xFEEC, 0xFEEC,
        0x2065, 0x2065, 0x2065, 0xFFB8, 0xFFB8, 0xFFB8, 0xFE2B, 0xFE2B, 0xFF2F, 0xFF2F, 0xFF2F, 0xFF2F, 0xFF2F, 0xFF2F, 0xFF2F, 0xFF2F,
        0x2065, 0x2065, 0x2065, 0x2065, 0x2065, 0x2065, 0x2065, 0x2065, 0x2065, 0x2065, 0x2065, 0x2065, 0x2065, 0x2065, 0x2065, 0x2065,
        0x2065, 0x2065, 0x2065, 0x2065, 0x2065, 0x2065, 0x2065, 0x2065, 0x2065, 0x2065, 0x2065, 0x2065, 0x2065, 0x2065, 0x2065, 0x2065,
    },
    {
        0x30CB, 0x30CB, 0x30CB, 0x30CB, 0x30CB, 0x30CB, 0x30CB, 0x30CB, 0x30CB, 0x30CB, 0x30CB, 0x30CB, 0x30CB, 0x30CB, 0x30CB, 0x30CB,
        0x48CC, 0x48CC, 0x48CC, 0x48CC, 0x48CC, 0x48CC, 0x48CC, 0x48CC, 0x48CC, 0x48CC, 0x48CC, 0x48CC, 0x48CC, 0x48CC, 0x48CC, 0x48CC,
        0x690D, 0x690D, 0x690D, 0x690D, 0x690D, 0x690D, 0x690D, 0x690D, 0x690D, 0x690D, 0x690D, 0x690D, 0x690D, 0x690D, 0x690D, 0x690D,
        0x894D, 0x894D, 0x894D, 0x894D, 0x894D, 0x894D, 0x894D, 0x894D, 0x894D, 0x894D, 0x894D, 0x894D, 0x894D, 0x894D, 0x894D, 0x894D,
        0xB18C, 0xB18C, 0xB18C, 0xB18C, 0xB18C, 0xB18C, 0xB18C, 0xB18C, 0xB18C, 0xB18C, 0xB18C, 0xB18C, 0xB18C, 0xB18C, 0xB18C, 0xB18C,
        0xFE2B, 0xFE2B, 0xFE2B, 0xFE2B, 0xFE2B, 0xFE2B, 0xC9EB, 0xC9EB, 0xC9EB, 0xC9EB, 0xC9EB, 0xC9EB, 0xC9EB, 0xC9EB, 0xC9EB, 0xC9EB,
        0xFE2B, 0xFFB8, 0xFFB8, 0xFFB8, 0xFFB8, 0xFE2B, 0xFE2B, 0xE289, 0xE289, 0xE289, 0xE289, 0xE289, 0xE289, 0xE289, 0xE289, 0xE289,
        0xFFB8, 0xFFB8, 0xFFB8, 0xFFB8, 0xFFB8, 0xFFB8, 0xFE2B, 0xFE2B, 0xF348, 0xF348, 0xF348, 0xF348, 0xF348, 0xF348, 0xF348, 0xF348,
        0xFFB8, 0xFFB8, 0xFFB8, 0xFFB8, 0xFFB8, 0xFFB8, 0xFFB8, 0xFE2B, 0xFC46, 0xFC46, 0xFC46, 0xFC46, 0xFC46, 0xFC46, 0xFC46, 0xFC46,
        0xFFB8, 0xFFB8, 0xFFB8, 0xFFB8, 0xFFB8, 0xFFB8, 0xFFB8, 0xFE2B, 0xFD26, 0xFD26, 0xFD26, 0xFD26, 0xFD26, 0xFD26, 0xFD26, 0xFD26,
        0xFFB8, 0xFFB8, 0xFFB8, 0xFFB8, 0xFFB8, 0xFFB8, 0xFFB8, 0xFE2B, 0xFDE7, 0xFDE7, 0xFDE7, 0xFDE7, 0xFDE7, 0xFDE7, 0xFDE7, 0xFDE7,
        0xFFB8, 0xFFB8, 0xFFB8, 0xFFB8, 0xFFB8, 0xFFB8, 0xFFB8, 0xFE2B, 0xFE8A, 0xFE8A, 0xFE8A, 0xFE8A, 0xFE8A, 0xFE8A, 0xFE8A, 0xFE8A,
        0xFFB8, 0xFFB8, 0xFFB8, 0xFFB8, 0xFFB8, 0xFFB8, 0xFE2B, 0xFE2B, 0xFEEC, 0xFEEC, 0xFEEC, 0xFEEC, 0xFEEC, 0xFEEC, 0xFEEC, 0xFEEC,
        0x2065, 0x2065, 0xFFB8, 0xFFB8, 0xFFB8, 0xFE2B, 0xFE2B, 0xFF2F, 0xFF2F, 0xFF2F, 0xFF2F, 0xFF2F, 0xFF2F, 0xFF2F, 0xFF2F, 0xFF2F,
        0x2065, 0x2065, 0x2065, 0x2065, 0x2065, 0x2065, 0x2065, 0x2065, 0x2065, 0x2065, 0x2065, 0x2065, 0x2065, 0x2065, 0x2065, 0x2065,
        0x2065, 0x2065, 0x2065, 0x2065, 0x2065, 0x2065, 0x2065, 0x2065, 0x2065, 0x2065, 0x2065, 0x2065, 0x2065, 0x2065, 0x2065, 0x2065,
    },
    {
        0x30CB, 0x30CB, 0x30CB, 0x30CB, 0x30CB, 0x30CB, 0x30CB, 0x30CB, 0x30CB, 0x30CB, 0x30CB, 0x30CB, 0x30CB, 0x30CB, 0x30CB, 0x30CB,
        0x48CC, 0x48CC, 0x48CC, 0x48CC, 0x48CC, 0x48CC, 0x48CC, 0x48CC, 0x48CC, 0x48CC, 0x48CC, 0x48CC, 0x48CC, 0x48CC, 0x48CC, 0x48CC,
        0x690D, 0x690D, 0x690D, 0x690D, 0x690D, 0x690D, 0x690D, 0x690D, 0x690D, 0x690D, 0x690D, 0x690D, 0x690D, 0x690D, 0x690D, 0x690D,
        0x894D, 0x894D, 0x894D, 0x894D, 0x894D, 0x894D, 0x894D, 0x894D, 0x894D, 0x894D, 0x894D, 0x894D, 0x894D, 0x894D, 0x894D, 0x894D,
        0xB18C, 0xB18C, 0xB18C, 0xB18C, 0xB18C, 0xB18C, 0xB18C, 0xB18C, 0xB18C, 0xB18C, 0xB18C, 0xB18C, 0xB18C, 0xB18C, 0xB18C, 0xB18C,
        0xFE2B, 0xFE2B, 0xFE2B, 0xFE2B, 0xFE2B, 0xC9EB, 0xC9EB, 0xC9EB, 0xC9EB, 0xC9EB, 0xC9EB, 0xC9EB, 0xC9EB, 0xC9EB, 0xC9EB, 0xC9EB,
        0xFFB8, 0xFFB8, 0xFFB8, 0xFFB8, 0xFE2B, 0xFE2B, 0xE289, 0xE289, 0xE289, 0xE289, 0xE289, 0xE289, 0xE289, 0xE289, 0xE289, 0xE289,
        0xFFB8, 0xFFB8, 0xFFB8, 0xFFB8, 0xFFB8, 0xFE2B, 0xFE2B, 0xF348, 0xF348, 0xF348, 0xF348, 0xF348, 0xF348, 0xF348, 0xF348, 0xF348,
        0xFFB8, 0xFFB8, 0xFFB8, 0xFFB8, 0xFFB8, 0xFFB8, 0xFE2B, 0xFC46, 0xFC46, 0xFC46, 0xFC46, 0xFC46, 0xFC46, 0xFC46, 0xFC46, 0xFC46,
        0xFFB8, 0xFFB8, 0xFFB8, 0xFFB8, 0xFFB8, 0xFFB8, 0xFE2B, 0xFD26, 0xFD26, 0xFD26, 0xFD26, 0xFD26, 0xFD26, 0xFD26, 0xFD26, 0xFD26,
        0xFFB8, 0xFFB8, 0xFFB8, 0xFFB8, 0xFFB8, 0xFFB8, 0xFE2B, 0xFDE7, 0xFDE7, 0xFDE7, 0xFDE7, 0xFDE7, 0xFDE7, 0xFDE7, 0xFDE7, 0xFDE7,
        0xFFB8, 0xFFB8, 0xFFB8, 0xFFB8, 0xFFB8, 0xFFB8, 0xFE2B, 0xFE8A, 0xFE8A, 0xFE8A, 0xFE8A, 0xFE8A, 0xFE8A, 0xFE8A, 0xFE8A, 0xFE8A,
        0xFFB8, 0xFFB8, 0xFFB8, 0xFFB8, 0xFFB8, 0xFE2B, 0xFE2B, 0xFEEC, 0xFEEC, 0xFEEC, 0xFEEC, 0xFEEC, 0xFEEC, 0xFEEC, 0xFEEC, 0xFEEC,
        0x2065, 0xFFB8, 0xFFB8, 0xFFB8, 0xFE2B, 0xFE2B, 0xFF2F, 0xFF2F, 0xFF2F, 0xFF2F, 0xFF2F, 0xFF2F, 0xFF2F, 0xFF2F, 0xFF2F, 0xFF2F,
        0x2065, 0x2065, 0x2065, 0x2065, 0x2065, 0x2065, 0x2065, 0x2065, 0x2065, 0x2065, 0x2065, 0x2065, 0x2065, 0x2065, 0x2065, 0x2065,
        0x2065, 0x2065, 0x2065, 0x2065, 0x2065, 0x2065, 0x2065, 0x2065, 0x2065, 0x2065, 0x2065, 0x2065, 0x2065, 0x2065, 0x2065, 0x2065,
    },
    {
        0x30CB, 0x30CB, 0x30CB, 0x30CB, 0x30CB, 0x30CB, 0x30CB, 0x30CB, 0x30CB, 0x30CB, 0x30CB, 0x30CB, 0x30CB, 0x30CB, 0x30CB, 0x30CB,
        0x48CC, 0x48CC, 0x48CC, 0x48CC, 0x48CC, 0x48CC, 0x48CC, 0x48CC, 0x48CC, 0x48CC, 0x48CC, 0x48CC, 0x48CC, 0x48CC, 0x48CC, 0x48CC,
        0x690D, 0x690D, 0x690D, 0x690D, 0x690D, 0x690D, 0x690D, 0x690D, 0x690D, 0x690D, 0x690D, 0x690D, 0x690D, 0x690D, 0x690D, 0x690D,
        0x894D, 0x894D, 0x894D, 0x894D, 0x894D, 0x894D, 0x894D, 0x894D, 0x894D, 0x894D, 0x894D, 0x894D, 0x894D, 0x894D, 0x894D, 0x894D,
        0xB18C, 0xB18C, 0xB18C, 0xB18C, 0xB18C, 0xB18C, 0xB18C, 0xB18C, 0xB18C, 0xB18C, 0xB18C, 0xB18C, 0xB18C, 0xB18C, 0xB18C, 0x2065,
        0xFE2B, 0xFE2B, 0xFE2B, 0xFE2B, 0xC9EB, 0xC9EB, 0xC9EB, 0xC9EB, 0xC9EB, 0xC9EB, 0xC9EB, 0xC9EB, 0xC9EB, 0xC9EB, 0xC9EB, 0xC9EB,
        0xFFB8, 0xFFB8, 0xFFB8, 0xFE2B, 0xFE2B, 0xE289, 0xE289, 0xE289, 0xE289, 0xE289, 0xE289, 0xE289, 0xE289, 0xE289, 0xE289, 0xE289,
        0xFFB8, 0xFFB8, 0xFFB8, 0xFFB8, 0xFE2B, 0xFE2B, 0xF348, 0xF348, 0xF348, 0xF348, 0xF348, 0xF348, 0xF348, 0xF348, 0xF348, 0xF348,
        0xFFB8, 0xFFB8, 0xFFB8, 0xFFB8, 0xFFB8, 0xFE2B, 0xFC46, 0xFC46, 0xFC46, 0xFC46, 0xFC46, 0xFC46, 0xFC46, 0xFC46, 0xFC46, 0xFC46,
        0xFFB8, 0xFFB8, 0xFFB8, 0xFFB8, 0xFFB8, 0xFE2B, 0xFD26, 0xFD26, 0xFD26, 0xFD26, 0xFD26, 0xFD26, 0xFD26, 0xFD26, 0xFD26, 0xFD26,
        0xFFB8, 0xFFB8, 0xFFB8, 0xFFB8, 0xFFB8, 0xFE2B, 0xFDE7, 0xFDE7, 0xFDE7, 0xFDE7, 0xFDE7, 0xFDE7, 0xFDE7, 0xFDE7, 0xFDE7, 0xFDE7,
        0xFFB8, 0xFFB8, 0xFFB8, 0xFFB8, 0xFFB8, 0xFE2B, 0xFE8A, 0xFE8A, 0xFE8A, 0xFE8A, 0xFE8A, 0xFE8A, 0xFE8A, 0xFE8A, 0xFE8A, 0xFE8A,
        0xFFB8, 0xFFB8, 0xFFB8, 0xFFB8, 0xFE2B, 0xFE2B, 0xFEEC, 0xFEEC, 0xFEEC, 0xFEEC, 0xFEEC, 0xFEEC, 0xFEEC, 0xFEEC, 0xFEEC, 0xFEEC,
        0xFFB8, 0xFFB8, 0xFFB8, 0xFE2B, 0xFE2B, 0xFF2F, 0xFF2F, 0xFF2F, 0xFF2F, 0xFF2F, 0xFF2F, 0xFF2F, 0xFF2F, 0xFF2F, 0xFF2F, 0xFF2F,
        0x2065, 0x2065, 0x2065, 0x2065, 0x2065, 0x2065, 0x2065, 0x2065, 0x2065, 0x2065, 0x2065, 0x2065, 0x2065, 0x2065, 0x2065, 0x2065,
        0x2065, 0x2065, 0x2065, 0x2065, 0x2065, 0x2065, 0x2065, 0x2065, 0x2065, 0x2065, 0x2065, 0x2065, 0x2065, 0x2065, 0x2065, 0x2065,
    },
    {
        0x30CB, 0x30CB, 0x30CB, 0x30CB, 0x30CB, 0x30CB, 0x30CB, 0x30CB, 0x30CB, 0x30CB, 0x30CB, 0x30CB, 0x30CB, 0x30CB, 0x30CB, 0x30CB,
        0x48CC, 0x48CC, 0x48CC, 0x48CC, 0x48CC, 0x48CC, 0x48CC, 0x48CC, 0x48CC, 0x48CC, 0x48CC, 0x48CC, 0x48CC, 0x48CC, 0x48CC, 0x48CC,
        0x690D, 0x690D, 0x690D, 0x690D, 0x690D, 0x690D, 0x690D, 0x690D, 0x690D, 0x690D, 0x690D, 0x690D, 0x690D, 0x690D, 0x690D, 0x690D,
        0x894D, 0x894D, 0x894D, 0x894D, 0x894D, 0x894D, 0x894D, 0x894D, 0x894D, 0x894D, 0x894D, 0x894D, 0x894D, 0x894D, 0x894D, 0x2065,
        0xB18C, 0xB18C, 0xB18C, 0xB18C, 0xB18C, 0xB18C, 0xB18C, 0xB18C, 0xB18C, 0xB18C, 0xB18C, 0xB18C, 0xB18C, 0xB18C, 0x2065, 0xB18C,
        0xFE2B, 0xFE2B, 0xFE2B, 0xC9EB, 0xC9EB, 0xC9EB, 0xC9EB, 0xC9EB, 0xC9EB, 0xC9EB, 0xC9EB, 0xC9EB, 0xC9EB, 0xC9EB, 0xC9EB, 0xC9EB,
        0xFFB8, 0xFFB8, 0xFE2B, 0xFE2B, 0xE289, 0xE289, 0xE289, 0xE289, 0xE289, 0xE289, 0xE289, 0xE289, 0xE289, 0xE289, 0xE289, 0xE289,
        0xFFB8, 0xFFB8, 0xFFB8, 0xFE2B, 0xFE2B, 0xF348, 0xF348, 0xF348, 0xF348, 0xF348, 0xF348, 0xF348, 0xF348, 0xF348, 0xF348, 0xF348,
        0xFFB8, 0xFFB8, 0xFFB8, 0xFFB8, 0xFE2B, 0xFC46, 0xFC46, 0xFC46, 0xFC46, 0xFC46, 0xFC46, 0xFC46, 0xFC46, 0xFC46, 0xFC46, 0xFC46,
        0xFFB8, 0xFFB8, 0xFFB8, 0xFFB8, 0xFE2B, 0xFD26, 0xFD26, 0xFD26, 0xFD26, 0xFD26, 0xFD26, 0xFD26, 0xFD26, 0xFD26, 0xFD26, 0xFD26,
        0xFFB8, 0xFFB8, 0xFFB8, 0xFFB8, 0xFE2B, 0xFDE7, 0xFDE7, 0xFDE7, 0xFDE7, 0xFDE7, 0xFDE7, 0xFDE7, 0xFDE7, 0xFDE7, 0xFDE7, 0xFDE7,
        0xFFB8, 0xFFB8, 0xFFB8, 0xFFB8, 0xFE2B, 0xFE8A, 0xFE8A, 0xFE8A, 0xFE8A, 0xFE8A, 0xFE8A, 0xFE8A, 0xFE8A, 0xFE8A, 0xFE8A, 0xFE8A,
        0xFFB8, 0xFFB8, 0xFFB8, 0xFE2B, 0xFE2B, 0xFEEC, 0xFEEC, 0xFEEC, 0xFEEC, 0xFEEC, 0xFEEC, 0xFEEC, 0xFEEC, 0xFEEC, 0xFEEC, 0xFEEC,
        0xFFB8, 0xFFB8, 0xFE2B, 0xFE2B, 0xFF2F, 0xFF2F, 0xFF2F, 0xFF2F, 0xFF2F, 0xFF2F, 0xFF2F, 0xFF2F, 0xFF2F, 0xFF2F, 0xFF2F, 0xFF2F,
        0x2065, 0x2065, 0x2065, 0x2065, 0x2065, 0x2065, 0x2065, 0x2065, 0x2065, 0x2065, 0x2065, 0x2065, 0x2065, 0x2065, 0x2065, 0x2065,
        0x2065, 0x2065, 0x2065, 0x2065, 0x2065, 0x2065, 0x2065, 0x2065, 0x2065, 0x2065, 0x2065, 0x2065, 0x2065, 0x2065, 0x2065, 0x2065,
    },
    {
        0x30CB, 0x30CB, 0x30CB, 0x30CB, 0x30CB, 0x30CB, 0x30CB, 0x30CB, 0x30CB, 0x30CB, 0x30CB, 0x30CB, 0x30CB, 0x30CB, 0x30CB, 0x30CB,
        0x48CC, 0x48CC, 0x48CC, 0x48CC, 0x48CC, 0x48CC, 0x48CC, 0x48CC, 0x48CC, 0x48CC, 0x48CC, 0x48CC, 0x48CC, 0x48CC, 0x48CC, 0x48CC,
        0x690D, 0x690D, 0x690D, 0x690D, 0x690D, 0x690D, 0x690D, 0x690D, 0x690D, 0x690D, 0x690D, 0x690D, 0x690D, 0x690D, 0x690D, 0x690D,
        0x894D, 0x894D, 0x894D, 0x894D, 0x894D, 0x894D, 0x894D, 0x894D, 0x894D, 0x894D, 0x894D, 0x894D, 0x894D, 0x894D, 0x2065, 0x894D,
        0xB18C, 0xB18C, 0xB18C, 0xB18C, 0xB18C, 0xB18C, 0xB18C, 0xB18C, 0xB18C, 0xB18C, 0xB18C, 0xB18C, 0xB18C, 0x2065, 0xB18C, 0x2065,
        0xFE2B, 0xFE2B, 0xC9EB, 0xC9EB, 0xC9EB, 0xC9EB, 0xC9EB, 0xC9EB, 0xC9EB, 0xC9EB, 0xC9EB, 0xC9EB, 0xC9EB, 0xC9EB, 0xC9EB, 0xC9EB,
        0xFFB8, 0xFE2B, 0xFE2B, 0xE289, 0xE289, 0xE289, 0xE289, 0xE289, 0xE289, 0xE289, 0xE289, 0xE289, 0xE289, 0xE289, 0xE289, 0xE289,
        0xFFB8, 0xFFB8, 0xFE2B, 0xFE2B, 0xF348, 0xF348, 0xF348, 0xF348, 0xF348, 0xF348, 0xF348, 0xF348, 0xF348, 0xF348, 0xF348, 0xF348,
        0xFFB8, 0xFFB8, 0xFFB8, 0xFE2B, 0xFC46, 0xFC46, 0xFC46, 0xFC46, 0xFC46, 0xFC46, 0xFC46, 0xFC46, 0xFC46, 0xFC46, 0xFC46, 0xFC46,
        0xFFB8, 0xFFB8, 0xFFB8, 0xFE2B, 0xFD26, 0xFD26, 0xFD26, 0xFD26, 0xFD26, 0xFD26, 0xFD26, 0xFD26, 0xFD26, 0xFD26, 0xFD26, 0xFD26,
        0xFFB8, 0xFFB8, 0xFFB8, 0xFE2B, 0xFDE7, 0xFDE7, 0xFDE7, 0xFDE7, 0xFDE7, 0xFDE7, 0xFDE7, 0xFDE7, 0xFDE7, 0xFDE7, 0xFDE7, 0xFDE7,
        0xFFB8, 0xFFB8, 0xFFB8, 0xFE2B, 0xFE8A, 0xFE8A, 0xFE8A, 0xFE8A, 0xFE8A, 0xFE8A, 0xFE8A, 0xFE8A, 0xFE8A, 0xFE8A, 0xFE8A, 0xFE8A,
        0xFFB8, 0xFFB8, 0xFE2B, 0xFE2B, 0xFEEC, 0xFEEC, 0xFEEC, 0xFEEC, 0xFEEC, 0xFEEC, 0xFEEC, 0xFEEC, 0xFEEC, 0xFEEC, 0xFEEC, 0xFEEC,
        0xFFB8, 0xFE2B, 0xFE2B, 0xFF2F, 0xFF2F, 0xFF2F, 0xFF2F, 0xFF2F, 0xFF2F, 0xFF2F, 0xFF2F, 0xFF2F, 0xFF2F, 0xFF2F, 0xFF2F, 0xFF2F,
        0x2065, 0x2065, 0x2065, 0x2065, 0x2065, 0x2065, 0x2065, 0x2065, 0x2065, 0x2065, 0x2065, 0x2065, 0x2065, 0x2065, 0x2065, 0x2065,
        0x2065, 0x2065, 0x2065, 0x2065, 0x2065, 0x2065, 0x2065, 0x2065, 0x2065, 0x2065, 0x2065, 0x2065, 0x2065, 0x2065, 0x2065, 0x2065,
    },
    {
        0x30CB, 0x30CB, 0x30CB, 0x30CB, 0x30CB, 0x30CB, 0x30CB, 0x30CB, 0x30CB, 0x30CB, 0x30CB, 0x30CB, 0x30CB, 0x30CB, 0x30CB, 0x30CB,
        0x48CC, 0x48CC, 0x48CC, 0x48CC, 0x48CC, 0x48CC, 0x48CC, 0x48CC, 0x48CC, 0x48CC, 0x48CC, 0x48CC, 0x48CC, 0x48CC, 0x48CC, 0x48CC,
        0x690D, 0x690D, 0x690D, 0x690D, 0x690D, 0x690D, 0x690D, 0x690D, 0x690D, 0x690D, 0x690D, 0x690D, 0x690D, 0x690D, 0x690D, 0x690D,
        0x894D, 0x894D, 0x894D, 0x894D, 0x894D, 0x894D, 0x894D, 0x894D, 0x894D, 0x894D, 0x894D, 0x894D, 0x894D, 0x2065, 0x894D, 0x894D,
        0xB18C, 0xB18C, 0xB18C, 0xB18C, 0xB18C, 0xB18C, 0xB18C, 0xB18C, 0xB18C, 0xB18C, 0xB18C, 0xB18C, 0x2065, 0xB18C, 0x2065, 0xB18C,
        0xFE2B, 0xC9EB, 0xC9EB, 0xC9EB, 0xC9EB, 0xC9EB, 0xC9EB, 0xC9EB, 0xC9EB, 0xC9EB, 0xC9EB, 0xC9EB, 0xC9EB, 0xC9EB, 0xC9EB, 0xC9EB,
        0xFE2B, 0xFE2B, 0xE289, 0xE289, 0xE289, 0xE289, 0xE289, 0xE289, 0xE289, 0xE289, 0xE289, 0xE289, 0xE289, 0xE289, 0xE289, 0xE289,
        0xFFB8, 0xFE2B, 0xFE2B, 0xF348, 0xF348, 0xF348, 0xF348, 0xF348, 0xF348, 0xF348, 0xF348, 0xF348, 0xF348, 0xF348, 0xF348, 0xF348,
        0xFFB8, 0xFFB8, 0xFE2B, 0xFC46, 0xFC46, 0xFC46, 0xFC46, 0xFC46, 0xFC46, 0xFC46, 0xFC46, 0xFC46, 0xFC46, 0xFC46, 0xFC46, 0xFC46,
        0xFFB8, 0xFFB8, 0xFE2B, 0xFD26, 0xFD26, 0xFD26, 0xFD26, 0xFD26, 0xFD26, 0xFD26, 0xFD26, 0xFD26, 0xFD26, 0xFD26, 0xFD26, 0xFD26,
        0xFFB8, 0xFFB8, 0xFE2B, 0xFDE7, 0xFDE7, 0xFDE7, 0xFDE7, 0xFDE7, 0xFDE7, 0xFDE7, 0xFDE7, 0xFDE7, 0xFDE7, 0xFDE7, 0xFDE7, 0xFDE7,
        0xFFB8, 0xFFB8, 0xFE2B, 0xFE8A, 0xFE8A, 0xFE8A, 0xFE8A, 0xFE8A, 0xFE8A, 0xFE8A, 0xFE8A, 0xFE8A, 0xFE8A, 0xFE8A, 0xFE8A, 0xFE8A,
        0xFFB8, 0xFE2B, 0xFE2B, 0xFEEC, 0xFEEC, 0xFEEC, 0xFEEC, 0xFEEC, 0xFEEC, 0xFEEC, 0xFEEC, 0xFEEC, 0xFEEC, 0xFEEC, 0xFEEC, 0xFEEC,
        0xFE2B, 0xFE2B, 0xFF2F, 0xFF2F, 0xFF2F, 0xFF2F, 0xFF2F, 0xFF2F, 0xFF2F, 0xFF2F, 0xFF2F, 0xFF2F, 0xFF2F, 0xFF2F, 0xFF2F, 0xFF2F,
        0x2065, 0x2065, 0x2065, 0x2065, 0x2065, 0x2065, 0x2065, 0x2065, 0x2065, 0x2065, 0x2065, 0x2065, 0x2065, 0x2065, 0x2065, 0x2065,
        0x2065, 0x2065, 0x2065, 0x2065, 0x2065, 0x2065, 0x2065, 0x2065, 0x2065, 0x2065, 0x2065, 0x2065, 0x2065, 0x2065, 0x2065, 0x2065,
    },
    {
        0x30CB, 0x30CB, 0x30CB, 0x30CB, 0x30CB, 0x30CB, 0x30CB, 0x30CB, 0x30CB, 0x30CB, 0x30CB, 0x30CB, 0x30CB, 0x30CB, 0x30CB, 0x30CB,
        0x48CC, 0x48CC, 0x48CC, 0x48CC, 0x48CC, 0x48CC, 0x48CC, 0x48CC, 0x48CC, 0x48CC, 0x48CC, 0x48CC, 0x48CC, 0x48CC, 0x48CC, 0x48CC,
        0x690D, 0x690D, 0x690D, 0x690D, 0x690D, 0x690D, 0x690D, 0x690D, 0x690D, 0x690D, 0x690D, 0x690D, 0x690D, 0x690D, 0x690D, 0x690D,
        0x894D, 0x894D, 0x894D, 0x894D, 0x894D, 0x894D, 0x894D, 0x894D, 0x894D, 0x894D, 0x894D, 0x894D, 0x2065, 0x894D, 0x894D, 0x894D,
        0xB18C, 0xB18C, 0xB18C, 0xB18C, 0xB18C, 0xB18C, 0xB18C, 0xB18C, 0xB18C, 0xB18C, 0xB18C, 0x2065, 0xB18C, 0x2065, 0xB18C, 0xB18C,
        0xC9EB, 0xC9EB, 0xC9EB, 0xC9EB, 0xC9EB, 0xC9EB, 0xC9EB, 0xC9EB, 0xC9EB, 0xC9EB, 0xC9EB, 0xC9EB, 0xC9EB, 0xC9EB, 0xC9EB, 0xC9EB,
        0xFE2B, 0xE289, 0xE289, 0xE289, 0xE289, 0xE289, 0xE289, 0xE289, 0xE289, 0xE289, 0xE289, 0xE289, 0xE289, 0xE289, 0xE289, 0xE289,
        0xFE2B, 0xFE2B, 0xF348, 0xF348, 0xF348, 0xF348, 0xF348, 0xF348, 0xF348, 0xF348, 0xF348, 0xF348, 0xF348, 0xF348, 0xF348, 0xF348,
        0xFFB8, 0xFE2B, 0xFC46, 0xFC46, 0xFC46, 0xFC46, 0xFC46, 0xFC46, 0xFC46, 0xFC46, 0xFC46, 0xFC46, 0xFC46, 0xFC46, 0xFC46, 0xFC46,
        0xFFB8, 0xFE2B, 0xFD26, 0xFD26, 0xFD26, 0xFD26, 0xFD26, 0xFD26, 0xFD26, 0xFD26, 0xFD26, 0xFD26, 0xFD26, 0xFD26, 0xFD26, 0xFD26,
        0xFFB8, 0xFE2B, 0xFDE7, 0xFDE7, 0xFDE7, 0xFDE7, 0xFDE7, 0xFDE7, 0xFDE7, 0xFDE7, 0xFDE7, 0xFDE7, 0xFDE7, 0xFDE7, 0xFDE7, 0xFDE7,
        0xFFB8, 0xFE2B, 0xFE8A, 0xFE8A, 0xFE8A, 0xFE8A, 0xFE8A, 0xFE8A, 0xFE8A, 0xFE8A, 0xFE8A, 0xFE8A, 0xFE8A, 0xFE8A, 0xFE8A, 0xFE8A,
        0xFE2B, 0xFE2B, 0xFEEC, 0xFEEC, 0xFEEC, 0xFEEC, 0xFEEC, 0xFEEC, 0xFEEC, 0xFEEC, 0xFEEC, 0xFEEC, 0xFEEC, 0xFEEC, 0xFEEC, 0xFEEC,
        0xFE2B, 0xFF2F, 0xFF2F, 0xFF2F, 0xFF2F, 0xFF2F, 0xFF2F, 0xFF2F, 0xFF2F, 0xFF2F, 0xFF2F, 0xFF2F, 0xFF2F, 0xFF2F, 0xFF2F, 0xFF2F,
        0x2065, 0x2065, 0x2065, 0x2065, 0x2065, 0x2065, 0x2065, 0x2065, 0x2065, 0x2065, 0x2065, 0x2065, 0x2065, 0x2065, 0x2065, 0x2065,
        0x2065, 0x2065, 0x2065, 0x2065, 0x2065, 0x2065, 0x2065, 0x2065, 0x2065, 0x2065, 0x2065, 0x2065, 0x2065, 0x2065, 0x2065, 0x2065,
    },
    {
        0x30CB, 0x30CB, 0x30CB, 0x30CB, 0x30CB, 0x30CB, 0x30CB, 0x30CB, 0x30CB, 0x30CB, 0x30CB, 0x30CB, 0x30CB, 0x30CB, 0x30CB, 0x30CB,
        0x48CC, 0x48CC, 0x48CC, 0x48CC, 0x48CC, 0x48CC, 0x48CC, 0x48CC, 0x48CC, 0x48CC, 0x48CC, 0x48CC, 0x48CC, 0x48CC, 0x48CC, 0x48CC,
        0x690D, 0x690D, 0x690D, 0x690D, 0x690D, 0x690D, 0x690D, 0x690D, 0x690D, 0x690D, 0x690D, 0x690D, 0x690D, 0x690D, 0x690D, 0x690D,
        0x894D, 0x894D, 0x894D, 0x894D, 0x894D, 0x894D, 0x894D, 0x894D, 0x894D, 0x894D, 0x894D, 0x2065, 0x894D, 0x894D, 0x894D, 0x894D,
        0xB18C, 0xB18C, 0xB18C, 0xB18C, 0xB18C, 0xB18C, 0xB18C, 0xB18C, 0xB18C, 0xB18C, 0x2065, 0xB18C, 0x2065, 0xB18C, 0xB18C, 0xB18C,
        0xC9EB, 0xC9EB, 0xC9EB, 0xC9EB, 0xC9EB, 0xC9EB, 0xC9EB, 0xC9EB, 0xC9EB, 0xC9EB, 0xC9EB, 0xC9EB, 0xC9EB, 0xC9EB, 0xC9EB, 0xC9EB,
        0xE289, 0xE289, 0xE289, 0xE289, 0xE289, 0xE289, 0xE289, 0xE289, 0xE289, 0xE289, 0xE289, 0xE289, 0xE289, 0xE289, 0xE289, 0xE289,
        0xFE2B, 0xF348, 0xF348, 0xF348, 0xF348, 0xF348, 0xF348, 0xF348, 0xF348, 0xF348, 0xF348, 0xF348, 0xF348, 0xF348, 0xF348, 0xF348,
        0xFE2B, 0xFC46, 0xFC46, 0xFC46, 0xFC46, 0xFC46, 0xFC46, 0xFC46, 0xFC46, 0xFC46, 0xFC46, 0xFC46, 0xFC46, 0xFC46, 0xFC46, 0xFC46,
        0xFE2B, 0xFD26, 0xFD26, 0xFD26, 0xFD26, 0xFD26, 0xFD26, 0xFD26, 0xFD26, 0xFD26, 0xFD26, 0xFD26, 0xFD26, 0xFD26, 0xFD26, 0xFD26,
        0xFE2B, 0xFDE7, 0xFDE7, 0xFDE7, 0xFDE7, 0xFDE7, 0xFDE7, 0xFDE7, 0xFDE7, 0xFDE7, 0xFDE7, 0xFDE7, 0xFDE7, 0xFDE7, 0xFDE7, 0xFDE7,
        0xFE2B, 0xFE8A, 0xFE8A, 0xFE8A, 0xFE8A, 0xFE8A, 0xFE8A, 0xFE8A, 0xFE8A, 0xFE8A, 0xFE8A, 0xFE8A, 0xFE8A, 0xFE8A, 0xFE8A, 0xFE8A,
        0xFE2B, 0xFEEC, 0xFEEC, 0xFEEC, 0xFEEC, 0xFEEC, 0xFEEC, 0xFEEC, 0xFEEC, 0xFEEC, 0xFEEC, 0xFEEC, 0xFEEC, 0xFEEC, 0xFEEC, 0xFEEC,
        0xFF2F, 0xFF2F, 0xFF2F, 0xFF2F, 0xFF2F, 0xFF2F, 0xFF2F, 0xFF2F, 0xFF2F, 0xFF2F, 0xFF2F, 0xFF2F, 0xFF2F, 0xFF2F, 0xFF2F, 0xFF2F,
        0x2065, 0x2065, 0x2065, 0x2065, 0x2065, 0x2065, 0x2065, 0x2065, 0x2065, 0x2065, 0x2065, 0x2065, 0x2065, 0x2065, 0x2065, 0x2065,
        0x2065, 0x2065, 0x2065, 0x2065, 0x2065, 0x2065, 0x2065, 0x2065, 0x2065, 0x2065, 0x2065, 0x2065, 0x2065, 0x2065, 0x2065, 0x2065,
    },
    {
        0x30CB, 0x30CB, 0x30CB, 0x30CB, 0x30CB, 0x30CB, 0x30CB, 0x30CB, 0x30CB, 0x30CB, 0x30CB, 0x30CB, 0x30CB, 0x30CB, 0x30CB, 0x30CB,
        0x48CC, 0x48CC, 0x48CC, 0x48CC, 0x48CC, 0x48CC, 0x48CC, 0x48CC, 0x48CC, 0x48CC, 0x48CC, 0x48CC, 0x48CC, 0x48CC, 0x48CC, 0x48CC,
        0x690D, 0x690D, 0x690D, 0x690D, 0x690D, 0x690D, 0x690D, 0x690D, 0x690D, 0x690D, 0x690D, 0x690D, 0x690D, 0x690D, 0x690D, 0x690D,
        0x894D, 0x894D, 0x894D, 0x894D, 0x894D, 0x894D, 0x894D, 0x894D, 0x894D, 0x894D, 0x2065, 0x894D, 0x894D, 0x894D, 0x894D, 0x894D,
        0xB18C, 0xB18C, 0xB18C, 0xB18C, 0xB18C, 0xB18C, 0xB18C, 0xB18C, 0xB18C, 0x2065, 0xB18C, 0x2065, 0xB18C, 0xB18C, 0xB18C, 0xB18C,
        0xC9EB, 0xC9EB, 0xC9EB, 0xC9EB, 0xC9EB, 0xC9EB, 0xC9EB, 0xC9EB, 0xC9EB, 0xC9EB, 0xC9EB, 0xC9EB, 0xC9EB, 0xC9EB, 0xC9EB, 0xC9EB,
        0xE289, 0xE289, 0xE289, 0xE289, 0xE289, 0xE289, 0xE289, 0xE289, 0xE289, 0xE289, 0xE289, 0xE289, 0xE289, 0xE289, 0xE289, 0xE289,
        0xF348, 0xF348, 0xF348, 0xF348, 0xF348, 0xF348, 0xF348, 0xF348, 0xF348, 0xF348, 0xF348, 0xF348, 0xF348, 0xF348, 0xF348, 0xF348,
        0xFC46, 0xFC46, 0xFC46, 0xFC46, 0xFC46, 0xFC46, 0xFC46, 0xFC46, 0xFC46, 0xFC46, 0xFC46, 0xFC46, 0xFC46, 0xFC46, 0xFC46, 0xFC46,
        0xFD26, 0xFD26, 0xFD26, 0xFD26, 0xFD26, 0xFD26, 0xFD26, 0xFD26, 0xFD26, 0xFD26, 0xFD26, 0xFD26, 0xFD26, 0xFD26, 0xFD26, 0xFD26,
        0xFDE7, 0xFDE7, 0xFDE7, 0xFDE7, 0xFDE7, 0xFDE7, 0xFDE7, 0xFDE7, 0xFDE7, 0xFDE7, 0xFDE7, 0xFDE7, 0xFDE7, 0xFDE7, 0xFDE7, 0xFDE7,
        0xFE8A, 0xFE8A, 0xFE8A, 0xFE8A, 0xFE8A, 0xFE8A, 0xFE8A, 0xFE8A, 0xFE8A, 0xFE8A, 0xFE8A, 0xFE8A, 0xFE8A, 0xFE8A, 0xFE8A, 0xFE8A,
        0xFEEC, 0xFEEC, 0xFEEC, 0xFEEC, 0xFEEC, 0xFEEC, 0xFEEC, 0xFEEC, 0xFEEC, 0xFEEC, 0xFEEC, 0xFEEC, 0xFEEC, 0xFEEC, 0xFEEC, 0xFEEC,
        0xFF2F, 0xFF2F, 0xFF2F, 0xFF2F, 0xFF2F, 0xFF2F, 0xFF2F, 0xFF2F, 0xFF2F, 0xFF2F, 0xFF2F, 0xFF2F, 0xFF2F, 0xFF2F, 0xFF2F, 0xFF2F,
        0x2065, 0x2065, 0x2065, 0x2065, 0x2065, 0x2065, 0x2065, 0x2065, 0x2065, 0x2065, 0x2065, 0x2065, 0x2065, 0x2065, 0x2065, 0x2065,
        0x2065, 0x2065, 0x2065, 0x2065, 0x2065, 0x2065, 0x2065, 0x2065, 0x2065, 0x2065, 0x2065, 0x2065, 0x2065, 0x2065, 0x2065, 0x2065,
    },
    {
        0x30CB, 0x30CB, 0x30CB, 0x30CB, 0x30CB, 0x30CB, 0x30CB, 0x30CB, 0x30CB, 0x30CB, 0x30CB, 0x30CB, 0x30CB, 0x30CB, 0x30CB, 0x30CB,
        0x48CC, 0x48CC, 0x48CC, 0x48CC, 0x48CC, 0x48CC, 0x48CC, 0x48CC, 0x48CC, 0x48CC, 0x48CC, 0x48CC, 0x48CC, 0x48CC, 0x48CC, 0x48CC,
        0x690D, 0x690D, 0x690D, 0x690D, 0x690D, 0x690D, 0x690D, 0x690D, 0x690D, 0x690D, 0x690D, 0x690D, 0x690D, 0x690D, 0x690D, 0x690D,
        0x894D, 0x894D, 0x894D, 0x894D, 0x894D, 0x894D, 0x894D, 0x894D, 0x894D, 0x2065, 0x894D, 0x894D, 0x894D, 0x894D, 0x894D, 0x894D,
        0xB18C, 0xB18C, 0xB18C, 0xB18C, 0xB18C, 0xB18C, 0xB18C, 0xB18C, 0x2065, 0xB18C, 0x2065, 0xB18C, 0xB18C, 0xB18C, 0xB18C, 0xB18C,
        0xC9EB, 0xC9EB, 0xC9EB, 0xC9EB, 0xC9EB, 0xC9EB, 0xC9EB, 0xC9EB, 0xC9EB, 0xC9EB, 0xC9EB, 0xC9EB, 0xC9EB, 0xC9EB, 0xC9EB, 0xC9EB,
        0xE289, 0xE289, 0xE289, 0xE289, 0xE289, 0xE289, 0xE289, 0xE289, 0xE289, 0xE289, 0xE289, 0xE289, 0xE289, 0xE289, 0xE289, 0xE289,
        0xF348, 0xF348, 0xF348, 0xF348, 0xF348, 0xF348, 0xF348, 0xF348, 0xF348, 0xF348, 0xF348, 0xF348, 0xF348, 0xF348, 0xF348, 0xF348,
        0xFC46, 0xFC46, 0xFC46, 0xFC46, 0xFC46, 0xFC46, 0xFC46, 0xFC46, 0xFC46, 0xFC46, 0xFC46, 0xFC46, 0xFC46, 0xFC46, 0xFC46, 0xFC46,
        0xFD26, 0xFD26, 0xFD26, 0xFD26, 0xFD26, 0xFD26, 0xFD26, 0xFD26, 0xFD26, 0xFD26, 0xFD26, 0xFD26, 0xFD26, 0xFD26, 0xFD26, 0xFD26,
        0xFDE7, 0xFDE7, 0xFDE7, 0xFDE7, 0xFDE7, 0xFDE7, 0xFDE7, 0xFDE7, 0xFDE7, 0xFDE7, 0xFDE7, 0xFDE7, 0xFDE7, 0xFDE7, 0xFDE7, 0xFDE7,
        0xFE8A, 0xFE8A, 0xFE8A, 0xFE8A, 0xFE8A, 0xFE8A, 0xFE8A, 0xFE8A, 0xFE8A, 0xFE8A, 0xFE8A, 0xFE8A, 0xFE8A, 0xFE8A, 0xFE8A, 0xFE8A,
        0xFEEC, 0xFEEC, 0xFEEC, 0xFEEC, 0xFEEC, 0xFEEC, 0xFEEC, 0xFEEC, 0xFEEC, 0xFEEC, 0xFEEC, 0xFEEC, 0xFEEC, 0xFEEC, 0xFEEC, 0xFEEC,
        0xFF2F, 0xFF2F, 0xFF2F, 0xFF2F, 0xFF2F, 0xFF2F, 0xFF2F, 0xFF2F, 0xFF2F, 0xFF2F, 0xFF2F, 0xFF2F, 0xFF2F, 0xFF2F, 0xFF2F, 0xFF2F,
        0x2065, 0x2065, 0x2065, 0x2065, 0x2065, 0x2065, 0x2065, 0x2065, 0x2065, 0x2065, 0x2065, 0x2065, 0x2065, 0x2065, 0x2065, 0x2065,
        0x2065, 0x2065, 0x2065, 0x2065, 0x2065, 0x2065, 0x2065, 0x2065, 0x2065, 0x2065, 0x2065, 0x2065, 0x2065, 0x2065, 0x2065, 0x2065,
    },
    {
        0x30CB, 0x30CB, 0x30CB, 0x30CB, 0x30CB, 0x30CB, 0x30CB, 0x30CB, 0x30CB, 0x30CB, 0x30CB, 0x30CB, 0x30CB, 0x30CB, 0x30CB, 0x30CB,
        0x48CC, 0x48CC, 0x48CC, 0x48CC, 0x48CC, 0x48CC, 0x48CC, 0x48CC, 0x48CC, 0x48CC, 0x48CC, 0x48CC, 0x48CC, 0x48CC, 0x48CC, 0x48CC,
        0x690D, 0x690D, 0x690D, 0x690D, 0x690D, 0x690D, 0x690D, 0x690D, 0x690D, 0x690D, 0x690D, 0x690D, 0x690D, 0x690D, 0x690D, 0x690D,
        0x894D, 0x894D, 0x894D, 0x894D, 0x894D, 0x894D, 0x894D, 0x894D, 0x2065, 0x894D, 0x894D, 0x894D, 0x894D, 0x894D, 0x894D, 0x894D,
        0xB18C, 0xB18C, 0xB18C, 0xB18C, 0xB18C, 0xB18C, 0xB18C, 0x2065, 0xB18C, 0x2065, 0xB18C, 0xB18C, 0xB18C, 0xB18C, 0xB18C, 0xB18C,
        0xC9EB, 0xC9EB, 0xC9EB, 0xC9EB, 0xC9EB, 0xC9EB, 0xC9EB, 0xC9EB, 0xC9EB, 0xC9EB, 0xC9EB, 0xC9EB, 0xC9EB, 0xC9EB, 0xC9EB, 0xC9EB,
        0xE289, 0xE289, 0xE289, 0xE289, 0xE289, 0xE289, 0xE289, 0xE289, 0xE289, 0xE289, 0xE289, 0xE289, 0xE289, 0xE289, 0xE289, 0xE289,
        0xF348, 0xF348, 0xF348, 0xF348, 0xF348, 0xF348, 0xF348, 0xF348, 0xF348, 0xF348, 0xF348, 0xF348, 0xF348, 0xF348, 0xF348, 0xF348,
        0xFC46, 0xFC46, 0xFC46, 0xFC46, 0xFC46, 0xFC46, 0xFC46, 0xFC46, 0xFC46, 0xFC46, 0xFC46, 0xFC46, 0xFC46, 0xFC46, 0xFC46, 0xFC46,
        0xFD26, 0xFD26, 0xFD26, 0xFD26, 0xFD26, 0xFD26, 0xFD26, 0xFD26, 0xFD26, 0xFD26, 0xFD26, 0xFD26, 0xFD26, 0xFD26, 0xFD26, 0x2065,
        0xFDE7, 0xFDE7, 0xFDE7, 0xFDE7, 0xFDE7, 0xFDE7, 0xFDE7, 0xFDE7, 0xFDE7, 0xFDE7, 0xFDE7, 0xFDE7, 0xFDE7, 0xFDE7, 0xFDE7, 0xFDE7,
        0xFE8A, 0xFE8A, 0xFE8A, 0xFE8A, 0xFE8A, 0xFE8A, 0xFE8A, 0xFE8A, 0xFE8A, 0xFE8A, 0xFE8A, 0xFE8A, 0xFE8A, 0xFE8A, 0xFE8A, 0xFE8A,
        0xFEEC, 0xFEEC, 0xFEEC, 0xFEEC, 0xFEEC, 0xFEEC, 0xFEEC, 0xFEEC, 0xFEEC, 0xFEEC, 0xFEEC, 0xFEEC, 0xFEEC, 0xFEEC, 0xFEEC, 0xFEEC,
        0xFF2F, 0xFF2F, 0xFF2F, 0xFF2F, 0xFF2F, 0xFF2F, 0xFF2F, 0xFF2F, 0xFF2F, 0xFF2F, 0xFF2F, 0xFF2F, 0xFF2F, 0xFF2F, 0xFF2F, 0xFF2F,
        0x2065, 0x2065, 0x2065, 0x2065, 0x2065, 0x2065, 0x2065, 0x2065, 0x2065, 0x2065, 0x2065, 0x2065, 0x2065, 0x2065, 0x2065, 0x2065,
        0x2065, 0x2065, 0x2065, 0x2065, 0x2065, 0x2065, 0x2065, 0x2065, 0x2065, 0x2065, 0x2065, 0x2065, 0x2065, 0x2065, 0x2065, 0x2065,
    },
    {
        0x30CB, 0x30CB, 0x30CB, 0x30CB, 0x30CB, 0x30CB, 0x30CB, 0x30CB, 0x30CB, 0x30CB, 0x30CB, 0x30CB, 0x30CB, 0x30CB, 0x30CB, 0x30CB,
        0x48CC, 0x48CC, 0x48CC, 0x48CC, 0x48CC, 0x48CC, 0x48CC, 0x48CC, 0x48CC, 0x48CC, 0x48CC, 0x48CC, 0x48CC, 0x48CC, 0x48CC, 0x48CC,
        0x690D, 0x690D, 0x690D, 0x690D, 0x690D, 0x690D, 0x690D, 0x690D, 0x690D, 0x690D, 0x690D, 0x690D, 0x690D, 0x690D, 0x690D, 0x690D,
        0x894D, 0x894D, 0x894D, 0x894D, 0x894D, 0x894D, 0x894D, 0x2065, 0x894D, 0x894D, 0x894D, 0x894D, 0x894D, 0x894D, 0x894D, 0x894D,
        0xB18C, 0xB18C, 0xB18C, 0xB18C, 0xB18C, 0xB18C, 0x2065, 0xB18C, 0x2065, 0xB18C, 0xB18C, 0xB18C, 0xB18C, 0xB18C, 0xB18C, 0xB18C,
        0xC9EB, 0xC9EB, 0xC9EB, 0xC9EB, 0xC9EB, 0xC9EB, 0xC9EB, 0xC9EB, 0xC9EB, 0xC9EB, 0xC9EB, 0xC9EB, 0xC9EB, 0xC9EB, 0xC9EB, 0xC9EB,
        0xE289, 0xE289, 0xE289, 0xE289, 0xE289, 0xE289, 0xE289, 0xE289, 0xE289, 0xE289, 0xE289, 0xE289, 0xE289, 0xE289, 0xE289, 0xE289,
        0xF348, 0xF348, 0xF348, 0xF348, 0xF348, 0xF348, 0xF348, 0xF348, 0xF348, 0xF348, 0xF348, 0xF348, 0xF348, 0xF348, 0xF348, 0xF348,
        0xFC46, 0xFC46, 0xFC46, 0xFC46, 0xFC46, 0xFC46, 0xFC46, 0xFC46, 0xFC46, 0xFC46, 0xFC46, 0xFC46, 0xFC46, 0xFC46, 0xFC46, 0x2065,
        0xFD26, 0xFD26, 0xFD26, 0xFD26, 0xFD26, 0xFD26, 0xFD26, 0xFD26, 0xFD26, 0xFD26, 0xFD26, 0xFD26, 0xFD26, 0xFD26, 0x2065, 0x2065,
        0xFDE7, 0xFDE7, 0xFDE7, 0xFDE7, 0xFDE7, 0xFDE7, 0xFDE7, 0xFDE7, 0xFDE7, 0xFDE7, 0xFDE7, 0xFDE7, 0xFDE7, 0xFDE7, 0xFDE7, 0xFDE7,
        0xFE8A, 0xFE8A, 0xFE8A, 0xFE8A, 0xFE8A, 0xFE8A, 0xFE8A, 0xFE8A, 0xFE8A, 0xFE8A, 0xFE8A, 0xFE8A, 0xFE8A, 0xFE8A, 0xFE8A, 0xFE8A,
        0xFEEC, 0xFEEC, 0xFEEC, 0xFEEC, 0xFEEC, 0xFEEC, 0xFEEC, 0xFEEC, 0xFEEC, 0xFEEC, 0xFEEC, 0xFEEC, 0xFEEC, 0xFEEC, 0xFEEC, 0xFEEC,
        0xFF2F, 0xFF2F, 0xFF2F, 0xFF2F, 0xFF2F, 0xFF2F, 0xFF2F, 0xFF2F, 0xFF2F, 0xFF2F, 0xFF2F, 0xFF2F, 0xFF2F, 0xFF2F, 0xFF2F, 0xFF2F,
        0x2065, 0x2065, 0x2065, 0x2065, 0x2065, 0x2065, 0x2065, 0x2065, 0x2065, 0x2065, 0x2065, 0x2065, 0x2065, 0x2065, 0x2065, 0x2065,
        0x2065, 0x2065, 0x2065, 0x2065, 0x2065, 0x2065, 0x2065, 0x2065, 0x2065, 0x2065, 0x2065, 0x2065, 0x2065, 0x2065, 0x2065, 0x2065,
    },
    {
        0x30CB, 0x30CB, 0x30CB, 0x30CB, 0x30CB, 0x30CB, 0x30CB, 0x30CB, 0x30CB, 0x30CB, 0x30CB, 0x30CB, 0x30CB, 0x30CB, 0x30CB, 0x30CB,
        0x48CC, 0x48CC, 0x48CC, 0x48CC, 0x48CC, 0x48CC, 0x48CC, 0x48CC, 0x48CC, 0x48CC, 0x48CC, 0x48CC, 0x48CC, 0x48CC, 0x48CC, 0x48CC,
        0x690D, 0x690D, 0x690D, 0x690D, 0x690D, 0x690D, 0x690D, 0x690D, 0x690D, 0x690D, 0x690D, 0x690D, 0x690D, 0x690D, 0x690D, 0x690D,
        0x894D, 0x894D, 0x894D, 0x894D, 0x894D, 0x894D, 0x2065, 0x894D, 0x894D, 0x894D, 0x894D, 0x894D, 0x894D, 0x894D, 0x894D, 0x894D,
        0xB18C, 0xB18C, 0xB18C, 0xB18C, 0xB18C, 0x2065, 0xB18C, 0x2065, 0xB18C, 0xB18C, 0xB18C, 0xB18C, 0xB18C, 0xB18C, 0xB18C, 0xB18C,
        0xC9EB, 0xC9EB, 0xC9EB, 0xC9EB, 0xC9EB, 0xC9EB, 0xC9EB, 0xC9EB, 0xC9EB, 0xC9EB, 0xC9EB, 0xC9EB, 0xC9EB, 0xC9EB, 0xC9EB, 0xC9EB,
        0xE289, 0xE289, 0xE289, 0xE289, 0xE289, 0xE289, 0xE289, 0xE289, 0xE289, 0xE289, 0xE289, 0xE289, 0xE289, 0xE289, 0xE289, 0xE289,
        0xF348, 0xF348, 0xF348, 0xF348, 0xF348, 0xF348, 0xF348, 0xF348, 0xF348, 0xF348, 0xF348, 0xF348, 0xF348, 0xF348, 0xF348, 0x2065,
        0xFC46, 0xFC46, 0xFC46, 0xFC46, 0xFC46, 0xFC46, 0xFC46, 0xFC46, 0xFC46, 0xFC46, 0xFC46, 0xFC46, 0xFC46, 0xFC46, 0x2065, 0x2065,
        0xFD26, 0xFD26, 0xFD26, 0xFD26, 0xFD26, 0xFD26, 0xFD26, 0xFD26, 0xFD26, 0xFD26, 0xFD26, 0xFD26, 0xFD26, 0x2065, 0x2065, 0xFD26,
        0xFDE7, 0xFDE7, 0xFDE7, 0xFDE7, 0xFDE7, 0xFDE7, 0xFDE7, 0xFDE7, 0xFDE7, 0xFDE7, 0xFDE7, 0xFDE7, 0xFDE7, 0xFDE7, 0xFDE7, 0xFDE7,
        0xFE8A, 0xFE8A, 0xFE8A, 0xFE8A, 0xFE8A, 0xFE8A, 0xFE8A, 0xFE8A, 0xFE8A, 0xFE8A, 0xFE8A, 0xFE8A, 0xFE8A, 0xFE8A, 0xFE8A, 0xFE8A,
        0xFEEC, 0xFEEC, 0xFEEC, 0xFEEC, 0xFEEC, 0xFEEC, 0xFEEC, 0xFEEC, 0xFEEC, 0xFEEC, 0xFEEC, 0xFEEC, 0xFEEC, 0xFEEC, 0xFEEC, 0x2065,
        0xFF2F, 0xFF2F, 0xFF2F, 0xFF2F, 0xFF2F, 0xFF2F, 0xFF2F, 0xFF2F, 0xFF2F, 0xFF2F, 0xFF2F, 0xFF2F, 0xFF2F, 0xFF2F, 0xFF2F, 0x2065,
        0x2065, 0x2065, 0x2065, 0x2065, 0x2065, 0x2065, 0x2065, 0x2065, 0x2065, 0x2065, 0x2065, 0x2065, 0x2065, 0x2065, 0x2065, 0x2065,
        0x2065, 0x2065, 0x2065, 0x2065, 0x2065, 0x2065, 0x2065, 0x2065, 0x2065, 0x2065, 0x2065, 0x2065, 0x2065, 0x2065, 0x2065, 0x2065,
    },
    {
        0x30CB, 0x30CB, 0x30CB, 0x30CB, 0x30CB, 0x30CB, 0x30CB, 0x30CB, 0x30CB, 0x30CB, 0x30CB, 0x30CB, 0x30CB, 0x30CB, 0x30CB, 0x30CB,
        0x48CC, 0x48CC, 0x48CC, 0x48CC, 0x48CC, 0x48CC, 0x48CC, 0x48CC, 0x48CC, 0x48CC, 0x48CC, 0x48CC, 0x48CC, 0x48CC, 0x48CC, 0x48CC,
        0x690D, 0x690D, 0x690D, 0x690D, 0x690D, 0x690D, 0x690D, 0x690D, 0x690D, 0x690D, 0x690D, 0x690D, 0x690D, 0x690D, 0x690D, 0x690D,
        0x894D, 0x894D, 0x894D, 0x894D, 0x894D, 0x2065, 0x894D, 0x894D, 0x894D, 0x894D, 0x894D, 0x894D, 0x894D, 0x894D, 0x894D, 0x894D,
        0xB18C, 0xB18C, 0xB18C, 0xB18C, 0x2065, 0xB18C, 0x2065, 0xB18C, 0xB18C, 0xB18C, 0xB18C, 0xB18C, 0xB18C, 0xB18C, 0xB18C, 0xB18C,
        0xC9EB, 0xC9EB, 0xC9EB, 0xC9EB, 0xC9EB, 0xC9EB, 0xC9EB, 0xC9EB, 0xC9EB, 0xC9EB, 0xC9EB, 0xC9EB, 0xC9EB, 0xC9EB, 0xC9EB, 0xC9EB,
        0xE289, 0xE289, 0xE289, 0xE289, 0xE289, 0xE289, 0xE289, 0xE289, 0xE289, 0xE289, 0xE289, 0xE289, 0xE289, 0xE289, 0xE289, 0xE289,
        0xF348, 0xF348, 0xF348, 0xF348, 0xF348, 0xF348, 0xF348, 0xF348, 0xF348, 0xF348, 0xF348, 0xF348, 0xF348, 0xF348, 0x2065, 0xF348,
        0xFC46, 0xFC46, 0xFC46, 0xFC46, 0xFC46, 0xFC46, 0xFC46, 0xFC46, 0xFC46, 0xFC46, 0xFC46, 0xFC46, 0xFC46, 0x2065, 0x2065, 0x2065,
        0xFD26, 0xFD26, 0xFD26, 0xFD26, 0xFD26, 0xFD26, 0xFD26, 0xFD26, 0xFD26, 0xFD26, 0xFD26, 0xFD26, 0x2065, 0x2065, 0xFD26, 0x2065,
        0xFDE7, 0xFDE7, 0xFDE7, 0xFDE7, 0xFDE7, 0xFDE7, 0xFDE7, 0xFDE7, 0xFDE7, 0xFDE7, 0xFDE7, 0xFDE7, 0xFDE7, 0xFDE7, 0xFDE7, 0x2065,
        0xFE8A, 0xFE8A, 0xFE8A, 0xFE8A, 0xFE8A, 0xFE8A, 0xFE8A, 0xFE8A, 0xFE8A, 0xFE8A, 0xFE8A, 0xFE8A, 0xFE8A, 0xFE8A, 0xFE8A, 0x2065,
        0xFEEC, 0xFEEC, 0xFEEC, 0xFEEC, 0xFEEC, 0xFEEC, 0xFEEC, 0xFEEC, 0xFEEC, 0xFEEC, 0xFEEC, 0xFEEC, 0xFEEC, 0xFEEC, 0x2065, 0x2065,
        0xFF2F, 0xFF2F, 0xFF2F, 0xFF2F, 0xFF2F, 0xFF2F, 0xFF2F, 0xFF2F, 0xFF2F, 0xFF2F, 0xFF2F, 0xFF2F, 0xFF2F, 0xFF2F, 0x2065, 0xFF2F,
        0x2065, 0x2065, 0x2065, 0x2065, 0x2065, 0x2065, 0x2065, 0x2065, 0x2065, 0x2065, 0x2065, 0x2065, 0x2065, 0x2065, 0x2065, 0x2065,
        0x2065, 0x2065, 0x2065, 0x2065, 0x2065, 0x2065, 0x2065, 0x2065, 0x2065, 0x2065, 0x2065, 0x2065, 0x2065, 0x2065, 0x2065, 0x2065,
    },
    {
        0x30CB, 0x30CB, 0x30CB, 0x30CB, 0x30CB, 0x30CB, 0x30CB, 0x30CB, 0x30CB, 0x30CB, 0x30CB, 0x30CB, 0x30CB, 0x30CB, 0x30CB, 0x30CB,
        0x48CC, 0x48CC, 0x48CC, 0x48CC, 0x48CC, 0x48CC, 0x48CC, 0x48CC, 0x48CC, 0x48CC, 0x48CC, 0x48CC, 0x48CC, 0x48CC, 0x48CC, 0x48CC,
        0x690D, 0x690D, 0x690D, 0x690D, 0x690D, 0x690D, 0x690D, 0x690D, 0x690D, 0x690D, 0x690D, 0x690D, 0x690D, 0x690D, 0x690D, 0x690D,
        0x894D, 0x894D, 0x894D, 0x894D, 0x2065, 0x894D, 0x894D, 0x894D, 0x894D, 0x894D, 0x894D, 0x894D, 0x894D, 0x894D, 0x894D, 0x894D,
        0xB18C, 0xB18C, 0xB18C, 0x2065, 0xB18C, 0x2065, 0xB18C, 0xB18C, 0xB18C, 0xB18C, 0xB18C, 0xB18C, 0xB18C, 0xB18C, 0xB18C, 0xB18C,
        0xC9EB, 0xC9EB, 0xC9EB, 0xC9EB, 0xC9EB, 0xC9EB, 0xC9EB, 0xC9EB, 0xC9EB, 0xC9EB, 0xC9EB, 0xC9EB, 0xC9EB, 0xC9EB, 0xC9EB, 0xC9EB,
        0xE289, 0xE289, 0xE289, 0xE289, 0xE289, 0xE289, 0xE289, 0xE289, 0xE289, 0xE289, 0xE289, 0xE289, 0xE289, 0xE289, 0xE289, 0xE289,
        0xF348, 0xF348, 0xF348, 0xF348, 0xF348, 0xF348, 0xF348, 0xF348, 0xF348, 0xF348, 0xF348, 0xF348, 0xF348, 0x2065, 0xF348, 0x2065,
        0xFC46, 0xFC46, 0xFC46, 0xFC46, 0xFC46, 0xFC46, 0xFC46, 0xFC46, 0xFC46, 0xFC46, 0xFC46, 0xFC46, 0x2065, 0x2065, 0x2065, 0x2065,
        0xFD26, 0xFD26, 0xFD26, 0xFD26, 0xFD26, 0xFD26, 0xFD26, 0xFD26, 0xFD26, 0xFD26, 0xFD26, 0x2065, 0x2065, 0xFD26, 0x2065, 0xFD26,
        0xFDE7, 0xFDE7, 0xFDE7, 0xFDE7, 0xFDE7, 0xFDE7, 0xFDE7, 0xFDE7, 0xFDE7, 0xFDE7, 0xFDE7, 0xFDE7, 0xFDE7, 0xFDE7, 0x2065, 0xFDE7,
        0xFE8A, 0xFE8A, 0xFE8A, 0xFE8A, 0xFE8A, 0xFE8A, 0xFE8A, 0xFE8A, 0xFE8A, 0xFE8A, 0xFE8A, 0xFE8A, 0xFE8A, 0xFE8A, 0x2065, 0xFE8A,
        0xFEEC, 0xFEEC, 0xFEEC, 0xFEEC, 0xFEEC, 0xFEEC, 0xFEEC, 0xFEEC, 0xFEEC, 0xFEEC, 0xFEEC, 0xFEEC, 0xFEEC, 0x2065, 0x2065, 0xFEEC,
        0xFF2F, 0xFF2F, 0xFF2F, 0xFF2F, 0xFF2F, 0xFF2F, 0xFF2F, 0xFF2F, 0xFF2F, 0xFF2F, 0xFF2F, 0xFF2F, 0xFF2F, 0x2065, 0xFF2F, 0xFF2F,
        0x2065, 0x2065, 0x2065, 0x2065, 0x2065, 0x2065, 0x2065, 0x2065, 0x2065, 0x2065, 0x2065, 0x2065, 0x2065, 0x2065, 0x2065, 0x2065,
        0x2065, 0x2065, 0x2065, 0x2065, 0x2065, 0x2065, 0x2065, 0x2065, 0x2065, 0x2065, 0x2065, 0x2065, 0x2065, 0x2065, 0x2065, 0x2065,
    },
    {
        0x30CB, 0x30CB, 0x30CB, 0x30CB, 0x30CB, 0x30CB, 0x30CB, 0x30CB, 0x30CB, 0x30CB, 0x30CB, 0x30CB, 0x30CB, 0x30CB, 0x30CB, 0x30CB,
        0x48CC, 0x48CC, 0x48CC, 0x48CC, 0x48CC, 0x48CC, 0x48CC, 0x48CC, 0x48CC, 0x48CC, 0x48CC, 0x48CC, 0x48CC, 0x48CC, 0x48CC, 0x48CC,
        0x690D, 0x690D, 0x690D, 0x690D, 0x690D, 0x690D, 0x690D, 0x690D, 0x690D, 0x690D, 0x690D, 0x690D, 0x690D, 0x690D, 0x690D, 0x690D,
        0x894D, 0x894D, 0x894D, 0x2065, 0x894D, 0x894D, 0x894D, 0x894D, 0x894D, 0x894D, 0x894D, 0x894D, 0x894D, 0x894D, 0x894D, 0x894D,
        0xB18C, 0xB18C, 0x2065, 0xB18C, 0x2065, 0xB18C, 0xB18C, 0xB18C, 0xB18C, 0xB18C, 0xB18C, 0xB18C, 0xB18C, 0xB18C, 0xB18C, 0xB18C,
        0xC9EB, 0xC9EB, 0xC9EB, 0xC9EB, 0xC9EB, 0xC9EB, 0xC9EB, 0xC9EB, 0xC9EB, 0xC9EB, 0xC9EB, 0xC9EB, 0xC9EB, 0xC9EB, 0xC9EB, 0xC9EB,
        0xE289, 0xE289, 0xE289, 0xE289, 0xE289, 0xE289, 0xE289, 0xE289, 0xE289, 0xE289, 0xE289, 0xE289, 0xE289, 0xE289, 0xE289, 0xE289,
        0xF348, 0xF348, 0xF348, 0xF348, 0xF348, 0xF348, 0xF348, 0xF348, 0xF348, 0xF348, 0xF348, 0xF348, 0x2065, 0xF348, 0x2065, 0xF348,
        0xFC46, 0xFC46, 0xFC46, 0xFC46, 0xFC46, 0xFC46, 0xFC46, 0xFC46, 0xFC46, 0xFC46, 0xFC46, 0x2065, 0x2065, 0x2065, 0x2065, 0x2065,
        0xFD26, 0xFD26, 0xFD26, 0xFD26, 0xFD26, 0xFD26, 0xFD26, 0xFD26, 0xFD26, 0xFD26, 0x2065, 0x2065, 0xFD26, 0x2065, 0xFD26, 0x2065,
        0xFDE7, 0xFDE7, 0xFDE7, 0xFDE7, 0xFDE7, 0xFDE7, 0xFDE7, 0xFDE7, 0xFDE7, 0xFDE7, 0xFDE7, 0xFDE7, 0xFDE7, 0x2065, 0xFDE7, 0xFDE7,
        0xFE8A, 0xFE8A, 0xFE8A, 0xFE8A, 0xFE8A, 0xFE8A, 0xFE8A, 0xFE8A, 0xFE8A, 0xFE8A, 0xFE8A, 0xFE8A, 0xFE8A, 0x2065, 0xFE8A, 0xFE8A,
        0xFEEC, 0xFEEC, 0xFEEC, 0xFEEC, 0xFEEC, 0xFEEC, 0xFEEC, 0xFEEC, 0xFEEC, 0xFEEC, 0xFEEC, 0xFEEC, 0x2065, 0x2065, 0xFEEC, 0xFEEC,
        0xFF2F, 0xFF2F, 0xFF2F, 0xFF2F, 0xFF2F, 0xFF2F, 0xFF2F, 0xFF2F, 0xFF2F, 0xFF2F, 0xFF2F, 0xFF2F, 0x2065, 0xFF2F, 0xFF2F, 0xFF2F,
        0x2065, 0x2065, 0x2065, 0x2065, 0x2065, 0x2065, 0x2065, 0x2065, 0x2065, 0x2065, 0x2065, 0x2065, 0x2065, 0x2065, 0x2065, 0x2065,
        0x2065, 0x2065, 0x2065, 0x2065, 0x2065, 0x2065, 0x2065, 0x2065, 0x2065, 0x2065, 0x2065, 0x2065, 0x2065, 0x2065, 0x2065, 0x2065,
    },
    {
        0x30CB, 0x30CB, 0x30CB, 0x30CB, 0x30CB, 0x30CB, 0x30CB, 0x30CB, 0x30CB, 0x30CB, 0x30CB, 0x30CB, 0x30CB, 0x30CB, 0x30CB, 0x30CB,
        0x48CC, 0x48CC, 0x48CC, 0x48CC, 0x48CC, 0x48CC, 0x48CC, 0x48CC, 0x48CC, 0x48CC, 0x48CC, 0x48CC, 0x48CC, 0x48CC, 0x48CC, 0x48CC,
        0x690D, 0x690D, 0x690D, 0x690D, 0x690D, 0x690D, 0x690D, 0x690D, 0x690D, 0x690D, 0x690D, 0x690D, 0x690D, 0x690D, 0x690D, 0x690D,
        0x894D, 0x894D, 0x2065, 0x894D, 0x894D, 0x894D, 0x894D, 0x894D, 0x894D, 0x894D, 0x894D, 0x894D, 0x894D, 0x894D, 0x894D, 0x894D,
        0xB18C, 0x2065, 0xB18C, 0x2065, 0xB18C, 0xB18C, 0xB18C, 0xB18C, 0xB18C, 0xB18C, 0xB18C, 0xB18C, 0xB18C, 0xB18C, 0xB18C, 0xB18C,
        0xC9EB, 0xC9EB, 0xC9EB, 0xC9EB, 0xC9EB, 0xC9EB, 0xC9EB, 0xC9EB, 0xC9EB, 0xC9EB, 0xC9EB, 0xC9EB, 0xC9EB, 0xC9EB, 0xC9EB, 0xC9EB,
        0xE289, 0xE289, 0xE289, 0xE289, 0xE289, 0xE289, 0xE289, 0xE289, 0xE289, 0xE289, 0xE289, 0xE289, 0xE289, 0xE289, 0xE289, 0xE289,
        0xF348, 0xF348, 0xF348, 0xF348, 0xF348, 0xF348, 0xF348, 0xF348, 0xF348, 0xF348, 0xF348, 0x2065, 0xF348, 0x2065, 0xF348, 0xF348,
        0xFC46, 0xFC46, 0xFC46, 0xFC46, 0xFC46, 0xFC46, 0xFC46, 0xFC46, 0xFC46, 0xFC46, 0x2065, 0x2065, 0x2065, 0x2065, 0x2065, 0xFC46,
        0xFD26, 0xFD26, 0xFD26, 0xFD26, 0xFD26, 0xFD26, 0xFD26, 0xFD26, 0xFD26, 0x2065, 0x2065, 0xFD26, 0x2065, 0xFD26, 0x2065, 0x2065,
        0xFDE7, 0xFDE7, 0xFDE7, 0xFDE7, 0xFDE7, 0xFDE7, 0xFDE7, 0xFDE7, 0xFDE7, 0xFDE7, 0xFDE7, 0xFDE7, 0x2065, 0xFDE7, 0xFDE7, 0xFDE7,
        0xFE8A, 0xFE8A, 0xFE8A, 0xFE8A, 0xFE8A, 0xFE8A, 0xFE8A, 0xFE8A, 0xFE8A, 0xFE8A, 0xFE8A, 0xFE8A, 0x2065, 0xFE8A, 0xFE8A, 0xFE8A,
        0xFEEC, 0xFEEC, 0xFEEC, 0xFEEC, 0xFEEC, 0xFEEC, 0xFEEC, 0xFEEC, 0xFEEC, 0xFEEC, 0xFEEC, 0x2065, 0x2065, 0xFEEC, 0xFEEC, 0xFEEC,
        0xFF2F, 0xFF2F, 0xFF2F, 0xFF2F, 0xFF2F, 0xFF2F, 0xFF2F, 0xFF2F, 0xFF2F, 0xFF2F, 0xFF2F, 0x2065, 0xFF2F, 0xFF2F, 0xFF2F, 0xFF2F,
        0x2065, 0x2065, 0x2065, 0x2065, 0x2065, 0x2065, 0x2065, 0x2065, 0x2065, 0x2065, 0x2065, 0x2065, 0x2065, 0x2065, 0x2065, 0x2065,
        0x2065, 0x2065, 0x2065, 0x2065, 0x2065, 0x2065, 0x2065, 0x2065, 0x2065, 0x2065, 0x2065, 0x2065, 0x2065, 0x2065, 0x2065, 0x2065,
    },
    {
        0x30CB, 0x30CB, 0x30CB, 0x30CB, 0x30CB, 0x30CB, 0x30CB, 0x30CB, 0x30CB, 0x30CB, 0x30CB, 0x30CB, 0x30CB, 0x30CB, 0x30CB, 0x30CB,
        0x48CC, 0x48CC, 0x48CC, 0x48CC, 0x48CC, 0x48CC, 0x48CC, 0x48CC, 0x48CC, 0x48CC, 0x48CC, 0x48CC, 0x48CC, 0x48CC, 0x48CC, 0x48CC,
        0x690D, 0x690D, 0x690D, 0x690D, 0x690D, 0x690D, 0x690D, 0x690D, 0x690D, 0x690D, 0x690D, 0x690D, 0x690D, 0x690D, 0x690D, 0x690D,
        0x894D, 0x2065, 0x894D, 0x894D, 0x894D, 0x894D, 0x894D, 0x894D, 0x894D, 0x894D, 0x894D, 0x894D, 0x894D, 0x894D, 0x894D, 0x894D,
        0x2065, 0xB18C, 0x2065, 0xB18C, 0xB18C, 0xB18C, 0xB18C, 0xB18C, 0xB18C, 0xB18C, 0xB18C, 0xB18C, 0xB18C, 0xB18C, 0xB18C, 0xB18C,
        0xC9EB, 0xC9EB, 0xC9EB, 0xC9EB, 0xC9EB, 0xC9EB, 0xC9EB, 0xC9EB, 0xC9EB, 0xC9EB, 0xC9EB, 0xC9EB, 0xC9EB, 0xC9EB, 0xC9EB, 0xC9EB,
        0xE289, 0xE289, 0xE289, 0xE289, 0xE289, 0xE289, 0xE289, 0xE289, 0xE289, 0xE289, 0xE289, 0xE289, 0xE289, 0xE289, 0xE289, 0xE289,
        0xF348, 0xF348, 0xF348, 0xF348, 0xF348, 0xF348, 0xF348, 0xF348, 0xF348, 0xF348, 0x2065, 0xF348, 0x2065, 0xF348, 0xF348, 0xF348,
        0xFC46, 0xFC46, 0xFC46, 0xFC46, 0xFC46, 0xFC46, 0xFC46, 0xFC46, 0xFC46, 0x2065, 0x2065, 0x2065, 0x2065, 0x2065, 0xFC46, 0xFC46,
        0xFD26, 0xFD26, 0xFD26, 0xFD26, 0xFD26, 0xFD26, 0xFD26, 0xFD26, 0x2065, 0x2065, 0xFD26, 0x2065, 0xFD26, 0x2065, 0x2065, 0xFD26,
        0xFDE7, 0xFDE7, 0xFDE7, 0xFDE7, 0xFDE7, 0xFDE7, 0xFDE7, 0xFDE7, 0xFDE7, 0xFDE7, 0xFDE7, 0x2065, 0xFDE7, 0xFDE7, 0xFDE7, 0xFDE7,
        0xFE8A, 0xFE8A, 0xFE8A, 0xFE8A, 0xFE8A, 0xFE8A, 0xFE8A, 0xFE8A, 0xFE8A, 0xFE8A, 0xFE8A, 0x2065, 0xFE8A, 0xFE8A, 0xFE8A, 0xFE8A,
        0xFEEC, 0xFEEC, 0xFEEC, 0xFEEC, 0xFEEC, 0xFEEC, 0xFEEC, 0xFEEC, 0xFEEC, 0xFEEC, 0x2065, 0x2065, 0xFEEC, 0xFEEC, 0xFEEC, 0xFEEC,
        0xFF2F, 0xFF2F, 0xFF2F, 0xFF2F, 0xFF2F, 0xFF2F, 0xFF2F, 0xFF2F, 0xFF2F, 0xFF2F, 0x2065, 0xFF2F, 0xFF2F, 0xFF2F, 0xFF2F, 0xFF2F,
        0x2065, 0x2065, 0x2065, 0x2065, 0x2065, 0x2065, 0x2065, 0x2065, 0x2065, 0x2065, 0x2065, 0x2065, 0x2065, 0x2065, 0x2065, 0x2065,
        0x2065, 0x2065, 0x2065, 0x2065, 0x2065, 0x2065, 0x2065, 0x2065, 0x2065, 0x2065, 0x2065, 0x2065, 0x2065, 0x2065, 0x2065, 0x2065,
    },
    {
        0x30CB, 0x30CB, 0x30CB, 0x30CB, 0x30CB, 0x30CB, 0x30CB, 0x30CB, 0x30CB, 0x30CB, 0x30CB, 0x30CB, 0x30CB, 0x30CB, 0x30CB, 0x30CB,
        0x48CC, 0x48CC, 0x48CC, 0x48CC, 0x48CC, 0x48CC, 0x48CC, 0x48CC, 0x48CC, 0x48CC, 0x48CC, 0x48CC, 0x48CC, 0x48CC, 0x48CC, 0x48CC,
        0x690D, 0x690D, 0x690D, 0x690D, 0x690D, 0x690D, 0x690D, 0x690D, 0x690D, 0x690D, 0x690D, 0x690D, 0x690D, 0x690D, 0x690D, 0x690D,
        0x2065, 0x894D, 0x894D, 0x894D, 0x894D, 0x894D, 0x894D, 0x894D, 0x894D, 0x894D, 0x894D, 0x894D, 0x894D, 0x894D, 0x894D, 0x894D,
        0xB18C, 0x2065, 0xB18C, 0xB18C, 0xB18C, 0xB18C, 0xB18C, 0xB18C, 0xB18C, 0xB18C, 0xB18C, 0xB18C, 0xB18C, 0xB18C, 0xB18C, 0xB18C,
        0xC9EB, 0xC9EB, 0xC9EB, 0xC9EB, 0xC9EB, 0xC9EB, 0xC9EB, 0xC9EB, 0xC9EB, 0xC9EB, 0xC9EB, 0xC9EB, 0xC9EB, 0xC9EB, 0xC9EB, 0xC9EB,
        0xE289, 0xE289, 0xE289, 0xE289, 0xE289, 0xE289, 0xE289, 0xE289, 0xE289, 0xE289, 0xE289, 0xE289, 0xE289, 0xE289, 0xE289, 0xE289,
        0xF348, 0xF348, 0xF348, 0xF348, 0xF348, 0xF348, 0xF348, 0xF348, 0xF348, 0x2065, 0xF348, 0x2065, 0xF348, 0xF348, 0xF348, 0xF348,
        0xFC46, 0xFC46, 0xFC46, 0xFC46, 0xFC46, 0xFC46, 0xFC46, 0xFC46, 0x2065, 0x2065, 0x2065, 0x2065, 0x2065, 0xFC46, 0xFC46, 0xFC46,
        0xFD26, 0xFD26, 0xFD26, 0xFD26, 0xFD26, 0xFD26, 0xFD26, 0x2065, 0x2065, 0xFD26, 0x2065, 0xFD26, 0x2065, 0x2065, 0xFD26, 0xFD26,
        0xFDE7, 0xFDE7, 0xFDE7, 0xFDE7, 0xFDE7, 0xFDE7, 0xFDE7, 0xFDE7, 0xFDE7, 0xFDE7, 0x2065, 0xFDE7, 0xFDE7, 0xFDE7, 0xFDE7, 0xFDE7,
        0xFE8A, 0xFE8A, 0xFE8A, 0xFE8A, 0xFE8A, 0xFE8A, 0xFE8A, 0xFE8A, 0xFE8A, 0xFE8A, 0x2065, 0xFE8A, 0xFE8A, 0xFE8A, 0xFE8A, 0xFE8A,
        0xFEEC, 0xFEEC, 0xFEEC, 0xFEEC, 0xFEEC, 0xFEEC, 0xFEEC, 0xFEEC, 0xFEEC, 0x2065, 0x2065, 0xFEEC, 0xFEEC, 0xFEEC, 0xFEEC, 0xFEEC,
        0xFF2F, 0xFF2F, 0xFF2F, 0xFF2F, 0xFF2F, 0xFF2F, 0xFF2F, 0xFF2F, 0xFF2F, 0x2065, 0xFF2F, 0xFF2F, 0xFF2F, 0xFF2F, 0xFF2F, 0xFF2F,
        0x2065, 0x2065, 0x2065, 0x2065, 0x2065, 0x2065, 0x2065, 0x2065, 0x2065, 0x2065, 0x2065, 0x2065, 0x2065, 0x2065, 0x2065, 0x2065,
        0x2065, 0x2065, 0x2065, 0x2065, 0x2065, 0x2065, 0x2065, 0x2065, 0x2065, 0x2065, 0x2065, 0x2065, 0x2065, 0x2065, 0x2065, 0x2065,
    },
    {
        0x30CB, 0x30CB, 0x30CB, 0x30CB, 0x30CB, 0x30CB, 0x30CB, 0x30CB, 0x30CB, 0x30CB, 0x30CB, 0x30CB, 0x30CB, 0x30CB, 0x30CB, 0x30CB,
        0x48CC, 0x48CC, 0x48CC, 0x48CC, 0x48CC, 0x48CC, 0x48CC, 0x48CC, 0x48CC, 0x48CC, 0x48CC, 0x48CC, 0x48CC, 0x48CC, 0x48CC, 0x48CC,
        0x690D, 0x690D, 0x690D, 0x690D, 0x690D, 0x690D, 0x690D, 0x690D, 0x690D, 0x690D, 0x690D, 0x690D, 0x690D, 0x690D, 0x690D, 0x690D,
        0x894D, 0x894D, 0x894D, 0x894D, 0x894D, 0x894D, 0x894D, 0x894D, 0x894D, 0x894D, 0x894D, 0x894D, 0x894D, 0x894D, 0x894D, 0x894D,
        0x2065, 0xB18C, 0xB18C, 0xB18C, 0xB18C, 0xB18C, 0xB18C, 0xB18C, 0xB18C, 0xB18C, 0xB18C, 0xB18C, 0xB18C, 0xB18C, 0xB18C, 0xB18C,
        0xC9EB, 0xC9EB, 0xC9EB, 0xC9EB, 0xC9EB, 0xC9EB, 0xC9EB, 0xC9EB, 0xC9EB, 0xC9EB, 0xC9EB, 0xC9EB, 0xC9EB, 0xC9EB, 0xC9EB, 0xC9EB,
        0xE289, 0xE289, 0xE289, 0xE289, 0xE289, 0xE289, 0xE289, 0xE289, 0xE289, 0xE289, 0xE289, 0xE289, 0xE289, 0xE289, 0xE289, 0xE289,
        0xF348, 0xF348, 0xF348, 0xF348, 0xF348, 0xF348, 0xF348, 0xF348, 0x2065, 0xF348, 0x2065, 0xF348, 0xF348, 0xF348, 0xF348, 0xF348,
        0xFC46, 0xFC46, 0xFC46, 0xFC46, 0xFC46, 0xFC46, 0xFC46, 0x2065, 0x2065, 0x2065, 0x2065, 0x2065, 0xFC46, 0xFC46, 0xFC46, 0xFC46,
        0xFD26, 0xFD26, 0xFD26, 0xFD26, 0xFD26, 0xFD26, 0x2065, 0x2065, 0xFD26, 0x2065, 0xFD26, 0x2065, 0x2065, 0xFD26, 0xFD26, 0xFD26,
        0xFDE7, 0xFDE7, 0xFDE7, 0xFDE7, 0xFDE7, 0xFDE7, 0xFDE7, 0xFDE7, 0xFDE7, 0x2065, 0xFDE7, 0xFDE7, 0xFDE7, 0xFDE7, 0xFDE7, 0xFDE7,
        0xFE8A, 0xFE8A, 0xFE8A, 0xFE8A, 0xFE8A, 0xFE8A, 0xFE8A, 0xFE8A, 0xFE8A, 0x2065, 0xFE8A, 0xFE8A, 0xFE8A, 0xFE8A, 0xFE8A, 0xFE8A,
        0xFEEC, 0xFEEC, 0xFEEC, 0xFEEC, 0xFEEC, 0xFEEC, 0xFEEC, 0xFEEC, 0x2065, 0x2065, 0xFEEC, 0xFEEC, 0xFEEC, 0xFEEC, 0xFEEC, 0xFEEC,
        0xFF2F, 0xFF2F, 0xFF2F, 0xFF2F, 0xFF2F, 0xFF2F, 0xFF2F, 0xFF2F, 0x2065, 0xFF2F, 0xFF2F, 0xFF2F, 0xFF2F, 0xFF2F, 0xFF2F, 0x2065,
        0x2065, 0x2065, 0x2065, 0x2065, 0x2065, 0x2065, 0x2065, 0x2065, 0x2065, 0x2065, 0x2065, 0x2065, 0x2065, 0x2065, 0x2065, 0x2065,
        0x2065, 0x2065, 0x2065, 0x2065, 0x2065, 0x2065, 0x2065, 0x2065, 0x2065, 0x2065, 0x2065, 0x2065, 0x2065, 0x2065, 0x2065, 0x2065,
    },
    {
        0x30CB, 0x30CB, 0x30CB, 0x30CB, 0x30CB, 0x30CB, 0x30CB, 0x30CB, 0x30CB, 0x30CB, 0x30CB, 0x30CB, 0x30CB, 0x30CB, 0x30CB, 0x30CB,
        0x48CC, 0x48CC, 0x48CC, 0x48CC, 0x48CC, 0x48CC, 0x48CC, 0x48CC, 0x48CC, 0x48CC, 0x48CC, 0x48CC, 0x48CC, 0x48CC, 0x48CC, 0x48CC,
        0x690D, 0x690D, 0x690D, 0x690D, 0x690D, 0x690D, 0x690D, 0x690D, 0x690D, 0x690D, 0x690D, 0x690D, 0x690D, 0x690D, 0x690D, 0x690D,
        0x894D, 0x894D, 0x894D, 0x894D, 0x894D, 0x894D, 0x894D, 0x894D, 0x894D, 0x894D, 0x894D, 0x894D, 0x894D, 0x894D, 0x894D, 0x894D,
        0xB18C, 0xB18C, 0xB18C, 0xB18C, 0xB18C, 0xB18C, 0xB18C, 0xB18C, 0xB18C, 0xB18C, 0xB18C, 0xB18C, 0xB18C, 0xB18C, 0xB18C, 0xB18C,
        0xC9EB, 0xC9EB, 0xC9EB, 0xC9EB, 0xC9EB, 0xC9EB, 0xC9EB, 0xC9EB, 0xC9EB, 0xC9EB, 0xC9EB, 0xC9EB, 0xC9EB, 0xC9EB, 0xC9EB, 0xC9EB,
        0xE289, 0xE289, 0xE289, 0xE289, 0xE289, 0xE289, 0xE289, 0xE289, 0xE289, 0xE289, 0xE289, 0xE289, 0xE289, 0xE289, 0xE289, 0xE289,
        0xF348, 0xF348, 0xF348, 0xF348, 0xF348, 0xF348, 0xF348, 0x2065, 0xF348, 0x2065, 0xF348, 0xF348, 0xF348, 0xF348, 0xF348, 0xF348,
        0xFC46, 0xFC46, 0xFC46, 0xFC46, 0xFC46, 0xFC46, 0x2065, 0x2065, 0x2065, 0x2065, 0x2065, 0xFC46, 0xFC46, 0xFC46, 0xFC46, 0xFC46,
        0xFD26, 0xFD26, 0xFD26, 0xFD26, 0xFD26, 0x2065, 0x2065, 0xFD26, 0x2065, 0xFD26, 0x2065, 0x2065, 0xFD26, 0xFD26, 0xFD26, 0xFD26,
        0xFDE7, 0xFDE7, 0xFDE7, 0xFDE7, 0xFDE7, 0xFDE7, 0xFDE7, 0xFDE7, 0x2065, 0xFDE7, 0xFDE7, 0xFDE7, 0xFDE7, 0xFDE7, 0xFDE7, 0xFDE7,
        0xFE8A, 0xFE8A, 0xFE8A, 0xFE8A, 0xFE8A, 0xFE8A, 0xFE8A, 0xFE8A, 0x2065, 0xFE8A, 0xFE8A, 0xFE8A, 0xFE8A, 0xFE8A, 0xFE8A, 0xFE8A,
        0xFEEC, 0xFEEC, 0xFEEC, 0xFEEC, 0xFEEC, 0xFEEC, 0xFEEC, 0x2065, 0x2065, 0xFEEC, 0xFEEC, 0xFEEC, 0xFEEC, 0xFEEC, 0xFEEC, 0xFEEC,
        0xFF2F, 0xFF2F, 0xFF2F, 0xFF2F, 0xFF2F, 0xFF2F, 0xFF2F, 0x2065, 0xFF2F, 0xFF2F, 0xFF2F, 0xFF2F, 0xFF2F, 0xFF2F, 0x2065, 0x2065,
        0x2065, 0x2065, 0x2065, 0x2065, 0x2065, 0x2065, 0x2065, 0x2065, 0x2065, 0x2065, 0x2065, 0x2065, 0x2065, 0x2065, 0x2065, 0x2065,
        0x2065, 0x2065, 0x2065, 0x2065, 0x2065, 0x2065, 0x2065, 0x2065, 0x2065, 0x2065, 0x2065, 0x2065, 0x2065, 0x2065, 0x2065, 0x2065,
    },
    {
        0x30CB, 0x30CB, 0x30CB, 0x30CB, 0x30CB, 0x30CB, 0x30CB, 0x30CB, 0x30CB, 0x30CB, 0x30CB, 0x30CB, 0x30CB, 0x30CB, 0x30CB, 0x30CB,
        0x48CC, 0x48CC, 0x48CC, 0x48CC, 0x48CC, 0x48CC, 0x48CC, 0x48CC, 0x48CC, 0x48CC, 0x48CC, 0x48CC, 0x48CC, 0x48CC, 0x48CC, 0x48CC,
        0x690D, 0x690D, 0x690D, 0x690D, 0x690D, 0x690D, 0x690D, 0x690D, 0x690D, 0x690D, 0x690D, 0x690D, 0x690D, 0x690D, 0x690D, 0x690D,
        0x894D, 0x894D, 0x894D, 0x894D, 0x894D, 0x894D, 0x894D, 0x894D, 0x894D, 0x894D, 0x894D, 0x894D, 0x894D, 0x894D, 0x894D, 0x894D,
        0xB18C, 0xB18C, 0xB18C, 0xB18C, 0xB18C, 0xB18C, 0xB18C, 0xB18C, 0xB18C, 0xB18C, 0xB18C, 0xB18C, 0xB18C, 0xB18C, 0xB18C, 0xB18C,
        0xC9EB, 0xC9EB, 0xC9EB, 0xC9EB, 0xC9EB, 0xC9EB, 0xC9EB, 0xC9EB, 0xC9EB, 0xC9EB, 0xC9EB, 0xC9EB, 0xC9EB, 0xC9EB, 0xC9EB, 0xC9EB,
        0xE289, 0xE289, 0xE289, 0xE289, 0xE289, 0xE289, 0xE289, 0xE289, 0xE289, 0xE289, 0xE289, 0xE289, 0xE289, 0xE289, 0xE289, 0xE289,
        0xF348, 0xF348, 0xF348, 0xF348, 0xF348, 0xF348, 0x2065, 0xF348, 0x2065, 0xF348, 0xF348, 0xF348, 0xF348, 0xF348, 0xF348, 0xF348,
        0xFC46, 0xFC46, 0xFC46, 0xFC46, 0xFC46, 0x2065, 0x2065, 0x2065, 0x2065, 0x2065, 0xFC46, 0xFC46, 0xFC46, 0xFC46, 0xFC46, 0xFC46,
        0xFD26, 0xFD26, 0xFD26, 0xFD26, 0x2065, 0x2065, 0xFD26, 0x2065, 0xFD26, 0x2065, 0x2065, 0xFD26, 0xFD26, 0xFD26, 0xFD26, 0xFD26,
        0xFDE7, 0xFDE7, 0xFDE7, 0xFDE7, 0xFDE7, 0xFDE7, 0xFDE7, 0x2065, 0xFDE7, 0xFDE7, 0xFDE7, 0xFDE7, 0xFDE7, 0xFDE7, 0xFDE7, 0xFDE7,
        0xFE8A, 0xFE8A, 0xFE8A, 0xFE8A, 0xFE8A, 0xFE8A, 0xFE8A, 0x2065, 0xFE8A, 0xFE8A, 0xFE8A, 0xFE8A, 0xFE8A, 0xFE8A, 0xFE8A, 0xFE8A,
        0xFEEC, 0xFEEC, 0xFEEC, 0xFEEC, 0xFEEC, 0xFEEC, 0x2065, 0x2065, 0xFEEC, 0xFEEC, 0xFEEC, 0xFEEC, 0xFEEC, 0xFEEC, 0xFEEC, 0xFEEC,
        0xFF2F, 0xFF2F, 0xFF2F, 0xFF2F, 0xFF2F, 0xFF2F, 0x2065, 0xFF2F, 0xFF2F, 0xFF2F, 0xFF2F, 0xFF2F, 0xFF2F, 0x2065, 0x2065, 0x2065,
        0x2065, 0x2065, 0x2065, 0x2065, 0x2065, 0x2065, 0x2065, 0x2065, 0x2065, 0x2065, 0x2065, 0x2065, 0x2065, 0x2065, 0x2065, 0x2065,
        0x2065, 0x2065, 0x2065, 0x2065, 0x2065, 0x2065, 0x2065, 0x2065, 0x2065, 0x2065, 0x2065, 0x2065, 0x2065, 0x2065, 0x2065, 0x2065,
    },
    {
        0x30CB, 0x30CB, 0x30CB, 0x30CB, 0x30CB, 0x30CB, 0x30CB, 0x30CB, 0x30CB, 0x30CB, 0x30CB, 0x30CB, 0x30CB, 0x30CB, 0x30CB, 0x30CB,
        0x48CC, 0x48CC, 0x48CC, 0x48CC, 0x48CC, 0x48CC, 0x48CC, 0x48CC, 0x48CC, 0x48CC, 0x48CC, 0x48CC, 0x48CC, 0x48CC, 0x48CC, 0x48CC,
        0x690D, 0x690D, 0x690D, 0x690D, 0x690D, 0x690D, 0x690D, 0x690D, 0x690D, 0x690D, 0x690D, 0x690D, 0x690D, 0x690D, 0x690D, 0x690D,
        0x894D, 0x894D, 0x894D, 0x894D, 0x894D, 0x894D, 0x894D, 0x894D, 0x894D, 0x894D, 0x894D, 0x894D, 0x894D, 0x894D, 0x894D, 0x894D,
        0xB18C, 0xB18C, 0xB18C, 0xB18C, 0xB18C, 0xB18C, 0xB18C, 0xB18C, 0xB18C, 0xB18C, 0xB18C, 0xB18C, 0xB18C, 0xB18C, 0xB18C, 0xB18C,
        0xC9EB, 0xC9EB, 0xC9EB, 0xC9EB, 0xC9EB, 0xC9EB, 0xC9EB, 0xC9EB, 0xC9EB, 0xC9EB, 0xC9EB, 0xC9EB, 0xC9EB, 0xC9EB, 0xC9EB, 0xC9EB,
        0xE289, 0xE289, 0xE289, 0xE289, 0xE289, 0xE289, 0xE289, 0xE289, 0xE289, 0xE289, 0xE289, 0xE289, 0xE289, 0xE289, 0xE289, 0xE289,
        0xF348, 0xF348, 0xF348, 0xF348, 0xF348, 0x2065, 0xF348, 0x2065, 0xF348, 0xF348, 0xF348, 0xF348, 0xF348, 0xF348, 0xF348, 0xF348,
        0xFC46, 0xFC46, 0xFC46, 0xFC46, 0x2065, 0x2065, 0x2065, 0x2065, 0x2065, 0xFC46, 0xFC46, 0xFC46, 0xFC46, 0xFC46, 0xFC46, 0xFC46,
        0xFD26, 0xFD26, 0xFD26, 0x2065, 0x2065, 0xFD26, 0x2065, 0xFD26, 0x2065, 0x2065, 0xFD26, 0xFD26, 0xFD26, 0xFD26, 0xFD26, 0xFD26,
        0xFDE7, 0xFDE7, 0xFDE7, 0xFDE7, 0xFDE7, 0xFDE7, 0x2065, 0xFDE7, 0xFDE7, 0xFDE7, 0xFDE7, 0xFDE7, 0xFDE7, 0xFDE7, 0xFDE7, 0xFDE7,
        0xFE8A, 0xFE8A, 0xFE8A, 0xFE8A, 0xFE8A, 0xFE8A, 0x2065, 0xFE8A, 0xFE8A, 0xFE8A, 0xFE8A, 0xFE8A, 0xFE8A, 0xFE8A, 0xFE8A, 0xFE8A,
        0xFEEC, 0xFEEC, 0xFEEC, 0xFEEC, 0xFEEC, 0x2065, 0x2065, 0xFEEC, 0xFEEC, 0xFEEC, 0xFEEC, 0xFEEC, 0xFEEC, 0xFEEC, 0xFEEC, 0xFEEC,
        0xFF2F, 0xFF2F, 0xFF2F, 0xFF2F, 0xFF2F, 0x2065, 0xFF2F, 0xFF2F, 0xFF2F, 0xFF2F, 0xFF2F, 0xFF2F, 0x2065, 0x2065, 0x2065, 0xFF2F,
        0x2065, 0x2065, 0x2065, 0x2065, 0x2065, 0x2065, 0x2065, 0x2065, 0x2065, 0x2065, 0x2065, 0x2065, 0x2065, 0x2065, 0x2065, 0x2065,
        0x2065, 0x2065, 0x2065, 0x2065, 0x2065, 0x2065, 0x2065, 0x2065, 0x2065, 0x2065, 0x2065, 0x2065, 0x2065, 0x2065, 0x2065, 0x2065,
    },
    {
        0x30CB, 0x30CB, 0x30CB, 0x30CB, 0x30CB, 0x30CB, 0x30CB, 0x30CB, 0x30CB, 0x30CB, 0x30CB, 0x30CB, 0x30CB, 0x30CB, 0x30CB, 0x30CB,
        0x48CC, 0x48CC, 0x48CC, 0x48CC, 0x48CC, 0x48CC, 0x48CC, 0x48CC, 0x48CC, 0x48CC, 0x48CC, 0x48CC, 0x48CC, 0x48CC, 0x48CC, 0x48CC,
        0x690D, 0x690D, 0x690D, 0x690D, 0x690D, 0x690D, 0x690D, 0x690D, 0x690D, 0x690D, 0x690D, 0x690D, 0x690D, 0x690D, 0x690D, 0x690D,
        0x894D, 0x894D, 0x894D, 0x894D, 0x894D, 0x894D, 0x894D, 0x894D, 0x894D, 0x894D, 0x894D, 0x894D, 0x894D, 0x894D, 0x894D, 0x894D,
        0xB18C, 0xB18C, 0xB18C, 0xB18C, 0xB18C, 0xB18C, 0xB18C, 0xB18C, 0xB18C, 0xB18C, 0xB18C, 0xB18C, 0xB18C, 0xB18C, 0xB18C, 0xB18C,
        0xC9EB, 0xC9EB, 0xC9EB, 0xC9EB, 0xC9EB, 0xC9EB, 0xC9EB, 0xC9EB, 0xC9EB, 0xC9EB, 0xC9EB, 0xC9EB, 0xC9EB, 0xC9EB, 0xC9EB, 0xC9EB,
        0xE289, 0xE289, 0xE289, 0xE289, 0xE289, 0xE289, 0xE289, 0xE289, 0xE289, 0xE289, 0xE289, 0xE289, 0xE289, 0xE289, 0xE289, 0xE289,
        0xF348, 0xF348, 0xF348, 0xF348, 0x2065, 0xF348, 0x2065, 0xF348, 0xF348, 0xF348, 0xF348, 0xF348, 0xF348, 0xF348, 0xF348, 0xF348,
        0xFC46, 0xFC46, 0xFC46, 0x2065, 0x2065, 0x2065, 0x2065, 0x2065, 0xFC46, 0xFC46, 0xFC46, 0xFC46, 0xFC46, 0xFC46, 0xFC46, 0xFC46,
        0xFD26, 0xFD26, 0x2065, 0x2065, 0xFD26, 0x2065, 0xFD26, 0x2065, 0x2065, 0xFD26, 0xFD26, 0xFD26, 0xFD26, 0xFD26, 0xFD26, 0xFD26,
        0xFDE7, 0xFDE7, 0xFDE7, 0xFDE7, 0xFDE7, 0x2065, 0xFDE7, 0xFDE7, 0xFDE7, 0xFDE7, 0xFDE7, 0xFDE7, 0xFDE7, 0xFDE7, 0xFDE7, 0xFDE7,
        0xFE8A, 0xFE8A, 0xFE8A, 0xFE8A, 0xFE8A, 0x2065, 0xFE8A, 0xFE8A, 0xFE8A, 0xFE8A, 0xFE8A, 0xFE8A, 0xFE8A, 0xFE8A, 0xFE8A, 0xFE8A,
        0xFEEC, 0xFEEC, 0xFEEC, 0xFEEC, 0x2065, 0x2065, 0xFEEC, 0xFEEC, 0xFEEC, 0xFEEC, 0xFEEC, 0xFEEC, 0xFEEC, 0xFEEC, 0xFEEC, 0xFEEC,
        0xFF2F, 0xFF2F, 0xFF2F, 0xFF2F, 0x2065, 0xFF2F, 0xFF2F, 0xFF2F, 0xFF2F, 0xFF2F, 0xFF2F, 0x2065, 0x2065, 0x2065, 0xFF2F, 0xFF2F,
        0x2065, 0x2065, 0x2065, 0x2065, 0x2065, 0x2065, 0x2065, 0x2065, 0x2065, 0x2065, 0x2065, 0x2065, 0x2065, 0x2065, 0x2065, 0x2065,
        0x2065, 0x2065, 0x2065, 0x2065, 0x2065, 0x2065, 0x2065, 0x2065, 0x2065, 0x2065, 0x2065, 0x2065, 0x2065, 0x2065, 0x2065, 0x2065,
    },
    {
        0x30CB, 0x30CB, 0x30CB, 0x30CB, 0x30CB, 0x30CB, 0x30CB, 0x30CB, 0x30CB, 0x30CB, 0x30CB, 0x30CB, 0x30CB, 0x30CB, 0x30CB, 0x30CB,
        0x48CC, 0x48CC, 0x48CC, 0x48CC, 0x48CC, 0x48CC, 0x48CC, 0x48CC, 0x48CC, 0x48CC, 0x48CC, 0x48CC, 0x48CC, 0x48CC, 0x48CC, 0x48CC,
        0x690D, 0x690D, 0x690D, 0x690D, 0x690D, 0x690D, 0x690D, 0x690D, 0x690D, 0x690D, 0x690D, 0x690D, 0x690D, 0x690D, 0x690D, 0x690D,
        0x894D, 0x894D, 0x894D, 0x894D, 0x894D, 0x894D, 0x894D, 0x894D, 0x894D, 0x894D, 0x894D, 0x894D, 0x894D, 0x894D, 0x894D, 0x894D,
        0xB18C, 0xB18C, 0xB18C, 0xB18C, 0xB18C, 0xB18C, 0xB18C, 0xB18C, 0xB18C, 0xB18C, 0xB18C, 0xB18C, 0xB18C, 0xB18C, 0xB18C, 0xB18C,
        0xC9EB, 0xC9EB, 0xC9EB, 0xC9EB, 0xC9EB, 0xC9EB, 0xC9EB, 0xC9EB, 0xC9EB, 0xC9EB, 0xC9EB, 0xC9EB, 0xC9EB, 0xC9EB, 0xC9EB, 0xC9EB,
        0xE289, 0xE289, 0xE289, 0xE289, 0xE289, 0xE289, 0xE289, 0xE289, 0xE289, 0xE289, 0xE289, 0xE289, 0xE289, 0xE289, 0xE289, 0xE289,
        0xF348, 0xF348, 0xF348, 0x2065, 0xF348, 0x2065, 0xF348, 0xF348, 0xF348, 0xF348, 0xF348, 0xF348, 0xF348, 0xF348, 0xF348, 0xF348,
        0xFC46, 0xFC46, 0x2065, 0x2065, 0x2065, 0x2065, 0x2065, 0xFC46, 0xFC46, 0xFC46, 0xFC46, 0xFC46, 0xFC46, 0xFC46, 0xFC46, 0xFC46,
        0xFD26, 0x2065, 0x2065, 0xFD26, 0x2065, 0xFD26, 0x2065, 0x2065, 0xFD26, 0xFD26, 0xFD26, 0xFD26, 0xFD26, 0xFD26, 0xFD26, 0xFD26,
        0xFDE7, 0xFDE7, 0xFDE7, 0xFDE7, 0x2065, 0xFDE7, 0xFDE7, 0xFDE7, 0xFDE7, 0xFDE7, 0xFDE7, 0xFDE7, 0xFDE7, 0xFDE7, 0xFDE7, 0xFDE7,
        0xFE8A, 0xFE8A, 0xFE8A, 0xFE8A, 0x2065, 0xFE8A, 0xFE8A, 0xFE8A, 0xFE8A, 0xFE8A, 0xFE8A, 0xFE8A, 0xFE8A, 0xFE8A, 0xFE8A, 0xFE8A,
        0xFEEC, 0xFEEC, 0xFEEC, 0x2065, 0x2065, 0xFEEC, 0xFEEC, 0xFEEC, 0xFEEC, 0xFEEC, 0xFEEC, 0xFEEC, 0xFEEC, 0xFEEC, 0xFEEC, 0xFEEC,
        0xFF2F, 0xFF2F, 0xFF2F, 0x2065, 0xFF2F, 0xFF2F, 0xFF2F, 0xFF2F, 0xFF2F, 0xFF2F, 0x2065, 0x2065, 0x2065, 0xFF2F, 0xFF2F, 0xFF2F,
        0x2065, 0x2065, 0x2065, 0x2065, 0x2065, 0x2065, 0x2065, 0x2065, 0x2065, 0x2065, 0x2065, 0x2065, 0x2065, 0x2065, 0x2065, 0x2065,
        0x2065, 0x2065, 0x2065, 0x2065, 0x2065, 0x2065, 0x2065, 0x2065, 0x2065, 0x2065, 0x2065, 0x2065, 0x2065, 0x2065, 0x2065, 0x2065,
    },
    {
        0x30CB, 0x30CB, 0x30CB, 0x30CB, 0x30CB, 0x30CB, 0x30CB, 0x30CB, 0x30CB, 0x30CB, 0x30CB, 0x30CB, 0x30CB, 0x30CB, 0x30CB, 0x30CB,
        0x48CC, 0x48CC, 0x48CC, 0x48CC, 0x48CC, 0x48CC, 0x48CC, 0x48CC, 0x48CC, 0x48CC, 0x48CC, 0x48CC, 0x48CC, 0x48CC, 0x48CC, 0x48CC,
        0x690D, 0x690D, 0x690D, 0x690D, 0x690D, 0x690D, 0x690D, 0x690D, 0x690D, 0x690D, 0x690D, 0x690D, 0x690D, 0x690D, 0x690D, 0x690D,
        0x894D, 0x894D, 0x894D, 0x894D, 0x894D, 0x894D, 0x894D, 0x894D, 0x894D, 0x894D, 0x894D, 0x894D, 0x894D, 0x894D, 0x894D, 0x894D,
        0xB18C, 0xB18C, 0xB18C, 0xB18C, 0xB18C, 0xB18C, 0xB18C, 0xB18C, 0xB18C, 0xB18C, 0xB18C, 0xB18C, 0xB18C, 0xB18C, 0xB18C, 0xB18C,
        0xC9EB, 0xC9EB, 0xC9EB, 0xC9EB, 0xC9EB, 0xC9EB, 0xC9EB, 0xC9EB, 0xC9EB, 0xC9EB, 0xC9EB, 0xC9EB, 0xC9EB, 0xC9EB, 0xC9EB, 0xC9EB,
        0xE289, 0xE289, 0xE289, 0xE289, 0xE289, 0xE289, 0xE289, 0xE289, 0xE289, 0xE289, 0xE289, 0xE289, 0xE289, 0xE289, 0xE289, 0xE289,
        0xF348, 0xF348, 0x2065, 0xF348, 0x2065, 0xF348, 0xF348, 0xF348, 0xF348, 0xF348, 0xF348, 0xF348, 0xF348, 0xF348, 0xF348, 0xF348,
        0xFC46, 0x2065, 0x2065, 0x2065, 0x2065, 0x2065, 0xFC46, 0xFC46, 0xFC46, 0xFC46, 0xFC46, 0xFC46, 0xFC46, 0xFC46, 0xFC46, 0xFC46,
        0x2065, 0x2065, 0xFD26, 0x2065, 0xFD26, 0x2065, 0x2065, 0xFD26, 0xFD26, 0xFD26, 0xFD26, 0xFD26, 0xFD26, 0xFD26, 0xFD26, 0xFD26,
        0xFDE7, 0xFDE7, 0xFDE7, 0x2065, 0xFDE7, 0xFDE7, 0xFDE7, 0xFDE7, 0xFDE7, 0xFDE7, 0xFDE7, 0xFDE7, 0xFDE7, 0xFDE7, 0xFDE7, 0xFDE7,
        0xFE8A, 0xFE8A, 0xFE8A, 0x2065, 0xFE8A, 0xFE8A, 0xFE8A, 0xFE8A, 0xFE8A, 0xFE8A, 0xFE8A, 0xFE8A, 0xFE8A, 0xFE8A, 0xFE8A, 0xFE8A,
        0xFEEC, 0xFEEC, 0x2065, 0x2065, 0xFEEC, 0xFEEC, 0xFEEC, 0xFEEC, 0xFEEC, 0xFEEC, 0xFEEC, 0xFEEC, 0xFEEC, 0xFEEC, 0xFEEC, 0xFEEC,
        0xFF2F, 0xFF2F, 0x2065, 0xFF2F, 0xFF2F, 0xFF2F, 0xFF2F, 0xFF2F, 0xFF2F, 0x2065, 0x2065, 0x2065, 0xFF2F, 0xFF2F, 0xFF2F, 0xFF2F,
        0x2065, 0x2065, 0x2065, 0x2065, 0x2065, 0x2065, 0x2065, 0x2065, 0x2065, 0x2065, 0x2065, 0x2065, 0x2065, 0x2065, 0x2065, 0x2065,
        0x2065, 0x2065, 0x2065, 0x2065, 0x2065, 0x2065, 0x2065, 0x2065, 0x2065, 0x2065, 0x2065, 0x2065, 0x2065, 0x2065, 0x2065, 0x2065,
    },
    {
        0x30CB, 0x30CB, 0x30CB, 0x30CB, 0x30CB, 0x30CB, 0x30CB, 0x30CB, 0x30CB, 0x30CB, 0x30CB, 0x30CB, 0x30CB, 0x30CB, 0x30CB, 0x30CB,
        0x48CC, 0x48CC, 0x48CC, 0x48CC, 0x48CC, 0x48CC, 0x48CC, 0x48CC, 0x48CC, 0x48CC, 0x48CC, 0x48CC, 0x48CC, 0x48CC, 0x48CC, 0x48CC,
        0x690D, 0x690D, 0x690D, 0x690D, 0x690D, 0x690D, 0x690D, 0x690D, 0x690D, 0x690D, 0x690D, 0x690D, 0x690D, 0x690D, 0x690D, 0x690D,
        0x894D, 0x894D, 0x894D, 0x894D, 0x894D, 0x894D, 0x894D, 0x894D, 0x894D, 0x894D, 0x894D, 0x894D, 0x894D, 0x894D, 0x894D, 0x894D,
        0xB18C, 0xB18C, 0xB18C, 0xB18C, 0xB18C, 0xB18C, 0xB18C, 0xB18C, 0xB18C, 0xB18C, 0xB18C, 0xB18C, 0xB18C, 0xB18C, 0xB18C, 0xB18C,
        0xC9EB, 0xC9EB, 0xC9EB, 0xC9EB, 0xC9EB, 0xC9EB, 0xC9EB, 0xC9EB, 0xC9EB, 0xC9EB, 0xC9EB, 0xC9EB, 0xC9EB, 0xC9EB, 0xC9EB, 0xC9EB,
        0xE289, 0xE289, 0xE289, 0xE289, 0xE289, 0xE289, 0xE289, 0xE289, 0xE289, 0xE289, 0xE289, 0xE289, 0xE289, 0xE289, 0xE289, 0xE289,
        0xF348, 0x2065, 0xF348, 0x2065, 0xF348, 0xF348, 0xF348, 0xF348, 0xF348, 0xF348, 0xF348, 0xF348, 0xF348, 0xF348, 0xF348, 0xF348,
        0x2065, 0x2065, 0x2065, 0x2065, 0x2065, 0xFC46, 0xFC46, 0xFC46, 0xFC46, 0xFC46, 0xFC46, 0xFC46, 0xFC46, 0xFC46, 0xFC46, 0xFC46,
        0x2065, 0xFD26, 0x2065, 0xFD26, 0x2065, 0x2065, 0xFD26, 0xFD26, 0xFD26, 0xFD26, 0xFD26, 0xFD26, 0xFD26, 0xFD26, 0xFD26, 0xFD26,
        0xFDE7, 0xFDE7, 0x2065, 0xFDE7, 0xFDE7, 0xFDE7, 0xFDE7, 0xFDE7, 0xFDE7, 0xFDE7, 0xFDE7, 0xFDE7, 0xFDE7, 0xFDE7, 0xFDE7, 0xFDE7,
        0xFE8A, 0xFE8A, 0x2065, 0xFE8A, 0xFE8A, 0xFE8A, 0xFE8A, 0xFE8A, 0xFE8A, 0xFE8A, 0xFE8A, 0xFE8A, 0xFE8A, 0xFE8A, 0xFE8A, 0xFE8A,
        0xFEEC, 0x2065, 0x2065, 0xFEEC, 0xFEEC, 0xFEEC, 0xFEEC, 0xFEEC, 0xFEEC, 0xFEEC, 0xFEEC, 0xFEEC, 0xFEEC, 0xFEEC, 0xFEEC, 0xFEEC,
        0xFF2F, 0x2065, 0xFF2F, 0xFF2F, 0xFF2F, 0xFF2F, 0xFF2F, 0xFF2F, 0x2065, 0x2065, 0x2065, 0xFF2F, 0xFF2F, 0xFF2F, 0xFF2F, 0xFF2F,
        0x2065, 0x2065, 0x2065, 0x2065, 0x2065, 0x2065, 0x2065, 0x2065, 0x2065, 0x2065, 0x2065, 0x2065, 0x2065, 0x2065, 0x2065, 0x2065,
        0x2065, 0x2065, 0x2065, 0x2065, 0x2065, 0x2065, 0x2065, 0x2065, 0x2065, 0x2065, 0x2065, 0x2065, 0x2065, 0x2065, 0x2065, 0x2065,
    },
    {
        0x30CB, 0x30CB, 0x30CB, 0x30CB, 0x30CB, 0x30CB, 0x30CB, 0x30CB, 0x30CB, 0x30CB, 0x30CB, 0x30CB, 0x30CB, 0x30CB, 0x30CB, 0x30CB,
        0x48CC, 0x48CC, 0x48CC, 0x48CC, 0x48CC, 0x48CC, 0x48CC, 0x48CC, 0x48CC, 0x48CC, 0x48CC, 0x48CC, 0x48CC, 0x48CC, 0x48CC, 0x48CC,
        0x690D, 0x690D, 0x690D, 0x690D, 0x690D, 0x690D, 0x690D, 0x690D, 0x690D, 0x690D, 0x690D, 0x690D, 0x690D, 0x690D, 0x690D, 0x690D,
        0x894D, 0x894D, 0x894D, 0x894D, 0x894D, 0x894D, 0x894D, 0x894D, 0x894D, 0x894D, 0x894D, 0x894D, 0x894D, 0x894D, 0x894D, 0x894D,
        0xB18C, 0xB18C, 0xB18C, 0xB18C, 0xB18C, 0xB18C, 0xB18C, 0xB18C, 0xB18C, 0xB18C, 0xB18C, 0xB18C, 0xB18C, 0xB18C, 0xB18C, 0xB18C,
        0xC9EB, 0xC9EB, 0xC9EB, 0xC9EB, 0xC9EB, 0xC9EB, 0xC9EB, 0xC9EB, 0xC9EB, 0xC9EB, 0xC9EB, 0xC9EB, 0xC9EB, 0xC9EB, 0xC9EB, 0xC9EB,
        0xE289, 0xE289, 0xE289, 0xE289, 0xE289, 0xE289, 0xE289, 0xE289, 0xE289, 0xE289, 0xE289, 0xE289, 0xE289, 0xE289, 0xE289, 0xE289,
        0x2065, 0xF348, 0x2065, 0xF348, 0xF348, 0xF348, 0xF348, 0xF348, 0xF348, 0xF348, 0xF348, 0xF348, 0xF348, 0xF348, 0xF348, 0xF348,
        0x2065, 0x2065, 0x2065, 0x2065, 0xFC46, 0xFC46, 0xFC46, 0xFC46, 0xFC46, 0xFC46, 0xFC46, 0xFC46, 0xFC46, 0xFC46, 0xFC46, 0xFC46,
        0xFD26, 0x2065, 0xFD26, 0x2065, 0x2065, 0xFD26, 0xFD26, 0xFD26, 0xFD26, 0xFD26, 0xFD26, 0xFD26, 0xFD26, 0xFD26, 0xFD26, 0xFD26,
        0xFDE7, 0x2065, 0xFDE7, 0xFDE7, 0xFDE7, 0xFDE7, 0xFDE7, 0xFDE7, 0xFDE7, 0xFDE7, 0xFDE7, 0xFDE7, 0xFDE7, 0xFDE7, 0xFDE7, 0xFDE7,
        0xFE8A, 0x2065, 0xFE8A, 0xFE8A, 0xFE8A, 0xFE8A, 0xFE8A, 0xFE8A, 0xFE8A, 0xFE8A, 0xFE8A, 0xFE8A, 0xFE8A, 0xFE8A, 0xFE8A, 0xFE8A,
        0x2065, 0x2065, 0xFEEC, 0xFEEC, 0xFEEC, 0xFEEC, 0xFEEC, 0xFEEC, 0xFEEC, 0xFEEC, 0xFEEC, 0xFEEC, 0xFEEC, 0xFEEC, 0xFEEC, 0xFEEC,
        0x2065, 0xFF2F, 0xFF2F, 0xFF2F, 0xFF2F, 0xFF2F, 0xFF2F, 0x2065, 0x2065, 0x2065, 0xFF2F, 0xFF2F, 0xFF2F, 0xFF2F, 0xFF2F, 0xFF2F,
        0x2065, 0x2065, 0x2065, 0x2065, 0x2065, 0x2065, 0x2065, 0x2065, 0x2065, 0x2065, 0x2065, 0x2065, 0x2065, 0x2065, 0x2065, 0x2065,
        0x2065, 0x2065, 0x2065, 0x2065, 0x2065, 0x2065, 0x2065, 0x2065, 0x2065, 0x2065, 0x2065, 0x2065, 0x2065, 0x2065, 0x2065, 0x2065,
    },
    {
        0x30CB, 0x30CB, 0x30CB, 0x30CB, 0x30CB, 0x30CB, 0x30CB, 0x30CB, 0x30CB, 0x30CB, 0x30CB, 0x30CB, 0x30CB, 0x30CB, 0x30CB, 0x30CB,
        0x48CC, 0x48CC, 0x48CC, 0x48CC, 0x48CC, 0x48CC, 0x48CC, 0x48CC, 0x48CC, 0x48CC, 0x48CC, 0x48CC, 0x48CC, 0x48CC, 0x48CC, 0x48CC,
        0x690D, 0x690D, 0x690D, 0x690D, 0x690D, 0x690D, 0x690D, 0x690D, 0x690D, 0x690D, 0x690D, 0x690D, 0x690D, 0x690D, 0x690D, 0x690D,
        0x894D, 0x894D, 0x894D, 0x894D, 0x894D, 0x894D, 0x894D, 0x894D, 0x894D, 0x894D, 0x894D, 0x894D, 0x894D, 0x894D, 0x894D, 0x894D,
        0xB18C, 0xB18C, 0xB18C, 0xB18C, 0xB18C, 0xB18C, 0xB18C, 0xB18C, 0xB18C, 0xB18C, 0xB18C, 0xB18C, 0xB18C, 0xB18C, 0xB18C, 0xB18C,
        0xC9EB, 0xC9EB, 0xC9EB, 0xC9EB, 0xC9EB, 0xC9EB, 0xC9EB, 0xC9EB, 0xC9EB, 0xC9EB, 0xC9EB, 0xC9EB, 0xC9EB, 0xC9EB, 0xC9EB, 0xC9EB,
        0xE289, 0xE289, 0xE289, 0xE289, 0xE289, 0xE289, 0xE289, 0xE289, 0xE289, 0xE289, 0xE289, 0xE289, 0xE289, 0xE289, 0xE289, 0xE289,
        0xF348, 0x2065, 0xF348, 0xF348, 0xF348, 0xF348, 0xF348, 0xF348, 0xF348, 0xF348, 0xF348, 0xF348, 0xF348, 0xF348, 0xF348, 0xF348,
        0x2065, 0x2065, 0x2065, 0xFC46, 0xFC46, 0xFC46, 0xFC46, 0xFC46, 0xFC46, 0xFC46, 0xFC46, 0xFC46, 0xFC46, 0xFC46, 0xFC46, 0xFC46,
        0x2065, 0xFD26, 0x2065, 0x2065, 0xFD26, 0xFD26, 0xFD26, 0xFD26, 0xFD26, 0xFD26, 0xFD26, 0xFD26, 0xFD26, 0xFD26, 0xFD26, 0xFD26,
        0x2065, 0xFDE7, 0xFDE7, 0xFDE7, 0xFDE7, 0xFDE7, 0xFDE7, 0xFDE7, 0xFDE7, 0xFDE7, 0xFDE7, 0xFDE7, 0xFDE7, 0xFDE7, 0xFDE7, 0xFDE7,
        0x2065, 0xFE8A, 0xFE8A, 0xFE8A, 0xFE8A, 0xFE8A, 0xFE8A, 0xFE8A, 0xFE8A, 0xFE8A, 0xFE8A, 0xFE8A, 0xFE8A, 0xFE8A, 0xFE8A, 0xFE8A,
        0x2065, 0xFEEC, 0xFEEC, 0xFEEC, 0xFEEC, 0xFEEC, 0xFEEC, 0xFEEC, 0xFEEC, 0xFEEC, 0xFEEC, 0xFEEC, 0xFEEC, 0xFEEC, 0xFEEC, 0xFEEC,
        0xFF2F, 0xFF2F, 0xFF2F, 0xFF2F, 0xFF2F, 0xFF2F, 0x2065, 0x2065, 0x2065, 0xFF2F, 0xFF2F, 0xFF2F, 0xFF2F, 0xFF2F, 0xFF2F, 0xFF2F,
        0x2065, 0x2065, 0x2065, 0x2065, 0x2065, 0x2065, 0x2065, 0x2065, 0x2065, 0x2065, 0x2065, 0x2065, 0x2065, 0x2065, 0x2065, 0xFF71,
        0x2065, 0x2065, 0x2065, 0x2065, 0x2065, 0x2065, 0x2065, 0x2065, 0x2065, 0x2065, 0x2065, 0x2065, 0x2065, 0x2065, 0x2065, 0xFF93,
    },
    {
        0x30CB, 0x30CB, 0x30CB, 0x30CB, 0x30CB, 0x30CB, 0x30CB, 0x30CB, 0x30CB, 0x30CB, 0x30CB, 0x30CB, 0x30CB, 0x30CB, 0x30CB, 0x394D,
        0x48CC, 0x48CC, 0x48CC, 0x48CC, 0x48CC, 0x48CC, 0x48CC, 0x48CC, 0x48CC, 0x48CC, 0x48CC, 0x48CC, 0x48CC, 0x48CC, 0x48CC, 0x514D,
        0x690D, 0x690D, 0x690D, 0x690D, 0x690D, 0x690D, 0x690D, 0x690D, 0x690D, 0x690D, 0x690D, 0x690D, 0x690D, 0x690D, 0x690D, 0x698E,
        0x894D, 0x894D, 0x894D, 0x894D, 0x894D, 0x894D, 0x894D, 0x894D, 0x894D, 0x894D, 0x894D, 0x894D, 0x894D, 0x894D, 0x894D, 0x89AE,
        0xB18C, 0xB18C, 0xB18C, 0xB18C, 0xB18C, 0xB18C, 0xB18C, 0xB18C, 0xB18C, 0xB18C, 0xB18C, 0xB18C, 0xB18C, 0xB18C, 0xB18C, 0xA9EE,
        0xC9EB, 0xC9EB, 0xC9EB, 0xC9EB, 0xC9EB, 0xC9EB, 0xC9EB, 0xC9EB, 0xC9EB, 0xC9EB, 0xC9EB, 0xC9EB, 0xC9EB, 0xC9EB, 0xC9EB, 0xCA4D,
        0xE289, 0xE289, 0xE289, 0xE289, 0xE289, 0xE289, 0xE289, 0xE289, 0xE289, 0xE289, 0xE289, 0xE289, 0xE289, 0xE289, 0xE289, 0xDACB,
        0x2065, 0xF348, 0xF348, 0xF348, 0xF348, 0xF348, 0xF348, 0xF348, 0xF348, 0xF348, 0xF348, 0xF348, 0xF348, 0xF348, 0xF348, 0xEB89,
        0x2065, 0x2065, 0xFC46, 0xFC46, 0xFC46, 0xFC46, 0xFC46, 0xFC46, 0xFC46, 0xFC46, 0xFC46, 0xFC46, 0xFC46, 0xFC46, 0xFC46, 0xF468,
        0xFD26, 0x2065, 0x2065, 0xFD26, 0xFD26, 0xFD26, 0xFD26, 0xFD26, 0xFD26, 0xFD26, 0xFD26, 0xFD26, 0xFD26, 0xFD26, 0xFD26, 0xF548,
        0xFDE7, 0xFDE7, 0xFDE7, 0xFDE7, 0xFDE7, 0xFDE7, 0xFDE7, 0xFDE7, 0xFDE7, 0xFDE7, 0xFDE7, 0xFDE7, 0xFDE7, 0xFDE7, 0xFDE7, 0xF609,
        0xFE8A, 0xFE8A, 0xFE8A, 0xFE8A, 0xFE8A, 0xFE8A, 0xFE8A, 0xFE8A, 0xFE8A, 0xFE8A, 0xFE8A, 0xFE8A, 0xFE8A, 0xFE8A, 0xFE8A, 0xF68C,
        0xFEEC, 0xFEEC, 0xFEEC, 0xFEEC, 0xFEEC, 0xFEEC, 0xFEEC, 0xFEEC, 0xFEEC, 0xFEEC, 0xFEEC, 0xFEEC, 0xFEEC, 0xFEEC, 0xFEEC, 0xF6EE,
        0xFF2F, 0xFF2F, 0xFF2F, 0xFF2F, 0xFF2F, 0x2065, 0x2065, 0x2065, 0xFF2F, 0xFF2F, 0xFF2F, 0xFF2F, 0xFF2F, 0xFF2F, 0xFF2F, 0xF730,
        0x2065, 0x2065, 0x2065, 0x2065, 0x2065, 0x2065, 0x2065, 0x2065, 0x2065, 0x2065, 0x2065, 0x2065, 0x2065, 0x2065, 0xFF71, 0xF752,
        0x2065, 0x2065, 0x2065, 0x2065, 0x2065, 0x2065, 0x2065, 0x2065, 0x2065, 0x2065, 0x2065, 0x2065, 0x2065, 0x2065, 0xFF93, 0xF794,
    },
    {
        0x30CB, 0x30CB, 0x30CB, 0x30CB, 0x30CB, 0x30CB, 0x30CB, 0x30CB, 0x30CB, 0x30CB, 0x30CB, 0x30CB, 0x30CB, 0x30CB, 0x394D, 0x41CE,
        0x48CC, 0x48CC, 0x48CC, 0x48CC, 0x48CC, 0x48CC, 0x48CC, 0x48CC, 0x48CC, 0x48CC, 0x48CC, 0x48CC, 0x48CC, 0x48CC, 0x514D, 0x59CF,
        0x690D, 0x690D, 0x690D, 0x690D, 0x690D, 0x690D, 0x690D, 0x690D, 0x690D, 0x690D, 0x690D, 0x690D, 0x690D, 0x690D, 0x698E, 0x7210,
        0x894D, 0x894D, 0x894D, 0x894D, 0x894D, 0x894D, 0x894D, 0x894D, 0x894D, 0x894D, 0x894D, 0x894D, 0x894D, 0x894D, 0x89AE, 0x9230,
        0xB18C, 0xB18C, 0xB18C, 0xB18C, 0xB18C, 0xB18C, 0xB18C, 0xB18C, 0xB18C, 0xB18C, 0xB18C, 0xB18C, 0xB18C, 0xB18C, 0xA9EE, 0xAA6F,
        0xC9EB, 0xC9EB, 0xC9EB, 0xC9EB, 0xC9EB, 0xC9EB, 0xC9EB, 0xC9EB, 0xC9EB, 0xC9EB, 0xC9EB, 0xC9EB, 0xC9EB, 0xC9EB, 0xCA4D, 0xC2AE,
        0xE289, 0xE289, 0xE289, 0xE289, 0xE289, 0xE289, 0xE289, 0xE289, 0xE289, 0xE289, 0xE289, 0xE289, 0xE289, 0xE289, 0xDACB, 0xDB2D,
        0xF348, 0xF348, 0xF348, 0xF348, 0xF348, 0xF348, 0xF348, 0xF348, 0xF348, 0xF348, 0xF348, 0xF348, 0xF348, 0xF348, 0xEB89, 0xE3EB,
        0x2065, 0xFC46, 0xFC46, 0xFC46, 0xFC46, 0xFC46, 0xFC46, 0xFC46, 0xFC46, 0xFC46, 0xFC46, 0xFC46, 0xFC46, 0xFC46, 0xF468, 0xECAA,
        0x2065, 0x2065, 0xFD26, 0xFD26, 0xFD26, 0xFD26, 0xFD26, 0xFD26, 0xFD26, 0xFD26, 0xFD26, 0xFD26, 0xFD26, 0xFD26, 0xF548, 0xED6A,
        0xFDE7, 0xFDE7, 0xFDE7, 0xFDE7, 0xFDE7, 0xFDE7, 0xFDE7, 0xFDE7, 0xFDE7, 0xFDE7, 0xFDE7, 0xFDE7, 0xFDE7, 0xFDE7, 0xF609, 0xEE0B,
        0xFE8A, 0xFE8A, 0xFE8A, 0xFE8A, 0xFE8A, 0xFE8A, 0xFE8A, 0xFE8A, 0xFE8A, 0xFE8A, 0xFE8A, 0xFE8A, 0xFE8A, 0xFE8A, 0xF68C, 0xEE8D,
        0xFEEC, 0xFEEC, 0xFEEC, 0xFEEC, 0xFEEC, 0xFEEC, 0xFEEC, 0xFEEC, 0xFEEC, 0xFEEC, 0xFEEC, 0xFEEC, 0xFEEC, 0xFEEC, 0xF6EE, 0xEEEF,
        0xFF2F, 0xFF2F, 0xFF2F, 0xFF2F, 0x2065, 0x2065, 0x2065, 0xFF2F, 0xFF2F, 0xFF2F, 0xFF2F, 0xFF2F, 0xFF2F, 0xFF2F, 0xF730, 0xEF31,
        0x2065, 0x2065, 0x2065, 0x2065, 0x2065, 0x2065, 0x2065, 0x2065, 0x2065, 0x2065, 0x2065, 0x2065, 0x2065, 0xFF71, 0xF752, 0xEF53,
        0x2065, 0x2065, 0x2065, 0x2065, 0x2065, 0x2065, 0x2065, 0x2065, 0x2065, 0x2065, 0x2065, 0x2065, 0x2065, 0xFF93, 0xF794, 0xEF75,
    },
    {
        0x30CB, 0x30CB, 0x30CB, 0x30CB, 0x30CB, 0x30CB, 0x30CB, 0x30CB, 0x30CB, 0x30CB, 0x30CB, 0x30CB, 0x30CB, 0x394D, 0x41CE, 0x4A50,
        0x48CC, 0x48CC, 0x48CC, 0x48CC, 0x48CC, 0x48CC, 0x48CC, 0x48CC, 0x48CC, 0x48CC, 0x48CC, 0x48CC, 0x48CC, 0x514D, 0x59CF, 0x6251,
        0x690D, 0x690D, 0x690D, 0x690D, 0x690D, 0x690D, 0x690D, 0x690D, 0x690D, 0x690D, 0x690D, 0x690D, 0x690D, 0x698E, 0x7210, 0x7A71,
        0x894D, 0x894D, 0x894D, 0x894D, 0x894D, 0x894D, 0x894D, 0x894D, 0x894D, 0x894D, 0x894D, 0x894D, 0x894D, 0x89AE, 0x9230, 0x92B1,
        0xB18C, 0xB18C, 0xB18C, 0xB18C, 0xB18C, 0xB18C, 0xB18C, 0xB18C, 0xB18C, 0xB18C, 0xB18C, 0xB18C, 0xB18C, 0xA9EE, 0xAA6F, 0xAAD1,
        0xC9EB, 0xC9EB, 0xC9EB, 0xC9EB, 0xC9EB, 0xC9EB, 0xC9EB, 0xC9EB, 0xC9EB, 0xC9EB, 0xC9EB, 0xC9EB, 0xC9EB, 0xCA4D, 0xC2AE, 0xC310,
        0xE289, 0xE289, 0xE289, 0xE289, 0xE289, 0xE289, 0xE289, 0xE289, 0xE289, 0xE289, 0xE289, 0xE289, 0xE289, 0xDACB, 0xDB2D, 0xD38F,
        0xF348, 0xF348, 0xF348, 0xF348, 0xF348, 0xF348, 0xF348, 0xF348, 0xF348, 0xF348, 0xF348, 0xF348, 0xF348, 0xEB89, 0xE3EB, 0xDC2D,
        0xFC46, 0xFC46, 0xFC46, 0xFC46, 0xFC46, 0xFC46, 0xFC46, 0xFC46, 0xFC46, 0xFC46, 0xFC46, 0xFC46, 0xFC46, 0xF468, 0xECAA, 0xE4EC,
        0x2065, 0xFD26, 0xFD26, 0xFD26, 0xFD26, 0xFD26, 0xFD26, 0xFD26, 0xFD26, 0xFD26, 0xFD26, 0xFD26, 0xFD26, 0xF548, 0xED6A, 0xE58C,
        0xFDE7, 0xFDE7, 0xFDE7, 0xFDE7, 0xFDE7, 0xFDE7, 0xFDE7, 0xFDE7, 0xFDE7, 0xFDE7, 0xFDE7, 0xFDE7, 0xFDE7, 0xF609, 0xEE0B, 0xE62D,
        0xFE8A, 0xFE8A, 0xFE8A, 0xFE8A, 0xFE8A, 0xFE8A, 0xFE8A, 0xFE8A, 0xFE8A, 0xFE8A, 0xFE8A, 0xFE8A, 0xFE8A, 0xF68C, 0xEE8D, 0xE6AF,
        0xFEEC, 0xFEEC, 0xFEEC, 0xFEEC, 0xFEEC, 0xFEEC, 0xFEEC, 0xFEEC, 0xFEEC, 0xFEEC, 0xFEEC, 0xFEEC, 0xFEEC, 0xF6EE, 0xEEEF, 0xE6F1,
        0xFF2F, 0xFF2F, 0xFF2F, 0x2065, 0x2065, 0x2065, 0xFF2F, 0xFF2F, 0xFF2F, 0xFF2F, 0xFF2F, 0xFF2F, 0xFF2F, 0xF730, 0xEF31, 0xE712,
        0x2065, 0x2065, 0x2065, 0x2065, 0x2065, 0x2065, 0x2065, 0x2065, 0x2065, 0x2065, 0x2065, 0x2065, 0xFF71, 0xF752, 0xEF53, 0xE754,
        0x2065, 0x2065, 0x2065, 0x2065, 0x2065, 0x2065, 0x2065, 0x2065, 0x2065, 0x2065, 0x2065, 0x2065, 0xFF93, 0xF794, 0xEF75, 0xE776,
    },
    {
        0x30CB, 0x30CB, 0x30CB, 0x30CB, 0x30CB, 0x30CB, 0x30CB, 0x30CB, 0x30CB, 0x30CB, 0x30CB, 0x30CB, 0x394D, 0x41CE, 0x4A50, 0x5AD1,
        0x48CC, 0x48CC, 0x48CC, 0x48CC, 0x48CC, 0x48CC, 0x48CC, 0x48CC, 0x48CC, 0x48CC, 0x48CC, 0x48CC, 0x514D, 0x59CF, 0x6251, 0x62D2,
        0x690D, 0x690D, 0x690D, 0x690D, 0x690D, 0x690D, 0x690D, 0x690D, 0x690D, 0x690D, 0x690D, 0x690D, 0x698E, 0x7210, 0x7A71, 0x7AF3,
        0x894D, 0x894D, 0x894D, 0x894D, 0x894D, 0x894D, 0x894D, 0x894D, 0x894D, 0x894D, 0x894D, 0x894D, 0x89AE, 0x9230, 0x92B1, 0x9313,
        0xB18C, 0xB18C, 0xB18C, 0xB18C, 0xB18C, 0xB18C, 0xB18C, 0xB18C, 0xB18C, 0xB18C, 0xB18C, 0xB18C, 0xA9EE, 0xAA6F, 0xAAD1, 0xAB52,
        0xC9EB, 0xC9EB, 0xC9EB, 0xC9EB, 0xC9EB, 0xC9EB, 0xC9EB, 0xC9EB, 0xC9EB, 0xC9EB, 0xC9EB, 0xC9EB, 0xCA4D, 0xC2AE, 0xC310, 0xBB91,
        0xE289, 0xE289, 0xE289, 0xE289, 0xE289, 0xE289, 0xE289, 0xE289, 0xE289, 0xE289, 0xE289, 0xE289, 0xDACB, 0xDB2D, 0xD38F, 0xCBF0,
        0xF348, 0xF348, 0xF348, 0xF348, 0xF348, 0xF348, 0xF348, 0xF348, 0xF348, 0xF348, 0xF348, 0xF348, 0xEB89, 0xE3EB, 0xDC2D, 0xD46F,
        0xFC46, 0xFC46, 0xFC46, 0xFC46, 0xFC46, 0xFC46, 0xFC46, 0xFC46, 0xFC46, 0xFC46, 0xFC46, 0xFC46, 0xF468, 0xECAA, 0xE4EC, 0xDD0E,
        0xFD26, 0xFD26, 0xFD26, 0xFD26, 0xFD26, 0xFD26, 0xFD26, 0xFD26, 0xFD26, 0xFD26, 0xFD26, 0xFD26, 0xF548, 0xED6A, 0xE58C, 0xDDAE,
        0xFDE7, 0xFDE7, 0xFDE7, 0xFDE7, 0xFDE7, 0xFDE7, 0xFDE7, 0xFDE7, 0xFDE7, 0xFDE7, 0xFDE7, 0xFDE7, 0xF609, 0xEE0B, 0xE62D, 0xDE2F,
        0xFE8A, 0xFE8A, 0xFE8A, 0xFE8A, 0xFE8A, 0xFE8A, 0xFE8A, 0xFE8A, 0xFE8A, 0xFE8A, 0xFE8A, 0xFE8A, 0xF68C, 0xEE8D, 0xE6AF, 0xDEB1,
        0xFEEC, 0xFEEC, 0xFEEC, 0xFEEC, 0xFEEC, 0xFEEC, 0xFEEC, 0xFEEC, 0xFEEC, 0xFEEC, 0xFEEC, 0xFEEC, 0xF6EE, 0xEEEF, 0xE6F1, 0xDEF2,
        0xFF2F, 0xFF2F, 0x2065, 0x2065, 0x2065, 0xFF2F, 0xFF2F, 0xFF2F, 0xFF2F, 0xFF2F, 0xFF2F, 0xFF2F, 0xF730, 0xEF31, 0xE712, 0xDF14,
        0x2065, 0x2065, 0x2065, 0x2065, 0x2065, 0x2065, 0x2065, 0x2065, 0x2065, 0x2065, 0x2065, 0xFF71, 0xF752, 0xEF53, 0xE754, 0xDF35,
        0x2065, 0x2065, 0x2065, 0x2065, 0x2065, 0x2065, 0x2065, 0x2065, 0x2065, 0x2065, 0x2065, 0xFF93, 0xF794, 0xEF75, 0xE776, 0xDF57,
    },
    {
        0x30CB, 0x30CB, 0x30CB, 0x30CB, 0x30CB, 0x30CB, 0x30CB, 0x30CB, 0x30CB, 0x30CB, 0x30CB, 0x394D, 0x41CE, 0x4A50, 0x5AD1, 0x6353,
        0x48CC, 0x48CC, 0x48CC, 0x48CC, 0x48CC, 0x48CC, 0x48CC, 0x48CC, 0x48CC, 0x48CC, 0x48CC, 0x514D, 0x59CF, 0x6251, 0x62D2, 0x6B54,
        0x690D, 0x690D, 0x690D, 0x690D, 0x690D, 0x690D, 0x690D, 0x690D, 0x690D, 0x690D, 0x690D, 0x698E, 0x7210, 0x7A71, 0x7AF3, 0x8374,
        0x894D, 0x894D, 0x894D, 0x894D, 0x894D, 0x894D, 0x894D, 0x894D, 0x894D, 0x894D, 0x894D, 0x89AE, 0x9230, 0x92B1, 0x9313, 0x9394,
        0xB18C, 0xB18C, 0xB18C, 0xB18C, 0xB18C, 0xB18C, 0xB18C, 0xB18C, 0xB18C, 0xB18C, 0xB18C, 0xA9EE, 0xAA6F, 0xAAD1, 0xAB52, 0xABB4,
        0xC9EB, 0xC9EB, 0xC9EB, 0xC9EB, 0xC9EB, 0xC9EB, 0xC9EB, 0xC9EB, 0xC9EB, 0xC9EB, 0xC9EB, 0xCA4D, 0xC2AE, 0xC310, 0xBB91, 0xBBF3,
        0xE289, 0xE289, 0xE289, 0xE289, 0xE289, 0xE289, 0xE289, 0xE289, 0xE289, 0xE289, 0xE289, 0xDACB, 0xDB2D, 0xD38F, 0xCBF0, 0xC452,
        0xF348, 0xF348, 0xF348, 0xF348, 0xF348, 0xF348, 0xF348, 0xF348, 0xF348, 0xF348, 0xF348, 0xEB89, 0xE3EB, 0xDC2D, 0xD46F, 0xCCD1,
        0xFC46, 0xFC46, 0xFC46, 0xFC46, 0xFC46, 0xFC46, 0xFC46, 0xFC46, 0xFC46, 0xFC46, 0xFC46, 0xF468, 0xECAA, 0xE4EC, 0xDD0E, 0xD550,
        0xFD26, 0xFD26, 0xFD26, 0xFD26, 0xFD26, 0xFD26, 0xFD26, 0xFD26, 0xFD26, 0xFD26, 0xFD26, 0xF548, 0xED6A, 0xE58C, 0xDDAE, 0xD5D0,
        0xFDE7, 0xFDE7, 0xFDE7, 0xFDE7, 0xFDE7, 0xFDE7, 0xFDE7, 0xFDE7, 0xFDE7, 0xFDE7, 0xFDE7, 0xF609, 0xEE0B, 0xE62D, 0xDE2F, 0xD651,
        0xFE8A, 0xFE8A, 0xFE8A, 0xFE8A, 0xFE8A, 0xFE8A, 0xFE8A, 0xFE8A, 0xFE8A, 0xFE8A, 0xFE8A, 0xF68C, 0xEE8D, 0xE6AF, 0xDEB1, 0xD6B2,
        0xFEEC, 0xFEEC, 0xFEEC, 0xFEEC, 0xFEEC, 0xFEEC, 0xFEEC, 0xFEEC, 0xFEEC, 0xFEEC, 0xFEEC, 0xF6EE, 0xEEEF, 0xE6F1, 0xDEF2, 0xD6F4,
        0xFF2F, 0x2065, 0x2065, 0x2065, 0xFF2F, 0xFF2F, 0xFF2F, 0xFF2F, 0xFF2F, 0xFF2F, 0xFF2F, 0xF730, 0xEF31, 0xE712, 0xDF14, 0xD715,
        0x2065, 0x2065, 0x2065, 0x2065, 0x2065, 0x2065, 0x2065, 0x2065, 0x2065, 0x2065, 0xFF71, 0xF752, 0xEF53, 0xE754, 0xDF35, 0xD736,
        0x2065, 0x2065, 0x2065, 0x2065, 0x2065, 0x2065, 0x2065, 0x2065, 0x2065, 0x2065, 0xFF93, 0xF794, 0xEF75, 0xE776, 0xDF57, 0xD738,
    },
    {
        0x30CB, 0x30CB, 0x30CB, 0x30CB, 0x30CB, 0x30CB, 0x30CB, 0x30CB, 0x30CB, 0x30CB, 0x394D, 0x41CE, 0x4A50, 0x5AD1, 0x6353, 0x6BD5,
        0x48CC, 0x48CC, 0x48CC, 0x48CC, 0x48CC, 0x48CC, 0x48CC, 0x48CC, 0x48CC, 0x48CC, 0x514D, 0x59CF, 0x6251, 0x62D2, 0x6B54, 0x73D5,
        0x690D, 0x690D, 0x690D, 0x690D, 0x690D, 0x690D, 0x690D, 0x690D, 0x690D, 0x690D, 0x698E, 0x7210, 0x7A71, 0x7AF3, 0x8374, 0x83F5,
        0x894D, 0x894D, 0x894D, 0x894D, 0x894D, 0x894D, 0x894D, 0x894D, 0x894D, 0x894D, 0x89AE, 0x9230, 0x92B1, 0x9313, 0x9394, 0x9416,
        0xB18C, 0xB18C, 0xB18C, 0xB18C, 0xB18C, 0xB18C, 0xB18C, 0xB18C, 0xB18C, 0xB18C, 0xA9EE, 0xAA6F, 0xAAD1, 0xAB52, 0xABB4, 0xA435,
        0xC9EB, 0xC9EB, 0xC9EB, 0xC9EB, 0xC9EB, 0xC9EB, 0xC9EB, 0xC9EB, 0xC9EB, 0xC9EB, 0xCA4D, 0xC2AE, 0xC310, 0xBB91, 0xBBF3, 0xB455,
        0xE289, 0xE289, 0xE289, 0xE289, 0xE289, 0xE289, 0xE289, 0xE289, 0xE289, 0xE289, 0xDACB, 0xDB2D, 0xD38F, 0xCBF0, 0xC452, 0xC4B4,
        0xF348, 0xF348, 0xF348, 0xF348, 0xF348, 0xF348, 0xF348, 0xF348, 0xF348, 0xF348, 0xEB89, 0xE3EB, 0xDC2D, 0xD46F, 0xCCD1, 0xC513,
        0xFC46, 0xFC46, 0xFC46, 0xFC46, 0xFC46, 0xFC46, 0xFC46, 0xFC46, 0xFC46, 0xFC46, 0xF468, 0xECAA, 0xE4EC, 0xDD0E, 0xD550, 0xCD92,
        0xFD26, 0xFD26, 0xFD26, 0xFD26, 0xFD26, 0xFD26, 0xFD26, 0xFD26, 0xFD26, 0xFD26, 0xF548, 0xED6A, 0xE58C, 0xDDAE, 0xD5D0, 0xCDF2,
        0xFDE7, 0xFDE7, 0xFDE7, 0xFDE7, 0xFDE7, 0xFDE7, 0xFDE7, 0xFDE7, 0xFDE7, 0xFDE7, 0xF609, 0xEE0B, 0xE62D, 0xDE2F, 0xD651, 0xCE53,
        0xFE8A, 0xFE8A, 0xFE8A, 0xFE8A, 0xFE8A, 0xFE8A, 0xFE8A, 0xFE8A, 0xFE8A, 0xFE8A, 0xF68C, 0xEE8D, 0xE6AF, 0xDEB1, 0xD6B2, 0xCEB4,
        0xFEEC, 0xFEEC, 0xFEEC, 0xFEEC, 0xFEEC, 0xFEEC, 0xFEEC, 0xFEEC, 0xFEEC, 0xFEEC, 0xF6EE, 0xEEEF, 0xE6F1, 0xDEF2, 0xD6F4, 0xCEF5,
        0x2065, 0x2065, 0x2065, 0xFF2F, 0xFF2F, 0xFF2F, 0xFF2F, 0xFF2F, 0xFF2F, 0xFF2F, 0xF730, 0xEF31, 0xE712, 0xDF14, 0xD715, 0xCF16,
        0x2065, 0x2065, 0x2065, 0x2065, 0x2065, 0x2065, 0x2065, 0x2065, 0x2065, 0xFF71, 0xF752, 0xEF53, 0xE754, 0xDF35, 0xD736, 0xCF18,
        0x2065, 0x2065, 0x2065, 0x2065, 0x2065, 0x2065, 0x2065, 0x2065, 0x2065, 0xFF93, 0xF794, 0xEF75, 0xE776, 0xDF57, 0xD738, 0xCF39,
    },
    {
        0x30CB, 0x30CB, 0x30CB, 0x30CB, 0x30CB, 0x30CB, 0x30CB, 0x30CB, 0x30CB, 0x394D, 0x41CE, 0x4A50, 0x5AD1, 0x6353, 0x6BD5, 0x7456,
        0x48CC, 0x48CC, 0x48CC, 0x48CC, 0x48CC, 0x48CC, 0x48CC, 0x48CC, 0x48CC, 0x514D, 0x59CF, 0x6251, 0x62D2, 0x6B54, 0x73D5, 0x7C57,
        0x690D, 0x690D, 0x690D, 0x690D, 0x690D, 0x690D, 0x690D, 0x690D, 0x690D, 0x698E, 0x7210, 0x7A71, 0x7AF3, 0x8374, 0x83F5, 0x8C77,
        0x894D, 0x894D, 0x894D, 0x894D, 0x894D, 0x894D, 0x894D, 0x894D, 0x894D, 0x89AE, 0x9230, 0x92B1, 0x9313, 0x9394, 0x9416, 0x9477,
        0xB18C, 0xB18C, 0xB18C, 0xB18C, 0xB18C, 0xB18C, 0xB18C, 0xB18C, 0xB18C, 0xA9EE, 0xAA6F, 0xAAD1, 0xAB52, 0xABB4, 0xA435, 0xA497,
        0xC9EB, 0xC9EB, 0xC9EB, 0xC9EB, 0xC9EB, 0xC9EB, 0xC9EB, 0xC9EB, 0xC9EB, 0xCA4D, 0xC2AE, 0xC310, 0xBB91, 0xBBF3, 0xB455, 0xB4B6,
        0xE289, 0xE289, 0xE289, 0xE289, 0xE289, 0xE289, 0xE289, 0xE289, 0xE289, 0xDACB, 0xDB2D, 0xD38F, 0xCBF0, 0xC452, 0xC4B4, 0xBCF5,
        0xF348, 0xF348, 0xF348, 0xF348, 0xF348, 0xF348, 0xF348, 0xF348, 0xF348, 0xEB89, 0xE3EB, 0xDC2D, 0xD46F, 0xCCD1, 0xC513, 0xC555,
        0xFC46, 0xFC46, 0xFC46, 0xFC46, 0xFC46, 0xFC46, 0xFC46, 0xFC46, 0xFC46, 0xF468, 0xECAA, 0xE4EC, 0xDD0E, 0xD550, 0xCD92, 0xC5B4,
        0xFD26, 0xFD26, 0xFD26, 0xFD26, 0xFD26, 0xFD26, 0xFD26, 0xFD26, 0xFD26, 0xF548, 0xED6A, 0xE58C, 0xDDAE, 0xD5D0, 0xCDF2, 0xC614,
        0xFDE7, 0xFDE7, 0xFDE7, 0xFDE7, 0xFDE7, 0xFDE7, 0xFDE7, 0xFDE7, 0xFDE7, 0xF609, 0xEE0B, 0xE62D, 0xDE2F, 0xD651, 0xCE53, 0xC675,
        0xFE8A, 0xFE8A, 0xFE8A, 0xFE8A, 0xFE8A, 0xFE8A, 0xFE8A, 0xFE8A, 0xFE8A, 0xF68C, 0xEE8D, 0xE6AF, 0xDEB1, 0xD6B2, 0xCEB4, 0xC6B6,
        0xFEEC, 0xFEEC, 0xFEEC, 0xFEEC, 0xFEEC, 0xFEEC, 0xFEEC, 0xFEEC, 0xFEEC, 0xF6EE, 0xEEEF, 0xE6F1, 0xDEF2, 0xD6F4, 0xCEF5, 0xC6D7,
        0x2065, 0x2065, 0xFF2F, 0xFF2F, 0xFF2F, 0xFF2F, 0xFF2F, 0xFF2F, 0xFF2F, 0xF730, 0xEF31, 0xE712, 0xDF14, 0xD715, 0xCF16, 0xC6F8,
        0x2065, 0x2065, 0x2065, 0x2065, 0x2065, 0x2065, 0x2065, 0x2065, 0xFF71, 0xF752, 0xEF53, 0xE754, 0xDF35, 0xD736, 0xCF18, 0xC719,
        0x2065, 0x2065, 0x2065, 0x2065, 0x2065, 0x2065, 0x2065, 0x2065, 0xFF93, 0xF794, 0xEF75, 0xE776, 0xDF57, 0xD738, 0xCF39, 0xC71A,
    },
    {
        0x30CB, 0x30CB, 0x30CB, 0x30CB, 0x30CB, 0x30CB, 0x30CB, 0x30CB, 0x394D, 0x41CE, 0x4A50, 0x5AD1, 0x6353, 0x6BD5, 0x7456, 0x7CD8,
        0x48CC, 0x48CC, 0x48CC, 0x48CC, 0x48CC, 0x48CC, 0x48CC, 0x48CC, 0x514D, 0x59CF, 0x6251, 0x62D2, 0x6B54, 0x73D5, 0x7C57, 0x84D8,
        0x690D, 0x690D, 0x690D, 0x690D, 0x690D, 0x690D, 0x690D, 0x690D, 0x698E, 0x7210, 0x7A71, 0x7AF3, 0x8374, 0x83F5, 0x8C77, 0x8CD8,
        0x894D, 0x894D, 0x894D, 0x894D, 0x894D, 0x894D, 0x894D, 0x894D, 0x89AE, 0x9230, 0x92B1, 0x9313, 0x9394, 0x9416, 0x9477, 0x9CF8,
        0xB18C, 0xB18C, 0xB18C, 0xB18C, 0xB18C, 0xB18C, 0xB18C, 0xB18C, 0xA9EE, 0xAA6F, 0xAAD1, 0xAB52, 0xABB4, 0xA435, 0xA497, 0xA518,
        0xC9EB, 0xC9EB, 0xC9EB, 0xC9EB, 0xC9EB, 0xC9EB, 0xC9EB, 0xC9EB, 0xCA4D, 0xC2AE, 0xC310, 0xBB91, 0xBBF3, 0xB455, 0xB4B6, 0xAD38,
        0xE289, 0xE289, 0xE289, 0xE289, 0xE289, 0xE289, 0xE289, 0xE289, 0xDACB, 0xDB2D, 0xD38F, 0xCBF0, 0xC452, 0xC4B4, 0xBCF5, 0xB557,
        0xF348, 0xF348, 0xF348, 0xF348, 0xF348, 0xF348, 0xF348, 0xF348, 0xEB89, 0xE3EB, 0xDC2D, 0xD46F, 0xCCD1, 0xC513, 0xC555, 0xBD97,
        0xFC46, 0xFC46, 0xFC46, 0xFC46, 0xFC46, 0xFC46, 0xFC46, 0xFC46, 0xF468, 0xECAA, 0xE4EC, 0xDD0E, 0xD550, 0xCD92, 0xC5B4, 0xBDF6,
        0xFD26, 0xFD26, 0xFD26, 0xFD26, 0xFD26, 0xFD26, 0xFD26, 0xFD26, 0xF548, 0xED6A, 0xE58C, 0xDDAE, 0xD5D0, 0xCDF2, 0xC614, 0xBE36,
        0xFDE7, 0xFDE7, 0xFDE7, 0xFDE7, 0xFDE7, 0xFDE7, 0xFDE7, 0xFDE7, 0xF609, 0xEE0B, 0xE62D, 0xDE2F, 0xD651, 0xCE53, 0xC675, 0xBE77,
        0xFE8A, 0xFE8A, 0xFE8A, 0xFE8A, 0xFE8A, 0xFE8A, 0xFE8A, 0xFE8A, 0xF68C, 0xEE8D, 0xE6AF, 0xDEB1, 0xD6B2, 0xCEB4, 0xC6B6, 0xBEB7,
        0xFEEC, 0xFEEC, 0xFEEC, 0xFEEC, 0xFEEC, 0xFEEC, 0xFEEC, 0xFEEC, 0xF6EE, 0xEEEF, 0xE6F1, 0xDEF2, 0xD6F4, 0xCEF5, 0xC6D7, 0xBED8,
        0x2065, 0xFF2F, 0xFF2F, 0xFF2F, 0xFF2F, 0xFF2F, 0xFF2F, 0xFF2F, 0xF730, 0xEF31, 0xE712, 0xDF14, 0xD715, 0xCF16, 0xC6F8, 0xBEF9,
        0x2065, 0x2065, 0x2065, 0x2065, 0x2065, 0x2065, 0x2065, 0xFF71, 0xF752, 0xEF53, 0xE754, 0xDF35, 0xD736, 0xCF18, 0xC719, 0xBEFA,
        0x2065, 0x2065, 0x2065, 0x2065, 0x2065, 0x2065, 0x2065, 0xFF93, 0xF794, 0xEF75, 0xE776, 0xDF57, 0xD738, 0xCF39, 0xC71A, 0xBF1A,
    },
    {
        0x30CB, 0x30CB, 0x30CB, 0x30CB, 0x30CB, 0x30CB, 0x30CB, 0x394D, 0x41CE, 0x4A50, 0x5AD1, 0x6353, 0x6BD5, 0x7456, 0x7CD8, 0x8559,
        0x48CC, 0x48CC, 0x48CC, 0x48CC, 0x48CC, 0x48CC, 0x48CC, 0x514D, 0x59CF, 0x6251, 0x62D2, 0x6B54, 0x73D5, 0x7C57, 0x84D8, 0x8D5A,
        0x690D, 0x690D, 0x690D, 0x690D, 0x690D, 0x690D, 0x690D, 0x698E, 0x7210, 0x7A71, 0x7AF3, 0x8374, 0x83F5, 0x8C77, 0x8CD8, 0x955A,
        0x894D, 0x894D, 0x894D, 0x894D, 0x894D, 0x894D, 0x894D, 0x89AE, 0x9230, 0x92B1, 0x9313, 0x9394, 0x9416, 0x9477, 0x9CF8, 0x9D7A,
        0xB18C, 0xB18C, 0xB18C, 0xB18C, 0xB18C, 0xB18C, 0xB18C, 0xA9EE, 0xAA6F, 0xAAD1, 0xAB52, 0xABB4, 0xA435, 0xA497, 0xA518, 0xA57A,
        0xC9EB, 0xC9EB, 0xC9EB, 0xC9EB, 0xC9EB, 0xC9EB, 0xC9EB, 0xCA4D, 0xC2AE, 0xC310, 0xBB91, 0xBBF3, 0xB455, 0xB4B6, 0xAD38, 0xAD99,
        0xE289, 0xE289, 0xE289, 0xE289, 0xE289, 0xE289, 0xE289, 0xDACB, 0xDB2D, 0xD38F, 0xCBF0, 0xC452, 0xC4B4, 0xBCF5, 0xB557, 0xADB9,
        0xF348, 0xF348, 0xF348, 0xF348, 0xF348, 0xF348, 0xF348, 0xEB89, 0xE3EB, 0xDC2D, 0xD46F, 0xCCD1, 0xC513, 0xC555, 0xBD97, 0xB5F9,
        0xFC46, 0xFC46, 0xFC46, 0xFC46, 0xFC46, 0xFC46, 0xFC46, 0xF468, 0xECAA, 0xE4EC, 0xDD0E, 0xD550, 0xCD92, 0xC5B4, 0xBDF6, 0xB638,
        0xFD26, 0xFD26, 0xFD26, 0xFD26, 0xFD26, 0xFD26, 0xFD26, 0xF548, 0xED6A, 0xE58C, 0xDDAE, 0xD5D0, 0xCDF2, 0xC614, 0xBE36, 0xB658,
        0xFDE7, 0xFDE7, 0xFDE7, 0xFDE7, 0xFDE7, 0xFDE7, 0xFDE7, 0xF609, 0xEE0B, 0xE62D, 0xDE2F, 0xD651, 0xCE53, 0xC675, 0xBE77, 0xB698,
        0xFE8A, 0xFE8A, 0xFE8A, 0xFE8A, 0xFE8A, 0xFE8A, 0xFE8A, 0xF68C, 0xEE8D, 0xE6AF, 0xDEB1, 0xD6B2, 0xCEB4, 0xC6B6, 0xBEB7, 0xB6B9,
        0xFEEC, 0xFEEC, 0xFEEC, 0xFEEC, 0xFEEC, 0xFEEC, 0xFEEC, 0xF6EE, 0xEEEF, 0xE6F1, 0xDEF2, 0xD6F4, 0xCEF5, 0xC6D7, 0xBED8, 0xB6DA,
        0xFF2F, 0xFF2F, 0xFF2F, 0xFF2F, 0xFF2F, 0xFF2F, 0xFF2F, 0xF730, 0xEF31, 0xE712, 0xDF14, 0xD715, 0xCF16, 0xC6F8, 0xBEF9, 0xB6FA,
        0x2065, 0x2065, 0x2065, 0x2065, 0x2065, 0x2065, 0xFF71, 0xF752, 0xEF53, 0xE754, 0xDF35, 0xD736, 0xCF18, 0xC719, 0xBEFA, 0xB6FB,
        0x2065, 0x2065, 0x2065, 0x2065, 0x2065, 0x2065, 0xFF93, 0xF794, 0xEF75, 0xE776, 0xDF57, 0xD738, 0xCF39, 0xC71A, 0xBF1A, 0xB6FB,
    },
    {
        0x30CB, 0x30CB, 0x30CB, 0x30CB, 0x30CB, 0x30CB, 0x394D, 0x41CE, 0x4A50, 0x5AD1, 0x6353, 0x6BD5, 0x7456, 0x7CD8, 0x8559, 0x8DDB,
        0x48CC, 0x48CC, 0x48CC, 0x48CC, 0x48CC, 0x48CC, 0x514D, 0x59CF, 0x6251, 0x62D2, 0x6B54, 0x73D5, 0x7C57, 0x84D8, 0x8D5A, 0x95DB,
        0x690D, 0x690D, 0x690D, 0x690D, 0x690D, 0x690D, 0x698E, 0x7210, 0x7A71, 0x7AF3, 0x8374, 0x83F5, 0x8C77, 0x8CD8, 0x955A, 0x95DB,
        0x894D, 0x894D, 0x894D, 0x894D, 0x894D, 0x894D, 0x89AE, 0x9230, 0x92B1, 0x9313, 0x9394, 0x9416, 0x9477, 0x9CF8, 0x9D7A, 0x9DDB,
        0xB18C, 0xB18C, 0xB18C, 0xB18C, 0xB18C, 0xB18C, 0xA9EE, 0xAA6F, 0xAAD1, 0xAB52, 0xABB4, 0xA435, 0xA497, 0xA518, 0xA57A, 0xA5FB,
        0xC9EB, 0xC9EB, 0xC9EB, 0xC9EB, 0xC9EB, 0xC9EB, 0xCA4D, 0xC2AE, 0xC310, 0xBB91, 0xBBF3, 0xB455, 0xB4B6, 0xAD38, 0xAD99, 0xA5FB,
        0xE289, 0xE289, 0xE289, 0xE289, 0xE289, 0xE289, 0xDACB, 0xDB2D, 0xD38F, 0xCBF0, 0xC452, 0xC4B4, 0xBCF5, 0xB557, 0xADB9, 0xAE1B,
        0xF348, 0xF348, 0xF348, 0xF348, 0xF348, 0xF348, 0xEB89, 0xE3EB, 0xDC2D, 0xD46F, 0xCCD1, 0xC513, 0xC555, 0xBD97, 0xB5F9, 0xAE3A,
        0xFC46, 0xFC46, 0xFC46, 0xFC46, 0xFC46, 0xFC46, 0xF468, 0xECAA, 0xE4EC, 0xDD0E, 0xD550, 0xCD92, 0xC5B4, 0xBDF6, 0xB638, 0xAE5A,
        0xFD26, 0xFD26, 0xFD26, 0xFD26, 0xFD26, 0xFD26, 0xF548, 0xED6A, 0xE58C, 0xDDAE, 0xD5D0, 0xCDF2, 0xC614, 0xBE36, 0xB658, 0xAE9A,
        0xFDE7, 0xFDE7, 0xFDE7, 0xFDE7, 0xFDE7, 0xFDE7, 0xF609, 0xEE0B, 0xE62D, 0xDE2F, 0xD651, 0xCE53, 0xC675, 0xBE77, 0xB698, 0xAEBA,
        0xFE8A, 0xFE8A, 0xFE8A, 0xFE8A, 0xFE8A, 0xFE8A, 0xF68C, 0xEE8D, 0xE6AF, 0xDEB1, 0xD6B2, 0xCEB4, 0xC6B6, 0xBEB7, 0xB6B9, 0xAEBB,
        0xFEEC, 0xFEEC, 0xFEEC, 0xFEEC, 0xFEEC, 0xFEEC, 0xF6EE, 0xEEEF, 0xE6F1, 0xDEF2, 0xD6F4, 0xCEF5, 0xC6D7, 0xBED8, 0xB6DA, 0xAEDB,
        0xFF2F, 0xFF2F, 0xFF2F, 0xFF2F, 0xFF2F, 0xFF2F, 0xF730, 0xEF31, 0xE712, 0xDF14, 0xD715, 0xCF16, 0xC6F8, 0xBEF9, 0xB6FA, 0xAEDC,
        0x2065, 0x2065, 0x2065, 0x2065, 0x2065, 0xFF71, 0xF752, 0xEF53, 0xE754, 0xDF35, 0xD736, 0xCF18, 0xC719, 0xBEFA, 0xB6FB, 0xAEFC,
        0x2065, 0x2065, 0x2065, 0x2065, 0x2065, 0xFF93, 0xF794, 0xEF75, 0xE776, 0xDF57, 0xD738, 0xCF39, 0xC71A, 0xBF1A, 0xB6FB, 0xAEFC,
    },
    {
        0x30CB, 0x30CB, 0x30CB, 0x30CB, 0x30CB, 0x394D, 0x41CE, 0x4A50, 0x5AD1, 0x6353, 0x6BD5, 0x7456, 0x7CD8, 0x8559, 0x8DDB, 0x965D,
        0x48CC, 0x48CC, 0x48CC, 0x48CC, 0x48CC, 0x514D, 0x59CF, 0x6251, 0x62D2, 0x6B54, 0x73D5, 0x7C57, 0x84D8, 0x8D5A, 0x95DB, 0x965D,
        0x690D, 0x690D, 0x690D, 0x690D, 0x690D, 0x698E, 0x7210, 0x7A71, 0x7AF3, 0x8374, 0x83F5, 0x8C77, 0x8CD8, 0x955A, 0x95DB, 0x9E5D,
        0x894D, 0x894D, 0x894D, 0x894D, 0x894D, 0x89AE, 0x9230, 0x92B1, 0x9313, 0x9394, 0x9416, 0x9477, 0x9CF8, 0x9D7A, 0x9DDB, 0x9E5D,
        0xB18C, 0xB18C, 0xB18C, 0xB18C, 0xB18C, 0xA9EE, 0xAA6F, 0xAAD1, 0xAB52, 0xABB4, 0xA435, 0xA497, 0xA518, 0xA57A, 0xA5FB, 0xA65D,
        0xC9EB, 0xC9EB, 0xC9EB, 0xC9EB, 0xC9EB, 0xCA4D, 0xC2AE, 0xC310, 0xBB91, 0xBBF3, 0xB455, 0xB4B6, 0xAD38, 0xAD99, 0xA5FB, 0xA65D,
        0xE289, 0xE289, 0xE289, 0xE289, 0xE289, 0xDACB, 0xDB2D, 0xD38F, 0xCBF0, 0xC452, 0xC4B4, 0xBCF5, 0xB557, 0xADB9, 0xAE1B, 0xA67C,
        0xF348, 0xF348, 0xF348, 0xF348, 0xF348, 0xEB89, 0xE3EB, 0xDC2D, 0xD46F, 0xCCD1, 0xC513, 0xC555, 0xBD97, 0xB5F9, 0xAE3A, 0xA67C,
        0xFC46, 0xFC46, 0xFC46, 0xFC46, 0xFC46, 0xF468, 0xECAA, 0xE4EC, 0xDD0E, 0xD550, 0xCD92, 0xC5B4, 0xBDF6, 0xB638, 0xAE5A, 0xA69C,
        0xFD26, 0xFD26, 0xFD26, 0xFD26, 0xFD26, 0xF548, 0xED6A, 0xE58C, 0xDDAE, 0xD5D0, 0xCDF2, 0xC614, 0xBE36, 0xB658, 0xAE9A, 0xA6BC,
        0xFDE7, 0xFDE7, 0xFDE7, 0xFDE7, 0xFDE7, 0xF609, 0xEE0B, 0xE62D, 0xDE2F, 0xD651, 0xCE53, 0xC675, 0xBE77, 0xB698, 0xAEBA, 0xA6BC,
        0xFE8A, 0xFE8A, 0xFE8A, 0xFE8A, 0xFE8A, 0xF68C, 0xEE8D, 0xE6AF, 0xDEB1, 0xD6B2, 0xCEB4, 0xC6B6, 0xBEB7, 0xB6B9, 0xAEBB, 0xA6DC,
        0xFEEC, 0xFEEC, 0xFEEC, 0xFEEC, 0xFEEC, 0xF6EE, 0xEEEF, 0xE6F1, 0xDEF2, 0xD6F4, 0xCEF5, 0xC6D7, 0xBED8, 0xB6DA, 0xAEDB, 0xA6DD,
        0xFF2F, 0xFF2F, 0xFF2F, 0xFF2F, 0xFF2F, 0xF730, 0xEF31, 0xE712, 0xDF14, 0xD715, 0xCF16, 0xC6F8, 0xBEF9, 0xB6FA, 0xAEDC, 0xA6DD,
        0x2065, 0x2065, 0x2065, 0x2065, 0xFF71, 0xF752, 0xEF53, 0xE754, 0xDF35, 0xD736, 0xCF18, 0xC719, 0xBEFA, 0xB6FB, 0xAEFC, 0xA6DD,
        0x2065, 0x2065, 0x2065, 0x2065, 0xFF93, 0xF794, 0xEF75, 0xE776, 0xDF57, 0xD738, 0xCF39, 0xC71A, 0xBF1A, 0xB6FB, 0xAEFC, 0xA6DD,
    },
    {
        0x30CB, 0x30CB, 0x30CB, 0x30CB, 0x394D, 0x41CE, 0x4A50, 0x5AD1, 0x6353, 0x6BD5, 0x7456, 0x7CD8, 0x8559, 0x8DDB, 0x965D, 0x9EDE,
        0x48CC, 0x48CC, 0x48CC, 0x48CC, 0x514D, 0x59CF, 0x6251, 0x62D2, 0x6B54, 0x73D5, 0x7C57, 0x84D8, 0x8D5A, 0x95DB, 0x965D, 0x9EDE,
        0x690D, 0x690D, 0x690D, 0x690D, 0x698E, 0x7210, 0x7A71, 0x7AF3, 0x8374, 0x83F5, 0x8C77, 0x8CD8, 0x955A, 0x95DB, 0x9E5D, 0x9EDE,
        0x894D, 0x894D, 0x894D, 0x894D, 0x89AE, 0x9230, 0x92B1, 0x9313, 0x9394, 0x9416, 0x9477, 0x9CF8, 0x9D7A, 0x9DDB, 0x9E5D, 0x9EDE,
        0xB18C, 0xB18C, 0xB18C, 0xB18C, 0xA9EE, 0xAA6F, 0xAAD1, 0xAB52, 0xABB4, 0xA435, 0xA497, 0xA518, 0xA57A, 0xA5FB, 0xA65D, 0x9EDE,
        0xC9EB, 0xC9EB, 0xC9EB, 0xC9EB, 0xCA4D, 0xC2AE, 0xC310, 0xBB91, 0xBBF3, 0xB455, 0xB4B6, 0xAD38, 0xAD99, 0xA5FB, 0xA65D, 0x9EDE,
        0xE289, 0xE289, 0xE289, 0xE289, 0xDACB, 0xDB2D, 0xD38F, 0xCBF0, 0xC452, 0xC4B4, 0xBCF5, 0xB557, 0xADB9, 0xAE1B, 0xA67C, 0x9EDE,
        0xF348, 0xF348, 0xF348, 0xF348, 0xEB89, 0xE3EB, 0xDC2D, 0xD46F, 0xCCD1, 0xC513, 0xC555, 0xBD97, 0xB5F9, 0xAE3A, 0xA67C, 0x9EDE,
        0xFC46, 0xFC46, 0xFC46, 0xFC46, 0xF468, 0xECAA, 0xE4EC, 0xDD0E, 0xD550, 0xCD92, 0xC5B4, 0xBDF6, 0xB638, 0xAE5A, 0xA69C, 0x9EDE,
        0xFD26, 0xFD26, 0xFD26, 0xFD26, 0xF548, 0xED6A, 0xE58C, 0xDDAE, 0xD5D0, 0xCDF2, 0xC614, 0xBE36, 0xB658, 0xAE9A, 0xA6BC, 0x9EDE,
        0xFDE7, 0xFDE7, 0xFDE7, 0xFDE7, 0xF609, 0xEE0B, 0xE62D, 0xDE2F, 0xD651, 0xCE53, 0xC675, 0xBE77, 0xB698, 0xAEBA, 0xA6BC, 0x9EDE,
        0xFE8A, 0xFE8A, 0xFE8A, 0xFE8A, 0xF68C, 0xEE8D, 0xE6AF, 0xDEB1, 0xD6B2, 0xCEB4, 0xC6B6, 0xBEB7, 0xB6B9, 0xAEBB, 0xA6DC, 0x9EDE,
        0xFEEC, 0xFEEC, 0xFEEC, 0xFEEC, 0xF6EE, 0xEEEF, 0xE6F1, 0xDEF2, 0xD6F4, 0xCEF5, 0xC6D7, 0xBED8, 0xB6DA, 0xAEDB, 0xA6DD, 0x9EDE,
        0xFF2F, 0xFF2F, 0xFF2F, 0xFF2F, 0xF730, 0xEF31, 0xE712, 0xDF14, 0xD715, 0xCF16, 0xC6F8, 0xBEF9, 0xB6FA, 0xAEDC, 0xA6DD, 0x9EDE,
        0x2065, 0x2065, 0x2065, 0xFF71, 0xF752, 0xEF53, 0xE754, 0xDF35, 0xD736, 0xCF18, 0xC719, 0xBEFA, 0xB6FB, 0xAEFC, 0xA6DD, 0x9EDE,
        0x2065, 0x2065, 0x2065, 0xFF93, 0xF794, 0xEF75, 0xE776, 0xDF57, 0xD738, 0xCF39, 0xC71A, 0xBF1A, 0xB6FB, 0xAEFC, 0xA6DD, 0x9EDE,
    },
    {
        0x30CB, 0x30CB, 0x30CB, 0x394D, 0x41CE, 0x4A50, 0x5AD1, 0x6353, 0x6BD5, 0x7456, 0x7CD8, 0x8559, 0x8DDB, 0x965D, 0x9EDE, 0x9EDE,
        0x48CC, 0x48CC, 0x48CC, 0x514D, 0x59CF, 0x6251, 0x62D2, 0x6B54, 0x73D5, 0x7C57, 0x84D8, 0x8D5A, 0x95DB, 0x965D, 0x9EDE, 0x9EDE,
        0x690D, 0x690D, 0x690D, 0x698E, 0x7210, 0x7A71, 0x7AF3, 0x8374, 0x83F5, 0x8C77, 0x8CD8, 0x955A, 0x95DB, 0x9E5D, 0x9EDE, 0x9EDE,
        0x894D, 0x894D, 0x894D, 0x89AE, 0x9230, 0x92B1, 0x9313, 0x9394, 0x9416, 0x9477, 0x9CF8, 0x9D7A, 0x9DDB, 0x9E5D, 0x9EDE, 0x9EDE,
        0xB18C, 0xB18C, 0xB18C, 0xA9EE, 0xAA6F, 0xAAD1, 0xAB52, 0xABB4, 0xA435, 0xA497, 0xA518, 0xA57A, 0xA5FB, 0xA65D, 0x9EDE, 0x9EDE,
        0xC9EB, 0xC9EB, 0xC9EB, 0xCA4D, 0xC2AE, 0xC310, 0xBB91, 0xBBF3, 0xB455, 0xB4B6, 0xAD38, 0xAD99, 0xA5FB, 0xA65D, 0x9EDE, 0x9EDE,
        0xE289, 0xE289, 0xE289, 0xDACB, 0xDB2D, 0xD38F, 0xCBF0, 0xC452, 0xC4B4, 0xBCF5, 0xB557, 0xADB9, 0xAE1B, 0xA67C, 0x9EDE, 0x9EDE,
        0xF348, 0xF348, 0xF348, 0xEB89, 0xE3EB, 0xDC2D, 0xD46F, 0xCCD1, 0xC513, 0xC555, 0xBD97, 0xB5F9, 0xAE3A, 0xA67C, 0x9EDE, 0x9EDE,
        0xFC46, 0xFC46, 0xFC46, 0xF468, 0xECAA, 0xE4EC, 0xDD0E, 0xD550, 0xCD92, 0xC5B4, 0xBDF6, 0xB638, 0xAE5A, 0xA69C, 0x9EDE, 0x9EDE,
        0xFD26, 0xFD26, 0xFD26, 0xF548, 0xED6A, 0xE58C, 0xDDAE, 0xD5D0, 0xCDF2, 0xC614, 0xBE36, 0xB658, 0xAE9A, 0xA6BC, 0x9EDE, 0x9EDE,
        0xFDE7, 0xFDE7, 0xFDE7, 0xF609, 0xEE0B, 0xE62D, 0xDE2F, 0xD651, 0xCE53, 0xC675, 0xBE77, 0xB698, 0xAEBA, 0xA6BC, 0x9EDE, 0x9EDE,
        0xFE8A, 0xFE8A, 0xFE8A, 0xF68C, 0xEE8D, 0xE6AF, 0xDEB1, 0xD6B2, 0xCEB4, 0xC6B6, 0xBEB7, 0xB6B9, 0xAEBB, 0xA6DC, 0x9EDE, 0x9EDE,
        0xFEEC, 0xFEEC, 0xFEEC, 0xF6EE, 0xEEEF, 0xE6F1, 0xDEF2, 0xD6F4, 0xCEF5, 0xC6D7, 0xBED8, 0xB6DA, 0xAEDB, 0xA6DD, 0x9EDE, 0x9EDE,
        0xFF2F, 0xFF2F, 0xFF2F, 0xF730, 0xEF31, 0xE712, 0xDF14, 0xD715, 0xCF16, 0xC6F8, 0xBEF9, 0xB6FA, 0xAEDC, 0xA6DD, 0x9EDE, 0x9EDE,
        0x2065, 0x2065, 0xFF71, 0xF752, 0xEF53, 0xE754, 0xDF35, 0xD736, 0xCF18, 0xC719, 0xBEFA, 0xB6FB, 0xAEFC, 0xA6DD, 0x9EDE, 0x9EDE,
        0x2065, 0x2065, 0xFF93, 0xF794, 0xEF75, 0xE776, 0xDF57, 0xD738, 0xCF39, 0xC71A, 0xBF1A, 0xB6FB, 0xAEFC, 0xA6DD, 0x9EDE, 0x9EDE,
    },
    {
        0x30CB, 0x30CB, 0x394D, 0x41CE, 0x4A50, 0x5AD1, 0x6353, 0x6BD5, 0x7456, 0x7CD8, 0x8559, 0x8DDB, 0x965D, 0x9EDE, 0x9EDE, 0x9EDE,
        0x48CC, 0x48CC, 0x514D, 0x59CF, 0x6251, 0x62D2, 0x6B54, 0x73D5, 0x7C57, 0x84D8, 0x8D5A, 0x95DB, 0x965D, 0x9EDE, 0x9EDE, 0x9EDE,
        0x690D, 0x690D, 0x698E, 0x7210, 0x7A71, 0x7AF3, 0x8374, 0x83F5, 0x8C77, 0x8CD8, 0x955A, 0x95DB, 0x9E5D, 0x9EDE, 0x9EDE, 0x9EDE,
        0x894D, 0x894D, 0x89AE, 0x9230, 0x92B1, 0x9313, 0x9394, 0x9416, 0x9477, 0x9CF8, 0x9D7A, 0x9DDB, 0x9E5D, 0x9EDE, 0x9EDE, 0x9EDE,
        0xB18C, 0xB18C, 0xA9EE, 0xAA6F, 0xAAD1, 0xAB52, 0xABB4, 0xA435, 0xA497, 0xA518, 0xA57A, 0xA5FB, 0xA65D, 0x9EDE, 0x9EDE, 0x9EDE,
        0xC9EB, 0xC9EB, 0xCA4D, 0xC2AE, 0xC310, 0xBB91, 0xBBF3, 0xB455, 0xB4B6, 0xAD38, 0xAD99, 0xA5FB, 0xA65D, 0x9EDE, 0x9EDE, 0x9EDE,
        0xE289, 0xE289, 0xDACB, 0xDB2D, 0xD38F, 0xCBF0, 0xC452, 0xC4B4, 0xBCF5, 0xB557, 0xADB9, 0xAE1B, 0xA67C, 0x9EDE, 0x9EDE, 0x9EDE,
        0xF348, 0xF348, 0xEB89, 0xE3EB, 0xDC2D, 0xD46F, 0xCCD1, 0xC513, 0xC555, 0xBD97, 0xB5F9, 0xAE3A, 0xA67C, 0x9EDE, 0x9EDE, 0x9EDE,
        0xFC46, 0xFC46, 0xF468, 0xECAA, 0xE4EC, 0xDD0E, 0xD550, 0xCD92, 0xC5B4, 0xBDF6, 0xB638, 0xAE5A, 0xA69C, 0x9EDE, 0x9EDE, 0x9EDE,
        0xFD26, 0xFD26, 0xF548, 0xED6A, 0xE58C, 0xDDAE, 0xD5D0, 0xCDF2, 0xC614, 0xBE36, 0xB658, 0xAE9A, 0xA6BC, 0x9EDE, 0x9EDE, 0x9EDE,
        0xFDE7, 0xFDE7, 0xF609, 0xEE0B, 0xE62D, 0xDE2F, 0xD651, 0xCE53, 0xC675, 0xBE77, 0xB698, 0xAEBA, 0xA6BC, 0x9EDE, 0x9EDE, 0x9EDE,
        0xFE8A, 0xFE8A, 0xF68C, 0xEE8D, 0xE6AF, 0xDEB1, 0xD6B2, 0xCEB4, 0xC6B6, 0xBEB7, 0xB6B9, 0xAEBB, 0xA6DC, 0x9EDE, 0x9EDE, 0x9EDE,
        0xFEEC, 0xFEEC, 0xF6EE, 0xEEEF, 0xE6F1, 0xDEF2, 0xD6F4, 0xCEF5, 0xC6D7, 0xBED8, 0xB6DA, 0xAEDB, 0xA6DD, 0x9EDE, 0x9EDE, 0x9EDE,
        0xFF2F, 0xFF2F, 0xF730, 0xEF31, 0xE712, 0xDF14, 0xD715, 0xCF16, 0xC6F8, 0xBEF9, 0xB6FA, 0xAEDC, 0xA6DD, 0x9EDE, 0x9EDE, 0x9EDE,
        0x2065, 0xFF71, 0xF752, 0xEF53, 0xE754, 0xDF35, 0xD736, 0xCF18, 0xC719, 0xBEFA, 0xB6FB, 0xAEFC, 0xA6DD, 0x9EDE, 0x9EDE, 0x9EDE,
        0x2065, 0xFF93, 0xF794, 0xEF75, 0xE776, 0xDF57, 0xD738, 0xCF39, 0xC71A, 0xBF1A, 0xB6FB, 0xAEFC, 0xA6DD, 0x9EDE, 0x9EDE, 0x9EDE,
    },
    {
        0x30CB, 0x394D, 0x41CE, 0x4A50, 0x5AD1, 0x6353, 0x6BD5, 0x7456, 0x7CD8, 0x8559, 0x8DDB, 0x965D, 0x9EDE, 0x9EDE, 0x9EDE, 0x9EDE,
        0x48CC, 0x514D, 0x59CF, 0x6251, 0x62D2, 0x6B54, 0x73D5, 0x7C57, 0x84D8, 0x8D5A, 0x95DB, 0x965D, 0x9EDE, 0x9EDE, 0x9EDE, 0x9EDE,
        0x690D, 0x698E, 0x7210, 0x7A71, 0x7AF3, 0x8374, 0x83F5, 0x8C77, 0x8CD8, 0x955A, 0x95DB, 0x9E5D, 0x9EDE, 0x9EDE, 0x9EDE, 0x9EDE,
        0x894D, 0x89AE, 0x9230, 0x92B1, 0x9313, 0x9394, 0x9416, 0x9477, 0x9CF8, 0x9D7A, 0x9DDB, 0x9E5D, 0x9EDE, 0x9EDE, 0x9EDE, 0x9EDE,
        0xB18C, 0xA9EE, 0xAA6F, 0xAAD1, 0xAB52, 0xABB4, 0xA435, 0xA497, 0xA518, 0xA57A, 0xA5FB, 0xA65D, 0x9EDE, 0x9EDE, 0x9EDE, 0x9EDE,
        0xC9EB, 0xCA4D, 0xC2AE, 0xC310, 0xBB91, 0xBBF3, 0xB455, 0xB4B6, 0xAD38, 0xAD99, 0xA5FB, 0xA65D, 0x9EDE, 0x9EDE, 0x9EDE, 0x9EDE,
        0xE289, 0xDACB, 0xDB2D, 0xD38F, 0xCBF0, 0xC452, 0xC4B4, 0xBCF5, 0xB557, 0xADB9, 0xAE1B, 0xA67C, 0x9EDE, 0x9EDE, 0x9EDE, 0x9EDE,
        0xF348, 0xEB89, 0xE3EB, 0xDC2D, 0xD46F, 0xCCD1, 0xC513, 0xC555, 0xBD97, 0xB5F9, 0xAE3A, 0xA67C, 0x9EDE, 0x9EDE, 0x9EDE, 0x9EDE,
        0xFC46, 0xF468, 0xECAA, 0xE4EC, 0xDD0E, 0xD550, 0xCD92, 0xC5B4, 0xBDF6, 0xB638, 0xAE5A, 0xA69C, 0x9EDE, 0x9EDE, 0x9EDE, 0x9EDE,
        0xFD26, 0xF548, 0xED6A, 0xE58C, 0xDDAE, 0xD5D0, 0xCDF2, 0xC614, 0xBE36, 0xB658, 0xAE9A, 0xA6BC, 0x9EDE, 0x9EDE, 0x9EDE, 0x9EDE,
        0xFDE7, 0xF609, 0xEE0B, 0xE62D, 0xDE2F, 0xD651, 0xCE53, 0xC675, 0xBE77, 0xB698, 0xAEBA, 0xA6BC, 0x9EDE, 0x9EDE, 0x9EDE, 0x9EDE,
        0xFE8A, 0xF68C, 0xEE8D, 0xE6AF, 0xDEB1, 0xD6B2, 0xCEB4, 0xC6B6, 0xBEB7, 0xB6B9, 0xAEBB, 0xA6DC, 0x9EDE, 0x9EDE, 0x9EDE, 0x9EDE,
        0xFEEC, 0xF6EE, 0xEEEF, 0xE6F1, 0xDEF2, 0xD6F4, 0xCEF5, 0xC6D7, 0xBED8, 0xB6DA, 0xAEDB, 0xA6DD, 0x9EDE, 0x9EDE, 0x9EDE, 0x9EDE,
        0xFF2F, 0xF730, 0xEF31, 0xE712, 0xDF14, 0xD715, 0xCF16, 0xC6F8, 0xBEF9, 0xB6FA, 0xAEDC, 0xA6DD, 0x9EDE, 0x9EDE, 0x9EDE, 0x9EDE,
        0xFF71, 0xF752, 0xEF53, 0xE754, 0xDF35, 0xD736, 0xCF18, 0xC719, 0xBEFA, 0xB6FB, 0xAEFC, 0xA6DD, 0x9EDE, 0x9EDE, 0x9EDE, 0x9EDE,
        0xFF93, 0xF794, 0xEF75, 0xE776, 0xDF57, 0xD738, 0xCF39, 0xC71A, 0xBF1A, 0xB6FB, 0xAEFC, 0xA6DD, 0x9EDE, 0x9EDE, 0x9EDE, 0x9EDE,
    },
    {
        0x394D, 0x41CE, 0x4A50, 0x5AD1, 0x6353, 0x6BD5, 0x7456, 0x7CD8, 0x8559, 0x8DDB, 0x965D, 0x9EDE, 0x9EDE, 0x9EDE, 0x9EDE, 0x9EDE,
        0x514D, 0x59CF, 0x6251, 0x62D2, 0x6B54, 0x73D5, 0x7C57, 0x84D8, 0x8D5A, 0x95DB, 0x965D, 0x9EDE, 0x9EDE, 0x9EDE, 0x9EDE, 0x9EDE,
        0x698E, 0x7210, 0x7A71, 0x7AF3, 0x8374, 0x83F5, 0x8C77, 0x8CD8, 0x955A, 0x95DB, 0x9E5D, 0x9EDE, 0x9EDE, 0x9EDE, 0x9EDE, 0x9EDE,
        0x89AE, 0x9230, 0x92B1, 0x9313, 0x9394, 0x9416, 0x9477, 0x9CF8, 0x9D7A, 0x9DDB, 0x9E5D, 0x9EDE, 0x9EDE, 0x9EDE, 0x9EDE, 0x9EDE,
        0xA9EE, 0xAA6F, 0xAAD1, 0xAB52, 0xABB4, 0xA435, 0xA497, 0xA518, 0xA57A, 0xA5FB, 0xA65D, 0x9EDE, 0x9EDE, 0x9EDE, 0x9EDE, 0x9EDE,
        0xCA4D, 0xC2AE, 0xC310, 0xBB91, 0xBBF3, 0xB455, 0xB4B6, 0xAD38, 0xAD99, 0xA5FB, 0xA65D, 0x9EDE, 0x9EDE, 0x9EDE, 0x9EDE, 0x9EDE,
        0xDACB, 0xDB2D, 0xD38F, 0xCBF0, 0xC452, 0xC4B4, 0xBCF5, 0xB557, 0xADB9, 0xAE1B, 0xA67C, 0x9EDE, 0x9EDE, 0x9EDE, 0x9EDE, 0x9EDE,
        0xEB89, 0xE3EB, 0xDC2D, 0xD46F, 0xCCD1, 0xC513, 0xC555, 0xBD97, 0xB5F9, 0xAE3A, 0xA67C, 0x9EDE, 0x9EDE, 0x9EDE, 0x9EDE, 0x9EDE,
        0xF468, 0xECAA, 0xE4EC, 0xDD0E, 0xD550, 0xCD92, 0xC5B4, 0xBDF6, 0xB638, 0xAE5A, 0xA69C, 0x9EDE, 0x9EDE, 0x9EDE, 0x9EDE, 0x9EDE,
        0xF548, 0xED6A, 0xE58C, 0xDDAE, 0xD5D0, 0xCDF2, 0xC614, 0xBE36, 0xB658, 0xAE9A, 0xA6BC, 0x9EDE, 0x9EDE, 0x9EDE, 0x9EDE, 0x9EDE,
        0xF609, 0xEE0B, 0xE62D, 0xDE2F, 0xD651, 0xCE53, 0xC675, 0xBE77, 0xB698, 0xAEBA, 0xA6BC, 0x9EDE, 0x9EDE, 0x9EDE, 0x9EDE, 0x9EDE,
        0xF68C, 0xEE8D, 0xE6AF, 0xDEB1, 0xD6B2, 0xCEB4, 0xC6B6, 0xBEB7, 0xB6B9, 0xAEBB, 0xA6DC, 0x9EDE, 0x9EDE, 0x9EDE, 0x9EDE, 0x9EDE,
        0xF6EE, 0xEEEF, 0xE6F1, 0xDEF2, 0xD6F4, 0xCEF5, 0xC6D7, 0xBED8, 0xB6DA, 0xAEDB, 0xA6DD, 0x9EDE, 0x9EDE, 0x9EDE, 0x9EDE, 0x9EDE,
        0xF730, 0xEF31, 0xE712, 0xDF14, 0xD715, 0xCF16, 0xC6F8, 0xBEF9, 0xB6FA, 0xAEDC, 0xA6DD, 0x9EDE, 0x9EDE, 0x9EDE, 0x9EDE, 0x9EDE,
        0xF752, 0xEF53, 0xE754, 0xDF35, 0xD736, 0xCF18, 0xC719, 0xBEFA, 0xB6FB, 0xAEFC, 0xA6DD, 0x9EDE, 0x9EDE, 0x9EDE, 0x9EDE, 0x9EDE,
        0xF794, 0xEF75, 0xE776, 0xDF57, 0xD738, 0xCF39, 0xC71A, 0xBF1A, 0xB6FB, 0xAEFC, 0xA6DD, 0x9EDE, 0x9EDE, 0x9EDE, 0x9EDE, 0x9EDE,
    },
    {
        0x41CE, 0x4A50, 0x5AD1, 0x6353, 0x6BD5, 0x7456, 0x7CD8, 0x8559, 0x8DDB, 0x965D, 0x9EDE, 0x9EDE, 0x9EDE, 0x9EDE, 0x9EDE, 0x9EDE,
        0x59CF, 0x6251, 0x62D2, 0x6B54, 0x73D5, 0x7C57, 0x84D8, 0x8D5A, 0x95DB, 0x965D, 0x9EDE, 0x9EDE, 0x9EDE, 0x9EDE, 0x9EDE, 0x9EDE,
        0x7210, 0x7A71, 0x7AF3, 0x8374, 0x83F5, 0x8C77, 0x8CD8, 0x955A, 0x95DB, 0x9E5D, 0x9EDE, 0x9EDE, 0x9EDE, 0x9EDE, 0x9EDE, 0x9EDE,
        0x9230, 0x92B1, 0x9313, 0x9394, 0x9416, 0x9477, 0x9CF8, 0x9D7A, 0x9DDB, 0x9E5D, 0x9EDE, 0x9EDE, 0x9EDE, 0x9EDE, 0x9EDE, 0x9EDE,
        0xAA6F, 0xAAD1, 0xAB52, 0xABB4, 0xA435, 0xA497, 0xA518, 0xA57A, 0xA5FB, 0xA65D, 0x9EDE, 0x9EDE, 0x9EDE, 0x9EDE, 0x9EDE, 0x9EDE,
        0xC2AE, 0xC310, 0xBB91, 0xBBF3, 0xB455, 0xB4B6, 0xAD38, 0xAD99, 0xA5FB, 0xA65D, 0x9EDE, 0x9EDE, 0x9EDE, 0x9EDE, 0x9EDE, 0x9EDE,
        0xDB2D, 0xD38F, 0xCBF0, 0xC452, 0xC4B4, 0xBCF5, 0xB557, 0xADB9, 0xAE1B, 0xA67C, 0x9EDE, 0x9EDE, 0x9EDE, 0x9EDE, 0x9EDE, 0x9EDE,
        0xE3EB, 0xDC2D, 0xD46F, 0xCCD1, 0xC513, 0xC555, 0xBD97, 0xB5F9, 0xAE3A, 0xA67C, 0x9EDE, 0x9EDE, 0x9EDE, 0x9EDE, 0x9EDE, 0x9EDE,
        0xECAA, 0xE4EC, 0xDD0E, 0xD550, 0xCD92, 0xC5B4, 0xBDF6, 0xB638, 0xAE5A, 0xA69C, 0x9EDE, 0x9EDE, 0x9EDE, 0x9EDE, 0x9EDE, 0x9EDE,
        0xED6A, 0xE58C, 0xDDAE, 0xD5D0, 0xCDF2, 0xC614, 0xBE36, 0xB658, 0xAE9A, 0xA6BC, 0x9EDE, 0x9EDE, 0x9EDE, 0x9EDE, 0x9EDE, 0x9EDE,
        0xEE0B, 0xE62D, 0xDE2F, 0xD651, 0xCE53, 0xC675, 0xBE77, 0xB698, 0xAEBA, 0xA6BC, 0x9EDE, 0x9EDE, 0x9EDE, 0x9EDE, 0x9EDE, 0x9EDE,
        0xEE8D, 0xE6AF, 0xDEB1, 0xD6B2, 0xCEB4, 0xC6B6, 0xBEB7, 0xB6B9, 0xAEBB, 0xA6DC, 0x9EDE, 0x9EDE, 0x9EDE, 0x9EDE, 0x9EDE, 0x9EDE,
        0xEEEF, 0xE6F1, 0xDEF2, 0xD6F4, 0xCEF5, 0xC6D7, 0xBED8, 0xB6DA, 0xAEDB, 0xA6DD, 0x9EDE, 0x9EDE, 0x9EDE, 0x9EDE, 0x9EDE, 0x9EDE,
        0xEF31, 0xE712, 0xDF14, 0xD715, 0xCF16, 0xC6F8, 0xBEF9, 0xB6FA, 0xAEDC, 0xA6DD, 0x9EDE, 0x9EDE, 0x9EDE, 0x9EDE, 0x9EDE, 0x9EDE,
        0xEF53, 0xE754, 0xDF35, 0xD736, 0xCF18, 0xC719, 0xBEFA, 0xB6FB, 0xAEFC, 0xA6DD, 0x9EDE, 0x9EDE, 0x9EDE, 0x9EDE, 0x9EDE, 0x9EDE,
        0xEF75, 0xE776, 0xDF57, 0xD738, 0xCF39, 0xC71A, 0xBF1A, 0xB6FB, 0xAEFC, 0xA6DD, 0x9EDE, 0x9EDE, 0x9EDE, 0x9EDE, 0x9EDE, 0x9EDE,
    },
    {
        0x4A50, 0x5AD1, 0x6353, 0x6BD5, 0x7456, 0x7CD8, 0x8559, 0x8DDB, 0x965D, 0x9EDE, 0x9EDE, 0x9EDE, 0x9EDE, 0x9EDE, 0x9EDE, 0x9EDE,
        0x6251, 0x62D2, 0x6B54, 0x73D5, 0x7C57, 0x84D8, 0x8D5A, 0x95DB, 0x965D, 0x9EDE, 0x9EDE, 0x9EDE, 0x9EDE, 0x9EDE, 0x9EDE, 0x9EDE,
        0x7A71, 0x7AF3, 0x8374, 0x83F5, 0x8C77, 0x8CD8, 0x955A, 0x95DB, 0x9E5D, 0x9EDE, 0x9EDE, 0x9EDE, 0x9EDE, 0x9EDE, 0x9EDE, 0x9EDE,
        0x92B1, 0x9313, 0x9394, 0x9416, 0x9477, 0x9CF8, 0x9D7A, 0x9DDB, 0x9E5D, 0x9EDE, 0x9EDE, 0x9EDE, 0x9EDE, 0x9EDE, 0x9EDE, 0x9EDE,
        0xAAD1, 0xAB52, 0xABB4, 0xA435, 0xA497, 0xA518, 0xA57A, 0xA5FB, 0xA65D, 0x9EDE, 0x9EDE, 0x9EDE, 0x9EDE, 0x9EDE, 0x9EDE, 0x9EDE,
        0xC310, 0xBB91, 0xBBF3, 0xB455, 0xB4B6, 0xAD38, 0xAD99, 0xA5FB, 0xA65D, 0x9EDE, 0x9EDE, 0x9EDE, 0x9EDE, 0x9EDE, 0x9EDE, 0x9EDE,
        0xD38F, 0xCBF0, 0xC452, 0xC4B4, 0xBCF5, 0xB557, 0xADB9, 0xAE1B, 0xA67C, 0x9EDE, 0x9EDE, 0x9EDE, 0x9EDE, 0x9EDE, 0x9EDE, 0x9EDE,
        0xDC2D, 0xD46F, 0xCCD1, 0xC513, 0xC555, 0xBD97, 0xB5F9, 0xAE3A, 0xA67C, 0x9EDE, 0x9EDE, 0x9EDE, 0x9EDE, 0x9EDE, 0x9EDE, 0x9EDE,
        0xE4EC, 0xDD0E, 0xD550, 0xCD92, 0xC5B4, 0xBDF6, 0xB638, 0xAE5A, 0xA69C, 0x9EDE, 0x9EDE, 0x9EDE, 0x9EDE, 0x9EDE, 0x9EDE, 0x9EDE,
        0xE58C, 0xDDAE, 0xD5D0, 0xCDF2, 0xC614, 0xBE36, 0xB658, 0xAE9A, 0xA6BC, 0x9EDE, 0x9EDE, 0x9EDE, 0x9EDE, 0x9EDE, 0x9EDE, 0x9EDE,
        0xE62D, 0xDE2F, 0xD651, 0xCE53, 0xC675, 0xBE77, 0xB698, 0xAEBA, 0xA6BC, 0x9EDE, 0x9EDE, 0x9EDE, 0x9EDE, 0x9EDE, 0x9EDE, 0x9EDE,
        0xE6AF, 0xDEB1, 0xD6B2, 0xCEB4, 0xC6B6, 0xBEB7, 0xB6B9, 0xAEBB, 0xA6DC, 0x9EDE, 0x9EDE, 0x9EDE, 0x9EDE, 0x9EDE, 0x9EDE, 0x9EDE,
        0xE6F1, 0xDEF2, 0xD6F4, 0xCEF5, 0xC6D7, 0xBED8, 0xB6DA, 0xAEDB, 0xA6DD, 0x9EDE, 0x9EDE, 0x9EDE, 0x9EDE, 0x9EDE, 0x9EDE, 0x9EDE,
        0xE712, 0xDF14, 0xD715, 0xCF16, 0xC6F8, 0xBEF9, 0xB6FA, 0xAEDC, 0xA6DD, 0x9EDE, 0x9EDE, 0x9EDE, 0x9EDE, 0x9EDE, 0x9EDE, 0x9EDE,
        0xE754, 0xDF35, 0xD736, 0xCF18, 0xC719, 0xBEFA, 0xB6FB, 0xAEFC, 0xA6DD, 0x9EDE, 0x9EDE, 0x9EDE, 0x9EDE, 0x9EDE, 0x9EDE, 0x9EDE,
        0xE776, 0xDF57, 0xD738, 0xCF39, 0xC71A, 0xBF1A, 0xB6FB, 0xAEFC, 0xA6DD, 0x9EDE, 0x9EDE, 0x9EDE, 0x9EDE, 0x9EDE, 0x9EDE, 0x9EDE,
    },
    {
        0x5AD1, 0x6353, 0x6BD5, 0x7456, 0x7CD8, 0x8559, 0x8DDB, 0x965D, 0x9EDE, 0x9EDE, 0x9EDE, 0x9EDE, 0x9EDE, 0x9EDE, 0x9EDE, 0x9EDE,
        0x62D2, 0x6B54, 0x73D5, 0x7C57, 0x84D8, 0x8D5A, 0x95DB, 0x965D, 0x9EDE, 0x9EDE, 0x9EDE, 0x9EDE, 0x9EDE, 0x9EDE, 0x9EDE, 0x9EDE,
        0x7AF3, 0x8374, 0x83F5, 0x8C77, 0x8CD8, 0x955A, 0x95DB, 0x9E5D, 0x9EDE, 0x9EDE, 0x9EDE, 0x9EDE, 0x9EDE, 0x9EDE, 0x9EDE, 0x9EDE,
        0x9313, 0x9394, 0x9416, 0x9477, 0x9CF8, 0x9D7A, 0x9DDB, 0x9E5D, 0x9EDE, 0x9EDE, 0x9EDE, 0x9EDE, 0x9EDE, 0x9EDE, 0x9EDE, 0x9EDE,
        0xAB52, 0xABB4, 0xA435, 0xA497, 0xA518, 0xA57A, 0xA5FB, 0xA65D, 0x9EDE, 0x9EDE, 0x9EDE, 0x9EDE, 0x9EDE, 0x9EDE, 0x9EDE, 0x9EDE,
        0xBB91, 0xBBF3, 0xB455, 0xB4B6, 0xAD38, 0xAD99, 0xA5FB, 0xA65D, 0x9EDE, 0x9EDE, 0x9EDE, 0x9EDE, 0x9EDE, 0x9EDE, 0x9EDE, 0x9EDE,
        0xCBF0, 0xC452, 0xC4B4, 0xBCF5, 0xB557, 0xADB9, 0xAE1B, 0xA67C, 0x9EDE, 0x9EDE, 0x9EDE, 0x9EDE, 0x9EDE, 0x9EDE, 0x9EDE, 0x9EDE,
        0xD46F, 0xCCD1, 0xC513, 0xC555, 0xBD97, 0xB5F9, 0xAE3A, 0xA67C, 0x9EDE, 0x9EDE, 0x9EDE, 0x9EDE, 0x9EDE, 0x9EDE, 0x9EDE, 0x9EDE,
        0xDD0E, 0xD550, 0xCD92, 0xC5B4, 0xBDF6, 0xB638, 0xAE5A, 0xA69C, 0x9EDE, 0x9EDE, 0x9EDE, 0x9EDE, 0x9EDE, 0x9EDE, 0x9EDE, 0x9EDE,
        0xDDAE, 0xD5D0, 0xCDF2, 0xC614, 0xBE36, 0xB658, 0xAE9A, 0xA6BC, 0x9EDE, 0x9EDE, 0x9EDE, 0x9EDE, 0x9EDE, 0x9EDE, 0x9EDE, 0x9EDE,
        0xDE2F, 0xD651, 0xCE53, 0xC675, 0xBE77, 0xB698, 0xAEBA, 0xA6BC, 0x9EDE, 0x9EDE, 0x9EDE, 0x9EDE, 0x9EDE, 0x9EDE, 0x9EDE, 0x9EDE,
        0xDEB1, 0xD6B2, 0xCEB4, 0xC6B6, 0xBEB7, 0xB6B9, 0xAEBB, 0xA6DC, 0x9EDE, 0x9EDE, 0x9EDE, 0x9EDE, 0x9EDE, 0x9EDE, 0x9EDE, 0x9EDE,
        0xDEF2, 0xD6F4, 0xCEF5, 0xC6D7, 0xBED8, 0xB6DA, 0xAEDB, 0xA6DD, 0x9EDE, 0x9EDE, 0x9EDE, 0x9EDE, 0x9EDE, 0x9EDE, 0x9EDE, 0x9EDE,
        0xDF14, 0xD715, 0xCF16, 0xC6F8, 0xBEF9, 0xB6FA, 0xAEDC, 0xA6DD, 0x9EDE, 0x9EDE, 0x9EDE, 0x9EDE, 0x9EDE, 0x9EDE, 0x9EDE, 0x9EDE,
        0xDF35, 0xD736, 0xCF18, 0xC719, 0xBEFA, 0xB6FB, 0xAEFC, 0xA6DD, 0x9EDE, 0x9EDE, 0x9EDE, 0x9EDE, 0x9EDE, 0x9EDE, 0x9EDE, 0x9EDE,
        0xDF57, 0xD738, 0xCF39, 0xC71A, 0xBF1A, 0xB6FB, 0xAEFC, 0xA6DD, 0x9EDE, 0x9EDE, 0x9EDE, 0x9EDE, 0x9EDE, 0x9EDE, 0x9EDE, 0x9EDE,
    },
    {
        0x6353, 0x6BD5, 0x7456, 0x7CD8, 0x8559, 0x8DDB, 0x965D, 0x9EDE, 0x9EDE, 0x9EDE, 0x9EDE, 0x9EDE, 0x9EDE, 0x9EDE, 0x9EDE, 0x9EDE,
        0x6B54, 0x73D5, 0x7C57, 0x84D8, 0x8D5A, 0x95DB, 0x965D, 0x9EDE, 0x9EDE, 0x9EDE, 0x9EDE, 0x9EDE, 0x9EDE, 0x9EDE, 0x9EDE, 0x9EDE,
        0x8374, 0x83F5, 0x8C77, 0x8CD8, 0x955A, 0x95DB, 0x9E5D, 0x9EDE, 0x9EDE, 0x9EDE, 0x9EDE, 0x9EDE, 0x9EDE, 0x9EDE, 0x9EDE, 0x9EDE,
        0x9394, 0x9416, 0x9477, 0x9CF8, 0x9D7A, 0x9DDB, 0x9E5D, 0x9EDE, 0x9EDE, 0x9EDE, 0x9EDE, 0x9EDE, 0x9EDE, 0x9EDE, 0x9EDE, 0x9EDE,
        0xABB4, 0xA435, 0xA497, 0xA518, 0xA57A, 0xA5FB, 0xA65D, 0x9EDE, 0x9EDE, 0x9EDE, 0x9EDE, 0x9EDE, 0x9EDE, 0x9EDE, 0x9EDE, 0x9EDE,
        0xBBF3, 0xB455, 0xB4B6, 0xAD38, 0xAD99, 0xA5FB, 0xA65D, 0x9EDE, 0x9EDE, 0x9EDE, 0x9EDE, 0x9EDE, 0x9EDE, 0x9EDE, 0x9EDE, 0x9EDE,
        0xC452, 0xC4B4, 0xBCF5, 0xB557, 0xADB9, 0xAE1B, 0xA67C, 0x9EDE, 0x9EDE, 0x9EDE, 0x9EDE, 0x9EDE, 0x9EDE, 0x9EDE, 0x9EDE, 0x9EDE,
        0xCCD1, 0xC513, 0xC555, 0xBD97, 0xB5F9, 0xAE3A, 0xA67C, 0x9EDE, 0x9EDE, 0x9EDE, 0x9EDE, 0x9EDE, 0x9EDE, 0x9EDE, 0x9EDE, 0x9EDE,
        0xD550, 0xCD92, 0xC5B4, 0xBDF6, 0xB638, 0xAE5A, 0xA69C, 0x9EDE, 0x9EDE, 0x9EDE, 0x9EDE, 0x9EDE, 0x9EDE, 0x9EDE, 0x9EDE, 0x9EDE,
        0xD5D0, 0xCDF2, 0xC614, 0xBE36, 0xB658, 0xAE9A, 0xA6BC, 0x9EDE, 0x9EDE, 0x9EDE, 0x9EDE, 0x9EDE, 0x9EDE, 0x9EDE, 0x9EDE, 0x9EDE,
        0xD651, 0xCE53, 0xC675, 0xBE77, 0xB698, 0xAEBA, 0xA6BC, 0x9EDE, 0x9EDE, 0x9EDE, 0x9EDE, 0x9EDE, 0x9EDE, 0x9EDE, 0x9EDE, 0x9EDE,
        0xD6B2, 0xCEB4, 0xC6B6, 0xBEB7, 0xB6B9, 0xAEBB, 0xA6DC, 0x9EDE, 0x9EDE, 0x9EDE, 0x9EDE, 0x9EDE, 0x9EDE, 0x9EDE, 0x9EDE, 0x9EDE,
        0xD6F4, 0xCEF5, 0xC6D7, 0xBED8, 0xB6DA, 0xAEDB, 0xA6DD, 0x9EDE, 0x9EDE, 0x9EDE, 0x9EDE, 0x9EDE, 0x9EDE, 0x9EDE, 0x9EDE, 0x9EDE,
        0xD715, 0xCF16, 0xC6F8, 0xBEF9, 0xB6FA, 0xAEDC, 0xA6DD, 0x9EDE, 0x9EDE, 0x9EDE, 0x9EDE, 0x9EDE, 0x9EDE, 0x9EDE, 0x9EDE, 0x9EDE,
        0xD736, 0xCF18, 0xC719, 0xBEFA, 0xB6FB, 0xAEFC, 0xA6DD, 0x9EDE, 0x9EDE, 0x9EDE, 0x9EDE, 0x9EDE, 0x9EDE, 0x9EDE, 0x9EDE, 0x9EDE,
        0xD738, 0xCF39, 0xC71A, 0xBF1A, 0xB6FB, 0xAEFC, 0xA6DD, 0x9EDE, 0x9EDE, 0x9EDE, 0x9EDE, 0x9EDE, 0x9EDE, 0x9EDE, 0x9EDE, 0x9EDE,
    },
    {
        0x6BD5, 0x7456, 0x7CD8, 0x8559, 0x8DDB, 0x965D, 0x9EDE, 0x9EDE, 0x9EDE, 0x9EDE, 0x9EDE, 0x9EDE, 0x9EDE, 0x9EDE, 0x9EDE, 0x9EDE,
        0x73D5, 0x7C57, 0x84D8, 0x8D5A, 0x95DB, 0x965D, 0x9EDE, 0x9EDE, 0x9EDE, 0x9EDE, 0x9EDE, 0x9EDE, 0x9EDE, 0x9EDE, 0x9EDE, 0x9EDE,
        0x83F5, 0x8C77, 0x8CD8, 0x955A, 0x95DB, 0x9E5D, 0x9EDE, 0x9EDE, 0x9EDE, 0x9EDE, 0x9EDE, 0x9EDE, 0x9EDE, 0x9EDE, 0x9EDE, 0x9EDE,
        0x9416, 0x9477, 0x9CF8, 0x9D7A, 0x9DDB, 0x9E5D, 0x9EDE, 0x9EDE, 0x9EDE, 0x9EDE, 0x9EDE, 0x9EDE, 0x9EDE, 0x9EDE, 0x9EDE, 0x9EDE,
        0xA435, 0xA497, 0xA518, 0xA57A, 0xA5FB, 0xA65D, 0x9EDE, 0x9EDE, 0x9EDE, 0x9EDE, 0x9EDE, 0x9EDE, 0x9EDE, 0x9EDE, 0x9EDE, 0x9EDE,
        0xB455, 0xB4B6, 0xAD38, 0xAD99, 0xA5FB, 0xA65D, 0x9EDE, 0x9EDE, 0x9EDE, 0x9EDE, 0x9EDE, 0x9EDE, 0x9EDE, 0x9EDE, 0x9EDE, 0x9EDE,
        0xC4B4, 0xBCF5, 0xB557, 0xADB9, 0xAE1B, 0xA67C, 0x9EDE, 0x9EDE, 0x9EDE, 0x9EDE, 0x9EDE, 0x9EDE, 0x9EDE, 0x9EDE, 0x9EDE, 0x9EDE,
        0xC513, 0xC555, 0xBD97, 0xB5F9, 0xAE3A, 0xA67C, 0x9EDE, 0x9EDE, 0x9EDE, 0x9EDE, 0x9EDE, 0x9EDE, 0x9EDE, 0x9EDE, 0x9EDE, 0x9EDE,
        0xCD92, 0xC5B4, 0xBDF6, 0xB638, 0xAE5A, 0xA69C, 0x9EDE, 0x9EDE, 0x9EDE, 0x9EDE, 0x9EDE, 0x9EDE, 0x9EDE, 0x9EDE, 0x9EDE, 0x9EDE,
        0xCDF2, 0xC614, 0xBE36, 0xB658, 0xAE9A, 0xA6BC, 0x9EDE, 0x9EDE, 0x9EDE, 0x9EDE, 0x9EDE, 0x9EDE, 0x9EDE, 0x9EDE, 0x9EDE, 0x9EDE,
        0xCE53, 0xC675, 0xBE77, 0xB698, 0xAEBA, 0xA6BC, 0x9EDE, 0x9EDE, 0x9EDE, 0x9EDE, 0x9EDE, 0x9EDE, 0x9EDE, 0x9EDE, 0x9EDE, 0x9EDE,
        0xCEB4, 0xC6B6, 0xBEB7, 0xB6B9, 0xAEBB, 0xA6DC, 0x9EDE, 0x9EDE, 0x9EDE, 0x9EDE, 0x9EDE, 0x9EDE, 0x9EDE, 0x9EDE, 0x9EDE, 0x9EDE,
        0xCEF5, 0xC6D7, 0xBED8, 0xB6DA, 0xAEDB, 0xA6DD, 0x9EDE, 0x9EDE, 0x9EDE, 0x9EDE, 0x9EDE, 0x9EDE, 0x9EDE, 0x9EDE, 0x9EDE, 0x9EDE,
        0xCF16, 0xC6F8, 0xBEF9, 0xB6FA, 0xAEDC, 0xA6DD, 0x9EDE, 0x9EDE, 0x9EDE, 0x9EDE, 0x9EDE, 0x9EDE, 0x9EDE, 0x9EDE, 0x9EDE, 0x9EDE,
        0xCF18, 0xC719, 0xBEFA, 0xB6FB, 0xAEFC, 0xA6DD, 0x9EDE, 0x9EDE, 0x9EDE, 0x9EDE, 0x9EDE, 0x9EDE, 0x9EDE, 0x9EDE, 0x9EDE, 0x9EDE,
        0xCF39, 0xC71A, 0xBF1A, 0xB6FB, 0xAEFC, 0xA6DD, 0x9EDE, 0x9EDE, 0x9EDE, 0x9EDE, 0x9EDE, 0x9EDE, 0x9EDE, 0x9EDE, 0x9EDE, 0x9EDE,
    },
    {
        0x7456, 0x7CD8, 0x8559, 0x8DDB, 0x965D, 0x9EDE, 0x9EDE, 0x9EDE, 0x9EDE, 0x9EDE, 0x9EDE, 0x9EDE, 0x9EDE, 0x9EDE, 0x9EDE, 0x9EDE,
        0x7C57, 0x84D8, 0x8D5A, 0x95DB, 0x965D, 0x9EDE, 0x9EDE, 0x9EDE, 0x9EDE, 0x9EDE, 0x9EDE, 0x9EDE, 0x9EDE, 0x9EDE, 0x9EDE, 0x9EDE,
        0x8C77, 0x8CD8, 0x955A, 0x95DB, 0x9E5D, 0x9EDE, 0x9EDE, 0x9EDE, 0x9EDE, 0x9EDE, 0x9EDE, 0x9EDE, 0x9EDE, 0x9EDE, 0x9EDE, 0x9EDE,
        0x9477, 0x9CF8, 0x9D7A, 0x9DDB, 0x9E5D, 0x9EDE, 0x9EDE, 0x9EDE, 0x9EDE, 0x9EDE, 0x9EDE, 0x9EDE, 0x9EDE, 0x9EDE, 0x9EDE, 0x9EDE,
        0xA497, 0xA518, 0xA57A, 0xA5FB, 0xA65D, 0x9EDE, 0x9EDE, 0x9EDE, 0x9EDE, 0x9EDE, 0x9EDE, 0x9EDE, 0x9EDE, 0x9EDE, 0x9EDE, 0x9EDE,
        0xB4B6, 0xAD38, 0xAD99, 0xA5FB, 0xA65D, 0x9EDE, 0x9EDE, 0x9EDE, 0x9EDE, 0x9EDE, 0x9EDE, 0x9EDE, 0x9EDE, 0x9EDE, 0x9EDE, 0x9EDE,
        0xBCF5, 0xB557, 0xADB9, 0xAE1B, 0xA67C, 0x9EDE, 0x9EDE, 0x9EDE, 0x9EDE, 0x9EDE, 0x9EDE, 0x9EDE, 0x9EDE, 0x9EDE, 0x9EDE, 0x9EDE,
        0xC555, 0xBD97, 0xB5F9, 0xAE3A, 0xA67C, 0x9EDE, 0x9EDE, 0x9EDE, 0x9EDE, 0x9EDE, 0x9EDE, 0x9EDE, 0x9EDE, 0x9EDE, 0x9EDE, 0x9EDE,
        0xC5B4, 0xBDF6, 0xB638, 0xAE5A, 0xA69C, 0x9EDE, 0x9EDE, 0x9EDE, 0x9EDE, 0x9EDE, 0x9EDE, 0x9EDE, 0x9EDE, 0x9EDE, 0x9EDE, 0x9EDE,
        0xC614, 0xBE36, 0xB658, 0xAE9A, 0xA6BC, 0x9EDE, 0x9EDE, 0x9EDE, 0x9EDE, 0x9EDE, 0x9EDE, 0x9EDE, 0x9EDE, 0x9EDE, 0x9EDE, 0x9EDE,
        0xC675, 0xBE77, 0xB698, 0xAEBA, 0xA6BC, 0x9EDE, 0x9EDE, 0x9EDE, 0x9EDE, 0x9EDE, 0x9EDE, 0x9EDE, 0x9EDE, 0x9EDE, 0x9EDE, 0x9EDE,
        0xC6B6, 0xBEB7, 0xB6B9, 0xAEBB, 0xA6DC, 0x9EDE, 0x9EDE, 0x9EDE, 0x9EDE, 0x9EDE, 0x9EDE, 0x9EDE, 0x9EDE, 0x9EDE, 0x9EDE, 0x9EDE,
        0xC6D7, 0xBED8, 0xB6DA, 0xAEDB, 0xA6DD, 0x9EDE, 0x9EDE, 0x9EDE, 0x9EDE, 0x9EDE, 0x9EDE, 0x9EDE, 0x9EDE, 0x9EDE, 0x9EDE, 0x9EDE,
        0xC6F8, 0xBEF9, 0xB6FA, 0xAEDC, 0xA6DD, 0x9EDE, 0x9EDE, 0x9EDE, 0x9EDE, 0x9EDE, 0x9EDE, 0x9EDE, 0x9EDE, 0x9EDE, 0x9EDE, 0x9EDE,
        0xC719, 0xBEFA, 0xB6FB, 0xAEFC, 0xA6DD, 0x9EDE, 0x9EDE, 0x9EDE, 0x9EDE, 0x9EDE, 0x9EDE, 0x9EDE, 0x9EDE, 0x9EDE, 0x9EDE, 0x9EDE,
        0xC71A, 0xBF1A, 0xB6FB, 0xAEFC, 0xA6DD, 0x9EDE, 0x9EDE, 0x9EDE, 0x9EDE, 0x9EDE, 0x9EDE, 0x9EDE, 0x9EDE, 0x9EDE, 0x9EDE, 0x9EDE,
    },
    {
        0x7CD8, 0x8559, 0x8DDB, 0x965D, 0x9EDE, 0x9EDE, 0x9EDE, 0x9EDE, 0x9EDE, 0x9EDE, 0x9EDE, 0x9EDE, 0x9EDE, 0x9EDE, 0x9EDE, 0x9EDE,
        0x84D8, 0x8D5A, 0x95DB, 0x965D, 0x9EDE, 0x9EDE, 0x9EDE, 0x9EDE, 0x9EDE, 0x9EDE, 0x9EDE, 0x9EDE, 0x9EDE, 0x9EDE, 0x9EDE, 0x9EDE,
        0x8CD8, 0x955A, 0x95DB, 0x9E5D, 0x9EDE, 0x9EDE, 0x9EDE, 0x9EDE, 0x9EDE, 0x9EDE, 0x9EDE, 0x9EDE, 0x9EDE, 0x9EDE, 0x9EDE, 0x9EDE,
        0x9CF8, 0x9D7A, 0x9DDB, 0x9E5D, 0x9EDE, 0x9EDE, 0x9EDE, 0x9EDE, 0x9EDE, 0x9EDE, 0x9EDE, 0x9EDE, 0x9EDE, 0x9EDE, 0x9EDE, 0x9EDE,
        0xA518, 0xA57A, 0xA5FB, 0xA65D, 0x9EDE, 0x9EDE, 0x9EDE, 0x9EDE, 0x9EDE, 0x9EDE, 0x9EDE, 0x9EDE, 0x9EDE, 0x9EDE, 0x9EDE, 0x9EDE,
        0xAD38, 0xAD99, 0xA5FB, 0xA65D, 0x9EDE, 0x9EDE, 0x9EDE, 0x9EDE, 0x9EDE, 0x9EDE, 0x9EDE, 0x9EDE, 0x9EDE, 0x9EDE, 0x9EDE, 0x9EDE,
        0xB557, 0xADB9, 0xAE1B, 0xA67C, 0x9EDE, 0x9EDE, 0x9EDE, 0x9EDE, 0x9EDE, 0x9EDE, 0x9EDE, 0x9EDE, 0x9EDE, 0x9EDE, 0x9EDE, 0x9EDE,
        0xBD97, 0xB5F9, 0xAE3A, 0xA67C, 0x9EDE, 0x9EDE, 0x9EDE, 0x9EDE, 0x9EDE, 0x9EDE, 0x9EDE, 0x9EDE, 0x9EDE, 0x9EDE, 0x9EDE, 0x9EDE,
        0xBDF6, 0xB638, 0xAE5A, 0xA69C, 0x9EDE, 0x9EDE, 0x9EDE, 0x9EDE, 0x9EDE, 0x9EDE, 0x9EDE, 0x9EDE, 0x9EDE, 0x9EDE, 0x9EDE, 0x9EDE,
        0xBE36, 0xB658, 0xAE9A, 0xA6BC, 0x9EDE, 0x9EDE, 0x9EDE, 0x9EDE, 0x9EDE, 0x9EDE, 0x9EDE, 0x9EDE, 0x9EDE, 0x9EDE, 0x9EDE, 0x9EDE,
        0xBE77, 0xB698, 0xAEBA, 0xA6BC, 0x9EDE, 0x9EDE, 0x9EDE, 0x9EDE, 0x9EDE, 0x9EDE, 0x9EDE, 0x9EDE, 0x9EDE, 0x9EDE, 0x9EDE, 0x9EDE,
        0xBEB7, 0xB6B9, 0xAEBB, 0xA6DC, 0x9EDE, 0x9EDE, 0x9EDE, 0x9EDE, 0x9EDE, 0x9EDE, 0x9EDE, 0x9EDE, 0x9EDE, 0x9EDE, 0x9EDE, 0x9EDE,
        0xBED8, 0xB6DA, 0xAEDB, 0xA6DD, 0x9EDE, 0x9EDE, 0x9EDE, 0x9EDE, 0x9EDE, 0x9EDE, 0x9EDE, 0x9EDE, 0x9EDE, 0x9EDE, 0x9EDE, 0x9EDE,
        0xBEF9, 0xB6FA, 0xAEDC, 0xA6DD, 0x9EDE, 0x9EDE, 0x9EDE, 0x9EDE, 0x9EDE, 0x9EDE, 0x9EDE, 0x9EDE, 0x9EDE, 0x9EDE, 0x9EDE, 0x9EDE,
        0xBEFA, 0xB6FB, 0xAEFC, 0xA6DD, 0x9EDE, 0x9EDE, 0x9EDE, 0x9EDE, 0x9EDE, 0x9EDE, 0x9EDE, 0x9EDE, 0x9EDE, 0x9EDE, 0x9EDE, 0x9EDE,
        0xBF1A, 0xB6FB, 0xAEFC, 0xA6DD, 0x9EDE, 0x9EDE, 0x9EDE, 0x9EDE, 0x9EDE, 0x9EDE, 0x9EDE, 0x9EDE, 0x9EDE, 0x9EDE, 0x9EDE, 0x9EDE,
    },
    {
        0x8559, 0x8DDB, 0x965D, 0x9EDE, 0x9EDE, 0x9EDE, 0x9EDE, 0x9EDE, 0x9EDE, 0x9EDE, 0x9EDE, 0x9EDE, 0x9EDE, 0x9EDE, 0x9EDE, 0x9EDE,
        0x8D5A, 0x95DB, 0x965D, 0x9EDE, 0x9EDE, 0x9EDE, 0x9EDE, 0x9EDE, 0x9EDE, 0x9EDE, 0x9EDE, 0x9EDE, 0x9EDE, 0x9EDE, 0x9EDE, 0x9EDE,
        0x955A, 0x95DB, 0x9E5D, 0x9EDE, 0x9EDE, 0x9EDE, 0x9EDE, 0x9EDE, 0x9EDE, 0x9EDE, 0x9EDE, 0x9EDE, 0x9EDE, 0x9EDE, 0x9EDE, 0x9EDE,
        0x9D7A, 0x9DDB, 0x9E5D, 0x9EDE, 0x9EDE, 0x9EDE, 0x9EDE, 0x9EDE, 0x9EDE, 0x9EDE, 0x9EDE, 0x9EDE, 0x9EDE, 0x9EDE, 0x9EDE, 0x9EDE,
        0xA57A, 0xA5FB, 0xA65D, 0x9EDE, 0x9EDE, 0x9EDE, 0x9EDE, 0x9EDE, 0x9EDE, 0x9EDE, 0x9EDE, 0x9EDE, 0x9EDE, 0x9EDE, 0x9EDE, 0x9EDE,
        0xAD99, 0xA5FB, 0xA65D, 0x9EDE, 0x9EDE, 0x9EDE, 0x9EDE, 0x9EDE, 0x9EDE, 0x9EDE, 0x9EDE, 0x9EDE, 0x9EDE, 0x9EDE, 0x9EDE, 0x9EDE,
        0xADB9, 0xAE1B, 0xA67C, 0x9EDE, 0x9EDE, 0x9EDE, 0x9EDE, 0x9EDE, 0x9EDE, 0x9EDE, 0x9EDE, 0x9EDE, 0x9EDE, 0x9EDE, 0x9EDE, 0x9EDE,
        0xB5F9, 0xAE3A, 0xA67C, 0x9EDE, 0x9EDE, 0x9EDE, 0x9EDE, 0x9EDE, 0x9EDE, 0x9EDE, 0x9EDE, 0x9EDE, 0x9EDE, 0x9EDE, 0x9EDE, 0x9EDE,
        0xB638, 0xAE5A, 0xA69C, 0x9EDE, 0x9EDE, 0x9EDE, 0x9EDE, 0x9EDE, 0x9EDE, 0x9EDE, 0x9EDE, 0x9EDE, 0x9EDE, 0x9EDE, 0x9EDE, 0x9EDE,
        0xB658, 0xAE9A, 0xA6BC, 0x9EDE, 0x9EDE, 0x9EDE, 0x9EDE, 0x9EDE, 0x9EDE, 0x9EDE, 0x9EDE, 0x9EDE, 0x9EDE, 0x9EDE, 0x9EDE, 0x9EDE,
        0xB698, 0xAEBA, 0xA6BC, 0x9EDE, 0x9EDE, 0x9EDE, 0x9EDE, 0x9EDE, 0x9EDE, 0x9EDE, 0x9EDE, 0x9EDE, 0x9EDE, 0x9EDE, 0x9EDE, 0x9EDE,
        0xB6B9, 0xAEBB, 0xA6DC, 0x9EDE, 0x9EDE, 0x9EDE, 0x9EDE, 0x9EDE, 0x9EDE, 0x9EDE, 0x9EDE, 0x9EDE, 0x9EDE, 0x9EDE, 0x9EDE, 0x9EDE,
        0xB6DA, 0xAEDB, 0xA6DD, 0x9EDE, 0x9EDE, 0x9EDE, 0x9EDE, 0x9EDE, 0x9EDE, 0x9EDE, 0x9EDE, 0x9EDE, 0x9EDE, 0x9EDE, 0x9EDE, 0x9EDE,
        0xB6FA, 0xAEDC, 0xA6DD, 0x9EDE, 0x9EDE, 0x9EDE, 0x9EDE, 0x9EDE, 0x9EDE, 0x9EDE, 0x9EDE, 0x9EDE, 0x9EDE, 0x9EDE, 0x9EDE, 0x9EDE,
        0xB6FB, 0xAEFC, 0xA6DD, 0x9EDE, 0x9EDE, 0x9EDE, 0x9EDE, 0x9EDE, 0x9EDE, 0x9EDE, 0x9EDE, 0x9EDE, 0x9EDE, 0x9EDE, 0x9EDE, 0x9EDE,
        0xB6FB, 0xAEFC, 0xA6DD, 0x9EDE, 0x9EDE, 0x9EDE, 0x9EDE, 0x9EDE, 0x9EDE, 0x9EDE, 0x9EDE, 0x9EDE, 0x9EDE, 0x9EDE, 0x9EDE, 0x9EDE,
    },
    {
        0x8DDB, 0x965D, 0x9EDE, 0x9EDE, 0x9EDE, 0x9EDE, 0x9EDE, 0x9EDE, 0x9EDE, 0x9EDE, 0x9EDE, 0x9EDE, 0x9EDE, 0x9EDE, 0x9EDE, 0x9EDE,
        0x95DB, 0x965D, 0x9EDE, 0x9EDE, 0x9EDE, 0x9EDE, 0x9EDE, 0x9EDE, 0x9EDE, 0x9EDE, 0x9EDE, 0x9EDE, 0x9EDE, 0x9EDE, 0x9EDE, 0x9EDE,
        0x95DB, 0x9E5D, 0x9EDE, 0x9EDE, 0x9EDE, 0x9EDE, 0x9EDE, 0x9EDE, 0x9EDE, 0x9EDE, 0x9EDE, 0x9EDE, 0x9EDE, 0x9EDE, 0x9EDE, 0x9EDE,
        0x9DDB, 0x9E5D, 0x9EDE, 0x9EDE, 0x9EDE, 0x9EDE, 0x9EDE, 0x9EDE, 0x9EDE, 0x9EDE, 0x9EDE, 0x9EDE, 0x9EDE, 0x9EDE, 0x9EDE, 0x9EDE,
        0xA5FB, 0xA65D, 0x9EDE, 0x9EDE, 0x9EDE, 0x9EDE, 0x9EDE, 0x9EDE, 0x9EDE, 0x9EDE, 0x9EDE, 0x9EDE, 0x9EDE, 0x9EDE, 0x9EDE, 0x9EDE,
        0xA5FB, 0xA65D, 0x9EDE, 0x9EDE, 0x9EDE, 0x9EDE, 0x9EDE, 0x9EDE, 0x9EDE, 0x9EDE, 0x9EDE, 0x9EDE, 0x9EDE, 0x9EDE, 0x9EDE, 0x9EDE,
        0xAE1B, 0xA67C, 0x9EDE, 0x9EDE, 0x9EDE, 0x9EDE, 0x9EDE, 0x9EDE, 0x9EDE, 0x9EDE, 0x9EDE, 0x9EDE, 0x9EDE, 0x9EDE, 0x9EDE, 0x9EDE,
        0xAE3A, 0xA67C, 0x9EDE, 0x9EDE, 0x9EDE, 0x9EDE, 0x9EDE, 0x9EDE, 0x9EDE, 0x9EDE, 0x9EDE, 0x9EDE, 0x9EDE, 0x9EDE, 0x9EDE, 0x9EDE,
        0xAE5A, 0xA69C, 0x9EDE, 0x9EDE, 0x9EDE, 0x9EDE, 0x9EDE, 0x9EDE, 0x9EDE, 0x9EDE, 0x9EDE, 0x9EDE, 0x9EDE, 0x9EDE, 0x9EDE, 0x9EDE,
        0xAE9A, 0xA6BC, 0x9EDE, 0x9EDE, 0x9EDE, 0x9EDE, 0x9EDE, 0x9EDE, 0x9EDE, 0x9EDE, 0x9EDE, 0x9EDE, 0x9EDE, 0x9EDE, 0x9EDE, 0x9EDE,
        0xAEBA, 0xA6BC, 0x9EDE, 0x9EDE, 0x9EDE, 0x9EDE, 0x9EDE, 0x9EDE, 0x9EDE, 0x9EDE, 0x9EDE, 0x9EDE, 0x9EDE, 0x9EDE, 0x9EDE, 0x9EDE,
        0xAEBB, 0xA6DC, 0x9EDE, 0x9EDE, 0x9EDE, 0x9EDE, 0x9EDE, 0x9EDE, 0x9EDE, 0x9EDE, 0x9EDE, 0x9EDE, 0x9EDE, 0x9EDE, 0x9EDE, 0x9EDE,
        0xAEDB, 0xA6DD, 0x9EDE, 0x9EDE, 0x9EDE, 0x9EDE, 0x9EDE, 0x9EDE, 0x9EDE, 0x9EDE, 0x9EDE, 0x9EDE, 0x9EDE, 0x9EDE, 0x9EDE, 0x9EDE,
        0xAEDC, 0xA6DD, 0x9EDE, 0x9EDE, 0x9EDE, 0x9EDE, 0x9EDE, 0x9EDE, 0x9EDE, 0x9EDE, 0x9EDE, 0x9EDE, 0x9EDE, 0x9EDE, 0x9EDE, 0x9EDE,
        0xAEFC, 0xA6DD, 0x9EDE, 0x9EDE, 0x9EDE, 0x9EDE, 0x9EDE, 0x9EDE, 0x9EDE, 0x9EDE, 0x9EDE, 0x9EDE, 0x9EDE, 0x9EDE, 0x9EDE, 0x9EDE,
        0xAEFC, 0xA6DD, 0x9EDE, 0x9EDE, 0x9EDE, 0x9EDE, 0x9EDE, 0x9EDE, 0x9EDE, 0x9EDE, 0x9EDE, 0x9EDE, 0x9EDE, 0x9EDE, 0x9EDE, 0x9EDE,
    },
    {
        0x965D, 0x9EDE, 0x9EDE, 0x9EDE, 0x9EDE, 0x9EDE, 0x9EDE, 0x9EDE, 0x9EDE, 0x9EDE, 0x9EDE, 0x9EDE, 0x9EDE, 0x9EDE, 0x9EDE, 0x9EDE,
        0x965D, 0x9EDE, 0x9EDE, 0x9EDE, 0x9EDE, 0x9EDE, 0x9EDE, 0x9EDE, 0x9EDE, 0x9EDE, 0x9EDE, 0x9EDE, 0x9EDE, 0x9EDE, 0x9EDE, 0x9EDE,
        0x9E5D, 0x9EDE, 0x9EDE, 0x9EDE, 0x9EDE, 0x9EDE, 0x9EDE, 0x9EDE, 0x9EDE, 0x9EDE, 0x9EDE, 0x9EDE, 0x9EDE, 0x9EDE, 0x9EDE, 0x9EDE,
        0x9E5D, 0x9EDE, 0x9EDE, 0x9EDE, 0x9EDE, 0x9EDE, 0x9EDE, 0x9EDE, 0x9EDE, 0x9EDE, 0x9EDE, 0x9EDE, 0x9EDE, 0x9EDE, 0x9EDE, 0x9EDE,
        0xA65D, 0x9EDE, 0x9EDE, 0x9EDE, 0x9EDE, 0x9EDE, 0x9EDE, 0x9EDE, 0x9EDE, 0x9EDE, 0x9EDE, 0x9EDE, 0x9EDE, 0x9EDE, 0x9EDE, 0x9EDE,
        0xA65D, 0x9EDE, 0x9EDE, 0x9EDE, 0x9EDE, 0x9EDE, 0x9EDE, 0x9EDE, 0x9EDE, 0x9EDE, 0x9EDE, 0x9EDE, 0x9EDE, 0x9EDE, 0x9EDE, 0x9EDE,
        0xA67C, 0x9EDE, 0x9EDE, 0x9EDE, 0x9EDE, 0x9EDE, 0x9EDE, 0x9EDE, 0x9EDE, 0x9EDE, 0x9EDE, 0x9EDE, 0x9EDE, 0x9EDE, 0x9EDE, 0x9EDE,
        0xA67C, 0x9EDE, 0x9EDE, 0x9EDE, 0x9EDE, 0x9EDE, 0x9EDE, 0x9EDE, 0x9EDE, 0x9EDE, 0x9EDE, 0x9EDE, 0x9EDE, 0x9EDE, 0x9EDE, 0x9EDE,
        0xA69C, 0x9EDE, 0x9EDE, 0x9EDE, 0x9EDE, 0x9EDE, 0x9EDE, 0x9EDE, 0x9EDE, 0x9EDE, 0x9EDE, 0x9EDE, 0x9EDE, 0x9EDE, 0x9EDE, 0x9EDE,
        0xA6BC, 0x9EDE, 0x9EDE, 0x9EDE, 0x9EDE, 0x9EDE, 0x9EDE, 0x9EDE, 0x9EDE, 0x9EDE, 0x9EDE, 0x9EDE, 0x9EDE, 0x9EDE, 0x9EDE, 0x9EDE,
        0xA6BC, 0x9EDE, 0x9EDE, 0x9EDE, 0x9EDE, 0x9EDE, 0x9EDE, 0x9EDE, 0x9EDE, 0x9EDE, 0x9EDE, 0x9EDE, 0x9EDE, 0x9EDE, 0x9EDE, 0x9EDE,
        0xA6DC, 0x9EDE, 0x9EDE, 0x9EDE, 0x9EDE, 0x9EDE, 0x9EDE, 0x9EDE, 0x9EDE, 0x9EDE, 0x9EDE, 0x9EDE, 0x9EDE, 0x9EDE, 0x9EDE, 0x9EDE,
        0xA6DD, 0x9EDE, 0x9EDE, 0x9EDE, 0x9EDE, 0x9EDE, 0x9EDE, 0x9EDE, 0x9EDE, 0x9EDE, 0x9EDE, 0x9EDE, 0x9EDE, 0x9EDE, 0x9EDE, 0x9EDE,
        0xA6DD, 0x9EDE, 0x9EDE, 0x9EDE, 0x9EDE, 0x9EDE, 0x9EDE, 0x9EDE, 0x9EDE, 0x9EDE, 0x9EDE, 0x9EDE, 0x9EDE, 0x9EDE, 0x9EDE, 0x9EDE,
        0xA6DD, 0x9EDE, 0x9EDE, 0x9EDE, 0x9EDE, 0x9EDE, 0x9EDE, 0x9EDE, 0x9EDE, 0x9EDE, 0x9EDE, 0x9EDE, 0x9EDE, 0x9EDE, 0x9EDE, 0x9EDE,
        0xA6DD, 0x9EDE, 0x9EDE, 0x9EDE, 0x9EDE, 0x9EDE, 0x9EDE, 0x9EDE, 0x9EDE, 0x9EDE, 0x9EDE, 0x9EDE, 0x9EDE, 0x9EDE, 0x9EDE, 0x9EDE,
    },
    {
        0x9EDE, 0x9EDE, 0x9EDE, 0x9EDE, 0x9EDE, 0x9EDE, 0x9EDE, 0x9EDE, 0x9EDE, 0x9EDE, 0x9EDE, 0x9EDE, 0x9EDE, 0x9EDE, 0x9EDE, 0x9EDE,
        0x9EDE, 0x9EDE, 0x9EDE, 0x9EDE, 0x9EDE, 0x9EDE, 0x9EDE, 0x9EDE, 0x9EDE, 0x9EDE, 0x9EDE, 0x9EDE, 0x9EDE, 0x9EDE, 0x9EDE, 0x9EDE,
        0x9EDE, 0x9EDE, 0x9EDE, 0x9EDE, 0x9EDE, 0x9EDE, 0x9EDE, 0x9EDE, 0x9EDE, 0x9EDE, 0x9EDE, 0x9EDE, 0x9EDE, 0x9EDE, 0x9EDE, 0x9EDE,
        0x9EDE, 0x9EDE, 0x9EDE, 0x9EDE, 0x9EDE, 0x9EDE, 0x9EDE, 0x9EDE, 0x9EDE, 0x9EDE, 0x9EDE, 0x9EDE, 0x9EDE, 0x9EDE, 0x9EDE, 0xFB16,
        0x9EDE, 0x9EDE, 0x9EDE, 0x9EDE, 0x9EDE, 0x9EDE, 0x9EDE, 0x9EDE, 0x9EDE, 0x9EDE, 0x9EDE, 0x9EDE, 0x9EDE, 0x9EDE, 0x9EDE, 0xFB16,
        0x9EDE, 0x9EDE, 0x9EDE, 0x9EDE, 0x9EDE, 0x9EDE, 0x9EDE, 0x9EDE, 0x9EDE, 0x9EDE, 0x9EDE, 0x9EDE, 0x9EDE, 0x9EDE, 0x9EDE, 0x9EDE,
        0x9EDE, 0x9EDE, 0x9EDE, 0x9EDE, 0x9EDE, 0x9EDE, 0x9EDE, 0x9EDE, 0x9EDE, 0x9EDE, 0x9EDE, 0x9EDE, 0x9EDE, 0x9EDE, 0x9EDE, 0x9EDE,
        0x9EDE, 0x9EDE, 0x9EDE, 0x9EDE, 0x9EDE, 0x9EDE, 0x9EDE, 0x9EDE, 0x9EDE, 0x9EDE, 0x9EDE, 0x9EDE, 0x9EDE, 0x9EDE, 0x9EDE, 0x9EDE,
        0x9EDE, 0x9EDE, 0x9EDE, 0x9EDE, 0x9EDE, 0x9EDE, 0x9EDE, 0x9EDE, 0x9EDE, 0x9EDE, 0x9EDE, 0x9EDE, 0x9EDE, 0x9EDE, 0x9EDE, 0x9EDE,
        0x9EDE, 0x9EDE, 0x9EDE, 0x9EDE, 0x9EDE, 0x9EDE, 0x9EDE, 0x9EDE, 0x9EDE, 0x9EDE, 0x9EDE, 0x9EDE, 0x9EDE, 0x9EDE, 0x9EDE, 0x9EDE,
        0x9EDE, 0x9EDE, 0x9EDE, 0x9EDE, 0x9EDE, 0x9EDE, 0x9EDE, 0x9EDE, 0x9EDE, 0x9EDE, 0x9EDE, 0x9EDE, 0x9EDE, 0x9EDE, 0x9EDE, 0x9EDE,
        0x9EDE, 0x9EDE, 0x9EDE, 0x9EDE, 0x9EDE, 0x9EDE, 0x9EDE, 0x9EDE, 0x9EDE, 0x9EDE, 0x9EDE, 0x9EDE, 0x9EDE, 0x9EDE, 0x9EDE, 0x9EDE,
        0x9EDE, 0x9EDE, 0x9EDE, 0x9EDE, 0x9EDE, 0x9EDE, 0x9EDE, 0x9EDE, 0x9EDE, 0x9EDE, 0x9EDE, 0x9EDE, 0x9EDE, 0x9EDE, 0x9EDE, 0x9EDE,
        0x9EDE, 0x9EDE, 0x9EDE, 0x9EDE, 0x9EDE, 0x9EDE, 0x9EDE, 0x9EDE, 0x9EDE, 0x9EDE, 0x9EDE, 0x9EDE, 0x9EDE, 0x9EDE, 0x9EDE, 0x9EDE,
        0x9EDE, 0x9EDE, 0x9EDE, 0x9EDE, 0x9EDE, 0x9EDE, 0x9EDE, 0x9EDE, 0x9EDE, 0x9EDE, 0x9EDE, 0x9EDE, 0x9EDE, 0x9EDE, 0x9EDE, 0x9EDE,
        0x9EDE, 0x9EDE, 0x9EDE, 0x9EDE, 0x9EDE, 0x9EDE, 0x9EDE, 0x9EDE, 0x9EDE, 0x9EDE, 0x9EDE, 0x9EDE, 0x9EDE, 0x9EDE, 0x9EDE, 0x9EDE,
    },
    {
        0x9EDE, 0x9EDE, 0x9EDE, 0x9EDE, 0x9EDE, 0x9EDE, 0x9EDE, 0x9EDE, 0x9EDE, 0x9EDE, 0x9EDE, 0x9EDE, 0x9EDE, 0x9EDE, 0x9EDE, 0x9EDE,
        0x9EDE, 0x9EDE, 0x9EDE, 0x9EDE, 0x9EDE, 0x9EDE, 0x9EDE, 0x9EDE, 0x9EDE, 0x9EDE, 0x9EDE, 0x9EDE, 0x9EDE, 0x9EDE, 0x9EDE, 0x9EDE,
        0x9EDE, 0x9EDE, 0x9EDE, 0x9EDE, 0x9EDE, 0x9EDE, 0x9EDE, 0x9EDE, 0x9EDE, 0x9EDE, 0x9EDE, 0x9EDE, 0x9EDE, 0x9EDE, 0x9EDE, 0x9EDE,
        0x9EDE, 0x9EDE, 0x9EDE, 0x9EDE, 0x9EDE, 0x9EDE, 0x9EDE, 0x9EDE, 0x9EDE, 0x9EDE, 0x9EDE, 0x9EDE, 0x9EDE, 0x9EDE, 0xFB16, 0xFB16,
        0x9EDE, 0x9EDE, 0x9EDE, 0x9EDE, 0x9EDE, 0x9EDE, 0x9EDE, 0x9EDE, 0x9EDE, 0x9EDE, 0x9EDE, 0x9EDE, 0x9EDE, 0x9EDE, 0xFB16, 0xFFFF,
        0x9EDE, 0x9EDE, 0x9EDE, 0x9EDE, 0x9EDE, 0x9EDE, 0x9EDE, 0x9EDE, 0x9EDE, 0x9EDE, 0x9EDE, 0x9EDE, 0x9EDE, 0x9EDE, 0x9EDE, 0xC150,
        0x9EDE, 0x9EDE, 0x9EDE, 0x9EDE, 0x9EDE, 0x9EDE, 0x9EDE, 0x9EDE, 0x9EDE, 0x9EDE, 0x9EDE, 0x9EDE, 0x9EDE, 0x9EDE, 0x9EDE, 0x9EDE,
        0x9EDE, 0x9EDE, 0x9EDE, 0x9EDE, 0x9EDE, 0x9EDE, 0x9EDE, 0x9EDE, 0x9EDE, 0x9EDE, 0x9EDE, 0x9EDE, 0x9EDE, 0x9EDE, 0x9EDE, 0x9EDE,
        0x9EDE, 0x9EDE, 0x9EDE, 0x9EDE, 0x9EDE, 0x9EDE, 0x9EDE, 0x9EDE, 0x9EDE, 0x9EDE, 0x9EDE, 0x9EDE, 0x9EDE, 0x9EDE, 0x9EDE, 0x9EDE,
        0x9EDE, 0x9EDE, 0x9EDE, 0x9EDE, 0x9EDE, 0x9EDE, 0x9EDE, 0x9EDE, 0x9EDE, 0x9EDE, 0x9EDE, 0x9EDE, 0x9EDE, 0x9EDE, 0x9EDE, 0x9EDE,
        0x9EDE, 0x9EDE, 0x9EDE, 0x9EDE, 0x9EDE, 0x9EDE, 0x9EDE, 0x9EDE, 0x9EDE, 0x9EDE, 0x9EDE, 0x9EDE, 0x9EDE, 0x9EDE, 0x9EDE, 0x9EDE,
        0x9EDE, 0x9EDE, 0x9EDE, 0x9EDE, 0x9EDE, 0x9EDE, 0x9EDE, 0x9EDE, 0x9EDE, 0x9EDE, 0x9EDE, 0x9EDE, 0x9EDE, 0x9EDE, 0x9EDE, 0x9EDE,
        0x9EDE, 0x9EDE, 0x9EDE, 0x9EDE, 0x9EDE, 0x9EDE, 0x9EDE, 0x9EDE, 0x9EDE, 0x9EDE, 0x9EDE, 0x9EDE, 0x9EDE, 0x9EDE, 0x9EDE, 0x9EDE,
        0x9EDE, 0x9EDE, 0x9EDE, 0x9EDE, 0x9EDE, 0x9EDE, 0x9EDE, 0x9EDE, 0x9EDE, 0x9EDE, 0x9EDE, 0x9EDE, 0x9EDE, 0x9EDE, 0x9EDE, 0x9EDE,
        0x9EDE, 0x9EDE, 0x9EDE, 0x9EDE, 0x9EDE, 0x9EDE, 0x9EDE, 0x9EDE, 0x9EDE, 0x9EDE, 0x9EDE, 0x9EDE, 0x9EDE, 0x9EDE, 0x9EDE, 0x9EDE,
        0x9EDE, 0x9EDE, 0x9EDE, 0x9EDE, 0x9EDE, 0x9EDE, 0x9EDE, 0x9EDE, 0x9EDE, 0x9EDE, 0x9EDE, 0x9EDE, 0x9EDE, 0x9EDE, 0x9EDE, 0x9EDE,
    },
    {
        0x9EDE, 0x9EDE, 0x9EDE, 0x9EDE, 0x9EDE, 0x9EDE, 0x9EDE, 0x9EDE, 0x9EDE, 0x9EDE, 0x9EDE, 0x9EDE, 0x9EDE, 0x9EDE, 0x9EDE, 0x9EDE,
        0x9EDE, 0x9EDE, 0x9EDE, 0x9EDE, 0x9EDE, 0x9EDE, 0x9EDE, 0x9EDE, 0x9EDE, 0x9EDE, 0x9EDE, 0x9EDE, 0x9EDE, 0x9EDE, 0x9EDE, 0x9EDE,
        0x9EDE, 0x9EDE, 0x9EDE, 0x9EDE, 0x9EDE, 0x9EDE, 0x9EDE, 0x9EDE, 0x9EDE, 0x9EDE, 0x9EDE, 0x9EDE, 0x9EDE, 0x9EDE, 0x9EDE, 0x9EDE,
        0x9EDE, 0x9EDE, 0x9EDE, 0x9EDE, 0x9EDE, 0x9EDE, 0x9EDE, 0x9EDE, 0x9EDE, 0x9EDE, 0x9EDE, 0x9EDE, 0x9EDE, 0xFB16, 0xFB16, 0xFB16,
        0x9EDE, 0x9EDE, 0x9EDE, 0x9EDE, 0x9EDE, 0x9EDE, 0x9EDE, 0x9EDE, 0x9EDE, 0x9EDE, 0x9EDE, 0x9EDE, 0x9EDE, 0xFB16, 0xFFFF, 0xFFFF,
        0x9EDE, 0x9EDE, 0x9EDE, 0x9EDE, 0x9EDE, 0x9EDE, 0x9EDE, 0x9EDE, 0x9EDE, 0x9EDE, 0x9EDE, 0x9EDE, 0x9EDE, 0x9EDE, 0xC150, 0xC150,
        0x9EDE, 0x9EDE, 0x9EDE, 0x9EDE, 0x9EDE, 0x9EDE, 0x9EDE, 0x9EDE, 0x9EDE, 0x9EDE, 0x9EDE, 0x9EDE, 0x9EDE, 0x9EDE, 0x9EDE, 0x9EDE,
        0x9EDE, 0x9EDE, 0x9EDE, 0x9EDE, 0x9EDE, 0x9EDE, 0x9EDE, 0x9EDE, 0x9EDE, 0x9EDE, 0x9EDE, 0x9EDE, 0x9EDE, 0x9EDE, 0x9EDE, 0x9EDE,
        0x9EDE, 0x9EDE, 0x9EDE, 0x9EDE, 0x9EDE, 0x9EDE, 0x9EDE, 0x9EDE, 0x9EDE, 0x9EDE, 0x9EDE, 0x9EDE, 0x9EDE, 0x9EDE, 0x9EDE, 0x9EDE,
        0x9EDE, 0x9EDE, 0x9EDE, 0x9EDE, 0x9EDE, 0x9EDE, 0x9EDE, 0x9EDE, 0x9EDE, 0x9EDE, 0x9EDE, 0x9EDE, 0x9EDE, 0x9EDE, 0x9EDE, 0x9EDE,
        0x9EDE, 0x9EDE, 0x9EDE, 0x9EDE, 0x9EDE, 0x9EDE, 0x9EDE, 0x9EDE, 0x9EDE, 0x9EDE, 0x9EDE, 0x9EDE, 0x9EDE, 0x9EDE, 0x9EDE, 0x9EDE,
        0x9EDE, 0x9EDE, 0x9EDE, 0x9EDE, 0x9EDE, 0x9EDE, 0x9EDE, 0x9EDE, 0x9EDE, 0x9EDE, 0x9EDE, 0x9EDE, 0x9EDE, 0x9EDE, 0x9EDE, 0x9EDE,
        0x9EDE, 0x9EDE, 0x9EDE, 0x9EDE, 0x9EDE, 0x9EDE, 0x9EDE, 0x9EDE, 0x9EDE, 0x9EDE, 0x9EDE, 0x9EDE, 0x9EDE, 0x9EDE, 0x9EDE, 0x9EDE,
        0x9EDE, 0x9EDE, 0x9EDE, 0x9EDE, 0x9EDE, 0x9EDE, 0x9EDE, 0x9EDE, 0x9EDE, 0x9EDE, 0x9EDE, 0x9EDE, 0x9EDE, 0x9EDE, 0x9EDE, 0x9EDE,
        0x9EDE, 0x9EDE, 0x9EDE, 0x9EDE, 0x9EDE, 0x9EDE, 0x9EDE, 0x9EDE, 0x9EDE, 0x9EDE, 0x9EDE, 0x9EDE, 0x9EDE, 0x9EDE, 0x9EDE, 0x9EDE,
        0x9EDE, 0x9EDE, 0x9EDE, 0x9EDE, 0x9EDE, 0x9EDE, 0x9EDE, 0x9EDE, 0x9EDE, 0x9EDE, 0x9EDE, 0x9EDE, 0x9EDE, 0x9EDE, 0x9EDE, 0x9EDE,
    },
    {
        0x9EDE, 0x9EDE, 0x9EDE, 0x9EDE, 0x9EDE, 0x9EDE, 0x9EDE, 0x9EDE, 0x9EDE, 0x9EDE, 0x9EDE, 0x9EDE, 0x9EDE, 0x9EDE, 0x9EDE, 0x9EDE,
        0x9EDE, 0x9EDE, 0x9EDE, 0x9EDE, 0x9EDE, 0x9EDE, 0x9EDE, 0x9EDE, 0x9EDE, 0x9EDE, 0x9EDE, 0x9EDE, 0x9EDE, 0x9EDE, 0x9EDE, 0x9EDE,
        0x9EDE, 0x9EDE, 0x9EDE, 0x9EDE, 0x9EDE, 0x9EDE, 0x9EDE, 0x9EDE, 0x9EDE, 0x9EDE, 0x9EDE, 0x9EDE, 0x9EDE, 0x9EDE, 0x9EDE, 0x9EDE,
        0x9EDE, 0x9EDE, 0x9EDE, 0x9EDE, 0x9EDE, 0x9EDE, 0x9EDE, 0x9EDE, 0x9EDE, 0x9EDE, 0x9EDE, 0x9EDE, 0xFB16, 0xFB16, 0xFB16, 0xFB16,
        0x9EDE, 0x9EDE, 0x9EDE, 0x9EDE, 0x9EDE, 0x9EDE, 0x9EDE, 0x9EDE, 0x9EDE, 0x9EDE, 0x9EDE, 0x9EDE, 0xFB16, 0xFFFF, 0xFFFF, 0xFFFF,
        0x9EDE, 0x9EDE, 0x9EDE, 0x9EDE, 0x9EDE, 0x9EDE, 0x9EDE, 0x9EDE, 0x9EDE, 0x9EDE, 0x9EDE, 0x9EDE, 0x9EDE, 0xC150, 0xC150, 0xFB16,
        0x9EDE, 0x9EDE, 0x9EDE, 0x9EDE, 0x9EDE, 0x9EDE, 0x9EDE, 0x9EDE, 0x9EDE, 0x9EDE, 0x9EDE, 0x9EDE, 0x9EDE, 0x9EDE, 0x9EDE, 0xFB16,
        0x9EDE, 0x9EDE, 0x9EDE, 0x9EDE, 0x9EDE, 0x9EDE, 0x9EDE, 0x9EDE, 0x9EDE, 0x9EDE, 0x9EDE, 0x9EDE, 0x9EDE, 0x9EDE, 0x9EDE, 0xFB16,
        0x9EDE, 0x9EDE, 0x9EDE, 0x9EDE, 0x9EDE, 0x9EDE, 0x9EDE, 0x9EDE, 0x9EDE, 0x9EDE, 0x9EDE, 0x9EDE, 0x9EDE, 0x9EDE, 0x9EDE, 0xFB16,
        0x9EDE, 0x9EDE, 0x9EDE, 0x9EDE, 0x9EDE, 0x9EDE, 0x9EDE, 0x9EDE, 0x9EDE, 0x9EDE, 0x9EDE, 0x9EDE, 0x9EDE, 0x9EDE, 0x9EDE, 0xFB16,
        0x9EDE, 0x9EDE, 0x9EDE, 0x9EDE, 0x9EDE, 0x9EDE, 0x9EDE, 0x9EDE, 0x9EDE, 0x9EDE, 0x9EDE, 0x9EDE, 0x9EDE, 0x9EDE, 0x9EDE, 0xFB16,
        0x9EDE, 0x9EDE, 0x9EDE, 0x9EDE, 0x9EDE, 0x9EDE, 0x9EDE, 0x9EDE, 0x9EDE, 0x9EDE, 0x9EDE, 0x9EDE, 0x9EDE, 0x9EDE, 0x9EDE, 0xFB16,
        0x9EDE, 0x9EDE, 0x9EDE, 0x9EDE, 0x9EDE, 0x9EDE, 0x9EDE, 0x9EDE, 0x9EDE, 0x9EDE, 0x9EDE, 0x9EDE, 0x9EDE, 0x9EDE, 0x9EDE, 0xFB16,
        0x9EDE, 0x9EDE, 0x9EDE, 0x9EDE, 0x9EDE, 0x9EDE, 0x9EDE, 0x9EDE, 0x9EDE, 0x9EDE, 0x9EDE, 0x9EDE, 0x9EDE, 0x9EDE, 0x9EDE, 0x9EDE,
        0x9EDE, 0x9EDE, 0x9EDE, 0x9EDE, 0x9EDE, 0x9EDE, 0x9EDE, 0x9EDE, 0x9EDE, 0x9EDE, 0x9EDE, 0x9EDE, 0x9EDE, 0x9EDE, 0x9EDE, 0x9EDE,
        0x9EDE, 0x9EDE, 0x9EDE, 0x9EDE, 0x9EDE, 0x9EDE, 0x9EDE, 0x9EDE, 0x9EDE, 0x9EDE, 0x9EDE, 0x9EDE, 0x9EDE, 0x9EDE, 0x9EDE, 0x9EDE,
    },
    {
        0x9EDE, 0x9EDE, 0x9EDE, 0x9EDE, 0x9EDE, 0x9EDE, 0x9EDE, 0x9EDE, 0x9EDE, 0x9EDE, 0x9EDE, 0x9EDE, 0x9EDE, 0x9EDE, 0x9EDE, 0x9EDE,
        0x9EDE, 0x9EDE, 0x9EDE, 0x9EDE, 0x9EDE, 0x9EDE, 0x9EDE, 0x9EDE, 0x9EDE, 0x9EDE, 0x9EDE, 0x9EDE, 0x9EDE, 0x9EDE, 0x9EDE, 0x9EDE,
        0x9EDE, 0x9EDE, 0x9EDE, 0x9EDE, 0x9EDE, 0x9EDE, 0x9EDE, 0x9EDE, 0x9EDE, 0x9EDE, 0x9EDE, 0x9EDE, 0x9EDE, 0x9EDE, 0x9EDE, 0x9EDE,
        0x9EDE, 0x9EDE, 0x9EDE, 0x9EDE, 0x9EDE, 0x9EDE, 0x9EDE, 0x9EDE, 0x9EDE, 0x9EDE, 0x9EDE, 0xFB16, 0xFB16, 0xFB16, 0xFB16, 0xFB16,
        0x9EDE, 0x9EDE, 0x9EDE, 0x9EDE, 0x9EDE, 0x9EDE, 0x9EDE, 0x9EDE, 0x9EDE, 0x9EDE, 0x9EDE, 0xFB16, 0xFFFF, 0xFFFF, 0xFFFF, 0xFFFF,
        0x9EDE, 0x9EDE, 0x9EDE, 0x9EDE, 0x9EDE, 0x9EDE, 0x9EDE, 0x9EDE, 0x9EDE, 0x9EDE, 0x9EDE, 0x9EDE, 0xC150, 0xC150, 0xFB16, 0xFFFF,
        0x9EDE, 0x9EDE, 0x9EDE, 0x9EDE, 0x9EDE, 0x9EDE, 0x9EDE, 0x9EDE, 0x9EDE, 0x9EDE, 0x9EDE, 0x9EDE, 0x9EDE, 0x9EDE, 0xFB16, 0xFFFF,
        0x9EDE, 0x9EDE, 0x9EDE, 0x9EDE, 0x9EDE, 0x9EDE, 0x9EDE, 0x9EDE, 0x9EDE, 0x9EDE, 0x9EDE, 0x9EDE, 0x9EDE, 0x9EDE, 0xFB16, 0xFFFF,
        0x9EDE, 0x9EDE, 0x9EDE, 0x9EDE, 0x9EDE, 0x9EDE, 0x9EDE, 0x9EDE, 0x9EDE, 0x9EDE, 0x9EDE, 0x9EDE, 0x9EDE, 0x9EDE, 0xFB16, 0xFFFF,
        0x9EDE, 0x9EDE, 0x9EDE, 0x9EDE, 0x9EDE, 0x9EDE, 0x9EDE, 0x9EDE, 0x9EDE, 0x9EDE, 0x9EDE, 0x9EDE, 0x9EDE, 0x9EDE, 0xFB16, 0xFFFF,
        0x9EDE, 0x9EDE, 0x9EDE, 0x9EDE, 0x9EDE, 0x9EDE, 0x9EDE, 0x9EDE, 0x9EDE, 0x9EDE, 0x9EDE, 0x9EDE, 0x9EDE, 0x9EDE, 0xFB16, 0xFFFF,
        0x9EDE, 0x9EDE, 0x9EDE, 0x9EDE, 0x9EDE, 0x9EDE, 0x9EDE, 0x9EDE, 0x9EDE, 0x9EDE, 0x9EDE, 0x9EDE, 0x9EDE, 0x9EDE, 0xFB16, 0xFFFF,
        0x9EDE, 0x9EDE, 0x9EDE, 0x9EDE, 0x9EDE, 0x9EDE, 0x9EDE, 0x9EDE, 0x9EDE, 0x9EDE, 0x9EDE, 0x9EDE, 0x9EDE, 0x9EDE, 0xFB16, 0xFFFF,
        0x9EDE, 0x9EDE, 0x9EDE, 0x9EDE, 0x9EDE, 0x9EDE, 0x9EDE, 0x9EDE, 0x9EDE, 0x9EDE, 0x9EDE, 0x9EDE, 0x9EDE, 0x9EDE, 0x9EDE, 0xC150,
        0x9EDE, 0x9EDE, 0x9EDE, 0x9EDE, 0x9EDE, 0x9EDE, 0x9EDE, 0x9EDE, 0x9EDE, 0x9EDE, 0x9EDE, 0x9EDE, 0x9EDE, 0x9EDE, 0x9EDE, 0x9EDE,
        0x9EDE, 0x9EDE, 0x9EDE, 0x9EDE, 0x9EDE, 0x9EDE, 0x9EDE, 0x9EDE, 0x9EDE, 0x9EDE, 0x9EDE, 0x9EDE, 0x9EDE, 0x9EDE, 0x9EDE, 0x9EDE,
    },
    {
        0x9EDE, 0x9EDE, 0x9EDE, 0x9EDE, 0x9EDE, 0x9EDE, 0x9EDE, 0x9EDE, 0x9EDE, 0x9EDE, 0x9EDE, 0x9EDE, 0x9EDE, 0x9EDE, 0x9EDE, 0x9EDE,
        0x9EDE, 0x9EDE, 0x9EDE, 0x9EDE, 0x9EDE, 0x9EDE, 0x9EDE, 0x9EDE, 0x9EDE, 0x9EDE, 0x9EDE, 0x9EDE, 0x9EDE, 0x9EDE, 0x9EDE, 0x9EDE,
        0x9EDE, 0x9EDE, 0x9EDE, 0x9EDE, 0x9EDE, 0x9EDE, 0x9EDE, 0x9EDE, 0x9EDE, 0x9EDE, 0x9EDE, 0x9EDE, 0x9EDE, 0x9EDE, 0x9EDE, 0x9EDE,
        0x9EDE, 0x9EDE, 0x9EDE, 0x9EDE, 0x9EDE, 0x9EDE, 0x9EDE, 0x9EDE, 0x9EDE, 0x9EDE, 0xFB16, 0xFB16, 0xFB16, 0xFB16, 0xFB16, 0xFB16,
        0x9EDE, 0x9EDE, 0x9EDE, 0x9EDE, 0x9EDE, 0x9EDE, 0x9EDE, 0x9EDE, 0x9EDE, 0x9EDE, 0xFB16, 0xFFFF, 0xFFFF, 0xFFFF, 0xFFFF, 0xFFFF,
        0x9EDE, 0x9EDE, 0x9EDE, 0x9EDE, 0x9EDE, 0x9EDE, 0x9EDE, 0x9EDE, 0x9EDE, 0x9EDE, 0x9EDE, 0xC150, 0xC150, 0xFB16, 0xFFFF, 0xC150,
        0x9EDE, 0x9EDE, 0x9EDE, 0x9EDE, 0x9EDE, 0x9EDE, 0x9EDE, 0x9EDE, 0x9EDE, 0x9EDE, 0x9EDE, 0x9EDE, 0x9EDE, 0xFB16, 0xFFFF, 0xC150,
        0x9EDE, 0x9EDE, 0x9EDE, 0x9EDE, 0x9EDE, 0x9EDE, 0x9EDE, 0x9EDE, 0x9EDE, 0x9EDE, 0x9EDE, 0x9EDE, 0x9EDE, 0xFB16, 0xFFFF, 0xC150,
        0x9EDE, 0x9EDE, 0x9EDE, 0x9EDE, 0x9EDE, 0x9EDE, 0x9EDE, 0x9EDE, 0x9EDE, 0x9EDE, 0x9EDE, 0x9EDE, 0x9EDE, 0xFB16, 0xFFFF, 0xC150,
        0x9EDE, 0x9EDE, 0x9EDE, 0x9EDE, 0x9EDE, 0x9EDE, 0x9EDE, 0x9EDE, 0x9EDE, 0x9EDE, 0x9EDE, 0x9EDE, 0x9EDE, 0xFB16, 0xFFFF, 0xC150,
        0x9EDE, 0x9EDE, 0x9EDE, 0x9EDE, 0x9EDE, 0x9EDE, 0x9EDE, 0x9EDE, 0x9EDE, 0x9EDE, 0x9EDE, 0x9EDE, 0x9EDE, 0xFB16, 0xFFFF, 0xC150,
        0x9EDE, 0x9EDE, 0x9EDE, 0x9EDE, 0x9EDE, 0x9EDE, 0x9EDE, 0x9EDE, 0x9EDE, 0x9EDE, 0x9EDE, 0x9EDE, 0x9EDE, 0xFB16, 0xFFFF, 0xC150,
        0x9EDE, 0x9EDE, 0x9EDE, 0x9EDE, 0x9EDE, 0x9EDE, 0x9EDE, 0x9EDE, 0x9EDE, 0x9EDE, 0x9EDE, 0x9EDE, 0x9EDE, 0xFB16, 0xFFFF, 0xC150,
        0x9EDE, 0x9EDE, 0x9EDE, 0x9EDE, 0x9EDE, 0x9EDE, 0x9EDE, 0x9EDE, 0x9EDE, 0x9EDE, 0x9EDE, 0x9EDE, 0x9EDE, 0x9EDE, 0xC150, 0xC150,
        0x9EDE, 0x9EDE, 0x9EDE, 0x9EDE, 0x9EDE, 0x9EDE, 0x9EDE, 0x9EDE, 0x9EDE, 0x9EDE, 0x9EDE, 0x9EDE, 0x9EDE, 0x9EDE, 0x9EDE, 0x9EDE,
        0x9EDE, 0x9EDE, 0x9EDE, 0x9EDE, 0x9EDE, 0x9EDE, 0x9EDE, 0x9EDE, 0x9EDE, 0x9EDE, 0x9EDE, 0x9EDE, 0x9EDE, 0x9EDE, 0x9EDE, 0x9EDE,
    },
    {
        0x9EDE, 0x9EDE, 0x9EDE, 0x9EDE, 0x9EDE, 0x9EDE, 0x9EDE, 0x9EDE, 0x9EDE, 0x9EDE, 0x9EDE, 0x9EDE, 0x9EDE, 0x9EDE, 0x9EDE, 0x9EDE,
        0x9EDE, 0x9EDE, 0x9EDE, 0x9EDE, 0x9EDE, 0x9EDE, 0x9EDE, 0x9EDE, 0x9EDE, 0x9EDE, 0x9EDE, 0x9EDE, 0x9EDE, 0x9EDE, 0x9EDE, 0x9EDE,
        0x9EDE, 0x9EDE, 0x9EDE, 0x9EDE, 0x9EDE, 0x9EDE, 0x9EDE, 0x9EDE, 0x9EDE, 0x9EDE, 0x9EDE, 0x9EDE, 0x9EDE, 0x9EDE, 0x9EDE, 0x9EDE,
        0x9EDE, 0x9EDE, 0x9EDE, 0x9EDE, 0x9EDE, 0x9EDE, 0x9EDE, 0x9EDE, 0x9EDE, 0xFB16, 0xFB16, 0xFB16, 0xFB16, 0xFB16, 0xFB16, 0xFB16,
        0x9EDE, 0x9EDE, 0x9EDE, 0x9EDE, 0x9EDE, 0x9EDE, 0x9EDE, 0x9EDE, 0x9EDE, 0xFB16, 0xFFFF, 0xFFFF, 0xFFFF, 0xFFFF, 0xFFFF, 0xFFFF,
        0x9EDE, 0x9EDE, 0x9EDE, 0x9EDE, 0x9EDE, 0x9EDE, 0x9EDE, 0x9EDE, 0x9EDE, 0x9EDE, 0xC150, 0xC150, 0xFB16, 0xFFFF, 0xC150, 0xC150,
        0x9EDE, 0x9EDE, 0x9EDE, 0x9EDE, 0x9EDE, 0x9EDE, 0x9EDE, 0x9EDE, 0x9EDE, 0x9EDE, 0x9EDE, 0x9EDE, 0xFB16, 0xFFFF, 0xC150, 0x9EDE,
        0x9EDE, 0x9EDE, 0x9EDE, 0x9EDE, 0x9EDE, 0x9EDE, 0x9EDE, 0x9EDE, 0x9EDE, 0x9EDE, 0x9EDE, 0x9EDE, 0xFB16, 0xFFFF, 0xC150, 0x9EDE,
        0x9EDE, 0x9EDE, 0x9EDE, 0x9EDE, 0x9EDE, 0x9EDE, 0x9EDE, 0x9EDE, 0x9EDE, 0x9EDE, 0x9EDE, 0x9EDE, 0xFB16, 0xFFFF, 0xC150, 0x9EDE,
        0x9EDE, 0x9EDE, 0x9EDE, 0x9EDE, 0x9EDE, 0x9EDE, 0x9EDE, 0x9EDE, 0x9EDE, 0x9EDE, 0x9EDE, 0x9EDE, 0xFB16, 0xFFFF, 0xC150, 0x9EDE,
        0x9EDE, 0x9EDE, 0x9EDE, 0x9EDE, 0x9EDE, 0x9EDE, 0x9EDE, 0x9EDE, 0x9EDE, 0x9EDE, 0x9EDE, 0x9EDE, 0xFB16, 0xFFFF, 0xC150, 0x9EDE,
        0x9EDE, 0x9EDE, 0x9EDE, 0x9EDE, 0x9EDE, 0x9EDE, 0x9EDE, 0x9EDE, 0x9EDE, 0x9EDE, 0x9EDE, 0x9EDE, 0xFB16, 0xFFFF, 0xC150, 0x9EDE,
        0x9EDE, 0x9EDE, 0x9EDE, 0x9EDE, 0x9EDE, 0x9EDE, 0x9EDE, 0x9EDE, 0x9EDE, 0x9EDE, 0x9EDE, 0x9EDE, 0xFB16, 0xFFFF, 0xC150, 0x9EDE,
        0x9EDE, 0x9EDE, 0x9EDE, 0x9EDE, 0x9EDE, 0x9EDE, 0x9EDE, 0x9EDE, 0x9EDE, 0x9EDE, 0x9EDE, 0x9EDE, 0x9EDE, 0xC150, 0xC150, 0x9EDE,
        0x9EDE, 0x9EDE, 0x9EDE, 0x9EDE, 0x9EDE, 0x9EDE, 0x9EDE, 0x9EDE, 0x9EDE, 0x9EDE, 0x9EDE, 0x9EDE, 0x9EDE, 0x9EDE, 0x9EDE, 0x9EDE,
        0x9EDE, 0x9EDE, 0x9EDE, 0x9EDE, 0x9EDE, 0x9EDE, 0x9EDE, 0x9EDE, 0x9EDE, 0x9EDE, 0x9EDE, 0x9EDE, 0x9EDE, 0x9EDE, 0x9EDE, 0x9EDE,
    },
    {
        0x9EDE, 0x9EDE, 0x9EDE, 0x9EDE, 0x9EDE, 0x9EDE, 0x9EDE, 0x9EDE, 0x9EDE, 0x9EDE, 0x9EDE, 0x9EDE, 0x9EDE, 0x9EDE, 0x9EDE, 0x9EDE,
        0x9EDE, 0x9EDE, 0x9EDE, 0x9EDE, 0x9EDE, 0x9EDE, 0x9EDE, 0x9EDE, 0x9EDE, 0x9EDE, 0x9EDE, 0x9EDE, 0x9EDE, 0x9EDE, 0x9EDE, 0x9EDE,
        0x9EDE, 0x9EDE, 0x9EDE, 0x9EDE, 0x9EDE, 0x9EDE, 0x9EDE, 0x9EDE, 0x9EDE, 0x9EDE, 0x9EDE, 0x9EDE, 0x9EDE, 0x9EDE, 0x9EDE, 0x9EDE,
        0x9EDE, 0x9EDE, 0x9EDE, 0x9EDE, 0x9EDE, 0x9EDE, 0x9EDE, 0x9EDE, 0xFB16, 0xFB16, 0xFB16, 0xFB16, 0xFB16, 0xFB16, 0xFB16, 0xFB16,
        0x9EDE, 0x9EDE, 0x9EDE, 0x9EDE, 0x9EDE, 0x9EDE, 0x9EDE, 0x9EDE, 0xFB16, 0xFFFF, 0xFFFF, 0xFFFF, 0xFFFF, 0xFFFF, 0xFFFF, 0xFFFF,
        0x9EDE, 0x9EDE, 0x9EDE, 0x9EDE, 0x9EDE, 0x9EDE, 0x9EDE, 0x9EDE, 0x9EDE, 0xC150, 0xC150, 0xFB16, 0xFFFF, 0xC150, 0xC150, 0xC150,
        0x9EDE, 0x9EDE, 0x9EDE, 0x9EDE, 0x9EDE, 0x9EDE, 0x9EDE, 0x9EDE, 0x9EDE, 0x9EDE, 0x9EDE, 0xFB16, 0xFFFF, 0xC150, 0x9EDE, 0x9EDE,
        0x9EDE, 0x9EDE, 0x9EDE, 0x9EDE, 0x9EDE, 0x9EDE, 0x9EDE, 0x9EDE, 0x9EDE, 0x9EDE, 0x9EDE, 0xFB16, 0xFFFF, 0xC150, 0x9EDE, 0x9EDE,
        0x9EDE, 0x9EDE, 0x9EDE, 0x9EDE, 0x9EDE, 0x9EDE, 0x9EDE, 0x9EDE, 0x9EDE, 0x9EDE, 0x9EDE, 0xFB16, 0xFFFF, 0xC150, 0x9EDE, 0x9EDE,
        0x9EDE, 0x9EDE, 0x9EDE, 0x9EDE, 0x9EDE, 0x9EDE, 0x9EDE, 0x9EDE, 0x9EDE, 0x9EDE, 0x9EDE, 0xFB16, 0xFFFF, 0xC150, 0x9EDE, 0x9EDE,
        0x9EDE, 0x9EDE, 0x9EDE, 0x9EDE, 0x9EDE, 0x9EDE, 0x9EDE, 0x9EDE, 0x9EDE, 0x9EDE, 0x9EDE, 0xFB16, 0xFFFF, 0xC150, 0x9EDE, 0x9EDE,
        0x9EDE, 0x9EDE, 0x9EDE, 0x9EDE, 0x9EDE, 0x9EDE, 0x9EDE, 0x9EDE, 0x9EDE, 0x9EDE, 0x9EDE, 0xFB16, 0xFFFF, 0xC150, 0x9EDE, 0x9EDE,
        0x9EDE, 0x9EDE, 0x9EDE, 0x9EDE, 0x9EDE, 0x9EDE, 0x9EDE, 0x9EDE, 0x9EDE, 0x9EDE, 0x9EDE, 0xFB16, 0xFFFF, 0xC150, 0x9EDE, 0x9EDE,
        0x9EDE, 0x9EDE, 0x9EDE, 0x9EDE, 0x9EDE, 0x9EDE, 0x9EDE, 0x9EDE, 0x9EDE, 0x9EDE, 0x9EDE, 0x9EDE, 0xC150, 0xC150, 0x9EDE, 0x9EDE,
        0x9EDE, 0x9EDE, 0x9EDE, 0x9EDE, 0x9EDE, 0x9EDE, 0x9EDE, 0x9EDE, 0x9EDE, 0x9EDE, 0x9EDE, 0x9EDE, 0x9EDE, 0x9EDE, 0x9EDE, 0x9EDE,
        0x9EDE, 0x9EDE, 0x9EDE, 0x9EDE, 0x9EDE, 0x9EDE, 0x9EDE, 0x9EDE, 0x9EDE, 0x9EDE, 0x9EDE, 0x9EDE, 0x9EDE, 0x9EDE, 0x9EDE, 0x9EDE,
    },
    {
        0x9EDE, 0x9EDE, 0x9EDE, 0x9EDE, 0x9EDE, 0x9EDE, 0x9EDE, 0x9EDE, 0x9EDE, 0x9EDE, 0x9EDE, 0x9EDE, 0x9EDE, 0x9EDE, 0x9EDE, 0x9EDE,
        0x9EDE, 0x9EDE, 0x9EDE, 0x9EDE, 0x9EDE, 0x9EDE, 0x9EDE, 0x9EDE, 0x9EDE, 0x9EDE, 0x9EDE, 0x9EDE, 0x9EDE, 0x9EDE, 0x9EDE, 0x9EDE,
        0x9EDE, 0x9EDE, 0x9EDE, 0x9EDE, 0x9EDE, 0x9EDE, 0x9EDE, 0x9EDE, 0x9EDE, 0x9EDE, 0x9EDE, 0x9EDE, 0x9EDE, 0x9EDE, 0x9EDE, 0x9EDE,
        0x9EDE, 0x9EDE, 0x9EDE, 0x9EDE, 0x9EDE, 0x9EDE, 0x9EDE, 0xFB16, 0xFB16, 0xFB16, 0xFB16, 0xFB16, 0xFB16, 0xFB16, 0xFB16, 0x9EDE,
        0x9EDE, 0x9EDE, 0x9EDE, 0x9EDE, 0x9EDE, 0x9EDE, 0x9EDE, 0xFB16, 0xFFFF, 0xFFFF, 0xFFFF, 0xFFFF, 0xFFFF, 0xFFFF, 0xFFFF, 0xC150,
        0x9EDE, 0x9EDE, 0x9EDE, 0x9EDE, 0x9EDE, 0x9EDE, 0x9EDE, 0x9EDE, 0xC150, 0xC150, 0xFB16, 0xFFFF, 0xC150, 0xC150, 0xC150, 0xC150,
        0x9EDE, 0x9EDE, 0x9EDE, 0x9EDE, 0x9EDE, 0x9EDE, 0x9EDE, 0x9EDE, 0x9EDE, 0x9EDE, 0xFB16, 0xFFFF, 0xC150, 0x9EDE, 0x9EDE, 0x9EDE,
        0x9EDE, 0x9EDE, 0x9EDE, 0x9EDE, 0x9EDE, 0x9EDE, 0x9EDE, 0x9EDE, 0x9EDE, 0x9EDE, 0xFB16, 0xFFFF, 0xC150, 0x9EDE, 0x9EDE, 0x9EDE,
        0x9EDE, 0x9EDE, 0x9EDE, 0x9EDE, 0x9EDE, 0x9EDE, 0x9EDE, 0x9EDE, 0x9EDE, 0x9EDE, 0xFB16, 0xFFFF, 0xC150, 0x9EDE, 0x9EDE, 0x9EDE,
        0x9EDE, 0x9EDE, 0x9EDE, 0x9EDE, 0x9EDE, 0x9EDE, 0x9EDE, 0x9EDE, 0x9EDE, 0x9EDE, 0xFB16, 0xFFFF, 0xC150, 0x9EDE, 0x9EDE, 0x9EDE,
        0x9EDE, 0x9EDE, 0x9EDE, 0x9EDE, 0x9EDE, 0x9EDE, 0x9EDE, 0x9EDE, 0x9EDE, 0x9EDE, 0xFB16, 0xFFFF, 0xC150, 0x9EDE, 0x9EDE, 0x9EDE,
        0x9EDE, 0x9EDE, 0x9EDE, 0x9EDE, 0x9EDE, 0x9EDE, 0x9EDE, 0x9EDE, 0x9EDE, 0x9EDE, 0xFB16, 0xFFFF, 0xC150, 0x9EDE, 0x9EDE, 0x9EDE,
        0x9EDE, 0x9EDE, 0x9EDE, 0x9EDE, 0x9EDE, 0x9EDE, 0x9EDE, 0x9EDE, 0x9EDE, 0x9EDE, 0xFB16, 0xFFFF, 0xC150, 0x9EDE, 0x9EDE, 0x9EDE,
        0x9EDE, 0x9EDE, 0x9EDE, 0x9EDE, 0x9EDE, 0x9EDE, 0x9EDE, 0x9EDE, 0x9EDE, 0x9EDE, 0x9EDE, 0xC150, 0xC150, 0x9EDE, 0x9EDE, 0x9EDE,
        0x9EDE, 0x9EDE, 0x9EDE, 0x9EDE, 0x9EDE, 0x9EDE, 0x9EDE, 0x9EDE, 0x9EDE, 0x9EDE, 0x9EDE, 0x9EDE, 0x9EDE, 0x9EDE, 0x9EDE, 0x9EDE,
        0x9EDE, 0x9EDE, 0x9EDE, 0x9EDE, 0x9EDE, 0x9EDE, 0x9EDE, 0x9EDE, 0x9EDE, 0x9EDE, 0x9EDE, 0x9EDE, 0x9EDE, 0x9EDE, 0x9EDE, 0x9EDE,
    },
    {
        0x9EDE, 0x9EDE, 0x9EDE, 0x9EDE, 0x9EDE, 0x9EDE, 0x9EDE, 0x9EDE, 0x9EDE, 0x9EDE, 0x9EDE, 0x9EDE, 0x9EDE, 0x9EDE, 0x9EDE, 0x9EDE,
        0x9EDE, 0x9EDE, 0x9EDE, 0x9EDE, 0x9EDE, 0x9EDE, 0x9EDE, 0x9EDE, 0x9EDE, 0x9EDE, 0x9EDE, 0x9EDE, 0x9EDE, 0x9EDE, 0x9EDE, 0x9EDE,
        0x9EDE, 0x9EDE, 0x9EDE, 0x9EDE, 0x9EDE, 0x9EDE, 0x9EDE, 0x9EDE, 0x9EDE, 0x9EDE, 0x9EDE, 0x9EDE, 0x9EDE, 0x9EDE, 0x9EDE, 0x9EDE,
        0x9EDE, 0x9EDE, 0x9EDE, 0x9EDE, 0x9EDE, 0x9EDE, 0xFB16, 0xFB16, 0xFB16, 0xFB16, 0xFB16, 0xFB16, 0xFB16, 0xFB16, 0x9EDE, 0xFB16,
        0x9EDE, 0x9EDE, 0x9EDE, 0x9EDE, 0x9EDE, 0x9EDE, 0xFB16, 0xFFFF, 0xFFFF, 0xFFFF, 0xFFFF, 0xFFFF, 0xFFFF, 0xFFFF, 0xC150, 0xFB16,
        0x9EDE, 0x9EDE, 0x9EDE, 0x9EDE, 0x9EDE, 0x9EDE, 0x9EDE, 0xC150, 0xC150, 0xFB16, 0xFFFF, 0xC150, 0xC150, 0xC150, 0xC150, 0xFB16,
        0x9EDE, 0x9EDE, 0x9EDE, 0x9EDE, 0x9EDE, 0x9EDE, 0x9EDE, 0x9EDE, 0x9EDE, 0xFB16, 0xFFFF, 0xC150, 0x9EDE, 0x9EDE, 0x9EDE, 0xFB16,
        0x9EDE, 0x9EDE, 0x9EDE, 0x9EDE, 0x9EDE, 0x9EDE, 0x9EDE, 0x9EDE, 0x9EDE, 0xFB16, 0xFFFF, 0xC150, 0x9EDE, 0x9EDE, 0x9EDE, 0xFB16,
        0x9EDE, 0x9EDE, 0x9EDE, 0x9EDE, 0x9EDE, 0x9EDE, 0x9EDE, 0x9EDE, 0x9EDE, 0xFB16, 0xFFFF, 0xC150, 0x9EDE, 0x9EDE, 0x9EDE, 0xFB16,
        0x9EDE, 0x9EDE, 0x9EDE, 0x9EDE, 0x9EDE, 0x9EDE, 0x9EDE, 0x9EDE, 0x9EDE, 0xFB16, 0xFFFF, 0xC150, 0x9EDE, 0x9EDE, 0x9EDE, 0xFB16,
        0x9EDE, 0x9EDE, 0x9EDE, 0x9EDE, 0x9EDE, 0x9EDE, 0x9EDE, 0x9EDE, 0x9EDE, 0xFB16, 0xFFFF, 0xC150, 0x9EDE, 0x9EDE, 0x9EDE, 0xFB16,
        0x9EDE, 0x9EDE, 0x9EDE, 0x9EDE, 0x9EDE, 0x9EDE, 0x9EDE, 0x9EDE, 0x9EDE, 0xFB16, 0xFFFF, 0xC150, 0x9EDE, 0x9EDE, 0x9EDE, 0xFB16,
        0x9EDE, 0x9EDE, 0x9EDE, 0x9EDE, 0x9EDE, 0x9EDE, 0x9EDE, 0x9EDE, 0x9EDE, 0xFB16, 0xFFFF, 0xC150, 0x9EDE, 0x9EDE, 0x9EDE, 0xFB16,
        0x9EDE, 0x9EDE, 0x9EDE, 0x9EDE, 0x9EDE, 0x9EDE, 0x9EDE, 0x9EDE, 0x9EDE, 0x9EDE, 0xC150, 0xC150, 0x9EDE, 0x9EDE, 0x9EDE, 0x9EDE,
        0x9EDE, 0x9EDE, 0x9EDE, 0x9EDE, 0x9EDE, 0x9EDE, 0x9EDE, 0x9EDE, 0x9EDE, 0x9EDE, 0x9EDE, 0x9EDE, 0x9EDE, 0x9EDE, 0x9EDE, 0x9EDE,
        0x9EDE, 0x9EDE, 0x9EDE, 0x9EDE, 0x9EDE, 0x9EDE, 0x9EDE, 0x9EDE, 0x9EDE, 0x9EDE, 0x9EDE, 0x9EDE, 0x9EDE, 0x9EDE, 0x9EDE, 0x9EDE,
    },
    {
        0x9EDE, 0x9EDE, 0x9EDE, 0x9EDE, 0x9EDE, 0x9EDE, 0x9EDE, 0x9EDE, 0x9EDE, 0x9EDE, 0x9EDE, 0x9EDE, 0x9EDE, 0x9EDE, 0x9EDE, 0x9EDE,
        0x9EDE, 0x9EDE, 0x9EDE, 0x9EDE, 0x9EDE, 0x9EDE, 0x9EDE, 0x9EDE, 0x9EDE, 0x9EDE, 0x9EDE, 0x9EDE, 0x9EDE, 0x9EDE, 0x9EDE, 0x9EDE,
        0x9EDE, 0x9EDE, 0x9EDE, 0x9EDE, 0x9EDE, 0x9EDE, 0x9EDE, 0x9EDE, 0x9EDE, 0x9EDE, 0x9EDE, 0x9EDE, 0x9EDE, 0x9EDE, 0x9EDE, 0x9EDE,
        0x9EDE, 0x9EDE, 0x9EDE, 0x9EDE, 0x9EDE, 0xFB16, 0xFB16, 0xFB16, 0xFB16, 0xFB16, 0xFB16, 0xFB16, 0xFB16, 0x9EDE, 0xFB16, 0xFB16,
        0x9EDE, 0x9EDE, 0x9EDE, 0x9EDE, 0x9EDE, 0xFB16, 0xFFFF, 0xFFFF, 0xFFFF, 0xFFFF, 0xFFFF, 0xFFFF, 0xFFFF, 0xC150, 0xFB16, 0xFFFF,
        0x9EDE, 0x9EDE, 0x9EDE, 0x9EDE, 0x9EDE, 0x9EDE, 0xC150, 0xC150, 0xFB16, 0xFFFF, 0xC150, 0xC150, 0xC150, 0xC150, 0xFB16, 0xFFFF,
        0x9EDE, 0x9EDE, 0x9EDE, 0x9EDE, 0x9EDE, 0x9EDE, 0x9EDE, 0x9EDE, 0xFB16, 0xFFFF, 0xC150, 0x9EDE, 0x9EDE, 0x9EDE, 0xFB16, 0xFFFF,
        0x9EDE, 0x9EDE, 0x9EDE, 0x9EDE, 0x9EDE, 0x9EDE, 0x9EDE, 0x9EDE, 0xFB16, 0xFFFF, 0xC150, 0x9EDE, 0x9EDE, 0x9EDE, 0xFB16, 0xFFFF,
        0x9EDE, 0x9EDE, 0x9EDE, 0x9EDE, 0x9EDE, 0x9EDE, 0x9EDE, 0x9EDE, 0xFB16, 0xFFFF, 0xC150, 0x9EDE, 0x9EDE, 0x9EDE, 0xFB16, 0xFFFF,
        0x9EDE, 0x9EDE, 0x9EDE, 0x9EDE, 0x9EDE, 0x9EDE, 0x9EDE, 0x9EDE, 0xFB16, 0xFFFF, 0xC150, 0x9EDE, 0x9EDE, 0x9EDE, 0xFB16, 0xFFFF,
        0x9EDE, 0x9EDE, 0x9EDE, 0x9EDE, 0x9EDE, 0x9EDE, 0x9EDE, 0x9EDE, 0xFB16, 0xFFFF, 0xC150, 0x9EDE, 0x9EDE, 0x9EDE, 0xFB16, 0xFFFF,
        0x9EDE, 0x9EDE, 0x9EDE, 0x9EDE, 0x9EDE, 0x9EDE, 0x9EDE, 0x9EDE, 0xFB16, 0xFFFF, 0xC150, 0x9EDE, 0x9EDE, 0x9EDE, 0xFB16, 0xFFFF,
        0x9EDE, 0x9EDE, 0x9EDE, 0x9EDE, 0x9EDE, 0x9EDE, 0x9EDE, 0x9EDE, 0xFB16, 0xFFFF, 0xC150, 0x9EDE, 0x9EDE, 0x9EDE, 0xFB16, 0xFFFF,
        0x9EDE, 0x9EDE, 0x9EDE, 0x9EDE, 0x9EDE, 0x9EDE, 0x9EDE, 0x9EDE, 0x9EDE, 0xC150, 0xC150, 0x9EDE, 0x9EDE, 0x9EDE, 0x9EDE, 0xC150,
        0x9EDE, 0x9EDE, 0x9EDE, 0x9EDE, 0x9EDE, 0x9EDE, 0x9EDE, 0x9EDE, 0x9EDE, 0x9EDE, 0x9EDE, 0x9EDE, 0x9EDE, 0x9EDE, 0x9EDE, 0x9EDE,
        0x9EDE, 0x9EDE, 0x9EDE, 0x9EDE, 0x9EDE, 0x9EDE, 0x9EDE, 0x9EDE, 0x9EDE, 0x9EDE, 0x9EDE, 0x9EDE, 0x9EDE, 0x9EDE, 0x9EDE, 0x9EDE,
    },
    {
        0x9EDE, 0x9EDE, 0x9EDE, 0x9EDE, 0x9EDE, 0x9EDE, 0x9EDE, 0x9EDE, 0x9EDE, 0x9EDE, 0x9EDE, 0x9EDE, 0x9EDE, 0x9EDE, 0x9EDE, 0x9EDE,
        0x9EDE, 0x9EDE, 0x9EDE, 0x9EDE, 0x9EDE, 0x9EDE, 0x9EDE, 0x9EDE, 0x9EDE, 0x9EDE, 0x9EDE, 0x9EDE, 0x9EDE, 0x9EDE, 0x9EDE, 0x9EDE,
        0x9EDE, 0x9EDE, 0x9EDE, 0x9EDE, 0x9EDE, 0x9EDE, 0x9EDE, 0x9EDE, 0x9EDE, 0x9EDE, 0x9EDE, 0x9EDE, 0x9EDE, 0x9EDE, 0x9EDE, 0x9EDE,
        0x9EDE, 0x9EDE, 0x9EDE, 0x9EDE, 0xFB16, 0xFB16, 0xFB16, 0xFB16, 0xFB16, 0xFB16, 0xFB16, 0xFB16, 0x9EDE, 0xFB16, 0xFB16, 0x9EDE,
        0x9EDE, 0x9EDE, 0x9EDE, 0x9EDE, 0xFB16, 0xFFFF, 0xFFFF, 0xFFFF, 0xFFFF, 0xFFFF, 0xFFFF, 0xFFFF, 0xC150, 0xFB16, 0xFFFF, 0xC150,
        0x9EDE, 0x9EDE, 0x9EDE, 0x9EDE, 0x9EDE, 0xC150, 0xC150, 0xFB16, 0xFFFF, 0xC150, 0xC150, 0xC150, 0xC150, 0xFB16, 0xFFFF, 0xC150,
        0x9EDE, 0x9EDE, 0x9EDE, 0x9EDE, 0x9EDE, 0x9EDE, 0x9EDE, 0xFB16, 0xFFFF, 0xC150, 0x9EDE, 0x9EDE, 0x9EDE, 0xFB16, 0xFFFF, 0xC150,
        0x9EDE, 0x9EDE, 0x9EDE, 0x9EDE, 0x9EDE, 0x9EDE, 0x9EDE, 0xFB16, 0xFFFF, 0xC150, 0x9EDE, 0x9EDE, 0x9EDE, 0xFB16, 0xFFFF, 0xFB16,
        0x9EDE, 0x9EDE, 0x9EDE, 0x9EDE, 0x9EDE, 0x9EDE, 0x9EDE, 0xFB16, 0xFFFF, 0xC150, 0x9EDE, 0x9EDE, 0x9EDE, 0xFB16, 0xFFFF, 0xFFFF,
        0x9EDE, 0x9EDE, 0x9EDE, 0x9EDE, 0x9EDE, 0x9EDE, 0x9EDE, 0xFB16, 0xFFFF, 0xC150, 0x9EDE, 0x9EDE, 0x9EDE, 0xFB16, 0xFFFF, 0xC150,
        0x9EDE, 0x9EDE, 0x9EDE, 0x9EDE, 0x9EDE, 0x9EDE, 0x9EDE, 0xFB16, 0xFFFF, 0xC150, 0x9EDE, 0x9EDE, 0x9EDE, 0xFB16, 0xFFFF, 0xC150,
        0x9EDE, 0x9EDE, 0x9EDE, 0x9EDE, 0x9EDE, 0x9EDE, 0x9EDE, 0xFB16, 0xFFFF, 0xC150, 0x9EDE, 0x9EDE, 0x9EDE, 0xFB16, 0xFFFF, 0xC150,
        0x9EDE, 0x9EDE, 0x9EDE, 0x9EDE, 0x9EDE, 0x9EDE, 0x9EDE, 0xFB16, 0xFFFF, 0xC150, 0x9EDE, 0x9EDE, 0x9EDE, 0xFB16, 0xFFFF, 0xC150,
        0x9EDE, 0x9EDE, 0x9EDE, 0x9EDE, 0x9EDE, 0x9EDE, 0x9EDE, 0x9EDE, 0xC150, 0xC150, 0x9EDE, 0x9EDE, 0x9EDE, 0x9EDE, 0xC150, 0xC150,
        0x9EDE, 0x9EDE, 0x9EDE, 0x9EDE, 0x9EDE, 0x9EDE, 0x9EDE, 0x9EDE, 0x9EDE, 0x9EDE, 0x9EDE, 0x9EDE, 0x9EDE, 0x9EDE, 0x9EDE, 0x9EDE,
        0x9EDE, 0x9EDE, 0x9EDE, 0x9EDE, 0x9EDE, 0x9EDE, 0x9EDE, 0x9EDE, 0x9EDE, 0x9EDE, 0x9EDE, 0x9EDE, 0x9EDE, 0x9EDE, 0x9EDE, 0x9EDE,
    },
    {
        0x9EDE, 0x9EDE, 0x9EDE, 0x9EDE, 0x9EDE, 0x9EDE, 0x9EDE, 0x9EDE, 0x9EDE, 0x9EDE, 0x9EDE, 0x9EDE, 0x9EDE, 0x9EDE, 0x9EDE, 0x9EDE,
        0x9EDE, 0x9EDE, 0x9EDE, 0x9EDE, 0x9EDE, 0x9EDE, 0x9EDE, 0x9EDE, 0x9EDE, 0x9EDE, 0x9EDE, 0x9EDE, 0x9EDE, 0x9EDE, 0x9EDE, 0x9EDE,
        0x9EDE, 0x9EDE, 0x9EDE, 0x9EDE, 0x9EDE, 0x9EDE, 0x9EDE, 0x9EDE, 0x9EDE, 0x9EDE, 0x9EDE, 0x9EDE, 0x9EDE, 0x9EDE, 0x9EDE, 0x9EDE,
        0x9EDE, 0x9EDE, 0x9EDE, 0xFB16, 0xFB16, 0xFB16, 0xFB16, 0xFB16, 0xFB16, 0xFB16, 0xFB16, 0x9EDE, 0xFB16, 0xFB16, 0x9EDE, 0x9EDE,
        0x9EDE, 0x9EDE, 0x9EDE, 0xFB16, 0xFFFF, 0xFFFF, 0xFFFF, 0xFFFF, 0xFFFF, 0xFFFF, 0xFFFF, 0xC150, 0xFB16, 0xFFFF, 0xC150, 0x9EDE,
        0x9EDE, 0x9EDE, 0x9EDE, 0x9EDE, 0xC150, 0xC150, 0xFB16, 0xFFFF, 0xC150, 0xC150, 0xC150, 0xC150, 0xFB16, 0xFFFF, 0xC150, 0x9EDE,
        0x9EDE, 0x9EDE, 0x9EDE, 0x9EDE, 0x9EDE, 0x9EDE, 0xFB16, 0xFFFF, 0xC150, 0x9EDE, 0x9EDE, 0x9EDE, 0xFB16, 0xFFFF, 0xC150, 0x9EDE,
        0x9EDE, 0x9EDE, 0x9EDE, 0x9EDE, 0x9EDE, 0x9EDE, 0xFB16, 0xFFFF, 0xC150, 0x9EDE, 0x9EDE, 0x9EDE, 0xFB16, 0xFFFF, 0xFB16, 0xFB16,
        0x9EDE, 0x9EDE, 0x9EDE, 0x9EDE, 0x9EDE, 0x9EDE, 0xFB16, 0xFFFF, 0xC150, 0x9EDE, 0x9EDE, 0x9EDE, 0xFB16, 0xFFFF, 0xFFFF, 0xFFFF,
        0x9EDE, 0x9EDE, 0x9EDE, 0x9EDE, 0x9EDE, 0x9EDE, 0xFB16, 0xFFFF, 0xC150, 0x9EDE, 0x9EDE, 0x9EDE, 0xFB16, 0xFFFF, 0xC150, 0xC150,
        0x9EDE, 0x9EDE, 0x9EDE, 0x9EDE, 0x9EDE, 0x9EDE, 0xFB16, 0xFFFF, 0xC150, 0x9EDE, 0x9EDE, 0x9EDE, 0xFB16, 0xFFFF, 0xC150, 0x9EDE,
        0x9EDE, 0x9EDE, 0x9EDE, 0x9EDE, 0x9EDE, 0x9EDE, 0xFB16, 0xFFFF, 0xC150, 0x9EDE, 0x9EDE, 0x9EDE, 0xFB16, 0xFFFF, 0xC150, 0x9EDE,
        0x9EDE, 0x9EDE, 0x9EDE, 0x9EDE, 0x9EDE, 0x9EDE, 0xFB16, 0xFFFF, 0xC150, 0x9EDE, 0x9EDE, 0x9EDE, 0xFB16, 0xFFFF, 0xC150, 0x9EDE,
        0x9EDE, 0x9EDE, 0x9EDE, 0x9EDE, 0x9EDE, 0x9EDE, 0x9EDE, 0xC150, 0xC150, 0x9EDE, 0x9EDE, 0x9EDE, 0x9EDE, 0xC150, 0xC150, 0x9EDE,
        0x9EDE, 0x9EDE, 0x9EDE, 0x9EDE, 0x9EDE, 0x9EDE, 0x9EDE, 0x9EDE, 0x9EDE, 0x9EDE, 0x9EDE, 0x9EDE, 0x9EDE, 0x9EDE, 0x9EDE, 0x9EDE,
        0x9EDE, 0x9EDE, 0x9EDE, 0x9EDE, 0x9EDE, 0x9EDE, 0x9EDE, 0x9EDE, 0x9EDE, 0x9EDE, 0x9EDE, 0x9EDE, 0x9EDE, 0x9EDE, 0x9EDE, 0x9EDE,
    },
    {
        0x9EDE, 0x9EDE, 0x9EDE, 0x9EDE, 0x9EDE, 0x9EDE, 0x9EDE, 0x9EDE, 0x9EDE, 0x9EDE, 0x9EDE, 0x9EDE, 0x9EDE, 0x9EDE, 0x9EDE, 0x9EDE,
        0x9EDE, 0x9EDE, 0x9EDE, 0x9EDE, 0x9EDE, 0x9EDE, 0x9EDE, 0x9EDE, 0x9EDE, 0x9EDE, 0x9EDE, 0x9EDE, 0x9EDE, 0x9EDE, 0x9EDE, 0x9EDE,
        0x9EDE, 0x9EDE, 0x9EDE, 0x9EDE, 0x9EDE, 0x9EDE, 0x9EDE, 0x9EDE, 0x9EDE, 0x9EDE, 0x9EDE, 0x9EDE, 0x9EDE, 0x9EDE, 0x9EDE, 0x9EDE,
        0x9EDE, 0x9EDE, 0xFB16, 0xFB16, 0xFB16, 0xFB16, 0xFB16, 0xFB16, 0xFB16, 0xFB16, 0x9EDE, 0xFB16, 0xFB16, 0x9EDE, 0x9EDE, 0x9EDE,
        0x9EDE, 0x9EDE, 0xFB16, 0xFFFF, 0xFFFF, 0xFFFF, 0xFFFF, 0xFFFF, 0xFFFF, 0xFFFF, 0xC150, 0xFB16, 0xFFFF, 0xC150, 0x9EDE, 0x9EDE,
        0x9EDE, 0x9EDE, 0x9EDE, 0xC150, 0xC150, 0xFB16, 0xFFFF, 0xC150, 0xC150, 0xC150, 0xC150, 0xFB16, 0xFFFF, 0xC150, 0x9EDE, 0x9EDE,
        0x9EDE, 0x9EDE, 0x9EDE, 0x9EDE, 0x9EDE, 0xFB16, 0xFFFF, 0xC150, 0x9EDE, 0x9EDE, 0x9EDE, 0xFB16, 0xFFFF, 0xC150, 0x9EDE, 0x9EDE,
        0x9EDE, 0x9EDE, 0x9EDE, 0x9EDE, 0x9EDE, 0xFB16, 0xFFFF, 0xC150, 0x9EDE, 0x9EDE, 0x9EDE, 0xFB16, 0xFFFF, 0xFB16, 0xFB16, 0xFB16,
        0x9EDE, 0x9EDE, 0x9EDE, 0x9EDE, 0x9EDE, 0xFB16, 0xFFFF, 0xC150, 0x9EDE, 0x9EDE, 0x9EDE, 0xFB16, 0xFFFF, 0xFFFF, 0xFFFF, 0xFFFF,
        0x9EDE, 0x9EDE, 0x9EDE, 0x9EDE, 0x9EDE, 0xFB16, 0xFFFF, 0xC150, 0x9EDE, 0x9EDE, 0x9EDE, 0xFB16, 0xFFFF, 0xC150, 0xC150, 0xC150,
        0x9EDE, 0x9EDE, 0x9EDE, 0x9EDE, 0x9EDE, 0xFB16, 0xFFFF, 0xC150, 0x9EDE, 0x9EDE, 0x9EDE, 0xFB16, 0xFFFF, 0xC150, 0x9EDE, 0x9EDE,
        0x9EDE, 0x9EDE, 0x9EDE, 0x9EDE, 0x9EDE, 0xFB16, 0xFFFF, 0xC150, 0x9EDE, 0x9EDE, 0x9EDE, 0xFB16, 0xFFFF, 0xC150, 0x9EDE, 0x9EDE,
        0x9EDE, 0x9EDE, 0x9EDE, 0x9EDE, 0x9EDE, 0xFB16, 0xFFFF, 0xC150, 0x9EDE, 0x9EDE, 0x9EDE, 0xFB16, 0xFFFF, 0xC150, 0x9EDE, 0x9EDE,
        0x9EDE, 0x9EDE, 0x9EDE, 0x9EDE, 0x9EDE, 0x9EDE, 0xC150, 0xC150, 0x9EDE, 0x9EDE, 0x9EDE, 0x9EDE, 0xC150, 0xC150, 0x9EDE, 0x9EDE,
        0x9EDE, 0x9EDE, 0x9EDE, 0x9EDE, 0x9EDE, 0x9EDE, 0x9EDE, 0x9EDE, 0x9EDE, 0x9EDE, 0x9EDE, 0x9EDE, 0x9EDE, 0x9EDE, 0x9EDE, 0x9EDE,
        0x9EDE, 0x9EDE, 0x9EDE, 0x9EDE, 0x9EDE, 0x9EDE, 0x9EDE, 0x9EDE, 0x9EDE, 0x9EDE, 0x9EDE, 0x9EDE, 0x9EDE, 0x9EDE, 0x9EDE, 0x9EDE,
    },
    {
        0x9EDE, 0x9EDE, 0x9EDE, 0x9EDE, 0x9EDE, 0x9EDE, 0x9EDE, 0x9EDE, 0x9EDE, 0x9EDE, 0x9EDE, 0x9EDE, 0x9EDE, 0x9EDE, 0x9EDE, 0x9EDE,
        0x9EDE, 0x9EDE, 0x9EDE, 0x9EDE, 0x9EDE, 0x9EDE, 0x9EDE, 0x9EDE, 0x9EDE, 0x9EDE, 0x9EDE, 0x9EDE, 0x9EDE, 0x9EDE, 0x9EDE, 0x9EDE,
        0x9EDE, 0x9EDE, 0x9EDE, 0x9EDE, 0x9EDE, 0x9EDE, 0x9EDE, 0x9EDE, 0x9EDE, 0x9EDE, 0x9EDE, 0x9EDE, 0x9EDE, 0x9EDE, 0x9EDE, 0x9EDE,
        0x9EDE, 0xFB16, 0xFB16, 0xFB16, 0xFB16, 0xFB16, 0xFB16, 0xFB16, 0xFB16, 0x9EDE, 0xFB16, 0xFB16, 0x9EDE, 0x9EDE, 0x9EDE, 0x9EDE,
        0x9EDE, 0xFB16, 0xFFFF, 0xFFFF, 0xFFFF, 0xFFFF, 0xFFFF, 0xFFFF, 0xFFFF, 0xC150, 0xFB16, 0xFFFF, 0xC150, 0x9EDE, 0x9EDE, 0x9EDE,
        0x9EDE, 0x9EDE, 0xC150, 0xC150, 0xFB16, 0xFFFF, 0xC150, 0xC150, 0xC150, 0xC150, 0xFB16, 0xFFFF, 0xC150, 0x9EDE, 0x9EDE, 0x9EDE,
        0x9EDE, 0x9EDE, 0x9EDE, 0x9EDE, 0xFB16, 0xFFFF, 0xC150, 0x9EDE, 0x9EDE, 0x9EDE, 0xFB16, 0xFFFF, 0xC150, 0x9EDE, 0x9EDE, 0x9EDE,
        0x9EDE, 0x9EDE, 0x9EDE, 0x9EDE, 0xFB16, 0xFFFF, 0xC150, 0x9EDE, 0x9EDE, 0x9EDE, 0xFB16, 0xFFFF, 0xFB16, 0xFB16, 0xFB16, 0xFB16,
        0x9EDE, 0x9EDE, 0x9EDE, 0x9EDE, 0xFB16, 0xFFFF, 0xC150, 0x9EDE, 0x9EDE, 0x9EDE, 0xFB16, 0xFFFF, 0xFFFF, 0xFFFF, 0xFFFF, 0xFFFF,
        0x9EDE, 0x9EDE, 0x9EDE, 0x9EDE, 0xFB16, 0xFFFF, 0xC150, 0x9EDE, 0x9EDE, 0x9EDE, 0xFB16, 0xFFFF, 0xC150, 0xC150, 0xC150, 0xC150,
        0x9EDE, 0x9EDE, 0x9EDE, 0x9EDE, 0xFB16, 0xFFFF, 0xC150, 0x9EDE, 0x9EDE, 0x9EDE, 0xFB16, 0xFFFF, 0xC150, 0x9EDE, 0x9EDE, 0x9EDE,
        0x9EDE, 0x9EDE, 0x9EDE, 0x9EDE, 0xFB16, 0xFFFF, 0xC150, 0x9EDE, 0x9EDE, 0x9EDE, 0xFB16, 0xFFFF, 0xC150, 0x9EDE, 0x9EDE, 0x9EDE,
        0x9EDE, 0x9EDE, 0x9EDE, 0x9EDE, 0xFB16, 0xFFFF, 0xC150, 0x9EDE, 0x9EDE, 0x9EDE, 0xFB16, 0xFFFF, 0xC150, 0x9EDE, 0x9EDE, 0x9EDE,
        0x9EDE, 0x9EDE, 0x9EDE, 0x9EDE, 0x9EDE, 0xC150, 0xC150, 0x9EDE, 0x9EDE, 0x9EDE, 0x9EDE, 0xC150, 0xC150, 0x9EDE, 0x9EDE, 0x9EDE,
        0x9EDE, 0x9EDE, 0x9EDE, 0x9EDE, 0x9EDE, 0x9EDE, 0x9EDE, 0x9EDE, 0x9EDE, 0x9EDE, 0x9EDE, 0x9EDE, 0x9EDE, 0x9EDE, 0x9EDE, 0x9EDE,
        0x9EDE, 0x9EDE, 0x9EDE, 0x9EDE, 0x9EDE, 0x9EDE, 0x9EDE, 0x9EDE, 0x9EDE, 0x9EDE, 0x9EDE, 0x9EDE, 0x9EDE, 0x9EDE, 0x9EDE, 0x9EDE,
    },
};
