// 16x16 LED-matrix animation, 24 frames at 90 ms.
// Row-major, top-left origin. Generated -- do not edit by hand.
#pragma once
#include <stdint.h>

#define ONI16_ANIM_W 16
#define ONI16_ANIM_H 16
#define ONI16_ANIM_FRAMES 24
#define ONI16_ANIM_DELAY_MS 90

static const uint32_t oni16_anim_rgb888[24][256] = {
    {
        0x080516, 0xF2E3C6, 0xF2E3C6, 0x080516, 0x080516, 0x080516, 0x080516, 0x080516, 0x080516, 0x080516, 0x080516, 0x080516, 0x080516, 0xF2E3C6, 0xF2E3C6, 0x080516,
        0x080516, 0xA88A62, 0xF2E3C6, 0xF2E3C6, 0x080516, 0x1E072B, 0x1E072B, 0x1E072B, 0x1E072B, 0x1E072B, 0x1E072B, 0x080516, 0xF2E3C6, 0xF2E3C6, 0xA88A62, 0x080516,
        0x080516, 0x080516, 0x080516, 0xA88A62, 0xC8102E, 0xC8102E, 0xC8102E, 0xC8102E, 0xC8102E, 0xC8102E, 0xC8102E, 0xC8102E, 0xA88A62, 0x080516, 0x080516, 0x080516,
        0x080516, 0x080516, 0x1E072B, 0xC8102E, 0xC8102E, 0xFF453A, 0xFF453A, 0xFF453A, 0xFF453A, 0xFF453A, 0xFF453A, 0xC8102E, 0xC8102E, 0x1E072B, 0x080516, 0x080516,
        0x080516, 0x080516, 0xC8102E, 0xC8102E, 0xC8102E, 0xC8102E, 0xFF453A, 0xFF453A, 0xFF453A, 0xFF453A, 0xC8102E, 0xC8102E, 0xC8102E, 0xC8102E, 0x080516, 0x080516,
        0x080516, 0x1E072B, 0x11020B, 0x11020B, 0xC8102E, 0xC8102E, 0xC8102E, 0xC8102E, 0xC8102E, 0xC8102E, 0xC8102E, 0xC8102E, 0x11020B, 0x11020B, 0x1E072B, 0x080516,
        0x080516, 0x1E072B, 0xC8102E, 0xC8102E, 0x11020B, 0x11020B, 0x11020B, 0xC8102E, 0xC8102E, 0x11020B, 0x11020B, 0x11020B, 0xC8102E, 0xC8102E, 0x1E072B, 0x080516,
        0x080516, 0x1E072B, 0xFF2FD0, 0x00E5FF, 0xDFFCFF, 0x00E5FF, 0xC8102E, 0xC8102E, 0xC8102E, 0xC8102E, 0x00E5FF, 0xDFFCFF, 0x00E5FF, 0x2BB8FF, 0x1E072B, 0x080516,
        0x080516, 0x1E072B, 0xFF2FD0, 0xC8102E, 0xC8102E, 0xC8102E, 0xC8102E, 0xC8102E, 0xC8102E, 0xC8102E, 0xC8102E, 0xC8102E, 0xC8102E, 0x2BB8FF, 0x1E072B, 0x080516,
        0x080516, 0x1E072B, 0xFF2FD0, 0xC8102E, 0xC8102E, 0xC8102E, 0xC8102E, 0x11020B, 0x11020B, 0xC8102E, 0xC8102E, 0xC8102E, 0xC8102E, 0x2BB8FF, 0x1E072B, 0x080516,
        0x080516, 0x1E072B, 0xFF2FD0, 0xC8102E, 0xDEC59A, 0xDEC59A, 0xDEC59A, 0xDEC59A, 0xDEC59A, 0xDEC59A, 0xDEC59A, 0xDEC59A, 0xC8102E, 0x2BB8FF, 0x1E072B, 0x080516,
        0x080516, 0x080516, 0x740822, 0xFF2FD0, 0xFFF4E0, 0x11020B, 0x11020B, 0x11020B, 0x11020B, 0x11020B, 0x11020B, 0xFFF4E0, 0x2BB8FF, 0x740822, 0x080516, 0x080516,
        0x080516, 0x080516, 0x1E072B, 0x740822, 0xFF2FD0, 0xC8102E, 0x11020B, 0xFF4D6D, 0xFF4D6D, 0x11020B, 0xC8102E, 0x2BB8FF, 0x740822, 0x1E072B, 0x080516, 0x080516,
        0x080516, 0x080516, 0x080516, 0x1E072B, 0x1E072B, 0xC8102E, 0xC8102E, 0xC8102E, 0xC8102E, 0xC8102E, 0xC8102E, 0x1E072B, 0x1E072B, 0x080516, 0x080516, 0x080516,
        0x080516, 0x080516, 0x080516, 0x080516, 0x080516, 0x1E072B, 0x740822, 0x740822, 0x740822, 0x740822, 0x1E072B, 0x080516, 0x080516, 0x080516, 0x080516, 0x080516,
        0x080516, 0x080516, 0x080516, 0x080516, 0x080516, 0x080516, 0x080516, 0x080516, 0x080516, 0x080516, 0x080516, 0x080516, 0x080516, 0x080516, 0x080516, 0x080516,
    },
    {
        0x080516, 0xF2E3C6, 0xF2E3C6, 0x080516, 0x080516, 0x080516, 0x080516, 0x080516, 0x080516, 0x080516, 0x080516, 0x080516, 0x080516, 0xF2E3C6, 0xF2E3C6, 0x080516,
        0x080516, 0xA88A62, 0xF2E3C6, 0xF2E3C6, 0x080516, 0x1E072B, 0x1E072B, 0x1E072B, 0x1E072B, 0x1E072B, 0x1E072B, 0x080516, 0xF2E3C6, 0xF2E3C6, 0xA88A62, 0x080516,
        0x080516, 0x080516, 0x080516, 0xA88A62, 0xC8102E, 0xC8102E, 0xC8102E, 0xC8102E, 0xC8102E, 0xC8102E, 0xC8102E, 0xC8102E, 0xA88A62, 0x080516, 0x080516, 0x080516,
        0x080516, 0x080516, 0x1E072B, 0xC8102E, 0xC8102E, 0xFF453A, 0xFF453A, 0xFF453A, 0xFF453A, 0xFF453A, 0xFF453A, 0xC8102E, 0xC8102E, 0x1E072B, 0x080516, 0x080516,
        0x080516, 0x080516, 0xC8102E, 0xC8102E, 0xC8102E, 0xC8102E, 0xFF453A, 0xFF453A, 0xFF453A, 0xFF453A, 0xC8102E, 0xC8102E, 0xC8102E, 0xC8102E, 0x080516, 0x080516,
        0x080516, 0x1E072B, 0x11020B, 0x11020B, 0xC8102E, 0xC8102E, 0xC8102E, 0xC8102E, 0xC8102E, 0xC8102E, 0xC8102E, 0xC8102E, 0x11020B, 0x11020B, 0x1E072B, 0x080516,
        0x080516, 0x1E072B, 0xC8102E, 0xC8102E, 0x11020B, 0x11020B, 0x11020B, 0xC8102E, 0xC8102E, 0x11020B, 0x11020B, 0x11020B, 0xC8102E, 0xC8102E, 0x1E072B, 0x080516,
        0x080516, 0x1E072B, 0xFF2FD0, 0x01E5FF, 0xE0FCFF, 0x01E5FF, 0xC8102E, 0xC8102E, 0xC8102E, 0xC8102E, 0x01E5FF, 0xE0FCFF, 0x01E5FF, 0x2BB8FF, 0x1E072B, 0x080516,
        0x080516, 0x1E072B, 0xFF2FD0, 0xC8102E, 0xC8102E, 0xC8102E, 0xC8102E, 0xC8102E, 0xC8102E, 0xC8102E, 0xC8102E, 0xC8102E, 0xC8102E, 0x2BB8FF, 0x1E072B, 0x080516,
        0x080516, 0x1E072B, 0xFF2FD0, 0xC8102E, 0xC8102E, 0xC8102E, 0xC8102E, 0x11020B, 0x11020B, 0xC8102E, 0xC8102E, 0xC8102E, 0xC8102E, 0x2BB8FF, 0x1E072B, 0x080516,
        0x080516, 0x1E072B, 0xFF2FD0, 0xC8102E, 0xDEC59A, 0xDEC59A, 0xDEC59A, 0xDEC59A, 0xDEC59A, 0xDEC59A, 0xDEC59A, 0xDEC59A, 0xC8102E, 0x2BB8FF, 0x1E072B, 0x080516,
        0x080516, 0x080516, 0x740822, 0xFF2FD0, 0xFFF4E0, 0x11020B, 0x11020B, 0x11020B, 0x11020B, 0x11020B, 0x11020B, 0xFFF4E0, 0x2BB8FF, 0x740822, 0x080516, 0x080516,
        0x080516, 0x080516, 0x1E072B, 0x740822, 0xFF2FD0, 0xC8102E, 0x11020B, 0xFF4D6D, 0xFF4D6D, 0x11020B, 0xC8102E, 0x2BB8FF, 0x740822, 0x1E072B, 0x080516, 0x080516,
        0x080516, 0x080516, 0x080516, 0x1E072B, 0x1E072B, 0xC8102E, 0xC8102E, 0xC8102E, 0xC8102E, 0xC8102E, 0xC8102E, 0x1E072B, 0x1E072B, 0x080516, 0x080516, 0x080516,
        0x080516, 0x080516, 0x080516, 0x080516, 0x080516, 0x1E072B, 0x740822, 0x740822, 0x740822, 0x740822, 0x1E072B, 0x080516, 0x080516, 0x080516, 0x080516, 0x080516,
        0x080516, 0x080516, 0x080516, 0x080516, 0x080516, 0x080516, 0x080516, 0x080516, 0x080516, 0x080516, 0x080516, 0x080516, 0x080516, 0x080516, 0x080516, 0x080516,
    },
    {
        0x080516, 0xF2E3C6, 0xF2E3C6, 0x080516, 0x080516, 0x080516, 0x080516, 0x080516, 0x080516, 0x080516, 0x080516, 0x080516, 0x080516, 0xF2E3C6, 0xF2E3C6, 0x080516,
        0x080516, 0xA88A62, 0xF2E3C6, 0xF2E3C6, 0x080516, 0x1F072C, 0x1F072C, 0x1F072C, 0x1F072C, 0x1F072C, 0x1F072C, 0x080516, 0xF2E3C6, 0xF2E3C6, 0xA88A62, 0x080516,
        0x080516, 0x080516, 0x080516, 0xA88A62, 0xC8102E, 0xC8102E, 0xC8102E, 0xC8102E, 0xC8102E, 0xC8102E, 0xC8102E, 0xC8102E, 0xA88A62, 0x080516, 0x080516, 0x080516,
        0x080516, 0x080516, 0x1F072C, 0xC8102E, 0xC8102E, 0xFF453A, 0xFF453A, 0xFF453A, 0xFF453A, 0xFF453A, 0xFF453A, 0xC8102E, 0xC8102E, 0x1F072C, 0x080516, 0x080516,
        0x080516, 0x080516, 0xC8102E, 0xC8102E, 0xC8102E, 0xC8102E, 0xFF453A, 0xFF453A, 0xFF453A, 0xFF453A, 0xC8102E, 0xC8102E, 0xC8102E, 0xC8102E, 0x080516, 0x080516,
        0x080516, 0x1F072C, 0x11020B, 0x11020B, 0xC8102E, 0xC8102E, 0xC8102E, 0xC8102E, 0xC8102E, 0xC8102E, 0xC8102E, 0xC8102E, 0x11020B, 0x11020B, 0x1F072C, 0x080516,
        0x080516, 0x1F072C, 0xC8102E, 0xC8102E, 0x11020B, 0x11020B, 0x11020B, 0xC8102E, 0xC8102E, 0x11020B, 0x11020B, 0x11020B, 0xC8102E, 0xC8102E, 0x1F072C, 0x080516,
        0x080516, 0x1F072C, 0xFF2FD0, 0x05E6FF, 0xE1FCFF, 0x05E6FF, 0xC8102E, 0xC8102E, 0xC8102E, 0xC8102E, 0x05E6FF, 0xE1FCFF, 0x05E6FF, 0x2BB8FF, 0x1F072C, 0x080516,
        0x080516, 0x1F072C, 0xFF2FD0, 0xC8102E, 0xC8102E, 0xC8102E, 0xC8102E, 0xC8102E, 0xC8102E, 0xC8102E, 0xC8102E, 0xC8102E, 0xC8102E, 0x2BB8FF, 0x1F072C, 0x080516,
        0x080516, 0x1F072C, 0xFF2FD0, 0xC8102E, 0xC8102E, 0xC8102E, 0xC8102E, 0x11020B, 0x11020B, 0xC8102E, 0xC8102E, 0xC8102E, 0xC8102E, 0x2BB8FF, 0x1F072C, 0x080516,
        0x080516, 0x1F072C, 0xFF2FD0, 0xC8102E, 0xDEC59A, 0xDEC59A, 0xDEC59A, 0xDEC59A, 0xDEC59A, 0xDEC59A, 0xDEC59A, 0xDEC59A, 0xC8102E, 0x2BB8FF, 0x1F072C, 0x080516,
        0x080516, 0x080516, 0x740822, 0xFF2FD0, 0xFFF4E0, 0x11020B, 0x11020B, 0x11020B, 0x11020B, 0x11020B, 0x11020B, 0xFFF4E0, 0x2BB8FF, 0x740822, 0x080516, 0x080516,
        0x080516, 0x080516, 0x1F072C, 0x740822, 0xFF2FD0, 0xC8102E, 0x11020B, 0xFF4D6D, 0xFF4D6D, 0x11020B, 0xC8102E, 0x2BB8FF, 0x740822, 0x1F072C, 0x080516, 0x080516,
        0x080516, 0x080516, 0x080516, 0x1F072C, 0x1F072C, 0xC8102E, 0xC8102E, 0xC8102E, 0xC8102E, 0xC8102E, 0xC8102E, 0x1F072C, 0x1F072C, 0x080516, 0x080516, 0x080516,
        0x080516, 0x080516, 0x080516, 0x080516, 0x080516, 0x1F072C, 0x740822, 0x740822, 0x740822, 0x740822, 0x1F072C, 0x080516, 0x080516, 0x080516, 0x080516, 0x080516,
        0x080516, 0x080516, 0x080516, 0x080516, 0x080516, 0x080516, 0x080516, 0x080516, 0x080516, 0x080516, 0x080516, 0x080516, 0x080516, 0x080516, 0x080516, 0x080516,
    },
    {
        0x080516, 0xF2E3C6, 0xF2E3C6, 0x080516, 0x080516, 0x080516, 0x080516, 0x080516, 0x080516, 0x080516, 0x080516, 0x080516, 0x080516, 0xF2E3C6, 0xF2E3C6, 0x080516,
        0x080516, 0xA88A62, 0xF2E3C6, 0xF2E3C6, 0x080516, 0x20072E, 0x20072E, 0x20072E, 0x20072E, 0x20072E, 0x20072E, 0x080516, 0xF2E3C6, 0xF2E3C6, 0xA88A62, 0x080516,
        0x080516, 0x080516, 0x080516, 0xA88A62, 0xC8102E, 0xC8102E, 0xC8102E, 0xC8102E, 0xC8102E, 0xC8102E, 0xC8102E, 0xC8102E, 0xA88A62, 0x080516, 0x080516, 0x080516,
        0x080516, 0x080516, 0x20072E, 0xC8102E, 0xC8102E, 0xFF453A, 0xFF453A, 0xFF453A, 0xFF453A, 0xFF453A, 0xFF453A, 0xC8102E, 0xC8102E, 0x20072E, 0x080516, 0x080516,
        0x080516, 0x080516, 0xC8102E, 0xC8102E, 0xC8102E, 0xC8102E, 0xFF453A, 0xFF453A, 0xFF453A, 0xFF453A, 0xC8102E, 0xC8102E, 0xC8102E, 0xC8102E, 0x080516, 0x080516,
        0x080516, 0x20072E, 0x11020B, 0x11020B, 0xC8102E, 0xC8102E, 0xC8102E, 0xC8102E, 0xC8102E, 0xC8102E, 0xC8102E, 0xC8102E, 0x11020B, 0x11020B, 0x20072E, 0x080516,
        0x080516, 0x20072E, 0xC8102E, 0xC8102E, 0x11020B, 0x11020B, 0x11020B, 0xC8102E, 0xC8102E, 0x11020B, 0x11020B, 0x11020B, 0xC8102E, 0xC8102E, 0x20072E, 0x080516,
        0x080516, 0x20072E, 0xFF2FD0, 0x0BE6FF, 0xE4FCFF, 0x0BE6FF, 0xC8102E, 0xC8102E, 0xC8102E, 0xC8102E, 0x0BE6FF, 0xE4FCFF, 0x0BE6FF, 0x2BB8FF, 0x20072E, 0x080516,
        0x080516, 0x20072E, 0xFF2FD0, 0xC8102E, 0xC8102E, 0xC8102E, 0xC8102E, 0xC8102E, 0xC8102E, 0xC8102E, 0xC8102E, 0xC8102E, 0xC8102E, 0x2BB8FF, 0x20072E, 0x080516,
        0x080516, 0x20072E, 0xFF2FD0, 0xC8102E, 0xC8102E, 0xC8102E, 0xC8102E, 0x11020B, 0x11020B, 0xC8102E, 0xC8102E, 0xC8102E, 0xC8102E, 0x2BB8FF, 0x20072E, 0x080516,
        0x080516, 0x20072E, 0xFF2FD0, 0xC8102E, 0xDEC59A, 0xDEC59A, 0xDEC59A, 0xDEC59A, 0xDEC59A, 0xDEC59A, 0xDEC59A, 0xDEC59A, 0xC8102E, 0x2BB8FF, 0x20072E, 0x080516,
        0x080516, 0x080516, 0x740822, 0xFF2FD0, 0xFFF4E0, 0x11020B, 0x11020B, 0x11020B, 0x11020B, 0x11020B, 0x11020B, 0xFFF4E0, 0x2BB8FF, 0x740822, 0x080516, 0x080516,
        0x080516, 0x080516, 0x20072E, 0x740822, 0xFF2FD0, 0xC8102E, 0x11020B, 0xFF4D6D, 0xFF4D6D, 0x11020B, 0xC8102E, 0x2BB8FF, 0x740822, 0x20072E, 0x080516, 0x080516,
        0x080516, 0x080516, 0x080516, 0x20072E, 0x20072E, 0xC8102E, 0xC8102E, 0xC8102E, 0xC8102E, 0xC8102E, 0xC8102E, 0x20072E, 0x20072E, 0x080516, 0x080516, 0x080516,
        0x080516, 0x080516, 0x080516, 0x080516, 0x080516, 0x20072E, 0x740822, 0x740822, 0x740822, 0x740822, 0x20072E, 0x080516, 0x080516, 0x080516, 0x080516, 0x080516,
        0x080516, 0x080516, 0x080516, 0x080516, 0x080516, 0x080516, 0x080516, 0x080516, 0x080516, 0x080516, 0x080516, 0x080516, 0x080516, 0x080516, 0x080516, 0x080516,
    },
    {
        0x080516, 0xF2E3C6, 0xF2E3C6, 0x080516, 0x080516, 0x080516, 0x080516, 0x080516, 0x080516, 0x080516, 0x080516, 0x080516, 0x080516, 0xF2E3C6, 0xF2E3C6, 0x080516,
        0x080516, 0xA88A62, 0xF2E3C6, 0xF2E3C6, 0x080516, 0x210830, 0x210830, 0x210830, 0x210830, 0x210830, 0x210830, 0x080516, 0xF2E3C6, 0xF2E3C6, 0xA88A62, 0x080516,
        0x080516, 0x080516, 0x080516, 0xA88A62, 0xC8102E, 0xC8102E, 0xC8102E, 0xC8102E, 0xC8102E, 0xC8102E, 0xC8102E, 0xC8102E, 0xA88A62, 0x080516, 0x080516, 0x080516,
        0x080516, 0x080516, 0x210830, 0xC8102E, 0xC8102E, 0xFF453A, 0xFF453A, 0xFF453A, 0xFF453A, 0xFF453A, 0xFF453A, 0xC8102E, 0xC8102E, 0x210830, 0x080516, 0x080516,
        0x080516, 0x080516, 0xC8102E, 0xC8102E, 0xC8102E, 0xC8102E, 0xFF453A, 0xFF453A, 0xFF453A, 0xFF453A, 0xC8102E, 0xC8102E, 0xC8102E, 0xC8102E, 0x080516, 0x080516,
        0x080516, 0x210830, 0x11020B, 0x11020B, 0xC8102E, 0xC8102E, 0xC8102E, 0xC8102E, 0xC8102E, 0xC8102E, 0xC8102E, 0xC8102E, 0x11020B, 0x11020B, 0x210830, 0x080516,
        0x080516, 0x210830, 0xC8102E, 0xC8102E, 0x11020B, 0x11020B, 0x11020B, 0xC8102E, 0xC8102E, 0x11020B, 0x11020B, 0x11020B, 0xC8102E, 0xC8102E, 0x210830, 0x080516,
        0x080516, 0x210830, 0xFF2FD0, 0x14E7FF, 0xE7FDFF, 0x14E7FF, 0xC8102E, 0xC8102E, 0xC8102E, 0xC8102E, 0x14E7FF, 0xE7FDFF, 0x14E7FF, 0x2BB8FF, 0x210830, 0x080516,
        0x080516, 0x210830, 0xFF2FD0, 0xC8102E, 0xC8102E, 0xC8102E, 0xC8102E, 0xC8102E, 0xC8102E, 0xC8102E, 0xC8102E, 0xC8102E, 0xC8102E, 0x2BB8FF, 0x210830, 0x080516,
        0x080516, 0x210830, 0xFF2FD0, 0xC8102E, 0xC8102E, 0xC8102E, 0xC8102E, 0x11020B, 0x11020B, 0xC8102E, 0xC8102E, 0xC8102E, 0xC8102E, 0x2BB8FF, 0x210830, 0x080516,
        0x080516, 0x210830, 0xFF2FD0, 0xC8102E, 0xDEC59A, 0xDEC59A, 0xDEC59A, 0xDEC59A, 0xDEC59A, 0xDEC59A, 0xDEC59A, 0xDEC59A, 0xC8102E, 0x2BB8FF, 0x210830, 0x080516,
        0x080516, 0x080516, 0x740822, 0xFF2FD0, 0xFFF4E0, 0x11020B, 0x11020B, 0x11020B, 0x11020B, 0x11020B, 0x11020B, 0xFFF4E0, 0x2BB8FF, 0x740822, 0x080516, 0x080516,
        0x080516, 0x080516, 0x210830, 0x740822, 0xFF2FD0, 0xC8102E, 0x11020B, 0xFF4D6D, 0xFF4D6D, 0x11020B, 0xC8102E, 0x2BB8FF, 0x740822, 0x210830, 0x080516, 0x080516,
        0x080516, 0x080516, 0x080516, 0x210830, 0x210830, 0xC8102E, 0xC8102E, 0xC8102E, 0xC8102E, 0xC8102E, 0xC8102E, 0x210830, 0x210830, 0x080516, 0x080516, 0x080516,
        0x080516, 0x080516, 0x080516, 0x080516, 0x080516, 0x210830, 0x740822, 0x740822, 0x740822, 0x740822, 0x210830, 0x080516, 0x080516, 0x080516, 0x080516, 0x080516,
        0x080516, 0x080516, 0x080516, 0x080516, 0x080516, 0x080516, 0x080516, 0x080516, 0x080516, 0x080516, 0x080516, 0x080516, 0x080516, 0x080516, 0x080516, 0x080516,
    },
    {
        0x080516, 0xF2E3C6, 0xF2E3C6, 0x080516, 0x080516, 0x080516, 0x080516, 0x080516, 0x080516, 0x080516, 0x080516, 0x080516, 0x080516, 0xF2E3C6, 0xF2E3C6, 0x080516,
        0x080516, 0xA88A62, 0xF2E3C6, 0xF2E3C6, 0x080516, 0x230832, 0x230832, 0x230832, 0x230832, 0x230832, 0x230832, 0x080516, 0xF2E3C6, 0xF2E3C6, 0xA88A62, 0x080516,
        0x080516, 0x080516, 0x080516, 0xA88A62, 0xC8102E, 0xC8102E, 0xC8102E, 0xC8102E, 0xC8102E, 0xC8102E, 0xC8102E, 0xC8102E, 0xA88A62, 0x080516, 0x080516, 0x080516,
        0x080516, 0x080516, 0x230832, 0xC8102E, 0xC8102E, 0xFF453A, 0xFF453A, 0xFF453A, 0xFF453A, 0xFF453A, 0xFF453A, 0xC8102E, 0xC8102E, 0x230832, 0x080516, 0x080516,
        0x080516, 0x080516, 0xC8102E, 0xC8102E, 0xC8102E, 0xC8102E, 0xFF453A, 0xFF453A, 0xFF453A, 0xFF453A, 0xC8102E, 0xC8102E, 0xC8102E, 0xC8102E, 0x080516, 0x080516,
        0x080516, 0x230832, 0x11020B, 0x11020B, 0xC8102E, 0xC8102E, 0xC8102E, 0xC8102E, 0xC8102E, 0xC8102E, 0xC8102E, 0xC8102E, 0x11020B, 0x11020B, 0x230832, 0x080516,
        0x080516, 0x230832, 0xC8102E, 0xC8102E, 0x11020B, 0x11020B, 0x11020B, 0xC8102E, 0xC8102E, 0x11020B, 0x11020B, 0x11020B, 0xC8102E, 0xC8102E, 0x230832, 0x080516,
        0x080516, 0x230832, 0x4C0E3E, 0x1DE8FF, 0xEBFDFF, 0x1DE8FF, 0xC8102E, 0xC8102E, 0xC8102E, 0xC8102E, 0x1DE8FF, 0xEBFDFF, 0x1DE8FF, 0x2BB8FF, 0x230832, 0x080516,
        0x080516, 0x230832, 0x4C0E3E, 0xC8102E, 0xC8102E, 0xC8102E, 0xC8102E, 0xC8102E, 0xC8102E, 0xC8102E, 0xC8102E, 0xC8102E, 0xC8102E, 0x2BB8FF, 0x230832, 0x080516,
        0x080516, 0x230832, 0x4C0E3E, 0xC8102E, 0xC8102E, 0xC8102E, 0xC8102E, 0x11020B, 0x11020B, 0xC8102E, 0xC8102E, 0xC8102E, 0xC8102E, 0x2BB8FF, 0x230832, 0x080516,
        0x080516, 0x230832, 0x4C0E3E, 0xC8102E, 0xDEC59A, 0xDEC59A, 0xDEC59A, 0xDEC59A, 0xDEC59A, 0xDEC59A, 0xDEC59A, 0xDEC59A, 0xC8102E, 0x2BB8FF, 0x230832, 0x080516,
        0x080516, 0x080516, 0x740822, 0x4C0E3E, 0xFFF4E0, 0x11020B, 0x11020B, 0x11020B, 0x11020B, 0x11020B, 0x11020B, 0xFFF4E0, 0x2BB8FF, 0x740822, 0x080516, 0x080516,
        0x080516, 0x080516, 0x230832, 0x740822, 0x4C0E3E, 0xC8102E, 0x11020B, 0xFF4D6D, 0xFF4D6D, 0x11020B, 0xC8102E, 0x2BB8FF, 0x740822, 0x230832, 0x080516, 0x080516,
        0x080516, 0x080516, 0x080516, 0x230832, 0x230832, 0xC8102E, 0xC8102E, 0xC8102E, 0xC8102E, 0xC8102E, 0xC8102E, 0x230832, 0x230832, 0x080516, 0x080516, 0x080516,
        0x080516, 0x080516, 0x080516, 0x080516, 0x080516, 0x230832, 0x740822, 0x740822, 0x740822, 0x740822, 0x230832, 0x080516, 0x080516, 0x080516, 0x080516, 0x080516,
        0x080516, 0x080516, 0x080516, 0x080516, 0x080516, 0x080516, 0x080516, 0x080516, 0x080516, 0x080516, 0x080516, 0x080516, 0x080516, 0x080516, 0x080516, 0x080516,
    },
    {
        0x080516, 0xF2E3C6, 0xF2E3C6, 0x080516, 0x080516, 0x080516, 0x080516, 0x080516, 0x080516, 0x080516, 0x080516, 0x080516, 0x080516, 0xF2E3C6, 0xF2E3C6, 0x080516,
        0x080516, 0xA88A62, 0xF2E3C6, 0xF2E3C6, 0x080516, 0x240834, 0x240834, 0x240834, 0x240834, 0x240834, 0x240834, 0x080516, 0xF2E3C6, 0xF2E3C6, 0xA88A62, 0x080516,
        0x080516, 0x080516, 0x080516, 0xA88A62, 0xC8102E, 0xC8102E, 0xC8102E, 0xC8102E, 0xC8102E, 0xC8102E, 0xC8102E, 0xC8102E, 0xA88A62, 0x080516, 0x080516, 0x080516,
        0x080516, 0x080516, 0x240834, 0xC8102E, 0xC8102E, 0xFF453A, 0xFF453A, 0xFF453A, 0xFF453A, 0xFF453A, 0xFF453A, 0xC8102E, 0xC8102E, 0x240834, 0x080516, 0x080516,
        0x080516, 0x080516, 0xC8102E, 0xC8102E, 0xC8102E, 0xC8102E, 0xFF453A, 0xFF453A, 0xFF453A, 0xFF453A, 0xC8102E, 0xC8102E, 0xC8102E, 0xC8102E, 0x080516, 0x080516,
        0x080516, 0x240834, 0x11020B, 0x11020B, 0xC8102E, 0xC8102E, 0xC8102E, 0xC8102E, 0xC8102E, 0xC8102E, 0xC8102E, 0xC8102E, 0x11020B, 0x11020B, 0x240834, 0x080516,
        0x080516, 0x240834, 0xC8102E, 0xC8102E, 0x11020B, 0x11020B, 0x11020B, 0xC8102E, 0xC8102E, 0x11020B, 0x11020B, 0x11020B, 0xC8102E, 0xC8102E, 0x240834, 0x080516,
        0x080516, 0x240834, 0x0D020A, 0x27E9FF, 0xEFFEFF, 0x27E9FF, 0xC8102E, 0xC8102E, 0xC8102E, 0xC8102E, 0x27E9FF, 0xEFFEFF, 0x27E9FF, 0x2BB8FF, 0x240834, 0x080516,
        0x080516, 0x240834, 0x0D020A, 0xC8102E, 0xC8102E, 0xC8102E, 0xC8102E, 0xC8102E, 0xC8102E, 0xC8102E, 0xC8102E, 0xC8102E, 0xC8102E, 0x2BB8FF, 0x240834, 0x080516,
        0x080516, 0x240834, 0x0D020A, 0xC8102E, 0xC8102E, 0xC8102E, 0xC8102E, 0x11020B, 0x11020B, 0xC8102E, 0xC8102E, 0xC8102E, 0xC8102E, 0x2BB8FF, 0x240834, 0x080516,
        0x080516, 0x240834, 0x0D020A, 0xC8102E, 0xDEC59A, 0xDEC59A, 0xDEC59A, 0xDEC59A, 0xDEC59A, 0xDEC59A, 0xDEC59A, 0xDEC59A, 0xC8102E, 0x2BB8FF, 0x240834, 0x080516,
        0x080516, 0x080516, 0x740822, 0x0D020A, 0xFFF4E0, 0x11020B, 0x11020B, 0x11020B, 0x11020B, 0x11020B, 0x11020B, 0xFFF4E0, 0x2BB8FF, 0x740822, 0x080516, 0x080516,
        0x080516, 0x080516, 0x240834, 0x740822, 0x0D020A, 0xC8102E, 0x11020B, 0xFF4D6D, 0xFF4D6D, 0x11020B, 0xC8102E, 0x2BB8FF, 0x740822, 0x240834, 0x080516, 0x080516,
        0x080516, 0x080516, 0x080516, 0x240834, 0x240834, 0xC8102E, 0xC8102E, 0xC8102E, 0xC8102E, 0xC8102E, 0xC8102E, 0x240834, 0x240834, 0x080516, 0x080516, 0x080516,
        0x080516, 0x080516, 0x080516, 0x080516, 0x080516, 0x240834, 0x740822, 0x740822, 0x740822, 0x740822, 0x240834, 0x080516, 0x080516, 0x080516, 0x080516, 0x080516,
        0x080516, 0x080516, 0x080516, 0x080516, 0x080516, 0x080516, 0x080516, 0x080516, 0x080516, 0x080516, 0x080516, 0x080516, 0x080516, 0x080516, 0x080516, 0x080516,
    },
    {
        0x080516, 0xF2E3C6, 0xF2E3C6, 0x080516, 0x080516, 0x080516, 0x080516, 0x080516, 0x080516, 0x080516, 0x080516, 0x080516, 0x080516, 0xF2E3C6, 0xF2E3C6, 0x080516,
        0x080516, 0xA88A62, 0xF2E3C6, 0xF2E3C6, 0x080516, 0x260937, 0x260937, 0x260937, 0x260937, 0x260937, 0x260937, 0x080516, 0xF2E3C6, 0xF2E3C6, 0xA88A62, 0x080516,
        0x080516, 0x080516, 0x080516, 0xA88A62, 0xC8102E, 0xC8102E, 0xC8102E, 0xC8102E, 0xC8102E, 0xC8102E, 0xC8102E, 0xC8102E, 0xA88A62, 0x080516, 0x080516, 0x080516,
        0x080516, 0x080516, 0x260937, 0xC8102E, 0xC8102E, 0xFF453A, 0xFF453A, 0xFF453A, 0xFF453A, 0xFF453A, 0xFF453A, 0xC8102E, 0xC8102E, 0x260937, 0x080516, 0x080516,
        0x080516, 0x080516, 0xC8102E, 0xC8102E, 0xC8102E, 0xC8102E, 0xFF453A, 0xFF453A, 0xFF453A, 0xFF453A, 0xC8102E, 0xC8102E, 0xC8102E, 0xC8102E, 0x080516, 0x080516,
        0x080516, 0x260937, 0x11020B, 0x11020B, 0xC8102E, 0xC8102E, 0xC8102E, 0xC8102E, 0xC8102E, 0xC8102E, 0xC8102E, 0xC8102E, 0x11020B, 0x11020B, 0x260937, 0x080516,
        0x080516, 0x260937, 0xC8102E, 0xC8102E, 0x11020B, 0x11020B, 0x11020B, 0xC8102E, 0xC8102E, 0x11020B, 0x11020B, 0x11020B, 0xC8102E, 0xC8102E, 0x260937, 0x080516,
        0x080516, 0x260937, 0xA61F87, 0x31EAFF, 0xF3FEFF, 0x31EAFF, 0xC8102E, 0xC8102E, 0xC8102E, 0xC8102E, 0x31EAFF, 0xF3FEFF, 0x31EAFF, 0x2BB8FF, 0x260937, 0x080516,
        0x080516, 0x260937, 0xA61F87, 0xC8102E, 0xC8102E, 0xC8102E, 0xC8102E, 0xC8102E, 0xC8102E, 0xC8102E, 0xC8102E, 0xC8102E, 0xC8102E, 0x2BB8FF, 0x260937, 0x080516,
        0x080516, 0x260937, 0xA61F87, 0xC8102E, 0xC8102E, 0xC8102E, 0xC8102E, 0x11020B, 0x11020B, 0xC8102E, 0xC8102E, 0xC8102E, 0xC8102E, 0x2BB8FF, 0x260937, 0x080516,
        0x080516, 0x260937, 0xA61F87, 0xC8102E, 0xDEC59A, 0xDEC59A, 0xDEC59A, 0xDEC59A, 0xDEC59A, 0xDEC59A, 0xDEC59A, 0xDEC59A, 0xC8102E, 0x2BB8FF, 0x260937, 0x080516,
        0x080516, 0x080516, 0x740822, 0xA61F87, 0xFFF4E0, 0x11020B, 0x11020B, 0x11020B, 0x11020B, 0x11020B, 0x11020B, 0xFFF4E0, 0x2BB8FF, 0x740822, 0x080516, 0x080516,
        0x080516, 0x080516, 0x260937, 0x740822, 0xA61F87, 0xC8102E, 0x11020B, 0xFF4D6D, 0xFF4D6D, 0x11020B, 0xC8102E, 0x2BB8FF, 0x740822, 0x260937, 0x080516, 0x080516,
        0x080516, 0x080516, 0x080516, 0x260937, 0x260937, 0xC8102E, 0xC8102E, 0xC8102E, 0xC8102E, 0xC8102E, 0xC8102E, 0x260937, 0x260937, 0x080516, 0x080516, 0x080516,
        0x080516, 0x080516, 0x080516, 0x080516, 0x080516, 0x260937, 0x740822, 0x740822, 0x740822, 0x740822, 0x260937, 0x080516, 0x080516, 0x080516, 0x080516, 0x080516,
        0x080516, 0x080516, 0x080516, 0x080516, 0x080516, 0x080516, 0x080516, 0x080516, 0x080516, 0x080516, 0x080516, 0x080516, 0x080516, 0x080516, 0x080516, 0x080516,
    },
    {
        0x080516, 0xF2E3C6, 0xF2E3C6, 0x080516, 0x080516, 0x080516, 0x080516, 0x080516, 0x080516, 0x080516, 0x080516, 0x080516, 0x080516, 0xF2E3C6, 0xF2E3C6, 0x080516,
        0x080516, 0xA88A62, 0xF2E3C6, 0xF2E3C6, 0x080516, 0x280939, 0x280939, 0x280939, 0x280939, 0x280939, 0x280939, 0x080516, 0xF2E3C6, 0xF2E3C6, 0xA88A62, 0x080516,
        0x080516, 0x080516, 0x080516, 0xA88A62, 0xC8102E, 0xC8102E, 0xC8102E, 0xC8102E, 0xC8102E, 0xC8102E, 0xC8102E, 0xC8102E, 0xA88A62, 0x080516, 0x080516, 0x080516,
        0x080516, 0x080516, 0x280939, 0xC8102E, 0xC8102E, 0xFF453A, 0xFF453A, 0xFF453A, 0xFF453A, 0xFF453A, 0xFF453A, 0xC8102E, 0xC8102E, 0x280939, 0x080516, 0x080516,
        0x080516, 0x080516, 0xC8102E, 0xC8102E, 0xC8102E, 0xC8102E, 0xFF453A, 0xFF453A, 0xFF453A, 0xFF453A, 0xC8102E, 0xC8102E, 0xC8102E, 0xC8102E, 0x080516, 0x080516,
        0x080516, 0x280939, 0x11020B, 0x11020B, 0xC8102E, 0xC8102E, 0xC8102E, 0xC8102E, 0xC8102E, 0xC8102E, 0xC8102E, 0xC8102E, 0x11020B, 0x11020B, 0x280939, 0x080516,
        0x080516, 0x280939, 0xC8102E, 0xC8102E, 0x11020B, 0x11020B, 0x11020B, 0xC8102E, 0xC8102E, 0x11020B, 0x11020B, 0x11020B, 0xC8102E, 0xC8102E, 0x280939, 0x080516,
        0x080516, 0x280939, 0xFF2FD0, 0x3BEBFF, 0xF7FEFF, 0x3BEBFF, 0xC8102E, 0xC8102E, 0xC8102E, 0xC8102E, 0x3BEBFF, 0xF7FEFF, 0x3BEBFF, 0x2BB8FF, 0x280939, 0x080516,
        0x080516, 0x280939, 0xFF2FD0, 0xC8102E, 0xC8102E, 0xC8102E, 0xC8102E, 0xC8102E, 0xC8102E, 0xC8102E, 0xC8102E, 0xC8102E, 0xC8102E, 0x2BB8FF, 0x280939, 0x080516,
        0x080516, 0x280939, 0xFF2FD0, 0xC8102E, 0xC8102E, 0xC8102E, 0xC8102E, 0x11020B, 0x11020B, 0xC8102E, 0xC8102E, 0xC8102E, 0xC8102E, 0x2BB8FF, 0x280939, 0x080516,
        0x080516, 0x280939, 0xFF2FD0, 0xC8102E, 0xDEC59A, 0xDEC59A, 0xDEC59A, 0xDEC59A, 0xDEC59A, 0xDEC59A, 0xDEC59A, 0xDEC59A, 0xC8102E, 0x2BB8FF, 0x280939, 0x080516,
        0x080516, 0x080516, 0x740822, 0xFF2FD0, 0xFFF4E0, 0x11020B, 0x11020B, 0x11020B, 0x11020B, 0x11020B, 0x11020B, 0xFFF4E0, 0x2BB8FF, 0x740822, 0x080516, 0x080516,
        0x080516, 0x080516, 0x280939, 0x740822, 0xFF2FD0, 0xC8102E, 0x11020B, 0xFF4D6D, 0xFF4D6D, 0x11020B, 0xC8102E, 0x2BB8FF, 0x740822, 0x280939, 0x080516, 0x080516,
        0x080516, 0x080516, 0x080516, 0x280939, 0x280939, 0xC8102E, 0xC8102E, 0xC8102E, 0xC8102E, 0xC8102E, 0xC8102E, 0x280939, 0x280939, 0x080516, 0x080516, 0x080516,
        0x080516, 0x080516, 0x080516, 0x080516, 0x080516, 0x280939, 0x740822, 0x740822, 0x740822, 0x740822, 0x280939, 0x080516, 0x080516, 0x080516, 0x080516, 0x080516,
        0x080516, 0x080516, 0x080516, 0x080516, 0x080516, 0x080516, 0x080516, 0x080516, 0x080516, 0x080516, 0x080516, 0x080516, 0x080516, 0x080516, 0x080516, 0x080516,
    },
    {
        0x080516, 0xF2E3C6, 0xF2E3C6, 0x080516, 0x080516, 0x080516, 0x080516, 0x080516, 0x080516, 0x080516, 0x080516, 0x080516, 0x080516, 0xF2E3C6, 0xF2E3C6, 0x080516,
        0x080516, 0xA88A62, 0xF2E3C6, 0xF2E3C6, 0x080516, 0x290A3B, 0x290A3B, 0x290A3B, 0x290A3B, 0x290A3B, 0x290A3B, 0x080516, 0xF2E3C6, 0xF2E3C6, 0xA88A62, 0x080516,
        0x080516, 0x080516, 0x080516, 0xA88A62, 0xC8102E, 0xC8102E, 0xC8102E, 0xC8102E, 0xC8102E, 0xC8102E, 0xC8102E, 0xC8102E, 0xA88A62, 0x080516, 0x080516, 0x080516,
        0x080516, 0x080516, 0x290A3B, 0xC8102E, 0xC8102E, 0xFF453A, 0xFF453A, 0xFF453A, 0xFF453A, 0xFF453A, 0xFF453A, 0xC8102E, 0xC8102E, 0x290A3B, 0x080516, 0x080516,
        0x080516, 0x080516, 0xC8102E, 0xC8102E, 0xC8102E, 0xC8102E, 0xFF453A, 0xFF453A, 0xFF453A, 0xFF453A, 0xC8102E, 0xC8102E, 0xC8102E, 0xC8102E, 0x080516, 0x080516,
        0x080516, 0x290A3B, 0x11020B, 0x11020B, 0xC8102E, 0xC8102E, 0xC8102E, 0xC8102E, 0xC8102E, 0xC8102E, 0xC8102E, 0xC8102E, 0x11020B, 0x11020B, 0x290A3B, 0x080516,
        0x080516, 0x290A3B, 0xC8102E, 0xC8102E, 0x11020B, 0x11020B, 0x11020B, 0xC8102E, 0xC8102E, 0x11020B, 0x11020B, 0x11020B, 0xC8102E, 0xC8102E, 0x290A3B, 0x080516,
        0x080516, 0x290A3B, 0xFF2FD0, 0x43ECFF, 0xFAFFFF, 0x43ECFF, 0xC8102E, 0xC8102E, 0xC8102E, 0xC8102E, 0x43ECFF, 0xFAFFFF, 0x43ECFF, 0x2BB8FF, 0x290A3B, 0x080516,
        0x080516, 0x290A3B, 0xFF2FD0, 0xC8102E, 0xC8102E, 0xC8102E, 0xC8102E, 0xC8102E, 0xC8102E, 0xC8102E, 0xC8102E, 0xC8102E, 0xC8102E, 0x2BB8FF, 0x290A3B, 0x080516,
        0x080516, 0x290A3B, 0xFF2FD0, 0xC8102E, 0xC8102E, 0xC8102E, 0xC8102E, 0x11020B, 0x11020B, 0xC8102E, 0xC8102E, 0xC8102E, 0xC8102E, 0x2BB8FF, 0x290A3B, 0x080516,
        0x080516, 0x290A3B, 0xFF2FD0, 0xC8102E, 0xDEC59A, 0xDEC59A, 0xDEC59A, 0xDEC59A, 0xDEC59A, 0xDEC59A, 0xDEC59A, 0xDEC59A, 0xC8102E, 0x2BB8FF, 0x290A3B, 0x080516,
        0x080516, 0x080516, 0x740822, 0xFF2FD0, 0xFFF4E0, 0x11020B, 0x11020B, 0x11020B, 0x11020B, 0x11020B, 0x11020B, 0xFFF4E0, 0x2BB8FF, 0x740822, 0x080516, 0x080516,
        0x080516, 0x080516, 0x290A3B, 0x740822, 0xFF2FD0, 0xC8102E, 0x11020B, 0xFF4D6D, 0xFF4D6D, 0x11020B, 0xC8102E, 0x2BB8FF, 0x740822, 0x290A3B, 0x080516, 0x080516,
        0x080516, 0x080516, 0x080516, 0x290A3B, 0x290A3B, 0xC8102E, 0xC8102E, 0xC8102E, 0xC8102E, 0xC8102E, 0xC8102E, 0x290A3B, 0x290A3B, 0x080516, 0x080516, 0x080516,
        0x080516, 0x080516, 0x080516, 0x080516, 0x080516, 0x290A3B, 0x740822, 0x740822, 0x740822, 0x740822, 0x290A3B, 0x080516, 0x080516, 0x080516, 0x080516, 0x080516,
        0x080516, 0x080516, 0x080516, 0x080516, 0x080516, 0x080516, 0x080516, 0x080516, 0x080516, 0x080516, 0x080516, 0x080516, 0x080516, 0x080516, 0x080516, 0x080516,
    },
    {
        0x080516, 0xF2E3C6, 0xF2E3C6, 0x080516, 0x080516, 0x080516, 0x080516, 0x080516, 0x080516, 0x080516, 0x080516, 0x080516, 0x080516, 0xF2E3C6, 0xF2E3C6, 0x080516,
        0x080516, 0xA88A62, 0xF2E3C6, 0xF2E3C6, 0x080516, 0x2A0A3D, 0x2A0A3D, 0x2A0A3D, 0x2A0A3D, 0x2A0A3D, 0x2A0A3D, 0x080516, 0xF2E3C6, 0xF2E3C6, 0xA88A62, 0x080516,
        0x080516, 0x080516, 0x080516, 0xA88A62, 0xC8102E, 0xC8102E, 0xC8102E, 0xC8102E, 0xC8102E, 0xC8102E, 0xC8102E, 0xC8102E, 0xA88A62, 0x080516, 0x080516, 0x080516,
        0x080516, 0x080516, 0x2A0A3D, 0xC8102E, 0xC8102E, 0xFF453A, 0xFF453A, 0xFF453A, 0xFF453A, 0xFF453A, 0xFF453A, 0xC8102E, 0xC8102E, 0x2A0A3D, 0x080516, 0x080516,
        0x080516, 0x080516, 0xC8102E, 0xC8102E, 0xC8102E, 0xC8102E, 0xFF453A, 0xFF453A, 0xFF453A, 0xFF453A, 0xC8102E, 0xC8102E, 0xC8102E, 0xC8102E, 0x080516, 0x080516,
        0x080516, 0x2A0A3D, 0x11020B, 0x11020B, 0xC8102E, 0xC8102E, 0xC8102E, 0xC8102E, 0xC8102E, 0xC8102E, 0xC8102E, 0xC8102E, 0x11020B, 0x11020B, 0x2A0A3D, 0x080516,
        0x080516, 0x2A0A3D, 0xC8102E, 0xC8102E, 0x11020B, 0x11020B, 0x11020B, 0xC8102E, 0xC8102E, 0x11020B, 0x11020B, 0x11020B, 0xC8102E, 0xC8102E, 0x2A0A3D, 0x080516,
        0x080516, 0x2A0A3D, 0xFF2FD0, 0x49EDFF, 0xFDFFFF, 0x49EDFF, 0xC8102E, 0xC8102E, 0xC8102E, 0xC8102E, 0x49EDFF, 0xFDFFFF, 0x49EDFF, 0x2BB8FF, 0x2A0A3D, 0x080516,
        0x080516, 0x2A0A3D, 0xFF2FD0, 0xC8102E, 0xC8102E, 0xC8102E, 0xC8102E, 0xC8102E, 0xC8102E, 0xC8102E, 0xC8102E, 0xC8102E, 0xC8102E, 0x2BB8FF, 0x2A0A3D, 0x080516,
        0x080516, 0x2A0A3D, 0xFF2FD0, 0xC8102E, 0xC8102E, 0xC8102E, 0xC8102E, 0x11020B, 0x11020B, 0xC8102E, 0xC8102E, 0xC8102E, 0xC8102E, 0x2BB8FF, 0x2A0A3D, 0x080516,
        0x080516, 0x2A0A3D, 0xFF2FD0, 0xC8102E, 0xDEC59A, 0xDEC59A, 0xDEC59A, 0xDEC59A, 0xDEC59A, 0xDEC59A, 0xDEC59A, 0xDEC59A, 0xC8102E, 0x2BB8FF, 0x2A0A3D, 0x080516,
        0x080516, 0x080516, 0x740822, 0xFF2FD0, 0xFFF4E0, 0x11020B, 0x11020B, 0x11020B, 0x11020B, 0x11020B, 0x11020B, 0xFFF4E0, 0x2BB8FF, 0x740822, 0x080516, 0x080516,
        0x080516, 0x080516, 0x2A0A3D, 0x740822, 0xFF2FD0, 0xC8102E, 0x11020B, 0xFF4D6D, 0xFF4D6D, 0x11020B, 0xC8102E, 0x2BB8FF, 0x740822, 0x2A0A3D, 0x080516, 0x080516,
        0x080516, 0x080516, 0x080516, 0x2A0A3D, 0x2A0A3D, 0xC8102E, 0xC8102E, 0xC8102E, 0xC8102E, 0xC8102E, 0xC8102E, 0x2A0A3D, 0x2A0A3D, 0x080516, 0x080516, 0x080516,
        0x080516, 0x080516, 0x080516, 0x080516, 0x080516, 0x2A0A3D, 0x740822, 0x740822, 0x740822, 0x740822, 0x2A0A3D, 0x080516, 0x080516, 0x080516, 0x080516, 0x080516,
        0x080516, 0x080516, 0x080516, 0x080516, 0x080516, 0x080516, 0x080516, 0x080516, 0x080516, 0x080516, 0x080516, 0x080516, 0x080516, 0x080516, 0x080516, 0x080516,
    },
    {
        0x080516, 0xF2E3C6, 0xF2E3C6, 0x080516, 0x080516, 0x080516, 0x080516, 0x080516, 0x080516, 0x080516, 0x080516, 0x080516, 0x080516, 0xF2E3C6, 0xF2E3C6, 0x080516,
        0x080516, 0xA88A62, 0xF2E3C6, 0xF2E3C6, 0x080516, 0x2B0A3E, 0x2B0A3E, 0x2B0A3E, 0x2B0A3E, 0x2B0A3E, 0x2B0A3E, 0x080516, 0xF2E3C6, 0xF2E3C6, 0xA88A62, 0x080516,
        0x080516, 0x080516, 0x080516, 0xA88A62, 0xC8102E, 0xC8102E, 0xC8102E, 0xC8102E, 0xC8102E, 0xC8102E, 0xC8102E, 0xC8102E, 0xA88A62, 0x080516, 0x080516, 0x080516,
        0x080516, 0x080516, 0x2B0A3E, 0xC8102E, 0xC8102E, 0xFF453A, 0xFF453A, 0xFF453A, 0xFF453A, 0xFF453A, 0xFF453A, 0xC8102E, 0xC8102E, 0x2B0A3E, 0x080516, 0x080516,
        0x080516, 0x080516, 0xC8102E, 0xC8102E, 0xC8102E, 0xC8102E, 0xFF453A, 0xFF453A, 0xFF453A, 0xFF453A, 0xC8102E, 0xC8102E, 0xC8102E, 0xC8102E, 0x080516, 0x080516,
        0x080516, 0x2B0A3E, 0x11020B, 0x11020B, 0xC8102E, 0xC8102E, 0xC8102E, 0xC8102E, 0xC8102E, 0xC8102E, 0xC8102E, 0xC8102E, 0x11020B, 0x11020B, 0x2B0A3E, 0x080516,
        0x080516, 0x080516, 0x2B0A3E, 0xC8102E, 0xC8102E, 0x11020B, 0x11020B, 0x11020B, 0xC8102E, 0xC8102E, 0x11020B, 0x11020B, 0x11020B, 0xC8102E, 0xC8102E, 0x2B0A3E,
        0x080516, 0x080516, 0x2B0A3E, 0xFF2FD0, 0x4DEDFF, 0xFEFFFF, 0x4DEDFF, 0xC8102E, 0xC8102E, 0xC8102E, 0xC8102E, 0x4DEDFF, 0xFEFFFF, 0x4DEDFF, 0x2BB8FF, 0x2B0A3E,
        0x080516, 0x080516, 0x2B0A3E, 0xFF2FD0, 0xC8102E, 0xC8102E, 0xC8102E, 0xC8102E, 0xC8102E, 0xC8102E, 0xC8102E, 0xC8102E, 0xC8102E, 0xC8102E, 0x2BB8FF, 0x2B0A3E,
        0x080516, 0x2B0A3E, 0xFF2FD0, 0xC8102E, 0xC8102E, 0xC8102E, 0xC8102E, 0x11020B, 0x11020B, 0xC8102E, 0xC8102E, 0xC8102E, 0xC8102E, 0x2BB8FF, 0x2B0A3E, 0x080516,
        0x080516, 0x2B0A3E, 0xFF2FD0, 0xC8102E, 0xDEC59A, 0xDEC59A, 0xDEC59A, 0xDEC59A, 0xDEC59A, 0xDEC59A, 0xDEC59A, 0xDEC59A, 0xC8102E, 0x2BB8FF, 0x2B0A3E, 0x080516,
        0x080516, 0x080516, 0x740822, 0xFF2FD0, 0xFFF4E0, 0x11020B, 0x11020B, 0x11020B, 0x11020B, 0x11020B, 0x11020B, 0xFFF4E0, 0x2BB8FF, 0x740822, 0x080516, 0x080516,
        0x080516, 0x080516, 0x2B0A3E, 0x740822, 0xFF2FD0, 0xC8102E, 0x11020B, 0xFF4D6D, 0xFF4D6D, 0x11020B, 0xC8102E, 0x2BB8FF, 0x740822, 0x2B0A3E, 0x080516, 0x080516,
        0x080516, 0x080516, 0x080516, 0x2B0A3E, 0x2B0A3E, 0xC8102E, 0xC8102E, 0xC8102E, 0xC8102E, 0xC8102E, 0xC8102E, 0x2B0A3E, 0x2B0A3E, 0x080516, 0x080516, 0x080516,
        0x080516, 0x080516, 0x080516, 0x080516, 0x080516, 0x2B0A3E, 0x740822, 0x740822, 0x740822, 0x740822, 0x2B0A3E, 0x080516, 0x080516, 0x080516, 0x080516, 0x080516,
        0x080516, 0x080516, 0x080516, 0x080516, 0x080516, 0x080516, 0x080516, 0x080516, 0x080516, 0x080516, 0x080516, 0x080516, 0x080516, 0x080516, 0x080516, 0x080516,
    },
    {
        0x080516, 0xF2E3C6, 0xF2E3C6, 0x080516, 0x080516, 0x080516, 0x080516, 0x080516, 0x080516, 0x080516, 0x080516, 0x080516, 0x080516, 0xF2E3C6, 0xF2E3C6, 0x080516,
        0x080516, 0xA88A62, 0xF2E3C6, 0xF2E3C6, 0x080516, 0x2B0A3E, 0x2B0A3E, 0x2B0A3E, 0x2B0A3E, 0x2B0A3E, 0x2B0A3E, 0x080516, 0xF2E3C6, 0xF2E3C6, 0xA88A62, 0x080516,
        0x080516, 0x080516, 0x080516, 0xA88A62, 0xC8102E, 0xC8102E, 0xC8102E, 0xC8102E, 0xC8102E, 0xC8102E, 0xC8102E, 0xC8102E, 0xA88A62, 0x080516, 0x080516, 0x080516,
        0x080516, 0x080516, 0x2B0A3E, 0xC8102E, 0xC8102E, 0xFF453A, 0xFF453A, 0xFF453A, 0xFF453A, 0xFF453A, 0xFF453A, 0xC8102E, 0xC8102E, 0x2B0A3E, 0x080516, 0x080516,
        0x080516, 0x080516, 0xC8102E, 0xC8102E, 0xC8102E, 0xC8102E, 0xFF453A, 0xFF453A, 0xFF453A, 0xFF453A, 0xC8102E, 0xC8102E, 0xC8102E, 0xC8102E, 0x080516, 0x080516,
        0x080516, 0x2B0A3E, 0x11020B, 0x11020B, 0xC8102E, 0xC8102E, 0xC8102E, 0xC8102E, 0xC8102E, 0xC8102E, 0xC8102E, 0xC8102E, 0x11020B, 0x11020B, 0x2B0A3E, 0x080516,
        0x080516, 0x2B0A3E, 0xC8102E, 0xC8102E, 0x11020B, 0x11020B, 0x11020B, 0xC8102E, 0xC8102E, 0x11020B, 0x11020B, 0x11020B, 0xC8102E, 0xC8102E, 0x2B0A3E, 0x080516,
        0x080516, 0x2B0A3E, 0xFF2FD0, 0x4EEDFF, 0xFFFFFF, 0x4EEDFF, 0xC8102E, 0xC8102E, 0xC8102E, 0xC8102E, 0x4EEDFF, 0xFFFFFF, 0x4EEDFF, 0x2BB8FF, 0x2B0A3E, 0x080516,
        0x080516, 0x2B0A3E, 0xFF2FD0, 0xC8102E, 0xC8102E, 0xC8102E, 0xC8102E, 0xC8102E, 0xC8102E, 0xC8102E, 0xC8102E, 0xC8102E, 0xC8102E, 0x2BB8FF, 0x2B0A3E, 0x080516,
        0x080516, 0x2B0A3E, 0xFF2FD0, 0xC8102E, 0xC8102E, 0xC8102E, 0xC8102E, 0x11020B, 0x11020B, 0xC8102E, 0xC8102E, 0xC8102E, 0xC8102E, 0x2BB8FF, 0x2B0A3E, 0x080516,
        0x080516, 0x2B0A3E, 0xFF2FD0, 0xC8102E, 0xDEC59A, 0xDEC59A, 0xDEC59A, 0xDEC59A, 0xDEC59A, 0xDEC59A, 0xDEC59A, 0xDEC59A, 0xC8102E, 0x2BB8FF, 0x2B0A3E, 0x080516,
        0x080516, 0x080516, 0x740822, 0xFF2FD0, 0xFFF4E0, 0x11020B, 0x11020B, 0x11020B, 0x11020B, 0x11020B, 0x11020B, 0xFFF4E0, 0x2BB8FF, 0x740822, 0x080516, 0x080516,
        0x080516, 0x080516, 0x2B0A3E, 0x740822, 0xFF2FD0, 0xC8102E, 0x11020B, 0xFF4D6D, 0xFF4D6D, 0x11020B, 0xC8102E, 0x2BB8FF, 0x740822, 0x2B0A3E, 0x080516, 0x080516,
        0x080516, 0x080516, 0x080516, 0x2B0A3E, 0x2B0A3E, 0xC8102E, 0xC8102E, 0xC8102E, 0xC8102E, 0xC8102E, 0xC8102E, 0x2B0A3E, 0x2B0A3E, 0x080516, 0x080516, 0x080516,
        0x080516, 0x080516, 0x080516, 0x080516, 0x080516, 0x2B0A3E, 0x740822, 0x740822, 0x740822, 0x740822, 0x2B0A3E, 0x080516, 0x080516, 0x080516, 0x080516, 0x080516,
        0x080516, 0x080516, 0x080516, 0x080516, 0x080516, 0x080516, 0x080516, 0x080516, 0x080516, 0x080516, 0x080516, 0x080516, 0x080516, 0x080516, 0x080516, 0x080516,
    },
    {
        0x080516, 0xF2E3C6, 0xF2E3C6, 0x080516, 0x080516, 0x080516, 0x080516, 0x080516, 0x080516, 0x080516, 0x080516, 0x080516, 0x080516, 0xF2E3C6, 0xF2E3C6, 0x080516,
        0x080516, 0xA88A62, 0xF2E3C6, 0xF2E3C6, 0x080516, 0x2B0A3E, 0x2B0A3E, 0x2B0A3E, 0x2B0A3E, 0x2B0A3E, 0x2B0A3E, 0x080516, 0xF2E3C6, 0xF2E3C6, 0xA88A62, 0x080516,
        0x080516, 0x080516, 0x080516, 0xA88A62, 0xC8102E, 0xC8102E, 0xC8102E, 0xC8102E, 0xC8102E, 0xC8102E, 0xC8102E, 0xC8102E, 0xA88A62, 0x080516, 0x080516, 0x080516,
        0x080516, 0x080516, 0x2B0A3E, 0xC8102E, 0xC8102E, 0xFF453A, 0xFF453A, 0xFF453A, 0xFF453A, 0xFF453A, 0xFF453A, 0xC8102E, 0xC8102E, 0x2B0A3E, 0x080516, 0x080516,
        0x080516, 0x080516, 0xC8102E, 0xC8102E, 0xC8102E, 0xC8102E, 0xFF453A, 0xFF453A, 0xFF453A, 0xFF453A, 0xC8102E, 0xC8102E, 0xC8102E, 0xC8102E, 0x080516, 0x080516,
        0x080516, 0x2B0A3E, 0x11020B, 0x11020B, 0xC8102E, 0xC8102E, 0xC8102E, 0xC8102E, 0xC8102E, 0xC8102E, 0xC8102E, 0xC8102E, 0x11020B, 0x11020B, 0x2B0A3E, 0x080516,
        0x080516, 0x2B0A3E, 0xC8102E, 0xC8102E, 0x11020B, 0x11020B, 0x11020B, 0xC8102E, 0xC8102E, 0x11020B, 0x11020B, 0x11020B, 0xC8102E, 0xC8102E, 0x2B0A3E, 0x080516,
        0x080516, 0x2B0A3E, 0xFF2FD0, 0x4DEDFF, 0xFEFFFF, 0x4DEDFF, 0xC8102E, 0xC8102E, 0xC8102E, 0xC8102E, 0x4DEDFF, 0xFEFFFF, 0x4DEDFF, 0x2BB8FF, 0x2B0A3E, 0x080516,
        0x080516, 0x2B0A3E, 0xFF2FD0, 0xC8102E, 0xC8102E, 0xC8102E, 0xC8102E, 0xC8102E, 0xC8102E, 0xC8102E, 0xC8102E, 0xC8102E, 0xC8102E, 0x2BB8FF, 0x2B0A3E, 0x080516,
        0x080516, 0x2B0A3E, 0xFF2FD0, 0xC8102E, 0xC8102E, 0xC8102E, 0xC8102E, 0x11020B, 0x11020B, 0xC8102E, 0xC8102E, 0xC8102E, 0xC8102E, 0x2BB8FF, 0x2B0A3E, 0x080516,
        0x080516, 0x2B0A3E, 0xFF2FD0, 0xC8102E, 0xDEC59A, 0xDEC59A, 0xDEC59A, 0xDEC59A, 0xDEC59A, 0xDEC59A, 0xDEC59A, 0xDEC59A, 0xC8102E, 0x2BB8FF, 0x2B0A3E, 0x080516,
        0x080516, 0x080516, 0x740822, 0xFF2FD0, 0xFFF4E0, 0x11020B, 0x11020B, 0x11020B, 0x11020B, 0x11020B, 0x11020B, 0xFFF4E0, 0x2BB8FF, 0x740822, 0x080516, 0x080516,
        0x080516, 0x080516, 0x2B0A3E, 0x740822, 0xFF2FD0, 0xC8102E, 0x11020B, 0xFF4D6D, 0xFF4D6D, 0x11020B, 0xC8102E, 0x2BB8FF, 0x740822, 0x2B0A3E, 0x080516, 0x080516,
        0x080516, 0x080516, 0x080516, 0x2B0A3E, 0x2B0A3E, 0xC8102E, 0xC8102E, 0xC8102E, 0xC8102E, 0xC8102E, 0xC8102E, 0x2B0A3E, 0x2B0A3E, 0x080516, 0x080516, 0x080516,
        0x080516, 0x080516, 0x080516, 0x080516, 0x080516, 0x2B0A3E, 0x740822, 0x740822, 0x740822, 0x740822, 0x2B0A3E, 0x080516, 0x080516, 0x080516, 0x080516, 0x080516,
        0x080516, 0x080516, 0x080516, 0x080516, 0x080516, 0x080516, 0x080516, 0x080516, 0x080516, 0x080516, 0x080516, 0x080516, 0x080516, 0x080516, 0x080516, 0x080516,
    },
    {
        0x080516, 0xF2E3C6, 0xF2E3C6, 0x080516, 0x080516, 0x080516, 0x080516, 0x080516, 0x080516, 0x080516, 0x080516, 0x080516, 0x080516, 0xF2E3C6, 0xF2E3C6, 0x080516,
        0x080516, 0xA88A62, 0xF2E3C6, 0xF2E3C6, 0x080516, 0x2A0A3D, 0x2A0A3D, 0x2A0A3D, 0x2A0A3D, 0x2A0A3D, 0x2A0A3D, 0x080516, 0xF2E3C6, 0xF2E3C6, 0xA88A62, 0x080516,
        0x080516, 0x080516, 0x080516, 0xA88A62, 0xC8102E, 0xC8102E, 0xC8102E, 0xC8102E, 0xC8102E, 0xC8102E, 0xC8102E, 0xC8102E, 0xA88A62, 0x080516, 0x080516, 0x080516,
        0x080516, 0x080516, 0x2A0A3D, 0xC8102E, 0xC8102E, 0xFF453A, 0xFF453A, 0xFF453A, 0xFF453A, 0xFF453A, 0xFF453A, 0xC8102E, 0xC8102E, 0x2A0A3D, 0x080516, 0x080516,
        0x080516, 0x080516, 0xC8102E, 0xC8102E, 0xC8102E, 0xC8102E, 0xFF453A, 0xFF453A, 0xFF453A, 0xFF453A, 0xC8102E, 0xC8102E, 0xC8102E, 0xC8102E, 0x080516, 0x080516,
        0x080516, 0x2A0A3D, 0x11020B, 0x11020B, 0xC8102E, 0xC8102E, 0xC8102E, 0xC8102E, 0xC8102E, 0xC8102E, 0xC8102E, 0xC8102E, 0x11020B, 0x11020B, 0x2A0A3D, 0x080516,
        0x080516, 0x2A0A3D, 0xC8102E, 0xC8102E, 0x11020B, 0x11020B, 0x11020B, 0xC8102E, 0xC8102E, 0x11020B, 0x11020B, 0x11020B, 0xC8102E, 0xC8102E, 0x2A0A3D, 0x080516,
        0x080516, 0x2A0A3D, 0xFF2FD0, 0x49EDFF, 0xFDFFFF, 0x49EDFF, 0xC8102E, 0xC8102E, 0xC8102E, 0xC8102E, 0x49EDFF, 0xFDFFFF, 0x49EDFF, 0x0F4059, 0x2A0A3D, 0x080516,
        0x080516, 0x2A0A3D, 0xFF2FD0, 0xC8102E, 0xC8102E, 0xC8102E, 0xC8102E, 0xC8102E, 0xC8102E, 0xC8102E, 0xC8102E, 0xC8102E, 0xC8102E, 0x0F4059, 0x2A0A3D, 0x080516,
        0x080516, 0x2A0A3D, 0xFF2FD0, 0xC8102E, 0xC8102E, 0xC8102E, 0xC8102E, 0x11020B, 0x11020B, 0xC8102E, 0xC8102E, 0xC8102E, 0xC8102E, 0x0F4059, 0x2A0A3D, 0x080516,
        0x080516, 0x2A0A3D, 0xFF2FD0, 0xC8102E, 0xDEC59A, 0xDEC59A, 0xDEC59A, 0xDEC59A, 0xDEC59A, 0xDEC59A, 0xDEC59A, 0xDEC59A, 0xC8102E, 0x0F4059, 0x2A0A3D, 0x080516,
        0x080516, 0x080516, 0x740822, 0xFF2FD0, 0xFFF4E0, 0x11020B, 0x11020B, 0x11020B, 0x11020B, 0x11020B, 0x11020B, 0xFFF4E0, 0x0F4059, 0x740822, 0x080516, 0x080516,
        0x080516, 0x080516, 0x2A0A3D, 0x740822, 0xFF2FD0, 0xC8102E, 0x11020B, 0xFF4D6D, 0xFF4D6D, 0x11020B, 0xC8102E, 0x0F4059, 0x740822, 0x2A0A3D, 0x080516, 0x080516,
        0x080516, 0x080516, 0x080516, 0x2A0A3D, 0x2A0A3D, 0xC8102E, 0xC8102E, 0xC8102E, 0xC8102E, 0xC8102E, 0xC8102E, 0x2A0A3D, 0x2A0A3D, 0x080516, 0x080516, 0x080516,
        0x080516, 0x080516, 0x080516, 0x080516, 0x080516, 0x2A0A3D, 0x740822, 0x740822, 0x740822, 0x740822, 0x2A0A3D, 0x080516, 0x080516, 0x080516, 0x080516, 0x080516,
        0x080516, 0x080516, 0x080516, 0x080516, 0x080516, 0x080516, 0x080516, 0x080516, 0x080516, 0x080516, 0x080516, 0x080516, 0x080516, 0x080516, 0x080516, 0x080516,
    },
    {
        0x080516, 0xF2E3C6, 0xF2E3C6, 0x080516, 0x080516, 0x080516, 0x080516, 0x080516, 0x080516, 0x080516, 0x080516, 0x080516, 0x080516, 0xF2E3C6, 0xF2E3C6, 0x080516,
        0x080516, 0xA88A62, 0xF2E3C6, 0xF2E3C6, 0x080516, 0x290A3B, 0x290A3B, 0x290A3B, 0x290A3B, 0x290A3B, 0x290A3B, 0x080516, 0xF2E3C6, 0xF2E3C6, 0xA88A62, 0x080516,
        0x080516, 0x080516, 0x080516, 0xA88A62, 0xC8102E, 0xC8102E, 0xC8102E, 0xC8102E, 0xC8102E, 0xC8102E, 0xC8102E, 0xC8102E, 0xA88A62, 0x080516, 0x080516, 0x080516,
        0x080516, 0x080516, 0x290A3B, 0xC8102E, 0xC8102E, 0xFF453A, 0xFF453A, 0xFF453A, 0xFF453A, 0xFF453A, 0xFF453A, 0xC8102E, 0xC8102E, 0x290A3B, 0x080516, 0x080516,
        0x080516, 0x080516, 0xC8102E, 0xC8102E, 0xC8102E, 0xC8102E, 0xFF453A, 0xFF453A, 0xFF453A, 0xFF453A, 0xC8102E, 0xC8102E, 0xC8102E, 0xC8102E, 0x080516, 0x080516,
        0x080516, 0x290A3B, 0x11020B, 0x11020B, 0xC8102E, 0xC8102E, 0xC8102E, 0xC8102E, 0xC8102E, 0xC8102E, 0xC8102E, 0xC8102E, 0x11020B, 0x11020B, 0x290A3B, 0x080516,
        0x080516, 0x290A3B, 0xC8102E, 0xC8102E, 0x11020B, 0x11020B, 0x11020B, 0xC8102E, 0xC8102E, 0x11020B, 0x11020B, 0x11020B, 0xC8102E, 0xC8102E, 0x290A3B, 0x080516,
        0x080516, 0x290A3B, 0xFF2FD0, 0x43ECFF, 0xFAFFFF, 0x43ECFF, 0xC8102E, 0xC8102E, 0xC8102E, 0xC8102E, 0x43ECFF, 0xFAFFFF, 0x43ECFF, 0x2BB8FF, 0x290A3B, 0x080516,
        0x080516, 0x290A3B, 0xFF2FD0, 0xC8102E, 0xC8102E, 0xC8102E, 0xC8102E, 0xC8102E, 0xC8102E, 0xC8102E, 0xC8102E, 0xC8102E, 0xC8102E, 0x2BB8FF, 0x290A3B, 0x080516,
        0x080516, 0x290A3B, 0xFF2FD0, 0xC8102E, 0xC8102E, 0xC8102E, 0xC8102E, 0x11020B, 0x11020B, 0xC8102E, 0xC8102E, 0xC8102E, 0xC8102E, 0x2BB8FF, 0x290A3B, 0x080516,
        0x080516, 0x290A3B, 0xFF2FD0, 0xC8102E, 0xDEC59A, 0xDEC59A, 0xDEC59A, 0xDEC59A, 0xDEC59A, 0xDEC59A, 0xDEC59A, 0xDEC59A, 0xC8102E, 0x2BB8FF, 0x290A3B, 0x080516,
        0x080516, 0x080516, 0x740822, 0xFF2FD0, 0xFFF4E0, 0x11020B, 0x11020B, 0x11020B, 0x11020B, 0x11020B, 0x11020B, 0xFFF4E0, 0x2BB8FF, 0x740822, 0x080516, 0x080516,
        0x080516, 0x080516, 0x290A3B, 0x740822, 0xFF2FD0, 0xC8102E, 0x11020B, 0xFF4D6D, 0xFF4D6D, 0x11020B, 0xC8102E, 0x2BB8FF, 0x740822, 0x290A3B, 0x080516, 0x080516,
        0x080516, 0x080516, 0x080516, 0x290A3B, 0x290A3B, 0xC8102E, 0xC8102E, 0xC8102E, 0xC8102E, 0xC8102E, 0xC8102E, 0x290A3B, 0x290A3B, 0x080516, 0x080516, 0x080516,
        0x080516, 0x080516, 0x080516, 0x080516, 0x080516, 0x290A3B, 0x740822, 0x740822, 0x740822, 0x740822, 0x290A3B, 0x080516, 0x080516, 0x080516, 0x080516, 0x080516,
        0x080516, 0x080516, 0x080516, 0x080516, 0x080516, 0x080516, 0x080516, 0x080516, 0x080516, 0x080516, 0x080516, 0x080516, 0x080516, 0x080516, 0x080516, 0x080516,
    },
    {
        0x080516, 0xF2E3C6, 0xF2E3C6, 0x080516, 0x080516, 0x080516, 0x080516, 0x080516, 0x080516, 0x080516, 0x080516, 0x080516, 0x080516, 0xF2E3C6, 0xF2E3C6, 0x080516,
        0x080516, 0xA88A62, 0xF2E3C6, 0xF2E3C6, 0x080516, 0x280939, 0x280939, 0x280939, 0x280939, 0x280939, 0x280939, 0x080516, 0xF2E3C6, 0xF2E3C6, 0xA88A62, 0x080516,
        0x080516, 0x080516, 0x080516, 0xA88A62, 0xC8102E, 0xC8102E, 0xC8102E, 0xC8102E, 0xC8102E, 0xC8102E, 0xC8102E, 0xC8102E, 0xA88A62, 0x080516, 0x080516, 0x080516,
        0x080516, 0x080516, 0x280939, 0xC8102E, 0xC8102E, 0xFF453A, 0xFF453A, 0xFF453A, 0xFF453A, 0xFF453A, 0xFF453A, 0xC8102E, 0xC8102E, 0x280939, 0x080516, 0x080516,
        0x080516, 0x080516, 0xC8102E, 0xC8102E, 0xC8102E, 0xC8102E, 0xFF453A, 0xFF453A, 0xFF453A, 0xFF453A, 0xC8102E, 0xC8102E, 0xC8102E, 0xC8102E, 0x080516, 0x080516,
        0x080516, 0x280939, 0x11020B, 0x11020B, 0xC8102E, 0xC8102E, 0xC8102E, 0xC8102E, 0xC8102E, 0xC8102E, 0xC8102E, 0xC8102E, 0x11020B, 0x11020B, 0x280939, 0x080516,
        0x080516, 0x280939, 0xC8102E, 0xC8102E, 0x11020B, 0x11020B, 0x11020B, 0xC8102E, 0xC8102E, 0x11020B, 0x11020B, 0x11020B, 0xC8102E, 0xC8102E, 0x280939, 0x080516,
        0x080516, 0x280939, 0xFF2FD0, 0x3BEBFF, 0xF7FEFF, 0x3BEBFF, 0xC8102E, 0xC8102E, 0xC8102E, 0xC8102E, 0x3BEBFF, 0xF7FEFF, 0x3BEBFF, 0x2BB8FF, 0x280939, 0x080516,
        0x080516, 0x280939, 0xFF2FD0, 0xC8102E, 0xC8102E, 0xC8102E, 0xC8102E, 0xC8102E, 0xC8102E, 0xC8102E, 0xC8102E, 0xC8102E, 0xC8102E, 0x2BB8FF, 0x280939, 0x080516,
        0x080516, 0x280939, 0xFF2FD0, 0xC8102E, 0xC8102E, 0xC8102E, 0xC8102E, 0x11020B, 0x11020B, 0xC8102E, 0xC8102E, 0xC8102E, 0xC8102E, 0x2BB8FF, 0x280939, 0x080516,
        0x080516, 0x280939, 0xFF2FD0, 0xC8102E, 0xDEC59A, 0xDEC59A, 0xDEC59A, 0xDEC59A, 0xDEC59A, 0xDEC59A, 0xDEC59A, 0xDEC59A, 0xC8102E, 0x2BB8FF, 0x280939, 0x080516,
        0x080516, 0x080516, 0x740822, 0xFF2FD0, 0xFFF4E0, 0x11020B, 0x11020B, 0x11020B, 0x11020B, 0x11020B, 0x11020B, 0xFFF4E0, 0x2BB8FF, 0x740822, 0x080516, 0x080516,
        0x080516, 0x080516, 0x280939, 0x740822, 0xFF2FD0, 0xC8102E, 0x11020B, 0xFF4D6D, 0xFF4D6D, 0x11020B, 0xC8102E, 0x2BB8FF, 0x740822, 0x280939, 0x080516, 0x080516,
        0x080516, 0x080516, 0x080516, 0x280939, 0x280939, 0xC8102E, 0xC8102E, 0xC8102E, 0xC8102E, 0xC8102E, 0xC8102E, 0x280939, 0x280939, 0x080516, 0x080516, 0x080516,
        0x080516, 0x080516, 0x080516, 0x080516, 0x080516, 0x280939, 0x740822, 0x740822, 0x740822, 0x740822, 0x280939, 0x080516, 0x080516, 0x080516, 0x080516, 0x080516,
        0x080516, 0x080516, 0x080516, 0x080516, 0x080516, 0x080516, 0x080516, 0x080516, 0x080516, 0x080516, 0x080516, 0x080516, 0x080516, 0x080516, 0x080516, 0x080516,
    },
    {
        0x080516, 0xF2E3C6, 0xF2E3C6, 0x080516, 0x080516, 0x080516, 0x080516, 0x080516, 0x080516, 0x080516, 0x080516, 0x080516, 0x080516, 0xF2E3C6, 0xF2E3C6, 0x080516,
        0x080516, 0xA88A62, 0xF2E3C6, 0xF2E3C6, 0x080516, 0x260937, 0x260937, 0x260937, 0x260937, 0x260937, 0x260937, 0x080516, 0xF2E3C6, 0xF2E3C6, 0xA88A62, 0x080516,
        0x080516, 0x080516, 0x080516, 0xA88A62, 0xC8102E, 0xC8102E, 0xC8102E, 0xC8102E, 0xC8102E, 0xC8102E, 0xC8102E, 0xC8102E, 0xA88A62, 0x080516, 0x080516, 0x080516,
        0x080516, 0x080516, 0x260937, 0xC8102E, 0xC8102E, 0xFF453A, 0xFF453A, 0xFF453A, 0xFF453A, 0xFF453A, 0xFF453A, 0xC8102E, 0xC8102E, 0x260937, 0x080516, 0x080516,
        0x080516, 0x080516, 0xC8102E, 0xC8102E, 0xC8102E, 0xC8102E, 0xFF453A, 0xFF453A, 0xFF453A, 0xFF453A, 0xC8102E, 0xC8102E, 0xC8102E, 0xC8102E, 0x080516, 0x080516,
        0x080516, 0x260937, 0x11020B, 0x11020B, 0xC8102E, 0xC8102E, 0xC8102E, 0xC8102E, 0xC8102E, 0xC8102E, 0xC8102E, 0xC8102E, 0x11020B, 0x11020B, 0x260937, 0x080516,
        0x080516, 0x260937, 0xC8102E, 0xC8102E, 0x11020B, 0x11020B, 0x11020B, 0xC8102E, 0xC8102E, 0x11020B, 0x11020B, 0x11020B, 0xC8102E, 0xC8102E, 0x260937, 0x080516,
        0x080516, 0x260937, 0xFF2FD0, 0x340413, 0x340413, 0x340413, 0xC8102E, 0xC8102E, 0xC8102E, 0xC8102E, 0x340413, 0x340413, 0x340413, 0x2BB8FF, 0x260937, 0x080516,
        0x080516, 0x260937, 0xFF2FD0, 0xC8102E, 0xC8102E, 0xC8102E, 0xC8102E, 0xC8102E, 0xC8102E, 0xC8102E, 0xC8102E, 0xC8102E, 0xC8102E, 0x2BB8FF, 0x260937, 0x080516,
        0x080516, 0x260937, 0xFF2FD0, 0xC8102E, 0xC8102E, 0xC8102E, 0xC8102E, 0x11020B, 0x11020B, 0xC8102E, 0xC8102E, 0xC8102E, 0xC8102E, 0x2BB8FF, 0x260937, 0x080516,
        0x080516, 0x260937, 0xFF2FD0, 0xC8102E, 0xDEC59A, 0xDEC59A, 0xDEC59A, 0xDEC59A, 0xDEC59A, 0xDEC59A, 0xDEC59A, 0xDEC59A, 0xC8102E, 0x2BB8FF, 0x260937, 0x080516,
        0x080516, 0x080516, 0x740822, 0xFF2FD0, 0xFFF4E0, 0x11020B, 0x11020B, 0x11020B, 0x11020B, 0x11020B, 0x11020B, 0xFFF4E0, 0x2BB8FF, 0x740822, 0x080516, 0x080516,
        0x080516, 0x080516, 0x260937, 0x740822, 0xFF2FD0, 0xC8102E, 0x11020B, 0xFF4D6D, 0xFF4D6D, 0x11020B, 0xC8102E, 0x2BB8FF, 0x740822, 0x260937, 0x080516, 0x080516,
        0x080516, 0x080516, 0x080516, 0x260937, 0x260937, 0xC8102E, 0xC8102E, 0xC8102E, 0xC8102E, 0xC8102E, 0xC8102E, 0x260937, 0x260937, 0x080516, 0x080516, 0x080516,
        0x080516, 0x080516, 0x080516, 0x080516, 0x080516, 0x260937, 0x740822, 0x740822, 0x740822, 0x740822, 0x260937, 0x080516, 0x080516, 0x080516, 0x080516, 0x080516,
        0x080516, 0x080516, 0x080516, 0x080516, 0x080516, 0x080516, 0x080516, 0x080516, 0x080516, 0x080516, 0x080516, 0x080516, 0x080516, 0x080516, 0x080516, 0x080516,
    },
    {
        0x080516, 0xF2E3C6, 0xF2E3C6, 0x080516, 0x080516, 0x080516, 0x080516, 0x080516, 0x080516, 0x080516, 0x080516, 0x080516, 0x080516, 0xF2E3C6, 0xF2E3C6, 0x080516,
        0x080516, 0xA88A62, 0xF2E3C6, 0xF2E3C6, 0x080516, 0x240834, 0x240834, 0x240834, 0x240834, 0x240834, 0x240834, 0x080516, 0xF2E3C6, 0xF2E3C6, 0xA88A62, 0x080516,
        0x080516, 0x080516, 0x080516, 0xA88A62, 0xC8102E, 0xC8102E, 0xC8102E, 0xC8102E, 0xC8102E, 0xC8102E, 0xC8102E, 0xC8102E, 0xA88A62, 0x080516, 0x080516, 0x080516,
        0x080516, 0x080516, 0x240834, 0xC8102E, 0xC8102E, 0xFF453A, 0xFF453A, 0xFF453A, 0xFF453A, 0xFF453A, 0xFF453A, 0xC8102E, 0xC8102E, 0x240834, 0x080516, 0x080516,
        0x080516, 0x080516, 0xC8102E, 0xC8102E, 0xC8102E, 0xC8102E, 0xFF453A, 0xFF453A, 0xFF453A, 0xFF453A, 0xC8102E, 0xC8102E, 0xC8102E, 0xC8102E, 0x080516, 0x080516,
        0x080516, 0x240834, 0x11020B, 0x11020B, 0xC8102E, 0xC8102E, 0xC8102E, 0xC8102E, 0xC8102E, 0xC8102E, 0xC8102E, 0xC8102E, 0x11020B, 0x11020B, 0x240834, 0x080516,
        0x080516, 0x240834, 0xC8102E, 0xC8102E, 0x11020B, 0x11020B, 0x11020B, 0xC8102E, 0xC8102E, 0x11020B, 0x11020B, 0x11020B, 0xC8102E, 0xC8102E, 0x240834, 0x080516,
        0x080516, 0x240834, 0xFF2FD0, 0x340413, 0x340413, 0x340413, 0xC8102E, 0xC8102E, 0xC8102E, 0xC8102E, 0x340413, 0x340413, 0x340413, 0x2BB8FF, 0x240834, 0x080516,
        0x080516, 0x240834, 0xFF2FD0, 0xC8102E, 0xC8102E, 0xC8102E, 0xC8102E, 0xC8102E, 0xC8102E, 0xC8102E, 0xC8102E, 0xC8102E, 0xC8102E, 0x2BB8FF, 0x240834, 0x080516,
        0x080516, 0x240834, 0xFF2FD0, 0xC8102E, 0xC8102E, 0xC8102E, 0xC8102E, 0x11020B, 0x11020B, 0xC8102E, 0xC8102E, 0xC8102E, 0xC8102E, 0x2BB8FF, 0x240834, 0x080516,
        0x080516, 0x240834, 0xFF2FD0, 0xC8102E, 0xDEC59A, 0xDEC59A, 0xDEC59A, 0xDEC59A, 0xDEC59A, 0xDEC59A, 0xDEC59A, 0xDEC59A, 0xC8102E, 0x2BB8FF, 0x240834, 0x080516,
        0x080516, 0x080516, 0x740822, 0xFF2FD0, 0xFFF4E0, 0x11020B, 0x11020B, 0x11020B, 0x11020B, 0x11020B, 0x11020B, 0xFFF4E0, 0x2BB8FF, 0x740822, 0x080516, 0x080516,
        0x080516, 0x080516, 0x240834, 0x740822, 0xFF2FD0, 0xC8102E, 0x11020B, 0xFF4D6D, 0xFF4D6D, 0x11020B, 0xC8102E, 0x2BB8FF, 0x740822, 0x240834, 0x080516, 0x080516,
        0x080516, 0x080516, 0x080516, 0x240834, 0x240834, 0xC8102E, 0xC8102E, 0xC8102E, 0xC8102E, 0xC8102E, 0xC8102E, 0x240834, 0x240834, 0x080516, 0x080516, 0x080516,
        0x080516, 0x080516, 0x080516, 0x080516, 0x080516, 0x240834, 0x740822, 0x740822, 0x740822, 0x740822, 0x240834, 0x080516, 0x080516, 0x080516, 0x080516, 0x080516,
        0x080516, 0x080516, 0x080516, 0x080516, 0x080516, 0x080516, 0x080516, 0x080516, 0x080516, 0x080516, 0x080516, 0x080516, 0x080516, 0x080516, 0x080516, 0x080516,
    },
    {
        0x080516, 0xF2E3C6, 0xF2E3C6, 0x080516, 0x080516, 0x080516, 0x080516, 0x080516, 0x080516, 0x080516, 0x080516, 0x080516, 0x080516, 0xF2E3C6, 0xF2E3C6, 0x080516,
        0x080516, 0xA88A62, 0xF2E3C6, 0xF2E3C6, 0x080516, 0x230832, 0x230832, 0x230832, 0x230832, 0x230832, 0x230832, 0x080516, 0xF2E3C6, 0xF2E3C6, 0xA88A62, 0x080516,
        0x080516, 0x080516, 0x080516, 0xA88A62, 0xC8102E, 0xC8102E, 0xC8102E, 0xC8102E, 0xC8102E, 0xC8102E, 0xC8102E, 0xC8102E, 0xA88A62, 0x080516, 0x080516, 0x080516,
        0x080516, 0x080516, 0x230832, 0xC8102E, 0xC8102E, 0xFF453A, 0xFF453A, 0xFF453A, 0xFF453A, 0xFF453A, 0xFF453A, 0xC8102E, 0xC8102E, 0x230832, 0x080516, 0x080516,
        0x080516, 0x080516, 0xC8102E, 0xC8102E, 0xC8102E, 0xC8102E, 0xFF453A, 0xFF453A, 0xFF453A, 0xFF453A, 0xC8102E, 0xC8102E, 0xC8102E, 0xC8102E, 0x080516, 0x080516,
        0x080516, 0x230832, 0x11020B, 0x11020B, 0xC8102E, 0xC8102E, 0xC8102E, 0xC8102E, 0xC8102E, 0xC8102E, 0xC8102E, 0xC8102E, 0x11020B, 0x11020B, 0x230832, 0x080516,
        0x080516, 0x230832, 0xC8102E, 0xC8102E, 0x11020B, 0x11020B, 0x11020B, 0xC8102E, 0xC8102E, 0x11020B, 0x11020B, 0x11020B, 0xC8102E, 0xC8102E, 0x230832, 0x080516,
        0x080516, 0x230832, 0xFF2FD0, 0x1DE8FF, 0xEBFDFF, 0x1DE8FF, 0xC8102E, 0xC8102E, 0xC8102E, 0xC8102E, 0x1DE8FF, 0xEBFDFF, 0x1DE8FF, 0x2BB8FF, 0x230832, 0x080516,
        0x080516, 0x230832, 0xFF2FD0, 0xC8102E, 0xC8102E, 0xC8102E, 0xC8102E, 0xC8102E, 0xC8102E, 0xC8102E, 0xC8102E, 0xC8102E, 0xC8102E, 0x2BB8FF, 0x230832, 0x080516,
        0x080516, 0x230832, 0xFF2FD0, 0xC8102E, 0xC8102E, 0xC8102E, 0xC8102E, 0x11020B, 0x11020B, 0xC8102E, 0xC8102E, 0xC8102E, 0xC8102E, 0x2BB8FF, 0x230832, 0x080516,
        0x080516, 0x230832, 0xFF2FD0, 0xC8102E, 0xDEC59A, 0xDEC59A, 0xDEC59A, 0xDEC59A, 0xDEC59A, 0xDEC59A, 0xDEC59A, 0xDEC59A, 0xC8102E, 0x2BB8FF, 0x230832, 0x080516,
        0x080516, 0x080516, 0x740822, 0xFF2FD0, 0xFFF4E0, 0x11020B, 0x11020B, 0x11020B, 0x11020B, 0x11020B, 0x11020B, 0xFFF4E0, 0x2BB8FF, 0x740822, 0x080516, 0x080516,
        0x080516, 0x080516, 0x230832, 0x740822, 0xFF2FD0, 0xC8102E, 0x11020B, 0xFF4D6D, 0xFF4D6D, 0x11020B, 0xC8102E, 0x2BB8FF, 0x740822, 0x230832, 0x080516, 0x080516,
        0x080516, 0x080516, 0x080516, 0x230832, 0x230832, 0xC8102E, 0xC8102E, 0xC8102E, 0xC8102E, 0xC8102E, 0xC8102E, 0x230832, 0x230832, 0x080516, 0x080516, 0x080516,
        0x080516, 0x080516, 0x080516, 0x080516, 0x080516, 0x230832, 0x740822, 0x740822, 0x740822, 0x740822, 0x230832, 0x080516, 0x080516, 0x080516, 0x080516, 0x080516,
        0x080516, 0x080516, 0x080516, 0x080516, 0x080516, 0x080516, 0x080516, 0x080516, 0x080516, 0x080516, 0x080516, 0x080516, 0x080516, 0x080516, 0x080516, 0x080516,
    },
    {
        0x080516, 0xF2E3C6, 0xF2E3C6, 0x080516, 0x080516, 0x080516, 0x080516, 0x080516, 0x080516, 0x080516, 0x080516, 0x080516, 0x080516, 0xF2E3C6, 0xF2E3C6, 0x080516,
        0x080516, 0xA88A62, 0xF2E3C6, 0xF2E3C6, 0x080516, 0x210830, 0x210830, 0x210830, 0x210830, 0x210830, 0x210830, 0x080516, 0xF2E3C6, 0xF2E3C6, 0xA88A62, 0x080516,
        0x080516, 0x080516, 0x080516, 0xA88A62, 0xC8102E, 0xC8102E, 0xC8102E, 0xC8102E, 0xC8102E, 0xC8102E, 0xC8102E, 0xC8102E, 0xA88A62, 0x080516, 0x080516, 0x080516,
        0x080516, 0x080516, 0x210830, 0xC8102E, 0xC8102E, 0xFF453A, 0xFF453A, 0xFF453A, 0xFF453A, 0xFF453A, 0xFF453A, 0xC8102E, 0xC8102E, 0x210830, 0x080516, 0x080516,
        0x080516, 0x080516, 0xC8102E, 0xC8102E, 0xC8102E, 0xC8102E, 0xFF453A, 0xFF453A, 0xFF453A, 0xFF453A, 0xC8102E, 0xC8102E, 0xC8102E, 0xC8102E, 0x080516, 0x080516,
        0x080516, 0x210830, 0x11020B, 0x11020B, 0xC8102E, 0xC8102E, 0xC8102E, 0xC8102E, 0xC8102E, 0xC8102E, 0xC8102E, 0xC8102E, 0x11020B, 0x11020B, 0x210830, 0x080516,
        0x080516, 0x210830, 0xC8102E, 0xC8102E, 0x11020B, 0x11020B, 0x11020B, 0xC8102E, 0xC8102E, 0x11020B, 0x11020B, 0x11020B, 0xC8102E, 0xC8102E, 0x210830, 0x080516,
        0x080516, 0x210830, 0xFF2FD0, 0x14E7FF, 0xE7FDFF, 0x14E7FF, 0xC8102E, 0xC8102E, 0xC8102E, 0xC8102E, 0x14E7FF, 0xE7FDFF, 0x14E7FF, 0x04121A, 0x210830, 0x080516,
        0x080516, 0x210830, 0xFF2FD0, 0xC8102E, 0xC8102E, 0xC8102E, 0xC8102E, 0xC8102E, 0xC8102E, 0xC8102E, 0xC8102E, 0xC8102E, 0xC8102E, 0x04121A, 0x210830, 0x080516,
        0x080516, 0x210830, 0xFF2FD0, 0xC8102E, 0xC8102E, 0xC8102E, 0xC8102E, 0x11020B, 0x11020B, 0xC8102E, 0xC8102E, 0xC8102E, 0xC8102E, 0x04121A, 0x210830, 0x080516,
        0x080516, 0x210830, 0xFF2FD0, 0xC8102E, 0xDEC59A, 0xDEC59A, 0xDEC59A, 0xDEC59A, 0xDEC59A, 0xDEC59A, 0xDEC59A, 0xDEC59A, 0xC8102E, 0x04121A, 0x210830, 0x080516,
        0x080516, 0x080516, 0x740822, 0xFF2FD0, 0xFFF4E0, 0x11020B, 0x11020B, 0x11020B, 0x11020B, 0x11020B, 0x11020B, 0xFFF4E0, 0x04121A, 0x740822, 0x080516, 0x080516,
        0x080516, 0x080516, 0x210830, 0x740822, 0xFF2FD0, 0xC8102E, 0x11020B, 0xFF4D6D, 0xFF4D6D, 0x11020B, 0xC8102E, 0x04121A, 0x740822, 0x210830, 0x080516, 0x080516,
        0x080516, 0x080516, 0x080516, 0x210830, 0x210830, 0xC8102E, 0xC8102E, 0xC8102E, 0xC8102E, 0xC8102E, 0xC8102E, 0x210830, 0x210830, 0x080516, 0x080516, 0x080516,
        0x080516, 0x080516, 0x080516, 0x080516, 0x080516, 0x210830, 0x740822, 0x740822, 0x740822, 0x740822, 0x210830, 0x080516, 0x080516, 0x080516, 0x080516, 0x080516,
        0x080516, 0x080516, 0x080516, 0x080516, 0x080516, 0x080516, 0x080516, 0x080516, 0x080516, 0x080516, 0x080516, 0x080516, 0x080516, 0x080516, 0x080516, 0x080516,
    },
    {
        0x080516, 0xF2E3C6, 0xF2E3C6, 0x080516, 0x080516, 0x080516, 0x080516, 0x080516, 0x080516, 0x080516, 0x080516, 0x080516, 0x080516, 0xF2E3C6, 0xF2E3C6, 0x080516,
        0x080516, 0xA88A62, 0xF2E3C6, 0xF2E3C6, 0x080516, 0x20072E, 0x20072E, 0x20072E, 0x20072E, 0x20072E, 0x20072E, 0x080516, 0xF2E3C6, 0xF2E3C6, 0xA88A62, 0x080516,
        0x080516, 0x080516, 0x080516, 0xA88A62, 0xC8102E, 0xC8102E, 0xC8102E, 0xC8102E, 0xC8102E, 0xC8102E, 0xC8102E, 0xC8102E, 0xA88A62, 0x080516, 0x080516, 0x080516,
        0x080516, 0x080516, 0x20072E, 0xC8102E, 0xC8102E, 0xFF453A, 0xFF453A, 0xFF453A, 0xFF453A, 0xFF453A, 0xFF453A, 0xC8102E, 0xC8102E, 0x20072E, 0x080516, 0x080516,
        0x080516, 0x080516, 0xC8102E, 0xC8102E, 0xC8102E, 0xC8102E, 0xFF453A, 0xFF453A, 0xFF453A, 0xFF453A, 0xC8102E, 0xC8102E, 0xC8102E, 0xC8102E, 0x080516, 0x080516,
        0x080516, 0x20072E, 0x11020B, 0x11020B, 0xC8102E, 0xC8102E, 0xC8102E, 0xC8102E, 0xC8102E, 0xC8102E, 0xC8102E, 0xC8102E, 0x11020B, 0x11020B, 0x20072E, 0x080516,
        0x080516, 0x20072E, 0xC8102E, 0xC8102E, 0x11020B, 0x11020B, 0x11020B, 0xC8102E, 0xC8102E, 0x11020B, 0x11020B, 0x11020B, 0xC8102E, 0xC8102E, 0x20072E, 0x080516,
        0x080516, 0x20072E, 0xFF2FD0, 0x0BE6FF, 0xE4FCFF, 0x0BE6FF, 0xC8102E, 0xC8102E, 0xC8102E, 0xC8102E, 0x0BE6FF, 0xE4FCFF, 0x0BE6FF, 0x2BB8FF, 0x20072E, 0x080516,
        0x080516, 0x20072E, 0xFF2FD0, 0xC8102E, 0xC8102E, 0xC8102E, 0xC8102E, 0xC8102E, 0xC8102E, 0xC8102E, 0xC8102E, 0xC8102E, 0xC8102E, 0x2BB8FF, 0x20072E, 0x080516,
        0x080516, 0x20072E, 0xFF2FD0, 0xC8102E, 0xC8102E, 0xC8102E, 0xC8102E, 0x11020B, 0x11020B, 0xC8102E, 0xC8102E, 0xC8102E, 0xC8102E, 0x2BB8FF, 0x20072E, 0x080516,
        0x080516, 0x20072E, 0xFF2FD0, 0xC8102E, 0xDEC59A, 0xDEC59A, 0xDEC59A, 0xDEC59A, 0xDEC59A, 0xDEC59A, 0xDEC59A, 0xDEC59A, 0xC8102E, 0x2BB8FF, 0x20072E, 0x080516,
        0x080516, 0x080516, 0x740822, 0xFF2FD0, 0xFFF4E0, 0x11020B, 0x11020B, 0x11020B, 0x11020B, 0x11020B, 0x11020B, 0xFFF4E0, 0x2BB8FF, 0x740822, 0x080516, 0x080516,
        0x080516, 0x080516, 0x20072E, 0x740822, 0xFF2FD0, 0xC8102E, 0x11020B, 0xFF4D6D, 0xFF4D6D, 0x11020B, 0xC8102E, 0x2BB8FF, 0x740822, 0x20072E, 0x080516, 0x080516,
        0x080516, 0x080516, 0x080516, 0x20072E, 0x20072E, 0xC8102E, 0xC8102E, 0xC8102E, 0xC8102E, 0xC8102E, 0xC8102E, 0x20072E, 0x20072E, 0x080516, 0x080516, 0x080516,
        0x080516, 0x080516, 0x080516, 0x080516, 0x080516, 0x20072E, 0x740822, 0x740822, 0x740822, 0x740822, 0x20072E, 0x080516, 0x080516, 0x080516, 0x080516, 0x080516,
        0x080516, 0x080516, 0x080516, 0x080516, 0x080516, 0x080516, 0x080516, 0x080516, 0x080516, 0x080516, 0x080516, 0x080516, 0x080516, 0x080516, 0x080516, 0x080516,
    },
    {
        0x080516, 0xF2E3C6, 0xF2E3C6, 0x080516, 0x080516, 0x080516, 0x080516, 0x080516, 0x080516, 0x080516, 0x080516, 0x080516, 0x080516, 0xF2E3C6, 0xF2E3C6, 0x080516,
        0x080516, 0xA88A62, 0xF2E3C6, 0xF2E3C6, 0x080516, 0x1F072C, 0x1F072C, 0x1F072C, 0x1F072C, 0x1F072C, 0x1F072C, 0x080516, 0xF2E3C6, 0xF2E3C6, 0xA88A62, 0x080516,
        0x080516, 0x080516, 0x080516, 0xA88A62, 0xC8102E, 0xC8102E, 0xC8102E, 0xC8102E, 0xC8102E, 0xC8102E, 0xC8102E, 0xC8102E, 0xA88A62, 0x080516, 0x080516, 0x080516,
        0x080516, 0x080516, 0x1F072C, 0xC8102E, 0xC8102E, 0xFF453A, 0xFF453A, 0xFF453A, 0xFF453A, 0xFF453A, 0xFF453A, 0xC8102E, 0xC8102E, 0x1F072C, 0x080516, 0x080516,
        0x080516, 0x080516, 0xC8102E, 0xC8102E, 0xC8102E, 0xC8102E, 0xFF453A, 0xFF453A, 0xFF453A, 0xFF453A, 0xC8102E, 0xC8102E, 0xC8102E, 0xC8102E, 0x080516, 0x080516,
        0x080516, 0x1F072C, 0x11020B, 0x11020B, 0xC8102E, 0xC8102E, 0xC8102E, 0xC8102E, 0xC8102E, 0xC8102E, 0xC8102E, 0xC8102E, 0x11020B, 0x11020B, 0x1F072C, 0x080516,
        0x080516, 0x1F072C, 0xC8102E, 0xC8102E, 0x11020B, 0x11020B, 0x11020B, 0xC8102E, 0xC8102E, 0x11020B, 0x11020B, 0x11020B, 0xC8102E, 0xC8102E, 0x1F072C, 0x080516,
        0x080516, 0x1F072C, 0xFF2FD0, 0x05E6FF, 0xE1FCFF, 0x05E6FF, 0xC8102E, 0xC8102E, 0xC8102E, 0xC8102E, 0x05E6FF, 0xE1FCFF, 0x05E6FF, 0x2BB8FF, 0x1F072C, 0x080516,
        0x080516, 0x1F072C, 0xFF2FD0, 0xC8102E, 0xC8102E, 0xC8102E, 0xC8102E, 0xC8102E, 0xC8102E, 0xC8102E, 0xC8102E, 0xC8102E, 0xC8102E, 0x2BB8FF, 0x1F072C, 0x080516,
        0x080516, 0x1F072C, 0xFF2FD0, 0xC8102E, 0xC8102E, 0xC8102E, 0xC8102E, 0x11020B, 0x11020B, 0xC8102E, 0xC8102E, 0xC8102E, 0xC8102E, 0x2BB8FF, 0x1F072C, 0x080516,
        0x080516, 0x1F072C, 0xFF2FD0, 0xC8102E, 0xDEC59A, 0xDEC59A, 0xDEC59A, 0xDEC59A, 0xDEC59A, 0xDEC59A, 0xDEC59A, 0xDEC59A, 0xC8102E, 0x2BB8FF, 0x1F072C, 0x080516,
        0x080516, 0x080516, 0x740822, 0xFF2FD0, 0xFFF4E0, 0x11020B, 0x11020B, 0x11020B, 0x11020B, 0x11020B, 0x11020B, 0xFFF4E0, 0x2BB8FF, 0x740822, 0x080516, 0x080516,
        0x080516, 0x080516, 0x1F072C, 0x740822, 0xFF2FD0, 0xC8102E, 0x11020B, 0xFF4D6D, 0xFF4D6D, 0x11020B, 0xC8102E, 0x2BB8FF, 0x740822, 0x1F072C, 0x080516, 0x080516,
        0x080516, 0x080516, 0x080516, 0x1F072C, 0x1F072C, 0xC8102E, 0xC8102E, 0xC8102E, 0xC8102E, 0xC8102E, 0xC8102E, 0x1F072C, 0x1F072C, 0x080516, 0x080516, 0x080516,
        0x080516, 0x080516, 0x080516, 0x080516, 0x080516, 0x1F072C, 0x740822, 0x740822, 0x740822, 0x740822, 0x1F072C, 0x080516, 0x080516, 0x080516, 0x080516, 0x080516,
        0x080516, 0x080516, 0x080516, 0x080516, 0x080516, 0x080516, 0x080516, 0x080516, 0x080516, 0x080516, 0x080516, 0x080516, 0x080516, 0x080516, 0x080516, 0x080516,
    },
    {
        0x080516, 0xF2E3C6, 0xF2E3C6, 0x080516, 0x080516, 0x080516, 0x080516, 0x080516, 0x080516, 0x080516, 0x080516, 0x080516, 0x080516, 0xF2E3C6, 0xF2E3C6, 0x080516,
        0x080516, 0xA88A62, 0xF2E3C6, 0xF2E3C6, 0x080516, 0x1E072B, 0x1E072B, 0x1E072B, 0x1E072B, 0x1E072B, 0x1E072B, 0x080516, 0xF2E3C6, 0xF2E3C6, 0xA88A62, 0x080516,
        0x080516, 0x080516, 0x080516, 0xA88A62, 0xC8102E, 0xC8102E, 0xC8102E, 0xC8102E, 0xC8102E, 0xC8102E, 0xC8102E, 0xC8102E, 0xA88A62, 0x080516, 0x080516, 0x080516,
        0x080516, 0x080516, 0x1E072B, 0xC8102E, 0xC8102E, 0xFF453A, 0xFF453A, 0xFF453A, 0xFF453A, 0xFF453A, 0xFF453A, 0xC8102E, 0xC8102E, 0x1E072B, 0x080516, 0x080516,
        0x080516, 0x080516, 0xC8102E, 0xC8102E, 0xC8102E, 0xC8102E, 0xFF453A, 0xFF453A, 0xFF453A, 0xFF453A, 0xC8102E, 0xC8102E, 0xC8102E, 0xC8102E, 0x080516, 0x080516,
        0x080516, 0x1E072B, 0x11020B, 0x11020B, 0xC8102E, 0xC8102E, 0xC8102E, 0xC8102E, 0xC8102E, 0xC8102E, 0xC8102E, 0xC8102E, 0x11020B, 0x11020B, 0x1E072B, 0x080516,
        0x080516, 0x1E072B, 0xC8102E, 0xC8102E, 0x11020B, 0x11020B, 0x11020B, 0xC8102E, 0xC8102E, 0x11020B, 0x11020B, 0x11020B, 0xC8102E, 0xC8102E, 0x1E072B, 0x080516,
        0x080516, 0x1E072B, 0xFF2FD0, 0x01E5FF, 0xE0FCFF, 0x01E5FF, 0xC8102E, 0xC8102E, 0xC8102E, 0xC8102E, 0x01E5FF, 0xE0FCFF, 0x01E5FF, 0x2BB8FF, 0x1E072B, 0x080516,
        0x080516, 0x1E072B, 0xFF2FD0, 0xC8102E, 0xC8102E, 0xC8102E, 0xC8102E, 0xC8102E, 0xC8102E, 0xC8102E, 0xC8102E, 0xC8102E, 0xC8102E, 0x2BB8FF, 0x1E072B, 0x080516,
        0x080516, 0x1E072B, 0xFF2FD0, 0xC8102E, 0xC8102E, 0xC8102E, 0xC8102E, 0x11020B, 0x11020B, 0xC8102E, 0xC8102E, 0xC8102E, 0xC8102E, 0x2BB8FF, 0x1E072B, 0x080516,
        0x080516, 0x1E072B, 0xFF2FD0, 0xC8102E, 0xDEC59A, 0xDEC59A, 0xDEC59A, 0xDEC59A, 0xDEC59A, 0xDEC59A, 0xDEC59A, 0xDEC59A, 0xC8102E, 0x2BB8FF, 0x1E072B, 0x080516,
        0x080516, 0x080516, 0x740822, 0xFF2FD0, 0xFFF4E0, 0x11020B, 0x11020B, 0x11020B, 0x11020B, 0x11020B, 0x11020B, 0xFFF4E0, 0x2BB8FF, 0x740822, 0x080516, 0x080516,
        0x080516, 0x080516, 0x1E072B, 0x740822, 0xFF2FD0, 0xC8102E, 0x11020B, 0xFF4D6D, 0xFF4D6D, 0x11020B, 0xC8102E, 0x2BB8FF, 0x740822, 0x1E072B, 0x080516, 0x080516,
        0x080516, 0x080516, 0x080516, 0x1E072B, 0x1E072B, 0xC8102E, 0xC8102E, 0xC8102E, 0xC8102E, 0xC8102E, 0xC8102E, 0x1E072B, 0x1E072B, 0x080516, 0x080516, 0x080516,
        0x080516, 0x080516, 0x080516, 0x080516, 0x080516, 0x1E072B, 0x740822, 0x740822, 0x740822, 0x740822, 0x1E072B, 0x080516, 0x080516, 0x080516, 0x080516, 0x080516,
        0x080516, 0x080516, 0x080516, 0x080516, 0x080516, 0x080516, 0x080516, 0x080516, 0x080516, 0x080516, 0x080516, 0x080516, 0x080516, 0x080516, 0x080516, 0x080516,
    },
};

static const uint16_t oni16_anim_rgb565[24][256] = {
    {
        0x0822, 0xF718, 0xF718, 0x0822, 0x0822, 0x0822, 0x0822, 0x0822, 0x0822, 0x0822, 0x0822, 0x0822, 0x0822, 0xF718, 0xF718, 0x0822,
        0x0822, 0xAC4C, 0xF718, 0xF718, 0x0822, 0x1825, 0x1825, 0x1825, 0x1825, 0x1825, 0x1825, 0x0822, 0xF718, 0xF718, 0xAC4C, 0x0822,
        0x0822, 0x0822, 0x0822, 0xAC4C, 0xC885, 0xC885, 0xC885, 0xC885, 0xC885, 0xC885, 0xC885, 0xC885, 0xAC4C, 0x0822, 0x0822, 0x0822,
        0x0822, 0x0822, 0x1825, 0xC885, 0xC885, 0xFA27, 0xFA27, 0xFA27, 0xFA27, 0xFA27, 0xFA27, 0xC885, 0xC885, 0x1825, 0x0822, 0x0822,
        0x0822, 0x0822, 0xC885, 0xC885, 0xC885, 0xC885, 0xFA27, 0xFA27, 0xFA27, 0xFA27, 0xC885, 0xC885, 0xC885, 0xC885, 0x0822, 0x0822,
        0x0822, 0x1825, 0x1001, 0x1001, 0xC885, 0xC885, 0xC885, 0xC885, 0xC885, 0xC885, 0xC885, 0xC885, 0x1001, 0x1001, 0x1825, 0x0822,
        0x0822, 0x1825, 0xC885, 0xC885, 0x1001, 0x1001, 0x1001, 0xC885, 0xC885, 0x1001, 0x1001, 0x1001, 0xC885, 0xC885, 0x1825, 0x0822,
        0x0822, 0x1825, 0xF97A, 0x073F, 0xDFFF, 0x073F, 0xC885, 0xC885, 0xC885, 0xC885, 0x073F, 0xDFFF, 0x073F, 0x2DDF, 0x1825, 0x0822,
        0x0822, 0x1825, 0xF97A, 0xC885, 0xC885, 0xC885, 0xC885, 0xC885, 0xC885, 0xC885, 0xC885, 0xC885, 0xC885, 0x2DDF, 0x1825, 0x0822,
        0x0822, 0x1825, 0xF97A, 0xC885, 0xC885, 0xC885, 0xC885, 0x1001, 0x1001, 0xC885, 0xC885, 0xC885, 0xC885, 0x2DDF, 0x1825, 0x0822,
        0x0822, 0x1825, 0xF97A, 0xC885, 0xDE33, 0xDE33, 0xDE33, 0xDE33, 0xDE33, 0xDE33, 0xDE33, 0xDE33, 0xC885, 0x2DDF, 0x1825, 0x0822,
        0x0822, 0x0822, 0x7044, 0xF97A, 0xFFBC, 0x1001, 0x1001, 0x1001, 0x1001, 0x1001, 0x1001, 0xFFBC, 0x2DDF, 0x7044, 0x0822, 0x0822,
        0x0822, 0x0822, 0x1825, 0x7044, 0xF97A, 0xC885, 0x1001, 0xFA6D, 0xFA6D, 0x1001, 0xC885, 0x2DDF, 0x7044, 0x1825, 0x0822, 0x0822,
        0x0822, 0x0822, 0x0822, 0x1825, 0x1825, 0xC885, 0xC885, 0xC885, 0xC885, 0xC885, 0xC885, 0x1825, 0x1825, 0x0822, 0x0822, 0x0822,
        0x0822, 0x0822, 0x0822, 0x0822, 0x0822, 0x1825, 0x7044, 0x7044, 0x7044, 0x7044, 0x1825, 0x0822, 0x0822, 0x0822, 0x0822, 0x0822,
        0x0822, 0x0822, 0x0822, 0x0822, 0x0822, 0x0822, 0x0822, 0x0822, 0x0822, 0x0822, 0x0822, 0x0822, 0x0822, 0x0822, 0x0822, 0x0822,
    },
    {
        0x0822, 0xF718, 0xF718, 0x0822, 0x0822, 0x0822, 0x0822, 0x0822, 0x0822, 0x0822, 0x0822, 0x0822, 0x0822, 0xF718, 0xF718, 0x0822,
        0x0822, 0xAC4C, 0xF718, 0xF718, 0x0822, 0x1825, 0x1825, 0x1825, 0x1825, 0x1825, 0x1825, 0x0822, 0xF718, 0xF718, 0xAC4C, 0x0822,
        0x0822, 0x0822, 0x0822, 0xAC4C, 0xC885, 0xC885, 0xC885, 0xC885, 0xC885, 0xC885, 0xC885, 0xC885, 0xAC4C, 0x0822, 0x0822, 0x0822,
        0x0822, 0x0822, 0x1825, 0xC885, 0xC885, 0xFA27, 0xFA27, 0xFA27, 0xFA27, 0xFA27, 0xFA27, 0xC885, 0xC885, 0x1825, 0x0822, 0x0822,
        0x0822, 0x0822, 0xC885, 0xC885, 0xC885, 0xC885, 0xFA27, 0xFA27, 0xFA27, 0xFA27, 0xC885, 0xC885, 0xC885, 0xC885, 0x0822, 0x0822,
        0x0822, 0x1825, 0x1001, 0x1001, 0xC885, 0xC885, 0xC885, 0xC885, 0xC885, 0xC885, 0xC885, 0xC885, 0x1001, 0x1001, 0x1825, 0x0822,
        0x0822, 0x1825, 0xC885, 0xC885, 0x1001, 0x1001, 0x1001, 0xC885, 0xC885, 0x1001, 0x1001, 0x1001, 0xC885, 0xC885, 0x1825, 0x0822,
        0x0822, 0x1825, 0xF97A, 0x073F, 0xE7FF, 0x073F, 0xC885, 0xC885, 0xC885, 0xC885, 0x073F, 0xE7FF, 0x073F, 0x2DDF, 0x1825, 0x0822,
        0x0822, 0x1825, 0xF97A, 0xC885, 0xC885, 0xC885, 0xC885, 0xC885, 0xC885, 0xC885, 0xC885, 0xC885, 0xC885, 0x2DDF, 0x1825, 0x0822,
        0x0822, 0x1825, 0xF97A, 0xC885, 0xC885, 0xC885, 0xC885, 0x1001, 0x1001, 0xC885, 0xC885, 0xC885, 0xC885, 0x2DDF, 0x1825, 0x0822,
        0x0822, 0x1825, 0xF97A, 0xC885, 0xDE33, 0xDE33, 0xDE33, 0xDE33, 0xDE33, 0xDE33, 0xDE33, 0xDE33, 0xC885, 0x2DDF, 0x1825, 0x0822,
        0x0822, 0x0822, 0x7044, 0xF97A, 0xFFBC, 0x1001, 0x1001, 0x1001, 0x1001, 0x1001, 0x1001, 0xFFBC, 0x2DDF, 0x7044, 0x0822, 0x0822,
        0x0822, 0x0822, 0x1825, 0x7044, 0xF97A, 0xC885, 0x1001, 0xFA6D, 0xFA6D, 0x1001, 0xC885, 0x2DDF, 0x7044, 0x1825, 0x0822, 0x0822,
        0x0822, 0x0822, 0x0822, 0x1825, 0x1825, 0xC885, 0xC885, 0xC885, 0xC885, 0xC885, 0xC885, 0x1825, 0x1825, 0x0822, 0x0822, 0x0822,
        0x0822, 0x0822, 0x0822, 0x0822, 0x0822, 0x1825, 0x7044, 0x7044, 0x7044, 0x7044, 0x1825, 0x0822, 0x0822, 0x0822, 0x0822, 0x0822,
        0x0822, 0x0822, 0x0822, 0x0822, 0x0822, 0x0822, 0x0822, 0x0822, 0x0822, 0x0822, 0x0822, 0x0822, 0x0822, 0x0822, 0x0822, 0x0822,
    },
    {
        0x0822, 0xF718, 0xF718, 0x0822, 0x0822, 0x0822, 0x0822, 0x0822, 0x0822, 0x0822, 0x0822, 0x0822, 0x0822, 0xF718, 0xF718, 0x0822,
        0x0822, 0xAC4C, 0xF718, 0xF718, 0x0822, 0x1825, 0x1825, 0x1825, 0x1825, 0x1825, 0x1825, 0x0822, 0xF718, 0xF718, 0xAC4C, 0x0822,
        0x0822, 0x0822, 0x0822, 0xAC4C, 0xC885, 0xC885, 0xC885, 0xC885, 0xC885, 0xC885, 0xC885, 0xC885, 0xAC4C, 0x0822, 0x0822, 0x0822,
        0x0822, 0x0822, 0x1825, 0xC885, 0xC885, 0xFA27, 0xFA27, 0xFA27, 0xFA27, 0xFA27, 0xFA27, 0xC885, 0xC885, 0x1825, 0x0822, 0x0822,
        0x0822, 0x0822, 0xC885, 0xC885, 0xC885, 0xC885, 0xFA27, 0xFA27, 0xFA27, 0xFA27, 0xC885, 0xC885, 0xC885, 0xC885, 0x0822, 0x0822,
        0x0822, 0x1825, 0x1001, 0x1001, 0xC885, 0xC885, 0xC885, 0xC885, 0xC885, 0xC885, 0xC885, 0xC885, 0x1001, 0x1001, 0x1825, 0x0822,
        0x0822, 0x1825, 0xC885, 0xC885, 0x1001, 0x1001, 0x1001, 0xC885, 0xC885, 0x1001, 0x1001, 0x1001, 0xC885, 0xC885, 0x1825, 0x0822,
        0x0822, 0x1825, 0xF97A, 0x073F, 0xE7FF, 0x073F, 0xC885, 0xC885, 0xC885, 0xC885, 0x073F, 0xE7FF, 0x073F, 0x2DDF, 0x1825, 0x0822,
        0x0822, 0x1825, 0xF97A, 0xC885, 0xC885, 0xC885, 0xC885, 0xC885, 0xC885, 0xC885, 0xC885, 0xC885, 0xC885, 0x2DDF, 0x1825, 0x0822,
        0x0822, 0x1825, 0xF97A, 0xC885, 0xC885, 0xC885, 0xC885, 0x1001, 0x1001, 0xC885, 0xC885, 0xC885, 0xC885, 0x2DDF, 0x1825, 0x0822,
        0x0822, 0x1825, 0xF97A, 0xC885, 0xDE33, 0xDE33, 0xDE33, 0xDE33, 0xDE33, 0xDE33, 0xDE33, 0xDE33, 0xC885, 0x2DDF, 0x1825, 0x0822,
        0x0822, 0x0822, 0x7044, 0xF97A, 0xFFBC, 0x1001, 0x1001, 0x1001, 0x1001, 0x1001, 0x1001, 0xFFBC, 0x2DDF, 0x7044, 0x0822, 0x0822,
        0x0822, 0x0822, 0x1825, 0x7044, 0xF97A, 0xC885, 0x1001, 0xFA6D, 0xFA6D, 0x1001, 0xC885, 0x2DDF, 0x7044, 0x1825, 0x0822, 0x0822,
        0x0822, 0x0822, 0x0822, 0x1825, 0x1825, 0xC885, 0xC885, 0xC885, 0xC885, 0xC885, 0xC885, 0x1825, 0x1825, 0x0822, 0x0822, 0x0822,
        0x0822, 0x0822, 0x0822, 0x0822, 0x0822, 0x1825, 0x7044, 0x7044, 0x7044, 0x7044, 0x1825, 0x0822, 0x0822, 0x0822, 0x0822, 0x0822,
        0x0822, 0x0822, 0x0822, 0x0822, 0x0822, 0x0822, 0x0822, 0x0822, 0x0822, 0x0822, 0x0822, 0x0822, 0x0822, 0x0822, 0x0822, 0x0822,
    },
    {
        0x0822, 0xF718, 0xF718, 0x0822, 0x0822, 0x0822, 0x0822, 0x0822, 0x0822, 0x0822, 0x0822, 0x0822, 0x0822, 0xF718, 0xF718, 0x0822,
        0x0822, 0xAC4C, 0xF718, 0xF718, 0x0822, 0x2025, 0x2025, 0x2025, 0x2025, 0x2025, 0x2025, 0x0822, 0xF718, 0xF718, 0xAC4C, 0x0822,
        0x0822, 0x0822, 0x0822, 0xAC4C, 0xC885, 0xC885, 0xC885, 0xC885, 0xC885, 0xC885, 0xC885, 0xC885, 0xAC4C, 0x0822, 0x0822, 0x0822,
        0x0822, 0x0822, 0x2025, 0xC885, 0xC885, 0xFA27, 0xFA27, 0xFA27, 0xFA27, 0xFA27, 0xFA27, 0xC885, 0xC885, 0x2025, 0x0822, 0x0822,
        0x0822, 0x0822, 0xC885, 0xC885, 0xC885, 0xC885, 0xFA27, 0xFA27, 0xFA27, 0xFA27, 0xC885, 0xC885, 0xC885, 0xC885, 0x0822, 0x0822,
        0x0822, 0x2025, 0x1001, 0x1001, 0xC885, 0xC885, 0xC885, 0xC885, 0xC885, 0xC885, 0xC885, 0xC885, 0x1001, 0x1001, 0x2025, 0x0822,
        0x0822, 0x2025, 0xC885, 0xC885, 0x1001, 0x1001, 0x1001, 0xC885, 0xC885, 0x1001, 0x1001, 0x1001, 0xC885, 0xC885, 0x2025, 0x0822,
        0x0822, 0x2025, 0xF97A, 0x0F3F, 0xE7FF, 0x0F3F, 0xC885, 0xC885, 0xC885, 0xC885, 0x0F3F, 0xE7FF, 0x0F3F, 0x2DDF, 0x2025, 0x0822,
        0x0822, 0x2025, 0xF97A, 0xC885, 0xC885, 0xC885, 0xC885, 0xC885, 0xC885, 0xC885, 0xC885, 0xC885, 0xC885, 0x2DDF, 0x2025, 0x0822,
        0x0822, 0x2025, 0xF97A, 0xC885, 0xC885, 0xC885, 0xC885, 0x1001, 0x1001, 0xC885, 0xC885, 0xC885, 0xC885, 0x2DDF, 0x2025, 0x0822,
        0x0822, 0x2025, 0xF97A, 0xC885, 0xDE33, 0xDE33, 0xDE33, 0xDE33, 0xDE33, 0xDE33, 0xDE33, 0xDE33, 0xC885, 0x2DDF, 0x2025, 0x0822,
        0x0822, 0x0822, 0x7044, 0xF97A, 0xFFBC, 0x1001, 0x1001, 0x1001, 0x1001, 0x1001, 0x1001, 0xFFBC, 0x2DDF, 0x7044, 0x0822, 0x0822,
        0x0822, 0x0822, 0x2025, 0x7044, 0xF97A, 0xC885, 0x1001, 0xFA6D, 0xFA6D, 0x1001, 0xC885, 0x2DDF, 0x7044, 0x2025, 0x0822, 0x0822,
        0x0822, 0x0822, 0x0822, 0x2025, 0x2025, 0xC885, 0xC885, 0xC885, 0xC885, 0xC885, 0xC885, 0x2025, 0x2025, 0x0822, 0x0822, 0x0822,
        0x0822, 0x0822, 0x0822, 0x0822, 0x0822, 0x2025, 0x7044, 0x7044, 0x7044, 0x7044, 0x2025, 0x0822, 0x0822, 0x0822, 0x0822, 0x0822,
        0x0822, 0x0822, 0x0822, 0x0822, 0x0822, 0x0822, 0x0822, 0x0822, 0x0822, 0x0822, 0x0822, 0x0822, 0x0822, 0x0822, 0x0822, 0x0822,
    },
    {
        0x0822, 0xF718, 0xF718, 0x0822, 0x0822, 0x0822, 0x0822, 0x0822, 0x0822, 0x0822, 0x0822, 0x0822, 0x0822, 0xF718, 0xF718, 0x0822,
        0x0822, 0xAC4C, 0xF718, 0xF718, 0x0822, 0x2046, 0x2046, 0x2046, 0x2046, 0x2046, 0x2046, 0x0822, 0xF718, 0xF718, 0xAC4C, 0x0822,
        0x0822, 0x0822, 0x0822, 0xAC4C, 0xC885, 0xC885, 0xC885, 0xC885, 0xC885, 0xC885, 0xC885, 0xC885, 0xAC4C, 0x0822, 0x0822, 0x0822,
        0x0822, 0x0822, 0x2046, 0xC885, 0xC885, 0xFA27, 0xFA27, 0xFA27, 0xFA27, 0xFA27, 0xFA27, 0xC885, 0xC885, 0x2046, 0x0822, 0x0822,
        0x0822, 0x0822, 0xC885, 0xC885, 0xC885, 0xC885, 0xFA27, 0xFA27, 0xFA27, 0xFA27, 0xC885, 0xC885, 0xC885, 0xC885, 0x0822, 0x0822,
        0x0822, 0x2046, 0x1001, 0x1001, 0xC885, 0xC885, 0xC885, 0xC885, 0xC885, 0xC885, 0xC885, 0xC885, 0x1001, 0x1001, 0x2046, 0x0822,
        0x0822, 0x2046, 0xC885, 0xC885, 0x1001, 0x1001, 0x1001, 0xC885, 0xC885, 0x1001, 0x1001, 0x1001, 0xC885, 0xC885, 0x2046, 0x0822,
        0x0822, 0x2046, 0xF97A, 0x173F, 0xE7FF, 0x173F, 0xC885, 0xC885, 0xC885, 0xC885, 0x173F, 0xE7FF, 0x173F, 0x2DDF, 0x2046, 0x0822,
        0x0822, 0x2046, 0xF97A, 0xC885, 0xC885, 0xC885, 0xC885, 0xC885, 0xC885, 0xC885, 0xC885, 0xC885, 0xC885, 0x2DDF, 0x2046, 0x0822,
        0x0822, 0x2046, 0xF97A, 0xC885, 0xC885, 0xC885, 0xC885, 0x1001, 0x1001, 0xC885, 0xC885, 0xC885, 0xC885, 0x2DDF, 0x2046, 0x0822,
        0x0822, 0x2046, 0xF97A, 0xC885, 0xDE33, 0xDE33, 0xDE33, 0xDE33, 0xDE33, 0xDE33, 0xDE33, 0xDE33, 0xC885, 0x2DDF, 0x2046, 0x0822,
        0x0822, 0x0822, 0x7044, 0xF97A, 0xFFBC, 0x1001, 0x1001, 0x1001, 0x1001, 0x1001, 0x1001, 0xFFBC, 0x2DDF, 0x7044, 0x0822, 0x0822,
        0x0822, 0x0822, 0x2046, 0x7044, 0xF97A, 0xC885, 0x1001, 0xFA6D, 0xFA6D, 0x1001, 0xC885, 0x2DDF, 0x7044, 0x2046, 0x0822, 0x0822,
        0x0822, 0x0822, 0x0822, 0x2046, 0x2046, 0xC885, 0xC885, 0xC885, 0xC885, 0xC885, 0xC885, 0x2046, 0x2046, 0x0822, 0x0822, 0x0822,
        0x0822, 0x0822, 0x0822, 0x0822, 0x0822, 0x2046, 0x7044, 0x7044, 0x7044, 0x7044, 0x2046, 0x0822, 0x0822, 0x0822, 0x0822, 0x0822,
        0x0822, 0x0822, 0x0822, 0x0822, 0x0822, 0x0822, 0x0822, 0x0822, 0x0822, 0x0822, 0x0822, 0x0822, 0x0822, 0x0822, 0x0822, 0x0822,
    },
    {
        0x0822, 0xF718, 0xF718, 0x0822, 0x0822, 0x0822, 0x0822, 0x0822, 0x0822, 0x0822, 0x0822, 0x0822, 0x0822, 0xF718, 0xF718, 0x0822,
        0x0822, 0xAC4C, 0xF718, 0xF718, 0x0822, 0x2046, 0x2046, 0x2046, 0x2046, 0x2046, 0x2046, 0x0822, 0xF718, 0xF718, 0xAC4C, 0x0822,
        0x0822, 0x0822, 0x0822, 0xAC4C, 0xC885, 0xC885, 0xC885, 0xC885, 0xC885, 0xC885, 0xC885, 0xC885, 0xAC4C, 0x0822, 0x0822, 0x0822,
        0x0822, 0x0822, 0x2046, 0xC885, 0xC885, 0xFA27, 0xFA27, 0xFA27, 0xFA27, 0xFA27, 0xFA27, 0xC885, 0xC885, 0x2046, 0x0822, 0x0822,
        0x0822, 0x0822, 0xC885, 0xC885, 0xC885, 0xC885, 0xFA27, 0xFA27, 0xFA27, 0xFA27, 0xC885, 0xC885, 0xC885, 0xC885, 0x0822, 0x0822,
        0x0822, 0x2046, 0x1001, 0x1001, 0xC885, 0xC885, 0xC885, 0xC885, 0xC885, 0xC885, 0xC885, 0xC885, 0x1001, 0x1001, 0x2046, 0x0822,
        0x0822, 0x2046, 0xC885, 0xC885, 0x1001, 0x1001, 0x1001, 0xC885, 0xC885, 0x1001, 0x1001, 0x1001, 0xC885, 0xC885, 0x2046, 0x0822,
        0x0822, 0x2046, 0x4867, 0x1F5F, 0xEFFF, 0x1F5F, 0xC885, 0xC885, 0xC885, 0xC885, 0x1F5F, 0xEFFF, 0x1F5F, 0x2DDF, 0x2046, 0x0822,
        0x0822, 0x2046, 0x4867, 0xC885, 0xC885, 0xC885, 0xC885, 0xC885, 0xC885, 0xC885, 0xC885, 0xC885, 0xC885, 0x2DDF, 0x2046, 0x0822,
        0x0822, 0x2046, 0x4867, 0xC885, 0xC885, 0xC885, 0xC885, 0x1001, 0x1001, 0xC885, 0xC885, 0xC885, 0xC885, 0x2DDF, 0x2046, 0x0822,
        0x0822, 0x2046, 0x4867, 0xC885, 0xDE33, 0xDE33, 0xDE33, 0xDE33, 0xDE33, 0xDE33, 0xDE33, 0xDE33, 0xC885, 0x2DDF, 0x2046, 0x0822,
        0x0822, 0x0822, 0x7044, 0x4867, 0xFFBC, 0x1001, 0x1001, 0x1001, 0x1001, 0x1001, 0x1001, 0xFFBC, 0x2DDF, 0x7044, 0x0822, 0x0822,
        0x0822, 0x0822, 0x2046, 0x7044, 0x4867, 0xC885, 0x1001, 0xFA6D, 0xFA6D, 0x1001, 0xC885, 0x2DDF, 0x7044, 0x2046, 0x0822, 0x0822,
        0x0822, 0x0822, 0x0822, 0x2046, 0x2046, 0xC885, 0xC885, 0xC885, 0xC885, 0xC885, 0xC885, 0x2046, 0x2046, 0x0822, 0x0822, 0x0822,
        0x0822, 0x0822, 0x0822, 0x0822, 0x0822, 0x2046, 0x7044, 0x7044, 0x7044, 0x7044, 0x2046, 0x0822, 0x0822, 0x0822, 0x0822, 0x0822,
        0x0822, 0x0822, 0x0822, 0x0822, 0x0822, 0x0822, 0x0822, 0x0822, 0x0822, 0x0822, 0x0822, 0x0822, 0x0822, 0x0822, 0x0822, 0x0822,
    },
    {
        0x0822, 0xF718, 0xF718, 0x0822, 0x0822, 0x0822, 0x0822, 0x0822, 0x0822, 0x0822, 0x0822, 0x0822, 0x0822, 0xF718, 0xF718, 0x0822,
        0x0822, 0xAC4C, 0xF718, 0xF718, 0x0822, 0x2046, 0x2046, 0x2046, 0x2046, 0x2046, 0x2046, 0x0822, 0xF718, 0xF718, 0xAC4C, 0x0822,
        0x0822, 0x0822, 0x0822, 0xAC4C, 0xC885, 0xC885, 0xC885, 0xC885, 0xC885, 0xC885, 0xC885, 0xC885, 0xAC4C, 0x0822, 0x0822, 0x0822,
        0x0822, 0x0822, 0x2046, 0xC885, 0xC885, 0xFA27, 0xFA27, 0xFA27, 0xFA27, 0xFA27, 0xFA27, 0xC885, 0xC885, 0x2046, 0x0822, 0x0822,
        0x0822, 0x0822, 0xC885, 0xC885, 0xC885, 0xC885, 0xFA27, 0xFA27, 0xFA27, 0xFA27, 0xC885, 0xC885, 0xC885, 0xC885, 0x0822, 0x0822,
        0x0822, 0x2046, 0x1001, 0x1001, 0xC885, 0xC885, 0xC885, 0xC885, 0xC885, 0xC885, 0xC885, 0xC885, 0x1001, 0x1001, 0x2046, 0x0822,
        0x0822, 0x2046, 0xC885, 0xC885, 0x1001, 0x1001, 0x1001, 0xC885, 0xC885, 0x1001, 0x1001, 0x1001, 0xC885, 0xC885, 0x2046, 0x0822,
        0x0822, 0x2046, 0x0801, 0x275F, 0xEFFF, 0x275F, 0xC885, 0xC885, 0xC885, 0xC885, 0x275F, 0xEFFF, 0x275F, 0x2DDF, 0x2046, 0x0822,
        0x0822, 0x2046, 0x0801, 0xC885, 0xC885, 0xC885, 0xC885, 0xC885, 0xC885, 0xC885, 0xC885, 0xC885, 0xC885, 0x2DDF, 0x2046, 0x0822,
        0x0822, 0x2046, 0x0801, 0xC885, 0xC885, 0xC885, 0xC885, 0x1001, 0x1001, 0xC885, 0xC885, 0xC885, 0xC885, 0x2DDF, 0x2046, 0x0822,
        0x0822, 0x2046, 0x0801, 0xC885, 0xDE33, 0xDE33, 0xDE33, 0xDE33, 0xDE33, 0xDE33, 0xDE33, 0xDE33, 0xC885, 0x2DDF, 0x2046, 0x0822,
        0x0822, 0x0822, 0x7044, 0x0801, 0xFFBC, 0x1001, 0x1001, 0x1001, 0x1001, 0x1001, 0x1001, 0xFFBC, 0x2DDF, 0x7044, 0x0822, 0x0822,
        0x0822, 0x0822, 0x2046, 0x7044, 0x0801, 0xC885, 0x1001, 0xFA6D, 0xFA6D, 0x1001, 0xC885, 0x2DDF, 0x7044, 0x2046, 0x0822, 0x0822,
        0x0822, 0x0822, 0x0822, 0x2046, 0x2046, 0xC885, 0xC885, 0xC885, 0xC885, 0xC885, 0xC885, 0x2046, 0x2046, 0x0822, 0x0822, 0x0822,
        0x0822, 0x0822, 0x0822, 0x0822, 0x0822, 0x2046, 0x7044, 0x7044, 0x7044, 0x7044, 0x2046, 0x0822, 0x0822, 0x0822, 0x0822, 0x0822,
        0x0822, 0x0822, 0x0822, 0x0822, 0x0822, 0x0822, 0x0822, 0x0822, 0x0822, 0x0822, 0x0822, 0x0822, 0x0822, 0x0822, 0x0822, 0x0822,
    },
    {
        0x0822, 0xF718, 0xF718, 0x0822, 0x0822, 0x0822, 0x0822, 0x0822, 0x0822, 0x0822, 0x0822, 0x0822, 0x0822, 0xF718, 0xF718, 0x0822,
        0x0822, 0xAC4C, 0xF718, 0xF718, 0x0822, 0x2046, 0x2046, 0x2046, 0x2046, 0x2046, 0x2046, 0x0822, 0xF718, 0xF718, 0xAC4C, 0x0822,
        0x0822, 0x0822, 0x0822, 0xAC4C, 0xC885, 0xC885, 0xC885, 0xC885, 0xC885, 0xC885, 0xC885, 0xC885, 0xAC4C, 0x0822, 0x0822, 0x0822,
        0x0822, 0x0822, 0x2046, 0xC885, 0xC885, 0xFA27, 0xFA27, 0xFA27, 0xFA27, 0xFA27, 0xFA27, 0xC885, 0xC885, 0x2046, 0x0822, 0x0822,
        0x0822, 0x0822, 0xC885, 0xC885, 0xC885, 0xC885, 0xFA27, 0xFA27, 0xFA27, 0xFA27, 0xC885, 0xC885, 0xC885, 0xC885, 0x0822, 0x0822,
        0x0822, 0x2046, 0x1001, 0x1001, 0xC885, 0xC885, 0xC885, 0xC885, 0xC885, 0xC885, 0xC885, 0xC885, 0x1001, 0x1001, 0x2046, 0x0822,
        0x0822, 0x2046, 0xC885, 0xC885, 0x1001, 0x1001, 0x1001, 0xC885, 0xC885, 0x1001, 0x1001, 0x1001, 0xC885, 0xC885, 0x2046, 0x0822,
        0x0822, 0x2046, 0xA0F0, 0x375F, 0xF7FF, 0x375F, 0xC885, 0xC885, 0xC885, 0xC885, 0x375F, 0xF7FF, 0x375F, 0x2DDF, 0x2046, 0x0822,
        0x0822, 0x2046, 0xA0F0, 0xC885, 0xC885, 0xC885, 0xC885, 0xC885, 0xC885, 0xC885, 0xC885, 0xC885, 0xC885, 0x2DDF, 0x2046, 0x0822,
        0x0822, 0x2046, 0xA0F0, 0xC885, 0xC885, 0xC885, 0xC885, 0x1001, 0x1001, 0xC885, 0xC885, 0xC885, 0xC885, 0x2DDF, 0x2046, 0x0822,
        0x0822, 0x2046, 0xA0F0, 0xC885, 0xDE33, 0xDE33, 0xDE33, 0xDE33, 0xDE33, 0xDE33, 0xDE33, 0xDE33, 0xC885, 0x2DDF, 0x2046, 0x0822,
        0x0822, 0x0822, 0x7044, 0xA0F0, 0xFFBC, 0x1001, 0x1001, 0x1001, 0x1001, 0x1001, 0x1001, 0xFFBC, 0x2DDF, 0x7044, 0x0822, 0x0822,
        0x0822, 0x0822, 0x2046, 0x7044, 0xA0F0, 0xC885, 0x1001, 0xFA6D, 0xFA6D, 0x1001, 0xC885, 0x2DDF, 0x7044, 0x2046, 0x0822, 0x0822,
        0x0822, 0x0822, 0x0822, 0x2046, 0x2046, 0xC885, 0xC885, 0xC885, 0xC885, 0xC885, 0xC885, 0x2046, 0x2046, 0x0822, 0x0822, 0x0822,
        0x0822, 0x0822, 0x0822, 0x0822, 0x0822, 0x2046, 0x7044, 0x7044, 0x7044, 0x7044, 0x2046, 0x0822, 0x0822, 0x0822, 0x0822, 0x0822,
        0x0822, 0x0822, 0x0822, 0x0822, 0x0822, 0x0822, 0x0822, 0x0822, 0x0822, 0x0822, 0x0822, 0x0822, 0x0822, 0x0822, 0x0822, 0x0822,
    },
    {
        0x0822, 0xF718, 0xF718, 0x0822, 0x0822, 0x0822, 0x0822, 0x0822, 0x0822, 0x0822, 0x0822, 0x0822, 0x0822, 0xF718, 0xF718, 0x0822,
        0x0822, 0xAC4C, 0xF718, 0xF718, 0x0822, 0x2847, 0x2847, 0x2847, 0x2847, 0x2847, 0x2847, 0x0822, 0xF718, 0xF718, 0xAC4C, 0x0822,
        0x0822, 0x0822, 0x0822, 0xAC4C, 0xC885, 0xC885, 0xC885, 0xC885, 0xC885, 0xC885, 0xC885, 0xC885, 0xAC4C, 0x0822, 0x0822, 0x0822,
        0x0822, 0x0822, 0x2847, 0xC885, 0xC885, 0xFA27, 0xFA27, 0xFA27, 0xFA27, 0xFA27, 0xFA27, 0xC885, 0xC885, 0x2847, 0x0822, 0x0822,
        0x0822, 0x0822, 0xC885, 0xC885, 0xC885, 0xC885, 0xFA27, 0xFA27, 0xFA27, 0xFA27, 0xC885, 0xC885, 0xC885, 0xC885, 0x0822, 0x0822,
        0x0822, 0x2847, 0x1001, 0x1001, 0xC885, 0xC885, 0xC885, 0xC885, 0xC885, 0xC885, 0xC885, 0xC885, 0x1001, 0x1001, 0x2847, 0x0822,
        0x0822, 0x2847, 0xC885, 0xC885, 0x1001, 0x1001, 0x1001, 0xC885, 0xC885, 0x1001, 0x1001, 0x1001, 0xC885, 0xC885, 0x2847, 0x0822,
        0x0822, 0x2847, 0xF97A, 0x3F5F, 0xF7FF, 0x3F5F, 0xC885, 0xC885, 0xC885, 0xC885, 0x3F5F, 0xF7FF, 0x3F5F, 0x2DDF, 0x2847, 0x0822,
        0x0822, 0x2847, 0xF97A, 0xC885, 0xC885, 0xC885, 0xC885, 0xC885, 0xC885, 0xC885, 0xC885, 0xC885, 0xC885, 0x2DDF, 0x2847, 0x0822,
        0x0822, 0x2847, 0xF97A, 0xC885, 0xC885, 0xC885, 0xC885, 0x1001, 0x1001, 0xC885, 0xC885, 0xC885, 0xC885, 0x2DDF, 0x2847, 0x0822,
        0x0822, 0x2847, 0xF97A, 0xC885, 0xDE33, 0xDE33, 0xDE33, 0xDE33, 0xDE33, 0xDE33, 0xDE33, 0xDE33, 0xC885, 0x2DDF, 0x2847, 0x0822,
        0x0822, 0x0822, 0x7044, 0xF97A, 0xFFBC, 0x1001, 0x1001, 0x1001, 0x1001, 0x1001, 0x1001, 0xFFBC, 0x2DDF, 0x7044, 0x0822, 0x0822,
        0x0822, 0x0822, 0x2847, 0x7044, 0xF97A, 0xC885, 0x1001, 0xFA6D, 0xFA6D, 0x1001, 0xC885, 0x2DDF, 0x7044, 0x2847, 0x0822, 0x0822,
        0x0822, 0x0822, 0x0822, 0x2847, 0x2847, 0xC885, 0xC885, 0xC885, 0xC885, 0xC885, 0xC885, 0x2847, 0x2847, 0x0822, 0x0822, 0x0822,
        0x0822, 0x0822, 0x0822, 0x0822, 0x0822, 0x2847, 0x7044, 0x7044, 0x7044, 0x7044, 0x2847, 0x0822, 0x0822, 0x0822, 0x0822, 0x0822,
        0x0822, 0x0822, 0x0822, 0x0822, 0x0822, 0x0822, 0x0822, 0x0822, 0x0822, 0x0822, 0x0822, 0x0822, 0x0822, 0x0822, 0x0822, 0x0822,
    },
    {
        0x0822, 0xF718, 0xF718, 0x0822, 0x0822, 0x0822, 0x0822, 0x0822, 0x0822, 0x0822, 0x0822, 0x0822, 0x0822, 0xF718, 0xF718, 0x0822,
        0x0822, 0xAC4C, 0xF718, 0xF718, 0x0822, 0x2847, 0x2847, 0x2847, 0x2847, 0x2847, 0x2847, 0x0822, 0xF718, 0xF718, 0xAC4C, 0x0822,
        0x0822, 0x0822, 0x0822, 0xAC4C, 0xC885, 0xC885, 0xC885, 0xC885, 0xC885, 0xC885, 0xC885, 0xC885, 0xAC4C, 0x0822, 0x0822, 0x0822,
        0x0822, 0x0822, 0x2847, 0xC885, 0xC885, 0xFA27, 0xFA27, 0xFA27, 0xFA27, 0xFA27, 0xFA27, 0xC885, 0xC885, 0x2847, 0x0822, 0x0822,
        0x0822, 0x0822, 0xC885, 0xC885, 0xC885, 0xC885, 0xFA27, 0xFA27, 0xFA27, 0xFA27, 0xC885, 0xC885, 0xC885, 0xC885, 0x0822, 0x0822,
        0x0822, 0x2847, 0x1001, 0x1001, 0xC885, 0xC885, 0xC885, 0xC885, 0xC885, 0xC885, 0xC885, 0xC885, 0x1001, 0x1001, 0x2847, 0x0822,
        0x0822, 0x2847, 0xC885, 0xC885, 0x1001, 0x1001, 0x1001, 0xC885, 0xC885, 0x1001, 0x1001, 0x1001, 0xC885, 0xC885, 0x2847, 0x0822,
        0x0822, 0x2847, 0xF97A, 0x477F, 0xFFFF, 0x477F, 0xC885, 0xC885, 0xC885, 0xC885, 0x477F, 0xFFFF, 0x477F, 0x2DDF, 0x2847, 0x0822,
        0x0822, 0x2847, 0xF97A, 0xC885, 0xC885, 0xC885, 0xC885, 0xC885, 0xC885, 0xC885, 0xC885, 0xC885, 0xC885, 0x2DDF, 0x2847, 0x0822,
        0x0822, 0x2847, 0xF97A, 0xC885, 0xC885, 0xC885, 0xC885, 0x1001, 0x1001, 0xC885, 0xC885, 0xC885, 0xC885, 0x2DDF, 0x2847, 0x0822,
        0x0822, 0x2847, 0xF97A, 0xC885, 0xDE33, 0xDE33, 0xDE33, 0xDE33, 0xDE33, 0xDE33, 0xDE33, 0xDE33, 0xC885, 0x2DDF, 0x2847, 0x0822,
        0x0822, 0x0822, 0x7044, 0xF97A, 0xFFBC, 0x1001, 0x1001, 0x1001, 0x1001, 0x1001, 0x1001, 0xFFBC, 0x2DDF, 0x7044, 0x0822, 0x0822,
        0x0822, 0x0822, 0x2847, 0x7044, 0xF97A, 0xC885, 0x1001, 0xFA6D, 0xFA6D, 0x1001, 0xC885, 0x2DDF, 0x7044, 0x2847, 0x0822, 0x0822,
        0x0822, 0x0822, 0x0822, 0x2847, 0x2847, 0xC885, 0xC885, 0xC885, 0xC885, 0xC885, 0xC885, 0x2847, 0x2847, 0x0822, 0x0822, 0x0822,
        0x0822, 0x0822, 0x0822, 0x0822, 0x0822, 0x2847, 0x7044, 0x7044, 0x7044, 0x7044, 0x2847, 0x0822, 0x0822, 0x0822, 0x0822, 0x0822,
        0x0822, 0x0822, 0x0822, 0x0822, 0x0822, 0x0822, 0x0822, 0x0822, 0x0822, 0x0822, 0x0822, 0x0822, 0x0822, 0x0822, 0x0822, 0x0822,
    },
    {
        0x0822, 0xF718, 0xF718, 0x0822, 0x0822, 0x0822, 0x0822, 0x0822, 0x0822, 0x0822, 0x0822, 0x0822, 0x0822, 0xF718, 0xF718, 0x0822,
        0x0822, 0xAC4C, 0xF718, 0xF718, 0x0822, 0x2847, 0x2847, 0x2847, 0x2847, 0x2847, 0x2847, 0x0822, 0xF718, 0xF718, 0xAC4C, 0x0822,
        0x0822, 0x0822, 0x0822, 0xAC4C, 0xC885, 0xC885, 0xC885, 0xC885, 0xC885, 0xC885, 0xC885, 0xC885, 0xAC4C, 0x0822, 0x0822, 0x0822,
        0x0822, 0x0822, 0x2847, 0xC885, 0xC885, 0xFA27, 0xFA27, 0xFA27, 0xFA27, 0xFA27, 0xFA27, 0xC885, 0xC885, 0x2847, 0x0822, 0x0822,
        0x0822, 0x0822, 0xC885, 0xC885, 0xC885, 0xC885, 0xFA27, 0xFA27, 0xFA27, 0xFA27, 0xC885, 0xC885, 0xC885, 0xC885, 0x0822, 0x0822,
        0x0822, 0x2847, 0x1001, 0x1001, 0xC885, 0xC885, 0xC885, 0xC885, 0xC885, 0xC885, 0xC885, 0xC885, 0x1001, 0x1001, 0x2847, 0x0822,
        0x0822, 0x2847, 0xC885, 0xC885, 0x1001, 0x1001, 0x1001, 0xC885, 0xC885, 0x1001, 0x1001, 0x1001, 0xC885, 0xC885, 0x2847, 0x0822,
        0x0822, 0x2847, 0xF97A, 0x4F7F, 0xFFFF, 0x4F7F, 0xC885, 0xC885, 0xC885, 0xC885, 0x4F7F, 0xFFFF, 0x4F7F, 0x2DDF, 0x2847, 0x0822,
        0x0822, 0x2847, 0xF97A, 0xC885, 0xC885, 0xC885, 0xC885, 0xC885, 0xC885, 0xC885, 0xC885, 0xC885, 0xC885, 0x2DDF, 0x2847, 0x0822,
        0x0822, 0x2847, 0xF97A, 0xC885, 0xC885, 0xC885, 0xC885, 0x1001, 0x1001, 0xC885, 0xC885, 0xC885, 0xC885, 0x2DDF, 0x2847, 0x0822,
        0x0822, 0x2847, 0xF97A, 0xC885, 0xDE33, 0xDE33, 0xDE33, 0xDE33, 0xDE33, 0xDE33, 0xDE33, 0xDE33, 0xC885, 0x2DDF, 0x2847, 0x0822,
        0x0822, 0x0822, 0x7044, 0xF97A, 0xFFBC, 0x1001, 0x1001, 0x1001, 0x1001, 0x1001, 0x1001, 0xFFBC, 0x2DDF, 0x7044, 0x0822, 0x0822,
        0x0822, 0x0822, 0x2847, 0x7044, 0xF97A, 0xC885, 0x1001, 0xFA6D, 0xFA6D, 0x1001, 0xC885, 0x2DDF, 0x7044, 0x2847, 0x0822, 0x0822,
        0x0822, 0x0822, 0x0822, 0x2847, 0x2847, 0xC885, 0xC885, 0xC885, 0xC885, 0xC885, 0xC885, 0x2847, 0x2847, 0x0822, 0x0822, 0x0822,
        0x0822, 0x0822, 0x0822, 0x0822, 0x0822, 0x2847, 0x7044, 0x7044, 0x7044, 0x7044, 0x2847, 0x0822, 0x0822, 0x0822, 0x0822, 0x0822,
        0x0822, 0x0822, 0x0822, 0x0822, 0x0822, 0x0822, 0x0822, 0x0822, 0x0822, 0x0822, 0x0822, 0x0822, 0x0822, 0x0822, 0x0822, 0x0822,
    },
    {
        0x0822, 0xF718, 0xF718, 0x0822, 0x0822, 0x0822, 0x0822, 0x0822, 0x0822, 0x0822, 0x0822, 0x0822, 0x0822, 0xF718, 0xF718, 0x0822,
        0x0822, 0xAC4C, 0xF718, 0xF718, 0x0822, 0x2847, 0x2847, 0x2847, 0x2847, 0x2847, 0x2847, 0x0822, 0xF718, 0xF718, 0xAC4C, 0x0822,
        0x0822, 0x0822, 0x0822, 0xAC4C, 0xC885, 0xC885, 0xC885, 0xC885, 0xC885, 0xC885, 0xC885, 0xC885, 0xAC4C, 0x0822, 0x0822, 0x0822,
        0x0822, 0x0822, 0x2847, 0xC885, 0xC885, 0xFA27, 0xFA27, 0xFA27, 0xFA27, 0xFA27, 0xFA27, 0xC885, 0xC885, 0x2847, 0x0822, 0x0822,
        0x0822, 0x0822, 0xC885, 0xC885, 0xC885, 0xC885, 0xFA27, 0xFA27, 0xFA27, 0xFA27, 0xC885, 0xC885, 0xC885, 0xC885, 0x0822, 0x0822,
        0x0822, 0x2847, 0x1001, 0x1001, 0xC885, 0xC885, 0xC885, 0xC885, 0xC885, 0xC885, 0xC885, 0xC885, 0x1001, 0x1001, 0x2847, 0x0822,
        0x0822, 0x0822, 0x2847, 0xC885, 0xC885, 0x1001, 0x1001, 0x1001, 0xC885, 0xC885, 0x1001, 0x1001, 0x1001, 0xC885, 0xC885, 0x2847,
        0x0822, 0x0822, 0x2847, 0xF97A, 0x4F7F, 0xFFFF, 0x4F7F, 0xC885, 0xC885, 0xC885, 0xC885, 0x4F7F, 0xFFFF, 0x4F7F, 0x2DDF, 0x2847,
        0x0822, 0x0822, 0x2847, 0xF97A, 0xC885, 0xC885, 0xC885, 0xC885, 0xC885, 0xC885, 0xC885, 0xC885, 0xC885, 0xC885, 0x2DDF, 0x2847,
        0x0822, 0x2847, 0xF97A, 0xC885, 0xC885, 0xC885, 0xC885, 0x1001, 0x1001, 0xC885, 0xC885, 0xC885, 0xC885, 0x2DDF, 0x2847, 0x0822,
        0x0822, 0x2847, 0xF97A, 0xC885, 0xDE33, 0xDE33, 0xDE33, 0xDE33, 0xDE33, 0xDE33, 0xDE33, 0xDE33, 0xC885, 0x2DDF, 0x2847, 0x0822,
        0x0822, 0x0822, 0x7044, 0xF97A, 0xFFBC, 0x1001, 0x1001, 0x1001, 0x1001, 0x1001, 0x1001, 0xFFBC, 0x2DDF, 0x7044, 0x0822, 0x0822,
        0x0822, 0x0822, 0x2847, 0x7044, 0xF97A, 0xC885, 0x1001, 0xFA6D, 0xFA6D, 0x1001, 0xC885, 0x2DDF, 0x7044, 0x2847, 0x0822, 0x0822,
        0x0822, 0x0822, 0x0822, 0x2847, 0x2847, 0xC885, 0xC885, 0xC885, 0xC885, 0xC885, 0xC885, 0x2847, 0x2847, 0x0822, 0x0822, 0x0822,
        0x0822, 0x0822, 0x0822, 0x0822, 0x0822, 0x2847, 0x7044, 0x7044, 0x7044, 0x7044, 0x2847, 0x0822, 0x0822, 0x0822, 0x0822, 0x0822,
        0x0822, 0x0822, 0x0822, 0x0822, 0x0822, 0x0822, 0x0822, 0x0822, 0x0822, 0x0822, 0x0822, 0x0822, 0x0822, 0x0822, 0x0822, 0x0822,
    },
    {
        0x0822, 0xF718, 0xF718, 0x0822, 0x0822, 0x0822, 0x0822, 0x0822, 0x0822, 0x0822, 0x0822, 0x0822, 0x0822, 0xF718, 0xF718, 0x0822,
        0x0822, 0xAC4C, 0xF718, 0xF718, 0x0822, 0x2847, 0x2847, 0x2847, 0x2847, 0x2847, 0x2847, 0x0822, 0xF718, 0xF718, 0xAC4C, 0x0822,
        0x0822, 0x0822, 0x0822, 0xAC4C, 0xC885, 0xC885, 0xC885, 0xC885, 0xC885, 0xC885, 0xC885, 0xC885, 0xAC4C, 0x0822, 0x0822, 0x0822,
        0x0822, 0x0822, 0x2847, 0xC885, 0xC885, 0xFA27, 0xFA27, 0xFA27, 0xFA27, 0xFA27, 0xFA27, 0xC885, 0xC885, 0x2847, 0x0822, 0x0822,
        0x0822, 0x0822, 0xC885, 0xC885, 0xC885, 0xC885, 0xFA27, 0xFA27, 0xFA27, 0xFA27, 0xC885, 0xC885, 0xC885, 0xC885, 0x0822, 0x0822,
        0x0822, 0x2847, 0x1001, 0x1001, 0xC885, 0xC885, 0xC885, 0xC885, 0xC885, 0xC885, 0xC885, 0xC885, 0x1001, 0x1001, 0x2847, 0x0822,
        0x0822, 0x2847, 0xC885, 0xC885, 0x1001, 0x1001, 0x1001, 0xC885, 0xC885, 0x1001, 0x1001, 0x1001, 0xC885, 0xC885, 0x2847, 0x0822,
        0x0822, 0x2847, 0xF97A, 0x4F7F, 0xFFFF, 0x4F7F, 0xC885, 0xC885, 0xC885, 0xC885, 0x4F7F, 0xFFFF, 0x4F7F, 0x2DDF, 0x2847, 0x0822,
        0x0822, 0x2847, 0xF97A, 0xC885, 0xC885, 0xC885, 0xC885, 0xC885, 0xC885, 0xC885, 0xC885, 0xC885, 0xC885, 0x2DDF, 0x2847, 0x0822,
        0x0822, 0x2847, 0xF97A, 0xC885, 0xC885, 0xC885, 0xC885, 0x1001, 0x1001, 0xC885, 0xC885, 0xC885, 0xC885, 0x2DDF, 0x2847, 0x0822,
        0x0822, 0x2847, 0xF97A, 0xC885, 0xDE33, 0xDE33, 0xDE33, 0xDE33, 0xDE33, 0xDE33, 0xDE33, 0xDE33, 0xC885, 0x2DDF, 0x2847, 0x0822,
        0x0822, 0x0822, 0x7044, 0xF97A, 0xFFBC, 0x1001, 0x1001, 0x1001, 0x1001, 0x1001, 0x1001, 0xFFBC, 0x2DDF, 0x7044, 0x0822, 0x0822,
        0x0822, 0x0822, 0x2847, 0x7044, 0xF97A, 0xC885, 0x1001, 0xFA6D, 0xFA6D, 0x1001, 0xC885, 0x2DDF, 0x7044, 0x2847, 0x0822, 0x0822,
        0x0822, 0x0822, 0x0822, 0x2847, 0x2847, 0xC885, 0xC885, 0xC885, 0xC885, 0xC885, 0xC885, 0x2847, 0x2847, 0x0822, 0x0822, 0x0822,
        0x0822, 0x0822, 0x0822, 0x0822, 0x0822, 0x2847, 0x7044, 0x7044, 0x7044, 0x7044, 0x2847, 0x0822, 0x0822, 0x0822, 0x0822, 0x0822,
        0x0822, 0x0822, 0x0822, 0x0822, 0x0822, 0x0822, 0x0822, 0x0822, 0x0822, 0x0822, 0x0822, 0x0822, 0x0822, 0x0822, 0x0822, 0x0822,
    },
    {
        0x0822, 0xF718, 0xF718, 0x0822, 0x0822, 0x0822, 0x0822, 0x0822, 0x0822, 0x0822, 0x0822, 0x0822, 0x0822, 0xF718, 0xF718, 0x0822,
        0x0822, 0xAC4C, 0xF718, 0xF718, 0x0822, 0x2847, 0x2847, 0x2847, 0x2847, 0x2847, 0x2847, 0x0822, 0xF718, 0xF718, 0xAC4C, 0x0822,
        0x0822, 0x0822, 0x0822, 0xAC4C, 0xC885, 0xC885, 0xC885, 0xC885, 0xC885, 0xC885, 0xC885, 0xC885, 0xAC4C, 0x0822, 0x0822, 0x0822,
        0x0822, 0x0822, 0x2847, 0xC885, 0xC885, 0xFA27, 0xFA27, 0xFA27, 0xFA27, 0xFA27, 0xFA27, 0xC885, 0xC885, 0x2847, 0x0822, 0x0822,
        0x0822, 0x0822, 0xC885, 0xC885, 0xC885, 0xC885, 0xFA27, 0xFA27, 0xFA27, 0xFA27, 0xC885, 0xC885, 0xC885, 0xC885, 0x0822, 0x0822,
        0x0822, 0x2847, 0x1001, 0x1001, 0xC885, 0xC885, 0xC885, 0xC885, 0xC885, 0xC885, 0xC885, 0xC885, 0x1001, 0x1001, 0x2847, 0x0822,
        0x0822, 0x2847, 0xC885, 0xC885, 0x1001, 0x1001, 0x1001, 0xC885, 0xC885, 0x1001, 0x1001, 0x1001, 0xC885, 0xC885, 0x2847, 0x0822,
        0x0822, 0x2847, 0xF97A, 0x4F7F, 0xFFFF, 0x4F7F, 0xC885, 0xC885, 0xC885, 0xC885, 0x4F7F, 0xFFFF, 0x4F7F, 0x2DDF, 0x2847, 0x0822,
        0x0822, 0x2847, 0xF97A, 0xC885, 0xC885, 0xC885, 0xC885, 0xC885, 0xC885, 0xC885, 0xC885, 0xC885, 0xC885, 0x2DDF, 0x2847, 0x0822,
        0x0822, 0x2847, 0xF97A, 0xC885, 0xC885, 0xC885, 0xC885, 0x1001, 0x1001, 0xC885, 0xC885, 0xC885, 0xC885, 0x2DDF, 0x2847, 0x0822,
        0x0822, 0x2847, 0xF97A, 0xC885, 0xDE33, 0xDE33, 0xDE33, 0xDE33, 0xDE33, 0xDE33, 0xDE33, 0xDE33, 0xC885, 0x2DDF, 0x2847, 0x0822,
        0x0822, 0x0822, 0x7044, 0xF97A, 0xFFBC, 0x1001, 0x1001, 0x1001, 0x1001, 0x1001, 0x1001, 0xFFBC, 0x2DDF, 0x7044, 0x0822, 0x0822,
        0x0822, 0x0822, 0x2847, 0x7044, 0xF97A, 0xC885, 0x1001, 0xFA6D, 0xFA6D, 0x1001, 0xC885, 0x2DDF, 0x7044, 0x2847, 0x0822, 0x0822,
        0x0822, 0x0822, 0x0822, 0x2847, 0x2847, 0xC885, 0xC885, 0xC885, 0xC885, 0xC885, 0xC885, 0x2847, 0x2847, 0x0822, 0x0822, 0x0822,
        0x0822, 0x0822, 0x0822, 0x0822, 0x0822, 0x2847, 0x7044, 0x7044, 0x7044, 0x7044, 0x2847, 0x0822, 0x0822, 0x0822, 0x0822, 0x0822,
        0x0822, 0x0822, 0x0822, 0x0822, 0x0822, 0x0822, 0x0822, 0x0822, 0x0822, 0x0822, 0x0822, 0x0822, 0x0822, 0x0822, 0x0822, 0x0822,
    },
    {
        0x0822, 0xF718, 0xF718, 0x0822, 0x0822, 0x0822, 0x0822, 0x0822, 0x0822, 0x0822, 0x0822, 0x0822, 0x0822, 0xF718, 0xF718, 0x0822,
        0x0822, 0xAC4C, 0xF718, 0xF718, 0x0822, 0x2847, 0x2847, 0x2847, 0x2847, 0x2847, 0x2847, 0x0822, 0xF718, 0xF718, 0xAC4C, 0x0822,
        0x0822, 0x0822, 0x0822, 0xAC4C, 0xC885, 0xC885, 0xC885, 0xC885, 0xC885, 0xC885, 0xC885, 0xC885, 0xAC4C, 0x0822, 0x0822, 0x0822,
        0x0822, 0x0822, 0x2847, 0xC885, 0xC885, 0xFA27, 0xFA27, 0xFA27, 0xFA27, 0xFA27, 0xFA27, 0xC885, 0xC885, 0x2847, 0x0822, 0x0822,
        0x0822, 0x0822, 0xC885, 0xC885, 0xC885, 0xC885, 0xFA27, 0xFA27, 0xFA27, 0xFA27, 0xC885, 0xC885, 0xC885, 0xC885, 0x0822, 0x0822,
        0x0822, 0x2847, 0x1001, 0x1001, 0xC885, 0xC885, 0xC885, 0xC885, 0xC885, 0xC885, 0xC885, 0xC885, 0x1001, 0x1001, 0x2847, 0x0822,
        0x0822, 0x2847, 0xC885, 0xC885, 0x1001, 0x1001, 0x1001, 0xC885, 0xC885, 0x1001, 0x1001, 0x1001, 0xC885, 0xC885, 0x2847, 0x0822,
        0x0822, 0x2847, 0xF97A, 0x4F7F, 0xFFFF, 0x4F7F, 0xC885, 0xC885, 0xC885, 0xC885, 0x4F7F, 0xFFFF, 0x4F7F, 0x0A0B, 0x2847, 0x0822,
        0x0822, 0x2847, 0xF97A, 0xC885, 0xC885, 0xC885, 0xC885, 0xC885, 0xC885, 0xC885, 0xC885, 0xC885, 0xC885, 0x0A0B, 0x2847, 0x0822,
        0x0822, 0x2847, 0xF97A, 0xC885, 0xC885, 0xC885, 0xC885, 0x1001, 0x1001, 0xC885, 0xC885, 0xC885, 0xC885, 0x0A0B, 0x2847, 0x0822,
        0x0822, 0x2847, 0xF97A, 0xC885, 0xDE33, 0xDE33, 0xDE33, 0xDE33, 0xDE33, 0xDE33, 0xDE33, 0xDE33, 0xC885, 0x0A0B, 0x2847, 0x0822,
        0x0822, 0x0822, 0x7044, 0xF97A, 0xFFBC, 0x1001, 0x1001, 0x1001, 0x1001, 0x1001, 0x1001, 0xFFBC, 0x0A0B, 0x7044, 0x0822, 0x0822,
        0x0822, 0x0822, 0x2847, 0x7044, 0xF97A, 0xC885, 0x1001, 0xFA6D, 0xFA6D, 0x1001, 0xC885, 0x0A0B, 0x7044, 0x2847, 0x0822, 0x0822,
        0x0822, 0x0822, 0x0822, 0x2847, 0x2847, 0xC885, 0xC885, 0xC885, 0xC885, 0xC885, 0xC885, 0x2847, 0x2847, 0x0822, 0x0822, 0x0822,
        0x0822, 0x0822, 0x0822, 0x0822, 0x0822, 0x2847, 0x7044, 0x7044, 0x7044, 0x7044, 0x2847, 0x0822, 0x0822, 0x0822, 0x0822, 0x0822,
        0x0822, 0x0822, 0x0822, 0x0822, 0x0822, 0x0822, 0x0822, 0x0822, 0x0822, 0x0822, 0x0822, 0x0822, 0x0822, 0x0822, 0x0822, 0x0822,
    },
    {
        0x0822, 0xF718, 0xF718, 0x0822, 0x0822, 0x0822, 0x0822, 0x0822, 0x0822, 0x0822, 0x0822, 0x0822, 0x0822, 0xF718, 0xF718, 0x0822,
        0x0822, 0xAC4C, 0xF718, 0xF718, 0x0822, 0x2847, 0x2847, 0x2847, 0x2847, 0x2847, 0x2847, 0x0822, 0xF718, 0xF718, 0xAC4C, 0x0822,
        0x0822, 0x0822, 0x0822, 0xAC4C, 0xC885, 0xC885, 0xC885, 0xC885, 0xC885, 0xC885, 0xC885, 0xC885, 0xAC4C, 0x0822, 0x0822, 0x0822,
        0x0822, 0x0822, 0x2847, 0xC885, 0xC885, 0xFA27, 0xFA27, 0xFA27, 0xFA27, 0xFA27, 0xFA27, 0xC885, 0xC885, 0x2847, 0x0822, 0x0822,
        0x0822, 0x0822, 0xC885, 0xC885, 0xC885, 0xC885, 0xFA27, 0xFA27, 0xFA27, 0xFA27, 0xC885, 0xC885, 0xC885, 0xC885, 0x0822, 0x0822,
        0x0822, 0x2847, 0x1001, 0x1001, 0xC885, 0xC885, 0xC885, 0xC885, 0xC885, 0xC885, 0xC885, 0xC885, 0x1001, 0x1001, 0x2847, 0x0822,
        0x0822, 0x2847, 0xC885, 0xC885, 0x1001, 0x1001, 0x1001, 0xC885, 0xC885, 0x1001, 0x1001, 0x1001, 0xC885, 0xC885, 0x2847, 0x0822,
        0x0822, 0x2847, 0xF97A, 0x477F, 0xFFFF, 0x477F, 0xC885, 0xC885, 0xC885, 0xC885, 0x477F, 0xFFFF, 0x477F, 0x2DDF, 0x2847, 0x0822,
        0x0822, 0x2847, 0xF97A, 0xC885, 0xC885, 0xC885, 0xC885, 0xC885, 0xC885, 0xC885, 0xC885, 0xC885, 0xC885, 0x2DDF, 0x2847, 0x0822,
        0x0822, 0x2847, 0xF97A, 0xC885, 0xC885, 0xC885, 0xC885, 0x1001, 0x1001, 0xC885, 0xC885, 0xC885, 0xC885, 0x2DDF, 0x2847, 0x0822,
        0x0822, 0x2847, 0xF97A, 0xC885, 0xDE33, 0xDE33, 0xDE33, 0xDE33, 0xDE33, 0xDE33, 0xDE33, 0xDE33, 0xC885, 0x2DDF, 0x2847, 0x0822,
        0x0822, 0x0822, 0x7044, 0xF97A, 0xFFBC, 0x1001, 0x1001, 0x1001, 0x1001, 0x1001, 0x1001, 0xFFBC, 0x2DDF, 0x7044, 0x0822, 0x0822,
        0x0822, 0x0822, 0x2847, 0x7044, 0xF97A, 0xC885, 0x1001, 0xFA6D, 0xFA6D, 0x1001, 0xC885, 0x2DDF, 0x7044, 0x2847, 0x0822, 0x0822,
        0x0822, 0x0822, 0x0822, 0x2847, 0x2847, 0xC885, 0xC885, 0xC885, 0xC885, 0xC885, 0xC885, 0x2847, 0x2847, 0x0822, 0x0822, 0x0822,
        0x0822, 0x0822, 0x0822, 0x0822, 0x0822, 0x2847, 0x7044, 0x7044, 0x7044, 0x7044, 0x2847, 0x0822, 0x0822, 0x0822, 0x0822, 0x0822,
        0x0822, 0x0822, 0x0822, 0x0822, 0x0822, 0x0822, 0x0822, 0x0822, 0x0822, 0x0822, 0x0822, 0x0822, 0x0822, 0x0822, 0x0822, 0x0822,
    },
    {
        0x0822, 0xF718, 0xF718, 0x0822, 0x0822, 0x0822, 0x0822, 0x0822, 0x0822, 0x0822, 0x0822, 0x0822, 0x0822, 0xF718, 0xF718, 0x0822,
        0x0822, 0xAC4C, 0xF718, 0xF718, 0x0822, 0x2847, 0x2847, 0x2847, 0x2847, 0x2847, 0x2847, 0x0822, 0xF718, 0xF718, 0xAC4C, 0x0822,
        0x0822, 0x0822, 0x0822, 0xAC4C, 0xC885, 0xC885, 0xC885, 0xC885, 0xC885, 0xC885, 0xC885, 0xC885, 0xAC4C, 0x0822, 0x0822, 0x0822,
        0x0822, 0x0822, 0x2847, 0xC885, 0xC885, 0xFA27, 0xFA27, 0xFA27, 0xFA27, 0xFA27, 0xFA27, 0xC885, 0xC885, 0x2847, 0x0822, 0x0822,
        0x0822, 0x0822, 0xC885, 0xC885, 0xC885, 0xC885, 0xFA27, 0xFA27, 0xFA27, 0xFA27, 0xC885, 0xC885, 0xC885, 0xC885, 0x0822, 0x0822,
        0x0822, 0x2847, 0x1001, 0x1001, 0xC885, 0xC885, 0xC885, 0xC885, 0xC885, 0xC885, 0xC885, 0xC885, 0x1001, 0x1001, 0x2847, 0x0822,
        0x0822, 0x2847, 0xC885, 0xC885, 0x1001, 0x1001, 0x1001, 0xC885, 0xC885, 0x1001, 0x1001, 0x1001, 0xC885, 0xC885, 0x2847, 0x0822,
        0x0822, 0x2847, 0xF97A, 0x3F5F, 0xF7FF, 0x3F5F, 0xC885, 0xC885, 0xC885, 0xC885, 0x3F5F, 0xF7FF, 0x3F5F, 0x2DDF, 0x2847, 0x0822,
        0x0822, 0x2847, 0xF97A, 0xC885, 0xC885, 0xC885, 0xC885, 0xC885, 0xC885, 0xC885, 0xC885, 0xC885, 0xC885, 0x2DDF, 0x2847, 0x0822,
        0x0822, 0x2847, 0xF97A, 0xC885, 0xC885, 0xC885, 0xC885, 0x1001, 0x1001, 0xC885, 0xC885, 0xC885, 0xC885, 0x2DDF, 0x2847, 0x0822,
        0x0822, 0x2847, 0xF97A, 0xC885, 0xDE33, 0xDE33, 0xDE33, 0xDE33, 0xDE33, 0xDE33, 0xDE33, 0xDE33, 0xC885, 0x2DDF, 0x2847, 0x0822,
        0x0822, 0x0822, 0x7044, 0xF97A, 0xFFBC, 0x1001, 0x1001, 0x1001, 0x1001, 0x1001, 0x1001, 0xFFBC, 0x2DDF, 0x7044, 0x0822, 0x0822,
        0x0822, 0x0822, 0x2847, 0x7044, 0xF97A, 0xC885, 0x1001, 0xFA6D, 0xFA6D, 0x1001, 0xC885, 0x2DDF, 0x7044, 0x2847, 0x0822, 0x0822,
        0x0822, 0x0822, 0x0822, 0x2847, 0x2847, 0xC885, 0xC885, 0xC885, 0xC885, 0xC885, 0xC885, 0x2847, 0x2847, 0x0822, 0x0822, 0x0822,
        0x0822, 0x0822, 0x0822, 0x0822, 0x0822, 0x2847, 0x7044, 0x7044, 0x7044, 0x7044, 0x2847, 0x0822, 0x0822, 0x0822, 0x0822, 0x0822,
        0x0822, 0x0822, 0x0822, 0x0822, 0x0822, 0x0822, 0x0822, 0x0822, 0x0822, 0x0822, 0x0822, 0x0822, 0x0822, 0x0822, 0x0822, 0x0822,
    },
    {
        0x0822, 0xF718, 0xF718, 0x0822, 0x0822, 0x0822, 0x0822, 0x0822, 0x0822, 0x0822, 0x0822, 0x0822, 0x0822, 0xF718, 0xF718, 0x0822,
        0x0822, 0xAC4C, 0xF718, 0xF718, 0x0822, 0x2046, 0x2046, 0x2046, 0x2046, 0x2046, 0x2046, 0x0822, 0xF718, 0xF718, 0xAC4C, 0x0822,
        0x0822, 0x0822, 0x0822, 0xAC4C, 0xC885, 0xC885, 0xC885, 0xC885, 0xC885, 0xC885, 0xC885, 0xC885, 0xAC4C, 0x0822, 0x0822, 0x0822,
        0x0822, 0x0822, 0x2046, 0xC885, 0xC885, 0xFA27, 0xFA27, 0xFA27, 0xFA27, 0xFA27, 0xFA27, 0xC885, 0xC885, 0x2046, 0x0822, 0x0822,
        0x0822, 0x0822, 0xC885, 0xC885, 0xC885, 0xC885, 0xFA27, 0xFA27, 0xFA27, 0xFA27, 0xC885, 0xC885, 0xC885, 0xC885, 0x0822, 0x0822,
        0x0822, 0x2046, 0x1001, 0x1001, 0xC885, 0xC885, 0xC885, 0xC885, 0xC885, 0xC885, 0xC885, 0xC885, 0x1001, 0x1001, 0x2046, 0x0822,
        0x0822, 0x2046, 0xC885, 0xC885, 0x1001, 0x1001, 0x1001, 0xC885, 0xC885, 0x1001, 0x1001, 0x1001, 0xC885, 0xC885, 0x2046, 0x0822,
        0x0822, 0x2046, 0xF97A, 0x3022, 0x3022, 0x3022, 0xC885, 0xC885, 0xC885, 0xC885, 0x3022, 0x3022, 0x3022, 0x2DDF, 0x2046, 0x0822,
        0x0822, 0x2046, 0xF97A, 0xC885, 0xC885, 0xC885, 0xC885, 0xC885, 0xC885, 0xC885, 0xC885, 0xC885, 0xC885, 0x2DDF, 0x2046, 0x0822,
        0x0822, 0x2046, 0xF97A, 0xC885, 0xC885, 0xC885, 0xC885, 0x1001, 0x1001, 0xC885, 0xC885, 0xC885, 0xC885, 0x2DDF, 0x2046, 0x0822,
        0x0822, 0x2046, 0xF97A, 0xC885, 0xDE33, 0xDE33, 0xDE33, 0xDE33, 0xDE33, 0xDE33, 0xDE33, 0xDE33, 0xC885, 0x2DDF, 0x2046, 0x0822,
        0x0822, 0x0822, 0x7044, 0xF97A, 0xFFBC, 0x1001, 0x1001, 0x1001, 0x1001, 0x1001, 0x1001, 0xFFBC, 0x2DDF, 0x7044, 0x0822, 0x0822,
        0x0822, 0x0822, 0x2046, 0x7044, 0xF97A, 0xC885, 0x1001, 0xFA6D, 0xFA6D, 0x1001, 0xC885, 0x2DDF, 0x7044, 0x2046, 0x0822, 0x0822,
        0x0822, 0x0822, 0x0822, 0x2046, 0x2046, 0xC885, 0xC885, 0xC885, 0xC885, 0xC885, 0xC885, 0x2046, 0x2046, 0x0822, 0x0822, 0x0822,
        0x0822, 0x0822, 0x0822, 0x0822, 0x0822, 0x2046, 0x7044, 0x7044, 0x7044, 0x7044, 0x2046, 0x0822, 0x0822, 0x0822, 0x0822, 0x0822,
        0x0822, 0x0822, 0x0822, 0x0822, 0x0822, 0x0822, 0x0822, 0x0822, 0x0822, 0x0822, 0x0822, 0x0822, 0x0822, 0x0822, 0x0822, 0x0822,
    },
    {
        0x0822, 0xF718, 0xF718, 0x0822, 0x0822, 0x0822, 0x0822, 0x0822, 0x0822, 0x0822, 0x0822, 0x0822, 0x0822, 0xF718, 0xF718, 0x0822,
        0x0822, 0xAC4C, 0xF718, 0xF718, 0x0822, 0x2046, 0x2046, 0x2046, 0x2046, 0x2046, 0x2046, 0x0822, 0xF718, 0xF718, 0xAC4C, 0x0822,
        0x0822, 0x0822, 0x0822, 0xAC4C, 0xC885, 0xC885, 0xC885, 0xC885, 0xC885, 0xC885, 0xC885, 0xC885, 0xAC4C, 0x0822, 0x0822, 0x0822,
        0x0822, 0x0822, 0x2046, 0xC885, 0xC885, 0xFA27, 0xFA27, 0xFA27, 0xFA27, 0xFA27, 0xFA27, 0xC885, 0xC885, 0x2046, 0x0822, 0x0822,
        0x0822, 0x0822, 0xC885, 0xC885, 0xC885, 0xC885, 0xFA27, 0xFA27, 0xFA27, 0xFA27, 0xC885, 0xC885, 0xC885, 0xC885, 0x0822, 0x0822,
        0x0822, 0x2046, 0x1001, 0x1001, 0xC885, 0xC885, 0xC885, 0xC885, 0xC885, 0xC885, 0xC885, 0xC885, 0x1001, 0x1001, 0x2046, 0x0822,
        0x0822, 0x2046, 0xC885, 0xC885, 0x1001, 0x1001, 0x1001, 0xC885, 0xC885, 0x1001, 0x1001, 0x1001, 0xC885, 0xC885, 0x2046, 0x0822,
        0x0822, 0x2046, 0xF97A, 0x3022, 0x3022, 0x3022, 0xC885, 0xC885, 0xC885, 0xC885, 0x3022, 0x3022, 0x3022, 0x2DDF, 0x2046, 0x0822,
        0x0822, 0x2046, 0xF97A, 0xC885, 0xC885, 0xC885, 0xC885, 0xC885, 0xC885, 0xC885, 0xC885, 0xC885, 0xC885, 0x2DDF, 0x2046, 0x0822,
        0x0822, 0x2046, 0xF97A, 0xC885, 0xC885, 0xC885, 0xC885, 0x1001, 0x1001, 0xC885, 0xC885, 0xC885, 0xC885, 0x2DDF, 0x2046, 0x0822,
        0x0822, 0x2046, 0xF97A, 0xC885, 0xDE33, 0xDE33, 0xDE33, 0xDE33, 0xDE33, 0xDE33, 0xDE33, 0xDE33, 0xC885, 0x2DDF, 0x2046, 0x0822,
        0x0822, 0x0822, 0x7044, 0xF97A, 0xFFBC, 0x1001, 0x1001, 0x1001, 0x1001, 0x1001, 0x1001, 0xFFBC, 0x2DDF, 0x7044, 0x0822, 0x0822,
        0x0822, 0x0822, 0x2046, 0x7044, 0xF97A, 0xC885, 0x1001, 0xFA6D, 0xFA6D, 0x1001, 0xC885, 0x2DDF, 0x7044, 0x2046, 0x0822, 0x0822,
        0x0822, 0x0822, 0x0822, 0x2046, 0x2046, 0xC885, 0xC885, 0xC885, 0xC885, 0xC885, 0xC885, 0x2046, 0x2046, 0x0822, 0x0822, 0x0822,
        0x0822, 0x0822, 0x0822, 0x0822, 0x0822, 0x2046, 0x7044, 0x7044, 0x7044, 0x7044, 0x2046, 0x0822, 0x0822, 0x0822, 0x0822, 0x0822,
        0x0822, 0x0822, 0x0822, 0x0822, 0x0822, 0x0822, 0x0822, 0x0822, 0x0822, 0x0822, 0x0822, 0x0822, 0x0822, 0x0822, 0x0822, 0x0822,
    },
    {
        0x0822, 0xF718, 0xF718, 0x0822, 0x0822, 0x0822, 0x0822, 0x0822, 0x0822, 0x0822, 0x0822, 0x0822, 0x0822, 0xF718, 0xF718, 0x0822,
        0x0822, 0xAC4C, 0xF718, 0xF718, 0x0822, 0x2046, 0x2046, 0x2046, 0x2046, 0x2046, 0x2046, 0x0822, 0xF718, 0xF718, 0xAC4C, 0x0822,
        0x0822, 0x0822, 0x0822, 0xAC4C, 0xC885, 0xC885, 0xC885, 0xC885, 0xC885, 0xC885, 0xC885, 0xC885, 0xAC4C, 0x0822, 0x0822, 0x0822,
        0x0822, 0x0822, 0x2046, 0xC885, 0xC885, 0xFA27, 0xFA27, 0xFA27, 0xFA27, 0xFA27, 0xFA27, 0xC885, 0xC885, 0x2046, 0x0822, 0x0822,
        0x0822, 0x0822, 0xC885, 0xC885, 0xC885, 0xC885, 0xFA27, 0xFA27, 0xFA27, 0xFA27, 0xC885, 0xC885, 0xC885, 0xC885, 0x0822, 0x0822,
        0x0822, 0x2046, 0x1001, 0x1001, 0xC885, 0xC885, 0xC885, 0xC885, 0xC885, 0xC885, 0xC885, 0xC885, 0x1001, 0x1001, 0x2046, 0x0822,
        0x0822, 0x2046, 0xC885, 0xC885, 0x1001, 0x1001, 0x1001, 0xC885, 0xC885, 0x1001, 0x1001, 0x1001, 0xC885, 0xC885, 0x2046, 0x0822,
        0x0822, 0x2046, 0xF97A, 0x1F5F, 0xEFFF, 0x1F5F, 0xC885, 0xC885, 0xC885, 0xC885, 0x1F5F, 0xEFFF, 0x1F5F, 0x2DDF, 0x2046, 0x0822,
        0x0822, 0x2046, 0xF97A, 0xC885, 0xC885, 0xC885, 0xC885, 0xC885, 0xC885, 0xC885, 0xC885, 0xC885, 0xC885, 0x2DDF, 0x2046, 0x0822,
        0x0822, 0x2046, 0xF97A, 0xC885, 0xC885, 0xC885, 0xC885, 0x1001, 0x1001, 0xC885, 0xC885, 0xC885, 0xC885, 0x2DDF, 0x2046, 0x0822,
        0x0822, 0x2046, 0xF97A, 0xC885, 0xDE33, 0xDE33, 0xDE33, 0xDE33, 0xDE33, 0xDE33, 0xDE33, 0xDE33, 0xC885, 0x2DDF, 0x2046, 0x0822,
        0x0822, 0x0822, 0x7044, 0xF97A, 0xFFBC, 0x1001, 0x1001, 0x1001, 0x1001, 0x1001, 0x1001, 0xFFBC, 0x2DDF, 0x7044, 0x0822, 0x0822,
        0x0822, 0x0822, 0x2046, 0x7044, 0xF97A, 0xC885, 0x1001, 0xFA6D, 0xFA6D, 0x1001, 0xC885, 0x2DDF, 0x7044, 0x2046, 0x0822, 0x0822,
        0x0822, 0x0822, 0x0822, 0x2046, 0x2046, 0xC885, 0xC885, 0xC885, 0xC885, 0xC885, 0xC885, 0x2046, 0x2046, 0x0822, 0x0822, 0x0822,
        0x0822, 0x0822, 0x0822, 0x0822, 0x0822, 0x2046, 0x7044, 0x7044, 0x7044, 0x7044, 0x2046, 0x0822, 0x0822, 0x0822, 0x0822, 0x0822,
        0x0822, 0x0822, 0x0822, 0x0822, 0x0822, 0x0822, 0x0822, 0x0822, 0x0822, 0x0822, 0x0822, 0x0822, 0x0822, 0x0822, 0x0822, 0x0822,
    },
    {
        0x0822, 0xF718, 0xF718, 0x0822, 0x0822, 0x0822, 0x0822, 0x0822, 0x0822, 0x0822, 0x0822, 0x0822, 0x0822, 0xF718, 0xF718, 0x0822,
        0x0822, 0xAC4C, 0xF718, 0xF718, 0x0822, 0x2046, 0x2046, 0x2046, 0x2046, 0x2046, 0x2046, 0x0822, 0xF718, 0xF718, 0xAC4C, 0x0822,
        0x0822, 0x0822, 0x0822, 0xAC4C, 0xC885, 0xC885, 0xC885, 0xC885, 0xC885, 0xC885, 0xC885, 0xC885, 0xAC4C, 0x0822, 0x0822, 0x0822,
        0x0822, 0x0822, 0x2046, 0xC885, 0xC885, 0xFA27, 0xFA27, 0xFA27, 0xFA27, 0xFA27, 0xFA27, 0xC885, 0xC885, 0x2046, 0x0822, 0x0822,
        0x0822, 0x0822, 0xC885, 0xC885, 0xC885, 0xC885, 0xFA27, 0xFA27, 0xFA27, 0xFA27, 0xC885, 0xC885, 0xC885, 0xC885, 0x0822, 0x0822,
        0x0822, 0x2046, 0x1001, 0x1001, 0xC885, 0xC885, 0xC885, 0xC885, 0xC885, 0xC885, 0xC885, 0xC885, 0x1001, 0x1001, 0x2046, 0x0822,
        0x0822, 0x2046, 0xC885, 0xC885, 0x1001, 0x1001, 0x1001, 0xC885, 0xC885, 0x1001, 0x1001, 0x1001, 0xC885, 0xC885, 0x2046, 0x0822,
        0x0822, 0x2046, 0xF97A, 0x173F, 0xE7FF, 0x173F, 0xC885, 0xC885, 0xC885, 0xC885, 0x173F, 0xE7FF, 0x173F, 0x0083, 0x2046, 0x0822,
        0x0822, 0x2046, 0xF97A, 0xC885, 0xC885, 0xC885, 0xC885, 0xC885, 0xC885, 0xC885, 0xC885, 0xC885, 0xC885, 0x0083, 0x2046, 0x0822,
        0x0822, 0x2046, 0xF97A, 0xC885, 0xC885, 0xC885, 0xC885, 0x1001, 0x1001, 0xC885, 0xC885, 0xC885, 0xC885, 0x0083, 0x2046, 0x0822,
        0x0822, 0x2046, 0xF97A, 0xC885, 0xDE33, 0xDE33, 0xDE33, 0xDE33, 0xDE33, 0xDE33, 0xDE33, 0xDE33, 0xC885, 0x0083, 0x2046, 0x0822,
        0x0822, 0x0822, 0x7044, 0xF97A, 0xFFBC, 0x1001, 0x1001, 0x1001, 0x1001, 0x1001, 0x1001, 0xFFBC, 0x0083, 0x7044, 0x0822, 0x0822,
        0x0822, 0x0822, 0x2046, 0x7044, 0xF97A, 0xC885, 0x1001, 0xFA6D, 0xFA6D, 0x1001, 0xC885, 0x0083, 0x7044, 0x2046, 0x0822, 0x0822,
        0x0822, 0x0822, 0x0822, 0x2046, 0x2046, 0xC885, 0xC885, 0xC885, 0xC885, 0xC885, 0xC885, 0x2046, 0x2046, 0x0822, 0x0822, 0x0822,
        0x0822, 0x0822, 0x0822, 0x0822, 0x0822, 0x2046, 0x7044, 0x7044, 0x7044, 0x7044, 0x2046, 0x0822, 0x0822, 0x0822, 0x0822, 0x0822,
        0x0822, 0x0822, 0x0822, 0x0822, 0x0822, 0x0822, 0x0822, 0x0822, 0x0822, 0x0822, 0x0822, 0x0822, 0x0822, 0x0822, 0x0822, 0x0822,
    },
    {
        0x0822, 0xF718, 0xF718, 0x0822, 0x0822, 0x0822, 0x0822, 0x0822, 0x0822, 0x0822, 0x0822, 0x0822, 0x0822, 0xF718, 0xF718, 0x0822,
        0x0822, 0xAC4C, 0xF718, 0xF718, 0x0822, 0x2025, 0x2025, 0x2025, 0x2025, 0x2025, 0x2025, 0x0822, 0xF718, 0xF718, 0xAC4C, 0x0822,
        0x0822, 0x0822, 0x0822, 0xAC4C, 0xC885, 0xC885, 0xC885, 0xC885, 0xC885, 0xC885, 0xC885, 0xC885, 0xAC4C, 0x0822, 0x0822, 0x0822,
        0x0822, 0x0822, 0x2025, 0xC885, 0xC885, 0xFA27, 0xFA27, 0xFA27, 0xFA27, 0xFA27, 0xFA27, 0xC885, 0xC885, 0x2025, 0x0822, 0x0822,
        0x0822, 0x0822, 0xC885, 0xC885, 0xC885, 0xC885, 0xFA27, 0xFA27, 0xFA27, 0xFA27, 0xC885, 0xC885, 0xC885, 0xC885, 0x0822, 0x0822,
        0x0822, 0x2025, 0x1001, 0x1001, 0xC885, 0xC885, 0xC885, 0xC885, 0xC885, 0xC885, 0xC885, 0xC885, 0x1001, 0x1001, 0x2025, 0x0822,
        0x0822, 0x2025, 0xC885, 0xC885, 0x1001, 0x1001, 0x1001, 0xC885, 0xC885, 0x1001, 0x1001, 0x1001, 0xC885, 0xC885, 0x2025, 0x0822,
        0x0822, 0x2025, 0xF97A, 0x0F3F, 0xE7FF, 0x0F3F, 0xC885, 0xC885, 0xC885, 0xC885, 0x0F3F, 0xE7FF, 0x0F3F, 0x2DDF, 0x2025, 0x0822,
        0x0822, 0x2025, 0xF97A, 0xC885, 0xC885, 0xC885, 0xC885, 0xC885, 0xC885, 0xC885, 0xC885, 0xC885, 0xC885, 0x2DDF, 0x2025, 0x0822,
        0x0822, 0x2025, 0xF97A, 0xC885, 0xC885, 0xC885, 0xC885, 0x1001, 0x1001, 0xC885, 0xC885, 0xC885, 0xC885, 0x2DDF, 0x2025, 0x0822,
        0x0822, 0x2025, 0xF97A, 0xC885, 0xDE33, 0xDE33, 0xDE33, 0xDE33, 0xDE33, 0xDE33, 0xDE33, 0xDE33, 0xC885, 0x2DDF, 0x2025, 0x0822,
        0x0822, 0x0822, 0x7044, 0xF97A, 0xFFBC, 0x1001, 0x1001, 0x1001, 0x1001, 0x1001, 0x1001, 0xFFBC, 0x2DDF, 0x7044, 0x0822, 0x0822,
        0x0822, 0x0822, 0x2025, 0x7044, 0xF97A, 0xC885, 0x1001, 0xFA6D, 0xFA6D, 0x1001, 0xC885, 0x2DDF, 0x7044, 0x2025, 0x0822, 0x0822,
        0x0822, 0x0822, 0x0822, 0x2025, 0x2025, 0xC885, 0xC885, 0xC885, 0xC885, 0xC885, 0xC885, 0x2025, 0x2025, 0x0822, 0x0822, 0x0822,
        0x0822, 0x0822, 0x0822, 0x0822, 0x0822, 0x2025, 0x7044, 0x7044, 0x7044, 0x7044, 0x2025, 0x0822, 0x0822, 0x0822, 0x0822, 0x0822,
        0x0822, 0x0822, 0x0822, 0x0822, 0x0822, 0x0822, 0x0822, 0x0822, 0x0822, 0x0822, 0x0822, 0x0822, 0x0822, 0x0822, 0x0822, 0x0822,
    },
    {
        0x0822, 0xF718, 0xF718, 0x0822, 0x0822, 0x0822, 0x0822, 0x0822, 0x0822, 0x0822, 0x0822, 0x0822, 0x0822, 0xF718, 0xF718, 0x0822,
        0x0822, 0xAC4C, 0xF718, 0xF718, 0x0822, 0x1825, 0x1825, 0x1825, 0x1825, 0x1825, 0x1825, 0x0822, 0xF718, 0xF718, 0xAC4C, 0x0822,
        0x0822, 0x0822, 0x0822, 0xAC4C, 0xC885, 0xC885, 0xC885, 0xC885, 0xC885, 0xC885, 0xC885, 0xC885, 0xAC4C, 0x0822, 0x0822, 0x0822,
        0x0822, 0x0822, 0x1825, 0xC885, 0xC885, 0xFA27, 0xFA27, 0xFA27, 0xFA27, 0xFA27, 0xFA27, 0xC885, 0xC885, 0x1825, 0x0822, 0x0822,
        0x0822, 0x0822, 0xC885, 0xC885, 0xC885, 0xC885, 0xFA27, 0xFA27, 0xFA27, 0xFA27, 0xC885, 0xC885, 0xC885, 0xC885, 0x0822, 0x0822,
        0x0822, 0x1825, 0x1001, 0x1001, 0xC885, 0xC885, 0xC885, 0xC885, 0xC885, 0xC885, 0xC885, 0xC885, 0x1001, 0x1001, 0x1825, 0x0822,
        0x0822, 0x1825, 0xC885, 0xC885, 0x1001, 0x1001, 0x1001, 0xC885, 0xC885, 0x1001, 0x1001, 0x1001, 0xC885, 0xC885, 0x1825, 0x0822,
        0x0822, 0x1825, 0xF97A, 0x073F, 0xE7FF, 0x073F, 0xC885, 0xC885, 0xC885, 0xC885, 0x073F, 0xE7FF, 0x073F, 0x2DDF, 0x1825, 0x0822,
        0x0822, 0x1825, 0xF97A, 0xC885, 0xC885, 0xC885, 0xC885, 0xC885, 0xC885, 0xC885, 0xC885, 0xC885, 0xC885, 0x2DDF, 0x1825, 0x0822,
        0x0822, 0x1825, 0xF97A, 0xC885, 0xC885, 0xC885, 0xC885, 0x1001, 0x1001, 0xC885, 0xC885, 0xC885, 0xC885, 0x2DDF, 0x1825, 0x0822,
        0x0822, 0x1825, 0xF97A, 0xC885, 0xDE33, 0xDE33, 0xDE33, 0xDE33, 0xDE33, 0xDE33, 0xDE33, 0xDE33, 0xC885, 0x2DDF, 0x1825, 0x0822,
        0x0822, 0x0822, 0x7044, 0xF97A, 0xFFBC, 0x1001, 0x1001, 0x1001, 0x1001, 0x1001, 0x1001, 0xFFBC, 0x2DDF, 0x7044, 0x0822, 0x0822,
        0x0822, 0x0822, 0x1825, 0x7044, 0xF97A, 0xC885, 0x1001, 0xFA6D, 0xFA6D, 0x1001, 0xC885, 0x2DDF, 0x7044, 0x1825, 0x0822, 0x0822,
        0x0822, 0x0822, 0x0822, 0x1825, 0x1825, 0xC885, 0xC885, 0xC885, 0xC885, 0xC885, 0xC885, 0x1825, 0x1825, 0x0822, 0x0822, 0x0822,
        0x0822, 0x0822, 0x0822, 0x0822, 0x0822, 0x1825, 0x7044, 0x7044, 0x7044, 0x7044, 0x1825, 0x0822, 0x0822, 0x0822, 0x0822, 0x0822,
        0x0822, 0x0822, 0x0822, 0x0822, 0x0822, 0x0822, 0x0822, 0x0822, 0x0822, 0x0822, 0x0822, 0x0822, 0x0822, 0x0822, 0x0822, 0x0822,
    },
    {
        0x0822, 0xF718, 0xF718, 0x0822, 0x0822, 0x0822, 0x0822, 0x0822, 0x0822, 0x0822, 0x0822, 0x0822, 0x0822, 0xF718, 0xF718, 0x0822,
        0x0822, 0xAC4C, 0xF718, 0xF718, 0x0822, 0x1825, 0x1825, 0x1825, 0x1825, 0x1825, 0x1825, 0x0822, 0xF718, 0xF718, 0xAC4C, 0x0822,
        0x0822, 0x0822, 0x0822, 0xAC4C, 0xC885, 0xC885, 0xC885, 0xC885, 0xC885, 0xC885, 0xC885, 0xC885, 0xAC4C, 0x0822, 0x0822, 0x0822,
        0x0822, 0x0822, 0x1825, 0xC885, 0xC885, 0xFA27, 0xFA27, 0xFA27, 0xFA27, 0xFA27, 0xFA27, 0xC885, 0xC885, 0x1825, 0x0822, 0x0822,
        0x0822, 0x0822, 0xC885, 0xC885, 0xC885, 0xC885, 0xFA27, 0xFA27, 0xFA27, 0xFA27, 0xC885, 0xC885, 0xC885, 0xC885, 0x0822, 0x0822,
        0x0822, 0x1825, 0x1001, 0x1001, 0xC885, 0xC885, 0xC885, 0xC885, 0xC885, 0xC885, 0xC885, 0xC885, 0x1001, 0x1001, 0x1825, 0x0822,
        0x0822, 0x1825, 0xC885, 0xC885, 0x1001, 0x1001, 0x1001, 0xC885, 0xC885, 0x1001, 0x1001, 0x1001, 0xC885, 0xC885, 0x1825, 0x0822,
        0x0822, 0x1825, 0xF97A, 0x073F, 0xE7FF, 0x073F, 0xC885, 0xC885, 0xC885, 0xC885, 0x073F, 0xE7FF, 0x073F, 0x2DDF, 0x1825, 0x0822,
        0x0822, 0x1825, 0xF97A, 0xC885, 0xC885, 0xC885, 0xC885, 0xC885, 0xC885, 0xC885, 0xC885, 0xC885, 0xC885, 0x2DDF, 0x1825, 0x0822,
        0x0822, 0x1825, 0xF97A, 0xC885, 0xC885, 0xC885, 0xC885, 0x1001, 0x1001, 0xC885, 0xC885, 0xC885, 0xC885, 0x2DDF, 0x1825, 0x0822,
        0x0822, 0x1825, 0xF97A, 0xC885, 0xDE33, 0xDE33, 0xDE33, 0xDE33, 0xDE33, 0xDE33, 0xDE33, 0xDE33, 0xC885, 0x2DDF, 0x1825, 0x0822,
        0x0822, 0x0822, 0x7044, 0xF97A, 0xFFBC, 0x1001, 0x1001, 0x1001, 0x1001, 0x1001, 0x1001, 0xFFBC, 0x2DDF, 0x7044, 0x0822, 0x0822,
        0x0822, 0x0822, 0x1825, 0x7044, 0xF97A, 0xC885, 0x1001, 0xFA6D, 0xFA6D, 0x1001, 0xC885, 0x2DDF, 0x7044, 0x1825, 0x0822, 0x0822,
        0x0822, 0x0822, 0x0822, 0x1825, 0x1825, 0xC885, 0xC885, 0xC885, 0xC885, 0xC885, 0xC885, 0x1825, 0x1825, 0x0822, 0x0822, 0x0822,
        0x0822, 0x0822, 0x0822, 0x0822, 0x0822, 0x1825, 0x7044, 0x7044, 0x7044, 0x7044, 0x1825, 0x0822, 0x0822, 0x0822, 0x0822, 0x0822,
        0x0822, 0x0822, 0x0822, 0x0822, 0x0822, 0x0822, 0x0822, 0x0822, 0x0822, 0x0822, 0x0822, 0x0822, 0x0822, 0x0822, 0x0822, 0x0822,
    },
};
