// 16x16 LED-matrix animation, 250 frames at 120 ms.
// Row-major, top-left origin. Generated -- do not edit by hand.
#pragma once
#include <stdint.h>

#define SKULL16_ANIM_W 16
#define SKULL16_ANIM_H 16
#define SKULL16_ANIM_FRAMES 250
#define SKULL16_ANIM_DELAY_MS 120

// RGB888 array omitted: 250 frames. Play from the RGB565 copy.

static const uint16_t skull16_anim_rgb565[250][256] = {
    {
        0x0021, 0x0021, 0x0021, 0x2820, 0x2820, 0x2820, 0x2820, 0x2820, 0x2820, 0x2820, 0x2820, 0x2820, 0x2820, 0x0021, 0x0021, 0x0021,
        0x0021, 0x2820, 0x2820, 0x2820, 0xFCD3, 0xFCD3, 0xFCD3, 0xFCD3, 0xFCD3, 0xFCD3, 0xFCD3, 0xFCD3, 0x2820, 0x2820, 0x2820, 0x0021,
        0x2820, 0x2820, 0xFCD3, 0xFCD3, 0xE165, 0xE165, 0xE165, 0xE165, 0xE165, 0xE165, 0xE165, 0xE165, 0xFCD3, 0xFCD3, 0x2820, 0x2820,
        0x2820, 0xFCD3, 0xE165, 0xE165, 0xE165, 0xE165, 0xE165, 0xE165, 0xE165, 0xE165, 0xE165, 0xE165, 0xE165, 0xE165, 0xFCD3, 0x2820,
        0x2820, 0xE165, 0xE165, 0xE165, 0xE165, 0xE165, 0xE165, 0xE165, 0xE165, 0xE165, 0xE165, 0xE165, 0xE165, 0xE165, 0xE165, 0x2820,
        0x2820, 0xE165, 0xE165, 0x0000, 0x0000, 0x0000, 0xE165, 0xE165, 0xE165, 0xE165, 0x0000, 0x0000, 0x0000, 0xE165, 0xE165, 0x2820,
        0x2820, 0xE165, 0xE165, 0x0000, 0x0000, 0x0000, 0xE165, 0xE165, 0xE165, 0xE165, 0x0000, 0x0000, 0x0000, 0xE165, 0xE165, 0x2820,
        0x2820, 0xE165, 0xE165, 0xE165, 0x0000, 0x0000, 0xE165, 0xE165, 0xE165, 0xE165, 0x0000, 0x0000, 0xE165, 0xE165, 0xE165, 0x2820,
        0x2820, 0xE165, 0xE165, 0xE165, 0xE165, 0xE165, 0xE165, 0xE165, 0xE165, 0xE165, 0xE165, 0xE165, 0xE165, 0xE165, 0xE165, 0x2820,
        0x2820, 0x2820, 0xE165, 0xE165, 0xE165, 0xE165, 0xE165, 0x0000, 0x0000, 0xE165, 0xE165, 0xE165, 0xE165, 0xE165, 0x2820, 0x2820,
        0x0021, 0x2820, 0xE165, 0xE165, 0xE165, 0xE165, 0xE165, 0x0000, 0x0000, 0xE165, 0xE165, 0xE165, 0xE165, 0xE165, 0x2820, 0x0021,
        0x0021, 0x2820, 0x2820, 0xE165, 0xE165, 0xE165, 0xE165, 0xE165, 0xE165, 0xE165, 0xE165, 0xE165, 0xE165, 0x2820, 0x2820, 0x0021,
        0x0021, 0x0021, 0x2820, 0x2820, 0xE165, 0x0000, 0x0000, 0x0000, 0x0000, 0x0000, 0x0000, 0xE165, 0x2820, 0x2820, 0x0021, 0x0021,
        0x0021, 0x0021, 0x0021, 0x2820, 0xE165, 0x0000, 0xE165, 0x0000, 0xE165, 0x0000, 0xE165, 0xE165, 0x2820, 0x0021, 0x0021, 0x0021,
        0x0021, 0x0021, 0x0021, 0x2820, 0x2820, 0xE165, 0x0000, 0xE165, 0x0000, 0xE165, 0x0000, 0x2820, 0x2820, 0x0021, 0x0021, 0x0021,
        0x0021, 0x0021, 0x0021, 0x0021, 0x2820, 0x2820, 0x2820, 0x2820, 0x2820, 0x2820, 0x2820, 0x2820, 0x0021, 0x0021, 0x0021, 0x0021,
    },
    {
        0x0021, 0x0021, 0x0021, 0x2820, 0x2820, 0x2820, 0x2820, 0x2820, 0x2820, 0x2820, 0x2820, 0x2820, 0x2820, 0x0021, 0x0021, 0x0021,
        0x0021, 0x2820, 0x2820, 0x2820, 0xFCF3, 0xFCF3, 0xFCF3, 0xFCF3, 0xFCF3, 0xFCF3, 0xFCF3, 0xFCF3, 0x2820, 0x2820, 0x2820, 0x0021,
        0x2820, 0x2820, 0xFCF3, 0xFCF3, 0xE1A5, 0xE1A5, 0xE1A5, 0xE1A5, 0xE1A5, 0xE1A5, 0xE1A5, 0xE1A5, 0xFCF3, 0xFCF3, 0x2820, 0x2820,
        0x2820, 0xFCF3, 0xE1A5, 0xE1A5, 0xE1A5, 0xE1A5, 0xE1A5, 0xE1A5, 0xE1A5, 0xE1A5, 0xE1A5, 0xE1A5, 0xE1A5, 0xE1A5, 0xFCF3, 0x2820,
        0x2820, 0xE1A5, 0xE1A5, 0xE1A5, 0xE1A5, 0xE1A5, 0xE1A5, 0xE1A5, 0xE1A5, 0xE1A5, 0xE1A5, 0xE1A5, 0xE1A5, 0xE1A5, 0xE1A5, 0x2820,
        0x2820, 0xE1A5, 0xE1A5, 0x0000, 0x0000, 0x0000, 0xE1A5, 0xE1A5, 0xE1A5, 0xE1A5, 0x0000, 0x0000, 0x0000, 0xE1A5, 0xE1A5, 0x2820,
        0x2820, 0xE1A5, 0xE1A5, 0x0000, 0x0000, 0x0000, 0xE1A5, 0xE1A5, 0xE1A5, 0xE1A5, 0x0000, 0x0000, 0x0000, 0xE1A5, 0xE1A5, 0x2820,
        0x2820, 0xE1A5, 0xE1A5, 0xE1A5, 0x0000, 0x0000, 0xE1A5, 0xE1A5, 0xE1A5, 0xE1A5, 0x0000, 0x0000, 0xE1A5, 0xE1A5, 0xE1A5, 0x2820,
        0x2820, 0xE1A5, 0xE1A5, 0xE1A5, 0xE1A5, 0xE1A5, 0xE1A5, 0xE1A5, 0xE1A5, 0xE1A5, 0xE1A5, 0xE1A5, 0xE1A5, 0xE1A5, 0xE1A5, 0x2820,
        0x2820, 0x2820, 0xE1A5, 0xE1A5, 0xE1A5, 0xE1A5, 0xE1A5, 0x0000, 0x0000, 0xE1A5, 0xE1A5, 0xE1A5, 0xE1A5, 0xE1A5, 0x2820, 0x2820,
        0x0021, 0x2820, 0xE1A5, 0xE1A5, 0xE1A5, 0xE1A5, 0xE1A5, 0x0000, 0x0000, 0xE1A5, 0xE1A5, 0xE1A5, 0xE1A5, 0xE1A5, 0x2820, 0x0021,
        0x0021, 0x2820, 0x2820, 0xE1A5, 0xE1A5, 0xE1A5, 0xE1A5, 0xE1A5, 0xE1A5, 0xE1A5, 0xE1A5, 0xE1A5, 0xE1A5, 0x2820, 0x2820, 0x0021,
        0x0021, 0x0021, 0x2820, 0x2820, 0xE1A5, 0x0000, 0x0000, 0x0000, 0x0000, 0x0000, 0x0000, 0xE1A5, 0x2820, 0x2820, 0x0021, 0x0021,
        0x0021, 0x0021, 0x0021, 0x2820, 0xE1A5, 0x0000, 0xE1A5, 0x0000, 0xE1A5, 0x0000, 0xE1A5, 0xE1A5, 0x2820, 0x0021, 0x0021, 0x0021,
        0x0021, 0x0021, 0x0021, 0x2820, 0x2820, 0xE1A5, 0x0000, 0xE1A5, 0x0000, 0xE1A5, 0x0000, 0x2820, 0x2820, 0x0021, 0x0021, 0x0021,
        0x0021, 0x0021, 0x0021, 0x0021, 0x2820, 0x2820, 0x2820, 0x2820, 0x2820, 0x2820, 0x2820, 0x2820, 0x0021, 0x0021, 0x0021, 0x0021,
    },
    {
        0x0021, 0x0021, 0x0021, 0x2840, 0x2840, 0x2840, 0x2840, 0x2840, 0x2840, 0x2840, 0x2840, 0x2840, 0x2840, 0x0021, 0x0021, 0x0021,
        0x0021, 0x2840, 0x2840, 0x2840, 0xFD13, 0xFD13, 0xFD13, 0xFD13, 0xFD13, 0xFD13, 0xFD13, 0xFD13, 0x2840, 0x2840, 0x2840, 0x0021,
        0x2840, 0x2840, 0xFD13, 0xFD13, 0xE1E5, 0xE1E5, 0xE1E5, 0xE1E5, 0xE1E5, 0xE1E5, 0xE1E5, 0xE1E5, 0xFD13, 0xFD13, 0x2840, 0x2840,
        0x2840, 0xFD13, 0xE1E5, 0xE1E5, 0xE1E5, 0xE1E5, 0xE1E5, 0xE1E5, 0xE1E5, 0xE1E5, 0xE1E5, 0xE1E5, 0xE1E5, 0xE1E5, 0xFD13, 0x2840,
        0x2840, 0xE1E5, 0xE1E5, 0xE1E5, 0xE1E5, 0xE1E5, 0xE1E5, 0xE1E5, 0xE1E5, 0xE1E5, 0xE1E5, 0xE1E5, 0xE1E5, 0xE1E5, 0xE1E5, 0x2840,
        0x2840, 0xE1E5, 0xE1E5, 0x0000, 0x0000, 0x0000, 0xE1E5, 0xE1E5, 0xE1E5, 0xE1E5, 0x0000, 0x0000, 0x0000, 0xE1E5, 0xE1E5, 0x2840,
        0x2840, 0xE1E5, 0xE1E5, 0x0000, 0x0000, 0x0000, 0xE1E5, 0xE1E5, 0xE1E5, 0xE1E5, 0x0000, 0x0000, 0x0000, 0xE1E5, 0xE1E5, 0x2840,
        0x2840, 0xE1E5, 0xE1E5, 0xE1E5, 0x0000, 0x0000, 0xE1E5, 0xE1E5, 0xE1E5, 0xE1E5, 0x0000, 0x0000, 0xE1E5, 0xE1E5, 0xE1E5, 0x2840,
        0x2840, 0xE1E5, 0xE1E5, 0xE1E5, 0xE1E5, 0xE1E5, 0xE1E5, 0xE1E5, 0xE1E5, 0xE1E5, 0xE1E5, 0xE1E5, 0xE1E5, 0xE1E5, 0xE1E5, 0x2840,
        0x2840, 0x2840, 0xE1E5, 0xE1E5, 0xE1E5, 0xE1E5, 0xE1E5, 0x0000, 0x0000, 0xE1E5, 0xE1E5, 0xE1E5, 0xE1E5, 0xE1E5, 0x2840, 0x2840,
        0x0021, 0x2840, 0xE1E5, 0xE1E5, 0xE1E5, 0xE1E5, 0xE1E5, 0x0000, 0x0000, 0xE1E5, 0xE1E5, 0xE1E5, 0xE1E5, 0xE1E5, 0x2840, 0x0021,
        0x0021, 0x2840, 0x2840, 0xE1E5, 0xE1E5, 0xE1E5, 0xE1E5, 0xE1E5, 0xE1E5, 0xE1E5, 0xE1E5, 0xE1E5, 0xE1E5, 0x2840, 0x2840, 0x0021,
        0x0021, 0x0021, 0x2840, 0x2840, 0xE1E5, 0x0000, 0x0000, 0x0000, 0x0000, 0x0000, 0x0000, 0xE1E5, 0x2840, 0x2840, 0x0021, 0x0021,
        0x0021, 0x0021, 0x0021, 0x2840, 0xE1E5, 0x0000, 0xE1E5, 0x0000, 0xE1E5, 0x0000, 0xE1E5, 0xE1E5, 0x2840, 0x0021, 0x0021, 0x0021,
        0x0021, 0x0021, 0x0021, 0x2840, 0x2840, 0xE1E5, 0x0000, 0xE1E5, 0x0000, 0xE1E5, 0x0000, 0x2840, 0x2840, 0x0021, 0x0021, 0x0021,
        0x0021, 0x0021, 0x0021, 0x0021, 0x2840, 0x2840, 0x2840, 0x2840, 0x2840, 0x2840, 0x2840, 0x2840, 0x0021, 0x0021, 0x0021, 0x0021,
    },
    {
        0x0021, 0x0021, 0x0021, 0x2840, 0x2840, 0x2840, 0x2840, 0x2840, 0x2840, 0x2840, 0x2840, 0x2840, 0x2840, 0x0021, 0x0021, 0x0021,
        0x0021, 0x2840, 0x2840, 0x2840, 0xFD33, 0xFD33, 0xFD33, 0xFD33, 0xFD33, 0xFD33, 0xFD33, 0xFD33, 0x2840, 0x2840, 0x2840, 0x0021,
        0x2840, 0x2840, 0xFD33, 0xFD33, 0xE225, 0xE225, 0xE225, 0xE225, 0xE225, 0xE225, 0xE225, 0xE225, 0xFD33, 0xFD33, 0x2840, 0x2840,
        0x2840, 0xFD33, 0xE225, 0xE225, 0xE225, 0xE225, 0xE225, 0xE225, 0xE225, 0xE225, 0xE225, 0xE225, 0xE225, 0xE225, 0xFD33, 0x2840,
        0x2840, 0xE225, 0xE225, 0xE225, 0xE225, 0xE225, 0xE225, 0xE225, 0xE225, 0xE225, 0xE225, 0xE225, 0xE225, 0xE225, 0xE225, 0x2840,
        0x2840, 0xE225, 0xE225, 0x0000, 0x0000, 0x0000, 0xE225, 0xE225, 0xE225, 0xE225, 0x0000, 0x0000, 0x0000, 0xE225, 0xE225, 0x2840,
        0x2840, 0xE225, 0xE225, 0x0000, 0x0000, 0x0000, 0xE225, 0xE225, 0xE225, 0xE225, 0x0000, 0x0000, 0x0000, 0xE225, 0xE225, 0x2840,
        0x2840, 0xE225, 0xE225, 0xE225, 0x0000, 0x0000, 0xE225, 0xE225, 0xE225, 0xE225, 0x0000, 0x0000, 0xE225, 0xE225, 0xE225, 0x2840,
        0x2840, 0xE225, 0xE225, 0xE225, 0xE225, 0xE225, 0xE225, 0xE225, 0xE225, 0xE225, 0xE225, 0xE225, 0xE225, 0xE225, 0xE225, 0x2840,
        0x2840, 0x2840, 0xE225, 0xE225, 0xE225, 0xE225, 0xE225, 0x0000, 0x0000, 0xE225, 0xE225, 0xE225, 0xE225, 0xE225, 0x2840, 0x2840,
        0x0021, 0x2840, 0xE225, 0xE225, 0xE225, 0xE225, 0xE225, 0x0000, 0x0000, 0xE225, 0xE225, 0xE225, 0xE225, 0xE225, 0x2840, 0x0021,
        0x0021, 0x2840, 0x2840, 0xE225, 0xE225, 0xE225, 0xE225, 0xE225, 0xE225, 0xE225, 0xE225, 0xE225, 0xE225, 0x2840, 0x2840, 0x0021,
        0x0021, 0x0021, 0x2840, 0x2840, 0xE225, 0x0000, 0x0000, 0x0000, 0x0000, 0x0000, 0x0000, 0xE225, 0x2840, 0x2840, 0x0021, 0x0021,
        0x0021, 0x0021, 0x0021, 0x2840, 0xE225, 0x0000, 0xE225, 0x0000, 0xE225, 0x0000, 0xE225, 0xE225, 0x2840, 0x0021, 0x0021, 0x0021,
        0x0021, 0x0021, 0x0021, 0x2840, 0x2840, 0xE225, 0x0000, 0xE225, 0x0000, 0xE225, 0x0000, 0x2840, 0x2840, 0x0021, 0x0021, 0x0021,
        0x0021, 0x0021, 0x0021, 0x0021, 0x2840, 0x2840, 0x2840, 0x2840, 0x2840, 0x2840, 0x2840, 0x2840, 0x0021, 0x0021, 0x0021, 0x0021,
    },
    {
        0x0021, 0x0021, 0x0021, 0x2840, 0x2840, 0x2840, 0x2840, 0x2840, 0x2840, 0x2840, 0x2840, 0x2840, 0x2840, 0x0021, 0x0021, 0x0021,
        0x0021, 0x2840, 0x2840, 0x2840, 0xFD73, 0xFD73, 0xFD73, 0xFD73, 0xFD73, 0xFD73, 0xFD73, 0xFD73, 0x2840, 0x2840, 0x2840, 0x0021,
        0x2840, 0x2840, 0xFD73, 0xFD73, 0xE265, 0xE265, 0xE265, 0xE265, 0xE265, 0xE265, 0xE265, 0xE265, 0xFD73, 0xFD73, 0x2840, 0x2840,
        0x2840, 0xFD73, 0xE265, 0xE265, 0xE265, 0xE265, 0xE265, 0xE265, 0xE265, 0xE265, 0xE265, 0xE265, 0xE265, 0xE265, 0xFD73, 0x2840,
        0x2840, 0xE265, 0xE265, 0xE265, 0xE265, 0xE265, 0xE265, 0xE265, 0xE265, 0xE265, 0xE265, 0xE265, 0xE265, 0xE265, 0xE265, 0x2840,
        0x2840, 0xE265, 0xE265, 0x0000, 0x0000, 0x0000, 0xE265, 0xE265, 0xE265, 0xE265, 0x0000, 0x0000, 0x0000, 0xE265, 0xE265, 0x2840,
        0x2840, 0xE265, 0xE265, 0x0000, 0x0000, 0x0000, 0xE265, 0xE265, 0xE265, 0xE265, 0x0000, 0x0000, 0x0000, 0xE265, 0xE265, 0x2840,
        0x2840, 0xE265, 0xE265, 0xE265, 0x0000, 0x0000, 0xE265, 0xE265, 0xE265, 0xE265, 0x0000, 0x0000, 0xE265, 0xE265, 0xE265, 0x2840,
        0x2840, 0xE265, 0xE265, 0xE265, 0xE265, 0xE265, 0xE265, 0xE265, 0xE265, 0xE265, 0xE265, 0xE265, 0xE265, 0xE265, 0xE265, 0x2840,
        0x2840, 0x2840, 0xE265, 0xE265, 0xE265, 0xE265, 0xE265, 0x0000, 0x0000, 0xE265, 0xE265, 0xE265, 0xE265, 0xE265, 0x2840, 0x2840,
        0x0021, 0x2840, 0xE265, 0xE265, 0xE265, 0xE265, 0xE265, 0x0000, 0x0000, 0xE265, 0xE265, 0xE265, 0xE265, 0xE265, 0x2840, 0x0021,
        0x0021, 0x2840, 0x2840, 0xE265, 0xE265, 0xE265, 0xE265, 0xE265, 0xE265, 0xE265, 0xE265, 0xE265, 0xE265, 0x2840, 0x2840, 0x0021,
        0x0021, 0x0021, 0x2840, 0x2840, 0xE265, 0x0000, 0x0000, 0x0000, 0x0000, 0x0000, 0x0000, 0xE265, 0x2840, 0x2840, 0x0021, 0x0021,
        0x0021, 0x0021, 0x0021, 0x2840, 0xE265, 0x0000, 0xE265, 0x0000, 0xE265, 0x0000, 0xE265, 0xE265, 0x2840, 0x0021, 0x0021, 0x0021,
        0x0021, 0x0021, 0x0021, 0x2840, 0x2840, 0xE265, 0x0000, 0xE265, 0x0000, 0xE265, 0x0000, 0x2840, 0x2840, 0x0021, 0x0021, 0x0021,
        0x0021, 0x0021, 0x0021, 0x0021, 0x2840, 0x2840, 0x2840, 0x2840, 0x2840, 0x2840, 0x2840, 0x2840, 0x0021, 0x0021, 0x0021, 0x0021,
    },
    {
        0x0021, 0x0021, 0x0021, 0x2860, 0x2860, 0x2860, 0x2860, 0x2860, 0x2860, 0x2860, 0x2860, 0x2860, 0x2860, 0x0021, 0x0021, 0x0021,
        0x0021, 0x2860, 0x2860, 0x2860, 0xFD93, 0xFD93, 0xFD93, 0xFD93, 0xFD93, 0xFD93, 0xFD93, 0xFD93, 0x2860, 0x2860, 0x2860, 0x0021,
        0x2860, 0x2860, 0xFD93, 0xFD93, 0xE2A5, 0xE2A5, 0xE2A5, 0xE2A5, 0xE2A5, 0xE2A5, 0xE2A5, 0xE2A5, 0xFD93, 0xFD93, 0x2860, 0x2860,
        0x2860, 0xFD93, 0xE2A5, 0xE2A5, 0xE2A5, 0xE2A5, 0xE2A5, 0xE2A5, 0xE2A5, 0xE2A5, 0xE2A5, 0xE2A5, 0xE2A5, 0xE2A5, 0xFD93, 0x2860,
        0x2860, 0xE2A5, 0xE2A5, 0xE2A5, 0xE2A5, 0xE2A5, 0xE2A5, 0xE2A5, 0xE2A5, 0xE2A5, 0xE2A5, 0xE2A5, 0xE2A5, 0xE2A5, 0xE2A5, 0x2860,
        0x2860, 0xE2A5, 0xE2A5, 0x0000, 0x0000, 0x0000, 0xE2A5, 0xE2A5, 0xE2A5, 0xE2A5, 0x0000, 0x0000, 0x0000, 0xE2A5, 0xE2A5, 0x2860,
        0x2860, 0xE2A5, 0xE2A5, 0x0000, 0x0000, 0x0000, 0xE2A5, 0xE2A5, 0xE2A5, 0xE2A5, 0x0000, 0x0000, 0x0000, 0xE2A5, 0xE2A5, 0x2860,
        0x2860, 0xE2A5, 0xE2A5, 0xE2A5, 0x0000, 0x0000, 0xE2A5, 0xE2A5, 0xE2A5, 0xE2A5, 0x0000, 0x0000, 0xE2A5, 0xE2A5, 0xE2A5, 0x2860,
        0x2860, 0xE2A5, 0xE2A5, 0xE2A5, 0xE2A5, 0xE2A5, 0xE2A5, 0xE2A5, 0xE2A5, 0xE2A5, 0xE2A5, 0xE2A5, 0xE2A5, 0xE2A5, 0xE2A5, 0x2860,
        0x2860, 0x2860, 0xE2A5, 0xE2A5, 0xE2A5, 0xE2A5, 0xE2A5, 0x0000, 0x0000, 0xE2A5, 0xE2A5, 0xE2A5, 0xE2A5, 0xE2A5, 0x2860, 0x2860,
        0x0021, 0x2860, 0xE2A5, 0xE2A5, 0xE2A5, 0xE2A5, 0xE2A5, 0x0000, 0x0000, 0xE2A5, 0xE2A5, 0xE2A5, 0xE2A5, 0xE2A5, 0x2860, 0x0021,
        0x0021, 0x2860, 0x2860, 0xE2A5, 0xE2A5, 0xE2A5, 0xE2A5, 0xE2A5, 0xE2A5, 0xE2A5, 0xE2A5, 0xE2A5, 0xE2A5, 0x2860, 0x2860, 0x0021,
        0x0021, 0x0021, 0x2860, 0x2860, 0xE2A5, 0x0000, 0x0000, 0x0000, 0x0000, 0x0000, 0x0000, 0xE2A5, 0x2860, 0x2860, 0x0021, 0x0021,
        0x0021, 0x0021, 0x0021, 0x2860, 0xE2A5, 0x0000, 0xE2A5, 0x0000, 0xE2A5, 0x0000, 0xE2A5, 0xE2A5, 0x2860, 0x0021, 0x0021, 0x0021,
        0x0021, 0x0021, 0x0021, 0x2860, 0x2860, 0xE2A5, 0x0000, 0xE2A5, 0x0000, 0xE2A5, 0x0000, 0x2860, 0x2860, 0x0021, 0x0021, 0x0021,
        0x0021, 0x0021, 0x0021, 0x0021, 0x2860, 0x2860, 0x2860, 0x2860, 0x2860, 0x2860, 0x2860, 0x2860, 0x0021, 0x0021, 0x0021, 0x0021,
    },
    {
        0x0021, 0x0021, 0x0021, 0x2860, 0x2860, 0x2860, 0x2860, 0x2860, 0x2860, 0x2860, 0x2860, 0x2860, 0x2860, 0x0021, 0x0021, 0x0021,
        0x0021, 0x2860, 0x2860, 0x2860, 0xFDB3, 0xFDB3, 0xFDB3, 0xFDB3, 0xFDB3, 0xFDB3, 0xFDB3, 0xFDB3, 0x2860, 0x2860, 0x2860, 0x0021,
        0x2860, 0x2860, 0xFDB3, 0xFDB3, 0xE305, 0xE305, 0xE305, 0xE305, 0xE305, 0xE305, 0xE305, 0xE305, 0xFDB3, 0xFDB3, 0x2860, 0x2860,
        0x2860, 0xFDB3, 0xE305, 0xE305, 0xE305, 0xE305, 0xE305, 0xE305, 0xE305, 0xE305, 0xE305, 0xE305, 0xE305, 0xE305, 0xFDB3, 0x2860,
        0x2860, 0xE305, 0xE305, 0xE305, 0xE305, 0xE305, 0xE305, 0xE305, 0xE305, 0xE305, 0xE305, 0xE305, 0xE305, 0xE305, 0xE305, 0x2860,
        0x2860, 0xE305, 0xE305, 0x0000, 0x0000, 0x0000, 0xE305, 0xE305, 0xE305, 0xE305, 0x0000, 0x0000, 0x0000, 0xE305, 0xE305, 0x2860,
        0x2860, 0xE305, 0xE305, 0x0000, 0x0000, 0x0000, 0xE305, 0xE305, 0xE305, 0xE305, 0x0000, 0x0000, 0x0000, 0xE305, 0xE305, 0x2860,
        0x2860, 0xE305, 0xE305, 0xE305, 0x0000, 0x0000, 0xE305, 0xE305, 0xE305, 0xE305, 0x0000, 0x0000, 0xE305, 0xE305, 0xE305, 0x2860,
        0x2860, 0xE305, 0xE305, 0xE305, 0xE305, 0xE305, 0xE305, 0xE305, 0xE305, 0xE305, 0xE305, 0xE305, 0xE305, 0xE305, 0xE305, 0x2860,
        0x2860, 0x2860, 0xE305, 0xE305, 0xE305, 0xE305, 0xE305, 0x0000, 0x0000, 0xE305, 0xE305, 0xE305, 0xE305, 0xE305, 0x2860, 0x2860,
        0x0021, 0x2860, 0xE305, 0xE305, 0xE305, 0xE305, 0xE305, 0x0000, 0x0000, 0xE305, 0xE305, 0xE305, 0xE305, 0xE305, 0x2860, 0x0021,
        0x0021, 0x2860, 0x2860, 0xE305, 0xE305, 0xE305, 0xE305, 0xE305, 0xE305, 0xE305, 0xE305, 0xE305, 0xE305, 0x2860, 0x2860, 0x0021,
        0x0021, 0x0021, 0x2860, 0x2860, 0xE305, 0x0000, 0x0000, 0x0000, 0x0000, 0x0000, 0x0000, 0xE305, 0x2860, 0x2860, 0x0021, 0x0021,
        0x0021, 0x0021, 0x0021, 0x2860, 0xE305, 0x0000, 0xE305, 0x0000, 0xE305, 0x0000, 0xE305, 0xE305, 0x2860, 0x0021, 0x0021, 0x0021,
        0x0021, 0x0021, 0x0021, 0x2860, 0x2860, 0xE305, 0x0000, 0xE305, 0x0000, 0xE305, 0x0000, 0x2860, 0x2860, 0x0021, 0x0021, 0x0021,
        0x0021, 0x0021, 0x0021, 0x0021, 0x2860, 0x2860, 0x2860, 0x2860, 0x2860, 0x2860, 0x2860, 0x2860, 0x0021, 0x0021, 0x0021, 0x0021,
    },
    {
        0x0021, 0x0021, 0x0021, 0x2880, 0x2880, 0x2880, 0x2880, 0x2880, 0x2880, 0x2880, 0x2880, 0x2880, 0x2880, 0x0021, 0x0021, 0x0021,
        0x0021, 0x2880, 0x2880, 0x2880, 0xFDD3, 0xFDD3, 0xFDD3, 0xFDD3, 0xFDD3, 0xFDD3, 0xFDD3, 0xFDD3, 0x2880, 0x2880, 0x2880, 0x0021,
        0x2880, 0x2880, 0xFDD3, 0xFDD3, 0xE345, 0xE345, 0xE345, 0xE345, 0xE345, 0xE345, 0xE345, 0xE345, 0xFDD3, 0xFDD3, 0x2880, 0x2880,
        0x2880, 0xFDD3, 0xE345, 0xE345, 0xE345, 0xE345, 0xE345, 0xE345, 0xE345, 0xE345, 0xE345, 0xE345, 0xE345, 0xE345, 0xFDD3, 0x2880,
        0x2880, 0xE345, 0xE345, 0xE345, 0xE345, 0xE345, 0xE345, 0xE345, 0xE345, 0xE345, 0xE345, 0xE345, 0xE345, 0xE345, 0xE345, 0x2880,
        0x2880, 0xE345, 0xE345, 0x0000, 0x0000, 0x0000, 0xE345, 0xE345, 0xE345, 0xE345, 0x0000, 0x0000, 0x0000, 0xE345, 0xE345, 0x2880,
        0x2880, 0xE345, 0xE345, 0x0000, 0x0000, 0x0000, 0xE345, 0xE345, 0xE345, 0xE345, 0x0000, 0x0000, 0x0000, 0xE345, 0xE345, 0x2880,
        0x2880, 0xE345, 0xE345, 0xE345, 0x0000, 0x0000, 0xE345, 0xE345, 0xE345, 0xE345, 0x0000, 0x0000, 0xE345, 0xE345, 0xE345, 0x2880,
        0x2880, 0xE345, 0xE345, 0xE345, 0xE345, 0xE345, 0xE345, 0xE345, 0xE345, 0xE345, 0xE345, 0xE345, 0xE345, 0xE345, 0xE345, 0x2880,
        0x2880, 0x2880, 0xE345, 0xE345, 0xE345, 0xE345, 0xE345, 0x0000, 0x0000, 0xE345, 0xE345, 0xE345, 0xE345, 0xE345, 0x2880, 0x2880,
        0x0021, 0x2880, 0xE345, 0xE345, 0xE345, 0xE345, 0xE345, 0x0000, 0x0000, 0xE345, 0xE345, 0xE345, 0xE345, 0xE345, 0x2880, 0x0021,
        0x0021, 0x2880, 0x2880, 0xE345, 0xE345, 0xE345, 0xE345, 0xE345, 0xE345, 0xE345, 0xE345, 0xE345, 0xE345, 0x2880, 0x2880, 0x0021,
        0x0021, 0x0021, 0x2880, 0x2880, 0xE345, 0x0000, 0x0000, 0x0000, 0x0000, 0x0000, 0x0000, 0xE345, 0x2880, 0x2880, 0x0021, 0x0021,
        0x0021, 0x0021, 0x0021, 0x2880, 0xE345, 0x0000, 0xE345, 0x0000, 0xE345, 0x0000, 0xE345, 0xE345, 0x2880, 0x0021, 0x0021, 0x0021,
        0x0021, 0x0021, 0x0021, 0x2880, 0x2880, 0xE345, 0x0000, 0xE345, 0x0000, 0xE345, 0x0000, 0x2880, 0x2880, 0x0021, 0x0021, 0x0021,
        0x0021, 0x0021, 0x0021, 0x0021, 0x2880, 0x2880, 0x2880, 0x2880, 0x2880, 0x2880, 0x2880, 0x2880, 0x0021, 0x0021, 0x0021, 0x0021,
    },
    {
        0x0021, 0x0021, 0x0021, 0x2880, 0x2880, 0x2880, 0x2880, 0x2880, 0x2880, 0x2880, 0x2880, 0x2880, 0x2880, 0x0021, 0x0021, 0x0021,
        0x0021, 0x2880, 0x2880, 0x2880, 0xFE13, 0xFE13, 0xFE13, 0xFE13, 0xFE13, 0xFE13, 0xFE13, 0xFE13, 0x2880, 0x2880, 0x2880, 0x0021,
        0x2880, 0x2880, 0xFE13, 0xFE13, 0xE385, 0xE385, 0xE385, 0xE385, 0xE385, 0xE385, 0xE385, 0xE385, 0xFE13, 0xFE13, 0x2880, 0x2880,
        0x2880, 0xFE13, 0xE385, 0xE385, 0xE385, 0xE385, 0xE385, 0xE385, 0xE385, 0xE385, 0xE385, 0xE385, 0xE385, 0xE385, 0xFE13, 0x2880,
        0x2880, 0xE385, 0xE385, 0xE385, 0xE385, 0xE385, 0xE385, 0xE385, 0xE385, 0xE385, 0xE385, 0xE385, 0xE385, 0xE385, 0xE385, 0x2880,
        0x2880, 0xE385, 0xE385, 0x0000, 0x0000, 0x0000, 0xE385, 0xE385, 0xE385, 0xE385, 0x0000, 0x0000, 0x0000, 0xE385, 0xE385, 0x2880,
        0x2880, 0xE385, 0xE385, 0x0000, 0x0000, 0x0000, 0xE385, 0xE385, 0xE385, 0xE385, 0x0000, 0x0000, 0x0000, 0xE385, 0xE385, 0x2880,
        0x2880, 0xE385, 0xE385, 0xE385, 0x0000, 0x0000, 0xE385, 0xE385, 0xE385, 0xE385, 0x0000, 0x0000, 0xE385, 0xE385, 0xE385, 0x2880,
        0x2880, 0xE385, 0xE385, 0xE385, 0xE385, 0xE385, 0xE385, 0xE385, 0xE385, 0xE385, 0xE385, 0xE385, 0xE385, 0xE385, 0xE385, 0x2880,
        0x2880, 0x2880, 0xE385, 0xE385, 0xE385, 0xE385, 0xE385, 0x0000, 0x0000, 0xE385, 0xE385, 0xE385, 0xE385, 0xE385, 0x2880, 0x2880,
        0x0021, 0x2880, 0xE385, 0xE385, 0xE385, 0xE385, 0xE385, 0x0000, 0x0000, 0xE385, 0xE385, 0xE385, 0xE385, 0xE385, 0x2880, 0x0021,
        0x0021, 0x2880, 0x2880, 0xE385, 0xE385, 0xE385, 0xE385, 0xE385, 0xE385, 0xE385, 0xE385, 0xE385, 0xE385, 0x2880, 0x2880, 0x0021,
        0x0021, 0x0021, 0x2880, 0x2880, 0xE385, 0x0000, 0x0000, 0x0000, 0x0000, 0x0000, 0x0000, 0xE385, 0x2880, 0x2880, 0x0021, 0x0021,
        0x0021, 0x0021, 0x0021, 0x2880, 0xE385, 0x0000, 0xE385, 0x0000, 0xE385, 0x0000, 0xE385, 0xE385, 0x2880, 0x0021, 0x0021, 0x0021,
        0x0021, 0x0021, 0x0021, 0x2880, 0x2880, 0xE385, 0x0000, 0xE385, 0x0000, 0xE385, 0x0000, 0x2880, 0x2880, 0x0021, 0x0021, 0x0021,
        0x0021, 0x0021, 0x0021, 0x0021, 0x2880, 0x2880, 0x2880, 0x2880, 0x2880, 0x2880, 0x2880, 0x2880, 0x0021, 0x0021, 0x0021, 0x0021,
    },
    {
        0x0021, 0x0021, 0x0021, 0x28A0, 0x28A0, 0x28A0, 0x28A0, 0x28A0, 0x28A0, 0x28A0, 0x28A0, 0x28A0, 0x28A0, 0x0021, 0x0021, 0x0021,
        0x0021, 0x28A0, 0x28A0, 0x28A0, 0xFE33, 0xFE33, 0xFE33, 0xFE33, 0xFE33, 0xFE33, 0xFE33, 0xFE33, 0x28A0, 0x28A0, 0x28A0, 0x0021,
        0x28A0, 0x28A0, 0xFE33, 0xFE33, 0xE3C5, 0xE3C5, 0xE3C5, 0xE3C5, 0xE3C5, 0xE3C5, 0xE3C5, 0xE3C5, 0xFE33, 0xFE33, 0x28A0, 0x28A0,
        0x28A0, 0xFE33, 0xE3C5, 0xE3C5, 0xE3C5, 0xE3C5, 0xE3C5, 0xE3C5, 0xE3C5, 0xE3C5, 0xE3C5, 0xE3C5, 0xE3C5, 0xE3C5, 0xFE33, 0x28A0,
        0x28A0, 0xE3C5, 0xE3C5, 0xE3C5, 0xE3C5, 0xE3C5, 0xE3C5, 0xE3C5, 0xE3C5, 0xE3C5, 0xE3C5, 0xE3C5, 0xE3C5, 0xE3C5, 0xE3C5, 0x28A0,
        0x28A0, 0xE3C5, 0xE3C5, 0x0000, 0x0000, 0x0000, 0xE3C5, 0xE3C5, 0xE3C5, 0xE3C5, 0x0000, 0x0000, 0x0000, 0xE3C5, 0xE3C5, 0x28A0,
        0x28A0, 0xE3C5, 0xE3C5, 0x0000, 0x0000, 0x0000, 0xE3C5, 0xE3C5, 0xE3C5, 0xE3C5, 0x0000, 0x0000, 0x0000, 0xE3C5, 0xE3C5, 0x28A0,
        0x28A0, 0xE3C5, 0xE3C5, 0xE3C5, 0x0000, 0x0000, 0xE3C5, 0xE3C5, 0xE3C5, 0xE3C5, 0x0000, 0x0000, 0xE3C5, 0xE3C5, 0xE3C5, 0x28A0,
        0x28A0, 0xE3C5, 0xE3C5, 0xE3C5, 0xE3C5, 0xE3C5, 0xE3C5, 0xE3C5, 0xE3C5, 0xE3C5, 0xE3C5, 0xE3C5, 0xE3C5, 0xE3C5, 0xE3C5, 0x28A0,
        0x28A0, 0x28A0, 0xE3C5, 0xE3C5, 0xE3C5, 0xE3C5, 0xE3C5, 0x0000, 0x0000, 0xE3C5, 0xE3C5, 0xE3C5, 0xE3C5, 0xE3C5, 0x28A0, 0x28A0,
        0x0021, 0x28A0, 0xE3C5, 0xE3C5, 0xE3C5, 0xE3C5, 0xE3C5, 0x0000, 0x0000, 0xE3C5, 0xE3C5, 0xE3C5, 0xE3C5, 0xE3C5, 0x28A0, 0x0021,
        0x0021, 0x28A0, 0x28A0, 0xE3C5, 0xE3C5, 0xE3C5, 0xE3C5, 0xE3C5, 0xE3C5, 0xE3C5, 0xE3C5, 0xE3C5, 0xE3C5, 0x28A0, 0x28A0, 0x0021,
        0x0021, 0x0021, 0x28A0, 0x28A0, 0xE3C5, 0x0000, 0x0000, 0x0000, 0x0000, 0x0000, 0x0000, 0xE3C5, 0x28A0, 0x28A0, 0x0021, 0x0021,
        0x0021, 0x0021, 0x0021, 0x28A0, 0xE3C5, 0x0000, 0xE3C5, 0x0000, 0xE3C5, 0x0000, 0xE3C5, 0xE3C5, 0x28A0, 0x0021, 0x0021, 0x0021,
        0x0021, 0x0021, 0x0021, 0x28A0, 0x28A0, 0xE3C5, 0x0000, 0xE3C5, 0x0000, 0xE3C5, 0x0000, 0x28A0, 0x28A0, 0x0021, 0x0021, 0x0021,
        0x0021, 0x0021, 0x0021, 0x0021, 0x28A0, 0x28A0, 0x28A0, 0x28A0, 0x28A0, 0x28A0, 0x28A0, 0x28A0, 0x0021, 0x0021, 0x0021, 0x0021,
    },
    {
        0x0021, 0x0021, 0x0021, 0x28A0, 0x28A0, 0x28A0, 0x28A0, 0x28A0, 0x28A0, 0x28A0, 0x28A0, 0x28A0, 0x28A0, 0x0021, 0x0021, 0x0021,
        0x0021, 0x28A0, 0x28A0, 0x28A0, 0xFE53, 0xFE53, 0xFE53, 0xFE53, 0xFE53, 0xFE53, 0xFE53, 0xFE53, 0x28A0, 0x28A0, 0x28A0, 0x0021,
        0x28A0, 0x28A0, 0xFE53, 0xFE53, 0xE405, 0xE405, 0xE405, 0xE405, 0xE405, 0xE405, 0xE405, 0xE405, 0xFE53, 0xFE53, 0x28A0, 0x28A0,
        0x28A0, 0xFE53, 0xE405, 0xE405, 0xE405, 0xE405, 0xE405, 0xE405, 0xE405, 0xE405, 0xE405, 0xE405, 0xE405, 0xE405, 0xFE53, 0x28A0,
        0x28A0, 0xE405, 0xE405, 0xE405, 0xE405, 0xE405, 0xE405, 0xE405, 0xE405, 0xE405, 0xE405, 0xE405, 0xE405, 0xE405, 0xE405, 0x28A0,
        0x28A0, 0xE405, 0xE405, 0x0000, 0x0000, 0x0000, 0xE405, 0xE405, 0xE405, 0xE405, 0x0000, 0x0000, 0x0000, 0xE405, 0xE405, 0x28A0,
        0x28A0, 0xE405, 0xE405, 0x0000, 0x0000, 0x0000, 0xE405, 0xE405, 0xE405, 0xE405, 0x0000, 0x0000, 0x0000, 0xE405, 0xE405, 0x28A0,
        0x28A0, 0xE405, 0xE405, 0xE405, 0x0000, 0x0000, 0xE405, 0xE405, 0xE405, 0xE405, 0x0000, 0x0000, 0xE405, 0xE405, 0xE405, 0x28A0,
        0x28A0, 0xE405, 0xE405, 0xE405, 0xE405, 0xE405, 0xE405, 0xE405, 0xE405, 0xE405, 0xE405, 0xE405, 0xE405, 0xE405, 0xE405, 0x28A0,
        0x28A0, 0x28A0, 0xE405, 0xE405, 0xE405, 0xE405, 0xE405, 0x0000, 0x0000, 0xE405, 0xE405, 0xE405, 0xE405, 0xE405, 0x28A0, 0x28A0,
        0x0021, 0x28A0, 0xE405, 0xE405, 0xE405, 0xE405, 0xE405, 0x0000, 0x0000, 0xE405, 0xE405, 0xE405, 0xE405, 0xE405, 0x28A0, 0x0021,
        0x0021, 0x28A0, 0x28A0, 0xE405, 0xE405, 0xE405, 0xE405, 0xE405, 0xE405, 0xE405, 0xE405, 0xE405, 0xE405, 0x28A0, 0x28A0, 0x0021,
        0x0021, 0x0021, 0x28A0, 0x28A0, 0xE405, 0x0000, 0x0000, 0x0000, 0x0000, 0x0000, 0x0000, 0xE405, 0x28A0, 0x28A0, 0x0021, 0x0021,
        0x0021, 0x0021, 0x0021, 0x28A0, 0xE405, 0x0000, 0xE405, 0x0000, 0xE405, 0x0000, 0xE405, 0xE405, 0x28A0, 0x0021, 0x0021, 0x0021,
        0x0021, 0x0021, 0x0021, 0x28A0, 0x28A0, 0xE405, 0x0000, 0xE405, 0x0000, 0xE405, 0x0000, 0x28A0, 0x28A0, 0x0021, 0x0021, 0x0021,
        0x0021, 0x0021, 0x0021, 0x0021, 0x28A0, 0x28A0, 0x28A0, 0x28A0, 0x28A0, 0x28A0, 0x28A0, 0x28A0, 0x0021, 0x0021, 0x0021, 0x0021,
    },
    {
        0x0021, 0x0021, 0x0021, 0x28C0, 0x28C0, 0x28C0, 0x28C0, 0x28C0, 0x28C0, 0x28C0, 0x28C0, 0x28C0, 0x28C0, 0x0021, 0x0021, 0x0021,
        0x0021, 0x28C0, 0x28C0, 0x28C0, 0xFE73, 0xFE73, 0xFE73, 0xFE73, 0xFE73, 0xFE73, 0xFE73, 0xFE73, 0x28C0, 0x28C0, 0x28C0, 0x0021,
        0x28C0, 0x28C0, 0xFE73, 0xFE73, 0xE445, 0xE445, 0xE445, 0xE445, 0xE445, 0xE445, 0xE445, 0xE445, 0xFE73, 0xFE73, 0x28C0, 0x28C0,
        0x28C0, 0xFE73, 0xE445, 0xE445, 0xE445, 0xE445, 0xE445, 0xE445, 0xE445, 0xE445, 0xE445, 0xE445, 0xE445, 0xE445, 0xFE73, 0x28C0,
        0x28C0, 0xE445, 0xE445, 0xE445, 0xE445, 0xE445, 0xE445, 0xE445, 0xE445, 0xE445, 0xE445, 0xE445, 0xE445, 0xE445, 0xE445, 0x28C0,
        0x28C0, 0xE445, 0xE445, 0x0000, 0x0000, 0x0000, 0xE445, 0xE445, 0xE445, 0xE445, 0x0000, 0x0000, 0x0000, 0xE445, 0xE445, 0x28C0,
        0x28C0, 0xE445, 0xE445, 0x0000, 0x0000, 0x0000, 0xE445, 0xE445, 0xE445, 0xE445, 0x0000, 0x0000, 0x0000, 0xE445, 0xE445, 0x28C0,
        0x28C0, 0xE445, 0xE445, 0xE445, 0x0000, 0x0000, 0xE445, 0xE445, 0xE445, 0xE445, 0x0000, 0x0000, 0xE445, 0xE445, 0xE445, 0x28C0,
        0x28C0, 0xE445, 0xE445, 0xE445, 0xE445, 0xE445, 0xE445, 0xE445, 0xE445, 0xE445, 0xE445, 0xE445, 0xE445, 0xE445, 0xE445, 0x28C0,
        0x28C0, 0x28C0, 0xE445, 0xE445, 0xE445, 0xE445, 0xE445, 0x0000, 0x0000, 0xE445, 0xE445, 0xE445, 0xE445, 0xE445, 0x28C0, 0x28C0,
        0x0021, 0x28C0, 0xE445, 0xE445, 0xE445, 0xE445, 0xE445, 0x0000, 0x0000, 0xE445, 0xE445, 0xE445, 0xE445, 0xE445, 0x28C0, 0x0021,
        0x0021, 0x28C0, 0x28C0, 0xE445, 0xE445, 0xE445, 0xE445, 0xE445, 0xE445, 0xE445, 0xE445, 0xE445, 0xE445, 0x28C0, 0x28C0, 0x0021,
        0x0021, 0x0021, 0x28C0, 0x28C0, 0xE445, 0x0000, 0x0000, 0x0000, 0x0000, 0x0000, 0x0000, 0xE445, 0x28C0, 0x28C0, 0x0021, 0x0021,
        0x0021, 0x0021, 0x0021, 0x28C0, 0xE445, 0x0000, 0xE445, 0x0000, 0xE445, 0x0000, 0xE445, 0xE445, 0x28C0, 0x0021, 0x0021, 0x0021,
        0x0021, 0x0021, 0x0021, 0x28C0, 0x28C0, 0xE445, 0x0000, 0xE445, 0x0000, 0xE445, 0x0000, 0x28C0, 0x28C0, 0x0021, 0x0021, 0x0021,
        0x0021, 0x0021, 0x0021, 0x0021, 0x28C0, 0x28C0, 0x28C0, 0x28C0, 0x28C0, 0x28C0, 0x28C0, 0x28C0, 0x0021, 0x0021, 0x0021, 0x0021,
    },
    {
        0x0021, 0x0021, 0x0021, 0x28C0, 0x28C0, 0x28C0, 0x28C0, 0x28C0, 0x28C0, 0x28C0, 0x28C0, 0x28C0, 0x28C0, 0x0021, 0x0021, 0x0021,
        0x0021, 0x28C0, 0x28C0, 0x28C0, 0xFE93, 0xFE93, 0xFE93, 0xFE93, 0xFE93, 0xFE93, 0xFE93, 0xFE93, 0x28C0, 0x28C0, 0x28C0, 0x0021,
        0x28C0, 0x28C0, 0xFE93, 0xFE93, 0xE4A5, 0xE4A5, 0xE4A5, 0xE4A5, 0xE4A5, 0xE4A5, 0xE4A5, 0xE4A5, 0xFE93, 0xFE93, 0x28C0, 0x28C0,
        0x28C0, 0xFE93, 0xE4A5, 0xE4A5, 0xE4A5, 0xE4A5, 0xE4A5, 0xE4A5, 0xE4A5, 0xE4A5, 0xE4A5, 0xE4A5, 0xE4A5, 0xE4A5, 0xFE93, 0x28C0,
        0x28C0, 0xE4A5, 0xE4A5, 0xE4A5, 0xE4A5, 0xE4A5, 0xE4A5, 0xE4A5, 0xE4A5, 0xE4A5, 0xE4A5, 0xE4A5, 0xE4A5, 0xE4A5, 0xE4A5, 0x28C0,
        0x28C0, 0xE4A5, 0xE4A5, 0x0000, 0x0000, 0x0000, 0xE4A5, 0xE4A5, 0xE4A5, 0xE4A5, 0x0000, 0x0000, 0x0000, 0xE4A5, 0xE4A5, 0x28C0,
        0x28C0, 0xE4A5, 0xE4A5, 0x0000, 0x0000, 0x0000, 0xE4A5, 0xE4A5, 0xE4A5, 0xE4A5, 0x0000, 0x0000, 0x0000, 0xE4A5, 0xE4A5, 0x28C0,
        0x28C0, 0xE4A5, 0xE4A5, 0xE4A5, 0x0000, 0x0000, 0xE4A5, 0xE4A5, 0xE4A5, 0xE4A5, 0x0000, 0x0000, 0xE4A5, 0xE4A5, 0xE4A5, 0x28C0,
        0x28C0, 0xE4A5, 0xE4A5, 0xE4A5, 0xE4A5, 0xE4A5, 0xE4A5, 0xE4A5, 0xE4A5, 0xE4A5, 0xE4A5, 0xE4A5, 0xE4A5, 0xE4A5, 0xE4A5, 0x28C0,
        0x28C0, 0x28C0, 0xE4A5, 0xE4A5, 0xE4A5, 0xE4A5, 0xE4A5, 0x0000, 0x0000, 0xE4A5, 0xE4A5, 0xE4A5, 0xE4A5, 0xE4A5, 0x28C0, 0x28C0,
        0x0021, 0x28C0, 0xE4A5, 0xE4A5, 0xE4A5, 0xE4A5, 0xE4A5, 0x0000, 0x0000, 0xE4A5, 0xE4A5, 0xE4A5, 0xE4A5, 0xE4A5, 0x28C0, 0x0021,
        0x0021, 0x28C0, 0x28C0, 0xE4A5, 0xE4A5, 0xE4A5, 0xE4A5, 0xE4A5, 0xE4A5, 0xE4A5, 0xE4A5, 0xE4A5, 0xE4A5, 0x28C0, 0x28C0, 0x0021,
        0x0021, 0x0021, 0x28C0, 0x28C0, 0xE4A5, 0x0000, 0x0000, 0x0000, 0x0000, 0x0000, 0x0000, 0xE4A5, 0x28C0, 0x28C0, 0x0021, 0x0021,
        0x0021, 0x0021, 0x0021, 0x28C0, 0xE4A5, 0x0000, 0xE4A5, 0x0000, 0xE4A5, 0x0000, 0xE4A5, 0xE4A5, 0x28C0, 0x0021, 0x0021, 0x0021,
        0x0021, 0x0021, 0x0021, 0x28C0, 0x28C0, 0xE4A5, 0x0000, 0xE4A5, 0x0000, 0xE4A5, 0x0000, 0x28C0, 0x28C0, 0x0021, 0x0021, 0x0021,
        0x0021, 0x0021, 0x0021, 0x0021, 0x28C0, 0x28C0, 0x28C0, 0x28C0, 0x28C0, 0x28C0, 0x28C0, 0x28C0, 0x0021, 0x0021, 0x0021, 0x0021,
    },
    {
        0x0021, 0x0021, 0x0021, 0x28E0, 0x28E0, 0x28E0, 0x28E0, 0x28E0, 0x28E0, 0x28E0, 0x28E0, 0x28E0, 0x28E0, 0x0021, 0x0021, 0x0021,
        0x0021, 0x28E0, 0x28E0, 0x28E0, 0xFED3, 0xFED3, 0xFED3, 0xFED3, 0xFED3, 0xFED3, 0xFED3, 0xFED3, 0x28E0, 0x28E0, 0x28E0, 0x0021,
        0x28E0, 0x28E0, 0xFED3, 0xFED3, 0xE4E5, 0xE4E5, 0xE4E5, 0xE4E5, 0xE4E5, 0xE4E5, 0xE4E5, 0xE4E5, 0xFED3, 0xFED3, 0x28E0, 0x28E0,
        0x28E0, 0xFED3, 0xE4E5, 0xE4E5, 0xE4E5, 0xE4E5, 0xE4E5, 0xE4E5, 0xE4E5, 0xE4E5, 0xE4E5, 0xE4E5, 0xE4E5, 0xE4E5, 0xFED3, 0x28E0,
        0x28E0, 0xE4E5, 0xE4E5, 0xE4E5, 0xE4E5, 0xE4E5, 0xE4E5, 0xE4E5, 0xE4E5, 0xE4E5, 0xE4E5, 0xE4E5, 0xE4E5, 0xE4E5, 0xE4E5, 0x28E0,
        0x28E0, 0xE4E5, 0xE4E5, 0x0000, 0x0000, 0x0000, 0xE4E5, 0xE4E5, 0xE4E5, 0xE4E5, 0x0000, 0x0000, 0x0000, 0xE4E5, 0xE4E5, 0x28E0,
        0x28E0, 0xE4E5, 0xE4E5, 0x0000, 0x0000, 0x0000, 0xE4E5, 0xE4E5, 0xE4E5, 0xE4E5, 0x0000, 0x0000, 0x0000, 0xE4E5, 0xE4E5, 0x28E0,
        0x28E0, 0xE4E5, 0xE4E5, 0xE4E5, 0x0000, 0x0000, 0xE4E5, 0xE4E5, 0xE4E5, 0xE4E5, 0x0000, 0x0000, 0xE4E5, 0xE4E5, 0xE4E5, 0x28E0,
        0x28E0, 0xE4E5, 0xE4E5, 0xE4E5, 0xE4E5, 0xE4E5, 0xE4E5, 0xE4E5, 0xE4E5, 0xE4E5, 0xE4E5, 0xE4E5, 0xE4E5, 0xE4E5, 0xE4E5, 0x28E0,
        0x28E0, 0x28E0, 0xE4E5, 0xE4E5, 0xE4E5, 0xE4E5, 0xE4E5, 0x0000, 0x0000, 0xE4E5, 0xE4E5, 0xE4E5, 0xE4E5, 0xE4E5, 0x28E0, 0x28E0,
        0x0021, 0x28E0, 0xE4E5, 0xE4E5, 0xE4E5, 0xE4E5, 0xE4E5, 0x0000, 0x0000, 0xE4E5, 0xE4E5, 0xE4E5, 0xE4E5, 0xE4E5, 0x28E0, 0x0021,
        0x0021, 0x28E0, 0x28E0, 0xE4E5, 0xE4E5, 0xE4E5, 0xE4E5, 0xE4E5, 0xE4E5, 0xE4E5, 0xE4E5, 0xE4E5, 0xE4E5, 0x28E0, 0x28E0, 0x0021,
        0x0021, 0x0021, 0x28E0, 0x28E0, 0xE4E5, 0x0000, 0x0000, 0x0000, 0x0000, 0x0000, 0x0000, 0xE4E5, 0x28E0, 0x28E0, 0x0021, 0x0021,
        0x0021, 0x0021, 0x0021, 0x28E0, 0xE4E5, 0x0000, 0xE4E5, 0x0000, 0xE4E5, 0x0000, 0xE4E5, 0xE4E5, 0x28E0, 0x0021, 0x0021, 0x0021,
        0x0021, 0x0021, 0x0021, 0x28E0, 0x28E0, 0xE4E5, 0x0000, 0xE4E5, 0x0000, 0xE4E5, 0x0000, 0x28E0, 0x28E0, 0x0021, 0x0021, 0x0021,
        0x0021, 0x0021, 0x0021, 0x0021, 0x28E0, 0x28E0, 0x28E0, 0x28E0, 0x28E0, 0x28E0, 0x28E0, 0x28E0, 0x0021, 0x0021, 0x0021, 0x0021,
    },
    {
        0x0021, 0x0021, 0x0021, 0x28E0, 0x28E0, 0x28E0, 0x28E0, 0x28E0, 0x28E0, 0x28E0, 0x28E0, 0x28E0, 0x28E0, 0x0021, 0x0021, 0x0021,
        0x0021, 0x28E0, 0x28E0, 0x28E0, 0xFEF3, 0xFEF3, 0xFEF3, 0xFEF3, 0xFEF3, 0xFEF3, 0xFEF3, 0xFEF3, 0x28E0, 0x28E0, 0x28E0, 0x0021,
        0x28E0, 0x28E0, 0xFEF3, 0xFEF3, 0xE525, 0xE525, 0xE525, 0xE525, 0xE525, 0xE525, 0xE525, 0xE525, 0xFEF3, 0xFEF3, 0x28E0, 0x28E0,
        0x28E0, 0xFEF3, 0xE525, 0xE525, 0xE525, 0xE525, 0xE525, 0xE525, 0xE525, 0xE525, 0xE525, 0xE525, 0xE525, 0xE525, 0xFEF3, 0x28E0,
        0x28E0, 0xE525, 0xE525, 0xE525, 0xE525, 0xE525, 0xE525, 0xE525, 0xE525, 0xE525, 0xE525, 0xE525, 0xE525, 0xE525, 0xE525, 0x28E0,
        0x28E0, 0xE525, 0xE525, 0x0000, 0x0000, 0x0000, 0xE525, 0xE525, 0xE525, 0xE525, 0x0000, 0x0000, 0x0000, 0xE525, 0xE525, 0x28E0,
        0x28E0, 0xE525, 0xE525, 0x0000, 0x0000, 0x0000, 0xE525, 0xE525, 0xE525, 0xE525, 0x0000, 0x0000, 0x0000, 0xE525, 0xE525, 0x28E0,
        0x28E0, 0xE525, 0xE525, 0xE525, 0x0000, 0x0000, 0xE525, 0xE525, 0xE525, 0xE525, 0x0000, 0x0000, 0xE525, 0xE525, 0xE525, 0x28E0,
        0x28E0, 0xE525, 0xE525, 0xE525, 0xE525, 0xE525, 0xE525, 0xE525, 0xE525, 0xE525, 0xE525, 0xE525, 0xE525, 0xE525, 0xE525, 0x28E0,
        0x28E0, 0x28E0, 0xE525, 0xE525, 0xE525, 0xE525, 0xE525, 0x0000, 0x0000, 0xE525, 0xE525, 0xE525, 0xE525, 0xE525, 0x28E0, 0x28E0,
        0x0021, 0x28E0, 0xE525, 0xE525, 0xE525, 0xE525, 0xE525, 0x0000, 0x0000, 0xE525, 0xE525, 0xE525, 0xE525, 0xE525, 0x28E0, 0x0021,
        0x0021, 0x28E0, 0x28E0, 0xE525, 0xE525, 0xE525, 0xE525, 0xE525, 0xE525, 0xE525, 0xE525, 0xE525, 0xE525, 0x28E0, 0x28E0, 0x0021,
        0x0021, 0x0021, 0x28E0, 0x28E0, 0xE525, 0x0000, 0x0000, 0x0000, 0x0000, 0x0000, 0x0000, 0xE525, 0x28E0, 0x28E0, 0x0021, 0x0021,
        0x0021, 0x0021, 0x0021, 0x28E0, 0xE525, 0x0000, 0xE525, 0x0000, 0xE525, 0x0000, 0xE525, 0xE525, 0x28E0, 0x0021, 0x0021, 0x0021,
        0x0021, 0x0021, 0x0021, 0x28E0, 0x28E0, 0xE525, 0x0000, 0xE525, 0x0000, 0xE525, 0x0000, 0x28E0, 0x28E0, 0x0021, 0x0021, 0x0021,
        0x0021, 0x0021, 0x0021, 0x0021, 0x28E0, 0x28E0, 0x28E0, 0x28E0, 0x28E0, 0x28E0, 0x28E0, 0x28E0, 0x0021, 0x0021, 0x0021, 0x0021,
    },
    {
        0x0021, 0x0021, 0x0021, 0x2900, 0x2900, 0x2900, 0x2900, 0x2900, 0x2900, 0x2900, 0x2900, 0x2900, 0x2900, 0x0021, 0x0021, 0x0021,
        0x0021, 0x2900, 0x2900, 0x2900, 0xFF13, 0xFF13, 0xFF13, 0xFF13, 0xFF13, 0xFF13, 0xFF13, 0xFF13, 0x2900, 0x2900, 0x2900, 0x0021,
        0x2900, 0x2900, 0xFF13, 0xFF13, 0xE565, 0xE565, 0xE565, 0xE565, 0xE565, 0xE565, 0xE565, 0xE565, 0xFF13, 0xFF13, 0x2900, 0x2900,
        0x2900, 0xFF13, 0xE565, 0xE565, 0xE565, 0xE565, 0xE565, 0xE565, 0xE565, 0xE565, 0xE565, 0xE565, 0xE565, 0xE565, 0xFF13, 0x2900,
        0x2900, 0xE565, 0xE565, 0xE565, 0xE565, 0xE565, 0xE565, 0xE565, 0xE565, 0xE565, 0xE565, 0xE565, 0xE565, 0xE565, 0xE565, 0x2900,
        0x2900, 0xE565, 0xE565, 0x0000, 0x0000, 0x0000, 0xE565, 0xE565, 0xE565, 0xE565, 0x0000, 0x0000, 0x0000, 0xE565, 0xE565, 0x2900,
        0x2900, 0xE565, 0xE565, 0x0000, 0x0000, 0x0000, 0xE565, 0xE565, 0xE565, 0xE565, 0x0000, 0x0000, 0x0000, 0xE565, 0xE565, 0x2900,
        0x2900, 0xE565, 0xE565, 0xE565, 0x0000, 0x0000, 0xE565, 0xE565, 0xE565, 0xE565, 0x0000, 0x0000, 0xE565, 0xE565, 0xE565, 0x2900,
        0x2900, 0xE565, 0xE565, 0xE565, 0xE565, 0xE565, 0xE565, 0xE565, 0xE565, 0xE565, 0xE565, 0xE565, 0xE565, 0xE565, 0xE565, 0x2900,
        0x2900, 0x2900, 0xE565, 0xE565, 0xE565, 0xE565, 0xE565, 0x0000, 0x0000, 0xE565, 0xE565, 0xE565, 0xE565, 0xE565, 0x2900, 0x2900,
        0x0021, 0x2900, 0xE565, 0xE565, 0xE565, 0xE565, 0xE565, 0x0000, 0x0000, 0xE565, 0xE565, 0xE565, 0xE565, 0xE565, 0x2900, 0x0021,
        0x0021, 0x2900, 0x2900, 0xE565, 0xE565, 0xE565, 0xE565, 0xE565, 0xE565, 0xE565, 0xE565, 0xE565, 0xE565, 0x2900, 0x2900, 0x0021,
        0x0021, 0x0021, 0x2900, 0x2900, 0xE565, 0x0000, 0x0000, 0x0000, 0x0000, 0x0000, 0x0000, 0xE565, 0x2900, 0x2900, 0x0021, 0x0021,
        0x0021, 0x0021, 0x0021, 0x2900, 0xE565, 0x0000, 0xE565, 0x0000, 0xE565, 0x0000, 0xE565, 0xE565, 0x2900, 0x0021, 0x0021, 0x0021,
        0x0021, 0x0021, 0x0021, 0x2900, 0x2900, 0xE565, 0x0000, 0xE565, 0x0000, 0xE565, 0x0000, 0x2900, 0x2900, 0x0021, 0x0021, 0x0021,
        0x0021, 0x0021, 0x0021, 0x0021, 0x2900, 0x2900, 0x2900, 0x2900, 0x2900, 0x2900, 0x2900, 0x2900, 0x0021, 0x0021, 0x0021, 0x0021,
    },
    {
        0x0021, 0x0021, 0x0021, 0x2900, 0x2900, 0x2900, 0x2900, 0x2900, 0x2900, 0x2900, 0x2900, 0x2900, 0x2900, 0x0021, 0x0021, 0x0021,
        0x0021, 0x2900, 0x2900, 0x2900, 0xFF33, 0xFF33, 0xFF33, 0xFF33, 0xFF33, 0xFF33, 0xFF33, 0xFF33, 0x2900, 0x2900, 0x2900, 0x0021,
        0x2900, 0x2900, 0xFF33, 0xFF33, 0xE5A5, 0xE5A5, 0xE5A5, 0xE5A5, 0xE5A5, 0xE5A5, 0xE5A5, 0xE5A5, 0xFF33, 0xFF33, 0x2900, 0x2900,
        0x2900, 0xFF33, 0xE5A5, 0xE5A5, 0xE5A5, 0xE5A5, 0xE5A5, 0xE5A5, 0xE5A5, 0xE5A5, 0xE5A5, 0xE5A5, 0xE5A5, 0xE5A5, 0xFF33, 0x2900,
        0x2900, 0xE5A5, 0xE5A5, 0xE5A5, 0xE5A5, 0xE5A5, 0xE5A5, 0xE5A5, 0xE5A5, 0xE5A5, 0xE5A5, 0xE5A5, 0xE5A5, 0xE5A5, 0xE5A5, 0x2900,
        0x2900, 0xE5A5, 0xE5A5, 0x0000, 0x0000, 0x0000, 0xE5A5, 0xE5A5, 0xE5A5, 0xE5A5, 0x0000, 0x0000, 0x0000, 0xE5A5, 0xE5A5, 0x2900,
        0x2900, 0xE5A5, 0xE5A5, 0x0000, 0x0000, 0x0000, 0xE5A5, 0xE5A5, 0xE5A5, 0xE5A5, 0x0000, 0x0000, 0x0000, 0xE5A5, 0xE5A5, 0x2900,
        0x2900, 0xE5A5, 0xE5A5, 0xE5A5, 0x0000, 0x0000, 0xE5A5, 0xE5A5, 0xE5A5, 0xE5A5, 0x0000, 0x0000, 0xE5A5, 0xE5A5, 0xE5A5, 0x2900,
        0x2900, 0xE5A5, 0xE5A5, 0xE5A5, 0xE5A5, 0xE5A5, 0xE5A5, 0xE5A5, 0xE5A5, 0xE5A5, 0xE5A5, 0xE5A5, 0xE5A5, 0xE5A5, 0xE5A5, 0x2900,
        0x2900, 0x2900, 0xE5A5, 0xE5A5, 0xE5A5, 0xE5A5, 0xE5A5, 0x0000, 0x0000, 0xE5A5, 0xE5A5, 0xE5A5, 0xE5A5, 0xE5A5, 0x2900, 0x2900,
        0x0021, 0x2900, 0xE5A5, 0xE5A5, 0xE5A5, 0xE5A5, 0xE5A5, 0x0000, 0x0000, 0xE5A5, 0xE5A5, 0xE5A5, 0xE5A5, 0xE5A5, 0x2900, 0x0021,
        0x0021, 0x2900, 0x2900, 0xE5A5, 0xE5A5, 0xE5A5, 0xE5A5, 0xE5A5, 0xE5A5, 0xE5A5, 0xE5A5, 0xE5A5, 0xE5A5, 0x2900, 0x2900, 0x0021,
        0x0021, 0x0021, 0x2900, 0x2900, 0xE5A5, 0x0000, 0x0000, 0x0000, 0x0000, 0x0000, 0x0000, 0xE5A5, 0x2900, 0x2900, 0x0021, 0x0021,
        0x0021, 0x0021, 0x0021, 0x2900, 0xE5A5, 0x0000, 0xE5A5, 0x0000, 0xE5A5, 0x0000, 0xE5A5, 0xE5A5, 0x2900, 0x0021, 0x0021, 0x0021,
        0x0021, 0x0021, 0x0021, 0x2900, 0x2900, 0xE5A5, 0x0000, 0xE5A5, 0x0000, 0xE5A5, 0x0000, 0x2900, 0x2900, 0x0021, 0x0021, 0x0021,
        0x0021, 0x0021, 0x0021, 0x0021, 0x2900, 0x2900, 0x2900, 0x2900, 0x2900, 0x2900, 0x2900, 0x2900, 0x0021, 0x0021, 0x0021, 0x0021,
    },
    {
        0x0021, 0x0021, 0x0021, 0x2920, 0x2920, 0x2920, 0x2920, 0x2920, 0x2920, 0x2920, 0x2920, 0x2920, 0x2920, 0x0021, 0x0021, 0x0021,
        0x0021, 0x2920, 0x2920, 0x2920, 0xFF73, 0xFF73, 0xFF73, 0xFF73, 0xFF73, 0xFF73, 0xFF73, 0xFF73, 0x2920, 0x2920, 0x2920, 0x0021,
        0x2920, 0x2920, 0xFF73, 0xFF73, 0xE5E5, 0xE5E5, 0xE5E5, 0xE5E5, 0xE5E5, 0xE5E5, 0xE5E5, 0xE5E5, 0xFF73, 0xFF73, 0x2920, 0x2920,
        0x2920, 0xFF73, 0xE5E5, 0xE5E5, 0xE5E5, 0xE5E5, 0xE5E5, 0xE5E5, 0xE5E5, 0xE5E5, 0xE5E5, 0xE5E5, 0xE5E5, 0xE5E5, 0xFF73, 0x2920,
        0x2920, 0xE5E5, 0xE5E5, 0xE5E5, 0xE5E5, 0xE5E5, 0xE5E5, 0xE5E5, 0xE5E5, 0xE5E5, 0xE5E5, 0xE5E5, 0xE5E5, 0xE5E5, 0xE5E5, 0x2920,
        0x2920, 0xE5E5, 0xE5E5, 0x0000, 0x0000, 0x0000, 0xE5E5, 0xE5E5, 0xE5E5, 0xE5E5, 0x0000, 0x0000, 0x0000, 0xE5E5, 0xE5E5, 0x2920,
        0x2920, 0xE5E5, 0xE5E5, 0x0000, 0x0000, 0x0000, 0xE5E5, 0xE5E5, 0xE5E5, 0xE5E5, 0x0000, 0x0000, 0x0000, 0xE5E5, 0xE5E5, 0x2920,
        0x2920, 0xE5E5, 0xE5E5, 0xE5E5, 0x0000, 0x0000, 0xE5E5, 0xE5E5, 0xE5E5, 0xE5E5, 0x0000, 0x0000, 0xE5E5, 0xE5E5, 0xE5E5, 0x2920,
        0x2920, 0xE5E5, 0xE5E5, 0xE5E5, 0xE5E5, 0xE5E5, 0xE5E5, 0xE5E5, 0xE5E5, 0xE5E5, 0xE5E5, 0xE5E5, 0xE5E5, 0xE5E5, 0xE5E5, 0x2920,
        0x2920, 0x2920, 0xE5E5, 0xE5E5, 0xE5E5, 0xE5E5, 0xE5E5, 0x0000, 0x0000, 0xE5E5, 0xE5E5, 0xE5E5, 0xE5E5, 0xE5E5, 0x2920, 0x2920,
        0x0021, 0x2920, 0xE5E5, 0xE5E5, 0xE5E5, 0xE5E5, 0xE5E5, 0x0000, 0x0000, 0xE5E5, 0xE5E5, 0xE5E5, 0xE5E5, 0xE5E5, 0x2920, 0x0021,
        0x0021, 0x2920, 0x2920, 0xE5E5, 0xE5E5, 0xE5E5, 0xE5E5, 0xE5E5, 0xE5E5, 0xE5E5, 0xE5E5, 0xE5E5, 0xE5E5, 0x2920, 0x2920, 0x0021,
        0x0021, 0x0021, 0x2920, 0x2920, 0xE5E5, 0x0000, 0x0000, 0x0000, 0x0000, 0x0000, 0x0000, 0xE5E5, 0x2920, 0x2920, 0x0021, 0x0021,
        0x0021, 0x0021, 0x0021, 0x2920, 0xE5E5, 0x0000, 0xE5E5, 0x0000, 0xE5E5, 0x0000, 0xE5E5, 0xE5E5, 0x2920, 0x0021, 0x0021, 0x0021,
        0x0021, 0x0021, 0x0021, 0x2920, 0x2920, 0xE5E5, 0x0000, 0xE5E5, 0x0000, 0xE5E5, 0x0000, 0x2920, 0x2920, 0x0021, 0x0021, 0x0021,
        0x0021, 0x0021, 0x0021, 0x0021, 0x2920, 0x2920, 0x2920, 0x2920, 0x2920, 0x2920, 0x2920, 0x2920, 0x0021, 0x0021, 0x0021, 0x0021,
    },
    {
        0x0021, 0x0021, 0x0021, 0x2920, 0x2920, 0x2920, 0x2920, 0x2920, 0x2920, 0x2920, 0x2920, 0x2920, 0x2920, 0x0021, 0x0021, 0x0021,
        0x0021, 0x2920, 0x2920, 0x2920, 0xFF93, 0xFF93, 0xFF93, 0xFF93, 0xFF93, 0xFF93, 0xFF93, 0xFF93, 0x2920, 0x2920, 0x2920, 0x0021,
        0x2920, 0x2920, 0xFF93, 0xFF93, 0xE625, 0xE625, 0xE625, 0xE625, 0xE625, 0xE625, 0xE625, 0xE625, 0xFF93, 0xFF93, 0x2920, 0x2920,
        0x2920, 0xFF93, 0xE625, 0xE625, 0xE625, 0xE625, 0xE625, 0xE625, 0xE625, 0xE625, 0xE625, 0xE625, 0xE625, 0xE625, 0xFF93, 0x2920,
        0x2920, 0xE625, 0xE625, 0xE625, 0xE625, 0xE625, 0xE625, 0xE625, 0xE625, 0xE625, 0xE625, 0xE625, 0xE625, 0xE625, 0xE625, 0x2920,
        0x2920, 0xE625, 0xE625, 0x0000, 0x0000, 0x0000, 0xE625, 0xE625, 0xE625, 0xE625, 0x0000, 0x0000, 0x0000, 0xE625, 0xE625, 0x2920,
        0x2920, 0xE625, 0xE625, 0x0000, 0x0000, 0x0000, 0xE625, 0xE625, 0xE625, 0xE625, 0x0000, 0x0000, 0x0000, 0xE625, 0xE625, 0x2920,
        0x2920, 0xE625, 0xE625, 0xE625, 0x0000, 0x0000, 0xE625, 0xE625, 0xE625, 0xE625, 0x0000, 0x0000, 0xE625, 0xE625, 0xE625, 0x2920,
        0x2920, 0xE625, 0xE625, 0xE625, 0xE625, 0xE625, 0xE625, 0xE625, 0xE625, 0xE625, 0xE625, 0xE625, 0xE625, 0xE625, 0xE625, 0x2920,
        0x2920, 0x2920, 0xE625, 0xE625, 0xE625, 0xE625, 0xE625, 0x0000, 0x0000, 0xE625, 0xE625, 0xE625, 0xE625, 0xE625, 0x2920, 0x2920,
        0x0021, 0x2920, 0xE625, 0xE625, 0xE625, 0xE625, 0xE625, 0x0000, 0x0000, 0xE625, 0xE625, 0xE625, 0xE625, 0xE625, 0x2920, 0x0021,
        0x0021, 0x2920, 0x2920, 0xE625, 0xE625, 0xE625, 0xE625, 0xE625, 0xE625, 0xE625, 0xE625, 0xE625, 0xE625, 0x2920, 0x2920, 0x0021,
        0x0021, 0x0021, 0x2920, 0x2920, 0xE625, 0x0000, 0x0000, 0x0000, 0x0000, 0x0000, 0x0000, 0xE625, 0x2920, 0x2920, 0x0021, 0x0021,
        0x0021, 0x0021, 0x0021, 0x2920, 0xE625, 0x0000, 0xE625, 0x0000, 0xE625, 0x0000, 0xE625, 0xE625, 0x2920, 0x0021, 0x0021, 0x0021,
        0x0021, 0x0021, 0x0021, 0x2920, 0x2920, 0xE625, 0x0000, 0xE625, 0x0000, 0xE625, 0x0000, 0x2920, 0x2920, 0x0021, 0x0021, 0x0021,
        0x0021, 0x0021, 0x0021, 0x0021, 0x2920, 0x2920, 0x2920, 0x2920, 0x2920, 0x2920, 0x2920, 0x2920, 0x0021, 0x0021, 0x0021, 0x0021,
    },
    {
        0x0021, 0x0021, 0x0021, 0x2920, 0x2920, 0x2920, 0x2920, 0x2920, 0x2920, 0x2920, 0x2920, 0x2920, 0x2920, 0x0021, 0x0021, 0x0021,
        0x0021, 0x2920, 0x2920, 0x2920, 0xFFB3, 0xFFB3, 0xFFB3, 0xFFB3, 0xFFB3, 0xFFB3, 0xFFB3, 0xFFB3, 0x2920, 0x2920, 0x2920, 0x0021,
        0x2920, 0x2920, 0xFFB3, 0xFFB3, 0xE685, 0xE685, 0xE685, 0xE685, 0xE685, 0xE685, 0xE685, 0xE685, 0xFFB3, 0xFFB3, 0x2920, 0x2920,
        0x2920, 0xFFB3, 0xE685, 0xE685, 0xE685, 0xE685, 0xE685, 0xE685, 0xE685, 0xE685, 0xE685, 0xE685, 0xE685, 0xE685, 0xFFB3, 0x2920,
        0x2920, 0xE685, 0xE685, 0xE685, 0xE685, 0xE685, 0xE685, 0xE685, 0xE685, 0xE685, 0xE685, 0xE685, 0xE685, 0xE685, 0xE685, 0x2920,
        0x2920, 0xE685, 0xE685, 0x0000, 0x0000, 0x0000, 0xE685, 0xE685, 0xE685, 0xE685, 0x0000, 0x0000, 0x0000, 0xE685, 0xE685, 0x2920,
        0x2920, 0xE685, 0xE685, 0x0000, 0x0000, 0x0000, 0xE685, 0xE685, 0xE685, 0xE685, 0x0000, 0x0000, 0x0000, 0xE685, 0xE685, 0x2920,
        0x2920, 0xE685, 0xE685, 0xE685, 0x0000, 0x0000, 0xE685, 0xE685, 0xE685, 0xE685, 0x0000, 0x0000, 0xE685, 0xE685, 0xE685, 0x2920,
        0x2920, 0xE685, 0xE685, 0xE685, 0xE685, 0xE685, 0xE685, 0xE685, 0xE685, 0xE685, 0xE685, 0xE685, 0xE685, 0xE685, 0xE685, 0x2920,
        0x2920, 0x2920, 0xE685, 0xE685, 0xE685, 0xE685, 0xE685, 0x0000, 0x0000, 0xE685, 0xE685, 0xE685, 0xE685, 0xE685, 0x2920, 0x2920,
        0x0021, 0x2920, 0xE685, 0xE685, 0xE685, 0xE685, 0xE685, 0x0000, 0x0000, 0xE685, 0xE685, 0xE685, 0xE685, 0xE685, 0x2920, 0x0021,
        0x0021, 0x2920, 0x2920, 0xE685, 0xE685, 0xE685, 0xE685, 0xE685, 0xE685, 0xE685, 0xE685, 0xE685, 0xE685, 0x2920, 0x2920, 0x0021,
        0x0021, 0x0021, 0x2920, 0x2920, 0xE685, 0x0000, 0x0000, 0x0000, 0x0000, 0x0000, 0x0000, 0xE685, 0x2920, 0x2920, 0x0021, 0x0021,
        0x0021, 0x0021, 0x0021, 0x2920, 0xE685, 0x0000, 0xE685, 0x0000, 0xE685, 0x0000, 0xE685, 0xE685, 0x2920, 0x0021, 0x0021, 0x0021,
        0x0021, 0x0021, 0x0021, 0x2920, 0x2920, 0xE685, 0x0000, 0xE685, 0x0000, 0xE685, 0x0000, 0x2920, 0x2920, 0x0021, 0x0021, 0x0021,
        0x0021, 0x0021, 0x0021, 0x0021, 0x2920, 0x2920, 0x2920, 0x2920, 0x2920, 0x2920, 0x2920, 0x2920, 0x0021, 0x0021, 0x0021, 0x0021,
    },
    {
        0x0021, 0x0021, 0x0021, 0x2940, 0x2940, 0x2940, 0x2940, 0x2940, 0x2940, 0x2940, 0x2940, 0x2940, 0x2940, 0x0021, 0x0021, 0x0021,
        0x0021, 0x2940, 0x2940, 0x2940, 0xFFD3, 0xFFD3, 0xFFD3, 0xFFD3, 0xFFD3, 0xFFD3, 0xFFD3, 0xFFD3, 0x2940, 0x2940, 0x2940, 0x0021,
        0x2940, 0x2940, 0xFFD3, 0xFFD3, 0xE6C5, 0xE6C5, 0xE6C5, 0xE6C5, 0xE6C5, 0xE6C5, 0xE6C5, 0xE6C5, 0xFFD3, 0xFFD3, 0x2940, 0x2940,
        0x2940, 0xFFD3, 0xE6C5, 0xE6C5, 0xE6C5, 0xE6C5, 0xE6C5, 0xE6C5, 0xE6C5, 0xE6C5, 0xE6C5, 0xE6C5, 0xE6C5, 0xE6C5, 0xFFD3, 0x2940,
        0x2940, 0xE6C5, 0xE6C5, 0xE6C5, 0xE6C5, 0xE6C5, 0xE6C5, 0xE6C5, 0xE6C5, 0xE6C5, 0xE6C5, 0xE6C5, 0xE6C5, 0xE6C5, 0xE6C5, 0x2940,
        0x2940, 0xE6C5, 0xE6C5, 0x0000, 0x0000, 0x0000, 0xE6C5, 0xE6C5, 0xE6C5, 0xE6C5, 0x0000, 0x0000, 0x0000, 0xE6C5, 0xE6C5, 0x2940,
        0x2940, 0xE6C5, 0xE6C5, 0x0000, 0x0000, 0x0000, 0xE6C5, 0xE6C5, 0xE6C5, 0xE6C5, 0x0000, 0x0000, 0x0000, 0xE6C5, 0xE6C5, 0x2940,
        0x2940, 0xE6C5, 0xE6C5, 0xE6C5, 0x0000, 0x0000, 0xE6C5, 0xE6C5, 0xE6C5, 0xE6C5, 0x0000, 0x0000, 0xE6C5, 0xE6C5, 0xE6C5, 0x2940,
        0x2940, 0xE6C5, 0xE6C5, 0xE6C5, 0xE6C5, 0xE6C5, 0xE6C5, 0xE6C5, 0xE6C5, 0xE6C5, 0xE6C5, 0xE6C5, 0xE6C5, 0xE6C5, 0xE6C5, 0x2940,
        0x2940, 0x2940, 0xE6C5, 0xE6C5, 0xE6C5, 0xE6C5, 0xE6C5, 0x0000, 0x0000, 0xE6C5, 0xE6C5, 0xE6C5, 0xE6C5, 0xE6C5, 0x2940, 0x2940,
        0x0021, 0x2940, 0xE6C5, 0xE6C5, 0xE6C5, 0xE6C5, 0xE6C5, 0x0000, 0x0000, 0xE6C5, 0xE6C5, 0xE6C5, 0xE6C5, 0xE6C5, 0x2940, 0x0021,
        0x0021, 0x2940, 0x2940, 0xE6C5, 0xE6C5, 0xE6C5, 0xE6C5, 0xE6C5, 0xE6C5, 0xE6C5, 0xE6C5, 0xE6C5, 0xE6C5, 0x2940, 0x2940, 0x0021,
        0x0021, 0x0021, 0x2940, 0x2940, 0xE6C5, 0x0000, 0x0000, 0x0000, 0x0000, 0x0000, 0x0000, 0xE6C5, 0x2940, 0x2940, 0x0021, 0x0021,
        0x0021, 0x0021, 0x0021, 0x2940, 0xE6C5, 0x0000, 0xE6C5, 0x0000, 0xE6C5, 0x0000, 0xE6C5, 0xE6C5, 0x2940, 0x0021, 0x0021, 0x0021,
        0x0021, 0x0021, 0x0021, 0x2940, 0x2940, 0xE6C5, 0x0000, 0xE6C5, 0x0000, 0xE6C5, 0x0000, 0x2940, 0x2940, 0x0021, 0x0021, 0x0021,
        0x0021, 0x0021, 0x0021, 0x0021, 0x2940, 0x2940, 0x2940, 0x2940, 0x2940, 0x2940, 0x2940, 0x2940, 0x0021, 0x0021, 0x0021, 0x0021,
    },
    {
        0x0021, 0x0021, 0x0021, 0x2940, 0x2940, 0x2940, 0x2940, 0x2940, 0x2940, 0x2940, 0x2940, 0x2940, 0x2940, 0x0021, 0x0021, 0x0021,
        0x0021, 0x2940, 0x2940, 0x2940, 0xFFF3, 0xFFF3, 0xFFF3, 0xFFF3, 0xFFF3, 0xFFF3, 0xFFF3, 0xFFF3, 0x2940, 0x2940, 0x2940, 0x0021,
        0x2940, 0x2940, 0xFFF3, 0xFFF3, 0xDF05, 0xDF05, 0xDF05, 0xDF05, 0xDF05, 0xDF05, 0xDF05, 0xDF05, 0xFFF3, 0xFFF3, 0x2940, 0x2940,
        0x2940, 0xFFF3, 0xDF05, 0xDF05, 0xDF05, 0xDF05, 0xDF05, 0xDF05, 0xDF05, 0xDF05, 0xDF05, 0xDF05, 0xDF05, 0xDF05, 0xFFF3, 0x2940,
        0x2940, 0xDF05, 0xDF05, 0xDF05, 0xDF05, 0xDF05, 0xDF05, 0xDF05, 0xDF05, 0xDF05, 0xDF05, 0xDF05, 0xDF05, 0xDF05, 0xDF05, 0x2940,
        0x2940, 0xDF05, 0xDF05, 0x0000, 0x0000, 0x0000, 0xDF05, 0xDF05, 0xDF05, 0xDF05, 0x0000, 0x0000, 0x0000, 0xDF05, 0xDF05, 0x2940,
        0x2940, 0xDF05, 0xDF05, 0x0000, 0x0000, 0x0000, 0xDF05, 0xDF05, 0xDF05, 0xDF05, 0x0000, 0x0000, 0x0000, 0xDF05, 0xDF05, 0x2940,
        0x2940, 0xDF05, 0xDF05, 0xDF05, 0x0000, 0x0000, 0xDF05, 0xDF05, 0xDF05, 0xDF05, 0x0000, 0x0000, 0xDF05, 0xDF05, 0xDF05, 0x2940,
        0x2940, 0xDF05, 0xDF05, 0xDF05, 0xDF05, 0xDF05, 0xDF05, 0xDF05, 0xDF05, 0xDF05, 0xDF05, 0xDF05, 0xDF05, 0xDF05, 0xDF05, 0x2940,
        0x2940, 0x2940, 0xDF05, 0xDF05, 0xDF05, 0xDF05, 0xDF05, 0x0000, 0x0000, 0xDF05, 0xDF05, 0xDF05, 0xDF05, 0xDF05, 0x2940, 0x2940,
        0x0021, 0x2940, 0xDF05, 0xDF05, 0xDF05, 0xDF05, 0xDF05, 0x0000, 0x0000, 0xDF05, 0xDF05, 0xDF05, 0xDF05, 0xDF05, 0x2940, 0x0021,
        0x0021, 0x2940, 0x2940, 0xDF05, 0xDF05, 0xDF05, 0xDF05, 0xDF05, 0xDF05, 0xDF05, 0xDF05, 0xDF05, 0xDF05, 0x2940, 0x2940, 0x0021,
        0x0021, 0x0021, 0x2940, 0x2940, 0xDF05, 0x0000, 0x0000, 0x0000, 0x0000, 0x0000, 0x0000, 0xDF05, 0x2940, 0x2940, 0x0021, 0x0021,
        0x0021, 0x0021, 0x0021, 0x2940, 0xDF05, 0x0000, 0xDF05, 0x0000, 0xDF05, 0x0000, 0xDF05, 0xDF05, 0x2940, 0x0021, 0x0021, 0x0021,
        0x0021, 0x0021, 0x0021, 0x2940, 0x2940, 0xDF05, 0x0000, 0xDF05, 0x0000, 0xDF05, 0x0000, 0x2940, 0x2940, 0x0021, 0x0021, 0x0021,
        0x0021, 0x0021, 0x0021, 0x0021, 0x2940, 0x2940, 0x2940, 0x2940, 0x2940, 0x2940, 0x2940, 0x2940, 0x0021, 0x0021, 0x0021, 0x0021,
    },
    {
        0x0021, 0x0021, 0x0021, 0x2940, 0x2940, 0x2940, 0x2940, 0x2940, 0x2940, 0x2940, 0x2940, 0x2940, 0x2940, 0x0021, 0x0021, 0x0021,
        0x0021, 0x2940, 0x2940, 0x2940, 0xFFF3, 0xFFF3, 0xFFF3, 0xFFF3, 0xFFF3, 0xFFF3, 0xFFF3, 0xFFF3, 0x2940, 0x2940, 0x2940, 0x0021,
        0x2940, 0x2940, 0xFFF3, 0xFFF3, 0xD705, 0xD705, 0xD705, 0xD705, 0xD705, 0xD705, 0xD705, 0xD705, 0xFFF3, 0xFFF3, 0x2940, 0x2940,
        0x2940, 0xFFF3, 0xD705, 0xD705, 0xD705, 0xD705, 0xD705, 0xD705, 0xD705, 0xD705, 0xD705, 0xD705, 0xD705, 0xD705, 0xFFF3, 0x2940,
        0x2940, 0xD705, 0xD705, 0xD705, 0xD705, 0xD705, 0xD705, 0xD705, 0xD705, 0xD705, 0xD705, 0xD705, 0xD705, 0xD705, 0xD705, 0x2940,
        0x2940, 0xD705, 0xD705, 0x0000, 0x0000, 0x0000, 0xD705, 0xD705, 0xD705, 0xD705, 0x0000, 0x0000, 0x0000, 0xD705, 0xD705, 0x2940,
        0x2940, 0xD705, 0xD705, 0x0000, 0x0000, 0x0000, 0xD705, 0xD705, 0xD705, 0xD705, 0x0000, 0x0000, 0x0000, 0xD705, 0xD705, 0x2940,
        0x2940, 0xD705, 0xD705, 0xD705, 0x0000, 0x0000, 0xD705, 0xD705, 0xD705, 0xD705, 0x0000, 0x0000, 0xD705, 0xD705, 0xD705, 0x2940,
        0x2940, 0xD705, 0xD705, 0xD705, 0xD705, 0xD705, 0xD705, 0xD705, 0xD705, 0xD705, 0xD705, 0xD705, 0xD705, 0xD705, 0xD705, 0x2940,
        0x2940, 0x2940, 0xD705, 0xD705, 0xD705, 0xD705, 0xD705, 0x0000, 0x0000, 0xD705, 0xD705, 0xD705, 0xD705, 0xD705, 0x2940, 0x2940,
        0x0021, 0x2940, 0xD705, 0xD705, 0xD705, 0xD705, 0xD705, 0x0000, 0x0000, 0xD705, 0xD705, 0xD705, 0xD705, 0xD705, 0x2940, 0x0021,
        0x0021, 0x2940, 0x2940, 0xD705, 0xD705, 0xD705, 0xD705, 0xD705, 0xD705, 0xD705, 0xD705, 0xD705, 0xD705, 0x2940, 0x2940, 0x0021,
        0x0021, 0x0021, 0x2940, 0x2940, 0xD705, 0x0000, 0x0000, 0x0000, 0x0000, 0x0000, 0x0000, 0xD705, 0x2940, 0x2940, 0x0021, 0x0021,
        0x0021, 0x0021, 0x0021, 0x2940, 0xD705, 0x0000, 0xD705, 0x0000, 0xD705, 0x0000, 0xD705, 0xD705, 0x2940, 0x0021, 0x0021, 0x0021,
        0x0021, 0x0021, 0x0021, 0x2940, 0x2940, 0xD705, 0x0000, 0xD705, 0x0000, 0xD705, 0x0000, 0x2940, 0x2940, 0x0021, 0x0021, 0x0021,
        0x0021, 0x0021, 0x0021, 0x0021, 0x2940, 0x2940, 0x2940, 0x2940, 0x2940, 0x2940, 0x2940, 0x2940, 0x0021, 0x0021, 0x0021, 0x0021,
    },
    {
        0x0021, 0x0021, 0x0021, 0x2140, 0x2140, 0x2140, 0x2140, 0x2140, 0x2140, 0x2140, 0x2140, 0x2140, 0x2140, 0x0021, 0x0021, 0x0021,
        0x0021, 0x2140, 0x2140, 0x2140, 0xF7F3, 0xF7F3, 0xF7F3, 0xF7F3, 0xF7F3, 0xF7F3, 0xF7F3, 0xF7F3, 0x2140, 0x2140, 0x2140, 0x0021,
        0x2140, 0x2140, 0xF7F3, 0xF7F3, 0xCF05, 0xCF05, 0xCF05, 0xCF05, 0xCF05, 0xCF05, 0xCF05, 0xCF05, 0xF7F3, 0xF7F3, 0x2140, 0x2140,
        0x2140, 0xF7F3, 0xCF05, 0xCF05, 0xCF05, 0xCF05, 0xCF05, 0xCF05, 0xCF05, 0xCF05, 0xCF05, 0xCF05, 0xCF05, 0xCF05, 0xF7F3, 0x2140,
        0x2140, 0xCF05, 0xCF05, 0xCF05, 0xCF05, 0xCF05, 0xCF05, 0xCF05, 0xCF05, 0xCF05, 0xCF05, 0xCF05, 0xCF05, 0xCF05, 0xCF05, 0x2140,
        0x2140, 0xCF05, 0xCF05, 0x0000, 0x0000, 0x0000, 0xCF05, 0xCF05, 0xCF05, 0xCF05, 0x0000, 0x0000, 0x0000, 0xCF05, 0xCF05, 0x2140,
        0x2140, 0xCF05, 0xCF05, 0x0000, 0x0000, 0x0000, 0xCF05, 0xCF05, 0xCF05, 0xCF05, 0x0000, 0x0000, 0x0000, 0xCF05, 0xCF05, 0x2140,
        0x2140, 0xCF05, 0xCF05, 0xCF05, 0x0000, 0x0000, 0xCF05, 0xCF05, 0xCF05, 0xCF05, 0x0000, 0x0000, 0xCF05, 0xCF05, 0xCF05, 0x2140,
        0x2140, 0xCF05, 0xCF05, 0xCF05, 0xCF05, 0xCF05, 0xCF05, 0xCF05, 0xCF05, 0xCF05, 0xCF05, 0xCF05, 0xCF05, 0xCF05, 0xCF05, 0x2140,
        0x2140, 0x2140, 0xCF05, 0xCF05, 0xCF05, 0xCF05, 0xCF05, 0x0000, 0x0000, 0xCF05, 0xCF05, 0xCF05, 0xCF05, 0xCF05, 0x2140, 0x2140,
        0x0021, 0x2140, 0xCF05, 0xCF05, 0xCF05, 0xCF05, 0xCF05, 0x0000, 0x0000, 0xCF05, 0xCF05, 0xCF05, 0xCF05, 0xCF05, 0x2140, 0x0021,
        0x0021, 0x2140, 0x2140, 0xCF05, 0xCF05, 0xCF05, 0xCF05, 0xCF05, 0xCF05, 0xCF05, 0xCF05, 0xCF05, 0xCF05, 0x2140, 0x2140, 0x0021,
        0x0021, 0x0021, 0x2140, 0x2140, 0xCF05, 0x0000, 0x0000, 0x0000, 0x0000, 0x0000, 0x0000, 0xCF05, 0x2140, 0x2140, 0x0021, 0x0021,
        0x0021, 0x0021, 0x0021, 0x2140, 0xCF05, 0x0000, 0xCF05, 0x0000, 0xCF05, 0x0000, 0xCF05, 0xCF05, 0x2140, 0x0021, 0x0021, 0x0021,
        0x0021, 0x0021, 0x0021, 0x2140, 0x2140, 0xCF05, 0x0000, 0xCF05, 0x0000, 0xCF05, 0x0000, 0x2140, 0x2140, 0x0021, 0x0021, 0x0021,
        0x0021, 0x0021, 0x0021, 0x0021, 0x2140, 0x2140, 0x2140, 0x2140, 0x2140, 0x2140, 0x2140, 0x2140, 0x0021, 0x0021, 0x0021, 0x0021,
    },
    {
        0x0021, 0x0021, 0x0021, 0x2140, 0x2140, 0x2140, 0x2140, 0x2140, 0x2140, 0x2140, 0x2140, 0x2140, 0x2140, 0x0021, 0x0021, 0x0021,
        0x0021, 0x2140, 0x2140, 0x2140, 0xEFF3, 0xEFF3, 0xEFF3, 0xEFF3, 0xEFF3, 0xEFF3, 0xEFF3, 0xEFF3, 0x2140, 0x2140, 0x2140, 0x0021,
        0x2140, 0x2140, 0xEFF3, 0xEFF3, 0xC705, 0xC705, 0xC705, 0xC705, 0xC705, 0xC705, 0xC705, 0xC705, 0xEFF3, 0xEFF3, 0x2140, 0x2140,
        0x2140, 0xEFF3, 0xC705, 0xC705, 0xC705, 0xC705, 0xC705, 0xC705, 0xC705, 0xC705, 0xC705, 0xC705, 0xC705, 0xC705, 0xEFF3, 0x2140,
        0x2140, 0xC705, 0xC705, 0xC705, 0xC705, 0xC705, 0xC705, 0xC705, 0xC705, 0xC705, 0xC705, 0xC705, 0xC705, 0xC705, 0xC705, 0x2140,
        0x2140, 0xC705, 0xC705, 0x0000, 0x0000, 0x0000, 0xC705, 0xC705, 0xC705, 0xC705, 0x0000, 0x0000, 0x0000, 0xC705, 0xC705, 0x2140,
        0x2140, 0xC705, 0xC705, 0x0000, 0x0000, 0x0000, 0xC705, 0xC705, 0xC705, 0xC705, 0x0000, 0x0000, 0x0000, 0xC705, 0xC705, 0x2140,
        0x2140, 0xC705, 0xC705, 0xC705, 0x0000, 0x0000, 0xC705, 0xC705, 0xC705, 0xC705, 0x0000, 0x0000, 0xC705, 0xC705, 0xC705, 0x2140,
        0x2140, 0xC705, 0xC705, 0xC705, 0xC705, 0xC705, 0xC705, 0xC705, 0xC705, 0xC705, 0xC705, 0xC705, 0xC705, 0xC705, 0xC705, 0x2140,
        0x2140, 0x2140, 0xC705, 0xC705, 0xC705, 0xC705, 0xC705, 0x0000, 0x0000, 0xC705, 0xC705, 0xC705, 0xC705, 0xC705, 0x2140, 0x2140,
        0x0021, 0x2140, 0xC705, 0xC705, 0xC705, 0xC705, 0xC705, 0x0000, 0x0000, 0xC705, 0xC705, 0xC705, 0xC705, 0xC705, 0x2140, 0x0021,
        0x0021, 0x2140, 0x2140, 0xC705, 0xC705, 0xC705, 0xC705, 0xC705, 0xC705, 0xC705, 0xC705, 0xC705, 0xC705, 0x2140, 0x2140, 0x0021,
        0x0021, 0x0021, 0x2140, 0x2140, 0xC705, 0x0000, 0x0000, 0x0000, 0x0000, 0x0000, 0x0000, 0xC705, 0x2140, 0x2140, 0x0021, 0x0021,
        0x0021, 0x0021, 0x0021, 0x2140, 0xC705, 0x0000, 0xC705, 0x0000, 0xC705, 0x0000, 0xC705, 0xC705, 0x2140, 0x0021, 0x0021, 0x0021,
        0x0021, 0x0021, 0x0021, 0x2140, 0x2140, 0xC705, 0x0000, 0xC705, 0x0000, 0xC705, 0x0000, 0x2140, 0x2140, 0x0021, 0x0021, 0x0021,
        0x0021, 0x0021, 0x0021, 0x0021, 0x2140, 0x2140, 0x2140, 0x2140, 0x2140, 0x2140, 0x2140, 0x2140, 0x0021, 0x0021, 0x0021, 0x0021,
    },
    {
        0x0021, 0x0021, 0x0021, 0x2140, 0x2140, 0x2140, 0x2140, 0x2140, 0x2140, 0x2140, 0x2140, 0x2140, 0x2140, 0x0021, 0x0021, 0x0021,
        0x0021, 0x2140, 0x2140, 0x2140, 0xEFF3, 0xEFF3, 0xEFF3, 0xEFF3, 0xEFF3, 0xEFF3, 0xEFF3, 0xEFF3, 0x2140, 0x2140, 0x2140, 0x0021,
        0x2140, 0x2140, 0xEFF3, 0xEFF3, 0xBF05, 0xBF05, 0xBF05, 0xBF05, 0xBF05, 0xBF05, 0xBF05, 0xBF05, 0xEFF3, 0xEFF3, 0x2140, 0x2140,
        0x2140, 0xEFF3, 0xBF05, 0xBF05, 0xBF05, 0xBF05, 0xBF05, 0xBF05, 0xBF05, 0xBF05, 0xBF05, 0xBF05, 0xBF05, 0xBF05, 0xEFF3, 0x2140,
        0x2140, 0xBF05, 0xBF05, 0xBF05, 0xBF05, 0xBF05, 0xBF05, 0xBF05, 0xBF05, 0xBF05, 0xBF05, 0xBF05, 0xBF05, 0xBF05, 0xBF05, 0x2140,
        0x2140, 0xBF05, 0xBF05, 0x0000, 0x0000, 0x0000, 0xBF05, 0xBF05, 0xBF05, 0xBF05, 0x0000, 0x0000, 0x0000, 0xBF05, 0xBF05, 0x2140,
        0x2140, 0xBF05, 0xBF05, 0x0000, 0x0000, 0x0000, 0xBF05, 0xBF05, 0xBF05, 0xBF05, 0x0000, 0x0000, 0x0000, 0xBF05, 0xBF05, 0x2140,
        0x2140, 0xBF05, 0xBF05, 0xBF05, 0x0000, 0x0000, 0xBF05, 0xBF05, 0xBF05, 0xBF05, 0x0000, 0x0000, 0xBF05, 0xBF05, 0xBF05, 0x2140,
        0x2140, 0xBF05, 0xBF05, 0xBF05, 0xBF05, 0xBF05, 0xBF05, 0xBF05, 0xBF05, 0xBF05, 0xBF05, 0xBF05, 0xBF05, 0xBF05, 0xBF05, 0x2140,
        0x2140, 0x2140, 0xBF05, 0xBF05, 0xBF05, 0xBF05, 0xBF05, 0x0000, 0x0000, 0xBF05, 0xBF05, 0xBF05, 0xBF05, 0xBF05, 0x2140, 0x2140,
        0x0021, 0x2140, 0xBF05, 0xBF05, 0xBF05, 0xBF05, 0xBF05, 0x0000, 0x0000, 0xBF05, 0xBF05, 0xBF05, 0xBF05, 0xBF05, 0x2140, 0x0021,
        0x0021, 0x2140, 0x2140, 0xBF05, 0xBF05, 0xBF05, 0xBF05, 0xBF05, 0xBF05, 0xBF05, 0xBF05, 0xBF05, 0xBF05, 0x2140, 0x2140, 0x0021,
        0x0021, 0x0021, 0x2140, 0x2140, 0xBF05, 0x0000, 0x0000, 0x0000, 0x0000, 0x0000, 0x0000, 0xBF05, 0x2140, 0x2140, 0x0021, 0x0021,
        0x0021, 0x0021, 0x0021, 0x2140, 0xBF05, 0x0000, 0xBF05, 0x0000, 0xBF05, 0x0000, 0xBF05, 0xBF05, 0x2140, 0x0021, 0x0021, 0x0021,
        0x0021, 0x0021, 0x0021, 0x2140, 0x2140, 0xBF05, 0x0000, 0xBF05, 0x0000, 0xBF05, 0x0000, 0x2140, 0x2140, 0x0021, 0x0021, 0x0021,
        0x0021, 0x0021, 0x0021, 0x0021, 0x2140, 0x2140, 0x2140, 0x2140, 0x2140, 0x2140, 0x2140, 0x2140, 0x0021, 0x0021, 0x0021, 0x0021,
    },
    {
        0x0021, 0x0021, 0x0021, 0x2140, 0x2140, 0x2140, 0x2140, 0x2140, 0x2140, 0x2140, 0x2140, 0x2140, 0x2140, 0x0021, 0x0021, 0x0021,
        0x0021, 0x2140, 0x2140, 0x2140, 0xE7F3, 0xE7F3, 0xE7F3, 0xE7F3, 0xE7F3, 0xE7F3, 0xE7F3, 0xE7F3, 0x2140, 0x2140, 0x2140, 0x0021,
        0x2140, 0x2140, 0xE7F3, 0xE7F3, 0xB705, 0xB705, 0xB705, 0xB705, 0xB705, 0xB705, 0xB705, 0xB705, 0xE7F3, 0xE7F3, 0x2140, 0x2140,
        0x2140, 0xE7F3, 0xB705, 0xB705, 0xB705, 0xB705, 0xB705, 0xB705, 0xB705, 0xB705, 0xB705, 0xB705, 0xB705, 0xB705, 0xE7F3, 0x2140,
        0x2140, 0xB705, 0xB705, 0xB705, 0xB705, 0xB705, 0xB705, 0xB705, 0xB705, 0xB705, 0xB705, 0xB705, 0xB705, 0xB705, 0xB705, 0x2140,
        0x2140, 0xB705, 0xB705, 0x0000, 0x0000, 0x0000, 0xB705, 0xB705, 0xB705, 0xB705, 0x0000, 0x0000, 0x0000, 0xB705, 0xB705, 0x2140,
        0x2140, 0xB705, 0xB705, 0x0000, 0x0000, 0x0000, 0xB705, 0xB705, 0xB705, 0xB705, 0x0000, 0x0000, 0x0000, 0xB705, 0xB705, 0x2140,
        0x2140, 0xB705, 0xB705, 0xB705, 0x0000, 0x0000, 0xB705, 0xB705, 0xB705, 0xB705, 0x0000, 0x0000, 0xB705, 0xB705, 0xB705, 0x2140,
        0x2140, 0xB705, 0xB705, 0xB705, 0xB705, 0xB705, 0xB705, 0xB705, 0xB705, 0xB705, 0xB705, 0xB705, 0xB705, 0xB705, 0xB705, 0x2140,
        0x2140, 0x2140, 0xB705, 0xB705, 0xB705, 0xB705, 0xB705, 0x0000, 0x0000, 0xB705, 0xB705, 0xB705, 0xB705, 0xB705, 0x2140, 0x2140,
        0x0021, 0x2140, 0xB705, 0xB705, 0xB705, 0xB705, 0xB705, 0x0000, 0x0000, 0xB705, 0xB705, 0xB705, 0xB705, 0xB705, 0x2140, 0x0021,
        0x0021, 0x2140, 0x2140, 0xB705, 0xB705, 0xB705, 0xB705, 0xB705, 0xB705, 0xB705, 0xB705, 0xB705, 0xB705, 0x2140, 0x2140, 0x0021,
        0x0021, 0x0021, 0x2140, 0x2140, 0xB705, 0x0000, 0x0000, 0x0000, 0x0000, 0x0000, 0x0000, 0xB705, 0x2140, 0x2140, 0x0021, 0x0021,
        0x0021, 0x0021, 0x0021, 0x2140, 0xB705, 0x0000, 0xB705, 0x0000, 0xB705, 0x0000, 0xB705, 0xB705, 0x2140, 0x0021, 0x0021, 0x0021,
        0x0021, 0x0021, 0x0021, 0x2140, 0x2140, 0xB705, 0x0000, 0xB705, 0x0000, 0xB705, 0x0000, 0x2140, 0x2140, 0x0021, 0x0021, 0x0021,
        0x0021, 0x0021, 0x0021, 0x0021, 0x2140, 0x2140, 0x2140, 0x2140, 0x2140, 0x2140, 0x2140, 0x2140, 0x0021, 0x0021, 0x0021, 0x0021,
    },
    {
        0x0021, 0x0021, 0x0021, 0x1940, 0x1940, 0x1940, 0x1940, 0x1940, 0x1940, 0x1940, 0x1940, 0x1940, 0x1940, 0x0021, 0x0021, 0x0021,
        0x0021, 0x1940, 0x1940, 0x1940, 0xE7F3, 0xE7F3, 0xE7F3, 0xE7F3, 0xE7F3, 0xE7F3, 0xE7F3, 0xE7F3, 0x1940, 0x1940, 0x1940, 0x0021,
        0x1940, 0x1940, 0xE7F3, 0xE7F3, 0xAF05, 0xAF05, 0xAF05, 0xAF05, 0xAF05, 0xAF05, 0xAF05, 0xAF05, 0xE7F3, 0xE7F3, 0x1940, 0x1940,
        0x1940, 0xE7F3, 0xAF05, 0xAF05, 0xAF05, 0xAF05, 0xAF05, 0xAF05, 0xAF05, 0xAF05, 0xAF05, 0xAF05, 0xAF05, 0xAF05, 0xE7F3, 0x1940,
        0x1940, 0xAF05, 0xAF05, 0xAF05, 0xAF05, 0xAF05, 0xAF05, 0xAF05, 0xAF05, 0xAF05, 0xAF05, 0xAF05, 0xAF05, 0xAF05, 0xAF05, 0x1940,
        0x1940, 0xAF05, 0xAF05, 0x0000, 0x0000, 0x0000, 0xAF05, 0xAF05, 0xAF05, 0xAF05, 0x0000, 0x0000, 0x0000, 0xAF05, 0xAF05, 0x1940,
        0x1940, 0xAF05, 0xAF05, 0x0000, 0x0000, 0x0000, 0xAF05, 0xAF05, 0xAF05, 0xAF05, 0x0000, 0x0000, 0x0000, 0xAF05, 0xAF05, 0x1940,
        0x1940, 0xAF05, 0xAF05, 0xAF05, 0x0000, 0x0000, 0xAF05, 0xAF05, 0xAF05, 0xAF05, 0x0000, 0x0000, 0xAF05, 0xAF05, 0xAF05, 0x1940,
        0x1940, 0xAF05, 0xAF05, 0xAF05, 0xAF05, 0xAF05, 0xAF05, 0xAF05, 0xAF05, 0xAF05, 0xAF05, 0xAF05, 0xAF05, 0xAF05, 0xAF05, 0x1940,
        0x1940, 0x1940, 0xAF05, 0xAF05, 0xAF05, 0xAF05, 0xAF05, 0x0000, 0x0000, 0xAF05, 0xAF05, 0xAF05, 0xAF05, 0xAF05, 0x1940, 0x1940,
        0x0021, 0x1940, 0xAF05, 0xAF05, 0xAF05, 0xAF05, 0xAF05, 0x0000, 0x0000, 0xAF05, 0xAF05, 0xAF05, 0xAF05, 0xAF05, 0x1940, 0x0021,
        0x0021, 0x1940, 0x1940, 0xAF05, 0xAF05, 0xAF05, 0xAF05, 0xAF05, 0xAF05, 0xAF05, 0xAF05, 0xAF05, 0xAF05, 0x1940, 0x1940, 0x0021,
        0x0021, 0x0021, 0x1940, 0x1940, 0xAF05, 0x0000, 0x0000, 0x0000, 0x0000, 0x0000, 0x0000, 0xAF05, 0x1940, 0x1940, 0x0021, 0x0021,
        0x0021, 0x0021, 0x0021, 0x1940, 0xAF05, 0x0000, 0xAF05, 0x0000, 0xAF05, 0x0000, 0xAF05, 0xAF05, 0x1940, 0x0021, 0x0021, 0x0021,
        0x0021, 0x0021, 0x0021, 0x1940, 0x1940, 0xAF05, 0x0000, 0xAF05, 0x0000, 0xAF05, 0x0000, 0x1940, 0x1940, 0x0021, 0x0021, 0x0021,
        0x0021, 0x0021, 0x0021, 0x0021, 0x1940, 0x1940, 0x1940, 0x1940, 0x1940, 0x1940, 0x1940, 0x1940, 0x0021, 0x0021, 0x0021, 0x0021,
    },
    {
        0x0021, 0x0021, 0x0021, 0x1940, 0x1940, 0x1940, 0x1940, 0x1940, 0x1940, 0x1940, 0x1940, 0x1940, 0x1940, 0x0021, 0x0021, 0x0021,
        0x0021, 0x1940, 0x1940, 0x1940, 0xDFF3, 0xDFF3, 0xDFF3, 0xDFF3, 0xDFF3, 0xDFF3, 0xDFF3, 0xDFF3, 0x1940, 0x1940, 0x1940, 0x0021,
        0x1940, 0x1940, 0xDFF3, 0xDFF3, 0xA705, 0xA705, 0xA705, 0xA705, 0xA705, 0xA705, 0xA705, 0xA705, 0xDFF3, 0xDFF3, 0x1940, 0x1940,
        0x1940, 0xDFF3, 0xA705, 0xA705, 0xA705, 0xA705, 0xA705, 0xA705, 0xA705, 0xA705, 0xA705, 0xA705, 0xA705, 0xA705, 0xDFF3, 0x1940,
        0x1940, 0xA705, 0xA705, 0xA705, 0xA705, 0xA705, 0xA705, 0xA705, 0xA705, 0xA705, 0xA705, 0xA705, 0xA705, 0xA705, 0xA705, 0x1940,
        0x1940, 0xA705, 0xA705, 0x0000, 0x0000, 0x0000, 0xA705, 0xA705, 0xA705, 0xA705, 0x0000, 0x0000, 0x0000, 0xA705, 0xA705, 0x1940,
        0x1940, 0xA705, 0xA705, 0x0000, 0x0000, 0x0000, 0xA705, 0xA705, 0xA705, 0xA705, 0x0000, 0x0000, 0x0000, 0xA705, 0xA705, 0x1940,
        0x1940, 0xA705, 0xA705, 0xA705, 0x0000, 0x0000, 0xA705, 0xA705, 0xA705, 0xA705, 0x0000, 0x0000, 0xA705, 0xA705, 0xA705, 0x1940,
        0x1940, 0xA705, 0xA705, 0xA705, 0xA705, 0xA705, 0xA705, 0xA705, 0xA705, 0xA705, 0xA705, 0xA705, 0xA705, 0xA705, 0xA705, 0x1940,
        0x1940, 0x1940, 0xA705, 0xA705, 0xA705, 0xA705, 0xA705, 0x0000, 0x0000, 0xA705, 0xA705, 0xA705, 0xA705, 0xA705, 0x1940, 0x1940,
        0x0021, 0x1940, 0xA705, 0xA705, 0xA705, 0xA705, 0xA705, 0x0000, 0x0000, 0xA705, 0xA705, 0xA705, 0xA705, 0xA705, 0x1940, 0x0021,
        0x0021, 0x1940, 0x1940, 0xA705, 0xA705, 0xA705, 0xA705, 0xA705, 0xA705, 0xA705, 0xA705, 0xA705, 0xA705, 0x1940, 0x1940, 0x0021,
        0x0021, 0x0021, 0x1940, 0x1940, 0xA705, 0x0000, 0x0000, 0x0000, 0x0000, 0x0000, 0x0000, 0xA705, 0x1940, 0x1940, 0x0021, 0x0021,
        0x0021, 0x0021, 0x0021, 0x1940, 0xA705, 0x0000, 0xA705, 0x0000, 0xA705, 0x0000, 0xA705, 0xA705, 0x1940, 0x0021, 0x0021, 0x0021,
        0x0021, 0x0021, 0x0021, 0x1940, 0x1940, 0xA705, 0x0000, 0xA705, 0x0000, 0xA705, 0x0000, 0x1940, 0x1940, 0x0021, 0x0021, 0x0021,
        0x0021, 0x0021, 0x0021, 0x0021, 0x1940, 0x1940, 0x1940, 0x1940, 0x1940, 0x1940, 0x1940, 0x1940, 0x0021, 0x0021, 0x0021, 0x0021,
    },
    {
        0x0021, 0x0021, 0x0021, 0x1940, 0x1940, 0x1940, 0x1940, 0x1940, 0x1940, 0x1940, 0x1940, 0x1940, 0x1940, 0x0021, 0x0021, 0x0021,
        0x0021, 0x1940, 0x1940, 0x1940, 0xD7F3, 0xD7F3, 0xD7F3, 0xD7F3, 0xD7F3, 0xD7F3, 0xD7F3, 0xD7F3, 0x1940, 0x1940, 0x1940, 0x0021,
        0x1940, 0x1940, 0xD7F3, 0xD7F3, 0x9F05, 0x9F05, 0x9F05, 0x9F05, 0x9F05, 0x9F05, 0x9F05, 0x9F05, 0xD7F3, 0xD7F3, 0x1940, 0x1940,
        0x1940, 0xD7F3, 0x9F05, 0x9F05, 0x9F05, 0x9F05, 0x9F05, 0x9F05, 0x9F05, 0x9F05, 0x9F05, 0x9F05, 0x9F05, 0x9F05, 0xD7F3, 0x1940,
        0x1940, 0x9F05, 0x9F05, 0x9F05, 0x9F05, 0x9F05, 0x9F05, 0x9F05, 0x9F05, 0x9F05, 0x9F05, 0x9F05, 0x9F05, 0x9F05, 0x9F05, 0x1940,
        0x1940, 0x9F05, 0x9F05, 0x0000, 0x0000, 0x0000, 0x9F05, 0x9F05, 0x9F05, 0x9F05, 0x0000, 0x0000, 0x0000, 0x9F05, 0x9F05, 0x1940,
        0x1940, 0x9F05, 0x9F05, 0x0000, 0x0000, 0x0000, 0x9F05, 0x9F05, 0x9F05, 0x9F05, 0x0000, 0x0000, 0x0000, 0x9F05, 0x9F05, 0x1940,
        0x1940, 0x9F05, 0x9F05, 0x9F05, 0x0000, 0x0000, 0x9F05, 0x9F05, 0x9F05, 0x9F05, 0x0000, 0x0000, 0x9F05, 0x9F05, 0x9F05, 0x1940,
        0x1940, 0x9F05, 0x9F05, 0x9F05, 0x9F05, 0x9F05, 0x9F05, 0x9F05, 0x9F05, 0x9F05, 0x9F05, 0x9F05, 0x9F05, 0x9F05, 0x9F05, 0x1940,
        0x1940, 0x1940, 0x9F05, 0x9F05, 0x9F05, 0x9F05, 0x9F05, 0x0000, 0x0000, 0x9F05, 0x9F05, 0x9F05, 0x9F05, 0x9F05, 0x1940, 0x1940,
        0x0021, 0x1940, 0x9F05, 0x9F05, 0x9F05, 0x9F05, 0x9F05, 0x0000, 0x0000, 0x9F05, 0x9F05, 0x9F05, 0x9F05, 0x9F05, 0x1940, 0x0021,
        0x0021, 0x1940, 0x1940, 0x9F05, 0x9F05, 0x9F05, 0x9F05, 0x9F05, 0x9F05, 0x9F05, 0x9F05, 0x9F05, 0x9F05, 0x1940, 0x1940, 0x0021,
        0x0021, 0x0021, 0x1940, 0x1940, 0x9F05, 0x0000, 0x0000, 0x0000, 0x0000, 0x0000, 0x0000, 0x9F05, 0x1940, 0x1940, 0x0021, 0x0021,
        0x0021, 0x0021, 0x0021, 0x1940, 0x9F05, 0x0000, 0x9F05, 0x0000, 0x9F05, 0x0000, 0x9F05, 0x9F05, 0x1940, 0x0021, 0x0021, 0x0021,
        0x0021, 0x0021, 0x0021, 0x1940, 0x1940, 0x9F05, 0x0000, 0x9F05, 0x0000, 0x9F05, 0x0000, 0x1940, 0x1940, 0x0021, 0x0021, 0x0021,
        0x0021, 0x0021, 0x0021, 0x0021, 0x1940, 0x1940, 0x1940, 0x1940, 0x1940, 0x1940, 0x1940, 0x1940, 0x0021, 0x0021, 0x0021, 0x0021,
    },
    {
        0x0021, 0x0021, 0x0021, 0x1940, 0x1940, 0x1940, 0x1940, 0x1940, 0x1940, 0x1940, 0x1940, 0x1940, 0x1940, 0x0021, 0x0021, 0x0021,
        0x0021, 0x1940, 0x1940, 0x1940, 0xD7F3, 0xD7F3, 0xD7F3, 0xD7F3, 0xD7F3, 0xD7F3, 0xD7F3, 0xD7F3, 0x1940, 0x1940, 0x1940, 0x0021,
        0x1940, 0x1940, 0xD7F3, 0xD7F3, 0x9705, 0x9705, 0x9705, 0x9705, 0x9705, 0x9705, 0x9705, 0x9705, 0xD7F3, 0xD7F3, 0x1940, 0x1940,
        0x1940, 0xD7F3, 0x9705, 0x9705, 0x9705, 0x9705, 0x9705, 0x9705, 0x9705, 0x9705, 0x9705, 0x9705, 0x9705, 0x9705, 0xD7F3, 0x1940,
        0x1940, 0x9705, 0x9705, 0x9705, 0x9705, 0x9705, 0x9705, 0x9705, 0x9705, 0x9705, 0x9705, 0x9705, 0x9705, 0x9705, 0x9705, 0x1940,
        0x1940, 0x9705, 0x9705, 0x0000, 0x0000, 0x0000, 0x9705, 0x9705, 0x9705, 0x9705, 0x0000, 0x0000, 0x0000, 0x9705, 0x9705, 0x1940,
        0x1940, 0x9705, 0x9705, 0x0000, 0x0000, 0x0000, 0x9705, 0x9705, 0x9705, 0x9705, 0x0000, 0x0000, 0x0000, 0x9705, 0x9705, 0x1940,
        0x1940, 0x9705, 0x9705, 0x9705, 0x0000, 0x0000, 0x9705, 0x9705, 0x9705, 0x9705, 0x0000, 0x0000, 0x9705, 0x9705, 0x9705, 0x1940,
        0x1940, 0x9705, 0x9705, 0x9705, 0x9705, 0x9705, 0x9705, 0x9705, 0x9705, 0x9705, 0x9705, 0x9705, 0x9705, 0x9705, 0x9705, 0x1940,
        0x1940, 0x1940, 0x9705, 0x9705, 0x9705, 0x9705, 0x9705, 0x0000, 0x0000, 0x9705, 0x9705, 0x9705, 0x9705, 0x9705, 0x1940, 0x1940,
        0x0021, 0x1940, 0x9705, 0x9705, 0x9705, 0x9705, 0x9705, 0x0000, 0x0000, 0x9705, 0x9705, 0x9705, 0x9705, 0x9705, 0x1940, 0x0021,
        0x0021, 0x1940, 0x1940, 0x9705, 0x9705, 0x9705, 0x9705, 0x9705, 0x9705, 0x9705, 0x9705, 0x9705, 0x9705, 0x1940, 0x1940, 0x0021,
        0x0021, 0x0021, 0x1940, 0x1940, 0x9705, 0x0000, 0x0000, 0x0000, 0x0000, 0x0000, 0x0000, 0x9705, 0x1940, 0x1940, 0x0021, 0x0021,
        0x0021, 0x0021, 0x0021, 0x1940, 0x9705, 0x0000, 0x9705, 0x0000, 0x9705, 0x0000, 0x9705, 0x9705, 0x1940, 0x0021, 0x0021, 0x0021,
        0x0021, 0x0021, 0x0021, 0x1940, 0x1940, 0x9705, 0x0000, 0x9705, 0x0000, 0x9705, 0x0000, 0x1940, 0x1940, 0x0021, 0x0021, 0x0021,
        0x0021, 0x0021, 0x0021, 0x0021, 0x1940, 0x1940, 0x1940, 0x1940, 0x1940, 0x1940, 0x1940, 0x1940, 0x0021, 0x0021, 0x0021, 0x0021,
    },
    {
        0x0021, 0x0021, 0x0021, 0x1940, 0x1940, 0x1940, 0x1940, 0x1940, 0x1940, 0x1940, 0x1940, 0x1940, 0x1940, 0x0021, 0x0021, 0x0021,
        0x0021, 0x1940, 0x1940, 0x1940, 0xCFF3, 0xCFF3, 0xCFF3, 0xCFF3, 0xCFF3, 0xCFF3, 0xCFF3, 0xCFF3, 0x1940, 0x1940, 0x1940, 0x0021,
        0x1940, 0x1940, 0xCFF3, 0xCFF3, 0x8F05, 0x8F05, 0x8F05, 0x8F05, 0x8F05, 0x8F05, 0x8F05, 0x8F05, 0xCFF3, 0xCFF3, 0x1940, 0x1940,
        0x1940, 0xCFF3, 0x8F05, 0x8F05, 0x8F05, 0x8F05, 0x8F05, 0x8F05, 0x8F05, 0x8F05, 0x8F05, 0x8F05, 0x8F05, 0x8F05, 0xCFF3, 0x1940,
        0x1940, 0x8F05, 0x8F05, 0x8F05, 0x8F05, 0x8F05, 0x8F05, 0x8F05, 0x8F05, 0x8F05, 0x8F05, 0x8F05, 0x8F05, 0x8F05, 0x8F05, 0x1940,
        0x1940, 0x8F05, 0x8F05, 0x0000, 0x0000, 0x0000, 0x8F05, 0x8F05, 0x8F05, 0x8F05, 0x0000, 0x0000, 0x0000, 0x8F05, 0x8F05, 0x1940,
        0x1940, 0x8F05, 0x8F05, 0x0000, 0x0000, 0x0000, 0x8F05, 0x8F05, 0x8F05, 0x8F05, 0x0000, 0x0000, 0x0000, 0x8F05, 0x8F05, 0x1940,
        0x1940, 0x8F05, 0x8F05, 0x8F05, 0x0000, 0x0000, 0x8F05, 0x8F05, 0x8F05, 0x8F05, 0x0000, 0x0000, 0x8F05, 0x8F05, 0x8F05, 0x1940,
        0x1940, 0x8F05, 0x8F05, 0x8F05, 0x8F05, 0x8F05, 0x8F05, 0x8F05, 0x8F05, 0x8F05, 0x8F05, 0x8F05, 0x8F05, 0x8F05, 0x8F05, 0x1940,
        0x1940, 0x1940, 0x8F05, 0x8F05, 0x8F05, 0x8F05, 0x8F05, 0x0000, 0x0000, 0x8F05, 0x8F05, 0x8F05, 0x8F05, 0x8F05, 0x1940, 0x1940,
        0x0021, 0x1940, 0x8F05, 0x8F05, 0x8F05, 0x8F05, 0x8F05, 0x0000, 0x0000, 0x8F05, 0x8F05, 0x8F05, 0x8F05, 0x8F05, 0x1940, 0x0021,
        0x0021, 0x1940, 0x1940, 0x8F05, 0x8F05, 0x8F05, 0x8F05, 0x8F05, 0x8F05, 0x8F05, 0x8F05, 0x8F05, 0x8F05, 0x1940, 0x1940, 0x0021,
        0x0021, 0x0021, 0x1940, 0x1940, 0x8F05, 0x0000, 0x0000, 0x0000, 0x0000, 0x0000, 0x0000, 0x8F05, 0x1940, 0x1940, 0x0021, 0x0021,
        0x0021, 0x0021, 0x0021, 0x1940, 0x8F05, 0x0000, 0x8F05, 0x0000, 0x8F05, 0x0000, 0x8F05, 0x8F05, 0x1940, 0x0021, 0x0021, 0x0021,
        0x0021, 0x0021, 0x0021, 0x1940, 0x1940, 0x8F05, 0x0000, 0x8F05, 0x0000, 0x8F05, 0x0000, 0x1940, 0x1940, 0x0021, 0x0021, 0x0021,
        0x0021, 0x0021, 0x0021, 0x0021, 0x1940, 0x1940, 0x1940, 0x1940, 0x1940, 0x1940, 0x1940, 0x1940, 0x0021, 0x0021, 0x0021, 0x0021,
    },
    {
        0x0021, 0x0021, 0x0021, 0x1140, 0x1140, 0x1140, 0x1140, 0x1140, 0x1140, 0x1140, 0x1140, 0x1140, 0x1140, 0x0021, 0x0021, 0x0021,
        0x0021, 0x1140, 0x1140, 0x1140, 0xCFF3, 0xCFF3, 0xCFF3, 0xCFF3, 0xCFF3, 0xCFF3, 0xCFF3, 0xCFF3, 0x1140, 0x1140, 0x1140, 0x0021,
        0x1140, 0x1140, 0xCFF3, 0xCFF3, 0x8705, 0x8705, 0x8705, 0x8705, 0x8705, 0x8705, 0x8705, 0x8705, 0xCFF3, 0xCFF3, 0x1140, 0x1140,
        0x1140, 0xCFF3, 0x8705, 0x8705, 0x8705, 0x8705, 0x8705, 0x8705, 0x8705, 0x8705, 0x8705, 0x8705, 0x8705, 0x8705, 0xCFF3, 0x1140,
        0x1140, 0x8705, 0x8705, 0x8705, 0x8705, 0x8705, 0x8705, 0x8705, 0x8705, 0x8705, 0x8705, 0x8705, 0x8705, 0x8705, 0x8705, 0x1140,
        0x1140, 0x8705, 0x8705, 0x0000, 0x0000, 0x0000, 0x8705, 0x8705, 0x8705, 0x8705, 0x0000, 0x0000, 0x0000, 0x8705, 0x8705, 0x1140,
        0x1140, 0x8705, 0x8705, 0x0000, 0x0000, 0x0000, 0x8705, 0x8705, 0x8705, 0x8705, 0x0000, 0x0000, 0x0000, 0x8705, 0x8705, 0x1140,
        0x1140, 0x8705, 0x8705, 0x8705, 0x0000, 0x0000, 0x8705, 0x8705, 0x8705, 0x8705, 0x0000, 0x0000, 0x8705, 0x8705, 0x8705, 0x1140,
        0x1140, 0x8705, 0x8705, 0x8705, 0x8705, 0x8705, 0x8705, 0x8705, 0x8705, 0x8705, 0x8705, 0x8705, 0x8705, 0x8705, 0x8705, 0x1140,
        0x1140, 0x1140, 0x8705, 0x8705, 0x8705, 0x8705, 0x8705, 0x0000, 0x0000, 0x8705, 0x8705, 0x8705, 0x8705, 0x8705, 0x1140, 0x1140,
        0x0021, 0x1140, 0x8705, 0x8705, 0x8705, 0x8705, 0x8705, 0x0000, 0x0000, 0x8705, 0x8705, 0x8705, 0x8705, 0x8705, 0x1140, 0x0021,
        0x0021, 0x1140, 0x1140, 0x8705, 0x8705, 0x8705, 0x8705, 0x8705, 0x8705, 0x8705, 0x8705, 0x8705, 0x8705, 0x1140, 0x1140, 0x0021,
        0x0021, 0x0021, 0x1140, 0x1140, 0x8705, 0x0000, 0x0000, 0x0000, 0x0000, 0x0000, 0x0000, 0x8705, 0x1140, 0x1140, 0x0021, 0x0021,
        0x0021, 0x0021, 0x0021, 0x1140, 0x8705, 0x0000, 0x8705, 0x0000, 0x8705, 0x0000, 0x8705, 0x8705, 0x1140, 0x0021, 0x0021, 0x0021,
        0x0021, 0x0021, 0x0021, 0x1140, 0x1140, 0x8705, 0x0000, 0x8705, 0x0000, 0x8705, 0x0000, 0x1140, 0x1140, 0x0021, 0x0021, 0x0021,
        0x0021, 0x0021, 0x0021, 0x0021, 0x1140, 0x1140, 0x1140, 0x1140, 0x1140, 0x1140, 0x1140, 0x1140, 0x0021, 0x0021, 0x0021, 0x0021,
    },
    {
        0x0021, 0x0021, 0x0021, 0x1140, 0x1140, 0x1140, 0x1140, 0x1140, 0x1140, 0x1140, 0x1140, 0x1140, 0x1140, 0x0021, 0x0021, 0x0021,
        0x0021, 0x1140, 0x1140, 0x1140, 0xC7F3, 0xC7F3, 0xC7F3, 0xC7F3, 0xC7F3, 0xC7F3, 0xC7F3, 0xC7F3, 0x1140, 0x1140, 0x1140, 0x0021,
        0x1140, 0x1140, 0xC7F3, 0xC7F3, 0x7705, 0x7705, 0x7705, 0x7705, 0x7705, 0x7705, 0x7705, 0x7705, 0xC7F3, 0xC7F3, 0x1140, 0x1140,
        0x1140, 0xC7F3, 0x7705, 0x7705, 0x7705, 0x7705, 0x7705, 0x7705, 0x7705, 0x7705, 0x7705, 0x7705, 0x7705, 0x7705, 0xC7F3, 0x1140,
        0x1140, 0x7705, 0x7705, 0x7705, 0x7705, 0x7705, 0x7705, 0x7705, 0x7705, 0x7705, 0x7705, 0x7705, 0x7705, 0x7705, 0x7705, 0x1140,
        0x1140, 0x7705, 0x7705, 0x0000, 0x0000, 0x0000, 0x7705, 0x7705, 0x7705, 0x7705, 0x0000, 0x0000, 0x0000, 0x7705, 0x7705, 0x1140,
        0x1140, 0x7705, 0x7705, 0x0000, 0x0000, 0x0000, 0x7705, 0x7705, 0x7705, 0x7705, 0x0000, 0x0000, 0x0000, 0x7705, 0x7705, 0x1140,
        0x1140, 0x7705, 0x7705, 0x7705, 0x0000, 0x0000, 0x7705, 0x7705, 0x7705, 0x7705, 0x0000, 0x0000, 0x7705, 0x7705, 0x7705, 0x1140,
        0x1140, 0x7705, 0x7705, 0x7705, 0x7705, 0x7705, 0x7705, 0x7705, 0x7705, 0x7705, 0x7705, 0x7705, 0x7705, 0x7705, 0x7705, 0x1140,
        0x1140, 0x1140, 0x7705, 0x7705, 0x7705, 0x7705, 0x7705, 0x0000, 0x0000, 0x7705, 0x7705, 0x7705, 0x7705, 0x7705, 0x1140, 0x1140,
        0x0021, 0x1140, 0x7705, 0x7705, 0x7705, 0x7705, 0x7705, 0x0000, 0x0000, 0x7705, 0x7705, 0x7705, 0x7705, 0x7705, 0x1140, 0x0021,
        0x0021, 0x1140, 0x1140, 0x7705, 0x7705, 0x7705, 0x7705, 0x7705, 0x7705, 0x7705, 0x7705, 0x7705, 0x7705, 0x1140, 0x1140, 0x0021,
        0x0021, 0x0021, 0x1140, 0x1140, 0x7705, 0x0000, 0x0000, 0x0000, 0x0000, 0x0000, 0x0000, 0x7705, 0x1140, 0x1140, 0x0021, 0x0021,
        0x0021, 0x0021, 0x0021, 0x1140, 0x7705, 0x0000, 0x7705, 0x0000, 0x7705, 0x0000, 0x7705, 0x7705, 0x1140, 0x0021, 0x0021, 0x0021,
        0x0021, 0x0021, 0x0021, 0x1140, 0x1140, 0x7705, 0x0000, 0x7705, 0x0000, 0x7705, 0x0000, 0x1140, 0x1140, 0x0021, 0x0021, 0x0021,
        0x0021, 0x0021, 0x0021, 0x0021, 0x1140, 0x1140, 0x1140, 0x1140, 0x1140, 0x1140, 0x1140, 0x1140, 0x0021, 0x0021, 0x0021, 0x0021,
    },
    {
        0x0021, 0x0021, 0x0021, 0x1140, 0x1140, 0x1140, 0x1140, 0x1140, 0x1140, 0x1140, 0x1140, 0x1140, 0x1140, 0x0021, 0x0021, 0x0021,
        0x0021, 0x1140, 0x1140, 0x1140, 0xBFF3, 0xBFF3, 0xBFF3, 0xBFF3, 0xBFF3, 0xBFF3, 0xBFF3, 0xBFF3, 0x1140, 0x1140, 0x1140, 0x0021,
        0x1140, 0x1140, 0xBFF3, 0xBFF3, 0x6F05, 0x6F05, 0x6F05, 0x6F05, 0x6F05, 0x6F05, 0x6F05, 0x6F05, 0xBFF3, 0xBFF3, 0x1140, 0x1140,
        0x1140, 0xBFF3, 0x6F05, 0x6F05, 0x6F05, 0x6F05, 0x6F05, 0x6F05, 0x6F05, 0x6F05, 0x6F05, 0x6F05, 0x6F05, 0x6F05, 0xBFF3, 0x1140,
        0x1140, 0x6F05, 0x6F05, 0x6F05, 0x6F05, 0x6F05, 0x6F05, 0x6F05, 0x6F05, 0x6F05, 0x6F05, 0x6F05, 0x6F05, 0x6F05, 0x6F05, 0x1140,
        0x1140, 0x6F05, 0x6F05, 0x0000, 0x0000, 0x0000, 0x6F05, 0x6F05, 0x6F05, 0x6F05, 0x0000, 0x0000, 0x0000, 0x6F05, 0x6F05, 0x1140,
        0x1140, 0x6F05, 0x6F05, 0x0000, 0x0000, 0x0000, 0x6F05, 0x6F05, 0x6F05, 0x6F05, 0x0000, 0x0000, 0x0000, 0x6F05, 0x6F05, 0x1140,
        0x1140, 0x6F05, 0x6F05, 0x6F05, 0x0000, 0x0000, 0x6F05, 0x6F05, 0x6F05, 0x6F05, 0x0000, 0x0000, 0x6F05, 0x6F05, 0x6F05, 0x1140,
        0x1140, 0x6F05, 0x6F05, 0x6F05, 0x6F05, 0x6F05, 0x6F05, 0x6F05, 0x6F05, 0x6F05, 0x6F05, 0x6F05, 0x6F05, 0x6F05, 0x6F05, 0x1140,
        0x1140, 0x1140, 0x6F05, 0x6F05, 0x6F05, 0x6F05, 0x6F05, 0x0000, 0x0000, 0x6F05, 0x6F05, 0x6F05, 0x6F05, 0x6F05, 0x1140, 0x1140,
        0x0021, 0x1140, 0x6F05, 0x6F05, 0x6F05, 0x6F05, 0x6F05, 0x0000, 0x0000, 0x6F05, 0x6F05, 0x6F05, 0x6F05, 0x6F05, 0x1140, 0x0021,
        0x0021, 0x1140, 0x1140, 0x6F05, 0x6F05, 0x6F05, 0x6F05, 0x6F05, 0x6F05, 0x6F05, 0x6F05, 0x6F05, 0x6F05, 0x1140, 0x1140, 0x0021,
        0x0021, 0x0021, 0x1140, 0x1140, 0x6F05, 0x0000, 0x0000, 0x0000, 0x0000, 0x0000, 0x0000, 0x6F05, 0x1140, 0x1140, 0x0021, 0x0021,
        0x0021, 0x0021, 0x0021, 0x1140, 0x6F05, 0x0000, 0x6F05, 0x0000, 0x6F05, 0x0000, 0x6F05, 0x6F05, 0x1140, 0x0021, 0x0021, 0x0021,
        0x0021, 0x0021, 0x0021, 0x1140, 0x1140, 0x6F05, 0x0000, 0x6F05, 0x0000, 0x6F05, 0x0000, 0x1140, 0x1140, 0x0021, 0x0021, 0x0021,
        0x0021, 0x0021, 0x0021, 0x0021, 0x1140, 0x1140, 0x1140, 0x1140, 0x1140, 0x1140, 0x1140, 0x1140, 0x0021, 0x0021, 0x0021, 0x0021,
    },
    {
        0x0021, 0x0021, 0x0021, 0x1140, 0x1140, 0x1140, 0x1140, 0x1140, 0x1140, 0x1140, 0x1140, 0x1140, 0x1140, 0x0021, 0x0021, 0x0021,
        0x0021, 0x1140, 0x1140, 0x1140, 0xBFF3, 0xBFF3, 0xBFF3, 0xBFF3, 0xBFF3, 0xBFF3, 0xBFF3, 0xBFF3, 0x1140, 0x1140, 0x1140, 0x0021,
        0x1140, 0x1140, 0xBFF3, 0xBFF3, 0x6705, 0x6705, 0x6705, 0x6705, 0x6705, 0x6705, 0x6705, 0x6705, 0xBFF3, 0xBFF3, 0x1140, 0x1140,
        0x1140, 0xBFF3, 0x6705, 0x6705, 0x6705, 0x6705, 0x6705, 0x6705, 0x6705, 0x6705, 0x6705, 0x6705, 0x6705, 0x6705, 0xBFF3, 0x1140,
        0x1140, 0x6705, 0x6705, 0x6705, 0x6705, 0x6705, 0x6705, 0x6705, 0x6705, 0x6705, 0x6705, 0x6705, 0x6705, 0x6705, 0x6705, 0x1140,
        0x1140, 0x6705, 0x6705, 0x0000, 0x0000, 0x0000, 0x6705, 0x6705, 0x6705, 0x6705, 0x0000, 0x0000, 0x0000, 0x6705, 0x6705, 0x1140,
        0x1140, 0x6705, 0x6705, 0x0000, 0x0000, 0x0000, 0x6705, 0x6705, 0x6705, 0x6705, 0x0000, 0x0000, 0x0000, 0x6705, 0x6705, 0x1140,
        0x1140, 0x6705, 0x6705, 0x6705, 0x0000, 0x0000, 0x6705, 0x6705, 0x6705, 0x6705, 0x0000, 0x0000, 0x6705, 0x6705, 0x6705, 0x1140,
        0x1140, 0x6705, 0x6705, 0x6705, 0x6705, 0x6705, 0x6705, 0x6705, 0x6705, 0x6705, 0x6705, 0x6705, 0x6705, 0x6705, 0x6705, 0x1140,
        0x1140, 0x1140, 0x6705, 0x6705, 0x6705, 0x6705, 0x6705, 0x0000, 0x0000, 0x6705, 0x6705, 0x6705, 0x6705, 0x6705, 0x1140, 0x1140,
        0x0021, 0x1140, 0x6705, 0x6705, 0x6705, 0x6705, 0x6705, 0x0000, 0x0000, 0x6705, 0x6705, 0x6705, 0x6705, 0x6705, 0x1140, 0x0021,
        0x0021, 0x1140, 0x1140, 0x6705, 0x6705, 0x6705, 0x6705, 0x6705, 0x6705, 0x6705, 0x6705, 0x6705, 0x6705, 0x1140, 0x1140, 0x0021,
        0x0021, 0x0021, 0x1140, 0x1140, 0x6705, 0x0000, 0x0000, 0x0000, 0x0000, 0x0000, 0x0000, 0x6705, 0x1140, 0x1140, 0x0021, 0x0021,
        0x0021, 0x0021, 0x0021, 0x1140, 0x6705, 0x0000, 0x6705, 0x0000, 0x6705, 0x0000, 0x6705, 0x6705, 0x1140, 0x0021, 0x0021, 0x0021,
        0x0021, 0x0021, 0x0021, 0x1140, 0x1140, 0x6705, 0x0000, 0x6705, 0x0000, 0x6705, 0x0000, 0x1140, 0x1140, 0x0021, 0x0021, 0x0021,
        0x0021, 0x0021, 0x0021, 0x0021, 0x1140, 0x1140, 0x1140, 0x1140, 0x1140, 0x1140, 0x1140, 0x1140, 0x0021, 0x0021, 0x0021, 0x0021,
    },
    {
        0x0021, 0x0021, 0x0021, 0x0940, 0x0940, 0x0940, 0x0940, 0x0940, 0x0940, 0x0940, 0x0940, 0x0940, 0x0940, 0x0021, 0x0021, 0x0021,
        0x0021, 0x0940, 0x0940, 0x0940, 0xB7F3, 0xB7F3, 0xB7F3, 0xB7F3, 0xB7F3, 0xB7F3, 0xB7F3, 0xB7F3, 0x0940, 0x0940, 0x0940, 0x0021,
        0x0940, 0x0940, 0xB7F3, 0xB7F3, 0x5F05, 0x5F05, 0x5F05, 0x5F05, 0x5F05, 0x5F05, 0x5F05, 0x5F05, 0xB7F3, 0xB7F3, 0x0940, 0x0940,
        0x0940, 0xB7F3, 0x5F05, 0x5F05, 0x5F05, 0x5F05, 0x5F05, 0x5F05, 0x5F05, 0x5F05, 0x5F05, 0x5F05, 0x5F05, 0x5F05, 0xB7F3, 0x0940,
        0x0940, 0x5F05, 0x5F05, 0x5F05, 0x5F05, 0x5F05, 0x5F05, 0x5F05, 0x5F05, 0x5F05, 0x5F05, 0x5F05, 0x5F05, 0x5F05, 0x5F05, 0x0940,
        0x0940, 0x5F05, 0x5F05, 0x0000, 0x0000, 0x0000, 0x5F05, 0x5F05, 0x5F05, 0x5F05, 0x0000, 0x0000, 0x0000, 0x5F05, 0x5F05, 0x0940,
        0x0940, 0x5F05, 0x5F05, 0x0000, 0x0000, 0x0000, 0x5F05, 0x5F05, 0x5F05, 0x5F05, 0x0000, 0x0000, 0x0000, 0x5F05, 0x5F05, 0x0940,
        0x0940, 0x5F05, 0x5F05, 0x5F05, 0x0000, 0x0000, 0x5F05, 0x5F05, 0x5F05, 0x5F05, 0x0000, 0x0000, 0x5F05, 0x5F05, 0x5F05, 0x0940,
        0x0940, 0x5F05, 0x5F05, 0x5F05, 0x5F05, 0x5F05, 0x5F05, 0x5F05, 0x5F05, 0x5F05, 0x5F05, 0x5F05, 0x5F05, 0x5F05, 0x5F05, 0x0940,
        0x0940, 0x0940, 0x5F05, 0x5F05, 0x5F05, 0x5F05, 0x5F05, 0x0000, 0x0000, 0x5F05, 0x5F05, 0x5F05, 0x5F05, 0x5F05, 0x0940, 0x0940,
        0x0021, 0x0940, 0x5F05, 0x5F05, 0x5F05, 0x5F05, 0x5F05, 0x0000, 0x0000, 0x5F05, 0x5F05, 0x5F05, 0x5F05, 0x5F05, 0x0940, 0x0021,
        0x0021, 0x0940, 0x0940, 0x5F05, 0x5F05, 0x5F05, 0x5F05, 0x5F05, 0x5F05, 0x5F05, 0x5F05, 0x5F05, 0x5F05, 0x0940, 0x0940, 0x0021,
        0x0021, 0x0021, 0x0940, 0x0940, 0x5F05, 0x0000, 0x0000, 0x0000, 0x0000, 0x0000, 0x0000, 0x5F05, 0x0940, 0x0940, 0x0021, 0x0021,
        0x0021, 0x0021, 0x0021, 0x0940, 0x5F05, 0x0000, 0x5F05, 0x0000, 0x5F05, 0x0000, 0x5F05, 0x5F05, 0x0940, 0x0021, 0x0021, 0x0021,
        0x0021, 0x0021, 0x0021, 0x0940, 0x0940, 0x5F05, 0x0000, 0x5F05, 0x0000, 0x5F05, 0x0000, 0x0940, 0x0940, 0x0021, 0x0021, 0x0021,
        0x0021, 0x0021, 0x0021, 0x0021, 0x0940, 0x0940, 0x0940, 0x0940, 0x0940, 0x0940, 0x0940, 0x0940, 0x0021, 0x0021, 0x0021, 0x0021,
    },
    {
        0x0021, 0x0021, 0x0021, 0x0940, 0x0940, 0x0940, 0x0940, 0x0940, 0x0940, 0x0940, 0x0940, 0x0940, 0x0940, 0x0021, 0x0021, 0x0021,
        0x0021, 0x0940, 0x0940, 0x0940, 0xAFF3, 0xAFF3, 0xAFF3, 0xAFF3, 0xAFF3, 0xAFF3, 0xAFF3, 0xAFF3, 0x0940, 0x0940, 0x0940, 0x0021,
        0x0940, 0x0940, 0xAFF3, 0xAFF3, 0x5705, 0x5705, 0x5705, 0x5705, 0x5705, 0x5705, 0x5705, 0x5705, 0xAFF3, 0xAFF3, 0x0940, 0x0940,
        0x0940, 0xAFF3, 0x5705, 0x5705, 0x5705, 0x5705, 0x5705, 0x5705, 0x5705, 0x5705, 0x5705, 0x5705, 0x5705, 0x5705, 0xAFF3, 0x0940,
        0x0940, 0x5705, 0x5705, 0x5705, 0x5705, 0x5705, 0x5705, 0x5705, 0x5705, 0x5705, 0x5705, 0x5705, 0x5705, 0x5705, 0x5705, 0x0940,
        0x0940, 0x5705, 0x5705, 0x0000, 0x0000, 0x0000, 0x5705, 0x5705, 0x5705, 0x5705, 0x0000, 0x0000, 0x0000, 0x5705, 0x5705, 0x0940,
        0x0940, 0x5705, 0x5705, 0x0000, 0x0000, 0x0000, 0x5705, 0x5705, 0x5705, 0x5705, 0x0000, 0x0000, 0x0000, 0x5705, 0x5705, 0x0940,
        0x0940, 0x5705, 0x5705, 0x5705, 0x0000, 0x0000, 0x5705, 0x5705, 0x5705, 0x5705, 0x0000, 0x0000, 0x5705, 0x5705, 0x5705, 0x0940,
        0x0940, 0x5705, 0x5705, 0x5705, 0x5705, 0x5705, 0x5705, 0x5705, 0x5705, 0x5705, 0x5705, 0x5705, 0x5705, 0x5705, 0x5705, 0x0940,
        0x0940, 0x0940, 0x5705, 0x5705, 0x5705, 0x5705, 0x5705, 0x0000, 0x0000, 0x5705, 0x5705, 0x5705, 0x5705, 0x5705, 0x0940, 0x0940,
        0x0021, 0x0940, 0x5705, 0x5705, 0x5705, 0x5705, 0x5705, 0x0000, 0x0000, 0x5705, 0x5705, 0x5705, 0x5705, 0x5705, 0x0940, 0x0021,
        0x0021, 0x0940, 0x0940, 0x5705, 0x5705, 0x5705, 0x5705, 0x5705, 0x5705, 0x5705, 0x5705, 0x5705, 0x5705, 0x0940, 0x0940, 0x0021,
        0x0021, 0x0021, 0x0940, 0x0940, 0x5705, 0x0000, 0x0000, 0x0000, 0x0000, 0x0000, 0x0000, 0x5705, 0x0940, 0x0940, 0x0021, 0x0021,
        0x0021, 0x0021, 0x0021, 0x0940, 0x5705, 0x0000, 0x5705, 0x0000, 0x5705, 0x0000, 0x5705, 0x5705, 0x0940, 0x0021, 0x0021, 0x0021,
        0x0021, 0x0021, 0x0021, 0x0940, 0x0940, 0x5705, 0x0000, 0x5705, 0x0000, 0x5705, 0x0000, 0x0940, 0x0940, 0x0021, 0x0021, 0x0021,
        0x0021, 0x0021, 0x0021, 0x0021, 0x0940, 0x0940, 0x0940, 0x0940, 0x0940, 0x0940, 0x0940, 0x0940, 0x0021, 0x0021, 0x0021, 0x0021,
    },
    {
        0x0021, 0x0021, 0x0021, 0x0940, 0x0940, 0x0940, 0x0940, 0x0940, 0x0940, 0x0940, 0x0940, 0x0940, 0x0940, 0x0021, 0x0021, 0x0021,
        0x0021, 0x0940, 0x0940, 0x0940, 0xAFF3, 0xAFF3, 0xAFF3, 0xAFF3, 0xAFF3, 0xAFF3, 0xAFF3, 0xAFF3, 0x0940, 0x0940, 0x0940, 0x0021,
        0x0940, 0x0940, 0xAFF3, 0xAFF3, 0x4F05, 0x4F05, 0x4F05, 0x4F05, 0x4F05, 0x4F05, 0x4F05, 0x4F05, 0xAFF3, 0xAFF3, 0x0940, 0x0940,
        0x0940, 0xAFF3, 0x4F05, 0x4F05, 0x4F05, 0x4F05, 0x4F05, 0x4F05, 0x4F05, 0x4F05, 0x4F05, 0x4F05, 0x4F05, 0x4F05, 0xAFF3, 0x0940,
        0x0940, 0x4F05, 0x4F05, 0x4F05, 0x4F05, 0x4F05, 0x4F05, 0x4F05, 0x4F05, 0x4F05, 0x4F05, 0x4F05, 0x4F05, 0x4F05, 0x4F05, 0x0940,
        0x0940, 0x4F05, 0x4F05, 0x0000, 0x0000, 0x0000, 0x4F05, 0x4F05, 0x4F05, 0x4F05, 0x0000, 0x0000, 0x0000, 0x4F05, 0x4F05, 0x0940,
        0x0940, 0x4F05, 0x4F05, 0x0000, 0x0000, 0x0000, 0x4F05, 0x4F05, 0x4F05, 0x4F05, 0x0000, 0x0000, 0x0000, 0x4F05, 0x4F05, 0x0940,
        0x0940, 0x4F05, 0x4F05, 0x4F05, 0x0000, 0x0000, 0x4F05, 0x4F05, 0x4F05, 0x4F05, 0x0000, 0x0000, 0x4F05, 0x4F05, 0x4F05, 0x0940,
        0x0940, 0x4F05, 0x4F05, 0x4F05, 0x4F05, 0x4F05, 0x4F05, 0x4F05, 0x4F05, 0x4F05, 0x4F05, 0x4F05, 0x4F05, 0x4F05, 0x4F05, 0x0940,
        0x0940, 0x0940, 0x4F05, 0x4F05, 0x4F05, 0x4F05, 0x4F05, 0x0000, 0x0000, 0x4F05, 0x4F05, 0x4F05, 0x4F05, 0x4F05, 0x0940, 0x0940,
        0x0021, 0x0940, 0x4F05, 0x4F05, 0x4F05, 0x4F05, 0x4F05, 0x0000, 0x0000, 0x4F05, 0x4F05, 0x4F05, 0x4F05, 0x4F05, 0x0940, 0x0021,
        0x0021, 0x0940, 0x0940, 0x4F05, 0x4F05, 0x4F05, 0x4F05, 0x4F05, 0x4F05, 0x4F05, 0x4F05, 0x4F05, 0x4F05, 0x0940, 0x0940, 0x0021,
        0x0021, 0x0021, 0x0940, 0x0940, 0x4F05, 0x0000, 0x0000, 0x0000, 0x0000, 0x0000, 0x0000, 0x4F05, 0x0940, 0x0940, 0x0021, 0x0021,
        0x0021, 0x0021, 0x0021, 0x0940, 0x4F05, 0x0000, 0x4F05, 0x0000, 0x4F05, 0x0000, 0x4F05, 0x4F05, 0x0940, 0x0021, 0x0021, 0x0021,
        0x0021, 0x0021, 0x0021, 0x0940, 0x0940, 0x4F05, 0x0000, 0x4F05, 0x0000, 0x4F05, 0x0000, 0x0940, 0x0940, 0x0021, 0x0021, 0x0021,
        0x0021, 0x0021, 0x0021, 0x0021, 0x0940, 0x0940, 0x0940, 0x0940, 0x0940, 0x0940, 0x0940, 0x0940, 0x0021, 0x0021, 0x0021, 0x0021,
    },
    {
        0x0021, 0x0021, 0x0021, 0x0940, 0x0940, 0x0940, 0x0940, 0x0940, 0x0940, 0x0940, 0x0940, 0x0940, 0x0940, 0x0021, 0x0021, 0x0021,
        0x0021, 0x0940, 0x0940, 0x0940, 0xA7F3, 0xA7F3, 0xA7F3, 0xA7F3, 0xA7F3, 0xA7F3, 0xA7F3, 0xA7F3, 0x0940, 0x0940, 0x0940, 0x0021,
        0x0940, 0x0940, 0xA7F3, 0xA7F3, 0x4705, 0x4705, 0x4705, 0x4705, 0x4705, 0x4705, 0x4705, 0x4705, 0xA7F3, 0xA7F3, 0x0940, 0x0940,
        0x0940, 0xA7F3, 0x4705, 0x4705, 0x4705, 0x4705, 0x4705, 0x4705, 0x4705, 0x4705, 0x4705, 0x4705, 0x4705, 0x4705, 0xA7F3, 0x0940,
        0x0940, 0x4705, 0x4705, 0x4705, 0x4705, 0x4705, 0x4705, 0x4705, 0x4705, 0x4705, 0x4705, 0x4705, 0x4705, 0x4705, 0x4705, 0x0940,
        0x0940, 0x4705, 0x4705, 0x0000, 0x0000, 0x0000, 0x4705, 0x4705, 0x4705, 0x4705, 0x0000, 0x0000, 0x0000, 0x4705, 0x4705, 0x0940,
        0x0940, 0x4705, 0x4705, 0x0000, 0x0000, 0x0000, 0x4705, 0x4705, 0x4705, 0x4705, 0x0000, 0x0000, 0x0000, 0x4705, 0x4705, 0x0940,
        0x0940, 0x4705, 0x4705, 0x4705, 0x0000, 0x0000, 0x4705, 0x4705, 0x4705, 0x4705, 0x0000, 0x0000, 0x4705, 0x4705, 0x4705, 0x0940,
        0x0940, 0x4705, 0x4705, 0x4705, 0x4705, 0x4705, 0x4705, 0x4705, 0x4705, 0x4705, 0x4705, 0x4705, 0x4705, 0x4705, 0x4705, 0x0940,
        0x0940, 0x0940, 0x4705, 0x4705, 0x4705, 0x4705, 0x4705, 0x0000, 0x0000, 0x4705, 0x4705, 0x4705, 0x4705, 0x4705, 0x0940, 0x0940,
        0x0021, 0x0940, 0x4705, 0x4705, 0x4705, 0x4705, 0x4705, 0x0000, 0x0000, 0x4705, 0x4705, 0x4705, 0x4705, 0x4705, 0x0940, 0x0021,
        0x0021, 0x0940, 0x0940, 0x4705, 0x4705, 0x4705, 0x4705, 0x4705, 0x4705, 0x4705, 0x4705, 0x4705, 0x4705, 0x0940, 0x0940, 0x0021,
        0x0021, 0x0021, 0x0940, 0x0940, 0x4705, 0x0000, 0x0000, 0x0000, 0x0000, 0x0000, 0x0000, 0x4705, 0x0940, 0x0940, 0x0021, 0x0021,
        0x0021, 0x0021, 0x0021, 0x0940, 0x4705, 0x0000, 0x4705, 0x0000, 0x4705, 0x0000, 0x4705, 0x4705, 0x0940, 0x0021, 0x0021, 0x0021,
        0x0021, 0x0021, 0x0021, 0x0940, 0x0940, 0x4705, 0x0000, 0x4705, 0x0000, 0x4705, 0x0000, 0x0940, 0x0940, 0x0021, 0x0021, 0x0021,
        0x0021, 0x0021, 0x0021, 0x0021, 0x0940, 0x0940, 0x0940, 0x0940, 0x0940, 0x0940, 0x0940, 0x0940, 0x0021, 0x0021, 0x0021, 0x0021,
    },
    {
        0x0021, 0x0021, 0x0021, 0x0140, 0x0140, 0x0140, 0x0140, 0x0140, 0x0140, 0x0140, 0x0140, 0x0140, 0x0140, 0x0021, 0x0021, 0x0021,
        0x0021, 0x0140, 0x0140, 0x0140, 0xA7F3, 0xA7F3, 0xA7F3, 0xA7F3, 0xA7F3, 0xA7F3, 0xA7F3, 0xA7F3, 0x0140, 0x0140, 0x0140, 0x0021,
        0x0140, 0x0140, 0xA7F3, 0xA7F3, 0x3F05, 0x3F05, 0x3F05, 0x3F05, 0x3F05, 0x3F05, 0x3F05, 0x3F05, 0xA7F3, 0xA7F3, 0x0140, 0x0140,
        0x0140, 0xA7F3, 0x3F05, 0x3F05, 0x3F05, 0x3F05, 0x3F05, 0x3F05, 0x3F05, 0x3F05, 0x3F05, 0x3F05, 0x3F05, 0x3F05, 0xA7F3, 0x0140,
        0x0140, 0x3F05, 0x3F05, 0x3F05, 0x3F05, 0x3F05, 0x3F05, 0x3F05, 0x3F05, 0x3F05, 0x3F05, 0x3F05, 0x3F05, 0x3F05, 0x3F05, 0x0140,
        0x0140, 0x3F05, 0x3F05, 0x0000, 0x0000, 0x0000, 0x3F05, 0x3F05, 0x3F05, 0x3F05, 0x0000, 0x0000, 0x0000, 0x3F05, 0x3F05, 0x0140,
        0x0140, 0x3F05, 0x3F05, 0x0000, 0x0000, 0x0000, 0x3F05, 0x3F05, 0x3F05, 0x3F05, 0x0000, 0x0000, 0x0000, 0x3F05, 0x3F05, 0x0140,
        0x0140, 0x3F05, 0x3F05, 0x3F05, 0x0000, 0x0000, 0x3F05, 0x3F05, 0x3F05, 0x3F05, 0x0000, 0x0000, 0x3F05, 0x3F05, 0x3F05, 0x0140,
        0x0140, 0x3F05, 0x3F05, 0x3F05, 0x3F05, 0x3F05, 0x3F05, 0x3F05, 0x3F05, 0x3F05, 0x3F05, 0x3F05, 0x3F05, 0x3F05, 0x3F05, 0x0140,
        0x0140, 0x0140, 0x3F05, 0x3F05, 0x3F05, 0x3F05, 0x3F05, 0x0000, 0x0000, 0x3F05, 0x3F05, 0x3F05, 0x3F05, 0x3F05, 0x0140, 0x0140,
        0x0021, 0x0140, 0x3F05, 0x3F05, 0x3F05, 0x3F05, 0x3F05, 0x0000, 0x0000, 0x3F05, 0x3F05, 0x3F05, 0x3F05, 0x3F05, 0x0140, 0x0021,
        0x0021, 0x0140, 0x0140, 0x3F05, 0x3F05, 0x3F05, 0x3F05, 0x3F05, 0x3F05, 0x3F05, 0x3F05, 0x3F05, 0x3F05, 0x0140, 0x0140, 0x0021,
        0x0021, 0x0021, 0x0140, 0x0140, 0x3F05, 0x0000, 0x0000, 0x0000, 0x0000, 0x0000, 0x0000, 0x3F05, 0x0140, 0x0140, 0x0021, 0x0021,
        0x0021, 0x0021, 0x0021, 0x0140, 0x3F05, 0x0000, 0x3F05, 0x0000, 0x3F05, 0x0000, 0x3F05, 0x3F05, 0x0140, 0x0021, 0x0021, 0x0021,
        0x0021, 0x0021, 0x0021, 0x0140, 0x0140, 0x3F05, 0x0000, 0x3F05, 0x0000, 0x3F05, 0x0000, 0x0140, 0x0140, 0x0021, 0x0021, 0x0021,
        0x0021, 0x0021, 0x0021, 0x0021, 0x0140, 0x0140, 0x0140, 0x0140, 0x0140, 0x0140, 0x0140, 0x0140, 0x0021, 0x0021, 0x0021, 0x0021,
    },
    {
        0x0021, 0x0021, 0x0021, 0x0140, 0x0140, 0x0140, 0x0140, 0x0140, 0x0140, 0x0140, 0x0140, 0x0140, 0x0140, 0x0021, 0x0021, 0x0021,
        0x0021, 0x0140, 0x0140, 0x0140, 0x9FF3, 0x9FF3, 0x9FF3, 0x9FF3, 0x9FF3, 0x9FF3, 0x9FF3, 0x9FF3, 0x0140, 0x0140, 0x0140, 0x0021,
        0x0140, 0x0140, 0x9FF3, 0x9FF3, 0x3705, 0x3705, 0x3705, 0x3705, 0x3705, 0x3705, 0x3705, 0x3705, 0x9FF3, 0x9FF3, 0x0140, 0x0140,
        0x0140, 0x9FF3, 0x3705, 0x3705, 0x3705, 0x3705, 0x3705, 0x3705, 0x3705, 0x3705, 0x3705, 0x3705, 0x3705, 0x3705, 0x9FF3, 0x0140,
        0x0140, 0x3705, 0x3705, 0x3705, 0x3705, 0x3705, 0x3705, 0x3705, 0x3705, 0x3705, 0x3705, 0x3705, 0x3705, 0x3705, 0x3705, 0x0140,
        0x0140, 0x3705, 0x3705, 0x0000, 0x0000, 0x0000, 0x3705, 0x3705, 0x3705, 0x3705, 0x0000, 0x0000, 0x0000, 0x3705, 0x3705, 0x0140,
        0x0140, 0x3705, 0x3705, 0x0000, 0x0000, 0x0000, 0x3705, 0x3705, 0x3705, 0x3705, 0x0000, 0x0000, 0x0000, 0x3705, 0x3705, 0x0140,
        0x0140, 0x3705, 0x3705, 0x3705, 0x0000, 0x0000, 0x3705, 0x3705, 0x3705, 0x3705, 0x0000, 0x0000, 0x3705, 0x3705, 0x3705, 0x0140,
        0x0140, 0x3705, 0x3705, 0x3705, 0x3705, 0x3705, 0x3705, 0x3705, 0x3705, 0x3705, 0x3705, 0x3705, 0x3705, 0x3705, 0x3705, 0x0140,
        0x0140, 0x0140, 0x3705, 0x3705, 0x3705, 0x3705, 0x3705, 0x0000, 0x0000, 0x3705, 0x3705, 0x3705, 0x3705, 0x3705, 0x0140, 0x0140,
        0x0021, 0x0140, 0x3705, 0x3705, 0x3705, 0x3705, 0x3705, 0x0000, 0x0000, 0x3705, 0x3705, 0x3705, 0x3705, 0x3705, 0x0140, 0x0021,
        0x0021, 0x0140, 0x0140, 0x3705, 0x3705, 0x3705, 0x3705, 0x3705, 0x3705, 0x3705, 0x3705, 0x3705, 0x3705, 0x0140, 0x0140, 0x0021,
        0x0021, 0x0021, 0x0140, 0x0140, 0x3705, 0x0000, 0x0000, 0x0000, 0x0000, 0x0000, 0x0000, 0x3705, 0x0140, 0x0140, 0x0021, 0x0021,
        0x0021, 0x0021, 0x0021, 0x0140, 0x3705, 0x0000, 0x3705, 0x0000, 0x3705, 0x0000, 0x3705, 0x3705, 0x0140, 0x0021, 0x0021, 0x0021,
        0x0021, 0x0021, 0x0021, 0x0140, 0x0140, 0x3705, 0x0000, 0x3705, 0x0000, 0x3705, 0x0000, 0x0140, 0x0140, 0x0021, 0x0021, 0x0021,
        0x0021, 0x0021, 0x0021, 0x0021, 0x0140, 0x0140, 0x0140, 0x0140, 0x0140, 0x0140, 0x0140, 0x0140, 0x0021, 0x0021, 0x0021, 0x0021,
    },
    {
        0x0021, 0x0021, 0x0021, 0x0140, 0x0140, 0x0140, 0x0140, 0x0140, 0x0140, 0x0140, 0x0140, 0x0140, 0x0140, 0x0021, 0x0021, 0x0021,
        0x0021, 0x0140, 0x0140, 0x0140, 0x9FF3, 0x9FF3, 0x9FF3, 0x9FF3, 0x9FF3, 0x9FF3, 0x9FF3, 0x9FF3, 0x0140, 0x0140, 0x0140, 0x0021,
        0x0140, 0x0140, 0x9FF3, 0x9FF3, 0x2F05, 0x2F05, 0x2F05, 0x2F05, 0x2F05, 0x2F05, 0x2F05, 0x2F05, 0x9FF3, 0x9FF3, 0x0140, 0x0140,
        0x0140, 0x9FF3, 0x2F05, 0x2F05, 0x2F05, 0x2F05, 0x2F05, 0x2F05, 0x2F05, 0x2F05, 0x2F05, 0x2F05, 0x2F05, 0x2F05, 0x9FF3, 0x0140,
        0x0140, 0x2F05, 0x2F05, 0x2F05, 0x2F05, 0x2F05, 0x2F05, 0x2F05, 0x2F05, 0x2F05, 0x2F05, 0x2F05, 0x2F05, 0x2F05, 0x2F05, 0x0140,
        0x0140, 0x2F05, 0x2F05, 0x0000, 0x0000, 0x0000, 0x2F05, 0x2F05, 0x2F05, 0x2F05, 0x0000, 0x0000, 0x0000, 0x2F05, 0x2F05, 0x0140,
        0x0140, 0x2F05, 0x2F05, 0x0000, 0x0000, 0x0000, 0x2F05, 0x2F05, 0x2F05, 0x2F05, 0x0000, 0x0000, 0x0000, 0x2F05, 0x2F05, 0x0140,
        0x0140, 0x2F05, 0x2F05, 0x2F05, 0x0000, 0x0000, 0x2F05, 0x2F05, 0x2F05, 0x2F05, 0x0000, 0x0000, 0x2F05, 0x2F05, 0x2F05, 0x0140,
        0x0140, 0x2F05, 0x2F05, 0x2F05, 0x2F05, 0x2F05, 0x2F05, 0x2F05, 0x2F05, 0x2F05, 0x2F05, 0x2F05, 0x2F05, 0x2F05, 0x2F05, 0x0140,
        0x0140, 0x0140, 0x2F05, 0x2F05, 0x2F05, 0x2F05, 0x2F05, 0x0000, 0x0000, 0x2F05, 0x2F05, 0x2F05, 0x2F05, 0x2F05, 0x0140, 0x0140,
        0x0021, 0x0140, 0x2F05, 0x2F05, 0x2F05, 0x2F05, 0x2F05, 0x0000, 0x0000, 0x2F05, 0x2F05, 0x2F05, 0x2F05, 0x2F05, 0x0140, 0x0021,
        0x0021, 0x0140, 0x0140, 0x2F05, 0x2F05, 0x2F05, 0x2F05, 0x2F05, 0x2F05, 0x2F05, 0x2F05, 0x2F05, 0x2F05, 0x0140, 0x0140, 0x0021,
        0x0021, 0x0021, 0x0140, 0x0140, 0x2F05, 0x0000, 0x0000, 0x0000, 0x0000, 0x0000, 0x0000, 0x2F05, 0x0140, 0x0140, 0x0021, 0x0021,
        0x0021, 0x0021, 0x0021, 0x0140, 0x2F05, 0x0000, 0x2F05, 0x0000, 0x2F05, 0x0000, 0x2F05, 0x2F05, 0x0140, 0x0021, 0x0021, 0x0021,
        0x0021, 0x0021, 0x0021, 0x0140, 0x0140, 0x2F05, 0x0000, 0x2F05, 0x0000, 0x2F05, 0x0000, 0x0140, 0x0140, 0x0021, 0x0021, 0x0021,
        0x0021, 0x0021, 0x0021, 0x0021, 0x0140, 0x0140, 0x0140, 0x0140, 0x0140, 0x0140, 0x0140, 0x0140, 0x0021, 0x0021, 0x0021, 0x0021,
    },
    {
        0x0021, 0x0021, 0x0021, 0x0140, 0x0140, 0x0140, 0x0140, 0x0140, 0x0140, 0x0140, 0x0140, 0x0140, 0x0140, 0x0021, 0x0021, 0x0021,
        0x0021, 0x0140, 0x0140, 0x0140, 0x9FF3, 0x9FF3, 0x9FF3, 0x9FF3, 0x9FF3, 0x9FF3, 0x9FF3, 0x9FF3, 0x0140, 0x0140, 0x0140, 0x0021,
        0x0140, 0x0140, 0x9FF3, 0x9FF3, 0x2F07, 0x2F07, 0x2F07, 0x2F07, 0x2F07, 0x2F07, 0x2F07, 0x2F07, 0x9FF3, 0x9FF3, 0x0140, 0x0140,
        0x0140, 0x9FF3, 0x2F07, 0x2F07, 0x2F07, 0x2F07, 0x2F07, 0x2F07, 0x2F07, 0x2F07, 0x2F07, 0x2F07, 0x2F07, 0x2F07, 0x9FF3, 0x0140,
        0x0140, 0x2F07, 0x2F07, 0x2F07, 0x2F07, 0x2F07, 0x2F07, 0x2F07, 0x2F07, 0x2F07, 0x2F07, 0x2F07, 0x2F07, 0x2F07, 0x2F07, 0x0140,
        0x0140, 0x2F07, 0x2F07, 0x0000, 0x0000, 0x0000, 0x2F07, 0x2F07, 0x2F07, 0x2F07, 0x0000, 0x0000, 0x0000, 0x2F07, 0x2F07, 0x0140,
        0x0140, 0x2F07, 0x2F07, 0x0000, 0x0000, 0x0000, 0x2F07, 0x2F07, 0x2F07, 0x2F07, 0x0000, 0x0000, 0x0000, 0x2F07, 0x2F07, 0x0140,
        0x0140, 0x2F07, 0x2F07, 0x2F07, 0x0000, 0x0000, 0x2F07, 0x2F07, 0x2F07, 0x2F07, 0x0000, 0x0000, 0x2F07, 0x2F07, 0x2F07, 0x0140,
        0x0140, 0x2F07, 0x2F07, 0x2F07, 0x2F07, 0x2F07, 0x2F07, 0x2F07, 0x2F07, 0x2F07, 0x2F07, 0x2F07, 0x2F07, 0x2F07, 0x2F07, 0x0140,
        0x0140, 0x0140, 0x2F07, 0x2F07, 0x2F07, 0x2F07, 0x2F07, 0x0000, 0x0000, 0x2F07, 0x2F07, 0x2F07, 0x2F07, 0x2F07, 0x0140, 0x0140,
        0x0021, 0x0140, 0x2F07, 0x2F07, 0x2F07, 0x2F07, 0x2F07, 0x0000, 0x0000, 0x2F07, 0x2F07, 0x2F07, 0x2F07, 0x2F07, 0x0140, 0x0021,
        0x0021, 0x0140, 0x0140, 0x2F07, 0x2F07, 0x2F07, 0x2F07, 0x2F07, 0x2F07, 0x2F07, 0x2F07, 0x2F07, 0x2F07, 0x0140, 0x0140, 0x0021,
        0x0021, 0x0021, 0x0140, 0x0140, 0x2F07, 0x0000, 0x0000, 0x0000, 0x0000, 0x0000, 0x0000, 0x2F07, 0x0140, 0x0140, 0x0021, 0x0021,
        0x0021, 0x0021, 0x0021, 0x0140, 0x2F07, 0x0000, 0x2F07, 0x0000, 0x2F07, 0x0000, 0x2F07, 0x2F07, 0x0140, 0x0021, 0x0021, 0x0021,
        0x0021, 0x0021, 0x0021, 0x0140, 0x0140, 0x2F07, 0x0000, 0x2F07, 0x0000, 0x2F07, 0x0000, 0x0140, 0x0140, 0x0021, 0x0021, 0x0021,
        0x0021, 0x0021, 0x0021, 0x0021, 0x0140, 0x0140, 0x0140, 0x0140, 0x0140, 0x0140, 0x0140, 0x0140, 0x0021, 0x0021, 0x0021, 0x0021,
    },
    {
        0x0021, 0x0021, 0x0021, 0x0141, 0x0141, 0x0141, 0x0141, 0x0141, 0x0141, 0x0141, 0x0141, 0x0141, 0x0141, 0x0021, 0x0021, 0x0021,
        0x0021, 0x0141, 0x0141, 0x0141, 0x9FF4, 0x9FF4, 0x9FF4, 0x9FF4, 0x9FF4, 0x9FF4, 0x9FF4, 0x9FF4, 0x0141, 0x0141, 0x0141, 0x0021,
        0x0141, 0x0141, 0x9FF4, 0x9FF4, 0x2F08, 0x2F08, 0x2F08, 0x2F08, 0x2F08, 0x2F08, 0x2F08, 0x2F08, 0x9FF4, 0x9FF4, 0x0141, 0x0141,
        0x0141, 0x9FF4, 0x2F08, 0x2F08, 0x2F08, 0x2F08, 0x2F08, 0x2F08, 0x2F08, 0x2F08, 0x2F08, 0x2F08, 0x2F08, 0x2F08, 0x9FF4, 0x0141,
        0x0141, 0x2F08, 0x2F08, 0x2F08, 0x2F08, 0x2F08, 0x2F08, 0x2F08, 0x2F08, 0x2F08, 0x2F08, 0x2F08, 0x2F08, 0x2F08, 0x2F08, 0x0141,
        0x0141, 0x2F08, 0x2F08, 0x0000, 0x0000, 0x0000, 0x2F08, 0x2F08, 0x2F08, 0x2F08, 0x0000, 0x0000, 0x0000, 0x2F08, 0x2F08, 0x0141,
        0x0141, 0x2F08, 0x2F08, 0x0000, 0x0000, 0x0000, 0x2F08, 0x2F08, 0x2F08, 0x2F08, 0x0000, 0x0000, 0x0000, 0x2F08, 0x2F08, 0x0141,
        0x0141, 0x2F08, 0x2F08, 0x2F08, 0x0000, 0x0000, 0x2F08, 0x2F08, 0x2F08, 0x2F08, 0x0000, 0x0000, 0x2F08, 0x2F08, 0x2F08, 0x0141,
        0x0141, 0x2F08, 0x2F08, 0x2F08, 0x2F08, 0x2F08, 0x2F08, 0x2F08, 0x2F08, 0x2F08, 0x2F08, 0x2F08, 0x2F08, 0x2F08, 0x2F08, 0x0141,
        0x0141, 0x0141, 0x2F08, 0x2F08, 0x2F08, 0x2F08, 0x2F08, 0x0000, 0x0000, 0x2F08, 0x2F08, 0x2F08, 0x2F08, 0x2F08, 0x0141, 0x0141,
        0x0021, 0x0141, 0x2F08, 0x2F08, 0x2F08, 0x2F08, 0x2F08, 0x0000, 0x0000, 0x2F08, 0x2F08, 0x2F08, 0x2F08, 0x2F08, 0x0141, 0x0021,
        0x0021, 0x0141, 0x0141, 0x2F08, 0x2F08, 0x2F08, 0x2F08, 0x2F08, 0x2F08, 0x2F08, 0x2F08, 0x2F08, 0x2F08, 0x0141, 0x0141, 0x0021,
        0x0021, 0x0021, 0x0141, 0x0141, 0x2F08, 0x0000, 0x0000, 0x0000, 0x0000, 0x0000, 0x0000, 0x2F08, 0x0141, 0x0141, 0x0021, 0x0021,
        0x0021, 0x0021, 0x0021, 0x0141, 0x2F08, 0x0000, 0x2F08, 0x0000, 0x2F08, 0x0000, 0x2F08, 0x2F08, 0x0141, 0x0021, 0x0021, 0x0021,
        0x0021, 0x0021, 0x0021, 0x0141, 0x0141, 0x2F08, 0x0000, 0x2F08, 0x0000, 0x2F08, 0x0000, 0x0141, 0x0141, 0x0021, 0x0021, 0x0021,
        0x0021, 0x0021, 0x0021, 0x0021, 0x0141, 0x0141, 0x0141, 0x0141, 0x0141, 0x0141, 0x0141, 0x0141, 0x0021, 0x0021, 0x0021, 0x0021,
    },
    {
        0x0021, 0x0021, 0x0021, 0x0141, 0x0141, 0x0141, 0x0141, 0x0141, 0x0141, 0x0141, 0x0141, 0x0141, 0x0141, 0x0021, 0x0021, 0x0021,
        0x0021, 0x0141, 0x0141, 0x0141, 0x9FF5, 0x9FF5, 0x9FF5, 0x9FF5, 0x9FF5, 0x9FF5, 0x9FF5, 0x9FF5, 0x0141, 0x0141, 0x0141, 0x0021,
        0x0141, 0x0141, 0x9FF5, 0x9FF5, 0x2F09, 0x2F09, 0x2F09, 0x2F09, 0x2F09, 0x2F09, 0x2F09, 0x2F09, 0x9FF5, 0x9FF5, 0x0141, 0x0141,
        0x0141, 0x9FF5, 0x2F09, 0x2F09, 0x2F09, 0x2F09, 0x2F09, 0x2F09, 0x2F09, 0x2F09, 0x2F09, 0x2F09, 0x2F09, 0x2F09, 0x9FF5, 0x0141,
        0x0141, 0x2F09, 0x2F09, 0x2F09, 0x2F09, 0x2F09, 0x2F09, 0x2F09, 0x2F09, 0x2F09, 0x2F09, 0x2F09, 0x2F09, 0x2F09, 0x2F09, 0x0141,
        0x0141, 0x2F09, 0x2F09, 0x0000, 0x0000, 0x0000, 0x2F09, 0x2F09, 0x2F09, 0x2F09, 0x0000, 0x0000, 0x0000, 0x2F09, 0x2F09, 0x0141,
        0x0141, 0x2F09, 0x2F09, 0x0000, 0x0000, 0x0000, 0x2F09, 0x2F09, 0x2F09, 0x2F09, 0x0000, 0x0000, 0x0000, 0x2F09, 0x2F09, 0x0141,
        0x0141, 0x2F09, 0x2F09, 0x2F09, 0x0000, 0x0000, 0x2F09, 0x2F09, 0x2F09, 0x2F09, 0x0000, 0x0000, 0x2F09, 0x2F09, 0x2F09, 0x0141,
        0x0141, 0x2F09, 0x2F09, 0x2F09, 0x2F09, 0x2F09, 0x2F09, 0x2F09, 0x2F09, 0x2F09, 0x2F09, 0x2F09, 0x2F09, 0x2F09, 0x2F09, 0x0141,
        0x0141, 0x0141, 0x2F09, 0x2F09, 0x2F09, 0x2F09, 0x2F09, 0x0000, 0x0000, 0x2F09, 0x2F09, 0x2F09, 0x2F09, 0x2F09, 0x0141, 0x0141,
        0x0021, 0x0141, 0x2F09, 0x2F09, 0x2F09, 0x2F09, 0x2F09, 0x0000, 0x0000, 0x2F09, 0x2F09, 0x2F09, 0x2F09, 0x2F09, 0x0141, 0x0021,
        0x0021, 0x0141, 0x0141, 0x2F09, 0x2F09, 0x2F09, 0x2F09, 0x2F09, 0x2F09, 0x2F09, 0x2F09, 0x2F09, 0x2F09, 0x0141, 0x0141, 0x0021,
        0x0021, 0x0021, 0x0141, 0x0141, 0x2F09, 0x0000, 0x0000, 0x0000, 0x0000, 0x0000, 0x0000, 0x2F09, 0x0141, 0x0141, 0x0021, 0x0021,
        0x0021, 0x0021, 0x0021, 0x0141, 0x2F09, 0x0000, 0x2F09, 0x0000, 0x2F09, 0x0000, 0x2F09, 0x2F09, 0x0141, 0x0021, 0x0021, 0x0021,
        0x0021, 0x0021, 0x0021, 0x0141, 0x0141, 0x2F09, 0x0000, 0x2F09, 0x0000, 0x2F09, 0x0000, 0x0141, 0x0141, 0x0021, 0x0021, 0x0021,
        0x0021, 0x0021, 0x0021, 0x0021, 0x0141, 0x0141, 0x0141, 0x0141, 0x0141, 0x0141, 0x0141, 0x0141, 0x0021, 0x0021, 0x0021, 0x0021,
    },
    {
        0x0021, 0x0021, 0x0021, 0x0141, 0x0141, 0x0141, 0x0141, 0x0141, 0x0141, 0x0141, 0x0141, 0x0141, 0x0141, 0x0021, 0x0021, 0x0021,
        0x0021, 0x0141, 0x0141, 0x0141, 0x9FF5, 0x9FF5, 0x9FF5, 0x9FF5, 0x9FF5, 0x9FF5, 0x9FF5, 0x9FF5, 0x0141, 0x0141, 0x0141, 0x0021,
        0x0141, 0x0141, 0x9FF5, 0x9FF5, 0x2F0A, 0x2F0A, 0x2F0A, 0x2F0A, 0x2F0A, 0x2F0A, 0x2F0A, 0x2F0A, 0x9FF5, 0x9FF5, 0x0141, 0x0141,
        0x0141, 0x9FF5, 0x2F0A, 0x2F0A, 0x2F0A, 0x2F0A, 0x2F0A, 0x2F0A, 0x2F0A, 0x2F0A, 0x2F0A, 0x2F0A, 0x2F0A, 0x2F0A, 0x9FF5, 0x0141,
        0x0141, 0x2F0A, 0x2F0A, 0x2F0A, 0x2F0A, 0x2F0A, 0x2F0A, 0x2F0A, 0x2F0A, 0x2F0A, 0x2F0A, 0x2F0A, 0x2F0A, 0x2F0A, 0x2F0A, 0x0141,
        0x0141, 0x2F0A, 0x2F0A, 0x0000, 0x0000, 0x0000, 0x2F0A, 0x2F0A, 0x2F0A, 0x2F0A, 0x0000, 0x0000, 0x0000, 0x2F0A, 0x2F0A, 0x0141,
        0x0141, 0x2F0A, 0x2F0A, 0x0000, 0x0000, 0x0000, 0x2F0A, 0x2F0A, 0x2F0A, 0x2F0A, 0x0000, 0x0000, 0x0000, 0x2F0A, 0x2F0A, 0x0141,
        0x0141, 0x2F0A, 0x2F0A, 0x2F0A, 0x0000, 0x0000, 0x2F0A, 0x2F0A, 0x2F0A, 0x2F0A, 0x0000, 0x0000, 0x2F0A, 0x2F0A, 0x2F0A, 0x0141,
        0x0141, 0x2F0A, 0x2F0A, 0x2F0A, 0x2F0A, 0x2F0A, 0x2F0A, 0x2F0A, 0x2F0A, 0x2F0A, 0x2F0A, 0x2F0A, 0x2F0A, 0x2F0A, 0x2F0A, 0x0141,
        0x0141, 0x0141, 0x2F0A, 0x2F0A, 0x2F0A, 0x2F0A, 0x2F0A, 0x0000, 0x0000, 0x2F0A, 0x2F0A, 0x2F0A, 0x2F0A, 0x2F0A, 0x0141, 0x0141,
        0x0021, 0x0141, 0x2F0A, 0x2F0A, 0x2F0A, 0x2F0A, 0x2F0A, 0x0000, 0x0000, 0x2F0A, 0x2F0A, 0x2F0A, 0x2F0A, 0x2F0A, 0x0141, 0x0021,
        0x0021, 0x0141, 0x0141, 0x2F0A, 0x2F0A, 0x2F0A, 0x2F0A, 0x2F0A, 0x2F0A, 0x2F0A, 0x2F0A, 0x2F0A, 0x2F0A, 0x0141, 0x0141, 0x0021,
        0x0021, 0x0021, 0x0141, 0x0141, 0x2F0A, 0x0000, 0x0000, 0x0000, 0x0000, 0x0000, 0x0000, 0x2F0A, 0x0141, 0x0141, 0x0021, 0x0021,
        0x0021, 0x0021, 0x0021, 0x0141, 0x2F0A, 0x0000, 0x2F0A, 0x0000, 0x2F0A, 0x0000, 0x2F0A, 0x2F0A, 0x0141, 0x0021, 0x0021, 0x0021,
        0x0021, 0x0021, 0x0021, 0x0141, 0x0141, 0x2F0A, 0x0000, 0x2F0A, 0x0000, 0x2F0A, 0x0000, 0x0141, 0x0141, 0x0021, 0x0021, 0x0021,
        0x0021, 0x0021, 0x0021, 0x0021, 0x0141, 0x0141, 0x0141, 0x0141, 0x0141, 0x0141, 0x0141, 0x0141, 0x0021, 0x0021, 0x0021, 0x0021,
    },
    {
        0x0021, 0x0021, 0x0021, 0x0141, 0x0141, 0x0141, 0x0141, 0x0141, 0x0141, 0x0141, 0x0141, 0x0141, 0x0141, 0x0021, 0x0021, 0x0021,
        0x0021, 0x0141, 0x0141, 0x0141, 0x9FF6, 0x9FF6, 0x9FF6, 0x9FF6, 0x9FF6, 0x9FF6, 0x9FF6, 0x9FF6, 0x0141, 0x0141, 0x0141, 0x0021,
        0x0141, 0x0141, 0x9FF6, 0x9FF6, 0x2F0B, 0x2F0B, 0x2F0B, 0x2F0B, 0x2F0B, 0x2F0B, 0x2F0B, 0x2F0B, 0x9FF6, 0x9FF6, 0x0141, 0x0141,
        0x0141, 0x9FF6, 0x2F0B, 0x2F0B, 0x2F0B, 0x2F0B, 0x2F0B, 0x2F0B, 0x2F0B, 0x2F0B, 0x2F0B, 0x2F0B, 0x2F0B, 0x2F0B, 0x9FF6, 0x0141,
        0x0141, 0x2F0B, 0x2F0B, 0x2F0B, 0x2F0B, 0x2F0B, 0x2F0B, 0x2F0B, 0x2F0B, 0x2F0B, 0x2F0B, 0x2F0B, 0x2F0B, 0x2F0B, 0x2F0B, 0x0141,
        0x0141, 0x2F0B, 0x2F0B, 0x0000, 0x0000, 0x0000, 0x2F0B, 0x2F0B, 0x2F0B, 0x2F0B, 0x0000, 0x0000, 0x0000, 0x2F0B, 0x2F0B, 0x0141,
        0x0141, 0x2F0B, 0x2F0B, 0x0000, 0x0000, 0x0000, 0x2F0B, 0x2F0B, 0x2F0B, 0x2F0B, 0x0000, 0x0000, 0x0000, 0x2F0B, 0x2F0B, 0x0141,
        0x0141, 0x2F0B, 0x2F0B, 0x2F0B, 0x0000, 0x0000, 0x2F0B, 0x2F0B, 0x2F0B, 0x2F0B, 0x0000, 0x0000, 0x2F0B, 0x2F0B, 0x2F0B, 0x0141,
        0x0141, 0x2F0B, 0x2F0B, 0x2F0B, 0x2F0B, 0x2F0B, 0x2F0B, 0x2F0B, 0x2F0B, 0x2F0B, 0x2F0B, 0x2F0B, 0x2F0B, 0x2F0B, 0x2F0B, 0x0141,
        0x0141, 0x0141, 0x2F0B, 0x2F0B, 0x2F0B, 0x2F0B, 0x2F0B, 0x0000, 0x0000, 0x2F0B, 0x2F0B, 0x2F0B, 0x2F0B, 0x2F0B, 0x0141, 0x0141,
        0x0021, 0x0141, 0x2F0B, 0x2F0B, 0x2F0B, 0x2F0B, 0x2F0B, 0x0000, 0x0000, 0x2F0B, 0x2F0B, 0x2F0B, 0x2F0B, 0x2F0B, 0x0141, 0x0021,
        0x0021, 0x0141, 0x0141, 0x2F0B, 0x2F0B, 0x2F0B, 0x2F0B, 0x2F0B, 0x2F0B, 0x2F0B, 0x2F0B, 0x2F0B, 0x2F0B, 0x0141, 0x0141, 0x0021,
        0x0021, 0x0021, 0x0141, 0x0141, 0x2F0B, 0x0000, 0x0000, 0x0000, 0x0000, 0x0000, 0x0000, 0x2F0B, 0x0141, 0x0141, 0x0021, 0x0021,
        0x0021, 0x0021, 0x0021, 0x0141, 0x2F0B, 0x0000, 0x2F0B, 0x0000, 0x2F0B, 0x0000, 0x2F0B, 0x2F0B, 0x0141, 0x0021, 0x0021, 0x0021,
        0x0021, 0x0021, 0x0021, 0x0141, 0x0141, 0x2F0B, 0x0000, 0x2F0B, 0x0000, 0x2F0B, 0x0000, 0x0141, 0x0141, 0x0021, 0x0021, 0x0021,
        0x0021, 0x0021, 0x0021, 0x0021, 0x0141, 0x0141, 0x0141, 0x0141, 0x0141, 0x0141, 0x0141, 0x0141, 0x0021, 0x0021, 0x0021, 0x0021,
    },
    {
        0x0021, 0x0021, 0x0021, 0x0142, 0x0142, 0x0142, 0x0142, 0x0142, 0x0142, 0x0142, 0x0142, 0x0142, 0x0142, 0x0021, 0x0021, 0x0021,
        0x0021, 0x0142, 0x0142, 0x0142, 0x9FF7, 0x9FF7, 0x9FF7, 0x9FF7, 0x9FF7, 0x9FF7, 0x9FF7, 0x9FF7, 0x0142, 0x0142, 0x0142, 0x0021,
        0x0142, 0x0142, 0x9FF7, 0x9FF7, 0x2F0C, 0x2F0C, 0x2F0C, 0x2F0C, 0x2F0C, 0x2F0C, 0x2F0C, 0x2F0C, 0x9FF7, 0x9FF7, 0x0142, 0x0142,
        0x0142, 0x9FF7, 0x2F0C, 0x2F0C, 0x2F0C, 0x2F0C, 0x2F0C, 0x2F0C, 0x2F0C, 0x2F0C, 0x2F0C, 0x2F0C, 0x2F0C, 0x2F0C, 0x9FF7, 0x0142,
        0x0142, 0x2F0C, 0x2F0C, 0x2F0C, 0x2F0C, 0x2F0C, 0x2F0C, 0x2F0C, 0x2F0C, 0x2F0C, 0x2F0C, 0x2F0C, 0x2F0C, 0x2F0C, 0x2F0C, 0x0142,
        0x0142, 0x2F0C, 0x2F0C, 0x0000, 0x0000, 0x0000, 0x2F0C, 0x2F0C, 0x2F0C, 0x2F0C, 0x0000, 0x0000, 0x0000, 0x2F0C, 0x2F0C, 0x0142,
        0x0142, 0x2F0C, 0x2F0C, 0x0000, 0x0000, 0x0000, 0x2F0C, 0x2F0C, 0x2F0C, 0x2F0C, 0x0000, 0x0000, 0x0000, 0x2F0C, 0x2F0C, 0x0142,
        0x0142, 0x2F0C, 0x2F0C, 0x2F0C, 0x0000, 0x0000, 0x2F0C, 0x2F0C, 0x2F0C, 0x2F0C, 0x0000, 0x0000, 0x2F0C, 0x2F0C, 0x2F0C, 0x0142,
        0x0142, 0x2F0C, 0x2F0C, 0x2F0C, 0x2F0C, 0x2F0C, 0x2F0C, 0x2F0C, 0x2F0C, 0x2F0C, 0x2F0C, 0x2F0C, 0x2F0C, 0x2F0C, 0x2F0C, 0x0142,
        0x0142, 0x0142, 0x2F0C, 0x2F0C, 0x2F0C, 0x2F0C, 0x2F0C, 0x0000, 0x0000, 0x2F0C, 0x2F0C, 0x2F0C, 0x2F0C, 0x2F0C, 0x0142, 0x0142,
        0x0021, 0x0142, 0x2F0C, 0x2F0C, 0x2F0C, 0x2F0C, 0x2F0C, 0x0000, 0x0000, 0x2F0C, 0x2F0C, 0x2F0C, 0x2F0C, 0x2F0C, 0x0142, 0x0021,
        0x0021, 0x0142, 0x0142, 0x2F0C, 0x2F0C, 0x2F0C, 0x2F0C, 0x2F0C, 0x2F0C, 0x2F0C, 0x2F0C, 0x2F0C, 0x2F0C, 0x0142, 0x0142, 0x0021,
        0x0021, 0x0021, 0x0142, 0x0142, 0x2F0C, 0x0000, 0x0000, 0x0000, 0x0000, 0x0000, 0x0000, 0x2F0C, 0x0142, 0x0142, 0x0021, 0x0021,
        0x0021, 0x0021, 0x0021, 0x0142, 0x2F0C, 0x0000, 0x2F0C, 0x0000, 0x2F0C, 0x0000, 0x2F0C, 0x2F0C, 0x0142, 0x0021, 0x0021, 0x0021,
        0x0021, 0x0021, 0x0021, 0x0142, 0x0142, 0x2F0C, 0x0000, 0x2F0C, 0x0000, 0x2F0C, 0x0000, 0x0142, 0x0142, 0x0021, 0x0021, 0x0021,
        0x0021, 0x0021, 0x0021, 0x0021, 0x0142, 0x0142, 0x0142, 0x0142, 0x0142, 0x0142, 0x0142, 0x0142, 0x0021, 0x0021, 0x0021, 0x0021,
    },
    {
        0x0021, 0x0021, 0x0021, 0x0142, 0x0142, 0x0142, 0x0142, 0x0142, 0x0142, 0x0142, 0x0142, 0x0142, 0x0142, 0x0021, 0x0021, 0x0021,
        0x0021, 0x0142, 0x0142, 0x0142, 0x9FF7, 0x9FF7, 0x9FF7, 0x9FF7, 0x9FF7, 0x9FF7, 0x9FF7, 0x9FF7, 0x0142, 0x0142, 0x0142, 0x0021,
        0x0142, 0x0142, 0x9FF7, 0x9FF7, 0x2F0D, 0x2F0D, 0x2F0D, 0x2F0D, 0x2F0D, 0x2F0D, 0x2F0D, 0x2F0D, 0x9FF7, 0x9FF7, 0x0142, 0x0142,
        0x0142, 0x9FF7, 0x2F0D, 0x2F0D, 0x2F0D, 0x2F0D, 0x2F0D, 0x2F0D, 0x2F0D, 0x2F0D, 0x2F0D, 0x2F0D, 0x2F0D, 0x2F0D, 0x9FF7, 0x0142,
        0x0142, 0x2F0D, 0x2F0D, 0x2F0D, 0x2F0D, 0x2F0D, 0x2F0D, 0x2F0D, 0x2F0D, 0x2F0D, 0x2F0D, 0x2F0D, 0x2F0D, 0x2F0D, 0x2F0D, 0x0142,
        0x0142, 0x2F0D, 0x2F0D, 0x0000, 0x0000, 0x0000, 0x2F0D, 0x2F0D, 0x2F0D, 0x2F0D, 0x0000, 0x0000, 0x0000, 0x2F0D, 0x2F0D, 0x0142,
        0x0142, 0x2F0D, 0x2F0D, 0x0000, 0x0000, 0x0000, 0x2F0D, 0x2F0D, 0x2F0D, 0x2F0D, 0x0000, 0x0000, 0x0000, 0x2F0D, 0x2F0D, 0x0142,
        0x0142, 0x2F0D, 0x2F0D, 0x2F0D, 0x0000, 0x0000, 0x2F0D, 0x2F0D, 0x2F0D, 0x2F0D, 0x0000, 0x0000, 0x2F0D, 0x2F0D, 0x2F0D, 0x0142,
        0x0142, 0x2F0D, 0x2F0D, 0x2F0D, 0x2F0D, 0x2F0D, 0x2F0D, 0x2F0D, 0x2F0D, 0x2F0D, 0x2F0D, 0x2F0D, 0x2F0D, 0x2F0D, 0x2F0D, 0x0142,
        0x0142, 0x0142, 0x2F0D, 0x2F0D, 0x2F0D, 0x2F0D, 0x2F0D, 0x0000, 0x0000, 0x2F0D, 0x2F0D, 0x2F0D, 0x2F0D, 0x2F0D, 0x0142, 0x0142,
        0x0021, 0x0142, 0x2F0D, 0x2F0D, 0x2F0D, 0x2F0D, 0x2F0D, 0x0000, 0x0000, 0x2F0D, 0x2F0D, 0x2F0D, 0x2F0D, 0x2F0D, 0x0142, 0x0021,
        0x0021, 0x0142, 0x0142, 0x2F0D, 0x2F0D, 0x2F0D, 0x2F0D, 0x2F0D, 0x2F0D, 0x2F0D, 0x2F0D, 0x2F0D, 0x2F0D, 0x0142, 0x0142, 0x0021,
        0x0021, 0x0021, 0x0142, 0x0142, 0x2F0D, 0x0000, 0x0000, 0x0000, 0x0000, 0x0000, 0x0000, 0x2F0D, 0x0142, 0x0142, 0x0021, 0x0021,
        0x0021, 0x0021, 0x0021, 0x0142, 0x2F0D, 0x0000, 0x2F0D, 0x0000, 0x2F0D, 0x0000, 0x2F0D, 0x2F0D, 0x0142, 0x0021, 0x0021, 0x0021,
        0x0021, 0x0021, 0x0021, 0x0142, 0x0142, 0x2F0D, 0x0000, 0x2F0D, 0x0000, 0x2F0D, 0x0000, 0x0142, 0x0142, 0x0021, 0x0021, 0x0021,
        0x0021, 0x0021, 0x0021, 0x0021, 0x0142, 0x0142, 0x0142, 0x0142, 0x0142, 0x0142, 0x0142, 0x0142, 0x0021, 0x0021, 0x0021, 0x0021,
    },
    {
        0x0021, 0x0021, 0x0021, 0x0142, 0x0142, 0x0142, 0x0142, 0x0142, 0x0142, 0x0142, 0x0142, 0x0142, 0x0142, 0x0021, 0x0021, 0x0021,
        0x0021, 0x0142, 0x0142, 0x0142, 0x9FF8, 0x9FF8, 0x9FF8, 0x9FF8, 0x9FF8, 0x9FF8, 0x9FF8, 0x9FF8, 0x0142, 0x0142, 0x0142, 0x0021,
        0x0142, 0x0142, 0x9FF8, 0x9FF8, 0x2F0E, 0x2F0E, 0x2F0E, 0x2F0E, 0x2F0E, 0x2F0E, 0x2F0E, 0x2F0E, 0x9FF8, 0x9FF8, 0x0142, 0x0142,
        0x0142, 0x9FF8, 0x2F0E, 0x2F0E, 0x2F0E, 0x2F0E, 0x2F0E, 0x2F0E, 0x2F0E, 0x2F0E, 0x2F0E, 0x2F0E, 0x2F0E, 0x2F0E, 0x9FF8, 0x0142,
        0x0142, 0x2F0E, 0x2F0E, 0x2F0E, 0x2F0E, 0x2F0E, 0x2F0E, 0x2F0E, 0x2F0E, 0x2F0E, 0x2F0E, 0x2F0E, 0x2F0E, 0x2F0E, 0x2F0E, 0x0142,
        0x0142, 0x2F0E, 0x2F0E, 0x0000, 0x0000, 0x0000, 0x2F0E, 0x2F0E, 0x2F0E, 0x2F0E, 0x0000, 0x0000, 0x0000, 0x2F0E, 0x2F0E, 0x0142,
        0x0142, 0x2F0E, 0x2F0E, 0x0000, 0x0000, 0x0000, 0x2F0E, 0x2F0E, 0x2F0E, 0x2F0E, 0x0000, 0x0000, 0x0000, 0x2F0E, 0x2F0E, 0x0142,
        0x0142, 0x2F0E, 0x2F0E, 0x2F0E, 0x0000, 0x0000, 0x2F0E, 0x2F0E, 0x2F0E, 0x2F0E, 0x0000, 0x0000, 0x2F0E, 0x2F0E, 0x2F0E, 0x0142,
        0x0142, 0x2F0E, 0x2F0E, 0x2F0E, 0x2F0E, 0x2F0E, 0x2F0E, 0x2F0E, 0x2F0E, 0x2F0E, 0x2F0E, 0x2F0E, 0x2F0E, 0x2F0E, 0x2F0E, 0x0142,
        0x0142, 0x0142, 0x2F0E, 0x2F0E, 0x2F0E, 0x2F0E, 0x2F0E, 0x0000, 0x0000, 0x2F0E, 0x2F0E, 0x2F0E, 0x2F0E, 0x2F0E, 0x0142, 0x0142,
        0x0021, 0x0142, 0x2F0E, 0x2F0E, 0x2F0E, 0x2F0E, 0x2F0E, 0x0000, 0x0000, 0x2F0E, 0x2F0E, 0x2F0E, 0x2F0E, 0x2F0E, 0x0142, 0x0021,
        0x0021, 0x0142, 0x0142, 0x2F0E, 0x2F0E, 0x2F0E, 0x2F0E, 0x2F0E, 0x2F0E, 0x2F0E, 0x2F0E, 0x2F0E, 0x2F0E, 0x0142, 0x0142, 0x0021,
        0x0021, 0x0021, 0x0142, 0x0142, 0x2F0E, 0x0000, 0x0000, 0x0000, 0x0000, 0x0000, 0x0000, 0x2F0E, 0x0142, 0x0142, 0x0021, 0x0021,
        0x0021, 0x0021, 0x0021, 0x0142, 0x2F0E, 0x0000, 0x2F0E, 0x0000, 0x2F0E, 0x0000, 0x2F0E, 0x2F0E, 0x0142, 0x0021, 0x0021, 0x0021,
        0x0021, 0x0021, 0x0021, 0x0142, 0x0142, 0x2F0E, 0x0000, 0x2F0E, 0x0000, 0x2F0E, 0x0000, 0x0142, 0x0142, 0x0021, 0x0021, 0x0021,
        0x0021, 0x0021, 0x0021, 0x0021, 0x0142, 0x0142, 0x0142, 0x0142, 0x0142, 0x0142, 0x0142, 0x0142, 0x0021, 0x0021, 0x0021, 0x0021,
    },
    {
        0x0021, 0x0021, 0x0021, 0x0142, 0x0142, 0x0142, 0x0142, 0x0142, 0x0142, 0x0142, 0x0142, 0x0142, 0x0142, 0x0021, 0x0021, 0x0021,
        0x0021, 0x0142, 0x0142, 0x0142, 0x9FF8, 0x9FF8, 0x9FF8, 0x9FF8, 0x9FF8, 0x9FF8, 0x9FF8, 0x9FF8, 0x0142, 0x0142, 0x0142, 0x0021,
        0x0142, 0x0142, 0x9FF8, 0x9FF8, 0x2F0F, 0x2F0F, 0x2F0F, 0x2F0F, 0x2F0F, 0x2F0F, 0x2F0F, 0x2F0F, 0x9FF8, 0x9FF8, 0x0142, 0x0142,
        0x0142, 0x9FF8, 0x2F0F, 0x2F0F, 0x2F0F, 0x2F0F, 0x2F0F, 0x2F0F, 0x2F0F, 0x2F0F, 0x2F0F, 0x2F0F, 0x2F0F, 0x2F0F, 0x9FF8, 0x0142,
        0x0142, 0x2F0F, 0x2F0F, 0x2F0F, 0x2F0F, 0x2F0F, 0x2F0F, 0x2F0F, 0x2F0F, 0x2F0F, 0x2F0F, 0x2F0F, 0x2F0F, 0x2F0F, 0x2F0F, 0x0142,
        0x0142, 0x2F0F, 0x2F0F, 0x0000, 0x0000, 0x0000, 0x2F0F, 0x2F0F, 0x2F0F, 0x2F0F, 0x0000, 0x0000, 0x0000, 0x2F0F, 0x2F0F, 0x0142,
        0x0142, 0x2F0F, 0x2F0F, 0x0000, 0x0000, 0x0000, 0x2F0F, 0x2F0F, 0x2F0F, 0x2F0F, 0x0000, 0x0000, 0x0000, 0x2F0F, 0x2F0F, 0x0142,
        0x0142, 0x2F0F, 0x2F0F, 0x2F0F, 0x0000, 0x0000, 0x2F0F, 0x2F0F, 0x2F0F, 0x2F0F, 0x0000, 0x0000, 0x2F0F, 0x2F0F, 0x2F0F, 0x0142,
        0x0142, 0x2F0F, 0x2F0F, 0x2F0F, 0x2F0F, 0x2F0F, 0x2F0F, 0x2F0F, 0x2F0F, 0x2F0F, 0x2F0F, 0x2F0F, 0x2F0F, 0x2F0F, 0x2F0F, 0x0142,
        0x0142, 0x0142, 0x2F0F, 0x2F0F, 0x2F0F, 0x2F0F, 0x2F0F, 0x0000, 0x0000, 0x2F0F, 0x2F0F, 0x2F0F, 0x2F0F, 0x2F0F, 0x0142, 0x0142,
        0x0021, 0x0142, 0x2F0F, 0x2F0F, 0x2F0F, 0x2F0F, 0x2F0F, 0x0000, 0x0000, 0x2F0F, 0x2F0F, 0x2F0F, 0x2F0F, 0x2F0F, 0x0142, 0x0021,
        0x0021, 0x0142, 0x0142, 0x2F0F, 0x2F0F, 0x2F0F, 0x2F0F, 0x2F0F, 0x2F0F, 0x2F0F, 0x2F0F, 0x2F0F, 0x2F0F, 0x0142, 0x0142, 0x0021,
        0x0021, 0x0021, 0x0142, 0x0142, 0x2F0F, 0x0000, 0x0000, 0x0000, 0x0000, 0x0000, 0x0000, 0x2F0F, 0x0142, 0x0142, 0x0021, 0x0021,
        0x0021, 0x0021, 0x0021, 0x0142, 0x2F0F, 0x0000, 0x2F0F, 0x0000, 0x2F0F, 0x0000, 0x2F0F, 0x2F0F, 0x0142, 0x0021, 0x0021, 0x0021,
        0x0021, 0x0021, 0x0021, 0x0142, 0x0142, 0x2F0F, 0x0000, 0x2F0F, 0x0000, 0x2F0F, 0x0000, 0x0142, 0x0142, 0x0021, 0x0021, 0x0021,
        0x0021, 0x0021, 0x0021, 0x0021, 0x0142, 0x0142, 0x0142, 0x0142, 0x0142, 0x0142, 0x0142, 0x0142, 0x0021, 0x0021, 0x0021, 0x0021,
    },
    {
        0x0021, 0x0021, 0x0021, 0x0142, 0x0142, 0x0142, 0x0142, 0x0142, 0x0142, 0x0142, 0x0142, 0x0142, 0x0142, 0x0021, 0x0021, 0x0021,
        0x0021, 0x0142, 0x0142, 0x0142, 0x9FF9, 0x9FF9, 0x9FF9, 0x9FF9, 0x9FF9, 0x9FF9, 0x9FF9, 0x9FF9, 0x0142, 0x0142, 0x0142, 0x0021,
        0x0142, 0x0142, 0x9FF9, 0x9FF9, 0x2F10, 0x2F10, 0x2F10, 0x2F10, 0x2F10, 0x2F10, 0x2F10, 0x2F10, 0x9FF9, 0x9FF9, 0x0142, 0x0142,
        0x0142, 0x9FF9, 0x2F10, 0x2F10, 0x2F10, 0x2F10, 0x2F10, 0x2F10, 0x2F10, 0x2F10, 0x2F10, 0x2F10, 0x2F10, 0x2F10, 0x9FF9, 0x0142,
        0x0142, 0x2F10, 0x2F10, 0x2F10, 0x2F10, 0x2F10, 0x2F10, 0x2F10, 0x2F10, 0x2F10, 0x2F10, 0x2F10, 0x2F10, 0x2F10, 0x2F10, 0x0142,
        0x0142, 0x2F10, 0x2F10, 0x0000, 0x0000, 0x0000, 0x2F10, 0x2F10, 0x2F10, 0x2F10, 0x0000, 0x0000, 0x0000, 0x2F10, 0x2F10, 0x0142,
        0x0142, 0x2F10, 0x2F10, 0x0000, 0x0000, 0x0000, 0x2F10, 0x2F10, 0x2F10, 0x2F10, 0x0000, 0x0000, 0x0000, 0x2F10, 0x2F10, 0x0142,
        0x0142, 0x2F10, 0x2F10, 0x2F10, 0x0000, 0x0000, 0x2F10, 0x2F10, 0x2F10, 0x2F10, 0x0000, 0x0000, 0x2F10, 0x2F10, 0x2F10, 0x0142,
        0x0142, 0x2F10, 0x2F10, 0x2F10, 0x2F10, 0x2F10, 0x2F10, 0x2F10, 0x2F10, 0x2F10, 0x2F10, 0x2F10, 0x2F10, 0x2F10, 0x2F10, 0x0142,
        0x0142, 0x0142, 0x2F10, 0x2F10, 0x2F10, 0x2F10, 0x2F10, 0x0000, 0x0000, 0x2F10, 0x2F10, 0x2F10, 0x2F10, 0x2F10, 0x0142, 0x0142,
        0x0021, 0x0142, 0x2F10, 0x2F10, 0x2F10, 0x2F10, 0x2F10, 0x0000, 0x0000, 0x2F10, 0x2F10, 0x2F10, 0x2F10, 0x2F10, 0x0142, 0x0021,
        0x0021, 0x0142, 0x0142, 0x2F10, 0x2F10, 0x2F10, 0x2F10, 0x2F10, 0x2F10, 0x2F10, 0x2F10, 0x2F10, 0x2F10, 0x0142, 0x0142, 0x0021,
        0x0021, 0x0021, 0x0142, 0x0142, 0x2F10, 0x0000, 0x0000, 0x0000, 0x0000, 0x0000, 0x0000, 0x2F10, 0x0142, 0x0142, 0x0021, 0x0021,
        0x0021, 0x0021, 0x0021, 0x0142, 0x2F10, 0x0000, 0x2F10, 0x0000, 0x2F10, 0x0000, 0x2F10, 0x2F10, 0x0142, 0x0021, 0x0021, 0x0021,
        0x0021, 0x0021, 0x0021, 0x0142, 0x0142, 0x2F10, 0x0000, 0x2F10, 0x0000, 0x2F10, 0x0000, 0x0142, 0x0142, 0x0021, 0x0021, 0x0021,
        0x0021, 0x0021, 0x0021, 0x0021, 0x0142, 0x0142, 0x0142, 0x0142, 0x0142, 0x0142, 0x0142, 0x0142, 0x0021, 0x0021, 0x0021, 0x0021,
    },
    {
        0x0021, 0x0021, 0x0021, 0x0143, 0x0143, 0x0143, 0x0143, 0x0143, 0x0143, 0x0143, 0x0143, 0x0143, 0x0143, 0x0021, 0x0021, 0x0021,
        0x0021, 0x0143, 0x0143, 0x0143, 0x9FFA, 0x9FFA, 0x9FFA, 0x9FFA, 0x9FFA, 0x9FFA, 0x9FFA, 0x9FFA, 0x0143, 0x0143, 0x0143, 0x0021,
        0x0143, 0x0143, 0x9FFA, 0x9FFA, 0x2F11, 0x2F11, 0x2F11, 0x2F11, 0x2F11, 0x2F11, 0x2F11, 0x2F11, 0x9FFA, 0x9FFA, 0x0143, 0x0143,
        0x0143, 0x9FFA, 0x2F11, 0x2F11, 0x2F11, 0x2F11, 0x2F11, 0x2F11, 0x2F11, 0x2F11, 0x2F11, 0x2F11, 0x2F11, 0x2F11, 0x9FFA, 0x0143,
        0x0143, 0x2F11, 0x2F11, 0x2F11, 0x2F11, 0x2F11, 0x2F11, 0x2F11, 0x2F11, 0x2F11, 0x2F11, 0x2F11, 0x2F11, 0x2F11, 0x2F11, 0x0143,
        0x0143, 0x2F11, 0x2F11, 0x0000, 0x0000, 0x0000, 0x2F11, 0x2F11, 0x2F11, 0x2F11, 0x0000, 0x0000, 0x0000, 0x2F11, 0x2F11, 0x0143,
        0x0143, 0x2F11, 0x2F11, 0x0000, 0x0000, 0x0000, 0x2F11, 0x2F11, 0x2F11, 0x2F11, 0x0000, 0x0000, 0x0000, 0x2F11, 0x2F11, 0x0143,
        0x0143, 0x2F11, 0x2F11, 0x2F11, 0x0000, 0x0000, 0x2F11, 0x2F11, 0x2F11, 0x2F11, 0x0000, 0x0000, 0x2F11, 0x2F11, 0x2F11, 0x0143,
        0x0143, 0x2F11, 0x2F11, 0x2F11, 0x2F11, 0x2F11, 0x2F11, 0x2F11, 0x2F11, 0x2F11, 0x2F11, 0x2F11, 0x2F11, 0x2F11, 0x2F11, 0x0143,
        0x0143, 0x0143, 0x2F11, 0x2F11, 0x2F11, 0x2F11, 0x2F11, 0x0000, 0x0000, 0x2F11, 0x2F11, 0x2F11, 0x2F11, 0x2F11, 0x0143, 0x0143,
        0x0021, 0x0143, 0x2F11, 0x2F11, 0x2F11, 0x2F11, 0x2F11, 0x0000, 0x0000, 0x2F11, 0x2F11, 0x2F11, 0x2F11, 0x2F11, 0x0143, 0x0021,
        0x0021, 0x0143, 0x0143, 0x2F11, 0x2F11, 0x2F11, 0x2F11, 0x2F11, 0x2F11, 0x2F11, 0x2F11, 0x2F11, 0x2F11, 0x0143, 0x0143, 0x0021,
        0x0021, 0x0021, 0x0143, 0x0143, 0x2F11, 0x0000, 0x0000, 0x0000, 0x0000, 0x0000, 0x0000, 0x2F11, 0x0143, 0x0143, 0x0021, 0x0021,
        0x0021, 0x0021, 0x0021, 0x0143, 0x2F11, 0x0000, 0x2F11, 0x0000, 0x2F11, 0x0000, 0x2F11, 0x2F11, 0x0143, 0x0021, 0x0021, 0x0021,
        0x0021, 0x0021, 0x0021, 0x0143, 0x0143, 0x2F11, 0x0000, 0x2F11, 0x0000, 0x2F11, 0x0000, 0x0143, 0x0143, 0x0021, 0x0021, 0x0021,
        0x0021, 0x0021, 0x0021, 0x0021, 0x0143, 0x0143, 0x0143, 0x0143, 0x0143, 0x0143, 0x0143, 0x0143, 0x0021, 0x0021, 0x0021, 0x0021,
    },
    {
        0x0021, 0x0021, 0x0021, 0x0143, 0x0143, 0x0143, 0x0143, 0x0143, 0x0143, 0x0143, 0x0143, 0x0143, 0x0143, 0x0021, 0x0021, 0x0021,
        0x0021, 0x0143, 0x0143, 0x0143, 0x9FFA, 0x9FFA, 0x9FFA, 0x9FFA, 0x9FFA, 0x9FFA, 0x9FFA, 0x9FFA, 0x0143, 0x0143, 0x0143, 0x0021,
        0x0143, 0x0143, 0x9FFA, 0x9FFA, 0x2F12, 0x2F12, 0x2F12, 0x2F12, 0x2F12, 0x2F12, 0x2F12, 0x2F12, 0x9FFA, 0x9FFA, 0x0143, 0x0143,
        0x0143, 0x9FFA, 0x2F12, 0x2F12, 0x2F12, 0x2F12, 0x2F12, 0x2F12, 0x2F12, 0x2F12, 0x2F12, 0x2F12, 0x2F12, 0x2F12, 0x9FFA, 0x0143,
        0x0143, 0x2F12, 0x2F12, 0x2F12, 0x2F12, 0x2F12, 0x2F12, 0x2F12, 0x2F12, 0x2F12, 0x2F12, 0x2F12, 0x2F12, 0x2F12, 0x2F12, 0x0143,
        0x0143, 0x2F12, 0x2F12, 0x0000, 0x0000, 0x0000, 0x2F12, 0x2F12, 0x2F12, 0x2F12, 0x0000, 0x0000, 0x0000, 0x2F12, 0x2F12, 0x0143,
        0x0143, 0x2F12, 0x2F12, 0x0000, 0x0000, 0x0000, 0x2F12, 0x2F12, 0x2F12, 0x2F12, 0x0000, 0x0000, 0x0000, 0x2F12, 0x2F12, 0x0143,
        0x0143, 0x2F12, 0x2F12, 0x2F12, 0x0000, 0x0000, 0x2F12, 0x2F12, 0x2F12, 0x2F12, 0x0000, 0x0000, 0x2F12, 0x2F12, 0x2F12, 0x0143,
        0x0143, 0x2F12, 0x2F12, 0x2F12, 0x2F12, 0x2F12, 0x2F12, 0x2F12, 0x2F12, 0x2F12, 0x2F12, 0x2F12, 0x2F12, 0x2F12, 0x2F12, 0x0143,
        0x0143, 0x0143, 0x2F12, 0x2F12, 0x2F12, 0x2F12, 0x2F12, 0x0000, 0x0000, 0x2F12, 0x2F12, 0x2F12, 0x2F12, 0x2F12, 0x0143, 0x0143,
        0x0021, 0x0143, 0x2F12, 0x2F12, 0x2F12, 0x2F12, 0x2F12, 0x0000, 0x0000, 0x2F12, 0x2F12, 0x2F12, 0x2F12, 0x2F12, 0x0143, 0x0021,
        0x0021, 0x0143, 0x0143, 0x2F12, 0x2F12, 0x2F12, 0x2F12, 0x2F12, 0x2F12, 0x2F12, 0x2F12, 0x2F12, 0x2F12, 0x0143, 0x0143, 0x0021,
        0x0021, 0x0021, 0x0143, 0x0143, 0x2F12, 0x0000, 0x0000, 0x0000, 0x0000, 0x0000, 0x0000, 0x2F12, 0x0143, 0x0143, 0x0021, 0x0021,
        0x0021, 0x0021, 0x0021, 0x0143, 0x2F12, 0x0000, 0x2F12, 0x0000, 0x2F12, 0x0000, 0x2F12, 0x2F12, 0x0143, 0x0021, 0x0021, 0x0021,
        0x0021, 0x0021, 0x0021, 0x0143, 0x0143, 0x2F12, 0x0000, 0x2F12, 0x0000, 0x2F12, 0x0000, 0x0143, 0x0143, 0x0021, 0x0021, 0x0021,
        0x0021, 0x0021, 0x0021, 0x0021, 0x0143, 0x0143, 0x0143, 0x0143, 0x0143, 0x0143, 0x0143, 0x0143, 0x0021, 0x0021, 0x0021, 0x0021,
    },
    {
        0x0021, 0x0021, 0x0021, 0x0143, 0x0143, 0x0143, 0x0143, 0x0143, 0x0143, 0x0143, 0x0143, 0x0143, 0x0143, 0x0021, 0x0021, 0x0021,
        0x0021, 0x0143, 0x0143, 0x0143, 0x9FFB, 0x9FFB, 0x9FFB, 0x9FFB, 0x9FFB, 0x9FFB, 0x9FFB, 0x9FFB, 0x0143, 0x0143, 0x0143, 0x0021,
        0x0143, 0x0143, 0x9FFB, 0x9FFB, 0x2F13, 0x2F13, 0x2F13, 0x2F13, 0x2F13, 0x2F13, 0x2F13, 0x2F13, 0x9FFB, 0x9FFB, 0x0143, 0x0143,
        0x0143, 0x9FFB, 0x2F13, 0x2F13, 0x2F13, 0x2F13, 0x2F13, 0x2F13, 0x2F13, 0x2F13, 0x2F13, 0x2F13, 0x2F13, 0x2F13, 0x9FFB, 0x0143,
        0x0143, 0x2F13, 0x2F13, 0x2F13, 0x2F13, 0x2F13, 0x2F13, 0x2F13, 0x2F13, 0x2F13, 0x2F13, 0x2F13, 0x2F13, 0x2F13, 0x2F13, 0x0143,
        0x0143, 0x2F13, 0x2F13, 0x0000, 0x0000, 0x0000, 0x2F13, 0x2F13, 0x2F13, 0x2F13, 0x0000, 0x0000, 0x0000, 0x2F13, 0x2F13, 0x0143,
        0x0143, 0x2F13, 0x2F13, 0x0000, 0x0000, 0x0000, 0x2F13, 0x2F13, 0x2F13, 0x2F13, 0x0000, 0x0000, 0x0000, 0x2F13, 0x2F13, 0x0143,
        0x0143, 0x2F13, 0x2F13, 0x2F13, 0x0000, 0x0000, 0x2F13, 0x2F13, 0x2F13, 0x2F13, 0x0000, 0x0000, 0x2F13, 0x2F13, 0x2F13, 0x0143,
        0x0143, 0x2F13, 0x2F13, 0x2F13, 0x2F13, 0x2F13, 0x2F13, 0x2F13, 0x2F13, 0x2F13, 0x2F13, 0x2F13, 0x2F13, 0x2F13, 0x2F13, 0x0143,
        0x0143, 0x0143, 0x2F13, 0x2F13, 0x2F13, 0x2F13, 0x2F13, 0x0000, 0x0000, 0x2F13, 0x2F13, 0x2F13, 0x2F13, 0x2F13, 0x0143, 0x0143,
        0x0021, 0x0143, 0x2F13, 0x2F13, 0x2F13, 0x2F13, 0x2F13, 0x0000, 0x0000, 0x2F13, 0x2F13, 0x2F13, 0x2F13, 0x2F13, 0x0143, 0x0021,
        0x0021, 0x0143, 0x0143, 0x2F13, 0x2F13, 0x2F13, 0x2F13, 0x2F13, 0x2F13, 0x2F13, 0x2F13, 0x2F13, 0x2F13, 0x0143, 0x0143, 0x0021,
        0x0021, 0x0021, 0x0143, 0x0143, 0x2F13, 0x0000, 0x0000, 0x0000, 0x0000, 0x0000, 0x0000, 0x2F13, 0x0143, 0x0143, 0x0021, 0x0021,
        0x0021, 0x0021, 0x0021, 0x0143, 0x2F13, 0x0000, 0x2F13, 0x0000, 0x2F13, 0x0000, 0x2F13, 0x2F13, 0x0143, 0x0021, 0x0021, 0x0021,
        0x0021, 0x0021, 0x0021, 0x0143, 0x0143, 0x2F13, 0x0000, 0x2F13, 0x0000, 0x2F13, 0x0000, 0x0143, 0x0143, 0x0021, 0x0021, 0x0021,
        0x0021, 0x0021, 0x0021, 0x0021, 0x0143, 0x0143, 0x0143, 0x0143, 0x0143, 0x0143, 0x0143, 0x0143, 0x0021, 0x0021, 0x0021, 0x0021,
    },
    {
        0x0021, 0x0021, 0x0021, 0x0143, 0x0143, 0x0143, 0x0143, 0x0143, 0x0143, 0x0143, 0x0143, 0x0143, 0x0143, 0x0021, 0x0021, 0x0021,
        0x0021, 0x0143, 0x0143, 0x0143, 0x9FFB, 0x9FFB, 0x9FFB, 0x9FFB, 0x9FFB, 0x9FFB, 0x9FFB, 0x9FFB, 0x0143, 0x0143, 0x0143, 0x0021,
        0x0143, 0x0143, 0x9FFB, 0x9FFB, 0x2F15, 0x2F15, 0x2F15, 0x2F15, 0x2F15, 0x2F15, 0x2F15, 0x2F15, 0x9FFB, 0x9FFB, 0x0143, 0x0143,
        0x0143, 0x9FFB, 0x2F15, 0x2F15, 0x2F15, 0x2F15, 0x2F15, 0x2F15, 0x2F15, 0x2F15, 0x2F15, 0x2F15, 0x2F15, 0x2F15, 0x9FFB, 0x0143,
        0x0143, 0x2F15, 0x2F15, 0x2F15, 0x2F15, 0x2F15, 0x2F15, 0x2F15, 0x2F15, 0x2F15, 0x2F15, 0x2F15, 0x2F15, 0x2F15, 0x2F15, 0x0143,
        0x0143, 0x2F15, 0x2F15, 0x0000, 0x0000, 0x0000, 0x2F15, 0x2F15, 0x2F15, 0x2F15, 0x0000, 0x0000, 0x0000, 0x2F15, 0x2F15, 0x0143,
        0x0143, 0x2F15, 0x2F15, 0x0000, 0x0000, 0x0000, 0x2F15, 0x2F15, 0x2F15, 0x2F15, 0x0000, 0x0000, 0x0000, 0x2F15, 0x2F15, 0x0143,
        0x0143, 0x2F15, 0x2F15, 0x2F15, 0x0000, 0x0000, 0x2F15, 0x2F15, 0x2F15, 0x2F15, 0x0000, 0x0000, 0x2F15, 0x2F15, 0x2F15, 0x0143,
        0x0143, 0x2F15, 0x2F15, 0x2F15, 0x2F15, 0x2F15, 0x2F15, 0x2F15, 0x2F15, 0x2F15, 0x2F15, 0x2F15, 0x2F15, 0x2F15, 0x2F15, 0x0143,
        0x0143, 0x0143, 0x2F15, 0x2F15, 0x2F15, 0x2F15, 0x2F15, 0x0000, 0x0000, 0x2F15, 0x2F15, 0x2F15, 0x2F15, 0x2F15, 0x0143, 0x0143,
        0x0021, 0x0143, 0x2F15, 0x2F15, 0x2F15, 0x2F15, 0x2F15, 0x0000, 0x0000, 0x2F15, 0x2F15, 0x2F15, 0x2F15, 0x2F15, 0x0143, 0x0021,
        0x0021, 0x0143, 0x0143, 0x2F15, 0x2F15, 0x2F15, 0x2F15, 0x2F15, 0x2F15, 0x2F15, 0x2F15, 0x2F15, 0x2F15, 0x0143, 0x0143, 0x0021,
        0x0021, 0x0021, 0x0143, 0x0143, 0x2F15, 0x0000, 0x0000, 0x0000, 0x0000, 0x0000, 0x0000, 0x2F15, 0x0143, 0x0143, 0x0021, 0x0021,
        0x0021, 0x0021, 0x0021, 0x0143, 0x2F15, 0x0000, 0x2F15, 0x0000, 0x2F15, 0x0000, 0x2F15, 0x2F15, 0x0143, 0x0021, 0x0021, 0x0021,
        0x0021, 0x0021, 0x0021, 0x0143, 0x0143, 0x2F15, 0x0000, 0x2F15, 0x0000, 0x2F15, 0x0000, 0x0143, 0x0143, 0x0021, 0x0021, 0x0021,
        0x0021, 0x0021, 0x0021, 0x0021, 0x0143, 0x0143, 0x0143, 0x0143, 0x0143, 0x0143, 0x0143, 0x0143, 0x0021, 0x0021, 0x0021, 0x0021,
    },
    {
        0x0021, 0x0021, 0x0021, 0x0144, 0x0144, 0x0144, 0x0144, 0x0144, 0x0144, 0x0144, 0x0144, 0x0144, 0x0144, 0x0021, 0x0021, 0x0021,
        0x0021, 0x0144, 0x0144, 0x0144, 0x9FFC, 0x9FFC, 0x9FFC, 0x9FFC, 0x9FFC, 0x9FFC, 0x9FFC, 0x9FFC, 0x0144, 0x0144, 0x0144, 0x0021,
        0x0144, 0x0144, 0x9FFC, 0x9FFC, 0x2F16, 0x2F16, 0x2F16, 0x2F16, 0x2F16, 0x2F16, 0x2F16, 0x2F16, 0x9FFC, 0x9FFC, 0x0144, 0x0144,
        0x0144, 0x9FFC, 0x2F16, 0x2F16, 0x2F16, 0x2F16, 0x2F16, 0x2F16, 0x2F16, 0x2F16, 0x2F16, 0x2F16, 0x2F16, 0x2F16, 0x9FFC, 0x0144,
        0x0144, 0x2F16, 0x2F16, 0x2F16, 0x2F16, 0x2F16, 0x2F16, 0x2F16, 0x2F16, 0x2F16, 0x2F16, 0x2F16, 0x2F16, 0x2F16, 0x2F16, 0x0144,
        0x0144, 0x2F16, 0x2F16, 0x0000, 0x0000, 0x0000, 0x2F16, 0x2F16, 0x2F16, 0x2F16, 0x0000, 0x0000, 0x0000, 0x2F16, 0x2F16, 0x0144,
        0x0144, 0x2F16, 0x2F16, 0x0000, 0x0000, 0x0000, 0x2F16, 0x2F16, 0x2F16, 0x2F16, 0x0000, 0x0000, 0x0000, 0x2F16, 0x2F16, 0x0144,
        0x0144, 0x2F16, 0x2F16, 0x2F16, 0x0000, 0x0000, 0x2F16, 0x2F16, 0x2F16, 0x2F16, 0x0000, 0x0000, 0x2F16, 0x2F16, 0x2F16, 0x0144,
        0x0144, 0x2F16, 0x2F16, 0x2F16, 0x2F16, 0x2F16, 0x2F16, 0x2F16, 0x2F16, 0x2F16, 0x2F16, 0x2F16, 0x2F16, 0x2F16, 0x2F16, 0x0144,
        0x0144, 0x0144, 0x2F16, 0x2F16, 0x2F16, 0x2F16, 0x2F16, 0x0000, 0x0000, 0x2F16, 0x2F16, 0x2F16, 0x2F16, 0x2F16, 0x0144, 0x0144,
        0x0021, 0x0144, 0x2F16, 0x2F16, 0x2F16, 0x2F16, 0x2F16, 0x0000, 0x0000, 0x2F16, 0x2F16, 0x2F16, 0x2F16, 0x2F16, 0x0144, 0x0021,
        0x0021, 0x0144, 0x0144, 0x2F16, 0x2F16, 0x2F16, 0x2F16, 0x2F16, 0x2F16, 0x2F16, 0x2F16, 0x2F16, 0x2F16, 0x0144, 0x0144, 0x0021,
        0x0021, 0x0021, 0x0144, 0x0144, 0x2F16, 0x0000, 0x0000, 0x0000, 0x0000, 0x0000, 0x0000, 0x2F16, 0x0144, 0x0144, 0x0021, 0x0021,
        0x0021, 0x0021, 0x0021, 0x0144, 0x2F16, 0x0000, 0x2F16, 0x0000, 0x2F16, 0x0000, 0x2F16, 0x2F16, 0x0144, 0x0021, 0x0021, 0x0021,
        0x0021, 0x0021, 0x0021, 0x0144, 0x0144, 0x2F16, 0x0000, 0x2F16, 0x0000, 0x2F16, 0x0000, 0x0144, 0x0144, 0x0021, 0x0021, 0x0021,
        0x0021, 0x0021, 0x0021, 0x0021, 0x0144, 0x0144, 0x0144, 0x0144, 0x0144, 0x0144, 0x0144, 0x0144, 0x0021, 0x0021, 0x0021, 0x0021,
    },
    {
        0x0021, 0x0021, 0x0021, 0x0144, 0x0144, 0x0144, 0x0144, 0x0144, 0x0144, 0x0144, 0x0144, 0x0144, 0x0144, 0x0021, 0x0021, 0x0021,
        0x0021, 0x0144, 0x0144, 0x0144, 0x9FFD, 0x9FFD, 0x9FFD, 0x9FFD, 0x9FFD, 0x9FFD, 0x9FFD, 0x9FFD, 0x0144, 0x0144, 0x0144, 0x0021,
        0x0144, 0x0144, 0x9FFD, 0x9FFD, 0x2F17, 0x2F17, 0x2F17, 0x2F17, 0x2F17, 0x2F17, 0x2F17, 0x2F17, 0x9FFD, 0x9FFD, 0x0144, 0x0144,
        0x0144, 0x9FFD, 0x2F17, 0x2F17, 0x2F17, 0x2F17, 0x2F17, 0x2F17, 0x2F17, 0x2F17, 0x2F17, 0x2F17, 0x2F17, 0x2F17, 0x9FFD, 0x0144,
        0x0144, 0x2F17, 0x2F17, 0x2F17, 0x2F17, 0x2F17, 0x2F17, 0x2F17, 0x2F17, 0x2F17, 0x2F17, 0x2F17, 0x2F17, 0x2F17, 0x2F17, 0x0144,
        0x0144, 0x2F17, 0x2F17, 0x0000, 0x0000, 0x0000, 0x2F17, 0x2F17, 0x2F17, 0x2F17, 0x0000, 0x0000, 0x0000, 0x2F17, 0x2F17, 0x0144,
        0x0144, 0x2F17, 0x2F17, 0x0000, 0x0000, 0x0000, 0x2F17, 0x2F17, 0x2F17, 0x2F17, 0x0000, 0x0000, 0x0000, 0x2F17, 0x2F17, 0x0144,
        0x0144, 0x2F17, 0x2F17, 0x2F17, 0x0000, 0x0000, 0x2F17, 0x2F17, 0x2F17, 0x2F17, 0x0000, 0x0000, 0x2F17, 0x2F17, 0x2F17, 0x0144,
        0x0144, 0x2F17, 0x2F17, 0x2F17, 0x2F17, 0x2F17, 0x2F17, 0x2F17, 0x2F17, 0x2F17, 0x2F17, 0x2F17, 0x2F17, 0x2F17, 0x2F17, 0x0144,
        0x0144, 0x0144, 0x2F17, 0x2F17, 0x2F17, 0x2F17, 0x2F17, 0x0000, 0x0000, 0x2F17, 0x2F17, 0x2F17, 0x2F17, 0x2F17, 0x0144, 0x0144,
        0x0021, 0x0144, 0x2F17, 0x2F17, 0x2F17, 0x2F17, 0x2F17, 0x0000, 0x0000, 0x2F17, 0x2F17, 0x2F17, 0x2F17, 0x2F17, 0x0144, 0x0021,
        0x0021, 0x0144, 0x0144, 0x2F17, 0x2F17, 0x2F17, 0x2F17, 0x2F17, 0x2F17, 0x2F17, 0x2F17, 0x2F17, 0x2F17, 0x0144, 0x0144, 0x0021,
        0x0021, 0x0021, 0x0144, 0x0144, 0x2F17, 0x0000, 0x0000, 0x0000, 0x0000, 0x0000, 0x0000, 0x2F17, 0x0144, 0x0144, 0x0021, 0x0021,
        0x0021, 0x0021, 0x0021, 0x0144, 0x2F17, 0x0000, 0x2F17, 0x0000, 0x2F17, 0x0000, 0x2F17, 0x2F17, 0x0144, 0x0021, 0x0021, 0x0021,
        0x0021, 0x0021, 0x0021, 0x0144, 0x0144, 0x2F17, 0x0000, 0x2F17, 0x0000, 0x2F17, 0x0000, 0x0144, 0x0144, 0x0021, 0x0021, 0x0021,
        0x0021, 0x0021, 0x0021, 0x0021, 0x0144, 0x0144, 0x0144, 0x0144, 0x0144, 0x0144, 0x0144, 0x0144, 0x0021, 0x0021, 0x0021, 0x0021,
    },
    {
        0x0021, 0x0021, 0x0021, 0x0144, 0x0144, 0x0144, 0x0144, 0x0144, 0x0144, 0x0144, 0x0144, 0x0144, 0x0144, 0x0021, 0x0021, 0x0021,
        0x0021, 0x0144, 0x0144, 0x0144, 0x9FFD, 0x9FFD, 0x9FFD, 0x9FFD, 0x9FFD, 0x9FFD, 0x9FFD, 0x9FFD, 0x0144, 0x0144, 0x0144, 0x0021,
        0x0144, 0x0144, 0x9FFD, 0x9FFD, 0x2F18, 0x2F18, 0x2F18, 0x2F18, 0x2F18, 0x2F18, 0x2F18, 0x2F18, 0x9FFD, 0x9FFD, 0x0144, 0x0144,
        0x0144, 0x9FFD, 0x2F18, 0x2F18, 0x2F18, 0x2F18, 0x2F18, 0x2F18, 0x2F18, 0x2F18, 0x2F18, 0x2F18, 0x2F18, 0x2F18, 0x9FFD, 0x0144,
        0x0144, 0x2F18, 0x2F18, 0x2F18, 0x2F18, 0x2F18, 0x2F18, 0x2F18, 0x2F18, 0x2F18, 0x2F18, 0x2F18, 0x2F18, 0x2F18, 0x2F18, 0x0144,
        0x0144, 0x2F18, 0x2F18, 0x0000, 0x0000, 0x0000, 0x2F18, 0x2F18, 0x2F18, 0x2F18, 0x0000, 0x0000, 0x0000, 0x2F18, 0x2F18, 0x0144,
        0x0144, 0x2F18, 0x2F18, 0x0000, 0x0000, 0x0000, 0x2F18, 0x2F18, 0x2F18, 0x2F18, 0x0000, 0x0000, 0x0000, 0x2F18, 0x2F18, 0x0144,
        0x0144, 0x2F18, 0x2F18, 0x2F18, 0x0000, 0x0000, 0x2F18, 0x2F18, 0x2F18, 0x2F18, 0x0000, 0x0000, 0x2F18, 0x2F18, 0x2F18, 0x0144,
        0x0144, 0x2F18, 0x2F18, 0x2F18, 0x2F18, 0x2F18, 0x2F18, 0x2F18, 0x2F18, 0x2F18, 0x2F18, 0x2F18, 0x2F18, 0x2F18, 0x2F18, 0x0144,
        0x0144, 0x0144, 0x2F18, 0x2F18, 0x2F18, 0x2F18, 0x2F18, 0x0000, 0x0000, 0x2F18, 0x2F18, 0x2F18, 0x2F18, 0x2F18, 0x0144, 0x0144,
        0x0021, 0x0144, 0x2F18, 0x2F18, 0x2F18, 0x2F18, 0x2F18, 0x0000, 0x0000, 0x2F18, 0x2F18, 0x2F18, 0x2F18, 0x2F18, 0x0144, 0x0021,
        0x0021, 0x0144, 0x0144, 0x2F18, 0x2F18, 0x2F18, 0x2F18, 0x2F18, 0x2F18, 0x2F18, 0x2F18, 0x2F18, 0x2F18, 0x0144, 0x0144, 0x0021,
        0x0021, 0x0021, 0x0144, 0x0144, 0x2F18, 0x0000, 0x0000, 0x0000, 0x0000, 0x0000, 0x0000, 0x2F18, 0x0144, 0x0144, 0x0021, 0x0021,
        0x0021, 0x0021, 0x0021, 0x0144, 0x2F18, 0x0000, 0x2F18, 0x0000, 0x2F18, 0x0000, 0x2F18, 0x2F18, 0x0144, 0x0021, 0x0021, 0x0021,
        0x0021, 0x0021, 0x0021, 0x0144, 0x0144, 0x2F18, 0x0000, 0x2F18, 0x0000, 0x2F18, 0x0000, 0x0144, 0x0144, 0x0021, 0x0021, 0x0021,
        0x0021, 0x0021, 0x0021, 0x0021, 0x0144, 0x0144, 0x0144, 0x0144, 0x0144, 0x0144, 0x0144, 0x0144, 0x0021, 0x0021, 0x0021, 0x0021,
    },
    {
        0x0021, 0x0021, 0x0021, 0x0144, 0x0144, 0x0144, 0x0144, 0x0144, 0x0144, 0x0144, 0x0144, 0x0144, 0x0144, 0x0021, 0x0021, 0x0021,
        0x0021, 0x0144, 0x0144, 0x0144, 0x9FFE, 0x9FFE, 0x9FFE, 0x9FFE, 0x9FFE, 0x9FFE, 0x9FFE, 0x9FFE, 0x0144, 0x0144, 0x0144, 0x0021,
        0x0144, 0x0144, 0x9FFE, 0x9FFE, 0x2F19, 0x2F19, 0x2F19, 0x2F19, 0x2F19, 0x2F19, 0x2F19, 0x2F19, 0x9FFE, 0x9FFE, 0x0144, 0x0144,
        0x0144, 0x9FFE, 0x2F19, 0x2F19, 0x2F19, 0x2F19, 0x2F19, 0x2F19, 0x2F19, 0x2F19, 0x2F19, 0x2F19, 0x2F19, 0x2F19, 0x9FFE, 0x0144,
        0x0144, 0x2F19, 0x2F19, 0x2F19, 0x2F19, 0x2F19, 0x2F19, 0x2F19, 0x2F19, 0x2F19, 0x2F19, 0x2F19, 0x2F19, 0x2F19, 0x2F19, 0x0144,
        0x0144, 0x2F19, 0x2F19, 0x0000, 0x0000, 0x0000, 0x2F19, 0x2F19, 0x2F19, 0x2F19, 0x0000, 0x0000, 0x0000, 0x2F19, 0x2F19, 0x0144,
        0x0144, 0x2F19, 0x2F19, 0x0000, 0x0000, 0x0000, 0x2F19, 0x2F19, 0x2F19, 0x2F19, 0x0000, 0x0000, 0x0000, 0x2F19, 0x2F19, 0x0144,
        0x0144, 0x2F19, 0x2F19, 0x2F19, 0x0000, 0x0000, 0x2F19, 0x2F19, 0x2F19, 0x2F19, 0x0000, 0x0000, 0x2F19, 0x2F19, 0x2F19, 0x0144,
        0x0144, 0x2F19, 0x2F19, 0x2F19, 0x2F19, 0x2F19, 0x2F19, 0x2F19, 0x2F19, 0x2F19, 0x2F19, 0x2F19, 0x2F19, 0x2F19, 0x2F19, 0x0144,
        0x0144, 0x0144, 0x2F19, 0x2F19, 0x2F19, 0x2F19, 0x2F19, 0x0000, 0x0000, 0x2F19, 0x2F19, 0x2F19, 0x2F19, 0x2F19, 0x0144, 0x0144,
        0x0021, 0x0144, 0x2F19, 0x2F19, 0x2F19, 0x2F19, 0x2F19, 0x0000, 0x0000, 0x2F19, 0x2F19, 0x2F19, 0x2F19, 0x2F19, 0x0144, 0x0021,
        0x0021, 0x0144, 0x0144, 0x2F19, 0x2F19, 0x2F19, 0x2F19, 0x2F19, 0x2F19, 0x2F19, 0x2F19, 0x2F19, 0x2F19, 0x0144, 0x0144, 0x0021,
        0x0021, 0x0021, 0x0144, 0x0144, 0x2F19, 0x0000, 0x0000, 0x0000, 0x0000, 0x0000, 0x0000, 0x2F19, 0x0144, 0x0144, 0x0021, 0x0021,
        0x0021, 0x0021, 0x0021, 0x0144, 0x2F19, 0x0000, 0x2F19, 0x0000, 0x2F19, 0x0000, 0x2F19, 0x2F19, 0x0144, 0x0021, 0x0021, 0x0021,
        0x0021, 0x0021, 0x0021, 0x0144, 0x0144, 0x2F19, 0x0000, 0x2F19, 0x0000, 0x2F19, 0x0000, 0x0144, 0x0144, 0x0021, 0x0021, 0x0021,
        0x0021, 0x0021, 0x0021, 0x0021, 0x0144, 0x0144, 0x0144, 0x0144, 0x0144, 0x0144, 0x0144, 0x0144, 0x0021, 0x0021, 0x0021, 0x0021,
    },
    {
        0x0021, 0x0021, 0x0021, 0x0145, 0x0145, 0x0145, 0x0145, 0x0145, 0x0145, 0x0145, 0x0145, 0x0145, 0x0145, 0x0021, 0x0021, 0x0021,
        0x0021, 0x0145, 0x0145, 0x0145, 0x9FFE, 0x9FFE, 0x9FFE, 0x9FFE, 0x9FFE, 0x9FFE, 0x9FFE, 0x9FFE, 0x0145, 0x0145, 0x0145, 0x0021,
        0x0145, 0x0145, 0x9FFE, 0x9FFE, 0x2F1A, 0x2F1A, 0x2F1A, 0x2F1A, 0x2F1A, 0x2F1A, 0x2F1A, 0x2F1A, 0x9FFE, 0x9FFE, 0x0145, 0x0145,
        0x0145, 0x9FFE, 0x2F1A, 0x2F1A, 0x2F1A, 0x2F1A, 0x2F1A, 0x2F1A, 0x2F1A, 0x2F1A, 0x2F1A, 0x2F1A, 0x2F1A, 0x2F1A, 0x9FFE, 0x0145,
        0x0145, 0x2F1A, 0x2F1A, 0x2F1A, 0x2F1A, 0x2F1A, 0x2F1A, 0x2F1A, 0x2F1A, 0x2F1A, 0x2F1A, 0x2F1A, 0x2F1A, 0x2F1A, 0x2F1A, 0x0145,
        0x0145, 0x2F1A, 0x2F1A, 0x0000, 0x0000, 0x0000, 0x2F1A, 0x2F1A, 0x2F1A, 0x2F1A, 0x0000, 0x0000, 0x0000, 0x2F1A, 0x2F1A, 0x0145,
        0x0145, 0x2F1A, 0x2F1A, 0x0000, 0x0000, 0x0000, 0x2F1A, 0x2F1A, 0x2F1A, 0x2F1A, 0x0000, 0x0000, 0x0000, 0x2F1A, 0x2F1A, 0x0145,
        0x0145, 0x2F1A, 0x2F1A, 0x2F1A, 0x0000, 0x0000, 0x2F1A, 0x2F1A, 0x2F1A, 0x2F1A, 0x0000, 0x0000, 0x2F1A, 0x2F1A, 0x2F1A, 0x0145,
        0x0145, 0x2F1A, 0x2F1A, 0x2F1A, 0x2F1A, 0x2F1A, 0x2F1A, 0x2F1A, 0x2F1A, 0x2F1A, 0x2F1A, 0x2F1A, 0x2F1A, 0x2F1A, 0x2F1A, 0x0145,
        0x0145, 0x0145, 0x2F1A, 0x2F1A, 0x2F1A, 0x2F1A, 0x2F1A, 0x0000, 0x0000, 0x2F1A, 0x2F1A, 0x2F1A, 0x2F1A, 0x2F1A, 0x0145, 0x0145,
        0x0021, 0x0145, 0x2F1A, 0x2F1A, 0x2F1A, 0x2F1A, 0x2F1A, 0x0000, 0x0000, 0x2F1A, 0x2F1A, 0x2F1A, 0x2F1A, 0x2F1A, 0x0145, 0x0021,
        0x0021, 0x0145, 0x0145, 0x2F1A, 0x2F1A, 0x2F1A, 0x2F1A, 0x2F1A, 0x2F1A, 0x2F1A, 0x2F1A, 0x2F1A, 0x2F1A, 0x0145, 0x0145, 0x0021,
        0x0021, 0x0021, 0x0145, 0x0145, 0x2F1A, 0x0000, 0x0000, 0x0000, 0x0000, 0x0000, 0x0000, 0x2F1A, 0x0145, 0x0145, 0x0021, 0x0021,
        0x0021, 0x0021, 0x0021, 0x0145, 0x2F1A, 0x0000, 0x2F1A, 0x0000, 0x2F1A, 0x0000, 0x2F1A, 0x2F1A, 0x0145, 0x0021, 0x0021, 0x0021,
        0x0021, 0x0021, 0x0021, 0x0145, 0x0145, 0x2F1A, 0x0000, 0x2F1A, 0x0000, 0x2F1A, 0x0000, 0x0145, 0x0145, 0x0021, 0x0021, 0x0021,
        0x0021, 0x0021, 0x0021, 0x0021, 0x0145, 0x0145, 0x0145, 0x0145, 0x0145, 0x0145, 0x0145, 0x0145, 0x0021, 0x0021, 0x0021, 0x0021,
    },
    {
        0x0021, 0x0021, 0x0021, 0x0145, 0x0145, 0x0145, 0x0145, 0x0145, 0x0145, 0x0145, 0x0145, 0x0145, 0x0145, 0x0021, 0x0021, 0x0021,
        0x0021, 0x0145, 0x0145, 0x0145, 0x9FFF, 0x9FFF, 0x9FFF, 0x9FFF, 0x9FFF, 0x9FFF, 0x9FFF, 0x9FFF, 0x0145, 0x0145, 0x0145, 0x0021,
        0x0145, 0x0145, 0x9FFF, 0x9FFF, 0x2F1B, 0x2F1B, 0x2F1B, 0x2F1B, 0x2F1B, 0x2F1B, 0x2F1B, 0x2F1B, 0x9FFF, 0x9FFF, 0x0145, 0x0145,
        0x0145, 0x9FFF, 0x2F1B, 0x2F1B, 0x2F1B, 0x2F1B, 0x2F1B, 0x2F1B, 0x2F1B, 0x2F1B, 0x2F1B, 0x2F1B, 0x2F1B, 0x2F1B, 0x9FFF, 0x0145,
        0x0145, 0x2F1B, 0x2F1B, 0x2F1B, 0x2F1B, 0x2F1B, 0x2F1B, 0x2F1B, 0x2F1B, 0x2F1B, 0x2F1B, 0x2F1B, 0x2F1B, 0x2F1B, 0x2F1B, 0x0145,
        0x0145, 0x2F1B, 0x2F1B, 0x0000, 0x0000, 0x0000, 0x2F1B, 0x2F1B, 0x2F1B, 0x2F1B, 0x0000, 0x0000, 0x0000, 0x2F1B, 0x2F1B, 0x0145,
        0x0145, 0x2F1B, 0x2F1B, 0x0000, 0x0000, 0x0000, 0x2F1B, 0x2F1B, 0x2F1B, 0x2F1B, 0x0000, 0x0000, 0x0000, 0x2F1B, 0x2F1B, 0x0145,
        0x0145, 0x2F1B, 0x2F1B, 0x2F1B, 0x0000, 0x0000, 0x2F1B, 0x2F1B, 0x2F1B, 0x2F1B, 0x0000, 0x0000, 0x2F1B, 0x2F1B, 0x2F1B, 0x0145,
        0x0145, 0x2F1B, 0x2F1B, 0x2F1B, 0x2F1B, 0x2F1B, 0x2F1B, 0x2F1B, 0x2F1B, 0x2F1B, 0x2F1B, 0x2F1B, 0x2F1B, 0x2F1B, 0x2F1B, 0x0145,
        0x0145, 0x0145, 0x2F1B, 0x2F1B, 0x2F1B, 0x2F1B, 0x2F1B, 0x0000, 0x0000, 0x2F1B, 0x2F1B, 0x2F1B, 0x2F1B, 0x2F1B, 0x0145, 0x0145,
        0x0021, 0x0145, 0x2F1B, 0x2F1B, 0x2F1B, 0x2F1B, 0x2F1B, 0x0000, 0x0000, 0x2F1B, 0x2F1B, 0x2F1B, 0x2F1B, 0x2F1B, 0x0145, 0x0021,
        0x0021, 0x0145, 0x0145, 0x2F1B, 0x2F1B, 0x2F1B, 0x2F1B, 0x2F1B, 0x2F1B, 0x2F1B, 0x2F1B, 0x2F1B, 0x2F1B, 0x0145, 0x0145, 0x0021,
        0x0021, 0x0021, 0x0145, 0x0145, 0x2F1B, 0x0000, 0x0000, 0x0000, 0x0000, 0x0000, 0x0000, 0x2F1B, 0x0145, 0x0145, 0x0021, 0x0021,
        0x0021, 0x0021, 0x0021, 0x0145, 0x2F1B, 0x0000, 0x2F1B, 0x0000, 0x2F1B, 0x0000, 0x2F1B, 0x2F1B, 0x0145, 0x0021, 0x0021, 0x0021,
        0x0021, 0x0021, 0x0021, 0x0145, 0x0145, 0x2F1B, 0x0000, 0x2F1B, 0x0000, 0x2F1B, 0x0000, 0x0145, 0x0145, 0x0021, 0x0021, 0x0021,
        0x0021, 0x0021, 0x0021, 0x0021, 0x0145, 0x0145, 0x0145, 0x0145, 0x0145, 0x0145, 0x0145, 0x0145, 0x0021, 0x0021, 0x0021, 0x0021,
    },
    {
        0x0021, 0x0021, 0x0021, 0x0145, 0x0145, 0x0145, 0x0145, 0x0145, 0x0145, 0x0145, 0x0145, 0x0145, 0x0145, 0x0021, 0x0021, 0x0021,
        0x0021, 0x0145, 0x0145, 0x0145, 0x9FFF, 0x9FFF, 0x9FFF, 0x9FFF, 0x9FFF, 0x9FFF, 0x9FFF, 0x9FFF, 0x0145, 0x0145, 0x0145, 0x0021,
        0x0145, 0x0145, 0x9FFF, 0x9FFF, 0x2EFC, 0x2EFC, 0x2EFC, 0x2EFC, 0x2EFC, 0x2EFC, 0x2EFC, 0x2EFC, 0x9FFF, 0x9FFF, 0x0145, 0x0145,
        0x0145, 0x9FFF, 0x2EFC, 0x2EFC, 0x2EFC, 0x2EFC, 0x2EFC, 0x2EFC, 0x2EFC, 0x2EFC, 0x2EFC, 0x2EFC, 0x2EFC, 0x2EFC, 0x9FFF, 0x0145,
        0x0145, 0x2EFC, 0x2EFC, 0x2EFC, 0x2EFC, 0x2EFC, 0x2EFC, 0x2EFC, 0x2EFC, 0x2EFC, 0x2EFC, 0x2EFC, 0x2EFC, 0x2EFC, 0x2EFC, 0x0145,
        0x0145, 0x2EFC, 0x2EFC, 0x0000, 0x0000, 0x0000, 0x2EFC, 0x2EFC, 0x2EFC, 0x2EFC, 0x0000, 0x0000, 0x0000, 0x2EFC, 0x2EFC, 0x0145,
        0x0145, 0x2EFC, 0x2EFC, 0x0000, 0x0000, 0x0000, 0x2EFC, 0x2EFC, 0x2EFC, 0x2EFC, 0x0000, 0x0000, 0x0000, 0x2EFC, 0x2EFC, 0x0145,
        0x0145, 0x2EFC, 0x2EFC, 0x2EFC, 0x0000, 0x0000, 0x2EFC, 0x2EFC, 0x2EFC, 0x2EFC, 0x0000, 0x0000, 0x2EFC, 0x2EFC, 0x2EFC, 0x0145,
        0x0145, 0x2EFC, 0x2EFC, 0x2EFC, 0x2EFC, 0x2EFC, 0x2EFC, 0x2EFC, 0x2EFC, 0x2EFC, 0x2EFC, 0x2EFC, 0x2EFC, 0x2EFC, 0x2EFC, 0x0145,
        0x0145, 0x0145, 0x2EFC, 0x2EFC, 0x2EFC, 0x2EFC, 0x2EFC, 0x0000, 0x0000, 0x2EFC, 0x2EFC, 0x2EFC, 0x2EFC, 0x2EFC, 0x0145, 0x0145,
        0x0021, 0x0145, 0x2EFC, 0x2EFC, 0x2EFC, 0x2EFC, 0x2EFC, 0x0000, 0x0000, 0x2EFC, 0x2EFC, 0x2EFC, 0x2EFC, 0x2EFC, 0x0145, 0x0021,
        0x0021, 0x0145, 0x0145, 0x2EFC, 0x2EFC, 0x2EFC, 0x2EFC, 0x2EFC, 0x2EFC, 0x2EFC, 0x2EFC, 0x2EFC, 0x2EFC, 0x0145, 0x0145, 0x0021,
        0x0021, 0x0021, 0x0145, 0x0145, 0x2EFC, 0x0000, 0x0000, 0x0000, 0x0000, 0x0000, 0x0000, 0x2EFC, 0x0145, 0x0145, 0x0021, 0x0021,
        0x0021, 0x0021, 0x0021, 0x0145, 0x2EFC, 0x0000, 0x2EFC, 0x0000, 0x2EFC, 0x0000, 0x2EFC, 0x2EFC, 0x0145, 0x0021, 0x0021, 0x0021,
        0x0021, 0x0021, 0x0021, 0x0145, 0x0145, 0x2EFC, 0x0000, 0x2EFC, 0x0000, 0x2EFC, 0x0000, 0x0145, 0x0145, 0x0021, 0x0021, 0x0021,
        0x0021, 0x0021, 0x0021, 0x0021, 0x0145, 0x0145, 0x0145, 0x0145, 0x0145, 0x0145, 0x0145, 0x0145, 0x0021, 0x0021, 0x0021, 0x0021,
    },
    {
        0x0021, 0x0021, 0x0021, 0x0145, 0x0145, 0x0145, 0x0145, 0x0145, 0x0145, 0x0145, 0x0145, 0x0145, 0x0145, 0x0021, 0x0021, 0x0021,
        0x0021, 0x0145, 0x0145, 0x0145, 0x9FBF, 0x9FBF, 0x9FBF, 0x9FBF, 0x9FBF, 0x9FBF, 0x9FBF, 0x9FBF, 0x0145, 0x0145, 0x0145, 0x0021,
        0x0145, 0x0145, 0x9FBF, 0x9FBF, 0x2E9C, 0x2E9C, 0x2E9C, 0x2E9C, 0x2E9C, 0x2E9C, 0x2E9C, 0x2E9C, 0x9FBF, 0x9FBF, 0x0145, 0x0145,
        0x0145, 0x9FBF, 0x2E9C, 0x2E9C, 0x2E9C, 0x2E9C, 0x2E9C, 0x2E9C, 0x2E9C, 0x2E9C, 0x2E9C, 0x2E9C, 0x2E9C, 0x2E9C, 0x9FBF, 0x0145,
        0x0145, 0x2E9C, 0x2E9C, 0x2E9C, 0x2E9C, 0x2E9C, 0x2E9C, 0x2E9C, 0x2E9C, 0x2E9C, 0x2E9C, 0x2E9C, 0x2E9C, 0x2E9C, 0x2E9C, 0x0145,
        0x0145, 0x2E9C, 0x2E9C, 0x0000, 0x0000, 0x0000, 0x2E9C, 0x2E9C, 0x2E9C, 0x2E9C, 0x0000, 0x0000, 0x0000, 0x2E9C, 0x2E9C, 0x0145,
        0x0145, 0x2E9C, 0x2E9C, 0x0000, 0x0000, 0x0000, 0x2E9C, 0x2E9C, 0x2E9C, 0x2E9C, 0x0000, 0x0000, 0x0000, 0x2E9C, 0x2E9C, 0x0145,
        0x0145, 0x2E9C, 0x2E9C, 0x2E9C, 0x0000, 0x0000, 0x2E9C, 0x2E9C, 0x2E9C, 0x2E9C, 0x0000, 0x0000, 0x2E9C, 0x2E9C, 0x2E9C, 0x0145,
        0x0145, 0x2E9C, 0x2E9C, 0x2E9C, 0x2E9C, 0x2E9C, 0x2E9C, 0x2E9C, 0x2E9C, 0x2E9C, 0x2E9C, 0x2E9C, 0x2E9C, 0x2E9C, 0x2E9C, 0x0145,
        0x0145, 0x0145, 0x2E9C, 0x2E9C, 0x2E9C, 0x2E9C, 0x2E9C, 0x0000, 0x0000, 0x2E9C, 0x2E9C, 0x2E9C, 0x2E9C, 0x2E9C, 0x0145, 0x0145,
        0x0021, 0x0145, 0x2E9C, 0x2E9C, 0x2E9C, 0x2E9C, 0x2E9C, 0x0000, 0x0000, 0x2E9C, 0x2E9C, 0x2E9C, 0x2E9C, 0x2E9C, 0x0145, 0x0021,
        0x0021, 0x0145, 0x0145, 0x2E9C, 0x2E9C, 0x2E9C, 0x2E9C, 0x2E9C, 0x2E9C, 0x2E9C, 0x2E9C, 0x2E9C, 0x2E9C, 0x0145, 0x0145, 0x0021,
        0x0021, 0x0021, 0x0145, 0x0145, 0x2E9C, 0x0000, 0x0000, 0x0000, 0x0000, 0x0000, 0x0000, 0x2E9C, 0x0145, 0x0145, 0x0021, 0x0021,
        0x0021, 0x0021, 0x0021, 0x0145, 0x2E9C, 0x0000, 0x2E9C, 0x0000, 0x2E9C, 0x0000, 0x2E9C, 0x2E9C, 0x0145, 0x0021, 0x0021, 0x0021,
        0x0021, 0x0021, 0x0021, 0x0145, 0x0145, 0x2E9C, 0x0000, 0x2E9C, 0x0000, 0x2E9C, 0x0000, 0x0145, 0x0145, 0x0021, 0x0021, 0x0021,
        0x0021, 0x0021, 0x0021, 0x0021, 0x0145, 0x0145, 0x0145, 0x0145, 0x0145, 0x0145, 0x0145, 0x0145, 0x0021, 0x0021, 0x0021, 0x0021,
    },
    {
        0x0021, 0x0021, 0x0021, 0x0125, 0x0125, 0x0125, 0x0125, 0x0125, 0x0125, 0x0125, 0x0125, 0x0125, 0x0125, 0x0021, 0x0021, 0x0021,
        0x0021, 0x0125, 0x0125, 0x0125, 0x9F9F, 0x9F9F, 0x9F9F, 0x9F9F, 0x9F9F, 0x9F9F, 0x9F9F, 0x9F9F, 0x0125, 0x0125, 0x0125, 0x0021,
        0x0125, 0x0125, 0x9F9F, 0x9F9F, 0x2E5C, 0x2E5C, 0x2E5C, 0x2E5C, 0x2E5C, 0x2E5C, 0x2E5C, 0x2E5C, 0x9F9F, 0x9F9F, 0x0125, 0x0125,
        0x0125, 0x9F9F, 0x2E5C, 0x2E5C, 0x2E5C, 0x2E5C, 0x2E5C, 0x2E5C, 0x2E5C, 0x2E5C, 0x2E5C, 0x2E5C, 0x2E5C, 0x2E5C, 0x9F9F, 0x0125,
        0x0125, 0x2E5C, 0x2E5C, 0x2E5C, 0x2E5C, 0x2E5C, 0x2E5C, 0x2E5C, 0x2E5C, 0x2E5C, 0x2E5C, 0x2E5C, 0x2E5C, 0x2E5C, 0x2E5C, 0x0125,
        0x0125, 0x2E5C, 0x2E5C, 0x0000, 0x0000, 0x0000, 0x2E5C, 0x2E5C, 0x2E5C, 0x2E5C, 0x0000, 0x0000, 0x0000, 0x2E5C, 0x2E5C, 0x0125,
        0x0125, 0x2E5C, 0x2E5C, 0x0000, 0x0000, 0x0000, 0x2E5C, 0x2E5C, 0x2E5C, 0x2E5C, 0x0000, 0x0000, 0x0000, 0x2E5C, 0x2E5C, 0x0125,
        0x0125, 0x2E5C, 0x2E5C, 0x2E5C, 0x0000, 0x0000, 0x2E5C, 0x2E5C, 0x2E5C, 0x2E5C, 0x0000, 0x0000, 0x2E5C, 0x2E5C, 0x2E5C, 0x0125,
        0x0125, 0x2E5C, 0x2E5C, 0x2E5C, 0x2E5C, 0x2E5C, 0x2E5C, 0x2E5C, 0x2E5C, 0x2E5C, 0x2E5C, 0x2E5C, 0x2E5C, 0x2E5C, 0x2E5C, 0x0125,
        0x0125, 0x0125, 0x2E5C, 0x2E5C, 0x2E5C, 0x2E5C, 0x2E5C, 0x0000, 0x0000, 0x2E5C, 0x2E5C, 0x2E5C, 0x2E5C, 0x2E5C, 0x0125, 0x0125,
        0x0021, 0x0125, 0x2E5C, 0x2E5C, 0x2E5C, 0x2E5C, 0x2E5C, 0x0000, 0x0000, 0x2E5C, 0x2E5C, 0x2E5C, 0x2E5C, 0x2E5C, 0x0125, 0x0021,
        0x0021, 0x0125, 0x0125, 0x2E5C, 0x2E5C, 0x2E5C, 0x2E5C, 0x2E5C, 0x2E5C, 0x2E5C, 0x2E5C, 0x2E5C, 0x2E5C, 0x0125, 0x0125, 0x0021,
        0x0021, 0x0021, 0x0125, 0x0125, 0x2E5C, 0x0000, 0x0000, 0x0000, 0x0000, 0x0000, 0x0000, 0x2E5C, 0x0125, 0x0125, 0x0021, 0x0021,
        0x0021, 0x0021, 0x0021, 0x0125, 0x2E5C, 0x0000, 0x2E5C, 0x0000, 0x2E5C, 0x0000, 0x2E5C, 0x2E5C, 0x0125, 0x0021, 0x0021, 0x0021,
        0x0021, 0x0021, 0x0021, 0x0125, 0x0125, 0x2E5C, 0x0000, 0x2E5C, 0x0000, 0x2E5C, 0x0000, 0x0125, 0x0125, 0x0021, 0x0021, 0x0021,
        0x0021, 0x0021, 0x0021, 0x0021, 0x0125, 0x0125, 0x0125, 0x0125, 0x0125, 0x0125, 0x0125, 0x0125, 0x0021, 0x0021, 0x0021, 0x0021,
    },
    {
        0x0021, 0x0021, 0x0021, 0x0125, 0x0125, 0x0125, 0x0125, 0x0125, 0x0125, 0x0125, 0x0125, 0x0125, 0x0125, 0x0021, 0x0021, 0x0021,
        0x0021, 0x0125, 0x0125, 0x0125, 0x9F7F, 0x9F7F, 0x9F7F, 0x9F7F, 0x9F7F, 0x9F7F, 0x9F7F, 0x9F7F, 0x0125, 0x0125, 0x0125, 0x0021,
        0x0125, 0x0125, 0x9F7F, 0x9F7F, 0x2E1C, 0x2E1C, 0x2E1C, 0x2E1C, 0x2E1C, 0x2E1C, 0x2E1C, 0x2E1C, 0x9F7F, 0x9F7F, 0x0125, 0x0125,
        0x0125, 0x9F7F, 0x2E1C, 0x2E1C, 0x2E1C, 0x2E1C, 0x2E1C, 0x2E1C, 0x2E1C, 0x2E1C, 0x2E1C, 0x2E1C, 0x2E1C, 0x2E1C, 0x9F7F, 0x0125,
        0x0125, 0x2E1C, 0x2E1C, 0x2E1C, 0x2E1C, 0x2E1C, 0x2E1C, 0x2E1C, 0x2E1C, 0x2E1C, 0x2E1C, 0x2E1C, 0x2E1C, 0x2E1C, 0x2E1C, 0x0125,
        0x0125, 0x2E1C, 0x2E1C, 0x0000, 0x0000, 0x0000, 0x2E1C, 0x2E1C, 0x2E1C, 0x2E1C, 0x0000, 0x0000, 0x0000, 0x2E1C, 0x2E1C, 0x0125,
        0x0125, 0x2E1C, 0x2E1C, 0x0000, 0x0000, 0x0000, 0x2E1C, 0x2E1C, 0x2E1C, 0x2E1C, 0x0000, 0x0000, 0x0000, 0x2E1C, 0x2E1C, 0x0125,
        0x0125, 0x2E1C, 0x2E1C, 0x2E1C, 0x0000, 0x0000, 0x2E1C, 0x2E1C, 0x2E1C, 0x2E1C, 0x0000, 0x0000, 0x2E1C, 0x2E1C, 0x2E1C, 0x0125,
        0x0125, 0x2E1C, 0x2E1C, 0x2E1C, 0x2E1C, 0x2E1C, 0x2E1C, 0x2E1C, 0x2E1C, 0x2E1C, 0x2E1C, 0x2E1C, 0x2E1C, 0x2E1C, 0x2E1C, 0x0125,
        0x0125, 0x0125, 0x2E1C, 0x2E1C, 0x2E1C, 0x2E1C, 0x2E1C, 0x0000, 0x0000, 0x2E1C, 0x2E1C, 0x2E1C, 0x2E1C, 0x2E1C, 0x0125, 0x0125,
        0x0021, 0x0125, 0x2E1C, 0x2E1C, 0x2E1C, 0x2E1C, 0x2E1C, 0x0000, 0x0000, 0x2E1C, 0x2E1C, 0x2E1C, 0x2E1C, 0x2E1C, 0x0125, 0x0021,
        0x0021, 0x0125, 0x0125, 0x2E1C, 0x2E1C, 0x2E1C, 0x2E1C, 0x2E1C, 0x2E1C, 0x2E1C, 0x2E1C, 0x2E1C, 0x2E1C, 0x0125, 0x0125, 0x0021,
        0x0021, 0x0021, 0x0125, 0x0125, 0x2E1C, 0x0000, 0x0000, 0x0000, 0x0000, 0x0000, 0x0000, 0x2E1C, 0x0125, 0x0125, 0x0021, 0x0021,
        0x0021, 0x0021, 0x0021, 0x0125, 0x2E1C, 0x0000, 0x2E1C, 0x0000, 0x2E1C, 0x0000, 0x2E1C, 0x2E1C, 0x0125, 0x0021, 0x0021, 0x0021,
        0x0021, 0x0021, 0x0021, 0x0125, 0x0125, 0x2E1C, 0x0000, 0x2E1C, 0x0000, 0x2E1C, 0x0000, 0x0125, 0x0125, 0x0021, 0x0021, 0x0021,
        0x0021, 0x0021, 0x0021, 0x0021, 0x0125, 0x0125, 0x0125, 0x0125, 0x0125, 0x0125, 0x0125, 0x0125, 0x0021, 0x0021, 0x0021, 0x0021,
    },
    {
        0x0021, 0x0021, 0x0021, 0x0105, 0x0105, 0x0105, 0x0105, 0x0105, 0x0105, 0x0105, 0x0105, 0x0105, 0x0105, 0x0021, 0x0021, 0x0021,
        0x0021, 0x0105, 0x0105, 0x0105, 0x9F5F, 0x9F5F, 0x9F5F, 0x9F5F, 0x9F5F, 0x9F5F, 0x9F5F, 0x9F5F, 0x0105, 0x0105, 0x0105, 0x0021,
        0x0105, 0x0105, 0x9F5F, 0x9F5F, 0x2DDC, 0x2DDC, 0x2DDC, 0x2DDC, 0x2DDC, 0x2DDC, 0x2DDC, 0x2DDC, 0x9F5F, 0x9F5F, 0x0105, 0x0105,
        0x0105, 0x9F5F, 0x2DDC, 0x2DDC, 0x2DDC, 0x2DDC, 0x2DDC, 0x2DDC, 0x2DDC, 0x2DDC, 0x2DDC, 0x2DDC, 0x2DDC, 0x2DDC, 0x9F5F, 0x0105,
        0x0105, 0x2DDC, 0x2DDC, 0x2DDC, 0x2DDC, 0x2DDC, 0x2DDC, 0x2DDC, 0x2DDC, 0x2DDC, 0x2DDC, 0x2DDC, 0x2DDC, 0x2DDC, 0x2DDC, 0x0105,
        0x0105, 0x2DDC, 0x2DDC, 0x0000, 0x0000, 0x0000, 0x2DDC, 0x2DDC, 0x2DDC, 0x2DDC, 0x0000, 0x0000, 0x0000, 0x2DDC, 0x2DDC, 0x0105,
        0x0105, 0x2DDC, 0x2DDC, 0x0000, 0x0000, 0x0000, 0x2DDC, 0x2DDC, 0x2DDC, 0x2DDC, 0x0000, 0x0000, 0x0000, 0x2DDC, 0x2DDC, 0x0105,
        0x0105, 0x2DDC, 0x2DDC, 0x2DDC, 0x0000, 0x0000, 0x2DDC, 0x2DDC, 0x2DDC, 0x2DDC, 0x0000, 0x0000, 0x2DDC, 0x2DDC, 0x2DDC, 0x0105,
        0x0105, 0x2DDC, 0x2DDC, 0x2DDC, 0x2DDC, 0x2DDC, 0x2DDC, 0x2DDC, 0x2DDC, 0x2DDC, 0x2DDC, 0x2DDC, 0x2DDC, 0x2DDC, 0x2DDC, 0x0105,
        0x0105, 0x0105, 0x2DDC, 0x2DDC, 0x2DDC, 0x2DDC, 0x2DDC, 0x0000, 0x0000, 0x2DDC, 0x2DDC, 0x2DDC, 0x2DDC, 0x2DDC, 0x0105, 0x0105,
        0x0021, 0x0105, 0x2DDC, 0x2DDC, 0x2DDC, 0x2DDC, 0x2DDC, 0x0000, 0x0000, 0x2DDC, 0x2DDC, 0x2DDC, 0x2DDC, 0x2DDC, 0x0105, 0x0021,
        0x0021, 0x0105, 0x0105, 0x2DDC, 0x2DDC, 0x2DDC, 0x2DDC, 0x2DDC, 0x2DDC, 0x2DDC, 0x2DDC, 0x2DDC, 0x2DDC, 0x0105, 0x0105, 0x0021,
        0x0021, 0x0021, 0x0105, 0x0105, 0x2DDC, 0x0000, 0x0000, 0x0000, 0x0000, 0x0000, 0x0000, 0x2DDC, 0x0105, 0x0105, 0x0021, 0x0021,
        0x0021, 0x0021, 0x0021, 0x0105, 0x2DDC, 0x0000, 0x2DDC, 0x0000, 0x2DDC, 0x0000, 0x2DDC, 0x2DDC, 0x0105, 0x0021, 0x0021, 0x0021,
        0x0021, 0x0021, 0x0021, 0x0105, 0x0105, 0x2DDC, 0x0000, 0x2DDC, 0x0000, 0x2DDC, 0x0000, 0x0105, 0x0105, 0x0021, 0x0021, 0x0021,
        0x0021, 0x0021, 0x0021, 0x0021, 0x0105, 0x0105, 0x0105, 0x0105, 0x0105, 0x0105, 0x0105, 0x0105, 0x0021, 0x0021, 0x0021, 0x0021,
    },
    {
        0x0021, 0x0021, 0x0021, 0x0105, 0x0105, 0x0105, 0x0105, 0x0105, 0x0105, 0x0105, 0x0105, 0x0105, 0x0105, 0x0021, 0x0021, 0x0021,
        0x0021, 0x0105, 0x0105, 0x0105, 0x9F3F, 0x9F3F, 0x9F3F, 0x9F3F, 0x9F3F, 0x9F3F, 0x9F3F, 0x9F3F, 0x0105, 0x0105, 0x0105, 0x0021,
        0x0105, 0x0105, 0x9F3F, 0x9F3F, 0x2D9C, 0x2D9C, 0x2D9C, 0x2D9C, 0x2D9C, 0x2D9C, 0x2D9C, 0x2D9C, 0x9F3F, 0x9F3F, 0x0105, 0x0105,
        0x0105, 0x9F3F, 0x2D9C, 0x2D9C, 0x2D9C, 0x2D9C, 0x2D9C, 0x2D9C, 0x2D9C, 0x2D9C, 0x2D9C, 0x2D9C, 0x2D9C, 0x2D9C, 0x9F3F, 0x0105,
        0x0105, 0x2D9C, 0x2D9C, 0x2D9C, 0x2D9C, 0x2D9C, 0x2D9C, 0x2D9C, 0x2D9C, 0x2D9C, 0x2D9C, 0x2D9C, 0x2D9C, 0x2D9C, 0x2D9C, 0x0105,
        0x0105, 0x2D9C, 0x2D9C, 0x0000, 0x0000, 0x0000, 0x2D9C, 0x2D9C, 0x2D9C, 0x2D9C, 0x0000, 0x0000, 0x0000, 0x2D9C, 0x2D9C, 0x0105,
        0x0105, 0x2D9C, 0x2D9C, 0x0000, 0x0000, 0x0000, 0x2D9C, 0x2D9C, 0x2D9C, 0x2D9C, 0x0000, 0x0000, 0x0000, 0x2D9C, 0x2D9C, 0x0105,
        0x0105, 0x2D9C, 0x2D9C, 0x2D9C, 0x0000, 0x0000, 0x2D9C, 0x2D9C, 0x2D9C, 0x2D9C, 0x0000, 0x0000, 0x2D9C, 0x2D9C, 0x2D9C, 0x0105,
        0x0105, 0x2D9C, 0x2D9C, 0x2D9C, 0x2D9C, 0x2D9C, 0x2D9C, 0x2D9C, 0x2D9C, 0x2D9C, 0x2D9C, 0x2D9C, 0x2D9C, 0x2D9C, 0x2D9C, 0x0105,
        0x0105, 0x0105, 0x2D9C, 0x2D9C, 0x2D9C, 0x2D9C, 0x2D9C, 0x0000, 0x0000, 0x2D9C, 0x2D9C, 0x2D9C, 0x2D9C, 0x2D9C, 0x0105, 0x0105,
        0x0021, 0x0105, 0x2D9C, 0x2D9C, 0x2D9C, 0x2D9C, 0x2D9C, 0x0000, 0x0000, 0x2D9C, 0x2D9C, 0x2D9C, 0x2D9C, 0x2D9C, 0x0105, 0x0021,
        0x0021, 0x0105, 0x0105, 0x2D9C, 0x2D9C, 0x2D9C, 0x2D9C, 0x2D9C, 0x2D9C, 0x2D9C, 0x2D9C, 0x2D9C, 0x2D9C, 0x0105, 0x0105, 0x0021,
        0x0021, 0x0021, 0x0105, 0x0105, 0x2D9C, 0x0000, 0x0000, 0x0000, 0x0000, 0x0000, 0x0000, 0x2D9C, 0x0105, 0x0105, 0x0021, 0x0021,
        0x0021, 0x0021, 0x0021, 0x0105, 0x2D9C, 0x0000, 0x2D9C, 0x0000, 0x2D9C, 0x0000, 0x2D9C, 0x2D9C, 0x0105, 0x0021, 0x0021, 0x0021,
        0x0021, 0x0021, 0x0021, 0x0105, 0x0105, 0x2D9C, 0x0000, 0x2D9C, 0x0000, 0x2D9C, 0x0000, 0x0105, 0x0105, 0x0021, 0x0021, 0x0021,
        0x0021, 0x0021, 0x0021, 0x0021, 0x0105, 0x0105, 0x0105, 0x0105, 0x0105, 0x0105, 0x0105, 0x0105, 0x0021, 0x0021, 0x0021, 0x0021,
    },
    {
        0x0021, 0x0021, 0x0021, 0x00E5, 0x00E5, 0x00E5, 0x00E5, 0x00E5, 0x00E5, 0x00E5, 0x00E5, 0x00E5, 0x00E5, 0x0021, 0x0021, 0x0021,
        0x0021, 0x00E5, 0x00E5, 0x00E5, 0x9EFF, 0x9EFF, 0x9EFF, 0x9EFF, 0x9EFF, 0x9EFF, 0x9EFF, 0x9EFF, 0x00E5, 0x00E5, 0x00E5, 0x0021,
        0x00E5, 0x00E5, 0x9EFF, 0x9EFF, 0x2D5C, 0x2D5C, 0x2D5C, 0x2D5C, 0x2D5C, 0x2D5C, 0x2D5C, 0x2D5C, 0x9EFF, 0x9EFF, 0x00E5, 0x00E5,
        0x00E5, 0x9EFF, 0x2D5C, 0x2D5C, 0x2D5C, 0x2D5C, 0x2D5C, 0x2D5C, 0x2D5C, 0x2D5C, 0x2D5C, 0x2D5C, 0x2D5C, 0x2D5C, 0x9EFF, 0x00E5,
        0x00E5, 0x2D5C, 0x2D5C, 0x2D5C, 0x2D5C, 0x2D5C, 0x2D5C, 0x2D5C, 0x2D5C, 0x2D5C, 0x2D5C, 0x2D5C, 0x2D5C, 0x2D5C, 0x2D5C, 0x00E5,
        0x00E5, 0x2D5C, 0x2D5C, 0x0000, 0x0000, 0x0000, 0x2D5C, 0x2D5C, 0x2D5C, 0x2D5C, 0x0000, 0x0000, 0x0000, 0x2D5C, 0x2D5C, 0x00E5,
        0x00E5, 0x2D5C, 0x2D5C, 0x0000, 0x0000, 0x0000, 0x2D5C, 0x2D5C, 0x2D5C, 0x2D5C, 0x0000, 0x0000, 0x0000, 0x2D5C, 0x2D5C, 0x00E5,
        0x00E5, 0x2D5C, 0x2D5C, 0x2D5C, 0x0000, 0x0000, 0x2D5C, 0x2D5C, 0x2D5C, 0x2D5C, 0x0000, 0x0000, 0x2D5C, 0x2D5C, 0x2D5C, 0x00E5,
        0x00E5, 0x2D5C, 0x2D5C, 0x2D5C, 0x2D5C, 0x2D5C, 0x2D5C, 0x2D5C, 0x2D5C, 0x2D5C, 0x2D5C, 0x2D5C, 0x2D5C, 0x2D5C, 0x2D5C, 0x00E5,
        0x00E5, 0x00E5, 0x2D5C, 0x2D5C, 0x2D5C, 0x2D5C, 0x2D5C, 0x0000, 0x0000, 0x2D5C, 0x2D5C, 0x2D5C, 0x2D5C, 0x2D5C, 0x00E5, 0x00E5,
        0x0021, 0x00E5, 0x2D5C, 0x2D5C, 0x2D5C, 0x2D5C, 0x2D5C, 0x0000, 0x0000, 0x2D5C, 0x2D5C, 0x2D5C, 0x2D5C, 0x2D5C, 0x00E5, 0x0021,
        0x0021, 0x00E5, 0x00E5, 0x2D5C, 0x2D5C, 0x2D5C, 0x2D5C, 0x2D5C, 0x2D5C, 0x2D5C, 0x2D5C, 0x2D5C, 0x2D5C, 0x00E5, 0x00E5, 0x0021,
        0x0021, 0x0021, 0x00E5, 0x00E5, 0x2D5C, 0x0000, 0x0000, 0x0000, 0x0000, 0x0000, 0x0000, 0x2D5C, 0x00E5, 0x00E5, 0x0021, 0x0021,
        0x0021, 0x0021, 0x0021, 0x00E5, 0x2D5C, 0x0000, 0x2D5C, 0x0000, 0x2D5C, 0x0000, 0x2D5C, 0x2D5C, 0x00E5, 0x0021, 0x0021, 0x0021,
        0x0021, 0x0021, 0x0021, 0x00E5, 0x00E5, 0x2D5C, 0x0000, 0x2D5C, 0x0000, 0x2D5C, 0x0000, 0x00E5, 0x00E5, 0x0021, 0x0021, 0x0021,
        0x0021, 0x0021, 0x0021, 0x0021, 0x00E5, 0x00E5, 0x00E5, 0x00E5, 0x00E5, 0x00E5, 0x00E5, 0x00E5, 0x0021, 0x0021, 0x0021, 0x0021,
    },
    {
        0x0021, 0x0021, 0x0021, 0x00E5, 0x00E5, 0x00E5, 0x00E5, 0x00E5, 0x00E5, 0x00E5, 0x00E5, 0x00E5, 0x00E5, 0x0021, 0x0021, 0x0021,
        0x0021, 0x00E5, 0x00E5, 0x00E5, 0x9EDF, 0x9EDF, 0x9EDF, 0x9EDF, 0x9EDF, 0x9EDF, 0x9EDF, 0x9EDF, 0x00E5, 0x00E5, 0x00E5, 0x0021,
        0x00E5, 0x00E5, 0x9EDF, 0x9EDF, 0x2CFC, 0x2CFC, 0x2CFC, 0x2CFC, 0x2CFC, 0x2CFC, 0x2CFC, 0x2CFC, 0x9EDF, 0x9EDF, 0x00E5, 0x00E5,
        0x00E5, 0x9EDF, 0x2CFC, 0x2CFC, 0x2CFC, 0x2CFC, 0x2CFC, 0x2CFC, 0x2CFC, 0x2CFC, 0x2CFC, 0x2CFC, 0x2CFC, 0x2CFC, 0x9EDF, 0x00E5,
        0x00E5, 0x2CFC, 0x2CFC, 0x2CFC, 0x2CFC, 0x2CFC, 0x2CFC, 0x2CFC, 0x2CFC, 0x2CFC, 0x2CFC, 0x2CFC, 0x2CFC, 0x2CFC, 0x2CFC, 0x00E5,
        0x00E5, 0x2CFC, 0x2CFC, 0x0000, 0x0000, 0x0000, 0x2CFC, 0x2CFC, 0x2CFC, 0x2CFC, 0x0000, 0x0000, 0x0000, 0x2CFC, 0x2CFC, 0x00E5,
        0x00E5, 0x2CFC, 0x2CFC, 0x0000, 0x0000, 0x0000, 0x2CFC, 0x2CFC, 0x2CFC, 0x2CFC, 0x0000, 0x0000, 0x0000, 0x2CFC, 0x2CFC, 0x00E5,
        0x00E5, 0x2CFC, 0x2CFC, 0x2CFC, 0x0000, 0x0000, 0x2CFC, 0x2CFC, 0x2CFC, 0x2CFC, 0x0000, 0x0000, 0x2CFC, 0x2CFC, 0x2CFC, 0x00E5,
        0x00E5, 0x2CFC, 0x2CFC, 0x2CFC, 0x2CFC, 0x2CFC, 0x2CFC, 0x2CFC, 0x2CFC, 0x2CFC, 0x2CFC, 0x2CFC, 0x2CFC, 0x2CFC, 0x2CFC, 0x00E5,
        0x00E5, 0x00E5, 0x2CFC, 0x2CFC, 0x2CFC, 0x2CFC, 0x2CFC, 0x0000, 0x0000, 0x2CFC, 0x2CFC, 0x2CFC, 0x2CFC, 0x2CFC, 0x00E5, 0x00E5,
        0x0021, 0x00E5, 0x2CFC, 0x2CFC, 0x2CFC, 0x2CFC, 0x2CFC, 0x0000, 0x0000, 0x2CFC, 0x2CFC, 0x2CFC, 0x2CFC, 0x2CFC, 0x00E5, 0x0021,
        0x0021, 0x00E5, 0x00E5, 0x2CFC, 0x2CFC, 0x2CFC, 0x2CFC, 0x2CFC, 0x2CFC, 0x2CFC, 0x2CFC, 0x2CFC, 0x2CFC, 0x00E5, 0x00E5, 0x0021,
        0x0021, 0x0021, 0x00E5, 0x00E5, 0x2CFC, 0x0000, 0x0000, 0x0000, 0x0000, 0x0000, 0x0000, 0x2CFC, 0x00E5, 0x00E5, 0x0021, 0x0021,
        0x0021, 0x0021, 0x0021, 0x00E5, 0x2CFC, 0x0000, 0x2CFC, 0x0000, 0x2CFC, 0x0000, 0x2CFC, 0x2CFC, 0x00E5, 0x0021, 0x0021, 0x0021,
        0x0021, 0x0021, 0x0021, 0x00E5, 0x00E5, 0x2CFC, 0x0000, 0x2CFC, 0x0000, 0x2CFC, 0x0000, 0x00E5, 0x00E5, 0x0021, 0x0021, 0x0021,
        0x0021, 0x0021, 0x0021, 0x0021, 0x00E5, 0x00E5, 0x00E5, 0x00E5, 0x00E5, 0x00E5, 0x00E5, 0x00E5, 0x0021, 0x0021, 0x0021, 0x0021,
    },
    {
        0x0021, 0x0021, 0x0021, 0x00C5, 0x00C5, 0x00C5, 0x00C5, 0x00C5, 0x00C5, 0x00C5, 0x00C5, 0x00C5, 0x00C5, 0x0021, 0x0021, 0x0021,
        0x0021, 0x00C5, 0x00C5, 0x00C5, 0x9EBF, 0x9EBF, 0x9EBF, 0x9EBF, 0x9EBF, 0x9EBF, 0x9EBF, 0x9EBF, 0x00C5, 0x00C5, 0x00C5, 0x0021,
        0x00C5, 0x00C5, 0x9EBF, 0x9EBF, 0x2CBC, 0x2CBC, 0x2CBC, 0x2CBC, 0x2CBC, 0x2CBC, 0x2CBC, 0x2CBC, 0x9EBF, 0x9EBF, 0x00C5, 0x00C5,
        0x00C5, 0x9EBF, 0x2CBC, 0x2CBC, 0x2CBC, 0x2CBC, 0x2CBC, 0x2CBC, 0x2CBC, 0x2CBC, 0x2CBC, 0x2CBC, 0x2CBC, 0x2CBC, 0x9EBF, 0x00C5,
        0x00C5, 0x2CBC, 0x2CBC, 0x2CBC, 0x2CBC, 0x2CBC, 0x2CBC, 0x2CBC, 0x2CBC, 0x2CBC, 0x2CBC, 0x2CBC, 0x2CBC, 0x2CBC, 0x2CBC, 0x00C5,
        0x00C5, 0x2CBC, 0x2CBC, 0x0000, 0x0000, 0x0000, 0x2CBC, 0x2CBC, 0x2CBC, 0x2CBC, 0x0000, 0x0000, 0x0000, 0x2CBC, 0x2CBC, 0x00C5,
        0x00C5, 0x2CBC, 0x2CBC, 0x0000, 0x0000, 0x0000, 0x2CBC, 0x2CBC, 0x2CBC, 0x2CBC, 0x0000, 0x0000, 0x0000, 0x2CBC, 0x2CBC, 0x00C5,
        0x00C5, 0x2CBC, 0x2CBC, 0x2CBC, 0x0000, 0x0000, 0x2CBC, 0x2CBC, 0x2CBC, 0x2CBC, 0x0000, 0x0000, 0x2CBC, 0x2CBC, 0x2CBC, 0x00C5,
        0x00C5, 0x2CBC, 0x2CBC, 0x2CBC, 0x2CBC, 0x2CBC, 0x2CBC, 0x2CBC, 0x2CBC, 0x2CBC, 0x2CBC, 0x2CBC, 0x2CBC, 0x2CBC, 0x2CBC, 0x00C5,
        0x00C5, 0x00C5, 0x2CBC, 0x2CBC, 0x2CBC, 0x2CBC, 0x2CBC, 0x0000, 0x0000, 0x2CBC, 0x2CBC, 0x2CBC, 0x2CBC, 0x2CBC, 0x00C5, 0x00C5,
        0x0021, 0x00C5, 0x2CBC, 0x2CBC, 0x2CBC, 0x2CBC, 0x2CBC, 0x0000, 0x0000, 0x2CBC, 0x2CBC, 0x2CBC, 0x2CBC, 0x2CBC, 0x00C5, 0x0021,
        0x0021, 0x00C5, 0x00C5, 0x2CBC, 0x2CBC, 0x2CBC, 0x2CBC, 0x2CBC, 0x2CBC, 0x2CBC, 0x2CBC, 0x2CBC, 0x2CBC, 0x00C5, 0x00C5, 0x0021,
        0x0021, 0x0021, 0x00C5, 0x00C5, 0x2CBC, 0x0000, 0x0000, 0x0000, 0x0000, 0x0000, 0x0000, 0x2CBC, 0x00C5, 0x00C5, 0x0021, 0x0021,
        0x0021, 0x0021, 0x0021, 0x00C5, 0x2CBC, 0x0000, 0x2CBC, 0x0000, 0x2CBC, 0x0000, 0x2CBC, 0x2CBC, 0x00C5, 0x0021, 0x0021, 0x0021,
        0x0021, 0x0021, 0x0021, 0x00C5, 0x00C5, 0x2CBC, 0x0000, 0x2CBC, 0x0000, 0x2CBC, 0x0000, 0x00C5, 0x00C5, 0x0021, 0x0021, 0x0021,
        0x0021, 0x0021, 0x0021, 0x0021, 0x00C5, 0x00C5, 0x00C5, 0x00C5, 0x00C5, 0x00C5, 0x00C5, 0x00C5, 0x0021, 0x0021, 0x0021, 0x0021,
    },
    {
        0x0021, 0x0021, 0x0021, 0x00C5, 0x00C5, 0x00C5, 0x00C5, 0x00C5, 0x00C5, 0x00C5, 0x00C5, 0x00C5, 0x00C5, 0x0021, 0x0021, 0x0021,
        0x0021, 0x00C5, 0x00C5, 0x00C5, 0x9E9F, 0x9E9F, 0x9E9F, 0x9E9F, 0x9E9F, 0x9E9F, 0x9E9F, 0x9E9F, 0x00C5, 0x00C5, 0x00C5, 0x0021,
        0x00C5, 0x00C5, 0x9E9F, 0x9E9F, 0x2C7C, 0x2C7C, 0x2C7C, 0x2C7C, 0x2C7C, 0x2C7C, 0x2C7C, 0x2C7C, 0x9E9F, 0x9E9F, 0x00C5, 0x00C5,
        0x00C5, 0x9E9F, 0x2C7C, 0x2C7C, 0x2C7C, 0x2C7C, 0x2C7C, 0x2C7C, 0x2C7C, 0x2C7C, 0x2C7C, 0x2C7C, 0x2C7C, 0x2C7C, 0x9E9F, 0x00C5,
        0x00C5, 0x2C7C, 0x2C7C, 0x2C7C, 0x2C7C, 0x2C7C, 0x2C7C, 0x2C7C, 0x2C7C, 0x2C7C, 0x2C7C, 0x2C7C, 0x2C7C, 0x2C7C, 0x2C7C, 0x00C5,
        0x00C5, 0x2C7C, 0x2C7C, 0x0000, 0x0000, 0x0000, 0x2C7C, 0x2C7C, 0x2C7C, 0x2C7C, 0x0000, 0x0000, 0x0000, 0x2C7C, 0x2C7C, 0x00C5,
        0x00C5, 0x2C7C, 0x2C7C, 0x0000, 0x0000, 0x0000, 0x2C7C, 0x2C7C, 0x2C7C, 0x2C7C, 0x0000, 0x0000, 0x0000, 0x2C7C, 0x2C7C, 0x00C5,
        0x00C5, 0x2C7C, 0x2C7C, 0x2C7C, 0x0000, 0x0000, 0x2C7C, 0x2C7C, 0x2C7C, 0x2C7C, 0x0000, 0x0000, 0x2C7C, 0x2C7C, 0x2C7C, 0x00C5,
        0x00C5, 0x2C7C, 0x2C7C, 0x2C7C, 0x2C7C, 0x2C7C, 0x2C7C, 0x2C7C, 0x2C7C, 0x2C7C, 0x2C7C, 0x2C7C, 0x2C7C, 0x2C7C, 0x2C7C, 0x00C5,
        0x00C5, 0x00C5, 0x2C7C, 0x2C7C, 0x2C7C, 0x2C7C, 0x2C7C, 0x0000, 0x0000, 0x2C7C, 0x2C7C, 0x2C7C, 0x2C7C, 0x2C7C, 0x00C5, 0x00C5,
        0x0021, 0x00C5, 0x2C7C, 0x2C7C, 0x2C7C, 0x2C7C, 0x2C7C, 0x0000, 0x0000, 0x2C7C, 0x2C7C, 0x2C7C, 0x2C7C, 0x2C7C, 0x00C5, 0x0021,
        0x0021, 0x00C5, 0x00C5, 0x2C7C, 0x2C7C, 0x2C7C, 0x2C7C, 0x2C7C, 0x2C7C, 0x2C7C, 0x2C7C, 0x2C7C, 0x2C7C, 0x00C5, 0x00C5, 0x0021,
        0x0021, 0x0021, 0x00C5, 0x00C5, 0x2C7C, 0x0000, 0x0000, 0x0000, 0x0000, 0x0000, 0x0000, 0x2C7C, 0x00C5, 0x00C5, 0x0021, 0x0021,
        0x0021, 0x0021, 0x0021, 0x00C5, 0x2C7C, 0x0000, 0x2C7C, 0x0000, 0x2C7C, 0x0000, 0x2C7C, 0x2C7C, 0x00C5, 0x0021, 0x0021, 0x0021,
        0x0021, 0x0021, 0x0021, 0x00C5, 0x00C5, 0x2C7C, 0x0000, 0x2C7C, 0x0000, 0x2C7C, 0x0000, 0x00C5, 0x00C5, 0x0021, 0x0021, 0x0021,
        0x0021, 0x0021, 0x0021, 0x0021, 0x00C5, 0x00C5, 0x00C5, 0x00C5, 0x00C5, 0x00C5, 0x00C5, 0x00C5, 0x0021, 0x0021, 0x0021, 0x0021,
    },
    {
        0x0021, 0x0021, 0x0021, 0x00A5, 0x00A5, 0x00A5, 0x00A5, 0x00A5, 0x00A5, 0x00A5, 0x00A5, 0x00A5, 0x00A5, 0x0021, 0x0021, 0x0021,
        0x0021, 0x00A5, 0x00A5, 0x00A5, 0x9E5F, 0x9E5F, 0x9E5F, 0x9E5F, 0x9E5F, 0x9E5F, 0x9E5F, 0x9E5F, 0x00A5, 0x00A5, 0x00A5, 0x0021,
        0x00A5, 0x00A5, 0x9E5F, 0x9E5F, 0x2C3C, 0x2C3C, 0x2C3C, 0x2C3C, 0x2C3C, 0x2C3C, 0x2C3C, 0x2C3C, 0x9E5F, 0x9E5F, 0x00A5, 0x00A5,
        0x00A5, 0x9E5F, 0x2C3C, 0x2C3C, 0x2C3C, 0x2C3C, 0x2C3C, 0x2C3C, 0x2C3C, 0x2C3C, 0x2C3C, 0x2C3C, 0x2C3C, 0x2C3C, 0x9E5F, 0x00A5,
        0x00A5, 0x2C3C, 0x2C3C, 0x2C3C, 0x2C3C, 0x2C3C, 0x2C3C, 0x2C3C, 0x2C3C, 0x2C3C, 0x2C3C, 0x2C3C, 0x2C3C, 0x2C3C, 0x2C3C, 0x00A5,
        0x00A5, 0x2C3C, 0x2C3C, 0x0000, 0x0000, 0x0000, 0x2C3C, 0x2C3C, 0x2C3C, 0x2C3C, 0x0000, 0x0000, 0x0000, 0x2C3C, 0x2C3C, 0x00A5,
        0x00A5, 0x2C3C, 0x2C3C, 0x0000, 0x0000, 0x0000, 0x2C3C, 0x2C3C, 0x2C3C, 0x2C3C, 0x0000, 0x0000, 0x0000, 0x2C3C, 0x2C3C, 0x00A5,
        0x00A5, 0x2C3C, 0x2C3C, 0x2C3C, 0x0000, 0x0000, 0x2C3C, 0x2C3C, 0x2C3C, 0x2C3C, 0x0000, 0x0000, 0x2C3C, 0x2C3C, 0x2C3C, 0x00A5,
        0x00A5, 0x2C3C, 0x2C3C, 0x2C3C, 0x2C3C, 0x2C3C, 0x2C3C, 0x2C3C, 0x2C3C, 0x2C3C, 0x2C3C, 0x2C3C, 0x2C3C, 0x2C3C, 0x2C3C, 0x00A5,
        0x00A5, 0x00A5, 0x2C3C, 0x2C3C, 0x2C3C, 0x2C3C, 0x2C3C, 0x0000, 0x0000, 0x2C3C, 0x2C3C, 0x2C3C, 0x2C3C, 0x2C3C, 0x00A5, 0x00A5,
        0x0021, 0x00A5, 0x2C3C, 0x2C3C, 0x2C3C, 0x2C3C, 0x2C3C, 0x0000, 0x0000, 0x2C3C, 0x2C3C, 0x2C3C, 0x2C3C, 0x2C3C, 0x00A5, 0x0021,
        0x0021, 0x00A5, 0x00A5, 0x2C3C, 0x2C3C, 0x2C3C, 0x2C3C, 0x2C3C, 0x2C3C, 0x2C3C, 0x2C3C, 0x2C3C, 0x2C3C, 0x00A5, 0x00A5, 0x0021,
        0x0021, 0x0021, 0x00A5, 0x00A5, 0x2C3C, 0x0000, 0x0000, 0x0000, 0x0000, 0x0000, 0x0000, 0x2C3C, 0x00A5, 0x00A5, 0x0021, 0x0021,
        0x0021, 0x0021, 0x0021, 0x00A5, 0x2C3C, 0x0000, 0x2C3C, 0x0000, 0x2C3C, 0x0000, 0x2C3C, 0x2C3C, 0x00A5, 0x0021, 0x0021, 0x0021,
        0x0021, 0x0021, 0x0021, 0x00A5, 0x00A5, 0x2C3C, 0x0000, 0x2C3C, 0x0000, 0x2C3C, 0x0000, 0x00A5, 0x00A5, 0x0021, 0x0021, 0x0021,
        0x0021, 0x0021, 0x0021, 0x0021, 0x00A5, 0x00A5, 0x00A5, 0x00A5, 0x00A5, 0x00A5, 0x00A5, 0x00A5, 0x0021, 0x0021, 0x0021, 0x0021,
    },
    {
        0x0021, 0x0021, 0x0021, 0x00A5, 0x00A5, 0x00A5, 0x00A5, 0x00A5, 0x00A5, 0x00A5, 0x00A5, 0x00A5, 0x00A5, 0x0021, 0x0021, 0x0021,
        0x0021, 0x00A5, 0x00A5, 0x00A5, 0x9E3F, 0x9E3F, 0x9E3F, 0x9E3F, 0x9E3F, 0x9E3F, 0x9E3F, 0x9E3F, 0x00A5, 0x00A5, 0x00A5, 0x0021,
        0x00A5, 0x00A5, 0x9E3F, 0x9E3F, 0x2BFC, 0x2BFC, 0x2BFC, 0x2BFC, 0x2BFC, 0x2BFC, 0x2BFC, 0x2BFC, 0x9E3F, 0x9E3F, 0x00A5, 0x00A5,
        0x00A5, 0x9E3F, 0x2BFC, 0x2BFC, 0x2BFC, 0x2BFC, 0x2BFC, 0x2BFC, 0x2BFC, 0x2BFC, 0x2BFC, 0x2BFC, 0x2BFC, 0x2BFC, 0x9E3F, 0x00A5,
        0x00A5, 0x2BFC, 0x2BFC, 0x2BFC, 0x2BFC, 0x2BFC, 0x2BFC, 0x2BFC, 0x2BFC, 0x2BFC, 0x2BFC, 0x2BFC, 0x2BFC, 0x2BFC, 0x2BFC, 0x00A5,
        0x00A5, 0x2BFC, 0x2BFC, 0x0000, 0x0000, 0x0000, 0x2BFC, 0x2BFC, 0x2BFC, 0x2BFC, 0x0000, 0x0000, 0x0000, 0x2BFC, 0x2BFC, 0x00A5,
        0x00A5, 0x2BFC, 0x2BFC, 0x0000, 0x0000, 0x0000, 0x2BFC, 0x2BFC, 0x2BFC, 0x2BFC, 0x0000, 0x0000, 0x0000, 0x2BFC, 0x2BFC, 0x00A5,
        0x00A5, 0x2BFC, 0x2BFC, 0x2BFC, 0x0000, 0x0000, 0x2BFC, 0x2BFC, 0x2BFC, 0x2BFC, 0x0000, 0x0000, 0x2BFC, 0x2BFC, 0x2BFC, 0x00A5,
        0x00A5, 0x2BFC, 0x2BFC, 0x2BFC, 0x2BFC, 0x2BFC, 0x2BFC, 0x2BFC, 0x2BFC, 0x2BFC, 0x2BFC, 0x2BFC, 0x2BFC, 0x2BFC, 0x2BFC, 0x00A5,
        0x00A5, 0x00A5, 0x2BFC, 0x2BFC, 0x2BFC, 0x2BFC, 0x2BFC, 0x0000, 0x0000, 0x2BFC, 0x2BFC, 0x2BFC, 0x2BFC, 0x2BFC, 0x00A5, 0x00A5,
        0x0021, 0x00A5, 0x2BFC, 0x2BFC, 0x2BFC, 0x2BFC, 0x2BFC, 0x0000, 0x0000, 0x2BFC, 0x2BFC, 0x2BFC, 0x2BFC, 0x2BFC, 0x00A5, 0x0021,
        0x0021, 0x00A5, 0x00A5, 0x2BFC, 0x2BFC, 0x2BFC, 0x2BFC, 0x2BFC, 0x2BFC, 0x2BFC, 0x2BFC, 0x2BFC, 0x2BFC, 0x00A5, 0x00A5, 0x0021,
        0x0021, 0x0021, 0x00A5, 0x00A5, 0x2BFC, 0x0000, 0x0000, 0x0000, 0x0000, 0x0000, 0x0000, 0x2BFC, 0x00A5, 0x00A5, 0x0021, 0x0021,
        0x0021, 0x0021, 0x0021, 0x00A5, 0x2BFC, 0x0000, 0x2BFC, 0x0000, 0x2BFC, 0x0000, 0x2BFC, 0x2BFC, 0x00A5, 0x0021, 0x0021, 0x0021,
        0x0021, 0x0021, 0x0021, 0x00A5, 0x00A5, 0x2BFC, 0x0000, 0x2BFC, 0x0000, 0x2BFC, 0x0000, 0x00A5, 0x00A5, 0x0021, 0x0021, 0x0021,
        0x0021, 0x0021, 0x0021, 0x0021, 0x00A5, 0x00A5, 0x00A5, 0x00A5, 0x00A5, 0x00A5, 0x00A5, 0x00A5, 0x0021, 0x0021, 0x0021, 0x0021,
    },
    {
        0x0021, 0x0021, 0x0021, 0x0085, 0x0085, 0x0085, 0x0085, 0x0085, 0x0085, 0x0085, 0x0085, 0x0085, 0x0085, 0x0021, 0x0021, 0x0021,
        0x0021, 0x0085, 0x0085, 0x0085, 0x9E1F, 0x9E1F, 0x9E1F, 0x9E1F, 0x9E1F, 0x9E1F, 0x9E1F, 0x9E1F, 0x0085, 0x0085, 0x0085, 0x0021,
        0x0085, 0x0085, 0x9E1F, 0x9E1F, 0x2BBC, 0x2BBC, 0x2BBC, 0x2BBC, 0x2BBC, 0x2BBC, 0x2BBC, 0x2BBC, 0x9E1F, 0x9E1F, 0x0085, 0x0085,
        0x0085, 0x9E1F, 0x2BBC, 0x2BBC, 0x2BBC, 0x2BBC, 0x2BBC, 0x2BBC, 0x2BBC, 0x2BBC, 0x2BBC, 0x2BBC, 0x2BBC, 0x2BBC, 0x9E1F, 0x0085,
        0x0085, 0x2BBC, 0x2BBC, 0x2BBC, 0x2BBC, 0x2BBC, 0x2BBC, 0x2BBC, 0x2BBC, 0x2BBC, 0x2BBC, 0x2BBC, 0x2BBC, 0x2BBC, 0x2BBC, 0x0085,
        0x0085, 0x2BBC, 0x2BBC, 0x0000, 0x0000, 0x0000, 0x2BBC, 0x2BBC, 0x2BBC, 0x2BBC, 0x0000, 0x0000, 0x0000, 0x2BBC, 0x2BBC, 0x0085,
        0x0085, 0x2BBC, 0x2BBC, 0x0000, 0x0000, 0x0000, 0x2BBC, 0x2BBC, 0x2BBC, 0x2BBC, 0x0000, 0x0000, 0x0000, 0x2BBC, 0x2BBC, 0x0085,
        0x0085, 0x2BBC, 0x2BBC, 0x2BBC, 0x0000, 0x0000, 0x2BBC, 0x2BBC, 0x2BBC, 0x2BBC, 0x0000, 0x0000, 0x2BBC, 0x2BBC, 0x2BBC, 0x0085,
        0x0085, 0x2BBC, 0x2BBC, 0x2BBC, 0x2BBC, 0x2BBC, 0x2BBC, 0x2BBC, 0x2BBC, 0x2BBC, 0x2BBC, 0x2BBC, 0x2BBC, 0x2BBC, 0x2BBC, 0x0085,
        0x0085, 0x0085, 0x2BBC, 0x2BBC, 0x2BBC, 0x2BBC, 0x2BBC, 0x0000, 0x0000, 0x2BBC, 0x2BBC, 0x2BBC, 0x2BBC, 0x2BBC, 0x0085, 0x0085,
        0x0021, 0x0085, 0x2BBC, 0x2BBC, 0x2BBC, 0x2BBC, 0x2BBC, 0x0000, 0x0000, 0x2BBC, 0x2BBC, 0x2BBC, 0x2BBC, 0x2BBC, 0x0085, 0x0021,
        0x0021, 0x0085, 0x0085, 0x2BBC, 0x2BBC, 0x2BBC, 0x2BBC, 0x2BBC, 0x2BBC, 0x2BBC, 0x2BBC, 0x2BBC, 0x2BBC, 0x0085, 0x0085, 0x0021,
        0x0021, 0x0021, 0x0085, 0x0085, 0x2BBC, 0x0000, 0x0000, 0x0000, 0x0000, 0x0000, 0x0000, 0x2BBC, 0x0085, 0x0085, 0x0021, 0x0021,
        0x0021, 0x0021, 0x0021, 0x0085, 0x2BBC, 0x0000, 0x2BBC, 0x0000, 0x2BBC, 0x0000, 0x2BBC, 0x2BBC, 0x0085, 0x0021, 0x0021, 0x0021,
        0x0021, 0x0021, 0x0021, 0x0085, 0x0085, 0x2BBC, 0x0000, 0x2BBC, 0x0000, 0x2BBC, 0x0000, 0x0085, 0x0085, 0x0021, 0x0021, 0x0021,
        0x0021, 0x0021, 0x0021, 0x0021, 0x0085, 0x0085, 0x0085, 0x0085, 0x0085, 0x0085, 0x0085, 0x0085, 0x0021, 0x0021, 0x0021, 0x0021,
    },
    {
        0x0021, 0x0021, 0x0021, 0x0085, 0x0085, 0x0085, 0x0085, 0x0085, 0x0085, 0x0085, 0x0085, 0x0085, 0x0085, 0x0021, 0x0021, 0x0021,
        0x0021, 0x0085, 0x0085, 0x0085, 0x9DFF, 0x9DFF, 0x9DFF, 0x9DFF, 0x9DFF, 0x9DFF, 0x9DFF, 0x9DFF, 0x0085, 0x0085, 0x0085, 0x0021,
        0x0085, 0x0085, 0x9DFF, 0x9DFF, 0x2B7C, 0x2B7C, 0x2B7C, 0x2B7C, 0x2B7C, 0x2B7C, 0x2B7C, 0x2B7C, 0x9DFF, 0x9DFF, 0x0085, 0x0085,
        0x0085, 0x9DFF, 0x2B7C, 0x2B7C, 0x2B7C, 0x2B7C, 0x2B7C, 0x2B7C, 0x2B7C, 0x2B7C, 0x2B7C, 0x2B7C, 0x2B7C, 0x2B7C, 0x9DFF, 0x0085,
        0x0085, 0x2B7C, 0x2B7C, 0x2B7C, 0x2B7C, 0x2B7C, 0x2B7C, 0x2B7C, 0x2B7C, 0x2B7C, 0x2B7C, 0x2B7C, 0x2B7C, 0x2B7C, 0x2B7C, 0x0085,
        0x0085, 0x2B7C, 0x2B7C, 0x0000, 0x0000, 0x0000, 0x2B7C, 0x2B7C, 0x2B7C, 0x2B7C, 0x0000, 0x0000, 0x0000, 0x2B7C, 0x2B7C, 0x0085,
        0x0085, 0x2B7C, 0x2B7C, 0x0000, 0x0000, 0x0000, 0x2B7C, 0x2B7C, 0x2B7C, 0x2B7C, 0x0000, 0x0000, 0x0000, 0x2B7C, 0x2B7C, 0x0085,
        0x0085, 0x2B7C, 0x2B7C, 0x2B7C, 0x0000, 0x0000, 0x2B7C, 0x2B7C, 0x2B7C, 0x2B7C, 0x0000, 0x0000, 0x2B7C, 0x2B7C, 0x2B7C, 0x0085,
        0x0085, 0x2B7C, 0x2B7C, 0x2B7C, 0x2B7C, 0x2B7C, 0x2B7C, 0x2B7C, 0x2B7C, 0x2B7C, 0x2B7C, 0x2B7C, 0x2B7C, 0x2B7C, 0x2B7C, 0x0085,
        0x0085, 0x0085, 0x2B7C, 0x2B7C, 0x2B7C, 0x2B7C, 0x2B7C, 0x0000, 0x0000, 0x2B7C, 0x2B7C, 0x2B7C, 0x2B7C, 0x2B7C, 0x0085, 0x0085,
        0x0021, 0x0085, 0x2B7C, 0x2B7C, 0x2B7C, 0x2B7C, 0x2B7C, 0x0000, 0x0000, 0x2B7C, 0x2B7C, 0x2B7C, 0x2B7C, 0x2B7C, 0x0085, 0x0021,
        0x0021, 0x0085, 0x0085, 0x2B7C, 0x2B7C, 0x2B7C, 0x2B7C, 0x2B7C, 0x2B7C, 0x2B7C, 0x2B7C, 0x2B7C, 0x2B7C, 0x0085, 0x0085, 0x0021,
        0x0021, 0x0021, 0x0085, 0x0085, 0x2B7C, 0x0000, 0x0000, 0x0000, 0x0000, 0x0000, 0x0000, 0x2B7C, 0x0085, 0x0085, 0x0021, 0x0021,
        0x0021, 0x0021, 0x0021, 0x0085, 0x2B7C, 0x0000, 0x2B7C, 0x0000, 0x2B7C, 0x0000, 0x2B7C, 0x2B7C, 0x0085, 0x0021, 0x0021, 0x0021,
        0x0021, 0x0021, 0x0021, 0x0085, 0x0085, 0x2B7C, 0x0000, 0x2B7C, 0x0000, 0x2B7C, 0x0000, 0x0085, 0x0085, 0x0021, 0x0021, 0x0021,
        0x0021, 0x0021, 0x0021, 0x0021, 0x0085, 0x0085, 0x0085, 0x0085, 0x0085, 0x0085, 0x0085, 0x0085, 0x0021, 0x0021, 0x0021, 0x0021,
    },
    {
        0x0021, 0x0021, 0x0021, 0x0085, 0x0085, 0x0085, 0x0085, 0x0085, 0x0085, 0x0085, 0x0085, 0x0085, 0x0085, 0x0021, 0x0021, 0x0021,
        0x0021, 0x0085, 0x0085, 0x0085, 0x9DDF, 0x9DDF, 0x9DDF, 0x9DDF, 0x9DDF, 0x9DDF, 0x9DDF, 0x9DDF, 0x0085, 0x0085, 0x0085, 0x0021,
        0x0085, 0x0085, 0x9DDF, 0x9DDF, 0x2B1C, 0x2B1C, 0x2B1C, 0x2B1C, 0x2B1C, 0x2B1C, 0x2B1C, 0x2B1C, 0x9DDF, 0x9DDF, 0x0085, 0x0085,
        0x0085, 0x9DDF, 0x2B1C, 0x2B1C, 0x2B1C, 0x2B1C, 0x2B1C, 0x2B1C, 0x2B1C, 0x2B1C, 0x2B1C, 0x2B1C, 0x2B1C, 0x2B1C, 0x9DDF, 0x0085,
        0x0085, 0x2B1C, 0x2B1C, 0x2B1C, 0x2B1C, 0x2B1C, 0x2B1C, 0x2B1C, 0x2B1C, 0x2B1C, 0x2B1C, 0x2B1C, 0x2B1C, 0x2B1C, 0x2B1C, 0x0085,
        0x0085, 0x2B1C, 0x2B1C, 0x0000, 0x0000, 0x0000, 0x2B1C, 0x2B1C, 0x2B1C, 0x2B1C, 0x0000, 0x0000, 0x0000, 0x2B1C, 0x2B1C, 0x0085,
        0x0085, 0x2B1C, 0x2B1C, 0x0000, 0x0000, 0x0000, 0x2B1C, 0x2B1C, 0x2B1C, 0x2B1C, 0x0000, 0x0000, 0x0000, 0x2B1C, 0x2B1C, 0x0085,
        0x0085, 0x2B1C, 0x2B1C, 0x2B1C, 0x0000, 0x0000, 0x2B1C, 0x2B1C, 0x2B1C, 0x2B1C, 0x0000, 0x0000, 0x2B1C, 0x2B1C, 0x2B1C, 0x0085,
        0x0085, 0x2B1C, 0x2B1C, 0x2B1C, 0x2B1C, 0x2B1C, 0x2B1C, 0x2B1C, 0x2B1C, 0x2B1C, 0x2B1C, 0x2B1C, 0x2B1C, 0x2B1C, 0x2B1C, 0x0085,
        0x0085, 0x0085, 0x2B1C, 0x2B1C, 0x2B1C, 0x2B1C, 0x2B1C, 0x0000, 0x0000, 0x2B1C, 0x2B1C, 0x2B1C, 0x2B1C, 0x2B1C, 0x0085, 0x0085,
        0x0021, 0x0085, 0x2B1C, 0x2B1C, 0x2B1C, 0x2B1C, 0x2B1C, 0x0000, 0x0000, 0x2B1C, 0x2B1C, 0x2B1C, 0x2B1C, 0x2B1C, 0x0085, 0x0021,
        0x0021, 0x0085, 0x0085, 0x2B1C, 0x2B1C, 0x2B1C, 0x2B1C, 0x2B1C, 0x2B1C, 0x2B1C, 0x2B1C, 0x2B1C, 0x2B1C, 0x0085, 0x0085, 0x0021,
        0x0021, 0x0021, 0x0085, 0x0085, 0x2B1C, 0x0000, 0x0000, 0x0000, 0x0000, 0x0000, 0x0000, 0x2B1C, 0x0085, 0x0085, 0x0021, 0x0021,
        0x0021, 0x0021, 0x0021, 0x0085, 0x2B1C, 0x0000, 0x2B1C, 0x0000, 0x2B1C, 0x0000, 0x2B1C, 0x2B1C, 0x0085, 0x0021, 0x0021, 0x0021,
        0x0021, 0x0021, 0x0021, 0x0085, 0x0085, 0x2B1C, 0x0000, 0x2B1C, 0x0000, 0x2B1C, 0x0000, 0x0085, 0x0085, 0x0021, 0x0021, 0x0021,
        0x0021, 0x0021, 0x0021, 0x0021, 0x0085, 0x0085, 0x0085, 0x0085, 0x0085, 0x0085, 0x0085, 0x0085, 0x0021, 0x0021, 0x0021, 0x0021,
    },
    {
        0x0021, 0x0021, 0x0021, 0x0065, 0x0065, 0x0065, 0x0065, 0x0065, 0x0065, 0x0065, 0x0065, 0x0065, 0x0065, 0x0021, 0x0021, 0x0021,
        0x0021, 0x0065, 0x0065, 0x0065, 0x9D9F, 0x9D9F, 0x9D9F, 0x9D9F, 0x9D9F, 0x9D9F, 0x9D9F, 0x9D9F, 0x0065, 0x0065, 0x0065, 0x0021,
        0x0065, 0x0065, 0x9D9F, 0x9D9F, 0x2ADC, 0x2ADC, 0x2ADC, 0x2ADC, 0x2ADC, 0x2ADC, 0x2ADC, 0x2ADC, 0x9D9F, 0x9D9F, 0x0065, 0x0065,
        0x0065, 0x9D9F, 0x2ADC, 0x2ADC, 0x2ADC, 0x2ADC, 0x2ADC, 0x2ADC, 0x2ADC, 0x2ADC, 0x2ADC, 0x2ADC, 0x2ADC, 0x2ADC, 0x9D9F, 0x0065,
        0x0065, 0x2ADC, 0x2ADC, 0x2ADC, 0x2ADC, 0x2ADC, 0x2ADC, 0x2ADC, 0x2ADC, 0x2ADC, 0x2ADC, 0x2ADC, 0x2ADC, 0x2ADC, 0x2ADC, 0x0065,
        0x0065, 0x2ADC, 0x2ADC, 0x0000, 0x0000, 0x0000, 0x2ADC, 0x2ADC, 0x2ADC, 0x2ADC, 0x0000, 0x0000, 0x0000, 0x2ADC, 0x2ADC, 0x0065,
        0x0065, 0x2ADC, 0x2ADC, 0x0000, 0x0000, 0x0000, 0x2ADC, 0x2ADC, 0x2ADC, 0x2ADC, 0x0000, 0x0000, 0x0000, 0x2ADC, 0x2ADC, 0x0065,
        0x0065, 0x2ADC, 0x2ADC, 0x2ADC, 0x0000, 0x0000, 0x2ADC, 0x2ADC, 0x2ADC, 0x2ADC, 0x0000, 0x0000, 0x2ADC, 0x2ADC, 0x2ADC, 0x0065,
        0x0065, 0x2ADC, 0x2ADC, 0x2ADC, 0x2ADC, 0x2ADC, 0x2ADC, 0x2ADC, 0x2ADC, 0x2ADC, 0x2ADC, 0x2ADC, 0x2ADC, 0x2ADC, 0x2ADC, 0x0065,
        0x0065, 0x0065, 0x2ADC, 0x2ADC, 0x2ADC, 0x2ADC, 0x2ADC, 0x0000, 0x0000, 0x2ADC, 0x2ADC, 0x2ADC, 0x2ADC, 0x2ADC, 0x0065, 0x0065,
        0x0021, 0x0065, 0x2ADC, 0x2ADC, 0x2ADC, 0x2ADC, 0x2ADC, 0x0000, 0x0000, 0x2ADC, 0x2ADC, 0x2ADC, 0x2ADC, 0x2ADC, 0x0065, 0x0021,
        0x0021, 0x0065, 0x0065, 0x2ADC, 0x2ADC, 0x2ADC, 0x2ADC, 0x2ADC, 0x2ADC, 0x2ADC, 0x2ADC, 0x2ADC, 0x2ADC, 0x0065, 0x0065, 0x0021,
        0x0021, 0x0021, 0x0065, 0x0065, 0x2ADC, 0x0000, 0x0000, 0x0000, 0x0000, 0x0000, 0x0000, 0x2ADC, 0x0065, 0x0065, 0x0021, 0x0021,
        0x0021, 0x0021, 0x0021, 0x0065, 0x2ADC, 0x0000, 0x2ADC, 0x0000, 0x2ADC, 0x0000, 0x2ADC, 0x2ADC, 0x0065, 0x0021, 0x0021, 0x0021,
        0x0021, 0x0021, 0x0021, 0x0065, 0x0065, 0x2ADC, 0x0000, 0x2ADC, 0x0000, 0x2ADC, 0x0000, 0x0065, 0x0065, 0x0021, 0x0021, 0x0021,
        0x0021, 0x0021, 0x0021, 0x0021, 0x0065, 0x0065, 0x0065, 0x0065, 0x0065, 0x0065, 0x0065, 0x0065, 0x0021, 0x0021, 0x0021, 0x0021,
    },
    {
        0x0021, 0x0021, 0x0021, 0x0065, 0x0065, 0x0065, 0x0065, 0x0065, 0x0065, 0x0065, 0x0065, 0x0065, 0x0065, 0x0021, 0x0021, 0x0021,
        0x0021, 0x0065, 0x0065, 0x0065, 0x9D7F, 0x9D7F, 0x9D7F, 0x9D7F, 0x9D7F, 0x9D7F, 0x9D7F, 0x9D7F, 0x0065, 0x0065, 0x0065, 0x0021,
        0x0065, 0x0065, 0x9D7F, 0x9D7F, 0x2A9C, 0x2A9C, 0x2A9C, 0x2A9C, 0x2A9C, 0x2A9C, 0x2A9C, 0x2A9C, 0x9D7F, 0x9D7F, 0x0065, 0x0065,
        0x0065, 0x9D7F, 0x2A9C, 0x2A9C, 0x2A9C, 0x2A9C, 0x2A9C, 0x2A9C, 0x2A9C, 0x2A9C, 0x2A9C, 0x2A9C, 0x2A9C, 0x2A9C, 0x9D7F, 0x0065,
        0x0065, 0x2A9C, 0x2A9C, 0x2A9C, 0x2A9C, 0x2A9C, 0x2A9C, 0x2A9C, 0x2A9C, 0x2A9C, 0x2A9C, 0x2A9C, 0x2A9C, 0x2A9C, 0x2A9C, 0x0065,
        0x0065, 0x2A9C, 0x2A9C, 0x0000, 0x0000, 0x0000, 0x2A9C, 0x2A9C, 0x2A9C, 0x2A9C, 0x0000, 0x0000, 0x0000, 0x2A9C, 0x2A9C, 0x0065,
        0x0065, 0x2A9C, 0x2A9C, 0x0000, 0x0000, 0x0000, 0x2A9C, 0x2A9C, 0x2A9C, 0x2A9C, 0x0000, 0x0000, 0x0000, 0x2A9C, 0x2A9C, 0x0065,
        0x0065, 0x2A9C, 0x2A9C, 0x2A9C, 0x0000, 0x0000, 0x2A9C, 0x2A9C, 0x2A9C, 0x2A9C, 0x0000, 0x0000, 0x2A9C, 0x2A9C, 0x2A9C, 0x0065,
        0x0065, 0x2A9C, 0x2A9C, 0x2A9C, 0x2A9C, 0x2A9C, 0x2A9C, 0x2A9C, 0x2A9C, 0x2A9C, 0x2A9C, 0x2A9C, 0x2A9C, 0x2A9C, 0x2A9C, 0x0065,
        0x0065, 0x0065, 0x2A9C, 0x2A9C, 0x2A9C, 0x2A9C, 0x2A9C, 0x0000, 0x0000, 0x2A9C, 0x2A9C, 0x2A9C, 0x2A9C, 0x2A9C, 0x0065, 0x0065,
        0x0021, 0x0065, 0x2A9C, 0x2A9C, 0x2A9C, 0x2A9C, 0x2A9C, 0x0000, 0x0000, 0x2A9C, 0x2A9C, 0x2A9C, 0x2A9C, 0x2A9C, 0x0065, 0x0021,
        0x0021, 0x0065, 0x0065, 0x2A9C, 0x2A9C, 0x2A9C, 0x2A9C, 0x2A9C, 0x2A9C, 0x2A9C, 0x2A9C, 0x2A9C, 0x2A9C, 0x0065, 0x0065, 0x0021,
        0x0021, 0x0021, 0x0065, 0x0065, 0x2A9C, 0x0000, 0x0000, 0x0000, 0x0000, 0x0000, 0x0000, 0x2A9C, 0x0065, 0x0065, 0x0021, 0x0021,
        0x0021, 0x0021, 0x0021, 0x0065, 0x2A9C, 0x0000, 0x2A9C, 0x0000, 0x2A9C, 0x0000, 0x2A9C, 0x2A9C, 0x0065, 0x0021, 0x0021, 0x0021,
        0x0021, 0x0021, 0x0021, 0x0065, 0x0065, 0x2A9C, 0x0000, 0x2A9C, 0x0000, 0x2A9C, 0x0000, 0x0065, 0x0065, 0x0021, 0x0021, 0x0021,
        0x0021, 0x0021, 0x0021, 0x0021, 0x0065, 0x0065, 0x0065, 0x0065, 0x0065, 0x0065, 0x0065, 0x0065, 0x0021, 0x0021, 0x0021, 0x0021,
    },
    {
        0x0021, 0x0021, 0x0021, 0x0045, 0x0045, 0x0045, 0x0045, 0x0045, 0x0045, 0x0045, 0x0045, 0x0045, 0x0045, 0x0021, 0x0021, 0x0021,
        0x0021, 0x0045, 0x0045, 0x0045, 0x9D5F, 0x9D5F, 0x9D5F, 0x9D5F, 0x9D5F, 0x9D5F, 0x9D5F, 0x9D5F, 0x0045, 0x0045, 0x0045, 0x0021,
        0x0045, 0x0045, 0x9D5F, 0x9D5F, 0x2A5C, 0x2A5C, 0x2A5C, 0x2A5C, 0x2A5C, 0x2A5C, 0x2A5C, 0x2A5C, 0x9D5F, 0x9D5F, 0x0045, 0x0045,
        0x0045, 0x9D5F, 0x2A5C, 0x2A5C, 0x2A5C, 0x2A5C, 0x2A5C, 0x2A5C, 0x2A5C, 0x2A5C, 0x2A5C, 0x2A5C, 0x2A5C, 0x2A5C, 0x9D5F, 0x0045,
        0x0045, 0x2A5C, 0x2A5C, 0x2A5C, 0x2A5C, 0x2A5C, 0x2A5C, 0x2A5C, 0x2A5C, 0x2A5C, 0x2A5C, 0x2A5C, 0x2A5C, 0x2A5C, 0x2A5C, 0x0045,
        0x0045, 0x2A5C, 0x2A5C, 0x0000, 0x0000, 0x0000, 0x2A5C, 0x2A5C, 0x2A5C, 0x2A5C, 0x0000, 0x0000, 0x0000, 0x2A5C, 0x2A5C, 0x0045,
        0x0045, 0x2A5C, 0x2A5C, 0x0000, 0x0000, 0x0000, 0x2A5C, 0x2A5C, 0x2A5C, 0x2A5C, 0x0000, 0x0000, 0x0000, 0x2A5C, 0x2A5C, 0x0045,
        0x0045, 0x2A5C, 0x2A5C, 0x2A5C, 0x0000, 0x0000, 0x2A5C, 0x2A5C, 0x2A5C, 0x2A5C, 0x0000, 0x0000, 0x2A5C, 0x2A5C, 0x2A5C, 0x0045,
        0x0045, 0x2A5C, 0x2A5C, 0x2A5C, 0x2A5C, 0x2A5C, 0x2A5C, 0x2A5C, 0x2A5C, 0x2A5C, 0x2A5C, 0x2A5C, 0x2A5C, 0x2A5C, 0x2A5C, 0x0045,
        0x0045, 0x0045, 0x2A5C, 0x2A5C, 0x2A5C, 0x2A5C, 0x2A5C, 0x0000, 0x0000, 0x2A5C, 0x2A5C, 0x2A5C, 0x2A5C, 0x2A5C, 0x0045, 0x0045,
        0x0021, 0x0045, 0x2A5C, 0x2A5C, 0x2A5C, 0x2A5C, 0x2A5C, 0x0000, 0x0000, 0x2A5C, 0x2A5C, 0x2A5C, 0x2A5C, 0x2A5C, 0x0045, 0x0021,
        0x0021, 0x0045, 0x0045, 0x2A5C, 0x2A5C, 0x2A5C, 0x2A5C, 0x2A5C, 0x2A5C, 0x2A5C, 0x2A5C, 0x2A5C, 0x2A5C, 0x0045, 0x0045, 0x0021,
        0x0021, 0x0021, 0x0045, 0x0045, 0x2A5C, 0x0000, 0x0000, 0x0000, 0x0000, 0x0000, 0x0000, 0x2A5C, 0x0045, 0x0045, 0x0021, 0x0021,
        0x0021, 0x0021, 0x0021, 0x0045, 0x2A5C, 0x0000, 0x2A5C, 0x0000, 0x2A5C, 0x0000, 0x2A5C, 0x2A5C, 0x0045, 0x0021, 0x0021, 0x0021,
        0x0021, 0x0021, 0x0021, 0x0045, 0x0045, 0x2A5C, 0x0000, 0x2A5C, 0x0000, 0x2A5C, 0x0000, 0x0045, 0x0045, 0x0021, 0x0021, 0x0021,
        0x0021, 0x0021, 0x0021, 0x0021, 0x0045, 0x0045, 0x0045, 0x0045, 0x0045, 0x0045, 0x0045, 0x0045, 0x0021, 0x0021, 0x0021, 0x0021,
    },
    {
        0x0021, 0x0021, 0x0021, 0x0045, 0x0045, 0x0045, 0x0045, 0x0045, 0x0045, 0x0045, 0x0045, 0x0045, 0x0045, 0x0021, 0x0021, 0x0021,
        0x0021, 0x0045, 0x0045, 0x0045, 0x9D3F, 0x9D3F, 0x9D3F, 0x9D3F, 0x9D3F, 0x9D3F, 0x9D3F, 0x9D3F, 0x0045, 0x0045, 0x0045, 0x0021,
        0x0045, 0x0045, 0x9D3F, 0x9D3F, 0x2A1C, 0x2A1C, 0x2A1C, 0x2A1C, 0x2A1C, 0x2A1C, 0x2A1C, 0x2A1C, 0x9D3F, 0x9D3F, 0x0045, 0x0045,
        0x0045, 0x9D3F, 0x2A1C, 0x2A1C, 0x2A1C, 0x2A1C, 0x2A1C, 0x2A1C, 0x2A1C, 0x2A1C, 0x2A1C, 0x2A1C, 0x2A1C, 0x2A1C, 0x9D3F, 0x0045,
        0x0045, 0x2A1C, 0x2A1C, 0x2A1C, 0x2A1C, 0x2A1C, 0x2A1C, 0x2A1C, 0x2A1C, 0x2A1C, 0x2A1C, 0x2A1C, 0x2A1C, 0x2A1C, 0x2A1C, 0x0045,
        0x0045, 0x2A1C, 0x2A1C, 0x0000, 0x0000, 0x0000, 0x2A1C, 0x2A1C, 0x2A1C, 0x2A1C, 0x0000, 0x0000, 0x0000, 0x2A1C, 0x2A1C, 0x0045,
        0x0045, 0x2A1C, 0x2A1C, 0x0000, 0x0000, 0x0000, 0x2A1C, 0x2A1C, 0x2A1C, 0x2A1C, 0x0000, 0x0000, 0x0000, 0x2A1C, 0x2A1C, 0x0045,
        0x0045, 0x2A1C, 0x2A1C, 0x2A1C, 0x0000, 0x0000, 0x2A1C, 0x2A1C, 0x2A1C, 0x2A1C, 0x0000, 0x0000, 0x2A1C, 0x2A1C, 0x2A1C, 0x0045,
        0x0045, 0x2A1C, 0x2A1C, 0x2A1C, 0x2A1C, 0x2A1C, 0x2A1C, 0x2A1C, 0x2A1C, 0x2A1C, 0x2A1C, 0x2A1C, 0x2A1C, 0x2A1C, 0x2A1C, 0x0045,
        0x0045, 0x0045, 0x2A1C, 0x2A1C, 0x2A1C, 0x2A1C, 0x2A1C, 0x0000, 0x0000, 0x2A1C, 0x2A1C, 0x2A1C, 0x2A1C, 0x2A1C, 0x0045, 0x0045,
        0x0021, 0x0045, 0x2A1C, 0x2A1C, 0x2A1C, 0x2A1C, 0x2A1C, 0x0000, 0x0000, 0x2A1C, 0x2A1C, 0x2A1C, 0x2A1C, 0x2A1C, 0x0045, 0x0021,
        0x0021, 0x0045, 0x0045, 0x2A1C, 0x2A1C, 0x2A1C, 0x2A1C, 0x2A1C, 0x2A1C, 0x2A1C, 0x2A1C, 0x2A1C, 0x2A1C, 0x0045, 0x0045, 0x0021,
        0x0021, 0x0021, 0x0045, 0x0045, 0x2A1C, 0x0000, 0x0000, 0x0000, 0x0000, 0x0000, 0x0000, 0x2A1C, 0x0045, 0x0045, 0x0021, 0x0021,
        0x0021, 0x0021, 0x0021, 0x0045, 0x2A1C, 0x0000, 0x2A1C, 0x0000, 0x2A1C, 0x0000, 0x2A1C, 0x2A1C, 0x0045, 0x0021, 0x0021, 0x0021,
        0x0021, 0x0021, 0x0021, 0x0045, 0x0045, 0x2A1C, 0x0000, 0x2A1C, 0x0000, 0x2A1C, 0x0000, 0x0045, 0x0045, 0x0021, 0x0021, 0x0021,
        0x0021, 0x0021, 0x0021, 0x0021, 0x0045, 0x0045, 0x0045, 0x0045, 0x0045, 0x0045, 0x0045, 0x0045, 0x0021, 0x0021, 0x0021, 0x0021,
    },
    {
        0x0021, 0x0021, 0x0021, 0x0025, 0x0025, 0x0025, 0x0025, 0x0025, 0x0025, 0x0025, 0x0025, 0x0025, 0x0025, 0x0021, 0x0021, 0x0021,
        0x0021, 0x0025, 0x0025, 0x0025, 0x9CFF, 0x9CFF, 0x9CFF, 0x9CFF, 0x9CFF, 0x9CFF, 0x9CFF, 0x9CFF, 0x0025, 0x0025, 0x0025, 0x0021,
        0x0025, 0x0025, 0x9CFF, 0x9CFF, 0x29DC, 0x29DC, 0x29DC, 0x29DC, 0x29DC, 0x29DC, 0x29DC, 0x29DC, 0x9CFF, 0x9CFF, 0x0025, 0x0025,
        0x0025, 0x9CFF, 0x29DC, 0x29DC, 0x29DC, 0x29DC, 0x29DC, 0x29DC, 0x29DC, 0x29DC, 0x29DC, 0x29DC, 0x29DC, 0x29DC, 0x9CFF, 0x0025,
        0x0025, 0x29DC, 0x29DC, 0x29DC, 0x29DC, 0x29DC, 0x29DC, 0x29DC, 0x29DC, 0x29DC, 0x29DC, 0x29DC, 0x29DC, 0x29DC, 0x29DC, 0x0025,
        0x0025, 0x29DC, 0x29DC, 0x0000, 0x0000, 0x0000, 0x29DC, 0x29DC, 0x29DC, 0x29DC, 0x0000, 0x0000, 0x0000, 0x29DC, 0x29DC, 0x0025,
        0x0025, 0x29DC, 0x29DC, 0x0000, 0x0000, 0x0000, 0x29DC, 0x29DC, 0x29DC, 0x29DC, 0x0000, 0x0000, 0x0000, 0x29DC, 0x29DC, 0x0025,
        0x0025, 0x29DC, 0x29DC, 0x29DC, 0x0000, 0x0000, 0x29DC, 0x29DC, 0x29DC, 0x29DC, 0x0000, 0x0000, 0x29DC, 0x29DC, 0x29DC, 0x0025,
        0x0025, 0x29DC, 0x29DC, 0x29DC, 0x29DC, 0x29DC, 0x29DC, 0x29DC, 0x29DC, 0x29DC, 0x29DC, 0x29DC, 0x29DC, 0x29DC, 0x29DC, 0x0025,
        0x0025, 0x0025, 0x29DC, 0x29DC, 0x29DC, 0x29DC, 0x29DC, 0x0000, 0x0000, 0x29DC, 0x29DC, 0x29DC, 0x29DC, 0x29DC, 0x0025, 0x0025,
        0x0021, 0x0025, 0x29DC, 0x29DC, 0x29DC, 0x29DC, 0x29DC, 0x0000, 0x0000, 0x29DC, 0x29DC, 0x29DC, 0x29DC, 0x29DC, 0x0025, 0x0021,
        0x0021, 0x0025, 0x0025, 0x29DC, 0x29DC, 0x29DC, 0x29DC, 0x29DC, 0x29DC, 0x29DC, 0x29DC, 0x29DC, 0x29DC, 0x0025, 0x0025, 0x0021,
        0x0021, 0x0021, 0x0025, 0x0025, 0x29DC, 0x0000, 0x0000, 0x0000, 0x0000, 0x0000, 0x0000, 0x29DC, 0x0025, 0x0025, 0x0021, 0x0021,
        0x0021, 0x0021, 0x0021, 0x0025, 0x29DC, 0x0000, 0x29DC, 0x0000, 0x29DC, 0x0000, 0x29DC, 0x29DC, 0x0025, 0x0021, 0x0021, 0x0021,
        0x0021, 0x0021, 0x0021, 0x0025, 0x0025, 0x29DC, 0x0000, 0x29DC, 0x0000, 0x29DC, 0x0000, 0x0025, 0x0025, 0x0021, 0x0021, 0x0021,
        0x0021, 0x0021, 0x0021, 0x0021, 0x0025, 0x0025, 0x0025, 0x0025, 0x0025, 0x0025, 0x0025, 0x0025, 0x0021, 0x0021, 0x0021, 0x0021,
    },
    {
        0x0021, 0x0021, 0x0021, 0x0025, 0x0025, 0x0025, 0x0025, 0x0025, 0x0025, 0x0025, 0x0025, 0x0025, 0x0025, 0x0021, 0x0021, 0x0021,
        0x0021, 0x0025, 0x0025, 0x0025, 0x9CDF, 0x9CDF, 0x9CDF, 0x9CDF, 0x9CDF, 0x9CDF, 0x9CDF, 0x9CDF, 0x0025, 0x0025, 0x0025, 0x0021,
        0x0025, 0x0025, 0x9CDF, 0x9CDF, 0x297C, 0x297C, 0x297C, 0x297C, 0x297C, 0x297C, 0x297C, 0x297C, 0x9CDF, 0x9CDF, 0x0025, 0x0025,
        0x0025, 0x9CDF, 0x297C, 0x297C, 0x297C, 0x297C, 0x297C, 0x297C, 0x297C, 0x297C, 0x297C, 0x297C, 0x297C, 0x297C, 0x9CDF, 0x0025,
        0x0025, 0x297C, 0x297C, 0x297C, 0x297C, 0x297C, 0x297C, 0x297C, 0x297C, 0x297C, 0x297C, 0x297C, 0x297C, 0x297C, 0x297C, 0x0025,
        0x0025, 0x297C, 0x297C, 0x0000, 0x0000, 0x0000, 0x297C, 0x297C, 0x297C, 0x297C, 0x0000, 0x0000, 0x0000, 0x297C, 0x297C, 0x0025,
        0x0025, 0x297C, 0x297C, 0x0000, 0x0000, 0x0000, 0x297C, 0x297C, 0x297C, 0x297C, 0x0000, 0x0000, 0x0000, 0x297C, 0x297C, 0x0025,
        0x0025, 0x297C, 0x297C, 0x297C, 0x0000, 0x0000, 0x297C, 0x297C, 0x297C, 0x297C, 0x0000, 0x0000, 0x297C, 0x297C, 0x297C, 0x0025,
        0x0025, 0x297C, 0x297C, 0x297C, 0x297C, 0x297C, 0x297C, 0x297C, 0x297C, 0x297C, 0x297C, 0x297C, 0x297C, 0x297C, 0x297C, 0x0025,
        0x0025, 0x0025, 0x297C, 0x297C, 0x297C, 0x297C, 0x297C, 0x0000, 0x0000, 0x297C, 0x297C, 0x297C, 0x297C, 0x297C, 0x0025, 0x0025,
        0x0021, 0x0025, 0x297C, 0x297C, 0x297C, 0x297C, 0x297C, 0x0000, 0x0000, 0x297C, 0x297C, 0x297C, 0x297C, 0x297C, 0x0025, 0x0021,
        0x0021, 0x0025, 0x0025, 0x297C, 0x297C, 0x297C, 0x297C, 0x297C, 0x297C, 0x297C, 0x297C, 0x297C, 0x297C, 0x0025, 0x0025, 0x0021,
        0x0021, 0x0021, 0x0025, 0x0025, 0x297C, 0x0000, 0x0000, 0x0000, 0x0000, 0x0000, 0x0000, 0x297C, 0x0025, 0x0025, 0x0021, 0x0021,
        0x0021, 0x0021, 0x0021, 0x0025, 0x297C, 0x0000, 0x297C, 0x0000, 0x297C, 0x0000, 0x297C, 0x297C, 0x0025, 0x0021, 0x0021, 0x0021,
        0x0021, 0x0021, 0x0021, 0x0025, 0x0025, 0x297C, 0x0000, 0x297C, 0x0000, 0x297C, 0x0000, 0x0025, 0x0025, 0x0021, 0x0021, 0x0021,
        0x0021, 0x0021, 0x0021, 0x0021, 0x0025, 0x0025, 0x0025, 0x0025, 0x0025, 0x0025, 0x0025, 0x0025, 0x0021, 0x0021, 0x0021, 0x0021,
    },
    {
        0x0021, 0x0021, 0x0021, 0x0025, 0x0025, 0x0025, 0x0025, 0x0025, 0x0025, 0x0025, 0x0025, 0x0025, 0x0025, 0x0021, 0x0021, 0x0021,
        0x0021, 0x0025, 0x0025, 0x0025, 0x9CDF, 0x9CDF, 0x9CDF, 0x9CDF, 0x9CDF, 0x9CDF, 0x9CDF, 0x9CDF, 0x0025, 0x0025, 0x0025, 0x0021,
        0x0025, 0x0025, 0x9CDF, 0x9CDF, 0x317C, 0x317C, 0x317C, 0x317C, 0x317C, 0x317C, 0x317C, 0x317C, 0x9CDF, 0x9CDF, 0x0025, 0x0025,
        0x0025, 0x9CDF, 0x317C, 0x317C, 0x317C, 0x317C, 0x317C, 0x317C, 0x317C, 0x317C, 0x317C, 0x317C, 0x317C, 0x317C, 0x9CDF, 0x0025,
        0x0025, 0x317C, 0x317C, 0x317C, 0x317C, 0x317C, 0x317C, 0x317C, 0x317C, 0x317C, 0x317C, 0x317C, 0x317C, 0x317C, 0x317C, 0x0025,
        0x0025, 0x317C, 0x317C, 0x0000, 0x0000, 0x0000, 0x317C, 0x317C, 0x317C, 0x317C, 0x0000, 0x0000, 0x0000, 0x317C, 0x317C, 0x0025,
        0x0025, 0x317C, 0x317C, 0x0000, 0x0000, 0x0000, 0x317C, 0x317C, 0x317C, 0x317C, 0x0000, 0x0000, 0x0000, 0x317C, 0x317C, 0x0025,
        0x0025, 0x317C, 0x317C, 0x317C, 0x0000, 0x0000, 0x317C, 0x317C, 0x317C, 0x317C, 0x0000, 0x0000, 0x317C, 0x317C, 0x317C, 0x0025,
        0x0025, 0x317C, 0x317C, 0x317C, 0x317C, 0x317C, 0x317C, 0x317C, 0x317C, 0x317C, 0x317C, 0x317C, 0x317C, 0x317C, 0x317C, 0x0025,
        0x0025, 0x0025, 0x317C, 0x317C, 0x317C, 0x317C, 0x317C, 0x0000, 0x0000, 0x317C, 0x317C, 0x317C, 0x317C, 0x317C, 0x0025, 0x0025,
        0x0021, 0x0025, 0x317C, 0x317C, 0x317C, 0x317C, 0x317C, 0x0000, 0x0000, 0x317C, 0x317C, 0x317C, 0x317C, 0x317C, 0x0025, 0x0021,
        0x0021, 0x0025, 0x0025, 0x317C, 0x317C, 0x317C, 0x317C, 0x317C, 0x317C, 0x317C, 0x317C, 0x317C, 0x317C, 0x0025, 0x0025, 0x0021,
        0x0021, 0x0021, 0x0025, 0x0025, 0x317C, 0x0000, 0x0000, 0x0000, 0x0000, 0x0000, 0x0000, 0x317C, 0x0025, 0x0025, 0x0021, 0x0021,
        0x0021, 0x0021, 0x0021, 0x0025, 0x317C, 0x0000, 0x317C, 0x0000, 0x317C, 0x0000, 0x317C, 0x317C, 0x0025, 0x0021, 0x0021, 0x0021,
        0x0021, 0x0021, 0x0021, 0x0025, 0x0025, 0x317C, 0x0000, 0x317C, 0x0000, 0x317C, 0x0000, 0x0025, 0x0025, 0x0021, 0x0021, 0x0021,
        0x0021, 0x0021, 0x0021, 0x0021, 0x0025, 0x0025, 0x0025, 0x0025, 0x0025, 0x0025, 0x0025, 0x0025, 0x0021, 0x0021, 0x0021, 0x0021,
    },
    {
        0x0021, 0x0021, 0x0021, 0x0025, 0x0025, 0x0025, 0x0025, 0x0025, 0x0025, 0x0025, 0x0025, 0x0025, 0x0025, 0x0021, 0x0021, 0x0021,
        0x0021, 0x0025, 0x0025, 0x0025, 0xA4DF, 0xA4DF, 0xA4DF, 0xA4DF, 0xA4DF, 0xA4DF, 0xA4DF, 0xA4DF, 0x0025, 0x0025, 0x0025, 0x0021,
        0x0025, 0x0025, 0xA4DF, 0xA4DF, 0x397C, 0x397C, 0x397C, 0x397C, 0x397C, 0x397C, 0x397C, 0x397C, 0xA4DF, 0xA4DF, 0x0025, 0x0025,
        0x0025, 0xA4DF, 0x397C, 0x397C, 0x397C, 0x397C, 0x397C, 0x397C, 0x397C, 0x397C, 0x397C, 0x397C, 0x397C, 0x397C, 0xA4DF, 0x0025,
        0x0025, 0x397C, 0x397C, 0x397C, 0x397C, 0x397C, 0x397C, 0x397C, 0x397C, 0x397C, 0x397C, 0x397C, 0x397C, 0x397C, 0x397C, 0x0025,
        0x0025, 0x397C, 0x397C, 0x0000, 0x0000, 0x0000, 0x397C, 0x397C, 0x397C, 0x397C, 0x0000, 0x0000, 0x0000, 0x397C, 0x397C, 0x0025,
        0x0025, 0x397C, 0x397C, 0x0000, 0x0000, 0x0000, 0x397C, 0x397C, 0x397C, 0x397C, 0x0000, 0x0000, 0x0000, 0x397C, 0x397C, 0x0025,
        0x0025, 0x397C, 0x397C, 0x397C, 0x0000, 0x0000, 0x397C, 0x397C, 0x397C, 0x397C, 0x0000, 0x0000, 0x397C, 0x397C, 0x397C, 0x0025,
        0x0025, 0x397C, 0x397C, 0x397C, 0x397C, 0x397C, 0x397C, 0x397C, 0x397C, 0x397C, 0x397C, 0x397C, 0x397C, 0x397C, 0x397C, 0x0025,
        0x0025, 0x0025, 0x397C, 0x397C, 0x397C, 0x397C, 0x397C, 0x0000, 0x0000, 0x397C, 0x397C, 0x397C, 0x397C, 0x397C, 0x0025, 0x0025,
        0x0021, 0x0025, 0x397C, 0x397C, 0x397C, 0x397C, 0x397C, 0x0000, 0x0000, 0x397C, 0x397C, 0x397C, 0x397C, 0x397C, 0x0025, 0x0021,
        0x0021, 0x0025, 0x0025, 0x397C, 0x397C, 0x397C, 0x397C, 0x397C, 0x397C, 0x397C, 0x397C, 0x397C, 0x397C, 0x0025, 0x0025, 0x0021,
        0x0021, 0x0021, 0x0025, 0x0025, 0x397C, 0x0000, 0x0000, 0x0000, 0x0000, 0x0000, 0x0000, 0x397C, 0x0025, 0x0025, 0x0021, 0x0021,
        0x0021, 0x0021, 0x0021, 0x0025, 0x397C, 0x0000, 0x397C, 0x0000, 0x397C, 0x0000, 0x397C, 0x397C, 0x0025, 0x0021, 0x0021, 0x0021,
        0x0021, 0x0021, 0x0021, 0x0025, 0x0025, 0x397C, 0x0000, 0x397C, 0x0000, 0x397C, 0x0000, 0x0025, 0x0025, 0x0021, 0x0021, 0x0021,
        0x0021, 0x0021, 0x0021, 0x0021, 0x0025, 0x0025, 0x0025, 0x0025, 0x0025, 0x0025, 0x0025, 0x0025, 0x0021, 0x0021, 0x0021, 0x0021,
    },
    {
        0x0021, 0x0021, 0x0021, 0x0825, 0x0825, 0x0825, 0x0825, 0x0825, 0x0825, 0x0825, 0x0825, 0x0825, 0x0825, 0x0021, 0x0021, 0x0021,
        0x0021, 0x0825, 0x0825, 0x0825, 0xA4DF, 0xA4DF, 0xA4DF, 0xA4DF, 0xA4DF, 0xA4DF, 0xA4DF, 0xA4DF, 0x0825, 0x0825, 0x0825, 0x0021,
        0x0825, 0x0825, 0xA4DF, 0xA4DF, 0x417C, 0x417C, 0x417C, 0x417C, 0x417C, 0x417C, 0x417C, 0x417C, 0xA4DF, 0xA4DF, 0x0825, 0x0825,
        0x0825, 0xA4DF, 0x417C, 0x417C, 0x417C, 0x417C, 0x417C, 0x417C, 0x417C, 0x417C, 0x417C, 0x417C, 0x417C, 0x417C, 0xA4DF, 0x0825,
        0x0825, 0x417C, 0x417C, 0x417C, 0x417C, 0x417C, 0x417C, 0x417C, 0x417C, 0x417C, 0x417C, 0x417C, 0x417C, 0x417C, 0x417C, 0x0825,
        0x0825, 0x417C, 0x417C, 0x0000, 0x0000, 0x0000, 0x417C, 0x417C, 0x417C, 0x417C, 0x0000, 0x0000, 0x0000, 0x417C, 0x417C, 0x0825,
        0x0825, 0x417C, 0x417C, 0x0000, 0x0000, 0x0000, 0x417C, 0x417C, 0x417C, 0x417C, 0x0000, 0x0000, 0x0000, 0x417C, 0x417C, 0x0825,
        0x0825, 0x417C, 0x417C, 0x417C, 0x0000, 0x0000, 0x417C, 0x417C, 0x417C, 0x417C, 0x0000, 0x0000, 0x417C, 0x417C, 0x417C, 0x0825,
        0x0825, 0x417C, 0x417C, 0x417C, 0x417C, 0x417C, 0x417C, 0x417C, 0x417C, 0x417C, 0x417C, 0x417C, 0x417C, 0x417C, 0x417C, 0x0825,
        0x0825, 0x0825, 0x417C, 0x417C, 0x417C, 0x417C, 0x417C, 0x0000, 0x0000, 0x417C, 0x417C, 0x417C, 0x417C, 0x417C, 0x0825, 0x0825,
        0x0021, 0x0825, 0x417C, 0x417C, 0x417C, 0x417C, 0x417C, 0x0000, 0x0000, 0x417C, 0x417C, 0x417C, 0x417C, 0x417C, 0x0825, 0x0021,
        0x0021, 0x0825, 0x0825, 0x417C, 0x417C, 0x417C, 0x417C, 0x417C, 0x417C, 0x417C, 0x417C, 0x417C, 0x417C, 0x0825, 0x0825, 0x0021,
        0x0021, 0x0021, 0x0825, 0x0825, 0x417C, 0x0000, 0x0000, 0x0000, 0x0000, 0x0000, 0x0000, 0x417C, 0x0825, 0x0825, 0x0021, 0x0021,
        0x0021, 0x0021, 0x0021, 0x0825, 0x417C, 0x0000, 0x417C, 0x0000, 0x417C, 0x0000, 0x417C, 0x417C, 0x0825, 0x0021, 0x0021, 0x0021,
        0x0021, 0x0021, 0x0021, 0x0825, 0x0825, 0x417C, 0x0000, 0x417C, 0x0000, 0x417C, 0x0000, 0x0825, 0x0825, 0x0021, 0x0021, 0x0021,
        0x0021, 0x0021, 0x0021, 0x0021, 0x0825, 0x0825, 0x0825, 0x0825, 0x0825, 0x0825, 0x0825, 0x0825, 0x0021, 0x0021, 0x0021, 0x0021,
    },
    {
        0x0021, 0x0021, 0x0021, 0x0825, 0x0825, 0x0825, 0x0825, 0x0825, 0x0825, 0x0825, 0x0825, 0x0825, 0x0825, 0x0021, 0x0021, 0x0021,
        0x0021, 0x0825, 0x0825, 0x0825, 0xACDF, 0xACDF, 0xACDF, 0xACDF, 0xACDF, 0xACDF, 0xACDF, 0xACDF, 0x0825, 0x0825, 0x0825, 0x0021,
        0x0825, 0x0825, 0xACDF, 0xACDF, 0x497C, 0x497C, 0x497C, 0x497C, 0x497C, 0x497C, 0x497C, 0x497C, 0xACDF, 0xACDF, 0x0825, 0x0825,
        0x0825, 0xACDF, 0x497C, 0x497C, 0x497C, 0x497C, 0x497C, 0x497C, 0x497C, 0x497C, 0x497C, 0x497C, 0x497C, 0x497C, 0xACDF, 0x0825,
        0x0825, 0x497C, 0x497C, 0x497C, 0x497C, 0x497C, 0x497C, 0x497C, 0x497C, 0x497C, 0x497C, 0x497C, 0x497C, 0x497C, 0x497C, 0x0825,
        0x0825, 0x497C, 0x497C, 0x0000, 0x0000, 0x0000, 0x497C, 0x497C, 0x497C, 0x497C, 0x0000, 0x0000, 0x0000, 0x497C, 0x497C, 0x0825,
        0x0825, 0x497C, 0x497C, 0x0000, 0x0000, 0x0000, 0x497C, 0x497C, 0x497C, 0x497C, 0x0000, 0x0000, 0x0000, 0x497C, 0x497C, 0x0825,
        0x0825, 0x497C, 0x497C, 0x497C, 0x0000, 0x0000, 0x497C, 0x497C, 0x497C, 0x497C, 0x0000, 0x0000, 0x497C, 0x497C, 0x497C, 0x0825,
        0x0825, 0x497C, 0x497C, 0x497C, 0x497C, 0x497C, 0x497C, 0x497C, 0x497C, 0x497C, 0x497C, 0x497C, 0x497C, 0x497C, 0x497C, 0x0825,
        0x0825, 0x0825, 0x497C, 0x497C, 0x497C, 0x497C, 0x497C, 0x0000, 0x0000, 0x497C, 0x497C, 0x497C, 0x497C, 0x497C, 0x0825, 0x0825,
        0x0021, 0x0825, 0x497C, 0x497C, 0x497C, 0x497C, 0x497C, 0x0000, 0x0000, 0x497C, 0x497C, 0x497C, 0x497C, 0x497C, 0x0825, 0x0021,
        0x0021, 0x0825, 0x0825, 0x497C, 0x497C, 0x497C, 0x497C, 0x497C, 0x497C, 0x497C, 0x497C, 0x497C, 0x497C, 0x0825, 0x0825, 0x0021,
        0x0021, 0x0021, 0x0825, 0x0825, 0x497C, 0x0000, 0x0000, 0x0000, 0x0000, 0x0000, 0x0000, 0x497C, 0x0825, 0x0825, 0x0021, 0x0021,
        0x0021, 0x0021, 0x0021, 0x0825, 0x497C, 0x0000, 0x497C, 0x0000, 0x497C, 0x0000, 0x497C, 0x497C, 0x0825, 0x0021, 0x0021, 0x0021,
        0x0021, 0x0021, 0x0021, 0x0825, 0x0825, 0x497C, 0x0000, 0x497C, 0x0000, 0x497C, 0x0000, 0x0825, 0x0825, 0x0021, 0x0021, 0x0021,
        0x0021, 0x0021, 0x0021, 0x0021, 0x0825, 0x0825, 0x0825, 0x0825, 0x0825, 0x0825, 0x0825, 0x0825, 0x0021, 0x0021, 0x0021, 0x0021,
    },
    {
        0x0021, 0x0021, 0x0021, 0x0825, 0x0825, 0x0825, 0x0825, 0x0825, 0x0825, 0x0825, 0x0825, 0x0825, 0x0825, 0x0021, 0x0021, 0x0021,
        0x0021, 0x0825, 0x0825, 0x0825, 0xACDF, 0xACDF, 0xACDF, 0xACDF, 0xACDF, 0xACDF, 0xACDF, 0xACDF, 0x0825, 0x0825, 0x0825, 0x0021,
        0x0825, 0x0825, 0xACDF, 0xACDF, 0x517C, 0x517C, 0x517C, 0x517C, 0x517C, 0x517C, 0x517C, 0x517C, 0xACDF, 0xACDF, 0x0825, 0x0825,
        0x0825, 0xACDF, 0x517C, 0x517C, 0x517C, 0x517C, 0x517C, 0x517C, 0x517C, 0x517C, 0x517C, 0x517C, 0x517C, 0x517C, 0xACDF, 0x0825,
        0x0825, 0x517C, 0x517C, 0x517C, 0x517C, 0x517C, 0x517C, 0x517C, 0x517C, 0x517C, 0x517C, 0x517C, 0x517C, 0x517C, 0x517C, 0x0825,
        0x0825, 0x517C, 0x517C, 0x0000, 0x0000, 0x0000, 0x517C, 0x517C, 0x517C, 0x517C, 0x0000, 0x0000, 0x0000, 0x517C, 0x517C, 0x0825,
        0x0825, 0x517C, 0x517C, 0x0000, 0x0000, 0x0000, 0x517C, 0x517C, 0x517C, 0x517C, 0x0000, 0x0000, 0x0000, 0x517C, 0x517C, 0x0825,
        0x0825, 0x517C, 0x517C, 0x517C, 0x0000, 0x0000, 0x517C, 0x517C, 0x517C, 0x517C, 0x0000, 0x0000, 0x517C, 0x517C, 0x517C, 0x0825,
        0x0825, 0x517C, 0x517C, 0x517C, 0x517C, 0x517C, 0x517C, 0x517C, 0x517C, 0x517C, 0x517C, 0x517C, 0x517C, 0x517C, 0x517C, 0x0825,
        0x0825, 0x0825, 0x517C, 0x517C, 0x517C, 0x517C, 0x517C, 0x0000, 0x0000, 0x517C, 0x517C, 0x517C, 0x517C, 0x517C, 0x0825, 0x0825,
        0x0021, 0x0825, 0x517C, 0x517C, 0x517C, 0x517C, 0x517C, 0x0000, 0x0000, 0x517C, 0x517C, 0x517C, 0x517C, 0x517C, 0x0825, 0x0021,
        0x0021, 0x0825, 0x0825, 0x517C, 0x517C, 0x517C, 0x517C, 0x517C, 0x517C, 0x517C, 0x517C, 0x517C, 0x517C, 0x0825, 0x0825, 0x0021,
        0x0021, 0x0021, 0x0825, 0x0825, 0x517C, 0x0000, 0x0000, 0x0000, 0x0000, 0x0000, 0x0000, 0x517C, 0x0825, 0x0825, 0x0021, 0x0021,
        0x0021, 0x0021, 0x0021, 0x0825, 0x517C, 0x0000, 0x517C, 0x0000, 0x517C, 0x0000, 0x517C, 0x517C, 0x0825, 0x0021, 0x0021, 0x0021,
        0x0021, 0x0021, 0x0021, 0x0825, 0x0825, 0x517C, 0x0000, 0x517C, 0x0000, 0x517C, 0x0000, 0x0825, 0x0825, 0x0021, 0x0021, 0x0021,
        0x0021, 0x0021, 0x0021, 0x0021, 0x0825, 0x0825, 0x0825, 0x0825, 0x0825, 0x0825, 0x0825, 0x0825, 0x0021, 0x0021, 0x0021, 0x0021,
    },
    {
        0x0021, 0x0021, 0x0021, 0x0825, 0x0825, 0x0825, 0x0825, 0x0825, 0x0825, 0x0825, 0x0825, 0x0825, 0x0825, 0x0021, 0x0021, 0x0021,
        0x0021, 0x0825, 0x0825, 0x0825, 0xB4DF, 0xB4DF, 0xB4DF, 0xB4DF, 0xB4DF, 0xB4DF, 0xB4DF, 0xB4DF, 0x0825, 0x0825, 0x0825, 0x0021,
        0x0825, 0x0825, 0xB4DF, 0xB4DF, 0x597C, 0x597C, 0x597C, 0x597C, 0x597C, 0x597C, 0x597C, 0x597C, 0xB4DF, 0xB4DF, 0x0825, 0x0825,
        0x0825, 0xB4DF, 0x597C, 0x597C, 0x597C, 0x597C, 0x597C, 0x597C, 0x597C, 0x597C, 0x597C, 0x597C, 0x597C, 0x597C, 0xB4DF, 0x0825,
        0x0825, 0x597C, 0x597C, 0x597C, 0x597C, 0x597C, 0x597C, 0x597C, 0x597C, 0x597C, 0x597C, 0x597C, 0x597C, 0x597C, 0x597C, 0x0825,
        0x0825, 0x597C, 0x597C, 0x0000, 0x0000, 0x0000, 0x597C, 0x597C, 0x597C, 0x597C, 0x0000, 0x0000, 0x0000, 0x597C, 0x597C, 0x0825,
        0x0825, 0x597C, 0x597C, 0x0000, 0x0000, 0x0000, 0x597C, 0x597C, 0x597C, 0x597C, 0x0000, 0x0000, 0x0000, 0x597C, 0x597C, 0x0825,
        0x0825, 0x597C, 0x597C, 0x597C, 0x0000, 0x0000, 0x597C, 0x597C, 0x597C, 0x597C, 0x0000, 0x0000, 0x597C, 0x597C, 0x597C, 0x0825,
        0x0825, 0x597C, 0x597C, 0x597C, 0x597C, 0x597C, 0x597C, 0x597C, 0x597C, 0x597C, 0x597C, 0x597C, 0x597C, 0x597C, 0x597C, 0x0825,
        0x0825, 0x0825, 0x597C, 0x597C, 0x597C, 0x597C, 0x597C, 0x0000, 0x0000, 0x597C, 0x597C, 0x597C, 0x597C, 0x597C, 0x0825, 0x0825,
        0x0021, 0x0825, 0x597C, 0x597C, 0x597C, 0x597C, 0x597C, 0x0000, 0x0000, 0x597C, 0x597C, 0x597C, 0x597C, 0x597C, 0x0825, 0x0021,
        0x0021, 0x0825, 0x0825, 0x597C, 0x597C, 0x597C, 0x597C, 0x597C, 0x597C, 0x597C, 0x597C, 0x597C, 0x597C, 0x0825, 0x0825, 0x0021,
        0x0021, 0x0021, 0x0825, 0x0825, 0x597C, 0x0000, 0x0000, 0x0000, 0x0000, 0x0000, 0x0000, 0x597C, 0x0825, 0x0825, 0x0021, 0x0021,
        0x0021, 0x0021, 0x0021, 0x0825, 0x597C, 0x0000, 0x597C, 0x0000, 0x597C, 0x0000, 0x597C, 0x597C, 0x0825, 0x0021, 0x0021, 0x0021,
        0x0021, 0x0021, 0x0021, 0x0825, 0x0825, 0x597C, 0x0000, 0x597C, 0x0000, 0x597C, 0x0000, 0x0825, 0x0825, 0x0021, 0x0021, 0x0021,
        0x0021, 0x0021, 0x0021, 0x0021, 0x0825, 0x0825, 0x0825, 0x0825, 0x0825, 0x0825, 0x0825, 0x0825, 0x0021, 0x0021, 0x0021, 0x0021,
    },
    {
        0x0021, 0x0021, 0x0021, 0x1025, 0x1025, 0x1025, 0x1025, 0x1025, 0x1025, 0x1025, 0x1025, 0x1025, 0x1025, 0x0021, 0x0021, 0x0021,
        0x0021, 0x1025, 0x1025, 0x1025, 0xBCDF, 0xBCDF, 0xBCDF, 0xBCDF, 0xBCDF, 0xBCDF, 0xBCDF, 0xBCDF, 0x1025, 0x1025, 0x1025, 0x0021,
        0x1025, 0x1025, 0xBCDF, 0xBCDF, 0x617C, 0x617C, 0x617C, 0x617C, 0x617C, 0x617C, 0x617C, 0x617C, 0xBCDF, 0xBCDF, 0x1025, 0x1025,
        0x1025, 0xBCDF, 0x617C, 0x617C, 0x617C, 0x617C, 0x617C, 0x617C, 0x617C, 0x617C, 0x617C, 0x617C, 0x617C, 0x617C, 0xBCDF, 0x1025,
        0x1025, 0x617C, 0x617C, 0x617C, 0x617C, 0x617C, 0x617C, 0x617C, 0x617C, 0x617C, 0x617C, 0x617C, 0x617C, 0x617C, 0x617C, 0x1025,
        0x1025, 0x617C, 0x617C, 0x0000, 0x0000, 0x0000, 0x617C, 0x617C, 0x617C, 0x617C, 0x0000, 0x0000, 0x0000, 0x617C, 0x617C, 0x1025,
        0x1025, 0x617C, 0x617C, 0x0000, 0x0000, 0x0000, 0x617C, 0x617C, 0x617C, 0x617C, 0x0000, 0x0000, 0x0000, 0x617C, 0x617C, 0x1025,
        0x1025, 0x617C, 0x617C, 0x617C, 0x0000, 0x0000, 0x617C, 0x617C, 0x617C, 0x617C, 0x0000, 0x0000, 0x617C, 0x617C, 0x617C, 0x1025,
        0x1025, 0x617C, 0x617C, 0x617C, 0x617C, 0x617C, 0x617C, 0x617C, 0x617C, 0x617C, 0x617C, 0x617C, 0x617C, 0x617C, 0x617C, 0x1025,
        0x1025, 0x1025, 0x617C, 0x617C, 0x617C, 0x617C, 0x617C, 0x0000, 0x0000, 0x617C, 0x617C, 0x617C, 0x617C, 0x617C, 0x1025, 0x1025,
        0x0021, 0x1025, 0x617C, 0x617C, 0x617C, 0x617C, 0x617C, 0x0000, 0x0000, 0x617C, 0x617C, 0x617C, 0x617C, 0x617C, 0x1025, 0x0021,
        0x0021, 0x1025, 0x1025, 0x617C, 0x617C, 0x617C, 0x617C, 0x617C, 0x617C, 0x617C, 0x617C, 0x617C, 0x617C, 0x1025, 0x1025, 0x0021,
        0x0021, 0x0021, 0x1025, 0x1025, 0x617C, 0x0000, 0x0000, 0x0000, 0x0000, 0x0000, 0x0000, 0x617C, 0x1025, 0x1025, 0x0021, 0x0021,
        0x0021, 0x0021, 0x0021, 0x1025, 0x617C, 0x0000, 0x617C, 0x0000, 0x617C, 0x0000, 0x617C, 0x617C, 0x1025, 0x0021, 0x0021, 0x0021,
        0x0021, 0x0021, 0x0021, 0x1025, 0x1025, 0x617C, 0x0000, 0x617C, 0x0000, 0x617C, 0x0000, 0x1025, 0x1025, 0x0021, 0x0021, 0x0021,
        0x0021, 0x0021, 0x0021, 0x0021, 0x1025, 0x1025, 0x1025, 0x1025, 0x1025, 0x1025, 0x1025, 0x1025, 0x0021, 0x0021, 0x0021, 0x0021,
    },
    {
        0x0021, 0x0021, 0x0021, 0x1025, 0x1025, 0x1025, 0x1025, 0x1025, 0x1025, 0x1025, 0x1025, 0x1025, 0x1025, 0x0021, 0x0021, 0x0021,
        0x0021, 0x1025, 0x1025, 0x1025, 0xBCDF, 0xBCDF, 0xBCDF, 0xBCDF, 0xBCDF, 0xBCDF, 0xBCDF, 0xBCDF, 0x1025, 0x1025, 0x1025, 0x0021,
        0x1025, 0x1025, 0xBCDF, 0xBCDF, 0x697C, 0x697C, 0x697C, 0x697C, 0x697C, 0x697C, 0x697C, 0x697C, 0xBCDF, 0xBCDF, 0x1025, 0x1025,
        0x1025, 0xBCDF, 0x697C, 0x697C, 0x697C, 0x697C, 0x697C, 0x697C, 0x697C, 0x697C, 0x697C, 0x697C, 0x697C, 0x697C, 0xBCDF, 0x1025,
        0x1025, 0x697C, 0x697C, 0x697C, 0x697C, 0x697C, 0x697C, 0x697C, 0x697C, 0x697C, 0x697C, 0x697C, 0x697C, 0x697C, 0x697C, 0x1025,
        0x1025, 0x697C, 0x697C, 0x0000, 0x0000, 0x0000, 0x697C, 0x697C, 0x697C, 0x697C, 0x0000, 0x0000, 0x0000, 0x697C, 0x697C, 0x1025,
        0x1025, 0x697C, 0x697C, 0x0000, 0x0000, 0x0000, 0x697C, 0x697C, 0x697C, 0x697C, 0x0000, 0x0000, 0x0000, 0x697C, 0x697C, 0x1025,
        0x1025, 0x697C, 0x697C, 0x697C, 0x0000, 0x0000, 0x697C, 0x697C, 0x697C, 0x697C, 0x0000, 0x0000, 0x697C, 0x697C, 0x697C, 0x1025,
        0x1025, 0x697C, 0x697C, 0x697C, 0x697C, 0x697C, 0x697C, 0x697C, 0x697C, 0x697C, 0x697C, 0x697C, 0x697C, 0x697C, 0x697C, 0x1025,
        0x1025, 0x1025, 0x697C, 0x697C, 0x697C, 0x697C, 0x697C, 0x0000, 0x0000, 0x697C, 0x697C, 0x697C, 0x697C, 0x697C, 0x1025, 0x1025,
        0x0021, 0x1025, 0x697C, 0x697C, 0x697C, 0x697C, 0x697C, 0x0000, 0x0000, 0x697C, 0x697C, 0x697C, 0x697C, 0x697C, 0x1025, 0x0021,
        0x0021, 0x1025, 0x1025, 0x697C, 0x697C, 0x697C, 0x697C, 0x697C, 0x697C, 0x697C, 0x697C, 0x697C, 0x697C, 0x1025, 0x1025, 0x0021,
        0x0021, 0x0021, 0x1025, 0x1025, 0x697C, 0x0000, 0x0000, 0x0000, 0x0000, 0x0000, 0x0000, 0x697C, 0x1025, 0x1025, 0x0021, 0x0021,
        0x0021, 0x0021, 0x0021, 0x1025, 0x697C, 0x0000, 0x697C, 0x0000, 0x697C, 0x0000, 0x697C, 0x697C, 0x1025, 0x0021, 0x0021, 0x0021,
        0x0021, 0x0021, 0x0021, 0x1025, 0x1025, 0x697C, 0x0000, 0x697C, 0x0000, 0x697C, 0x0000, 0x1025, 0x1025, 0x0021, 0x0021, 0x0021,
        0x0021, 0x0021, 0x0021, 0x0021, 0x1025, 0x1025, 0x1025, 0x1025, 0x1025, 0x1025, 0x1025, 0x1025, 0x0021, 0x0021, 0x0021, 0x0021,
    },
    {
        0x0021, 0x0021, 0x0021, 0x1025, 0x1025, 0x1025, 0x1025, 0x1025, 0x1025, 0x1025, 0x1025, 0x1025, 0x1025, 0x0021, 0x0021, 0x0021,
        0x0021, 0x1025, 0x1025, 0x1025, 0xC4DF, 0xC4DF, 0xC4DF, 0xC4DF, 0xC4DF, 0xC4DF, 0xC4DF, 0xC4DF, 0x1025, 0x1025, 0x1025, 0x0021,
        0x1025, 0x1025, 0xC4DF, 0xC4DF, 0x717C, 0x717C, 0x717C, 0x717C, 0x717C, 0x717C, 0x717C, 0x717C, 0xC4DF, 0xC4DF, 0x1025, 0x1025,
        0x1025, 0xC4DF, 0x717C, 0x717C, 0x717C, 0x717C, 0x717C, 0x717C, 0x717C, 0x717C, 0x717C, 0x717C, 0x717C, 0x717C, 0xC4DF, 0x1025,
        0x1025, 0x717C, 0x717C, 0x717C, 0x717C, 0x717C, 0x717C, 0x717C, 0x717C, 0x717C, 0x717C, 0x717C, 0x717C, 0x717C, 0x717C, 0x1025,
        0x1025, 0x717C, 0x717C, 0x0000, 0x0000, 0x0000, 0x717C, 0x717C, 0x717C, 0x717C, 0x0000, 0x0000, 0x0000, 0x717C, 0x717C, 0x1025,
        0x1025, 0x717C, 0x717C, 0x0000, 0x0000, 0x0000, 0x717C, 0x717C, 0x717C, 0x717C, 0x0000, 0x0000, 0x0000, 0x717C, 0x717C, 0x1025,
        0x1025, 0x717C, 0x717C, 0x717C, 0x0000, 0x0000, 0x717C, 0x717C, 0x717C, 0x717C, 0x0000, 0x0000, 0x717C, 0x717C, 0x717C, 0x1025,
        0x1025, 0x717C, 0x717C, 0x717C, 0x717C, 0x717C, 0x717C, 0x717C, 0x717C, 0x717C, 0x717C, 0x717C, 0x717C, 0x717C, 0x717C, 0x1025,
        0x1025, 0x1025, 0x717C, 0x717C, 0x717C, 0x717C, 0x717C, 0x0000, 0x0000, 0x717C, 0x717C, 0x717C, 0x717C, 0x717C, 0x1025, 0x1025,
        0x0021, 0x1025, 0x717C, 0x717C, 0x717C, 0x717C, 0x717C, 0x0000, 0x0000, 0x717C, 0x717C, 0x717C, 0x717C, 0x717C, 0x1025, 0x0021,
        0x0021, 0x1025, 0x1025, 0x717C, 0x717C, 0x717C, 0x717C, 0x717C, 0x717C, 0x717C, 0x717C, 0x717C, 0x717C, 0x1025, 0x1025, 0x0021,
        0x0021, 0x0021, 0x1025, 0x1025, 0x717C, 0x0000, 0x0000, 0x0000, 0x0000, 0x0000, 0x0000, 0x717C, 0x1025, 0x1025, 0x0021, 0x0021,
        0x0021, 0x0021, 0x0021, 0x1025, 0x717C, 0x0000, 0x717C, 0x0000, 0x717C, 0x0000, 0x717C, 0x717C, 0x1025, 0x0021, 0x0021, 0x0021,
        0x0021, 0x0021, 0x0021, 0x1025, 0x1025, 0x717C, 0x0000, 0x717C, 0x0000, 0x717C, 0x0000, 0x1025, 0x1025, 0x0021, 0x0021, 0x0021,
        0x0021, 0x0021, 0x0021, 0x0021, 0x1025, 0x1025, 0x1025, 0x1025, 0x1025, 0x1025, 0x1025, 0x1025, 0x0021, 0x0021, 0x0021, 0x0021,
    },
    {
        0x0021, 0x0021, 0x0021, 0x1025, 0x1025, 0x1025, 0x1025, 0x1025, 0x1025, 0x1025, 0x1025, 0x1025, 0x1025, 0x0021, 0x0021, 0x0021,
        0x0021, 0x1025, 0x1025, 0x1025, 0xCCDF, 0xCCDF, 0xCCDF, 0xCCDF, 0xCCDF, 0xCCDF, 0xCCDF, 0xCCDF, 0x1025, 0x1025, 0x1025, 0x0021,
        0x1025, 0x1025, 0xCCDF, 0xCCDF, 0x817C, 0x817C, 0x817C, 0x817C, 0x817C, 0x817C, 0x817C, 0x817C, 0xCCDF, 0xCCDF, 0x1025, 0x1025,
        0x1025, 0xCCDF, 0x817C, 0x817C, 0x817C, 0x817C, 0x817C, 0x817C, 0x817C, 0x817C, 0x817C, 0x817C, 0x817C, 0x817C, 0xCCDF, 0x1025,
        0x1025, 0x817C, 0x817C, 0x817C, 0x817C, 0x817C, 0x817C, 0x817C, 0x817C, 0x817C, 0x817C, 0x817C, 0x817C, 0x817C, 0x817C, 0x1025,
        0x1025, 0x817C, 0x817C, 0x0000, 0x0000, 0x0000, 0x817C, 0x817C, 0x817C, 0x817C, 0x0000, 0x0000, 0x0000, 0x817C, 0x817C, 0x1025,
        0x1025, 0x817C, 0x817C, 0x0000, 0x0000, 0x0000, 0x817C, 0x817C, 0x817C, 0x817C, 0x0000, 0x0000, 0x0000, 0x817C, 0x817C, 0x1025,
        0x1025, 0x817C, 0x817C, 0x817C, 0x0000, 0x0000, 0x817C, 0x817C, 0x817C, 0x817C, 0x0000, 0x0000, 0x817C, 0x817C, 0x817C, 0x1025,
        0x1025, 0x817C, 0x817C, 0x817C, 0x817C, 0x817C, 0x817C, 0x817C, 0x817C, 0x817C, 0x817C, 0x817C, 0x817C, 0x817C, 0x817C, 0x1025,
        0x1025, 0x1025, 0x817C, 0x817C, 0x817C, 0x817C, 0x817C, 0x0000, 0x0000, 0x817C, 0x817C, 0x817C, 0x817C, 0x817C, 0x1025, 0x1025,
        0x0021, 0x1025, 0x817C, 0x817C, 0x817C, 0x817C, 0x817C, 0x0000, 0x0000, 0x817C, 0x817C, 0x817C, 0x817C, 0x817C, 0x1025, 0x0021,
        0x0021, 0x1025, 0x1025, 0x817C, 0x817C, 0x817C, 0x817C, 0x817C, 0x817C, 0x817C, 0x817C, 0x817C, 0x817C, 0x1025, 0x1025, 0x0021,
        0x0021, 0x0021, 0x1025, 0x1025, 0x817C, 0x0000, 0x0000, 0x0000, 0x0000, 0x0000, 0x0000, 0x817C, 0x1025, 0x1025, 0x0021, 0x0021,
        0x0021, 0x0021, 0x0021, 0x1025, 0x817C, 0x0000, 0x817C, 0x0000, 0x817C, 0x0000, 0x817C, 0x817C, 0x1025, 0x0021, 0x0021, 0x0021,
        0x0021, 0x0021, 0x0021, 0x1025, 0x1025, 0x817C, 0x0000, 0x817C, 0x0000, 0x817C, 0x0000, 0x1025, 0x1025, 0x0021, 0x0021, 0x0021,
        0x0021, 0x0021, 0x0021, 0x0021, 0x1025, 0x1025, 0x1025, 0x1025, 0x1025, 0x1025, 0x1025, 0x1025, 0x0021, 0x0021, 0x0021, 0x0021,
    },
    {
        0x0021, 0x0021, 0x0021, 0x1825, 0x1825, 0x1825, 0x1825, 0x1825, 0x1825, 0x1825, 0x1825, 0x1825, 0x1825, 0x0021, 0x0021, 0x0021,
        0x0021, 0x1825, 0x1825, 0x1825, 0xCCDF, 0xCCDF, 0xCCDF, 0xCCDF, 0xCCDF, 0xCCDF, 0xCCDF, 0xCCDF, 0x1825, 0x1825, 0x1825, 0x0021,
        0x1825, 0x1825, 0xCCDF, 0xCCDF, 0x897C, 0x897C, 0x897C, 0x897C, 0x897C, 0x897C, 0x897C, 0x897C, 0xCCDF, 0xCCDF, 0x1825, 0x1825,
        0x1825, 0xCCDF, 0x897C, 0x897C, 0x897C, 0x897C, 0x897C, 0x897C, 0x897C, 0x897C, 0x897C, 0x897C, 0x897C, 0x897C, 0xCCDF, 0x1825,
        0x1825, 0x897C, 0x897C, 0x897C, 0x897C, 0x897C, 0x897C, 0x897C, 0x897C, 0x897C, 0x897C, 0x897C, 0x897C, 0x897C, 0x897C, 0x1825,
        0x1825, 0x897C, 0x897C, 0x0000, 0x0000, 0x0000, 0x897C, 0x897C, 0x897C, 0x897C, 0x0000, 0x0000, 0x0000, 0x897C, 0x897C, 0x1825,
        0x1825, 0x897C, 0x897C, 0x0000, 0x0000, 0x0000, 0x897C, 0x897C, 0x897C, 0x897C, 0x0000, 0x0000, 0x0000, 0x897C, 0x897C, 0x1825,
        0x1825, 0x897C, 0x897C, 0x897C, 0x0000, 0x0000, 0x897C, 0x897C, 0x897C, 0x897C, 0x0000, 0x0000, 0x897C, 0x897C, 0x897C, 0x1825,
        0x1825, 0x897C, 0x897C, 0x897C, 0x897C, 0x897C, 0x897C, 0x897C, 0x897C, 0x897C, 0x897C, 0x897C, 0x897C, 0x897C, 0x897C, 0x1825,
        0x1825, 0x1825, 0x897C, 0x897C, 0x897C, 0x897C, 0x897C, 0x0000, 0x0000, 0x897C, 0x897C, 0x897C, 0x897C, 0x897C, 0x1825, 0x1825,
        0x0021, 0x1825, 0x897C, 0x897C, 0x897C, 0x897C, 0x897C, 0x0000, 0x0000, 0x897C, 0x897C, 0x897C, 0x897C, 0x897C, 0x1825, 0x0021,
        0x0021, 0x1825, 0x1825, 0x897C, 0x897C, 0x897C, 0x897C, 0x897C, 0x897C, 0x897C, 0x897C, 0x897C, 0x897C, 0x1825, 0x1825, 0x0021,
        0x0021, 0x0021, 0x1825, 0x1825, 0x897C, 0x0000, 0x0000, 0x0000, 0x0000, 0x0000, 0x0000, 0x897C, 0x1825, 0x1825, 0x0021, 0x0021,
        0x0021, 0x0021, 0x0021, 0x1825, 0x897C, 0x0000, 0x897C, 0x0000, 0x897C, 0x0000, 0x897C, 0x897C, 0x1825, 0x0021, 0x0021, 0x0021,
        0x0021, 0x0021, 0x0021, 0x1825, 0x1825, 0x897C, 0x0000, 0x897C, 0x0000, 0x897C, 0x0000, 0x1825, 0x1825, 0x0021, 0x0021, 0x0021,
        0x0021, 0x0021, 0x0021, 0x0021, 0x1825, 0x1825, 0x1825, 0x1825, 0x1825, 0x1825, 0x1825, 0x1825, 0x0021, 0x0021, 0x0021, 0x0021,
    },
    {
        0x0021, 0x0021, 0x0021, 0x1825, 0x1825, 0x1825, 0x1825, 0x1825, 0x1825, 0x1825, 0x1825, 0x1825, 0x1825, 0x0021, 0x0021, 0x0021,
        0x0021, 0x1825, 0x1825, 0x1825, 0xD4DF, 0xD4DF, 0xD4DF, 0xD4DF, 0xD4DF, 0xD4DF, 0xD4DF, 0xD4DF, 0x1825, 0x1825, 0x1825, 0x0021,
        0x1825, 0x1825, 0xD4DF, 0xD4DF, 0x917C, 0x917C, 0x917C, 0x917C, 0x917C, 0x917C, 0x917C, 0x917C, 0xD4DF, 0xD4DF, 0x1825, 0x1825,
        0x1825, 0xD4DF, 0x917C, 0x917C, 0x917C, 0x917C, 0x917C, 0x917C, 0x917C, 0x917C, 0x917C, 0x917C, 0x917C, 0x917C, 0xD4DF, 0x1825,
        0x1825, 0x917C, 0x917C, 0x917C, 0x917C, 0x917C, 0x917C, 0x917C, 0x917C, 0x917C, 0x917C, 0x917C, 0x917C, 0x917C, 0x917C, 0x1825,
        0x1825, 0x917C, 0x917C, 0x0000, 0x0000, 0x0000, 0x917C, 0x917C, 0x917C, 0x917C, 0x0000, 0x0000, 0x0000, 0x917C, 0x917C, 0x1825,
        0x1825, 0x917C, 0x917C, 0x0000, 0x0000, 0x0000, 0x917C, 0x917C, 0x917C, 0x917C, 0x0000, 0x0000, 0x0000, 0x917C, 0x917C, 0x1825,
        0x1825, 0x917C, 0x917C, 0x917C, 0x0000, 0x0000, 0x917C, 0x917C, 0x917C, 0x917C, 0x0000, 0x0000, 0x917C, 0x917C, 0x917C, 0x1825,
        0x1825, 0x917C, 0x917C, 0x917C, 0x917C, 0x917C, 0x917C, 0x917C, 0x917C, 0x917C, 0x917C, 0x917C, 0x917C, 0x917C, 0x917C, 0x1825,
        0x1825, 0x1825, 0x917C, 0x917C, 0x917C, 0x917C, 0x917C, 0x0000, 0x0000, 0x917C, 0x917C, 0x917C, 0x917C, 0x917C, 0x1825, 0x1825,
        0x0021, 0x1825, 0x917C, 0x917C, 0x917C, 0x917C, 0x917C, 0x0000, 0x0000, 0x917C, 0x917C, 0x917C, 0x917C, 0x917C, 0x1825, 0x0021,
        0x0021, 0x1825, 0x1825, 0x917C, 0x917C, 0x917C, 0x917C, 0x917C, 0x917C, 0x917C, 0x917C, 0x917C, 0x917C, 0x1825, 0x1825, 0x0021,
        0x0021, 0x0021, 0x1825, 0x1825, 0x917C, 0x0000, 0x0000, 0x0000, 0x0000, 0x0000, 0x0000, 0x917C, 0x1825, 0x1825, 0x0021, 0x0021,
        0x0021, 0x0021, 0x0021, 0x1825, 0x917C, 0x0000, 0x917C, 0x0000, 0x917C, 0x0000, 0x917C, 0x917C, 0x1825, 0x0021, 0x0021, 0x0021,
        0x0021, 0x0021, 0x0021, 0x1825, 0x1825, 0x917C, 0x0000, 0x917C, 0x0000, 0x917C, 0x0000, 0x1825, 0x1825, 0x0021, 0x0021, 0x0021,
        0x0021, 0x0021, 0x0021, 0x0021, 0x1825, 0x1825, 0x1825, 0x1825, 0x1825, 0x1825, 0x1825, 0x1825, 0x0021, 0x0021, 0x0021, 0x0021,
    },
    {
        0x0021, 0x0021, 0x0021, 0x1825, 0x1825, 0x1825, 0x1825, 0x1825, 0x1825, 0x1825, 0x1825, 0x1825, 0x1825, 0x0021, 0x0021, 0x0021,
        0x0021, 0x1825, 0x1825, 0x1825, 0xD4DF, 0xD4DF, 0xD4DF, 0xD4DF, 0xD4DF, 0xD4DF, 0xD4DF, 0xD4DF, 0x1825, 0x1825, 0x1825, 0x0021,
        0x1825, 0x1825, 0xD4DF, 0xD4DF, 0x997C, 0x997C, 0x997C, 0x997C, 0x997C, 0x997C, 0x997C, 0x997C, 0xD4DF, 0xD4DF, 0x1825, 0x1825,
        0x1825, 0xD4DF, 0x997C, 0x997C, 0x997C, 0x997C, 0x997C, 0x997C, 0x997C, 0x997C, 0x997C, 0x997C, 0x997C, 0x997C, 0xD4DF, 0x1825,
        0x1825, 0x997C, 0x997C, 0x997C, 0x997C, 0x997C, 0x997C, 0x997C, 0x997C, 0x997C, 0x997C, 0x997C, 0x997C, 0x997C, 0x997C, 0x1825,
        0x1825, 0x997C, 0x997C, 0x0000, 0x0000, 0x0000, 0x997C, 0x997C, 0x997C, 0x997C, 0x0000, 0x0000, 0x0000, 0x997C, 0x997C, 0x1825,
        0x1825, 0x997C, 0x997C, 0x0000, 0x0000, 0x0000, 0x997C, 0x997C, 0x997C, 0x997C, 0x0000, 0x0000, 0x0000, 0x997C, 0x997C, 0x1825,
        0x1825, 0x997C, 0x997C, 0x997C, 0x0000, 0x0000, 0x997C, 0x997C, 0x997C, 0x997C, 0x0000, 0x0000, 0x997C, 0x997C, 0x997C, 0x1825,
        0x1825, 0x997C, 0x997C, 0x997C, 0x997C, 0x997C, 0x997C, 0x997C, 0x997C, 0x997C, 0x997C, 0x997C, 0x997C, 0x997C, 0x997C, 0x1825,
        0x1825, 0x1825, 0x997C, 0x997C, 0x997C, 0x997C, 0x997C, 0x0000, 0x0000, 0x997C, 0x997C, 0x997C, 0x997C, 0x997C, 0x1825, 0x1825,
        0x0021, 0x1825, 0x997C, 0x997C, 0x997C, 0x997C, 0x997C, 0x0000, 0x0000, 0x997C, 0x997C, 0x997C, 0x997C, 0x997C, 0x1825, 0x0021,
        0x0021, 0x1825, 0x1825, 0x997C, 0x997C, 0x997C, 0x997C, 0x997C, 0x997C, 0x997C, 0x997C, 0x997C, 0x997C, 0x1825, 0x1825, 0x0021,
        0x0021, 0x0021, 0x1825, 0x1825, 0x997C, 0x0000, 0x0000, 0x0000, 0x0000, 0x0000, 0x0000, 0x997C, 0x1825, 0x1825, 0x0021, 0x0021,
        0x0021, 0x0021, 0x0021, 0x1825, 0x997C, 0x0000, 0x997C, 0x0000, 0x997C, 0x0000, 0x997C, 0x997C, 0x1825, 0x0021, 0x0021, 0x0021,
        0x0021, 0x0021, 0x0021, 0x1825, 0x1825, 0x997C, 0x0000, 0x997C, 0x0000, 0x997C, 0x0000, 0x1825, 0x1825, 0x0021, 0x0021, 0x0021,
        0x0021, 0x0021, 0x0021, 0x0021, 0x1825, 0x1825, 0x1825, 0x1825, 0x1825, 0x1825, 0x1825, 0x1825, 0x0021, 0x0021, 0x0021, 0x0021,
    },
    {
        0x0021, 0x0021, 0x0021, 0x1825, 0x1825, 0x1825, 0x1825, 0x1825, 0x1825, 0x1825, 0x1825, 0x1825, 0x1825, 0x0021, 0x0021, 0x0021,
        0x0021, 0x1825, 0x1825, 0x1825, 0xDCDF, 0xDCDF, 0xDCDF, 0xDCDF, 0xDCDF, 0xDCDF, 0xDCDF, 0xDCDF, 0x1825, 0x1825, 0x1825, 0x0021,
        0x1825, 0x1825, 0xDCDF, 0xDCDF, 0xA17C, 0xA17C, 0xA17C, 0xA17C, 0xA17C, 0xA17C, 0xA17C, 0xA17C, 0xDCDF, 0xDCDF, 0x1825, 0x1825,
        0x1825, 0xDCDF, 0xA17C, 0xA17C, 0xA17C, 0xA17C, 0xA17C, 0xA17C, 0xA17C, 0xA17C, 0xA17C, 0xA17C, 0xA17C, 0xA17C, 0xDCDF, 0x1825,
        0x1825, 0xA17C, 0xA17C, 0xA17C, 0xA17C, 0xA17C, 0xA17C, 0xA17C, 0xA17C, 0xA17C, 0xA17C, 0xA17C, 0xA17C, 0xA17C, 0xA17C, 0x1825,
        0x1825, 0xA17C, 0xA17C, 0x0000, 0x0000, 0x0000, 0xA17C, 0xA17C, 0xA17C, 0xA17C, 0x0000, 0x0000, 0x0000, 0xA17C, 0xA17C, 0x1825,
        0x1825, 0xA17C, 0xA17C, 0x0000, 0x0000, 0x0000, 0xA17C, 0xA17C, 0xA17C, 0xA17C, 0x0000, 0x0000, 0x0000, 0xA17C, 0xA17C, 0x1825,
        0x1825, 0xA17C, 0xA17C, 0xA17C, 0x0000, 0x0000, 0xA17C, 0xA17C, 0xA17C, 0xA17C, 0x0000, 0x0000, 0xA17C, 0xA17C, 0xA17C, 0x1825,
        0x1825, 0xA17C, 0xA17C, 0xA17C, 0xA17C, 0xA17C, 0xA17C, 0xA17C, 0xA17C, 0xA17C, 0xA17C, 0xA17C, 0xA17C, 0xA17C, 0xA17C, 0x1825,
        0x1825, 0x1825, 0xA17C, 0xA17C, 0xA17C, 0xA17C, 0xA17C, 0x0000, 0x0000, 0xA17C, 0xA17C, 0xA17C, 0xA17C, 0xA17C, 0x1825, 0x1825,
        0x0021, 0x1825, 0xA17C, 0xA17C, 0xA17C, 0xA17C, 0xA17C, 0x0000, 0x0000, 0xA17C, 0xA17C, 0xA17C, 0xA17C, 0xA17C, 0x1825, 0x0021,
        0x0021, 0x1825, 0x1825, 0xA17C, 0xA17C, 0xA17C, 0xA17C, 0xA17C, 0xA17C, 0xA17C, 0xA17C, 0xA17C, 0xA17C, 0x1825, 0x1825, 0x0021,
        0x0021, 0x0021, 0x1825, 0x1825, 0xA17C, 0x0000, 0x0000, 0x0000, 0x0000, 0x0000, 0x0000, 0xA17C, 0x1825, 0x1825, 0x0021, 0x0021,
        0x0021, 0x0021, 0x0021, 0x1825, 0xA17C, 0x0000, 0xA17C, 0x0000, 0xA17C, 0x0000, 0xA17C, 0xA17C, 0x1825, 0x0021, 0x0021, 0x0021,
        0x0021, 0x0021, 0x0021, 0x1825, 0x1825, 0xA17C, 0x0000, 0xA17C, 0x0000, 0xA17C, 0x0000, 0x1825, 0x1825, 0x0021, 0x0021, 0x0021,
        0x0021, 0x0021, 0x0021, 0x0021, 0x1825, 0x1825, 0x1825, 0x1825, 0x1825, 0x1825, 0x1825, 0x1825, 0x0021, 0x0021, 0x0021, 0x0021,
    },
    {
        0x0021, 0x0021, 0x0021, 0x1825, 0x1825, 0x1825, 0x1825, 0x1825, 0x1825, 0x1825, 0x1825, 0x1825, 0x1825, 0x0021, 0x0021, 0x0021,
        0x0021, 0x1825, 0x1825, 0x1825, 0xE4DF, 0xE4DF, 0xE4DF, 0xE4DF, 0xE4DF, 0xE4DF, 0xE4DF, 0xE4DF, 0x1825, 0x1825, 0x1825, 0x0021,
        0x1825, 0x1825, 0xE4DF, 0xE4DF, 0xA97C, 0xA97C, 0xA97C, 0xA97C, 0xA97C, 0xA97C, 0xA97C, 0xA97C, 0xE4DF, 0xE4DF, 0x1825, 0x1825,
        0x1825, 0xE4DF, 0xA97C, 0xA97C, 0xA97C, 0xA97C, 0xA97C, 0xA97C, 0xA97C, 0xA97C, 0xA97C, 0xA97C, 0xA97C, 0xA97C, 0xE4DF, 0x1825,
        0x1825, 0xA97C, 0xA97C, 0xA97C, 0xA97C, 0xA97C, 0xA97C, 0xA97C, 0xA97C, 0xA97C, 0xA97C, 0xA97C, 0xA97C, 0xA97C, 0xA97C, 0x1825,
        0x1825, 0xA97C, 0xA97C, 0x0000, 0x0000, 0x0000, 0xA97C, 0xA97C, 0xA97C, 0xA97C, 0x0000, 0x0000, 0x0000, 0xA97C, 0xA97C, 0x1825,
        0x1825, 0xA97C, 0xA97C, 0x0000, 0x0000, 0x0000, 0xA97C, 0xA97C, 0xA97C, 0xA97C, 0x0000, 0x0000, 0x0000, 0xA97C, 0xA97C, 0x1825,
        0x1825, 0xA97C, 0xA97C, 0xA97C, 0x0000, 0x0000, 0xA97C, 0xA97C, 0xA97C, 0xA97C, 0x0000, 0x0000, 0xA97C, 0xA97C, 0xA97C, 0x1825,
        0x1825, 0xA97C, 0xA97C, 0xA97C, 0xA97C, 0xA97C, 0xA97C, 0xA97C, 0xA97C, 0xA97C, 0xA97C, 0xA97C, 0xA97C, 0xA97C, 0xA97C, 0x1825,
        0x1825, 0x1825, 0xA97C, 0xA97C, 0xA97C, 0xA97C, 0xA97C, 0x0000, 0x0000, 0xA97C, 0xA97C, 0xA97C, 0xA97C, 0xA97C, 0x1825, 0x1825,
        0x0021, 0x1825, 0xA97C, 0xA97C, 0xA97C, 0xA97C, 0xA97C, 0x0000, 0x0000, 0xA97C, 0xA97C, 0xA97C, 0xA97C, 0xA97C, 0x1825, 0x0021,
        0x0021, 0x1825, 0x1825, 0xA97C, 0xA97C, 0xA97C, 0xA97C, 0xA97C, 0xA97C, 0xA97C, 0xA97C, 0xA97C, 0xA97C, 0x1825, 0x1825, 0x0021,
        0x0021, 0x0021, 0x1825, 0x1825, 0xA97C, 0x0000, 0x0000, 0x0000, 0x0000, 0x0000, 0x0000, 0xA97C, 0x1825, 0x1825, 0x0021, 0x0021,
        0x0021, 0x0021, 0x0021, 0x1825, 0xA97C, 0x0000, 0xA97C, 0x0000, 0xA97C, 0x0000, 0xA97C, 0xA97C, 0x1825, 0x0021, 0x0021, 0x0021,
        0x0021, 0x0021, 0x0021, 0x1825, 0x1825, 0xA97C, 0x0000, 0xA97C, 0x0000, 0xA97C, 0x0000, 0x1825, 0x1825, 0x0021, 0x0021, 0x0021,
        0x0021, 0x0021, 0x0021, 0x0021, 0x1825, 0x1825, 0x1825, 0x1825, 0x1825, 0x1825, 0x1825, 0x1825, 0x0021, 0x0021, 0x0021, 0x0021,
    },
    {
        0x0021, 0x0021, 0x0021, 0x2025, 0x2025, 0x2025, 0x2025, 0x2025, 0x2025, 0x2025, 0x2025, 0x2025, 0x2025, 0x0021, 0x0021, 0x0021,
        0x0021, 0x2025, 0x2025, 0x2025, 0xE4DF, 0xE4DF, 0xE4DF, 0xE4DF, 0xE4DF, 0xE4DF, 0xE4DF, 0xE4DF, 0x2025, 0x2025, 0x2025, 0x0021,
        0x2025, 0x2025, 0xE4DF, 0xE4DF, 0xB17C, 0xB17C, 0xB17C, 0xB17C, 0xB17C, 0xB17C, 0xB17C, 0xB17C, 0xE4DF, 0xE4DF, 0x2025, 0x2025,
        0x2025, 0xE4DF, 0xB17C, 0xB17C, 0xB17C, 0xB17C, 0xB17C, 0xB17C, 0xB17C, 0xB17C, 0xB17C, 0xB17C, 0xB17C, 0xB17C, 0xE4DF, 0x2025,
        0x2025, 0xB17C, 0xB17C, 0xB17C, 0xB17C, 0xB17C, 0xB17C, 0xB17C, 0xB17C, 0xB17C, 0xB17C, 0xB17C, 0xB17C, 0xB17C, 0xB17C, 0x2025,
        0x2025, 0xB17C, 0xB17C, 0x0000, 0x0000, 0x0000, 0xB17C, 0xB17C, 0xB17C, 0xB17C, 0x0000, 0x0000, 0x0000, 0xB17C, 0xB17C, 0x2025,
        0x2025, 0xB17C, 0xB17C, 0x0000, 0x0000, 0x0000, 0xB17C, 0xB17C, 0xB17C, 0xB17C, 0x0000, 0x0000, 0x0000, 0xB17C, 0xB17C, 0x2025,
        0x2025, 0xB17C, 0xB17C, 0xB17C, 0x0000, 0x0000, 0xB17C, 0xB17C, 0xB17C, 0xB17C, 0x0000, 0x0000, 0xB17C, 0xB17C, 0xB17C, 0x2025,
        0x2025, 0xB17C, 0xB17C, 0xB17C, 0xB17C, 0xB17C, 0xB17C, 0xB17C, 0xB17C, 0xB17C, 0xB17C, 0xB17C, 0xB17C, 0xB17C, 0xB17C, 0x2025,
        0x2025, 0x2025, 0xB17C, 0xB17C, 0xB17C, 0xB17C, 0xB17C, 0x0000, 0x0000, 0xB17C, 0xB17C, 0xB17C, 0xB17C, 0xB17C, 0x2025, 0x2025,
        0x0021, 0x2025, 0xB17C, 0xB17C, 0xB17C, 0xB17C, 0xB17C, 0x0000, 0x0000, 0xB17C, 0xB17C, 0xB17C, 0xB17C, 0xB17C, 0x2025, 0x0021,
        0x0021, 0x2025, 0x2025, 0xB17C, 0xB17C, 0xB17C, 0xB17C, 0xB17C, 0xB17C, 0xB17C, 0xB17C, 0xB17C, 0xB17C, 0x2025, 0x2025, 0x0021,
        0x0021, 0x0021, 0x2025, 0x2025, 0xB17C, 0x0000, 0x0000, 0x0000, 0x0000, 0x0000, 0x0000, 0xB17C, 0x2025, 0x2025, 0x0021, 0x0021,
        0x0021, 0x0021, 0x0021, 0x2025, 0xB17C, 0x0000, 0xB17C, 0x0000, 0xB17C, 0x0000, 0xB17C, 0xB17C, 0x2025, 0x0021, 0x0021, 0x0021,
        0x0021, 0x0021, 0x0021, 0x2025, 0x2025, 0xB17C, 0x0000, 0xB17C, 0x0000, 0xB17C, 0x0000, 0x2025, 0x2025, 0x0021, 0x0021, 0x0021,
        0x0021, 0x0021, 0x0021, 0x0021, 0x2025, 0x2025, 0x2025, 0x2025, 0x2025, 0x2025, 0x2025, 0x2025, 0x0021, 0x0021, 0x0021, 0x0021,
    },
    {
        0x0021, 0x0021, 0x0021, 0x2025, 0x2025, 0x2025, 0x2025, 0x2025, 0x2025, 0x2025, 0x2025, 0x2025, 0x2025, 0x0021, 0x0021, 0x0021,
        0x0021, 0x2025, 0x2025, 0x2025, 0xECDF, 0xECDF, 0xECDF, 0xECDF, 0xECDF, 0xECDF, 0xECDF, 0xECDF, 0x2025, 0x2025, 0x2025, 0x0021,
        0x2025, 0x2025, 0xECDF, 0xECDF, 0xB97C, 0xB97C, 0xB97C, 0xB97C, 0xB97C, 0xB97C, 0xB97C, 0xB97C, 0xECDF, 0xECDF, 0x2025, 0x2025,
        0x2025, 0xECDF, 0xB97C, 0xB97C, 0xB97C, 0xB97C, 0xB97C, 0xB97C, 0xB97C, 0xB97C, 0xB97C, 0xB97C, 0xB97C, 0xB97C, 0xECDF, 0x2025,
        0x2025, 0xB97C, 0xB97C, 0xB97C, 0xB97C, 0xB97C, 0xB97C, 0xB97C, 0xB97C, 0xB97C, 0xB97C, 0xB97C, 0xB97C, 0xB97C, 0xB97C, 0x2025,
        0x2025, 0xB97C, 0xB97C, 0x0000, 0x0000, 0x0000, 0xB97C, 0xB97C, 0xB97C, 0xB97C, 0x0000, 0x0000, 0x0000, 0xB97C, 0xB97C, 0x2025,
        0x2025, 0xB97C, 0xB97C, 0x0000, 0x0000, 0x0000, 0xB97C, 0xB97C, 0xB97C, 0xB97C, 0x0000, 0x0000, 0x0000, 0xB97C, 0xB97C, 0x2025,
        0x2025, 0xB97C, 0xB97C, 0xB97C, 0x0000, 0x0000, 0xB97C, 0xB97C, 0xB97C, 0xB97C, 0x0000, 0x0000, 0xB97C, 0xB97C, 0xB97C, 0x2025,
        0x2025, 0xB97C, 0xB97C, 0xB97C, 0xB97C, 0xB97C, 0xB97C, 0xB97C, 0xB97C, 0xB97C, 0xB97C, 0xB97C, 0xB97C, 0xB97C, 0xB97C, 0x2025,
        0x2025, 0x2025, 0xB97C, 0xB97C, 0xB97C, 0xB97C, 0xB97C, 0x0000, 0x0000, 0xB97C, 0xB97C, 0xB97C, 0xB97C, 0xB97C, 0x2025, 0x2025,
        0x0021, 0x2025, 0xB97C, 0xB97C, 0xB97C, 0xB97C, 0xB97C, 0x0000, 0x0000, 0xB97C, 0xB97C, 0xB97C, 0xB97C, 0xB97C, 0x2025, 0x0021,
        0x0021, 0x2025, 0x2025, 0xB97C, 0xB97C, 0xB97C, 0xB97C, 0xB97C, 0xB97C, 0xB97C, 0xB97C, 0xB97C, 0xB97C, 0x2025, 0x2025, 0x0021,
        0x0021, 0x0021, 0x2025, 0x2025, 0xB97C, 0x0000, 0x0000, 0x0000, 0x0000, 0x0000, 0x0000, 0xB97C, 0x2025, 0x2025, 0x0021, 0x0021,
        0x0021, 0x0021, 0x0021, 0x2025, 0xB97C, 0x0000, 0xB97C, 0x0000, 0xB97C, 0x0000, 0xB97C, 0xB97C, 0x2025, 0x0021, 0x0021, 0x0021,
        0x0021, 0x0021, 0x0021, 0x2025, 0x2025, 0xB97C, 0x0000, 0xB97C, 0x0000, 0xB97C, 0x0000, 0x2025, 0x2025, 0x0021, 0x0021, 0x0021,
        0x0021, 0x0021, 0x0021, 0x0021, 0x2025, 0x2025, 0x2025, 0x2025, 0x2025, 0x2025, 0x2025, 0x2025, 0x0021, 0x0021, 0x0021, 0x0021,
    },
    {
        0x0021, 0x0021, 0x0021, 0x2025, 0x2025, 0x2025, 0x2025, 0x2025, 0x2025, 0x2025, 0x2025, 0x2025, 0x2025, 0x0021, 0x0021, 0x0021,
        0x0021, 0x2025, 0x2025, 0x2025, 0xECDF, 0xECDF, 0xECDF, 0xECDF, 0xECDF, 0xECDF, 0xECDF, 0xECDF, 0x2025, 0x2025, 0x2025, 0x0021,
        0x2025, 0x2025, 0xECDF, 0xECDF, 0xC17C, 0xC17C, 0xC17C, 0xC17C, 0xC17C, 0xC17C, 0xC17C, 0xC17C, 0xECDF, 0xECDF, 0x2025, 0x2025,
        0x2025, 0xECDF, 0xC17C, 0xC17C, 0xC17C, 0xC17C, 0xC17C, 0xC17C, 0xC17C, 0xC17C, 0xC17C, 0xC17C, 0xC17C, 0xC17C, 0xECDF, 0x2025,
        0x2025, 0xC17C, 0xC17C, 0xC17C, 0xC17C, 0xC17C, 0xC17C, 0xC17C, 0xC17C, 0xC17C, 0xC17C, 0xC17C, 0xC17C, 0xC17C, 0xC17C, 0x2025,
        0x2025, 0xC17C, 0xC17C, 0x0000, 0x0000, 0x0000, 0xC17C, 0xC17C, 0xC17C, 0xC17C, 0x0000, 0x0000, 0x0000, 0xC17C, 0xC17C, 0x2025,
        0x2025, 0xC17C, 0xC17C, 0x0000, 0x0000, 0x0000, 0xC17C, 0xC17C, 0xC17C, 0xC17C, 0x0000, 0x0000, 0x0000, 0xC17C, 0xC17C, 0x2025,
        0x2025, 0xC17C, 0xC17C, 0xC17C, 0x0000, 0x0000, 0xC17C, 0xC17C, 0xC17C, 0xC17C, 0x0000, 0x0000, 0xC17C, 0xC17C, 0xC17C, 0x2025,
        0x2025, 0xC17C, 0xC17C, 0xC17C, 0xC17C, 0xC17C, 0xC17C, 0xC17C, 0xC17C, 0xC17C, 0xC17C, 0xC17C, 0xC17C, 0xC17C, 0xC17C, 0x2025,
        0x2025, 0x2025, 0xC17C, 0xC17C, 0xC17C, 0xC17C, 0xC17C, 0x0000, 0x0000, 0xC17C, 0xC17C, 0xC17C, 0xC17C, 0xC17C, 0x2025, 0x2025,
        0x0021, 0x2025, 0xC17C, 0xC17C, 0xC17C, 0xC17C, 0xC17C, 0x0000, 0x0000, 0xC17C, 0xC17C, 0xC17C, 0xC17C, 0xC17C, 0x2025, 0x0021,
        0x0021, 0x2025, 0x2025, 0xC17C, 0xC17C, 0xC17C, 0xC17C, 0xC17C, 0xC17C, 0xC17C, 0xC17C, 0xC17C, 0xC17C, 0x2025, 0x2025, 0x0021,
        0x0021, 0x0021, 0x2025, 0x2025, 0xC17C, 0x0000, 0x0000, 0x0000, 0x0000, 0x0000, 0x0000, 0xC17C, 0x2025, 0x2025, 0x0021, 0x0021,
        0x0021, 0x0021, 0x0021, 0x2025, 0xC17C, 0x0000, 0xC17C, 0x0000, 0xC17C, 0x0000, 0xC17C, 0xC17C, 0x2025, 0x0021, 0x0021, 0x0021,
        0x0021, 0x0021, 0x0021, 0x2025, 0x2025, 0xC17C, 0x0000, 0xC17C, 0x0000, 0xC17C, 0x0000, 0x2025, 0x2025, 0x0021, 0x0021, 0x0021,
        0x0021, 0x0021, 0x0021, 0x0021, 0x2025, 0x2025, 0x2025, 0x2025, 0x2025, 0x2025, 0x2025, 0x2025, 0x0021, 0x0021, 0x0021, 0x0021,
    },
    {
        0x0021, 0x0021, 0x0021, 0x2025, 0x2025, 0x2025, 0x2025, 0x2025, 0x2025, 0x2025, 0x2025, 0x2025, 0x2025, 0x0021, 0x0021, 0x0021,
        0x0021, 0x2025, 0x2025, 0x2025, 0xF4DF, 0xF4DF, 0xF4DF, 0xF4DF, 0xF4DF, 0xF4DF, 0xF4DF, 0xF4DF, 0x2025, 0x2025, 0x2025, 0x0021,
        0x2025, 0x2025, 0xF4DF, 0xF4DF, 0xC97C, 0xC97C, 0xC97C, 0xC97C, 0xC97C, 0xC97C, 0xC97C, 0xC97C, 0xF4DF, 0xF4DF, 0x2025, 0x2025,
        0x2025, 0xF4DF, 0xC97C, 0xC97C, 0xC97C, 0xC97C, 0xC97C, 0xC97C, 0xC97C, 0xC97C, 0xC97C, 0xC97C, 0xC97C, 0xC97C, 0xF4DF, 0x2025,
        0x2025, 0xC97C, 0xC97C, 0xC97C, 0xC97C, 0xC97C, 0xC97C, 0xC97C, 0xC97C, 0xC97C, 0xC97C, 0xC97C, 0xC97C, 0xC97C, 0xC97C, 0x2025,
        0x2025, 0xC97C, 0xC97C, 0x0000, 0x0000, 0x0000, 0xC97C, 0xC97C, 0xC97C, 0xC97C, 0x0000, 0x0000, 0x0000, 0xC97C, 0xC97C, 0x2025,
        0x2025, 0xC97C, 0xC97C, 0x0000, 0x0000, 0x0000, 0xC97C, 0xC97C, 0xC97C, 0xC97C, 0x0000, 0x0000, 0x0000, 0xC97C, 0xC97C, 0x2025,
        0x2025, 0xC97C, 0xC97C, 0xC97C, 0x0000, 0x0000, 0xC97C, 0xC97C, 0xC97C, 0xC97C, 0x0000, 0x0000, 0xC97C, 0xC97C, 0xC97C, 0x2025,
        0x2025, 0xC97C, 0xC97C, 0xC97C, 0xC97C, 0xC97C, 0xC97C, 0xC97C, 0xC97C, 0xC97C, 0xC97C, 0xC97C, 0xC97C, 0xC97C, 0xC97C, 0x2025,
        0x2025, 0x2025, 0xC97C, 0xC97C, 0xC97C, 0xC97C, 0xC97C, 0x0000, 0x0000, 0xC97C, 0xC97C, 0xC97C, 0xC97C, 0xC97C, 0x2025, 0x2025,
        0x0021, 0x2025, 0xC97C, 0xC97C, 0xC97C, 0xC97C, 0xC97C, 0x0000, 0x0000, 0xC97C, 0xC97C, 0xC97C, 0xC97C, 0xC97C, 0x2025, 0x0021,
        0x0021, 0x2025, 0x2025, 0xC97C, 0xC97C, 0xC97C, 0xC97C, 0xC97C, 0xC97C, 0xC97C, 0xC97C, 0xC97C, 0xC97C, 0x2025, 0x2025, 0x0021,
        0x0021, 0x0021, 0x2025, 0x2025, 0xC97C, 0x0000, 0x0000, 0x0000, 0x0000, 0x0000, 0x0000, 0xC97C, 0x2025, 0x2025, 0x0021, 0x0021,
        0x0021, 0x0021, 0x0021, 0x2025, 0xC97C, 0x0000, 0xC97C, 0x0000, 0xC97C, 0x0000, 0xC97C, 0xC97C, 0x2025, 0x0021, 0x0021, 0x0021,
        0x0021, 0x0021, 0x0021, 0x2025, 0x2025, 0xC97C, 0x0000, 0xC97C, 0x0000, 0xC97C, 0x0000, 0x2025, 0x2025, 0x0021, 0x0021, 0x0021,
        0x0021, 0x0021, 0x0021, 0x0021, 0x2025, 0x2025, 0x2025, 0x2025, 0x2025, 0x2025, 0x2025, 0x2025, 0x0021, 0x0021, 0x0021, 0x0021,
    },
    {
        0x0021, 0x0021, 0x0021, 0x2825, 0x2825, 0x2825, 0x2825, 0x2825, 0x2825, 0x2825, 0x2825, 0x2825, 0x2825, 0x0021, 0x0021, 0x0021,
        0x0021, 0x2825, 0x2825, 0x2825, 0xFCDF, 0xFCDF, 0xFCDF, 0xFCDF, 0xFCDF, 0xFCDF, 0xFCDF, 0xFCDF, 0x2825, 0x2825, 0x2825, 0x0021,
        0x2825, 0x2825, 0xFCDF, 0xFCDF, 0xD17C, 0xD17C, 0xD17C, 0xD17C, 0xD17C, 0xD17C, 0xD17C, 0xD17C, 0xFCDF, 0xFCDF, 0x2825, 0x2825,
        0x2825, 0xFCDF, 0xD17C, 0xD17C, 0xD17C, 0xD17C, 0xD17C, 0xD17C, 0xD17C, 0xD17C, 0xD17C, 0xD17C, 0xD17C, 0xD17C, 0xFCDF, 0x2825,
        0x2825, 0xD17C, 0xD17C, 0xD17C, 0xD17C, 0xD17C, 0xD17C, 0xD17C, 0xD17C, 0xD17C, 0xD17C, 0xD17C, 0xD17C, 0xD17C, 0xD17C, 0x2825,
        0x2825, 0xD17C, 0xD17C, 0x0000, 0x0000, 0x0000, 0xD17C, 0xD17C, 0xD17C, 0xD17C, 0x0000, 0x0000, 0x0000, 0xD17C, 0xD17C, 0x2825,
        0x2825, 0xD17C, 0xD17C, 0x0000, 0x0000, 0x0000, 0xD17C, 0xD17C, 0xD17C, 0xD17C, 0x0000, 0x0000, 0x0000, 0xD17C, 0xD17C, 0x2825,
        0x2825, 0xD17C, 0xD17C, 0xD17C, 0x0000, 0x0000, 0xD17C, 0xD17C, 0xD17C, 0xD17C, 0x0000, 0x0000, 0xD17C, 0xD17C, 0xD17C, 0x2825,
        0x2825, 0xD17C, 0xD17C, 0xD17C, 0xD17C, 0xD17C, 0xD17C, 0xD17C, 0xD17C, 0xD17C, 0xD17C, 0xD17C, 0xD17C, 0xD17C, 0xD17C, 0x2825,
        0x2825, 0x2825, 0xD17C, 0xD17C, 0xD17C, 0xD17C, 0xD17C, 0x0000, 0x0000, 0xD17C, 0xD17C, 0xD17C, 0xD17C, 0xD17C, 0x2825, 0x2825,
        0x0021, 0x2825, 0xD17C, 0xD17C, 0xD17C, 0xD17C, 0xD17C, 0x0000, 0x0000, 0xD17C, 0xD17C, 0xD17C, 0xD17C, 0xD17C, 0x2825, 0x0021,
        0x0021, 0x2825, 0x2825, 0xD17C, 0xD17C, 0xD17C, 0xD17C, 0xD17C, 0xD17C, 0xD17C, 0xD17C, 0xD17C, 0xD17C, 0x2825, 0x2825, 0x0021,
        0x0021, 0x0021, 0x2825, 0x2825, 0xD17C, 0x0000, 0x0000, 0x0000, 0x0000, 0x0000, 0x0000, 0xD17C, 0x2825, 0x2825, 0x0021, 0x0021,
        0x0021, 0x0021, 0x0021, 0x2825, 0xD17C, 0x0000, 0xD17C, 0x0000, 0xD17C, 0x0000, 0xD17C, 0xD17C, 0x2825, 0x0021, 0x0021, 0x0021,
        0x0021, 0x0021, 0x0021, 0x2825, 0x2825, 0xD17C, 0x0000, 0xD17C, 0x0000, 0xD17C, 0x0000, 0x2825, 0x2825, 0x0021, 0x0021, 0x0021,
        0x0021, 0x0021, 0x0021, 0x0021, 0x2825, 0x2825, 0x2825, 0x2825, 0x2825, 0x2825, 0x2825, 0x2825, 0x0021, 0x0021, 0x0021, 0x0021,
    },
    {
        0x0021, 0x0021, 0x0021, 0x2825, 0x2825, 0x2825, 0x2825, 0x2825, 0x2825, 0x2825, 0x2825, 0x2825, 0x2825, 0x0021, 0x0021, 0x0021,
        0x0021, 0x2825, 0x2825, 0x2825, 0xFCDF, 0xFCDF, 0xFCDF, 0xFCDF, 0xFCDF, 0xFCDF, 0xFCDF, 0xFCDF, 0x2825, 0x2825, 0x2825, 0x0021,
        0x2825, 0x2825, 0xFCDF, 0xFCDF, 0xD97C, 0xD97C, 0xD97C, 0xD97C, 0xD97C, 0xD97C, 0xD97C, 0xD97C, 0xFCDF, 0xFCDF, 0x2825, 0x2825,
        0x2825, 0xFCDF, 0xD97C, 0xD97C, 0xD97C, 0xD97C, 0xD97C, 0xD97C, 0xD97C, 0xD97C, 0xD97C, 0xD97C, 0xD97C, 0xD97C, 0xFCDF, 0x2825,
        0x2825, 0xD97C, 0xD97C, 0xD97C, 0xD97C, 0xD97C, 0xD97C, 0xD97C, 0xD97C, 0xD97C, 0xD97C, 0xD97C, 0xD97C, 0xD97C, 0xD97C, 0x2825,
        0x2825, 0xD97C, 0xD97C, 0x0000, 0x0000, 0x0000, 0xD97C, 0xD97C, 0xD97C, 0xD97C, 0x0000, 0x0000, 0x0000, 0xD97C, 0xD97C, 0x2825,
        0x2825, 0xD97C, 0xD97C, 0x0000, 0x0000, 0x0000, 0xD97C, 0xD97C, 0xD97C, 0xD97C, 0x0000, 0x0000, 0x0000, 0xD97C, 0xD97C, 0x2825,
        0x2825, 0xD97C, 0xD97C, 0xD97C, 0x0000, 0x0000, 0xD97C, 0xD97C, 0xD97C, 0xD97C, 0x0000, 0x0000, 0xD97C, 0xD97C, 0xD97C, 0x2825,
        0x2825, 0xD97C, 0xD97C, 0xD97C, 0xD97C, 0xD97C, 0xD97C, 0xD97C, 0xD97C, 0xD97C, 0xD97C, 0xD97C, 0xD97C, 0xD97C, 0xD97C, 0x2825,
        0x2825, 0x2825, 0xD97C, 0xD97C, 0xD97C, 0xD97C, 0xD97C, 0x0000, 0x0000, 0xD97C, 0xD97C, 0xD97C, 0xD97C, 0xD97C, 0x2825, 0x2825,
        0x0021, 0x2825, 0xD97C, 0xD97C, 0xD97C, 0xD97C, 0xD97C, 0x0000, 0x0000, 0xD97C, 0xD97C, 0xD97C, 0xD97C, 0xD97C, 0x2825, 0x0021,
        0x0021, 0x2825, 0x2825, 0xD97C, 0xD97C, 0xD97C, 0xD97C, 0xD97C, 0xD97C, 0xD97C, 0xD97C, 0xD97C, 0xD97C, 0x2825, 0x2825, 0x0021,
        0x0021, 0x0021, 0x2825, 0x2825, 0xD97C, 0x0000, 0x0000, 0x0000, 0x0000, 0x0000, 0x0000, 0xD97C, 0x2825, 0x2825, 0x0021, 0x0021,
        0x0021, 0x0021, 0x0021, 0x2825, 0xD97C, 0x0000, 0xD97C, 0x0000, 0xD97C, 0x0000, 0xD97C, 0xD97C, 0x2825, 0x0021, 0x0021, 0x0021,
        0x0021, 0x0021, 0x0021, 0x2825, 0x2825, 0xD97C, 0x0000, 0xD97C, 0x0000, 0xD97C, 0x0000, 0x2825, 0x2825, 0x0021, 0x0021, 0x0021,
        0x0021, 0x0021, 0x0021, 0x0021, 0x2825, 0x2825, 0x2825, 0x2825, 0x2825, 0x2825, 0x2825, 0x2825, 0x0021, 0x0021, 0x0021, 0x0021,
    },
    {
        0x0021, 0x0021, 0x0021, 0x2825, 0x2825, 0x2825, 0x2825, 0x2825, 0x2825, 0x2825, 0x2825, 0x2825, 0x2825, 0x0021, 0x0021, 0x0021,
        0x0021, 0x2825, 0x2825, 0x2825, 0xFCDF, 0xFCDF, 0xFCDF, 0xFCDF, 0xFCDF, 0xFCDF, 0xFCDF, 0xFCDF, 0x2825, 0x2825, 0x2825, 0x0021,
        0x2825, 0x2825, 0xFCDF, 0xFCDF, 0xE17B, 0xE17B, 0xE17B, 0xE17B, 0xE17B, 0xE17B, 0xE17B, 0xE17B, 0xFCDF, 0xFCDF, 0x2825, 0x2825,
        0x2825, 0xFCDF, 0xE17B, 0xE17B, 0xE17B, 0xE17B, 0xE17B, 0xE17B, 0xE17B, 0xE17B, 0xE17B, 0xE17B, 0xE17B, 0xE17B, 0xFCDF, 0x2825,
        0x2825, 0xE17B, 0xE17B, 0xE17B, 0xE17B, 0xE17B, 0xE17B, 0xE17B, 0xE17B, 0xE17B, 0xE17B, 0xE17B, 0xE17B, 0xE17B, 0xE17B, 0x2825,
        0x2825, 0xE17B, 0xE17B, 0x0000, 0x0000, 0x0000, 0xE17B, 0xE17B, 0xE17B, 0xE17B, 0x0000, 0x0000, 0x0000, 0xE17B, 0xE17B, 0x2825,
        0x2825, 0xE17B, 0xE17B, 0x0000, 0x0000, 0x0000, 0xE17B, 0xE17B, 0xE17B, 0xE17B, 0x0000, 0x0000, 0x0000, 0xE17B, 0xE17B, 0x2825,
        0x2825, 0xE17B, 0xE17B, 0xE17B, 0x0000, 0x0000, 0xE17B, 0xE17B, 0xE17B, 0xE17B, 0x0000, 0x0000, 0xE17B, 0xE17B, 0xE17B, 0x2825,
        0x2825, 0xE17B, 0xE17B, 0xE17B, 0xE17B, 0xE17B, 0xE17B, 0xE17B, 0xE17B, 0xE17B, 0xE17B, 0xE17B, 0xE17B, 0xE17B, 0xE17B, 0x2825,
        0x2825, 0x2825, 0xE17B, 0xE17B, 0xE17B, 0xE17B, 0xE17B, 0x0000, 0x0000, 0xE17B, 0xE17B, 0xE17B, 0xE17B, 0xE17B, 0x2825, 0x2825,
        0x0021, 0x2825, 0xE17B, 0xE17B, 0xE17B, 0xE17B, 0xE17B, 0x0000, 0x0000, 0xE17B, 0xE17B, 0xE17B, 0xE17B, 0xE17B, 0x2825, 0x0021,
        0x0021, 0x2825, 0x2825, 0xE17B, 0xE17B, 0xE17B, 0xE17B, 0xE17B, 0xE17B, 0xE17B, 0xE17B, 0xE17B, 0xE17B, 0x2825, 0x2825, 0x0021,
        0x0021, 0x0021, 0x2825, 0x2825, 0xE17B, 0x0000, 0x0000, 0x0000, 0x0000, 0x0000, 0x0000, 0xE17B, 0x2825, 0x2825, 0x0021, 0x0021,
        0x0021, 0x0021, 0x0021, 0x2825, 0xE17B, 0x0000, 0xE17B, 0x0000, 0xE17B, 0x0000, 0xE17B, 0xE17B, 0x2825, 0x0021, 0x0021, 0x0021,
        0x0021, 0x0021, 0x0021, 0x2825, 0x2825, 0xE17B, 0x0000, 0xE17B, 0x0000, 0xE17B, 0x0000, 0x2825, 0x2825, 0x0021, 0x0021, 0x0021,
        0x0021, 0x0021, 0x0021, 0x0021, 0x2825, 0x2825, 0x2825, 0x2825, 0x2825, 0x2825, 0x2825, 0x2825, 0x0021, 0x0021, 0x0021, 0x0021,
    },
    {
        0x0021, 0x0021, 0x0021, 0x2824, 0x2824, 0x2824, 0x2824, 0x2824, 0x2824, 0x2824, 0x2824, 0x2824, 0x2824, 0x0021, 0x0021, 0x0021,
        0x0021, 0x2824, 0x2824, 0x2824, 0xFCDE, 0xFCDE, 0xFCDE, 0xFCDE, 0xFCDE, 0xFCDE, 0xFCDE, 0xFCDE, 0x2824, 0x2824, 0x2824, 0x0021,
        0x2824, 0x2824, 0xFCDE, 0xFCDE, 0xE17A, 0xE17A, 0xE17A, 0xE17A, 0xE17A, 0xE17A, 0xE17A, 0xE17A, 0xFCDE, 0xFCDE, 0x2824, 0x2824,
        0x2824, 0xFCDE, 0xE17A, 0xE17A, 0xE17A, 0xE17A, 0xE17A, 0xE17A, 0xE17A, 0xE17A, 0xE17A, 0xE17A, 0xE17A, 0xE17A, 0xFCDE, 0x2824,
        0x2824, 0xE17A, 0xE17A, 0xE17A, 0xE17A, 0xE17A, 0xE17A, 0xE17A, 0xE17A, 0xE17A, 0xE17A, 0xE17A, 0xE17A, 0xE17A, 0xE17A, 0x2824,
        0x2824, 0xE17A, 0xE17A, 0x0000, 0x0000, 0x0000, 0xE17A, 0xE17A, 0xE17A, 0xE17A, 0x0000, 0x0000, 0x0000, 0xE17A, 0xE17A, 0x2824,
        0x2824, 0xE17A, 0xE17A, 0x0000, 0x0000, 0x0000, 0xE17A, 0xE17A, 0xE17A, 0xE17A, 0x0000, 0x0000, 0x0000, 0xE17A, 0xE17A, 0x2824,
        0x2824, 0xE17A, 0xE17A, 0xE17A, 0x0000, 0x0000, 0xE17A, 0xE17A, 0xE17A, 0xE17A, 0x0000, 0x0000, 0xE17A, 0xE17A, 0xE17A, 0x2824,
        0x2824, 0xE17A, 0xE17A, 0xE17A, 0xE17A, 0xE17A, 0xE17A, 0xE17A, 0xE17A, 0xE17A, 0xE17A, 0xE17A, 0xE17A, 0xE17A, 0xE17A, 0x2824,
        0x2824, 0x2824, 0xE17A, 0xE17A, 0xE17A, 0xE17A, 0xE17A, 0x0000, 0x0000, 0xE17A, 0xE17A, 0xE17A, 0xE17A, 0xE17A, 0x2824, 0x2824,
        0x0021, 0x2824, 0xE17A, 0xE17A, 0xE17A, 0xE17A, 0xE17A, 0x0000, 0x0000, 0xE17A, 0xE17A, 0xE17A, 0xE17A, 0xE17A, 0x2824, 0x0021,
        0x0021, 0x2824, 0x2824, 0xE17A, 0xE17A, 0xE17A, 0xE17A, 0xE17A, 0xE17A, 0xE17A, 0xE17A, 0xE17A, 0xE17A, 0x2824, 0x2824, 0x0021,
        0x0021, 0x0021, 0x2824, 0x2824, 0xE17A, 0x0000, 0x0000, 0x0000, 0x0000, 0x0000, 0x0000, 0xE17A, 0x2824, 0x2824, 0x0021, 0x0021,
        0x0021, 0x0021, 0x0021, 0x2824, 0xE17A, 0x0000, 0xE17A, 0x0000, 0xE17A, 0x0000, 0xE17A, 0xE17A, 0x2824, 0x0021, 0x0021, 0x0021,
        0x0021, 0x0021, 0x0021, 0x2824, 0x2824, 0xE17A, 0x0000, 0xE17A, 0x0000, 0xE17A, 0x0000, 0x2824, 0x2824, 0x0021, 0x0021, 0x0021,
        0x0021, 0x0021, 0x0021, 0x0021, 0x2824, 0x2824, 0x2824, 0x2824, 0x2824, 0x2824, 0x2824, 0x2824, 0x0021, 0x0021, 0x0021, 0x0021,
    },
    {
        0x0021, 0x0021, 0x0021, 0x2824, 0x2824, 0x2824, 0x2824, 0x2824, 0x2824, 0x2824, 0x2824, 0x2824, 0x2824, 0x0021, 0x0021, 0x0021,
        0x0021, 0x2824, 0x2824, 0x2824, 0xFCDE, 0xFCDE, 0xFCDE, 0xFCDE, 0xFCDE, 0xFCDE, 0xFCDE, 0xFCDE, 0x2824, 0x2824, 0x2824, 0x0021,
        0x2824, 0x2824, 0xFCDE, 0xFCDE, 0xE178, 0xE178, 0xE178, 0xE178, 0xE178, 0xE178, 0xE178, 0xE178, 0xFCDE, 0xFCDE, 0x2824, 0x2824,
        0x2824, 0xFCDE, 0xE178, 0xE178, 0xE178, 0xE178, 0xE178, 0xE178, 0xE178, 0xE178, 0xE178, 0xE178, 0xE178, 0xE178, 0xFCDE, 0x2824,
        0x2824, 0xE178, 0xE178, 0xE178, 0xE178, 0xE178, 0xE178, 0xE178, 0xE178, 0xE178, 0xE178, 0xE178, 0xE178, 0xE178, 0xE178, 0x2824,
        0x2824, 0xE178, 0xE178, 0x0000, 0x0000, 0x0000, 0xE178, 0xE178, 0xE178, 0xE178, 0x0000, 0x0000, 0x0000, 0xE178, 0xE178, 0x2824,
        0x2824, 0xE178, 0xE178, 0x0000, 0x0000, 0x0000, 0xE178, 0xE178, 0xE178, 0xE178, 0x0000, 0x0000, 0x0000, 0xE178, 0xE178, 0x2824,
        0x2824, 0xE178, 0xE178, 0xE178, 0x0000, 0x0000, 0xE178, 0xE178, 0xE178, 0xE178, 0x0000, 0x0000, 0xE178, 0xE178, 0xE178, 0x2824,
        0x2824, 0xE178, 0xE178, 0xE178, 0xE178, 0xE178, 0xE178, 0xE178, 0xE178, 0xE178, 0xE178, 0xE178, 0xE178, 0xE178, 0xE178, 0x2824,
        0x2824, 0x2824, 0xE178, 0xE178, 0xE178, 0xE178, 0xE178, 0x0000, 0x0000, 0xE178, 0xE178, 0xE178, 0xE178, 0xE178, 0x2824, 0x2824,
        0x0021, 0x2824, 0xE178, 0xE178, 0xE178, 0xE178, 0xE178, 0x0000, 0x0000, 0xE178, 0xE178, 0xE178, 0xE178, 0xE178, 0x2824, 0x0021,
        0x0021, 0x2824, 0x2824, 0xE178, 0xE178, 0xE178, 0xE178, 0xE178, 0xE178, 0xE178, 0xE178, 0xE178, 0xE178, 0x2824, 0x2824, 0x0021,
        0x0021, 0x0021, 0x2824, 0x2824, 0xE178, 0x0000, 0x0000, 0x0000, 0x0000, 0x0000, 0x0000, 0xE178, 0x2824, 0x2824, 0x0021, 0x0021,
        0x0021, 0x0021, 0x0021, 0x2824, 0xE178, 0x0000, 0xE178, 0x0000, 0xE178, 0x0000, 0xE178, 0xE178, 0x2824, 0x0021, 0x0021, 0x0021,
        0x0021, 0x0021, 0x0021, 0x2824, 0x2824, 0xE178, 0x0000, 0xE178, 0x0000, 0xE178, 0x0000, 0x2824, 0x2824, 0x0021, 0x0021, 0x0021,
        0x0021, 0x0021, 0x0021, 0x0021, 0x2824, 0x2824, 0x2824, 0x2824, 0x2824, 0x2824, 0x2824, 0x2824, 0x0021, 0x0021, 0x0021, 0x0021,
    },
    {
        0x0021, 0x0021, 0x0021, 0x2824, 0x2824, 0x2824, 0x2824, 0x2824, 0x2824, 0x2824, 0x2824, 0x2824, 0x2824, 0x0021, 0x0021, 0x0021,
        0x0021, 0x2824, 0x2824, 0x2824, 0xFCDD, 0xFCDD, 0xFCDD, 0xFCDD, 0xFCDD, 0xFCDD, 0xFCDD, 0xFCDD, 0x2824, 0x2824, 0x2824, 0x0021,
        0x2824, 0x2824, 0xFCDD, 0xFCDD, 0xE177, 0xE177, 0xE177, 0xE177, 0xE177, 0xE177, 0xE177, 0xE177, 0xFCDD, 0xFCDD, 0x2824, 0x2824,
        0x2824, 0xFCDD, 0xE177, 0xE177, 0xE177, 0xE177, 0xE177, 0xE177, 0xE177, 0xE177, 0xE177, 0xE177, 0xE177, 0xE177, 0xFCDD, 0x2824,
        0x2824, 0xE177, 0xE177, 0xE177, 0xE177, 0xE177, 0xE177, 0xE177, 0xE177, 0xE177, 0xE177, 0xE177, 0xE177, 0xE177, 0xE177, 0x2824,
        0x2824, 0xE177, 0xE177, 0x0000, 0x0000, 0x0000, 0xE177, 0xE177, 0xE177, 0xE177, 0x0000, 0x0000, 0x0000, 0xE177, 0xE177, 0x2824,
        0x2824, 0xE177, 0xE177, 0x0000, 0x0000, 0x0000, 0xE177, 0xE177, 0xE177, 0xE177, 0x0000, 0x0000, 0x0000, 0xE177, 0xE177, 0x2824,
        0x2824, 0xE177, 0xE177, 0xE177, 0x0000, 0x0000, 0xE177, 0xE177, 0xE177, 0xE177, 0x0000, 0x0000, 0xE177, 0xE177, 0xE177, 0x2824,
        0x2824, 0xE177, 0xE177, 0xE177, 0xE177, 0xE177, 0xE177, 0xE177, 0xE177, 0xE177, 0xE177, 0xE177, 0xE177, 0xE177, 0xE177, 0x2824,
        0x2824, 0x2824, 0xE177, 0xE177, 0xE177, 0xE177, 0xE177, 0x0000, 0x0000, 0xE177, 0xE177, 0xE177, 0xE177, 0xE177, 0x2824, 0x2824,
        0x0021, 0x2824, 0xE177, 0xE177, 0xE177, 0xE177, 0xE177, 0x0000, 0x0000, 0xE177, 0xE177, 0xE177, 0xE177, 0xE177, 0x2824, 0x0021,
        0x0021, 0x2824, 0x2824, 0xE177, 0xE177, 0xE177, 0xE177, 0xE177, 0xE177, 0xE177, 0xE177, 0xE177, 0xE177, 0x2824, 0x2824, 0x0021,
        0x0021, 0x0021, 0x2824, 0x2824, 0xE177, 0x0000, 0x0000, 0x0000, 0x0000, 0x0000, 0x0000, 0xE177, 0x2824, 0x2824, 0x0021, 0x0021,
        0x0021, 0x0021, 0x0021, 0x2824, 0xE177, 0x0000, 0xE177, 0x0000, 0xE177, 0x0000, 0xE177, 0xE177, 0x2824, 0x0021, 0x0021, 0x0021,
        0x0021, 0x0021, 0x0021, 0x2824, 0x2824, 0xE177, 0x0000, 0xE177, 0x0000, 0xE177, 0x0000, 0x2824, 0x2824, 0x0021, 0x0021, 0x0021,
        0x0021, 0x0021, 0x0021, 0x0021, 0x2824, 0x2824, 0x2824, 0x2824, 0x2824, 0x2824, 0x2824, 0x2824, 0x0021, 0x0021, 0x0021, 0x0021,
    },
    {
        0x0021, 0x0021, 0x0021, 0x2824, 0x2824, 0x2824, 0x2824, 0x2824, 0x2824, 0x2824, 0x2824, 0x2824, 0x2824, 0x0021, 0x0021, 0x0021,
        0x0021, 0x2824, 0x2824, 0x2824, 0xFCDC, 0xFCDC, 0xFCDC, 0xFCDC, 0xFCDC, 0xFCDC, 0xFCDC, 0xFCDC, 0x2824, 0x2824, 0x2824, 0x0021,
        0x2824, 0x2824, 0xFCDC, 0xFCDC, 0xE176, 0xE176, 0xE176, 0xE176, 0xE176, 0xE176, 0xE176, 0xE176, 0xFCDC, 0xFCDC, 0x2824, 0x2824,
        0x2824, 0xFCDC, 0xE176, 0xE176, 0xE176, 0xE176, 0xE176, 0xE176, 0xE176, 0xE176, 0xE176, 0xE176, 0xE176, 0xE176, 0xFCDC, 0x2824,
        0x2824, 0xE176, 0xE176, 0xE176, 0xE176, 0xE176, 0xE176, 0xE176, 0xE176, 0xE176, 0xE176, 0xE176, 0xE176, 0xE176, 0xE176, 0x2824,
        0x2824, 0xE176, 0xE176, 0x0000, 0x0000, 0x0000, 0xE176, 0xE176, 0xE176, 0xE176, 0x0000, 0x0000, 0x0000, 0xE176, 0xE176, 0x2824,
        0x2824, 0xE176, 0xE176, 0x0000, 0x0000, 0x0000, 0xE176, 0xE176, 0xE176, 0xE176, 0x0000, 0x0000, 0x0000, 0xE176, 0xE176, 0x2824,
        0x2824, 0xE176, 0xE176, 0xE176, 0x0000, 0x0000, 0xE176, 0xE176, 0xE176, 0xE176, 0x0000, 0x0000, 0xE176, 0xE176, 0xE176, 0x2824,
        0x2824, 0xE176, 0xE176, 0xE176, 0xE176, 0xE176, 0xE176, 0xE176, 0xE176, 0xE176, 0xE176, 0xE176, 0xE176, 0xE176, 0xE176, 0x2824,
        0x2824, 0x2824, 0xE176, 0xE176, 0xE176, 0xE176, 0xE176, 0x0000, 0x0000, 0xE176, 0xE176, 0xE176, 0xE176, 0xE176, 0x2824, 0x2824,
        0x0021, 0x2824, 0xE176, 0xE176, 0xE176, 0xE176, 0xE176, 0x0000, 0x0000, 0xE176, 0xE176, 0xE176, 0xE176, 0xE176, 0x2824, 0x0021,
        0x0021, 0x2824, 0x2824, 0xE176, 0xE176, 0xE176, 0xE176, 0xE176, 0xE176, 0xE176, 0xE176, 0xE176, 0xE176, 0x2824, 0x2824, 0x0021,
        0x0021, 0x0021, 0x2824, 0x2824, 0xE176, 0x0000, 0x0000, 0x0000, 0x0000, 0x0000, 0x0000, 0xE176, 0x2824, 0x2824, 0x0021, 0x0021,
        0x0021, 0x0021, 0x0021, 0x2824, 0xE176, 0x0000, 0xE176, 0x0000, 0xE176, 0x0000, 0xE176, 0xE176, 0x2824, 0x0021, 0x0021, 0x0021,
        0x0021, 0x0021, 0x0021, 0x2824, 0x2824, 0xE176, 0x0000, 0xE176, 0x0000, 0xE176, 0x0000, 0x2824, 0x2824, 0x0021, 0x0021, 0x0021,
        0x0021, 0x0021, 0x0021, 0x0021, 0x2824, 0x2824, 0x2824, 0x2824, 0x2824, 0x2824, 0x2824, 0x2824, 0x0021, 0x0021, 0x0021, 0x0021,
    },
    {
        0x0021, 0x0021, 0x0021, 0x2824, 0x2824, 0x2824, 0x2824, 0x2824, 0x2824, 0x2824, 0x2824, 0x2824, 0x2824, 0x0021, 0x0021, 0x0021,
        0x0021, 0x2824, 0x2824, 0x2824, 0xFCDC, 0xFCDC, 0xFCDC, 0xFCDC, 0xFCDC, 0xFCDC, 0xFCDC, 0xFCDC, 0x2824, 0x2824, 0x2824, 0x0021,
        0x2824, 0x2824, 0xFCDC, 0xFCDC, 0xE175, 0xE175, 0xE175, 0xE175, 0xE175, 0xE175, 0xE175, 0xE175, 0xFCDC, 0xFCDC, 0x2824, 0x2824,
        0x2824, 0xFCDC, 0xE175, 0xE175, 0xE175, 0xE175, 0xE175, 0xE175, 0xE175, 0xE175, 0xE175, 0xE175, 0xE175, 0xE175, 0xFCDC, 0x2824,
        0x2824, 0xE175, 0xE175, 0xE175, 0xE175, 0xE175, 0xE175, 0xE175, 0xE175, 0xE175, 0xE175, 0xE175, 0xE175, 0xE175, 0xE175, 0x2824,
        0x2824, 0xE175, 0xE175, 0x0000, 0x0000, 0x0000, 0xE175, 0xE175, 0xE175, 0xE175, 0x0000, 0x0000, 0x0000, 0xE175, 0xE175, 0x2824,
        0x2824, 0xE175, 0xE175, 0x0000, 0x0000, 0x0000, 0xE175, 0xE175, 0xE175, 0xE175, 0x0000, 0x0000, 0x0000, 0xE175, 0xE175, 0x2824,
        0x2824, 0xE175, 0xE175, 0xE175, 0x0000, 0x0000, 0xE175, 0xE175, 0xE175, 0xE175, 0x0000, 0x0000, 0xE175, 0xE175, 0xE175, 0x2824,
        0x2824, 0xE175, 0xE175, 0xE175, 0xE175, 0xE175, 0xE175, 0xE175, 0xE175, 0xE175, 0xE175, 0xE175, 0xE175, 0xE175, 0xE175, 0x2824,
        0x2824, 0x2824, 0xE175, 0xE175, 0xE175, 0xE175, 0xE175, 0x0000, 0x0000, 0xE175, 0xE175, 0xE175, 0xE175, 0xE175, 0x2824, 0x2824,
        0x0021, 0x2824, 0xE175, 0xE175, 0xE175, 0xE175, 0xE175, 0x0000, 0x0000, 0xE175, 0xE175, 0xE175, 0xE175, 0xE175, 0x2824, 0x0021,
        0x0021, 0x2824, 0x2824, 0xE175, 0xE175, 0xE175, 0xE175, 0xE175, 0xE175, 0xE175, 0xE175, 0xE175, 0xE175, 0x2824, 0x2824, 0x0021,
        0x0021, 0x0021, 0x2824, 0x2824, 0xE175, 0x0000, 0x0000, 0x0000, 0x0000, 0x0000, 0x0000, 0xE175, 0x2824, 0x2824, 0x0021, 0x0021,
        0x0021, 0x0021, 0x0021, 0x2824, 0xE175, 0x0000, 0xE175, 0x0000, 0xE175, 0x0000, 0xE175, 0xE175, 0x2824, 0x0021, 0x0021, 0x0021,
        0x0021, 0x0021, 0x0021, 0x2824, 0x2824, 0xE175, 0x0000, 0xE175, 0x0000, 0xE175, 0x0000, 0x2824, 0x2824, 0x0021, 0x0021, 0x0021,
        0x0021, 0x0021, 0x0021, 0x0021, 0x2824, 0x2824, 0x2824, 0x2824, 0x2824, 0x2824, 0x2824, 0x2824, 0x0021, 0x0021, 0x0021, 0x0021,
    },
    {
        0x0021, 0x0021, 0x0021, 0x2823, 0x2823, 0x2823, 0x2823, 0x2823, 0x2823, 0x2823, 0x2823, 0x2823, 0x2823, 0x0021, 0x0021, 0x0021,
        0x0021, 0x2823, 0x2823, 0x2823, 0xFCDB, 0xFCDB, 0xFCDB, 0xFCDB, 0xFCDB, 0xFCDB, 0xFCDB, 0xFCDB, 0x2823, 0x2823, 0x2823, 0x0021,
        0x2823, 0x2823, 0xFCDB, 0xFCDB, 0xE174, 0xE174, 0xE174, 0xE174, 0xE174, 0xE174, 0xE174, 0xE174, 0xFCDB, 0xFCDB, 0x2823, 0x2823,
        0x2823, 0xFCDB, 0xE174, 0xE174, 0xE174, 0xE174, 0xE174, 0xE174, 0xE174, 0xE174, 0xE174, 0xE174, 0xE174, 0xE174, 0xFCDB, 0x2823,
        0x2823, 0xE174, 0xE174, 0xE174, 0xE174, 0xE174, 0xE174, 0xE174, 0xE174, 0xE174, 0xE174, 0xE174, 0xE174, 0xE174, 0xE174, 0x2823,
        0x2823, 0xE174, 0xE174, 0x0000, 0x0000, 0x0000, 0xE174, 0xE174, 0xE174, 0xE174, 0x0000, 0x0000, 0x0000, 0xE174, 0xE174, 0x2823,
        0x2823, 0xE174, 0xE174, 0x0000, 0x0000, 0x0000, 0xE174, 0xE174, 0xE174, 0xE174, 0x0000, 0x0000, 0x0000, 0xE174, 0xE174, 0x2823,
        0x2823, 0xE174, 0xE174, 0xE174, 0x0000, 0x0000, 0xE174, 0xE174, 0xE174, 0xE174, 0x0000, 0x0000, 0xE174, 0xE174, 0xE174, 0x2823,
        0x2823, 0xE174, 0xE174, 0xE174, 0xE174, 0xE174, 0xE174, 0xE174, 0xE174, 0xE174, 0xE174, 0xE174, 0xE174, 0xE174, 0xE174, 0x2823,
        0x2823, 0x2823, 0xE174, 0xE174, 0xE174, 0xE174, 0xE174, 0x0000, 0x0000, 0xE174, 0xE174, 0xE174, 0xE174, 0xE174, 0x2823, 0x2823,
        0x0021, 0x2823, 0xE174, 0xE174, 0xE174, 0xE174, 0xE174, 0x0000, 0x0000, 0xE174, 0xE174, 0xE174, 0xE174, 0xE174, 0x2823, 0x0021,
        0x0021, 0x2823, 0x2823, 0xE174, 0xE174, 0xE174, 0xE174, 0xE174, 0xE174, 0xE174, 0xE174, 0xE174, 0xE174, 0x2823, 0x2823, 0x0021,
        0x0021, 0x0021, 0x2823, 0x2823, 0xE174, 0x0000, 0x0000, 0x0000, 0x0000, 0x0000, 0x0000, 0xE174, 0x2823, 0x2823, 0x0021, 0x0021,
        0x0021, 0x0021, 0x0021, 0x2823, 0xE174, 0x0000, 0xE174, 0x0000, 0xE174, 0x0000, 0xE174, 0xE174, 0x2823, 0x0021, 0x0021, 0x0021,
        0x0021, 0x0021, 0x0021, 0x2823, 0x2823, 0xE174, 0x0000, 0xE174, 0x0000, 0xE174, 0x0000, 0x2823, 0x2823, 0x0021, 0x0021, 0x0021,
        0x0021, 0x0021, 0x0021, 0x0021, 0x2823, 0x2823, 0x2823, 0x2823, 0x2823, 0x2823, 0x2823, 0x2823, 0x0021, 0x0021, 0x0021, 0x0021,
    },
    {
        0x0021, 0x0021, 0x0021, 0x2823, 0x2823, 0x2823, 0x2823, 0x2823, 0x2823, 0x2823, 0x2823, 0x2823, 0x2823, 0x0021, 0x0021, 0x0021,
        0x0021, 0x2823, 0x2823, 0x2823, 0xFCDB, 0xFCDB, 0xFCDB, 0xFCDB, 0xFCDB, 0xFCDB, 0xFCDB, 0xFCDB, 0x2823, 0x2823, 0x2823, 0x0021,
        0x2823, 0x2823, 0xFCDB, 0xFCDB, 0xE173, 0xE173, 0xE173, 0xE173, 0xE173, 0xE173, 0xE173, 0xE173, 0xFCDB, 0xFCDB, 0x2823, 0x2823,
        0x2823, 0xFCDB, 0xE173, 0xE173, 0xE173, 0xE173, 0xE173, 0xE173, 0xE173, 0xE173, 0xE173, 0xE173, 0xE173, 0xE173, 0xFCDB, 0x2823,
        0x2823, 0xE173, 0xE173, 0xE173, 0xE173, 0xE173, 0xE173, 0xE173, 0xE173, 0xE173, 0xE173, 0xE173, 0xE173, 0xE173, 0xE173, 0x2823,
        0x2823, 0xE173, 0xE173, 0x0000, 0x0000, 0x0000, 0xE173, 0xE173, 0xE173, 0xE173, 0x0000, 0x0000, 0x0000, 0xE173, 0xE173, 0x2823,
        0x2823, 0xE173, 0xE173, 0x0000, 0x0000, 0x0000, 0xE173, 0xE173, 0xE173, 0xE173, 0x0000, 0x0000, 0x0000, 0xE173, 0xE173, 0x2823,
        0x2823, 0xE173, 0xE173, 0xE173, 0x0000, 0x0000, 0xE173, 0xE173, 0xE173, 0xE173, 0x0000, 0x0000, 0xE173, 0xE173, 0xE173, 0x2823,
        0x2823, 0xE173, 0xE173, 0xE173, 0xE173, 0xE173, 0xE173, 0xE173, 0xE173, 0xE173, 0xE173, 0xE173, 0xE173, 0xE173, 0xE173, 0x2823,
        0x2823, 0x2823, 0xE173, 0xE173, 0xE173, 0xE173, 0xE173, 0x0000, 0x0000, 0xE173, 0xE173, 0xE173, 0xE173, 0xE173, 0x2823, 0x2823,
        0x0021, 0x2823, 0xE173, 0xE173, 0xE173, 0xE173, 0xE173, 0x0000, 0x0000, 0xE173, 0xE173, 0xE173, 0xE173, 0xE173, 0x2823, 0x0021,
        0x0021, 0x2823, 0x2823, 0xE173, 0xE173, 0xE173, 0xE173, 0xE173, 0xE173, 0xE173, 0xE173, 0xE173, 0xE173, 0x2823, 0x2823, 0x0021,
        0x0021, 0x0021, 0x2823, 0x2823, 0xE173, 0x0000, 0x0000, 0x0000, 0x0000, 0x0000, 0x0000, 0xE173, 0x2823, 0x2823, 0x0021, 0x0021,
        0x0021, 0x0021, 0x0021, 0x2823, 0xE173, 0x0000, 0xE173, 0x0000, 0xE173, 0x0000, 0xE173, 0xE173, 0x2823, 0x0021, 0x0021, 0x0021,
        0x0021, 0x0021, 0x0021, 0x2823, 0x2823, 0xE173, 0x0000, 0xE173, 0x0000, 0xE173, 0x0000, 0x2823, 0x2823, 0x0021, 0x0021, 0x0021,
        0x0021, 0x0021, 0x0021, 0x0021, 0x2823, 0x2823, 0x2823, 0x2823, 0x2823, 0x2823, 0x2823, 0x2823, 0x0021, 0x0021, 0x0021, 0x0021,
    },
    {
        0x0021, 0x0021, 0x0021, 0x2823, 0x2823, 0x2823, 0x2823, 0x2823, 0x2823, 0x2823, 0x2823, 0x2823, 0x2823, 0x0021, 0x0021, 0x0021,
        0x0021, 0x2823, 0x2823, 0x2823, 0xFCDA, 0xFCDA, 0xFCDA, 0xFCDA, 0xFCDA, 0xFCDA, 0xFCDA, 0xFCDA, 0x2823, 0x2823, 0x2823, 0x0021,
        0x2823, 0x2823, 0xFCDA, 0xFCDA, 0xE172, 0xE172, 0xE172, 0xE172, 0xE172, 0xE172, 0xE172, 0xE172, 0xFCDA, 0xFCDA, 0x2823, 0x2823,
        0x2823, 0xFCDA, 0xE172, 0xE172, 0xE172, 0xE172, 0xE172, 0xE172, 0xE172, 0xE172, 0xE172, 0xE172, 0xE172, 0xE172, 0xFCDA, 0x2823,
        0x2823, 0xE172, 0xE172, 0xE172, 0xE172, 0xE172, 0xE172, 0xE172, 0xE172, 0xE172, 0xE172, 0xE172, 0xE172, 0xE172, 0xE172, 0x2823,
        0x2823, 0xE172, 0xE172, 0x0000, 0x0000, 0x0000, 0xE172, 0xE172, 0xE172, 0xE172, 0x0000, 0x0000, 0x0000, 0xE172, 0xE172, 0x2823,
        0x2823, 0xE172, 0xE172, 0x0000, 0x0000, 0x0000, 0xE172, 0xE172, 0xE172, 0xE172, 0x0000, 0x0000, 0x0000, 0xE172, 0xE172, 0x2823,
        0x2823, 0xE172, 0xE172, 0xE172, 0x0000, 0x0000, 0xE172, 0xE172, 0xE172, 0xE172, 0x0000, 0x0000, 0xE172, 0xE172, 0xE172, 0x2823,
        0x2823, 0xE172, 0xE172, 0xE172, 0xE172, 0xE172, 0xE172, 0xE172, 0xE172, 0xE172, 0xE172, 0xE172, 0xE172, 0xE172, 0xE172, 0x2823,
        0x2823, 0x2823, 0xE172, 0xE172, 0xE172, 0xE172, 0xE172, 0x0000, 0x0000, 0xE172, 0xE172, 0xE172, 0xE172, 0xE172, 0x2823, 0x2823,
        0x0021, 0x2823, 0xE172, 0xE172, 0xE172, 0xE172, 0xE172, 0x0000, 0x0000, 0xE172, 0xE172, 0xE172, 0xE172, 0xE172, 0x2823, 0x0021,
        0x0021, 0x2823, 0x2823, 0xE172, 0xE172, 0xE172, 0xE172, 0xE172, 0xE172, 0xE172, 0xE172, 0xE172, 0xE172, 0x2823, 0x2823, 0x0021,
        0x0021, 0x0021, 0x2823, 0x2823, 0xE172, 0x0000, 0x0000, 0x0000, 0x0000, 0x0000, 0x0000, 0xE172, 0x2823, 0x2823, 0x0021, 0x0021,
        0x0021, 0x0021, 0x0021, 0x2823, 0xE172, 0x0000, 0xE172, 0x0000, 0xE172, 0x0000, 0xE172, 0xE172, 0x2823, 0x0021, 0x0021, 0x0021,
        0x0021, 0x0021, 0x0021, 0x2823, 0x2823, 0xE172, 0x0000, 0xE172, 0x0000, 0xE172, 0x0000, 0x2823, 0x2823, 0x0021, 0x0021, 0x0021,
        0x0021, 0x0021, 0x0021, 0x0021, 0x2823, 0x2823, 0x2823, 0x2823, 0x2823, 0x2823, 0x2823, 0x2823, 0x0021, 0x0021, 0x0021, 0x0021,
    },
    {
        0x0021, 0x0021, 0x0021, 0x2823, 0x2823, 0x2823, 0x2823, 0x2823, 0x2823, 0x2823, 0x2823, 0x2823, 0x2823, 0x0021, 0x0021, 0x0021,
        0x0021, 0x2823, 0x2823, 0x2823, 0xFCD9, 0xFCD9, 0xFCD9, 0xFCD9, 0xFCD9, 0xFCD9, 0xFCD9, 0xFCD9, 0x2823, 0x2823, 0x2823, 0x0021,
        0x2823, 0x2823, 0xFCD9, 0xFCD9, 0xE171, 0xE171, 0xE171, 0xE171, 0xE171, 0xE171, 0xE171, 0xE171, 0xFCD9, 0xFCD9, 0x2823, 0x2823,
        0x2823, 0xFCD9, 0xE171, 0xE171, 0xE171, 0xE171, 0xE171, 0xE171, 0xE171, 0xE171, 0xE171, 0xE171, 0xE171, 0xE171, 0xFCD9, 0x2823,
        0x2823, 0xE171, 0xE171, 0xE171, 0xE171, 0xE171, 0xE171, 0xE171, 0xE171, 0xE171, 0xE171, 0xE171, 0xE171, 0xE171, 0xE171, 0x2823,
        0x2823, 0xE171, 0xE171, 0x0000, 0x0000, 0x0000, 0xE171, 0xE171, 0xE171, 0xE171, 0x0000, 0x0000, 0x0000, 0xE171, 0xE171, 0x2823,
        0x2823, 0xE171, 0xE171, 0x0000, 0x0000, 0x0000, 0xE171, 0xE171, 0xE171, 0xE171, 0x0000, 0x0000, 0x0000, 0xE171, 0xE171, 0x2823,
        0x2823, 0xE171, 0xE171, 0xE171, 0x0000, 0x0000, 0xE171, 0xE171, 0xE171, 0xE171, 0x0000, 0x0000, 0xE171, 0xE171, 0xE171, 0x2823,
        0x2823, 0xE171, 0xE171, 0xE171, 0xE171, 0xE171, 0xE171, 0xE171, 0xE171, 0xE171, 0xE171, 0xE171, 0xE171, 0xE171, 0xE171, 0x2823,
        0x2823, 0x2823, 0xE171, 0xE171, 0xE171, 0xE171, 0xE171, 0x0000, 0x0000, 0xE171, 0xE171, 0xE171, 0xE171, 0xE171, 0x2823, 0x2823,
        0x0021, 0x2823, 0xE171, 0xE171, 0xE171, 0xE171, 0xE171, 0x0000, 0x0000, 0xE171, 0xE171, 0xE171, 0xE171, 0xE171, 0x2823, 0x0021,
        0x0021, 0x2823, 0x2823, 0xE171, 0xE171, 0xE171, 0xE171, 0xE171, 0xE171, 0xE171, 0xE171, 0xE171, 0xE171, 0x2823, 0x2823, 0x0021,
        0x0021, 0x0021, 0x2823, 0x2823, 0xE171, 0x0000, 0x0000, 0x0000, 0x0000, 0x0000, 0x0000, 0xE171, 0x2823, 0x2823, 0x0021, 0x0021,
        0x0021, 0x0021, 0x0021, 0x2823, 0xE171, 0x0000, 0xE171, 0x0000, 0xE171, 0x0000, 0xE171, 0xE171, 0x2823, 0x0021, 0x0021, 0x0021,
        0x0021, 0x0021, 0x0021, 0x2823, 0x2823, 0xE171, 0x0000, 0xE171, 0x0000, 0xE171, 0x0000, 0x2823, 0x2823, 0x0021, 0x0021, 0x0021,
        0x0021, 0x0021, 0x0021, 0x0021, 0x2823, 0x2823, 0x2823, 0x2823, 0x2823, 0x2823, 0x2823, 0x2823, 0x0021, 0x0021, 0x0021, 0x0021,
    },
    {
        0x0021, 0x0021, 0x0021, 0x2822, 0x2822, 0x2822, 0x2822, 0x2822, 0x2822, 0x2822, 0x2822, 0x2822, 0x2822, 0x0021, 0x0021, 0x0021,
        0x0021, 0x2822, 0x2822, 0x2822, 0xFCD9, 0xFCD9, 0xFCD9, 0xFCD9, 0xFCD9, 0xFCD9, 0xFCD9, 0xFCD9, 0x2822, 0x2822, 0x2822, 0x0021,
        0x2822, 0x2822, 0xFCD9, 0xFCD9, 0xE170, 0xE170, 0xE170, 0xE170, 0xE170, 0xE170, 0xE170, 0xE170, 0xFCD9, 0xFCD9, 0x2822, 0x2822,
        0x2822, 0xFCD9, 0xE170, 0xE170, 0xE170, 0xE170, 0xE170, 0xE170, 0xE170, 0xE170, 0xE170, 0xE170, 0xE170, 0xE170, 0xFCD9, 0x2822,
        0x2822, 0xE170, 0xE170, 0xE170, 0xE170, 0xE170, 0xE170, 0xE170, 0xE170, 0xE170, 0xE170, 0xE170, 0xE170, 0xE170, 0xE170, 0x2822,
        0x2822, 0xE170, 0xE170, 0x0000, 0x0000, 0x0000, 0xE170, 0xE170, 0xE170, 0xE170, 0x0000, 0x0000, 0x0000, 0xE170, 0xE170, 0x2822,
        0x2822, 0xE170, 0xE170, 0x0000, 0x0000, 0x0000, 0xE170, 0xE170, 0xE170, 0xE170, 0x0000, 0x0000, 0x0000, 0xE170, 0xE170, 0x2822,
        0x2822, 0xE170, 0xE170, 0xE170, 0x0000, 0x0000, 0xE170, 0xE170, 0xE170, 0xE170, 0x0000, 0x0000, 0xE170, 0xE170, 0xE170, 0x2822,
        0x2822, 0xE170, 0xE170, 0xE170, 0xE170, 0xE170, 0xE170, 0xE170, 0xE170, 0xE170, 0xE170, 0xE170, 0xE170, 0xE170, 0xE170, 0x2822,
        0x2822, 0x2822, 0xE170, 0xE170, 0xE170, 0xE170, 0xE170, 0x0000, 0x0000, 0xE170, 0xE170, 0xE170, 0xE170, 0xE170, 0x2822, 0x2822,
        0x0021, 0x2822, 0xE170, 0xE170, 0xE170, 0xE170, 0xE170, 0x0000, 0x0000, 0xE170, 0xE170, 0xE170, 0xE170, 0xE170, 0x2822, 0x0021,
        0x0021, 0x2822, 0x2822, 0xE170, 0xE170, 0xE170, 0xE170, 0xE170, 0xE170, 0xE170, 0xE170, 0xE170, 0xE170, 0x2822, 0x2822, 0x0021,
        0x0021, 0x0021, 0x2822, 0x2822, 0xE170, 0x0000, 0x0000, 0x0000, 0x0000, 0x0000, 0x0000, 0xE170, 0x2822, 0x2822, 0x0021, 0x0021,
        0x0021, 0x0021, 0x0021, 0x2822, 0xE170, 0x0000, 0xE170, 0x0000, 0xE170, 0x0000, 0xE170, 0xE170, 0x2822, 0x0021, 0x0021, 0x0021,
        0x0021, 0x0021, 0x0021, 0x2822, 0x2822, 0xE170, 0x0000, 0xE170, 0x0000, 0xE170, 0x0000, 0x2822, 0x2822, 0x0021, 0x0021, 0x0021,
        0x0021, 0x0021, 0x0021, 0x0021, 0x2822, 0x2822, 0x2822, 0x2822, 0x2822, 0x2822, 0x2822, 0x2822, 0x0021, 0x0021, 0x0021, 0x0021,
    },
    {
        0x0021, 0x0021, 0x0021, 0x2822, 0x2822, 0x2822, 0x2822, 0x2822, 0x2822, 0x2822, 0x2822, 0x2822, 0x2822, 0x0021, 0x0021, 0x0021,
        0x0021, 0x2822, 0x2822, 0x2822, 0xFCD8, 0xFCD8, 0xFCD8, 0xFCD8, 0xFCD8, 0xFCD8, 0xFCD8, 0xFCD8, 0x2822, 0x2822, 0x2822, 0x0021,
        0x2822, 0x2822, 0xFCD8, 0xFCD8, 0xE16F, 0xE16F, 0xE16F, 0xE16F, 0xE16F, 0xE16F, 0xE16F, 0xE16F, 0xFCD8, 0xFCD8, 0x2822, 0x2822,
        0x2822, 0xFCD8, 0xE16F, 0xE16F, 0xE16F, 0xE16F, 0xE16F, 0xE16F, 0xE16F, 0xE16F, 0xE16F, 0xE16F, 0xE16F, 0xE16F, 0xFCD8, 0x2822,
        0x2822, 0xE16F, 0xE16F, 0xE16F, 0xE16F, 0xE16F, 0xE16F, 0xE16F, 0xE16F, 0xE16F, 0xE16F, 0xE16F, 0xE16F, 0xE16F, 0xE16F, 0x2822,
        0x2822, 0xE16F, 0xE16F, 0x0000, 0x0000, 0x0000, 0xE16F, 0xE16F, 0xE16F, 0xE16F, 0x0000, 0x0000, 0x0000, 0xE16F, 0xE16F, 0x2822,
        0x2822, 0xE16F, 0xE16F, 0x0000, 0x0000, 0x0000, 0xE16F, 0xE16F, 0xE16F, 0xE16F, 0x0000, 0x0000, 0x0000, 0xE16F, 0xE16F, 0x2822,
        0x2822, 0xE16F, 0xE16F, 0xE16F, 0x0000, 0x0000, 0xE16F, 0xE16F, 0xE16F, 0xE16F, 0x0000, 0x0000, 0xE16F, 0xE16F, 0xE16F, 0x2822,
        0x2822, 0xE16F, 0xE16F, 0xE16F, 0xE16F, 0xE16F, 0xE16F, 0xE16F, 0xE16F, 0xE16F, 0xE16F, 0xE16F, 0xE16F, 0xE16F, 0xE16F, 0x2822,
        0x2822, 0x2822, 0xE16F, 0xE16F, 0xE16F, 0xE16F, 0xE16F, 0x0000, 0x0000, 0xE16F, 0xE16F, 0xE16F, 0xE16F, 0xE16F, 0x2822, 0x2822,
        0x0021, 0x2822, 0xE16F, 0xE16F, 0xE16F, 0xE16F, 0xE16F, 0x0000, 0x0000, 0xE16F, 0xE16F, 0xE16F, 0xE16F, 0xE16F, 0x2822, 0x0021,
        0x0021, 0x2822, 0x2822, 0xE16F, 0xE16F, 0xE16F, 0xE16F, 0xE16F, 0xE16F, 0xE16F, 0xE16F, 0xE16F, 0xE16F, 0x2822, 0x2822, 0x0021,
        0x0021, 0x0021, 0x2822, 0x2822, 0xE16F, 0x0000, 0x0000, 0x0000, 0x0000, 0x0000, 0x0000, 0xE16F, 0x2822, 0x2822, 0x0021, 0x0021,
        0x0021, 0x0021, 0x0021, 0x2822, 0xE16F, 0x0000, 0xE16F, 0x0000, 0xE16F, 0x0000, 0xE16F, 0xE16F, 0x2822, 0x0021, 0x0021, 0x0021,
        0x0021, 0x0021, 0x0021, 0x2822, 0x2822, 0xE16F, 0x0000, 0xE16F, 0x0000, 0xE16F, 0x0000, 0x2822, 0x2822, 0x0021, 0x0021, 0x0021,
        0x0021, 0x0021, 0x0021, 0x0021, 0x2822, 0x2822, 0x2822, 0x2822, 0x2822, 0x2822, 0x2822, 0x2822, 0x0021, 0x0021, 0x0021, 0x0021,
    },
    {
        0x0021, 0x0021, 0x0021, 0x2822, 0x2822, 0x2822, 0x2822, 0x2822, 0x2822, 0x2822, 0x2822, 0x2822, 0x2822, 0x0021, 0x0021, 0x0021,
        0x0021, 0x2822, 0x2822, 0x2822, 0xFCD8, 0xFCD8, 0xFCD8, 0xFCD8, 0xFCD8, 0xFCD8, 0xFCD8, 0xFCD8, 0x2822, 0x2822, 0x2822, 0x0021,
        0x2822, 0x2822, 0xFCD8, 0xFCD8, 0xE16E, 0xE16E, 0xE16E, 0xE16E, 0xE16E, 0xE16E, 0xE16E, 0xE16E, 0xFCD8, 0xFCD8, 0x2822, 0x2822,
        0x2822, 0xFCD8, 0xE16E, 0xE16E, 0xE16E, 0xE16E, 0xE16E, 0xE16E, 0xE16E, 0xE16E, 0xE16E, 0xE16E, 0xE16E, 0xE16E, 0xFCD8, 0x2822,
        0x2822, 0xE16E, 0xE16E, 0xE16E, 0xE16E, 0xE16E, 0xE16E, 0xE16E, 0xE16E, 0xE16E, 0xE16E, 0xE16E, 0xE16E, 0xE16E, 0xE16E, 0x2822,
        0x2822, 0xE16E, 0xE16E, 0x0000, 0x0000, 0x0000, 0xE16E, 0xE16E, 0xE16E, 0xE16E, 0x0000, 0x0000, 0x0000, 0xE16E, 0xE16E, 0x2822,
        0x2822, 0xE16E, 0xE16E, 0x0000, 0x0000, 0x0000, 0xE16E, 0xE16E, 0xE16E, 0xE16E, 0x0000, 0x0000, 0x0000, 0xE16E, 0xE16E, 0x2822,
        0x2822, 0xE16E, 0xE16E, 0xE16E, 0x0000, 0x0000, 0xE16E, 0xE16E, 0xE16E, 0xE16E, 0x0000, 0x0000, 0xE16E, 0xE16E, 0xE16E, 0x2822,
        0x2822, 0xE16E, 0xE16E, 0xE16E, 0xE16E, 0xE16E, 0xE16E, 0xE16E, 0xE16E, 0xE16E, 0xE16E, 0xE16E, 0xE16E, 0xE16E, 0xE16E, 0x2822,
        0x2822, 0x2822, 0xE16E, 0xE16E, 0xE16E, 0xE16E, 0xE16E, 0x0000, 0x0000, 0xE16E, 0xE16E, 0xE16E, 0xE16E, 0xE16E, 0x2822, 0x2822,
        0x0021, 0x2822, 0xE16E, 0xE16E, 0xE16E, 0xE16E, 0xE16E, 0x0000, 0x0000, 0xE16E, 0xE16E, 0xE16E, 0xE16E, 0xE16E, 0x2822, 0x0021,
        0x0021, 0x2822, 0x2822, 0xE16E, 0xE16E, 0xE16E, 0xE16E, 0xE16E, 0xE16E, 0xE16E, 0xE16E, 0xE16E, 0xE16E, 0x2822, 0x2822, 0x0021,
        0x0021, 0x0021, 0x2822, 0x2822, 0xE16E, 0x0000, 0x0000, 0x0000, 0x0000, 0x0000, 0x0000, 0xE16E, 0x2822, 0x2822, 0x0021, 0x0021,
        0x0021, 0x0021, 0x0021, 0x2822, 0xE16E, 0x0000, 0xE16E, 0x0000, 0xE16E, 0x0000, 0xE16E, 0xE16E, 0x2822, 0x0021, 0x0021, 0x0021,
        0x0021, 0x0021, 0x0021, 0x2822, 0x2822, 0xE16E, 0x0000, 0xE16E, 0x0000, 0xE16E, 0x0000, 0x2822, 0x2822, 0x0021, 0x0021, 0x0021,
        0x0021, 0x0021, 0x0021, 0x0021, 0x2822, 0x2822, 0x2822, 0x2822, 0x2822, 0x2822, 0x2822, 0x2822, 0x0021, 0x0021, 0x0021, 0x0021,
    },
    {
        0x0021, 0x0021, 0x0021, 0x2822, 0x2822, 0x2822, 0x2822, 0x2822, 0x2822, 0x2822, 0x2822, 0x2822, 0x2822, 0x0021, 0x0021, 0x0021,
        0x0021, 0x2822, 0x2822, 0x2822, 0xFCD7, 0xFCD7, 0xFCD7, 0xFCD7, 0xFCD7, 0xFCD7, 0xFCD7, 0xFCD7, 0x2822, 0x2822, 0x2822, 0x0021,
        0x2822, 0x2822, 0xFCD7, 0xFCD7, 0xE16D, 0xE16D, 0xE16D, 0xE16D, 0xE16D, 0xE16D, 0xE16D, 0xE16D, 0xFCD7, 0xFCD7, 0x2822, 0x2822,
        0x2822, 0xFCD7, 0xE16D, 0xE16D, 0xE16D, 0xE16D, 0xE16D, 0xE16D, 0xE16D, 0xE16D, 0xE16D, 0xE16D, 0xE16D, 0xE16D, 0xFCD7, 0x2822,
        0x2822, 0xE16D, 0xE16D, 0xE16D, 0xE16D, 0xE16D, 0xE16D, 0xE16D, 0xE16D, 0xE16D, 0xE16D, 0xE16D, 0xE16D, 0xE16D, 0xE16D, 0x2822,
        0x2822, 0xE16D, 0xE16D, 0x0000, 0x0000, 0x0000, 0xE16D, 0xE16D, 0xE16D, 0xE16D, 0x0000, 0x0000, 0x0000, 0xE16D, 0xE16D, 0x2822,
        0x2822, 0xE16D, 0xE16D, 0x0000, 0x0000, 0x0000, 0xE16D, 0xE16D, 0xE16D, 0xE16D, 0x0000, 0x0000, 0x0000, 0xE16D, 0xE16D, 0x2822,
        0x2822, 0xE16D, 0xE16D, 0xE16D, 0x0000, 0x0000, 0xE16D, 0xE16D, 0xE16D, 0xE16D, 0x0000, 0x0000, 0xE16D, 0xE16D, 0xE16D, 0x2822,
        0x2822, 0xE16D, 0xE16D, 0xE16D, 0xE16D, 0xE16D, 0xE16D, 0xE16D, 0xE16D, 0xE16D, 0xE16D, 0xE16D, 0xE16D, 0xE16D, 0xE16D, 0x2822,
        0x2822, 0x2822, 0xE16D, 0xE16D, 0xE16D, 0xE16D, 0xE16D, 0x0000, 0x0000, 0xE16D, 0xE16D, 0xE16D, 0xE16D, 0xE16D, 0x2822, 0x2822,
        0x0021, 0x2822, 0xE16D, 0xE16D, 0xE16D, 0xE16D, 0xE16D, 0x0000, 0x0000, 0xE16D, 0xE16D, 0xE16D, 0xE16D, 0xE16D, 0x2822, 0x0021,
        0x0021, 0x2822, 0x2822, 0xE16D, 0xE16D, 0xE16D, 0xE16D, 0xE16D, 0xE16D, 0xE16D, 0xE16D, 0xE16D, 0xE16D, 0x2822, 0x2822, 0x0021,
        0x0021, 0x0021, 0x2822, 0x2822, 0xE16D, 0x0000, 0x0000, 0x0000, 0x0000, 0x0000, 0x0000, 0xE16D, 0x2822, 0x2822, 0x0021, 0x0021,
        0x0021, 0x0021, 0x0021, 0x2822, 0xE16D, 0x0000, 0xE16D, 0x0000, 0xE16D, 0x0000, 0xE16D, 0xE16D, 0x2822, 0x0021, 0x0021, 0x0021,
        0x0021, 0x0021, 0x0021, 0x2822, 0x2822, 0xE16D, 0x0000, 0xE16D, 0x0000, 0xE16D, 0x0000, 0x2822, 0x2822, 0x0021, 0x0021, 0x0021,
        0x0021, 0x0021, 0x0021, 0x0021, 0x2822, 0x2822, 0x2822, 0x2822, 0x2822, 0x2822, 0x2822, 0x2822, 0x0021, 0x0021, 0x0021, 0x0021,
    },
    {
        0x0021, 0x0021, 0x0021, 0x2821, 0x2821, 0x2821, 0x2821, 0x2821, 0x2821, 0x2821, 0x2821, 0x2821, 0x2821, 0x0021, 0x0021, 0x0021,
        0x0021, 0x2821, 0x2821, 0x2821, 0xFCD6, 0xFCD6, 0xFCD6, 0xFCD6, 0xFCD6, 0xFCD6, 0xFCD6, 0xFCD6, 0x2821, 0x2821, 0x2821, 0x0021,
        0x2821, 0x2821, 0xFCD6, 0xFCD6, 0xE16C, 0xE16C, 0xE16C, 0xE16C, 0xE16C, 0xE16C, 0xE16C, 0xE16C, 0xFCD6, 0xFCD6, 0x2821, 0x2821,
        0x2821, 0xFCD6, 0xE16C, 0xE16C, 0xE16C, 0xE16C, 0xE16C, 0xE16C, 0xE16C, 0xE16C, 0xE16C, 0xE16C, 0xE16C, 0xE16C, 0xFCD6, 0x2821,
        0x2821, 0xE16C, 0xE16C, 0xE16C, 0xE16C, 0xE16C, 0xE16C, 0xE16C, 0xE16C, 0xE16C, 0xE16C, 0xE16C, 0xE16C, 0xE16C, 0xE16C, 0x2821,
        0x2821, 0xE16C, 0xE16C, 0x0000, 0x0000, 0x0000, 0xE16C, 0xE16C, 0xE16C, 0xE16C, 0x0000, 0x0000, 0x0000, 0xE16C, 0xE16C, 0x2821,
        0x2821, 0xE16C, 0xE16C, 0x0000, 0x0000, 0x0000, 0xE16C, 0xE16C, 0xE16C, 0xE16C, 0x0000, 0x0000, 0x0000, 0xE16C, 0xE16C, 0x2821,
        0x2821, 0xE16C, 0xE16C, 0xE16C, 0x0000, 0x0000, 0xE16C, 0xE16C, 0xE16C, 0xE16C, 0x0000, 0x0000, 0xE16C, 0xE16C, 0xE16C, 0x2821,
        0x2821, 0xE16C, 0xE16C, 0xE16C, 0xE16C, 0xE16C, 0xE16C, 0xE16C, 0xE16C, 0xE16C, 0xE16C, 0xE16C, 0xE16C, 0xE16C, 0xE16C, 0x2821,
        0x2821, 0x2821, 0xE16C, 0xE16C, 0xE16C, 0xE16C, 0xE16C, 0x0000, 0x0000, 0xE16C, 0xE16C, 0xE16C, 0xE16C, 0xE16C, 0x2821, 0x2821,
        0x0021, 0x2821, 0xE16C, 0xE16C, 0xE16C, 0xE16C, 0xE16C, 0x0000, 0x0000, 0xE16C, 0xE16C, 0xE16C, 0xE16C, 0xE16C, 0x2821, 0x0021,
        0x0021, 0x2821, 0x2821, 0xE16C, 0xE16C, 0xE16C, 0xE16C, 0xE16C, 0xE16C, 0xE16C, 0xE16C, 0xE16C, 0xE16C, 0x2821, 0x2821, 0x0021,
        0x0021, 0x0021, 0x2821, 0x2821, 0xE16C, 0x0000, 0x0000, 0x0000, 0x0000, 0x0000, 0x0000, 0xE16C, 0x2821, 0x2821, 0x0021, 0x0021,
        0x0021, 0x0021, 0x0021, 0x2821, 0xE16C, 0x0000, 0xE16C, 0x0000, 0xE16C, 0x0000, 0xE16C, 0xE16C, 0x2821, 0x0021, 0x0021, 0x0021,
        0x0021, 0x0021, 0x0021, 0x2821, 0x2821, 0xE16C, 0x0000, 0xE16C, 0x0000, 0xE16C, 0x0000, 0x2821, 0x2821, 0x0021, 0x0021, 0x0021,
        0x0021, 0x0021, 0x0021, 0x0021, 0x2821, 0x2821, 0x2821, 0x2821, 0x2821, 0x2821, 0x2821, 0x2821, 0x0021, 0x0021, 0x0021, 0x0021,
    },
    {
        0x0021, 0x0021, 0x0021, 0x2821, 0x2821, 0x2821, 0x2821, 0x2821, 0x2821, 0x2821, 0x2821, 0x2821, 0x2821, 0x0021, 0x0021, 0x0021,
        0x0021, 0x2821, 0x2821, 0x2821, 0xFCD6, 0xFCD6, 0xFCD6, 0xFCD6, 0xFCD6, 0xFCD6, 0xFCD6, 0xFCD6, 0x2821, 0x2821, 0x2821, 0x0021,
        0x2821, 0x2821, 0xFCD6, 0xFCD6, 0xE16A, 0xE16A, 0xE16A, 0xE16A, 0xE16A, 0xE16A, 0xE16A, 0xE16A, 0xFCD6, 0xFCD6, 0x2821, 0x2821,
        0x2821, 0xFCD6, 0xE16A, 0xE16A, 0xE16A, 0xE16A, 0xE16A, 0xE16A, 0xE16A, 0xE16A, 0xE16A, 0xE16A, 0xE16A, 0xE16A, 0xFCD6, 0x2821,
        0x2821, 0xE16A, 0xE16A, 0xE16A, 0xE16A, 0xE16A, 0xE16A, 0xE16A, 0xE16A, 0xE16A, 0xE16A, 0xE16A, 0xE16A, 0xE16A, 0xE16A, 0x2821,
        0x2821, 0xE16A, 0xE16A, 0x0000, 0x0000, 0x0000, 0xE16A, 0xE16A, 0xE16A, 0xE16A, 0x0000, 0x0000, 0x0000, 0xE16A, 0xE16A, 0x2821,
        0x2821, 0xE16A, 0xE16A, 0x0000, 0x0000, 0x0000, 0xE16A, 0xE16A, 0xE16A, 0xE16A, 0x0000, 0x0000, 0x0000, 0xE16A, 0xE16A, 0x2821,
        0x2821, 0xE16A, 0xE16A, 0xE16A, 0x0000, 0x0000, 0xE16A, 0xE16A, 0xE16A, 0xE16A, 0x0000, 0x0000, 0xE16A, 0xE16A, 0xE16A, 0x2821,
        0x2821, 0xE16A, 0xE16A, 0xE16A, 0xE16A, 0xE16A, 0xE16A, 0xE16A, 0xE16A, 0xE16A, 0xE16A, 0xE16A, 0xE16A, 0xE16A, 0xE16A, 0x2821,
        0x2821, 0x2821, 0xE16A, 0xE16A, 0xE16A, 0xE16A, 0xE16A, 0x0000, 0x0000, 0xE16A, 0xE16A, 0xE16A, 0xE16A, 0xE16A, 0x2821, 0x2821,
        0x0021, 0x2821, 0xE16A, 0xE16A, 0xE16A, 0xE16A, 0xE16A, 0x0000, 0x0000, 0xE16A, 0xE16A, 0xE16A, 0xE16A, 0xE16A, 0x2821, 0x0021,
        0x0021, 0x2821, 0x2821, 0xE16A, 0xE16A, 0xE16A, 0xE16A, 0xE16A, 0xE16A, 0xE16A, 0xE16A, 0xE16A, 0xE16A, 0x2821, 0x2821, 0x0021,
        0x0021, 0x0021, 0x2821, 0x2821, 0xE16A, 0x0000, 0x0000, 0x0000, 0x0000, 0x0000, 0x0000, 0xE16A, 0x2821, 0x2821, 0x0021, 0x0021,
        0x0021, 0x0021, 0x0021, 0x2821, 0xE16A, 0x0000, 0xE16A, 0x0000, 0xE16A, 0x0000, 0xE16A, 0xE16A, 0x2821, 0x0021, 0x0021, 0x0021,
        0x0021, 0x0021, 0x0021, 0x2821, 0x2821, 0xE16A, 0x0000, 0xE16A, 0x0000, 0xE16A, 0x0000, 0x2821, 0x2821, 0x0021, 0x0021, 0x0021,
        0x0021, 0x0021, 0x0021, 0x0021, 0x2821, 0x2821, 0x2821, 0x2821, 0x2821, 0x2821, 0x2821, 0x2821, 0x0021, 0x0021, 0x0021, 0x0021,
    },
    {
        0x0021, 0x0021, 0x0021, 0x2821, 0x2821, 0x2821, 0x2821, 0x2821, 0x2821, 0x2821, 0x2821, 0x2821, 0x2821, 0x0021, 0x0021, 0x0021,
        0x0021, 0x2821, 0x2821, 0x2821, 0xFCD5, 0xFCD5, 0xFCD5, 0xFCD5, 0xFCD5, 0xFCD5, 0xFCD5, 0xFCD5, 0x2821, 0x2821, 0x2821, 0x0021,
        0x2821, 0x2821, 0xFCD5, 0xFCD5, 0xE169, 0xE169, 0xE169, 0xE169, 0xE169, 0xE169, 0xE169, 0xE169, 0xFCD5, 0xFCD5, 0x2821, 0x2821,
        0x2821, 0xFCD5, 0xE169, 0xE169, 0xE169, 0xE169, 0xE169, 0xE169, 0xE169, 0xE169, 0xE169, 0xE169, 0xE169, 0xE169, 0xFCD5, 0x2821,
        0x2821, 0xE169, 0xE169, 0xE169, 0xE169, 0xE169, 0xE169, 0xE169, 0xE169, 0xE169, 0xE169, 0xE169, 0xE169, 0xE169, 0xE169, 0x2821,
        0x2821, 0xE169, 0xE169, 0x0000, 0x0000, 0x0000, 0xE169, 0xE169, 0xE169, 0xE169, 0x0000, 0x0000, 0x0000, 0xE169, 0xE169, 0x2821,
        0x2821, 0xE169, 0xE169, 0x0000, 0x0000, 0x0000, 0xE169, 0xE169, 0xE169, 0xE169, 0x0000, 0x0000, 0x0000, 0xE169, 0xE169, 0x2821,
        0x2821, 0xE169, 0xE169, 0xE169, 0x0000, 0x0000, 0xE169, 0xE169, 0xE169, 0xE169, 0x0000, 0x0000, 0xE169, 0xE169, 0xE169, 0x2821,
        0x2821, 0xE169, 0xE169, 0xE169, 0xE169, 0xE169, 0xE169, 0xE169, 0xE169, 0xE169, 0xE169, 0xE169, 0xE169, 0xE169, 0xE169, 0x2821,
        0x2821, 0x2821, 0xE169, 0xE169, 0xE169, 0xE169, 0xE169, 0x0000, 0x0000, 0xE169, 0xE169, 0xE169, 0xE169, 0xE169, 0x2821, 0x2821,
        0x0021, 0x2821, 0xE169, 0xE169, 0xE169, 0xE169, 0xE169, 0x0000, 0x0000, 0xE169, 0xE169, 0xE169, 0xE169, 0xE169, 0x2821, 0x0021,
        0x0021, 0x2821, 0x2821, 0xE169, 0xE169, 0xE169, 0xE169, 0xE169, 0xE169, 0xE169, 0xE169, 0xE169, 0xE169, 0x2821, 0x2821, 0x0021,
        0x0021, 0x0021, 0x2821, 0x2821, 0xE169, 0x0000, 0x0000, 0x0000, 0x0000, 0x0000, 0x0000, 0xE169, 0x2821, 0x2821, 0x0021, 0x0021,
        0x0021, 0x0021, 0x0021, 0x2821, 0xE169, 0x0000, 0xE169, 0x0000, 0xE169, 0x0000, 0xE169, 0xE169, 0x2821, 0x0021, 0x0021, 0x0021,
        0x0021, 0x0021, 0x0021, 0x2821, 0x2821, 0xE169, 0x0000, 0xE169, 0x0000, 0xE169, 0x0000, 0x2821, 0x2821, 0x0021, 0x0021, 0x0021,
        0x0021, 0x0021, 0x0021, 0x0021, 0x2821, 0x2821, 0x2821, 0x2821, 0x2821, 0x2821, 0x2821, 0x2821, 0x0021, 0x0021, 0x0021, 0x0021,
    },
    {
        0x0021, 0x0021, 0x0021, 0x2821, 0x2821, 0x2821, 0x2821, 0x2821, 0x2821, 0x2821, 0x2821, 0x2821, 0x2821, 0x0021, 0x0021, 0x0021,
        0x0021, 0x2821, 0x2821, 0x2821, 0xFCD4, 0xFCD4, 0xFCD4, 0xFCD4, 0xFCD4, 0xFCD4, 0xFCD4, 0xFCD4, 0x2821, 0x2821, 0x2821, 0x0021,
        0x2821, 0x2821, 0xFCD4, 0xFCD4, 0xE168, 0xE168, 0xE168, 0xE168, 0xE168, 0xE168, 0xE168, 0xE168, 0xFCD4, 0xFCD4, 0x2821, 0x2821,
        0x2821, 0xFCD4, 0xE168, 0xE168, 0xE168, 0xE168, 0xE168, 0xE168, 0xE168, 0xE168, 0xE168, 0xE168, 0xE168, 0xE168, 0xFCD4, 0x2821,
        0x2821, 0xE168, 0xE168, 0xE168, 0xE168, 0xE168, 0xE168, 0xE168, 0xE168, 0xE168, 0xE168, 0xE168, 0xE168, 0xE168, 0xE168, 0x2821,
        0x2821, 0xE168, 0xE168, 0x0000, 0x0000, 0x0000, 0xE168, 0xE168, 0xE168, 0xE168, 0x0000, 0x0000, 0x0000, 0xE168, 0xE168, 0x2821,
        0x2821, 0xE168, 0xE168, 0x0000, 0x0000, 0x0000, 0xE168, 0xE168, 0xE168, 0xE168, 0x0000, 0x0000, 0x0000, 0xE168, 0xE168, 0x2821,
        0x2821, 0xE168, 0xE168, 0xE168, 0x0000, 0x0000, 0xE168, 0xE168, 0xE168, 0xE168, 0x0000, 0x0000, 0xE168, 0xE168, 0xE168, 0x2821,
        0x2821, 0xE168, 0xE168, 0xE168, 0xE168, 0xE168, 0xE168, 0xE168, 0xE168, 0xE168, 0xE168, 0xE168, 0xE168, 0xE168, 0xE168, 0x2821,
        0x2821, 0x2821, 0xE168, 0xE168, 0xE168, 0xE168, 0xE168, 0x0000, 0x0000, 0xE168, 0xE168, 0xE168, 0xE168, 0xE168, 0x2821, 0x2821,
        0x0021, 0x2821, 0xE168, 0xE168, 0xE168, 0xE168, 0xE168, 0x0000, 0x0000, 0xE168, 0xE168, 0xE168, 0xE168, 0xE168, 0x2821, 0x0021,
        0x0021, 0x2821, 0x2821, 0xE168, 0xE168, 0xE168, 0xE168, 0xE168, 0xE168, 0xE168, 0xE168, 0xE168, 0xE168, 0x2821, 0x2821, 0x0021,
        0x0021, 0x0021, 0x2821, 0x2821, 0xE168, 0x0000, 0x0000, 0x0000, 0x0000, 0x0000, 0x0000, 0xE168, 0x2821, 0x2821, 0x0021, 0x0021,
        0x0021, 0x0021, 0x0021, 0x2821, 0xE168, 0x0000, 0xE168, 0x0000, 0xE168, 0x0000, 0xE168, 0xE168, 0x2821, 0x0021, 0x0021, 0x0021,
        0x0021, 0x0021, 0x0021, 0x2821, 0x2821, 0xE168, 0x0000, 0xE168, 0x0000, 0xE168, 0x0000, 0x2821, 0x2821, 0x0021, 0x0021, 0x0021,
        0x0021, 0x0021, 0x0021, 0x0021, 0x2821, 0x2821, 0x2821, 0x2821, 0x2821, 0x2821, 0x2821, 0x2821, 0x0021, 0x0021, 0x0021, 0x0021,
    },
    {
        0x0021, 0x0021, 0x0021, 0x2821, 0x2821, 0x2821, 0x2821, 0x2821, 0x2821, 0x2821, 0x2821, 0x2821, 0x2821, 0x0021, 0x0021, 0x0021,
        0x0021, 0x2821, 0x2821, 0x2821, 0xFCD4, 0xFCD4, 0xFCD4, 0xFCD4, 0xFCD4, 0xFCD4, 0xFCD4, 0xFCD4, 0x2821, 0x2821, 0x2821, 0x0021,
        0x2821, 0x2821, 0xFCD4, 0xFCD4, 0xE167, 0xE167, 0xE167, 0xE167, 0xE167, 0xE167, 0xE167, 0xE167, 0xFCD4, 0xFCD4, 0x2821, 0x2821,
        0x2821, 0xFCD4, 0xE167, 0xE167, 0xE167, 0xE167, 0xE167, 0xE167, 0xE167, 0xE167, 0xE167, 0xE167, 0xE167, 0xE167, 0xFCD4, 0x2821,
        0x2821, 0xE167, 0xE167, 0xE167, 0xE167, 0xE167, 0xE167, 0xE167, 0xE167, 0xE167, 0xE167, 0xE167, 0xE167, 0xE167, 0xE167, 0x2821,
        0x2821, 0xE167, 0xE167, 0x0000, 0x0000, 0x0000, 0xE167, 0xE167, 0xE167, 0xE167, 0x0000, 0x0000, 0x0000, 0xE167, 0xE167, 0x2821,
        0x2821, 0xE167, 0xE167, 0x0000, 0x0000, 0x0000, 0xE167, 0xE167, 0xE167, 0xE167, 0x0000, 0x0000, 0x0000, 0xE167, 0xE167, 0x2821,
        0x2821, 0xE167, 0xE167, 0xE167, 0x0000, 0x0000, 0xE167, 0xE167, 0xE167, 0xE167, 0x0000, 0x0000, 0xE167, 0xE167, 0xE167, 0x2821,
        0x2821, 0xE167, 0xE167, 0xE167, 0xE167, 0xE167, 0xE167, 0xE167, 0xE167, 0xE167, 0xE167, 0xE167, 0xE167, 0xE167, 0xE167, 0x2821,
        0x2821, 0x2821, 0xE167, 0xE167, 0xE167, 0xE167, 0xE167, 0x0000, 0x0000, 0xE167, 0xE167, 0xE167, 0xE167, 0xE167, 0x2821, 0x2821,
        0x0021, 0x2821, 0xE167, 0xE167, 0xE167, 0xE167, 0xE167, 0x0000, 0x0000, 0xE167, 0xE167, 0xE167, 0xE167, 0xE167, 0x2821, 0x0021,
        0x0021, 0x2821, 0x2821, 0xE167, 0xE167, 0xE167, 0xE167, 0xE167, 0xE167, 0xE167, 0xE167, 0xE167, 0xE167, 0x2821, 0x2821, 0x0021,
        0x0021, 0x0021, 0x2821, 0x2821, 0xE167, 0x0000, 0x0000, 0x0000, 0x0000, 0x0000, 0x0000, 0xE167, 0x2821, 0x2821, 0x0021, 0x0021,
        0x0021, 0x0021, 0x0021, 0x2821, 0xE167, 0x0000, 0xE167, 0x0000, 0xE167, 0x0000, 0xE167, 0xE167, 0x2821, 0x0021, 0x0021, 0x0021,
        0x0021, 0x0021, 0x0021, 0x2821, 0x2821, 0xE167, 0x0000, 0xE167, 0x0000, 0xE167, 0x0000, 0x2821, 0x2821, 0x0021, 0x0021, 0x0021,
        0x0021, 0x0021, 0x0021, 0x0021, 0x2821, 0x2821, 0x2821, 0x2821, 0x2821, 0x2821, 0x2821, 0x2821, 0x0021, 0x0021, 0x0021, 0x0021,
    },
    {
        0x0021, 0x0021, 0x0021, 0x2820, 0x2820, 0x2820, 0x2820, 0x2820, 0x2820, 0x2820, 0x2820, 0x2820, 0x2820, 0x0021, 0x0021, 0x0021,
        0x0021, 0x2820, 0x2820, 0x2820, 0xFCD3, 0xFCD3, 0xFCD3, 0xFCD3, 0xFCD3, 0xFCD3, 0xFCD3, 0xFCD3, 0x2820, 0x2820, 0x2820, 0x0021,
        0x2820, 0x2820, 0xFCD3, 0xFCD3, 0xE166, 0xE166, 0xE166, 0xE166, 0xE166, 0xE166, 0xE166, 0xE166, 0xFCD3, 0xFCD3, 0x2820, 0x2820,
        0x2820, 0xFCD3, 0xE166, 0xE166, 0xE166, 0xE166, 0xE166, 0xE166, 0xE166, 0xE166, 0xE166, 0xE166, 0xE166, 0xE166, 0xFCD3, 0x2820,
        0x2820, 0xE166, 0xE166, 0xE166, 0xE166, 0xE166, 0xE166, 0xE166, 0xE166, 0xE166, 0xE166, 0xE166, 0xE166, 0xE166, 0xE166, 0x2820,
        0x2820, 0xE166, 0xE166, 0x0000, 0x0000, 0x0000, 0xE166, 0xE166, 0xE166, 0xE166, 0x0000, 0x0000, 0x0000, 0xE166, 0xE166, 0x2820,
        0x2820, 0xE166, 0xE166, 0x0000, 0x0000, 0x0000, 0xE166, 0xE166, 0xE166, 0xE166, 0x0000, 0x0000, 0x0000, 0xE166, 0xE166, 0x2820,
        0x2820, 0xE166, 0xE166, 0xE166, 0x0000, 0x0000, 0xE166, 0xE166, 0xE166, 0xE166, 0x0000, 0x0000, 0xE166, 0xE166, 0xE166, 0x2820,
        0x2820, 0xE166, 0xE166, 0xE166, 0xE166, 0xE166, 0xE166, 0xE166, 0xE166, 0xE166, 0xE166, 0xE166, 0xE166, 0xE166, 0xE166, 0x2820,
        0x2820, 0x2820, 0xE166, 0xE166, 0xE166, 0xE166, 0xE166, 0x0000, 0x0000, 0xE166, 0xE166, 0xE166, 0xE166, 0xE166, 0x2820, 0x2820,
        0x0021, 0x2820, 0xE166, 0xE166, 0xE166, 0xE166, 0xE166, 0x0000, 0x0000, 0xE166, 0xE166, 0xE166, 0xE166, 0xE166, 0x2820, 0x0021,
        0x0021, 0x2820, 0x2820, 0xE166, 0xE166, 0xE166, 0xE166, 0xE166, 0xE166, 0xE166, 0xE166, 0xE166, 0xE166, 0x2820, 0x2820, 0x0021,
        0x0021, 0x0021, 0x2820, 0x2820, 0xE166, 0x0000, 0x0000, 0x0000, 0x0000, 0x0000, 0x0000, 0xE166, 0x2820, 0x2820, 0x0021, 0x0021,
        0x0021, 0x0021, 0x0021, 0x2820, 0xE166, 0x0000, 0xE166, 0x0000, 0xE166, 0x0000, 0xE166, 0xE166, 0x2820, 0x0021, 0x0021, 0x0021,
        0x0021, 0x0021, 0x0021, 0x2820, 0x2820, 0xE166, 0x0000, 0xE166, 0x0000, 0xE166, 0x0000, 0x2820, 0x2820, 0x0021, 0x0021, 0x0021,
        0x0021, 0x0021, 0x0021, 0x0021, 0x2820, 0x2820, 0x2820, 0x2820, 0x2820, 0x2820, 0x2820, 0x2820, 0x0021, 0x0021, 0x0021, 0x0021,
    },
    {
        0x0021, 0x0021, 0x0021, 0x2820, 0x2820, 0x2820, 0x2820, 0x2820, 0x2820, 0x2820, 0x2820, 0x2820, 0x2820, 0x0021, 0x0021, 0x0021,
        0x0021, 0x2820, 0x2820, 0x2820, 0xFCD3, 0xFCD3, 0xFCD3, 0xFCD3, 0xFCD3, 0xFCD3, 0xFCD3, 0xFCD3, 0x2820, 0x2820, 0x2820, 0x0021,
        0x2820, 0x2820, 0xFCD3, 0xFCD3, 0xE165, 0xE165, 0xE165, 0xE165, 0xE165, 0xE165, 0xE165, 0xE165, 0xFCD3, 0xFCD3, 0x2820, 0x2820,
        0x2820, 0xFCD3, 0xE165, 0xE165, 0xE165, 0xE165, 0xE165, 0xE165, 0xE165, 0xE165, 0xE165, 0xE165, 0xE165, 0xE165, 0xFCD3, 0x2820,
        0x2820, 0xE165, 0xE165, 0xE165, 0xE165, 0xE165, 0xE165, 0xE165, 0xE165, 0xE165, 0xE165, 0xE165, 0xE165, 0xE165, 0xE165, 0x2820,
        0x2820, 0xE165, 0xE165, 0x0000, 0x0000, 0x0000, 0xE165, 0xE165, 0xE165, 0xE165, 0x0000, 0x0000, 0x0000, 0xE165, 0xE165, 0x2820,
        0x2820, 0xE165, 0xE165, 0x0000, 0x0000, 0x0000, 0xE165, 0xE165, 0xE165, 0xE165, 0x0000, 0x0000, 0x0000, 0xE165, 0xE165, 0x2820,
        0x2820, 0xE165, 0xE165, 0xE165, 0x0000, 0x0000, 0xE165, 0xE165, 0xE165, 0xE165, 0x0000, 0x0000, 0xE165, 0xE165, 0xE165, 0x2820,
        0x2820, 0xE165, 0xE165, 0xE165, 0xE165, 0xE165, 0xE165, 0xE165, 0xE165, 0xE165, 0xE165, 0xE165, 0xE165, 0xE165, 0xE165, 0x2820,
        0x2820, 0x2820, 0xE165, 0xE165, 0xE165, 0xE165, 0xE165, 0x0000, 0x0000, 0xE165, 0xE165, 0xE165, 0xE165, 0xE165, 0x2820, 0x2820,
        0x0021, 0x2820, 0xE165, 0xE165, 0xE165, 0xE165, 0xE165, 0x0000, 0x0000, 0xE165, 0xE165, 0xE165, 0xE165, 0xE165, 0x2820, 0x0021,
        0x0021, 0x2820, 0x2820, 0xE165, 0xE165, 0xE165, 0xE165, 0xE165, 0xE165, 0xE165, 0xE165, 0xE165, 0xE165, 0x2820, 0x2820, 0x0021,
        0x0021, 0x0021, 0x2820, 0x2820, 0xE165, 0x0000, 0x0000, 0x0000, 0x0000, 0x0000, 0x0000, 0xE165, 0x2820, 0x2820, 0x0021, 0x0021,
        0x0021, 0x0021, 0x0021, 0x2820, 0xE165, 0x0000, 0xE165, 0x0000, 0xE165, 0x0000, 0xE165, 0xE165, 0x2820, 0x0021, 0x0021, 0x0021,
        0x0021, 0x0021, 0x0021, 0x2820, 0x2820, 0xE165, 0x0000, 0xE165, 0x0000, 0xE165, 0x0000, 0x2820, 0x2820, 0x0021, 0x0021, 0x0021,
        0x0021, 0x0021, 0x0021, 0x0021, 0x2820, 0x2820, 0x2820, 0x2820, 0x2820, 0x2820, 0x2820, 0x2820, 0x0021, 0x0021, 0x0021, 0x0021,
    },
    {
        0x0021, 0x0021, 0x0021, 0x2820, 0x2820, 0x2820, 0x2820, 0x2820, 0x2820, 0x2820, 0x2820, 0x2820, 0x2820, 0x0021, 0x0021, 0x0021,
        0x0021, 0x2820, 0x2820, 0x2820, 0xFCF3, 0xFCF3, 0xFCF3, 0xFCF3, 0xFCF3, 0xFCF3, 0xFCF3, 0xFCF3, 0x2820, 0x2820, 0x2820, 0x0021,
        0x2820, 0x2820, 0xFCF3, 0xFCF3, 0xE1A5, 0xE1A5, 0xE1A5, 0xE1A5, 0xE1A5, 0xE1A5, 0xE1A5, 0xE1A5, 0xFCF3, 0xFCF3, 0x2820, 0x2820,
        0x2820, 0xFCF3, 0xE1A5, 0xE1A5, 0xE1A5, 0xE1A5, 0xE1A5, 0xE1A5, 0xE1A5, 0xE1A5, 0xE1A5, 0xE1A5, 0xE1A5, 0xE1A5, 0xFCF3, 0x2820,
        0x2820, 0xE1A5, 0xE1A5, 0xE1A5, 0xE1A5, 0xE1A5, 0xE1A5, 0xE1A5, 0xE1A5, 0xE1A5, 0xE1A5, 0xE1A5, 0xE1A5, 0xE1A5, 0xE1A5, 0x2820,
        0x2820, 0xE1A5, 0xE1A5, 0x0000, 0x0000, 0x0000, 0xE1A5, 0xE1A5, 0xE1A5, 0xE1A5, 0x0000, 0x0000, 0x0000, 0xE1A5, 0xE1A5, 0x2820,
        0x2820, 0xE1A5, 0xE1A5, 0x0000, 0x0000, 0x0000, 0xE1A5, 0xE1A5, 0xE1A5, 0xE1A5, 0x0000, 0x0000, 0x0000, 0xE1A5, 0xE1A5, 0x2820,
        0x2820, 0xE1A5, 0xE1A5, 0xE1A5, 0x0000, 0x0000, 0xE1A5, 0xE1A5, 0xE1A5, 0xE1A5, 0x0000, 0x0000, 0xE1A5, 0xE1A5, 0xE1A5, 0x2820,
        0x2820, 0xE1A5, 0xE1A5, 0xE1A5, 0xE1A5, 0xE1A5, 0xE1A5, 0xE1A5, 0xE1A5, 0xE1A5, 0xE1A5, 0xE1A5, 0xE1A5, 0xE1A5, 0xE1A5, 0x2820,
        0x2820, 0x2820, 0xE1A5, 0xE1A5, 0xE1A5, 0xE1A5, 0xE1A5, 0x0000, 0x0000, 0xE1A5, 0xE1A5, 0xE1A5, 0xE1A5, 0xE1A5, 0x2820, 0x2820,
        0x0021, 0x2820, 0xE1A5, 0xE1A5, 0xE1A5, 0xE1A5, 0xE1A5, 0x0000, 0x0000, 0xE1A5, 0xE1A5, 0xE1A5, 0xE1A5, 0xE1A5, 0x2820, 0x0021,
        0x0021, 0x2820, 0x2820, 0xE1A5, 0xE1A5, 0xE1A5, 0xE1A5, 0xE1A5, 0xE1A5, 0xE1A5, 0xE1A5, 0xE1A5, 0xE1A5, 0x2820, 0x2820, 0x0021,
        0x0021, 0x0021, 0x2820, 0x2820, 0xE1A5, 0x0000, 0x0000, 0x0000, 0x0000, 0x0000, 0x0000, 0xE1A5, 0x2820, 0x2820, 0x0021, 0x0021,
        0x0021, 0x0021, 0x0021, 0x2820, 0xE1A5, 0x0000, 0xE1A5, 0x0000, 0xE1A5, 0x0000, 0xE1A5, 0xE1A5, 0x2820, 0x0021, 0x0021, 0x0021,
        0x0021, 0x0021, 0x0021, 0x2820, 0x2820, 0xE1A5, 0x0000, 0xE1A5, 0x0000, 0xE1A5, 0x0000, 0x2820, 0x2820, 0x0021, 0x0021, 0x0021,
        0x0021, 0x0021, 0x0021, 0x0021, 0x2820, 0x2820, 0x2820, 0x2820, 0x2820, 0x2820, 0x2820, 0x2820, 0x0021, 0x0021, 0x0021, 0x0021,
    },
    {
        0x0021, 0x0021, 0x0021, 0x2840, 0x2840, 0x2840, 0x2840, 0x2840, 0x2840, 0x2840, 0x2840, 0x2840, 0x2840, 0x0021, 0x0021, 0x0021,
        0x0021, 0x2840, 0x2840, 0x2840, 0xFD13, 0xFD13, 0xFD13, 0xFD13, 0xFD13, 0xFD13, 0xFD13, 0xFD13, 0x2840, 0x2840, 0x2840, 0x0021,
        0x2840, 0x2840, 0xFD13, 0xFD13, 0xE1E5, 0xE1E5, 0xE1E5, 0xE1E5, 0xE1E5, 0xE1E5, 0xE1E5, 0xE1E5, 0xFD13, 0xFD13, 0x2840, 0x2840,
        0x2840, 0xFD13, 0xE1E5, 0xE1E5, 0xE1E5, 0xE1E5, 0xE1E5, 0xE1E5, 0xE1E5, 0xE1E5, 0xE1E5, 0xE1E5, 0xE1E5, 0xE1E5, 0xFD13, 0x2840,
        0x2840, 0xE1E5, 0xE1E5, 0xE1E5, 0xE1E5, 0xE1E5, 0xE1E5, 0xE1E5, 0xE1E5, 0xE1E5, 0xE1E5, 0xE1E5, 0xE1E5, 0xE1E5, 0xE1E5, 0x2840,
        0x2840, 0xE1E5, 0xE1E5, 0x0000, 0x0000, 0x0000, 0xE1E5, 0xE1E5, 0xE1E5, 0xE1E5, 0x0000, 0x0000, 0x0000, 0xE1E5, 0xE1E5, 0x2840,
        0x2840, 0xE1E5, 0xE1E5, 0x0000, 0x0000, 0x0000, 0xE1E5, 0xE1E5, 0xE1E5, 0xE1E5, 0x0000, 0x0000, 0x0000, 0xE1E5, 0xE1E5, 0x2840,
        0x2840, 0xE1E5, 0xE1E5, 0xE1E5, 0x0000, 0x0000, 0xE1E5, 0xE1E5, 0xE1E5, 0xE1E5, 0x0000, 0x0000, 0xE1E5, 0xE1E5, 0xE1E5, 0x2840,
        0x2840, 0xE1E5, 0xE1E5, 0xE1E5, 0xE1E5, 0xE1E5, 0xE1E5, 0xE1E5, 0xE1E5, 0xE1E5, 0xE1E5, 0xE1E5, 0xE1E5, 0xE1E5, 0xE1E5, 0x2840,
        0x2840, 0x2840, 0xE1E5, 0xE1E5, 0xE1E5, 0xE1E5, 0xE1E5, 0x0000, 0x0000, 0xE1E5, 0xE1E5, 0xE1E5, 0xE1E5, 0xE1E5, 0x2840, 0x2840,
        0x0021, 0x2840, 0xE1E5, 0xE1E5, 0xE1E5, 0xE1E5, 0xE1E5, 0x0000, 0x0000, 0xE1E5, 0xE1E5, 0xE1E5, 0xE1E5, 0xE1E5, 0x2840, 0x0021,
        0x0021, 0x2840, 0x2840, 0xE1E5, 0xE1E5, 0xE1E5, 0xE1E5, 0xE1E5, 0xE1E5, 0xE1E5, 0xE1E5, 0xE1E5, 0xE1E5, 0x2840, 0x2840, 0x0021,
        0x0021, 0x0021, 0x2840, 0x2840, 0xE1E5, 0x0000, 0x0000, 0x0000, 0x0000, 0x0000, 0x0000, 0xE1E5, 0x2840, 0x2840, 0x0021, 0x0021,
        0x0021, 0x0021, 0x0021, 0x2840, 0xE1E5, 0x0000, 0xE1E5, 0x0000, 0xE1E5, 0x0000, 0xE1E5, 0xE1E5, 0x2840, 0x0021, 0x0021, 0x0021,
        0x0021, 0x0021, 0x0021, 0x2840, 0x2840, 0xE1E5, 0x0000, 0xE1E5, 0x0000, 0xE1E5, 0x0000, 0x2840, 0x2840, 0x0021, 0x0021, 0x0021,
        0x0021, 0x0021, 0x0021, 0x0021, 0x2840, 0x2840, 0x2840, 0x2840, 0x2840, 0x2840, 0x2840, 0x2840, 0x0021, 0x0021, 0x0021, 0x0021,
    },
    {
        0x0021, 0x0021, 0x0021, 0x2840, 0x2840, 0x2840, 0x2840, 0x2840, 0x2840, 0x2840, 0x2840, 0x2840, 0x2840, 0x0021, 0x0021, 0x0021,
        0x0021, 0x2840, 0x2840, 0x2840, 0xFD33, 0xFD33, 0xFD33, 0xFD33, 0xFD33, 0xFD33, 0xFD33, 0xFD33, 0x2840, 0x2840, 0x2840, 0x0021,
        0x2840, 0x2840, 0xFD33, 0xFD33, 0xE225, 0xE225, 0xE225, 0xE225, 0xE225, 0xE225, 0xE225, 0xE225, 0xFD33, 0xFD33, 0x2840, 0x2840,
        0x2840, 0xFD33, 0xE225, 0xE225, 0xE225, 0xE225, 0xE225, 0xE225, 0xE225, 0xE225, 0xE225, 0xE225, 0xE225, 0xE225, 0xFD33, 0x2840,
        0x2840, 0xE225, 0xE225, 0xE225, 0xE225, 0xE225, 0xE225, 0xE225, 0xE225, 0xE225, 0xE225, 0xE225, 0xE225, 0xE225, 0xE225, 0x2840,
        0x2840, 0xE225, 0xE225, 0x0000, 0x0000, 0x0000, 0xE225, 0xE225, 0xE225, 0xE225, 0x0000, 0x0000, 0x0000, 0xE225, 0xE225, 0x2840,
        0x2840, 0xE225, 0xE225, 0x0000, 0x0000, 0x0000, 0xE225, 0xE225, 0xE225, 0xE225, 0x0000, 0x0000, 0x0000, 0xE225, 0xE225, 0x2840,
        0x2840, 0xE225, 0xE225, 0xE225, 0x0000, 0x0000, 0xE225, 0xE225, 0xE225, 0xE225, 0x0000, 0x0000, 0xE225, 0xE225, 0xE225, 0x2840,
        0x2840, 0xE225, 0xE225, 0xE225, 0xE225, 0xE225, 0xE225, 0xE225, 0xE225, 0xE225, 0xE225, 0xE225, 0xE225, 0xE225, 0xE225, 0x2840,
        0x2840, 0x2840, 0xE225, 0xE225, 0xE225, 0xE225, 0xE225, 0x0000, 0x0000, 0xE225, 0xE225, 0xE225, 0xE225, 0xE225, 0x2840, 0x2840,
        0x0021, 0x2840, 0xE225, 0xE225, 0xE225, 0xE225, 0xE225, 0x0000, 0x0000, 0xE225, 0xE225, 0xE225, 0xE225, 0xE225, 0x2840, 0x0021,
        0x0021, 0x2840, 0x2840, 0xE225, 0xE225, 0xE225, 0xE225, 0xE225, 0xE225, 0xE225, 0xE225, 0xE225, 0xE225, 0x2840, 0x2840, 0x0021,
        0x0021, 0x0021, 0x2840, 0x2840, 0xE225, 0x0000, 0x0000, 0x0000, 0x0000, 0x0000, 0x0000, 0xE225, 0x2840, 0x2840, 0x0021, 0x0021,
        0x0021, 0x0021, 0x0021, 0x2840, 0xE225, 0x0000, 0xE225, 0x0000, 0xE225, 0x0000, 0xE225, 0xE225, 0x2840, 0x0021, 0x0021, 0x0021,
        0x0021, 0x0021, 0x0021, 0x2840, 0x2840, 0xE225, 0x0000, 0xE225, 0x0000, 0xE225, 0x0000, 0x2840, 0x2840, 0x0021, 0x0021, 0x0021,
        0x0021, 0x0021, 0x0021, 0x0021, 0x2840, 0x2840, 0x2840, 0x2840, 0x2840, 0x2840, 0x2840, 0x2840, 0x0021, 0x0021, 0x0021, 0x0021,
    },
    {
        0x0021, 0x0021, 0x0021, 0x2840, 0x2840, 0x2840, 0x2840, 0x2840, 0x2840, 0x2840, 0x2840, 0x2840, 0x2840, 0x0021, 0x0021, 0x0021,
        0x0021, 0x2840, 0x2840, 0x2840, 0xFD73, 0xFD73, 0xFD73, 0xFD73, 0xFD73, 0xFD73, 0xFD73, 0xFD73, 0x2840, 0x2840, 0x2840, 0x0021,
        0x2840, 0x2840, 0xFD73, 0xFD73, 0xE265, 0xE265, 0xE265, 0xE265, 0xE265, 0xE265, 0xE265, 0xE265, 0xFD73, 0xFD73, 0x2840, 0x2840,
        0x2840, 0xFD73, 0xE265, 0xE265, 0xE265, 0xE265, 0xE265, 0xE265, 0xE265, 0xE265, 0xE265, 0xE265, 0xE265, 0xE265, 0xFD73, 0x2840,
        0x2840, 0xE265, 0xE265, 0xE265, 0xE265, 0xE265, 0xE265, 0xE265, 0xE265, 0xE265, 0xE265, 0xE265, 0xE265, 0xE265, 0xE265, 0x2840,
        0x2840, 0xE265, 0xE265, 0x0000, 0x0000, 0x0000, 0xE265, 0xE265, 0xE265, 0xE265, 0x0000, 0x0000, 0x0000, 0xE265, 0xE265, 0x2840,
        0x2840, 0xE265, 0xE265, 0x0000, 0x0000, 0x0000, 0xE265, 0xE265, 0xE265, 0xE265, 0x0000, 0x0000, 0x0000, 0xE265, 0xE265, 0x2840,
        0x2840, 0xE265, 0xE265, 0xE265, 0x0000, 0x0000, 0xE265, 0xE265, 0xE265, 0xE265, 0x0000, 0x0000, 0xE265, 0xE265, 0xE265, 0x2840,
        0x2840, 0xE265, 0xE265, 0xE265, 0xE265, 0xE265, 0xE265, 0xE265, 0xE265, 0xE265, 0xE265, 0xE265, 0xE265, 0xE265, 0xE265, 0x2840,
        0x2840, 0x2840, 0xE265, 0xE265, 0xE265, 0xE265, 0xE265, 0x0000, 0x0000, 0xE265, 0xE265, 0xE265, 0xE265, 0xE265, 0x2840, 0x2840,
        0x0021, 0x2840, 0xE265, 0xE265, 0xE265, 0xE265, 0xE265, 0x0000, 0x0000, 0xE265, 0xE265, 0xE265, 0xE265, 0xE265, 0x2840, 0x0021,
        0x0021, 0x2840, 0x2840, 0xE265, 0xE265, 0xE265, 0xE265, 0xE265, 0xE265, 0xE265, 0xE265, 0xE265, 0xE265, 0x2840, 0x2840, 0x0021,
        0x0021, 0x0021, 0x2840, 0x2840, 0xE265, 0x0000, 0x0000, 0x0000, 0x0000, 0x0000, 0x0000, 0xE265, 0x2840, 0x2840, 0x0021, 0x0021,
        0x0021, 0x0021, 0x0021, 0x2840, 0xE265, 0x0000, 0xE265, 0x0000, 0xE265, 0x0000, 0xE265, 0xE265, 0x2840, 0x0021, 0x0021, 0x0021,
        0x0021, 0x0021, 0x0021, 0x2840, 0x2840, 0xE265, 0x0000, 0xE265, 0x0000, 0xE265, 0x0000, 0x2840, 0x2840, 0x0021, 0x0021, 0x0021,
        0x0021, 0x0021, 0x0021, 0x0021, 0x2840, 0x2840, 0x2840, 0x2840, 0x2840, 0x2840, 0x2840, 0x2840, 0x0021, 0x0021, 0x0021, 0x0021,
    },
    {
        0x0021, 0x0021, 0x0021, 0x2860, 0x2860, 0x2860, 0x2860, 0x2860, 0x2860, 0x2860, 0x2860, 0x2860, 0x2860, 0x0021, 0x0021, 0x0021,
        0x0021, 0x2860, 0x2860, 0x2860, 0xFD93, 0xFD93, 0xFD93, 0xFD93, 0xFD93, 0xFD93, 0xFD93, 0xFD93, 0x2860, 0x2860, 0x2860, 0x0021,
        0x2860, 0x2860, 0xFD93, 0xFD93, 0xE2A5, 0xE2A5, 0xE2A5, 0xE2A5, 0xE2A5, 0xE2A5, 0xE2A5, 0xE2A5, 0xFD93, 0xFD93, 0x2860, 0x2860,
        0x2860, 0xFD93, 0xE2A5, 0xE2A5, 0xE2A5, 0xE2A5, 0xE2A5, 0xE2A5, 0xE2A5, 0xE2A5, 0xE2A5, 0xE2A5, 0xE2A5, 0xE2A5, 0xFD93, 0x2860,
        0x2860, 0xE2A5, 0xE2A5, 0xE2A5, 0xE2A5, 0xE2A5, 0xE2A5, 0xE2A5, 0xE2A5, 0xE2A5, 0xE2A5, 0xE2A5, 0xE2A5, 0xE2A5, 0xE2A5, 0x2860,
        0x2860, 0xE2A5, 0xE2A5, 0x0000, 0x0000, 0x0000, 0xE2A5, 0xE2A5, 0xE2A5, 0xE2A5, 0x0000, 0x0000, 0x0000, 0xE2A5, 0xE2A5, 0x2860,
        0x2860, 0xE2A5, 0xE2A5, 0x0000, 0x0000, 0x0000, 0xE2A5, 0xE2A5, 0xE2A5, 0xE2A5, 0x0000, 0x0000, 0x0000, 0xE2A5, 0xE2A5, 0x2860,
        0x2860, 0xE2A5, 0xE2A5, 0xE2A5, 0x0000, 0x0000, 0xE2A5, 0xE2A5, 0xE2A5, 0xE2A5, 0x0000, 0x0000, 0xE2A5, 0xE2A5, 0xE2A5, 0x2860,
        0x2860, 0xE2A5, 0xE2A5, 0xE2A5, 0xE2A5, 0xE2A5, 0xE2A5, 0xE2A5, 0xE2A5, 0xE2A5, 0xE2A5, 0xE2A5, 0xE2A5, 0xE2A5, 0xE2A5, 0x2860,
        0x2860, 0x2860, 0xE2A5, 0xE2A5, 0xE2A5, 0xE2A5, 0xE2A5, 0x0000, 0x0000, 0xE2A5, 0xE2A5, 0xE2A5, 0xE2A5, 0xE2A5, 0x2860, 0x2860,
        0x0021, 0x2860, 0xE2A5, 0xE2A5, 0xE2A5, 0xE2A5, 0xE2A5, 0x0000, 0x0000, 0xE2A5, 0xE2A5, 0xE2A5, 0xE2A5, 0xE2A5, 0x2860, 0x0021,
        0x0021, 0x2860, 0x2860, 0xE2A5, 0xE2A5, 0xE2A5, 0xE2A5, 0xE2A5, 0xE2A5, 0xE2A5, 0xE2A5, 0xE2A5, 0xE2A5, 0x2860, 0x2860, 0x0021,
        0x0021, 0x0021, 0x2860, 0x2860, 0xE2A5, 0x0000, 0x0000, 0x0000, 0x0000, 0x0000, 0x0000, 0xE2A5, 0x2860, 0x2860, 0x0021, 0x0021,
        0x0021, 0x0021, 0x0021, 0x2860, 0xE2A5, 0x0000, 0xE2A5, 0x0000, 0xE2A5, 0x0000, 0xE2A5, 0xE2A5, 0x2860, 0x0021, 0x0021, 0x0021,
        0x0021, 0x0021, 0x0021, 0x2860, 0x2860, 0xE2A5, 0x0000, 0xE2A5, 0x0000, 0xE2A5, 0x0000, 0x2860, 0x2860, 0x0021, 0x0021, 0x0021,
        0x0021, 0x0021, 0x0021, 0x0021, 0x2860, 0x2860, 0x2860, 0x2860, 0x2860, 0x2860, 0x2860, 0x2860, 0x0021, 0x0021, 0x0021, 0x0021,
    },
    {
        0x0021, 0x0021, 0x0021, 0x2860, 0x2860, 0x2860, 0x2860, 0x2860, 0x2860, 0x2860, 0x2860, 0x2860, 0x2860, 0x0021, 0x0021, 0x0021,
        0x0021, 0x2860, 0x2860, 0x2860, 0xFDB3, 0xFDB3, 0xFDB3, 0xFDB3, 0xFDB3, 0xFDB3, 0xFDB3, 0xFDB3, 0x2860, 0x2860, 0x2860, 0x0021,
        0x2860, 0x2860, 0xFDB3, 0xFDB3, 0xE305, 0xE305, 0xE305, 0xE305, 0xE305, 0xE305, 0xE305, 0xE305, 0xFDB3, 0xFDB3, 0x2860, 0x2860,
        0x2860, 0xFDB3, 0xE305, 0xE305, 0xE305, 0xE305, 0xE305, 0xE305, 0xE305, 0xE305, 0xE305, 0xE305, 0xE305, 0xE305, 0xFDB3, 0x2860,
        0x2860, 0xE305, 0xE305, 0xE305, 0xE305, 0xE305, 0xE305, 0xE305, 0xE305, 0xE305, 0xE305, 0xE305, 0xE305, 0xE305, 0xE305, 0x2860,
        0x2860, 0xE305, 0xE305, 0x0000, 0x0000, 0x0000, 0xE305, 0xE305, 0xE305, 0xE305, 0x0000, 0x0000, 0x0000, 0xE305, 0xE305, 0x2860,
        0x2860, 0xE305, 0xE305, 0x0000, 0x0000, 0x0000, 0xE305, 0xE305, 0xE305, 0xE305, 0x0000, 0x0000, 0x0000, 0xE305, 0xE305, 0x2860,
        0x2860, 0xE305, 0xE305, 0xE305, 0x0000, 0x0000, 0xE305, 0xE305, 0xE305, 0xE305, 0x0000, 0x0000, 0xE305, 0xE305, 0xE305, 0x2860,
        0x2860, 0xE305, 0xE305, 0xE305, 0xE305, 0xE305, 0xE305, 0xE305, 0xE305, 0xE305, 0xE305, 0xE305, 0xE305, 0xE305, 0xE305, 0x2860,
        0x2860, 0x2860, 0xE305, 0xE305, 0xE305, 0xE305, 0xE305, 0x0000, 0x0000, 0xE305, 0xE305, 0xE305, 0xE305, 0xE305, 0x2860, 0x2860,
        0x0021, 0x2860, 0xE305, 0xE305, 0xE305, 0xE305, 0xE305, 0x0000, 0x0000, 0xE305, 0xE305, 0xE305, 0xE305, 0xE305, 0x2860, 0x0021,
        0x0021, 0x2860, 0x2860, 0xE305, 0xE305, 0xE305, 0xE305, 0xE305, 0xE305, 0xE305, 0xE305, 0xE305, 0xE305, 0x2860, 0x2860, 0x0021,
        0x0021, 0x0021, 0x2860, 0x2860, 0xE305, 0x0000, 0x0000, 0x0000, 0x0000, 0x0000, 0x0000, 0xE305, 0x2860, 0x2860, 0x0021, 0x0021,
        0x0021, 0x0021, 0x0021, 0x2860, 0xE305, 0x0000, 0xE305, 0x0000, 0xE305, 0x0000, 0xE305, 0xE305, 0x2860, 0x0021, 0x0021, 0x0021,
        0x0021, 0x0021, 0x0021, 0x2860, 0x2860, 0xE305, 0x0000, 0xE305, 0x0000, 0xE305, 0x0000, 0x2860, 0x2860, 0x0021, 0x0021, 0x0021,
        0x0021, 0x0021, 0x0021, 0x0021, 0x2860, 0x2860, 0x2860, 0x2860, 0x2860, 0x2860, 0x2860, 0x2860, 0x0021, 0x0021, 0x0021, 0x0021,
    },
    {
        0x0021, 0x0021, 0x0021, 0x2880, 0x2880, 0x2880, 0x2880, 0x2880, 0x2880, 0x2880, 0x2880, 0x2880, 0x2880, 0x0021, 0x0021, 0x0021,
        0x0021, 0x2880, 0x2880, 0x2880, 0xFDD3, 0xFDD3, 0xFDD3, 0xFDD3, 0xFDD3, 0xFDD3, 0xFDD3, 0xFDD3, 0x2880, 0x2880, 0x2880, 0x0021,
        0x2880, 0x2880, 0xFDD3, 0xFDD3, 0xE345, 0xE345, 0xE345, 0xE345, 0xE345, 0xE345, 0xE345, 0xE345, 0xFDD3, 0xFDD3, 0x2880, 0x2880,
        0x2880, 0xFDD3, 0xE345, 0xE345, 0xE345, 0xE345, 0xE345, 0xE345, 0xE345, 0xE345, 0xE345, 0xE345, 0xE345, 0xE345, 0xFDD3, 0x2880,
        0x2880, 0xE345, 0xE345, 0xE345, 0xE345, 0xE345, 0xE345, 0xE345, 0xE345, 0xE345, 0xE345, 0xE345, 0xE345, 0xE345, 0xE345, 0x2880,
        0x2880, 0xE345, 0xE345, 0x0000, 0x0000, 0x0000, 0xE345, 0xE345, 0xE345, 0xE345, 0x0000, 0x0000, 0x0000, 0xE345, 0xE345, 0x2880,
        0x2880, 0xE345, 0xE345, 0x0000, 0x0000, 0x0000, 0xE345, 0xE345, 0xE345, 0xE345, 0x0000, 0x0000, 0x0000, 0xE345, 0xE345, 0x2880,
        0x2880, 0xE345, 0xE345, 0xE345, 0x0000, 0x0000, 0xE345, 0xE345, 0xE345, 0xE345, 0x0000, 0x0000, 0xE345, 0xE345, 0xE345, 0x2880,
        0x2880, 0xE345, 0xE345, 0xE345, 0xE345, 0xE345, 0xE345, 0xE345, 0xE345, 0xE345, 0xE345, 0xE345, 0xE345, 0xE345, 0xE345, 0x2880,
        0x2880, 0x2880, 0xE345, 0xE345, 0xE345, 0xE345, 0xE345, 0x0000, 0x0000, 0xE345, 0xE345, 0xE345, 0xE345, 0xE345, 0x2880, 0x2880,
        0x0021, 0x2880, 0xE345, 0xE345, 0xE345, 0xE345, 0xE345, 0x0000, 0x0000, 0xE345, 0xE345, 0xE345, 0xE345, 0xE345, 0x2880, 0x0021,
        0x0021, 0x2880, 0x2880, 0xE345, 0xE345, 0xE345, 0xE345, 0xE345, 0xE345, 0xE345, 0xE345, 0xE345, 0xE345, 0x2880, 0x2880, 0x0021,
        0x0021, 0x0021, 0x2880, 0x2880, 0xE345, 0x0000, 0x0000, 0x0000, 0x0000, 0x0000, 0x0000, 0xE345, 0x2880, 0x2880, 0x0021, 0x0021,
        0x0021, 0x0021, 0x0021, 0x2880, 0xE345, 0x0000, 0xE345, 0x0000, 0xE345, 0x0000, 0xE345, 0xE345, 0x2880, 0x0021, 0x0021, 0x0021,
        0x0021, 0x0021, 0x0021, 0x2880, 0x2880, 0xE345, 0x0000, 0xE345, 0x0000, 0xE345, 0x0000, 0x2880, 0x2880, 0x0021, 0x0021, 0x0021,
        0x0021, 0x0021, 0x0021, 0x0021, 0x2880, 0x2880, 0x2880, 0x2880, 0x2880, 0x2880, 0x2880, 0x2880, 0x0021, 0x0021, 0x0021, 0x0021,
    },
    {
        0x0021, 0x0021, 0x0021, 0x2880, 0x2880, 0x2880, 0x2880, 0x2880, 0x2880, 0x2880, 0x2880, 0x2880, 0x2880, 0x0021, 0x0021, 0x0021,
        0x0021, 0x2880, 0x2880, 0x2880, 0xFE13, 0xFE13, 0xFE13, 0xFE13, 0xFE13, 0xFE13, 0xFE13, 0xFE13, 0x2880, 0x2880, 0x2880, 0x0021,
        0x2880, 0x2880, 0xFE13, 0xFE13, 0xE385, 0xE385, 0xE385, 0xE385, 0xE385, 0xE385, 0xE385, 0xE385, 0xFE13, 0xFE13, 0x2880, 0x2880,
        0x2880, 0xFE13, 0xE385, 0xE385, 0xE385, 0xE385, 0xE385, 0xE385, 0xE385, 0xE385, 0xE385, 0xE385, 0xE385, 0xE385, 0xFE13, 0x2880,
        0x2880, 0xE385, 0xE385, 0xE385, 0xE385, 0xE385, 0xE385, 0xE385, 0xE385, 0xE385, 0xE385, 0xE385, 0xE385, 0xE385, 0xE385, 0x2880,
        0x2880, 0xE385, 0xE385, 0x0000, 0x0000, 0x0000, 0xE385, 0xE385, 0xE385, 0xE385, 0x0000, 0x0000, 0x0000, 0xE385, 0xE385, 0x2880,
        0x2880, 0xE385, 0xE385, 0x0000, 0x0000, 0x0000, 0xE385, 0xE385, 0xE385, 0xE385, 0x0000, 0x0000, 0x0000, 0xE385, 0xE385, 0x2880,
        0x2880, 0xE385, 0xE385, 0xE385, 0x0000, 0x0000, 0xE385, 0xE385, 0xE385, 0xE385, 0x0000, 0x0000, 0xE385, 0xE385, 0xE385, 0x2880,
        0x2880, 0xE385, 0xE385, 0xE385, 0xE385, 0xE385, 0xE385, 0xE385, 0xE385, 0xE385, 0xE385, 0xE385, 0xE385, 0xE385, 0xE385, 0x2880,
        0x2880, 0x2880, 0xE385, 0xE385, 0xE385, 0xE385, 0xE385, 0x0000, 0x0000, 0xE385, 0xE385, 0xE385, 0xE385, 0xE385, 0x2880, 0x2880,
        0x0021, 0x2880, 0xE385, 0xE385, 0xE385, 0xE385, 0xE385, 0x0000, 0x0000, 0xE385, 0xE385, 0xE385, 0xE385, 0xE385, 0x2880, 0x0021,
        0x0021, 0x2880, 0x2880, 0xE385, 0xE385, 0xE385, 0xE385, 0xE385, 0xE385, 0xE385, 0xE385, 0xE385, 0xE385, 0x2880, 0x2880, 0x0021,
        0x0021, 0x0021, 0x2880, 0x2880, 0xE385, 0x0000, 0x0000, 0x0000, 0x0000, 0x0000, 0x0000, 0xE385, 0x2880, 0x2880, 0x0021, 0x0021,
        0x0021, 0x0021, 0x0021, 0x2880, 0xE385, 0x0000, 0xE385, 0x0000, 0xE385, 0x0000, 0xE385, 0xE385, 0x2880, 0x0021, 0x0021, 0x0021,
        0x0021, 0x0021, 0x0021, 0x2880, 0x2880, 0xE385, 0x0000, 0xE385, 0x0000, 0xE385, 0x0000, 0x2880, 0x2880, 0x0021, 0x0021, 0x0021,
        0x0021, 0x0021, 0x0021, 0x0021, 0x2880, 0x2880, 0x2880, 0x2880, 0x2880, 0x2880, 0x2880, 0x2880, 0x0021, 0x0021, 0x0021, 0x0021,
    },
    {
        0x0021, 0x0021, 0x0021, 0x28A0, 0x28A0, 0x28A0, 0x28A0, 0x28A0, 0x28A0, 0x28A0, 0x28A0, 0x28A0, 0x28A0, 0x0021, 0x0021, 0x0021,
        0x0021, 0x28A0, 0x28A0, 0x28A0, 0xFE33, 0xFE33, 0xFE33, 0xFE33, 0xFE33, 0xFE33, 0xFE33, 0xFE33, 0x28A0, 0x28A0, 0x28A0, 0x0021,
        0x28A0, 0x28A0, 0xFE33, 0xFE33, 0xE3C5, 0xE3C5, 0xE3C5, 0xE3C5, 0xE3C5, 0xE3C5, 0xE3C5, 0xE3C5, 0xFE33, 0xFE33, 0x28A0, 0x28A0,
        0x28A0, 0xFE33, 0xE3C5, 0xE3C5, 0xE3C5, 0xE3C5, 0xE3C5, 0xE3C5, 0xE3C5, 0xE3C5, 0xE3C5, 0xE3C5, 0xE3C5, 0xE3C5, 0xFE33, 0x28A0,
        0x28A0, 0xE3C5, 0xE3C5, 0xE3C5, 0xE3C5, 0xE3C5, 0xE3C5, 0xE3C5, 0xE3C5, 0xE3C5, 0xE3C5, 0xE3C5, 0xE3C5, 0xE3C5, 0xE3C5, 0x28A0,
        0x28A0, 0xE3C5, 0xE3C5, 0x0000, 0x0000, 0x0000, 0xE3C5, 0xE3C5, 0xE3C5, 0xE3C5, 0x0000, 0x0000, 0x0000, 0xE3C5, 0xE3C5, 0x28A0,
        0x28A0, 0xE3C5, 0xE3C5, 0x0000, 0x0000, 0x0000, 0xE3C5, 0xE3C5, 0xE3C5, 0xE3C5, 0x0000, 0x0000, 0x0000, 0xE3C5, 0xE3C5, 0x28A0,
        0x28A0, 0xE3C5, 0xE3C5, 0xE3C5, 0x0000, 0x0000, 0xE3C5, 0xE3C5, 0xE3C5, 0xE3C5, 0x0000, 0x0000, 0xE3C5, 0xE3C5, 0xE3C5, 0x28A0,
        0x28A0, 0xE3C5, 0xE3C5, 0xE3C5, 0xE3C5, 0xE3C5, 0xE3C5, 0xE3C5, 0xE3C5, 0xE3C5, 0xE3C5, 0xE3C5, 0xE3C5, 0xE3C5, 0xE3C5, 0x28A0,
        0x28A0, 0x28A0, 0xE3C5, 0xE3C5, 0xE3C5, 0xE3C5, 0xE3C5, 0x0000, 0x0000, 0xE3C5, 0xE3C5, 0xE3C5, 0xE3C5, 0xE3C5, 0x28A0, 0x28A0,
        0x0021, 0x28A0, 0xE3C5, 0xE3C5, 0xE3C5, 0xE3C5, 0xE3C5, 0x0000, 0x0000, 0xE3C5, 0xE3C5, 0xE3C5, 0xE3C5, 0xE3C5, 0x28A0, 0x0021,
        0x0021, 0x28A0, 0x28A0, 0xE3C5, 0xE3C5, 0xE3C5, 0xE3C5, 0xE3C5, 0xE3C5, 0xE3C5, 0xE3C5, 0xE3C5, 0xE3C5, 0x28A0, 0x28A0, 0x0021,
        0x0021, 0x0021, 0x28A0, 0x28A0, 0xE3C5, 0x0000, 0x0000, 0x0000, 0x0000, 0x0000, 0x0000, 0xE3C5, 0x28A0, 0x28A0, 0x0021, 0x0021,
        0x0021, 0x0021, 0x0021, 0x28A0, 0xE3C5, 0x0000, 0xE3C5, 0x0000, 0xE3C5, 0x0000, 0xE3C5, 0xE3C5, 0x28A0, 0x0021, 0x0021, 0x0021,
        0x0021, 0x0021, 0x0021, 0x28A0, 0x28A0, 0xE3C5, 0x0000, 0xE3C5, 0x0000, 0xE3C5, 0x0000, 0x28A0, 0x28A0, 0x0021, 0x0021, 0x0021,
        0x0021, 0x0021, 0x0021, 0x0021, 0x28A0, 0x28A0, 0x28A0, 0x28A0, 0x28A0, 0x28A0, 0x28A0, 0x28A0, 0x0021, 0x0021, 0x0021, 0x0021,
    },
    {
        0x0021, 0x0021, 0x0021, 0x28A0, 0x28A0, 0x28A0, 0x28A0, 0x28A0, 0x28A0, 0x28A0, 0x28A0, 0x28A0, 0x28A0, 0x0021, 0x0021, 0x0021,
        0x0021, 0x28A0, 0x28A0, 0x28A0, 0xFE53, 0xFE53, 0xFE53, 0xFE53, 0xFE53, 0xFE53, 0xFE53, 0xFE53, 0x28A0, 0x28A0, 0x28A0, 0x0021,
        0x28A0, 0x28A0, 0xFE53, 0xFE53, 0xE405, 0xE405, 0xE405, 0xE405, 0xE405, 0xE405, 0xE405, 0xE405, 0xFE53, 0xFE53, 0x28A0, 0x28A0,
        0x28A0, 0xFE53, 0xE405, 0xE405, 0xE405, 0xE405, 0xE405, 0xE405, 0xE405, 0xE405, 0xE405, 0xE405, 0xE405, 0xE405, 0xFE53, 0x28A0,
        0x28A0, 0xE405, 0xE405, 0xE405, 0xE405, 0xE405, 0xE405, 0xE405, 0xE405, 0xE405, 0xE405, 0xE405, 0xE405, 0xE405, 0xE405, 0x28A0,
        0x28A0, 0xE405, 0xE405, 0x0000, 0x0000, 0x0000, 0xE405, 0xE405, 0xE405, 0xE405, 0x0000, 0x0000, 0x0000, 0xE405, 0xE405, 0x28A0,
        0x28A0, 0xE405, 0xE405, 0x0000, 0x0000, 0x0000, 0xE405, 0xE405, 0xE405, 0xE405, 0x0000, 0x0000, 0x0000, 0xE405, 0xE405, 0x28A0,
        0x28A0, 0xE405, 0xE405, 0xE405, 0x0000, 0x0000, 0xE405, 0xE405, 0xE405, 0xE405, 0x0000, 0x0000, 0xE405, 0xE405, 0xE405, 0x28A0,
        0x28A0, 0xE405, 0xE405, 0xE405, 0xE405, 0xE405, 0xE405, 0xE405, 0xE405, 0xE405, 0xE405, 0xE405, 0xE405, 0xE405, 0xE405, 0x28A0,
        0x28A0, 0x28A0, 0xE405, 0xE405, 0xE405, 0xE405, 0xE405, 0x0000, 0x0000, 0xE405, 0xE405, 0xE405, 0xE405, 0xE405, 0x28A0, 0x28A0,
        0x0021, 0x28A0, 0xE405, 0xE405, 0xE405, 0xE405, 0xE405, 0x0000, 0x0000, 0xE405, 0xE405, 0xE405, 0xE405, 0xE405, 0x28A0, 0x0021,
        0x0021, 0x28A0, 0x28A0, 0xE405, 0xE405, 0xE405, 0xE405, 0xE405, 0xE405, 0xE405, 0xE405, 0xE405, 0xE405, 0x28A0, 0x28A0, 0x0021,
        0x0021, 0x0021, 0x28A0, 0x28A0, 0xE405, 0x0000, 0x0000, 0x0000, 0x0000, 0x0000, 0x0000, 0xE405, 0x28A0, 0x28A0, 0x0021, 0x0021,
        0x0021, 0x0021, 0x0021, 0x28A0, 0xE405, 0x0000, 0xE405, 0x0000, 0xE405, 0x0000, 0xE405, 0xE405, 0x28A0, 0x0021, 0x0021, 0x0021,
        0x0021, 0x0021, 0x0021, 0x28A0, 0x28A0, 0xE405, 0x0000, 0xE405, 0x0000, 0xE405, 0x0000, 0x28A0, 0x28A0, 0x0021, 0x0021, 0x0021,
        0x0021, 0x0021, 0x0021, 0x0021, 0x28A0, 0x28A0, 0x28A0, 0x28A0, 0x28A0, 0x28A0, 0x28A0, 0x28A0, 0x0021, 0x0021, 0x0021, 0x0021,
    },
    {
        0x0021, 0x0021, 0x0021, 0x28C0, 0x28C0, 0x28C0, 0x28C0, 0x28C0, 0x28C0, 0x28C0, 0x28C0, 0x28C0, 0x28C0, 0x0021, 0x0021, 0x0021,
        0x0021, 0x28C0, 0x28C0, 0x28C0, 0xFE73, 0xFE73, 0xFE73, 0xFE73, 0xFE73, 0xFE73, 0xFE73, 0xFE73, 0x28C0, 0x28C0, 0x28C0, 0x0021,
        0x28C0, 0x28C0, 0xFE73, 0xFE73, 0xE445, 0xE445, 0xE445, 0xE445, 0xE445, 0xE445, 0xE445, 0xE445, 0xFE73, 0xFE73, 0x28C0, 0x28C0,
        0x28C0, 0xFE73, 0xE445, 0xE445, 0xE445, 0xE445, 0xE445, 0xE445, 0xE445, 0xE445, 0xE445, 0xE445, 0xE445, 0xE445, 0xFE73, 0x28C0,
        0x28C0, 0xE445, 0xE445, 0xE445, 0xE445, 0xE445, 0xE445, 0xE445, 0xE445, 0xE445, 0xE445, 0xE445, 0xE445, 0xE445, 0xE445, 0x28C0,
        0x28C0, 0xE445, 0xE445, 0x0000, 0x0000, 0x0000, 0xE445, 0xE445, 0xE445, 0xE445, 0x0000, 0x0000, 0x0000, 0xE445, 0xE445, 0x28C0,
        0x28C0, 0xE445, 0xE445, 0x0000, 0x0000, 0x0000, 0xE445, 0xE445, 0xE445, 0xE445, 0x0000, 0x0000, 0x0000, 0xE445, 0xE445, 0x28C0,
        0x28C0, 0xE445, 0xE445, 0xE445, 0x0000, 0x0000, 0xE445, 0xE445, 0xE445, 0xE445, 0x0000, 0x0000, 0xE445, 0xE445, 0xE445, 0x28C0,
        0x28C0, 0xE445, 0xE445, 0xE445, 0xE445, 0xE445, 0xE445, 0xE445, 0xE445, 0xE445, 0xE445, 0xE445, 0xE445, 0xE445, 0xE445, 0x28C0,
        0x28C0, 0x28C0, 0xE445, 0xE445, 0xE445, 0xE445, 0xE445, 0x0000, 0x0000, 0xE445, 0xE445, 0xE445, 0xE445, 0xE445, 0x28C0, 0x28C0,
        0x0021, 0x28C0, 0xE445, 0xE445, 0xE445, 0xE445, 0xE445, 0x0000, 0x0000, 0xE445, 0xE445, 0xE445, 0xE445, 0xE445, 0x28C0, 0x0021,
        0x0021, 0x28C0, 0x28C0, 0xE445, 0xE445, 0xE445, 0xE445, 0xE445, 0xE445, 0xE445, 0xE445, 0xE445, 0xE445, 0x28C0, 0x28C0, 0x0021,
        0x0021, 0x0021, 0x28C0, 0x28C0, 0xE445, 0x0000, 0x0000, 0x0000, 0x0000, 0x0000, 0x0000, 0xE445, 0x28C0, 0x28C0, 0x0021, 0x0021,
        0x0021, 0x0021, 0x0021, 0x28C0, 0xE445, 0x0000, 0xE445, 0x0000, 0xE445, 0x0000, 0xE445, 0xE445, 0x28C0, 0x0021, 0x0021, 0x0021,
        0x0021, 0x0021, 0x0021, 0x28C0, 0x28C0, 0xE445, 0x0000, 0xE445, 0x0000, 0xE445, 0x0000, 0x28C0, 0x28C0, 0x0021, 0x0021, 0x0021,
        0x0021, 0x0021, 0x0021, 0x0021, 0x28C0, 0x28C0, 0x28C0, 0x28C0, 0x28C0, 0x28C0, 0x28C0, 0x28C0, 0x0021, 0x0021, 0x0021, 0x0021,
    },
    {
        0x0021, 0x0021, 0x0021, 0x28C0, 0x28C0, 0x28C0, 0x28C0, 0x28C0, 0x28C0, 0x28C0, 0x28C0, 0x28C0, 0x28C0, 0x0021, 0x0021, 0x0021,
        0x0021, 0x28C0, 0x28C0, 0x28C0, 0xFE93, 0xFE93, 0xFE93, 0xFE93, 0xFE93, 0xFE93, 0xFE93, 0xFE93, 0x28C0, 0x28C0, 0x28C0, 0x0021,
        0x28C0, 0x28C0, 0xFE93, 0xFE93, 0xE4A5, 0xE4A5, 0xE4A5, 0xE4A5, 0xE4A5, 0xE4A5, 0xE4A5, 0xE4A5, 0xFE93, 0xFE93, 0x28C0, 0x28C0,
        0x28C0, 0xFE93, 0xE4A5, 0xE4A5, 0xE4A5, 0xE4A5, 0xE4A5, 0xE4A5, 0xE4A5, 0xE4A5, 0xE4A5, 0xE4A5, 0xE4A5, 0xE4A5, 0xFE93, 0x28C0,
        0x28C0, 0xE4A5, 0xE4A5, 0xE4A5, 0xE4A5, 0xE4A5, 0xE4A5, 0xE4A5, 0xE4A5, 0xE4A5, 0xE4A5, 0xE4A5, 0xE4A5, 0xE4A5, 0xE4A5, 0x28C0,
        0x28C0, 0xE4A5, 0xE4A5, 0x0000, 0x0000, 0x0000, 0xE4A5, 0xE4A5, 0xE4A5, 0xE4A5, 0x0000, 0x0000, 0x0000, 0xE4A5, 0xE4A5, 0x28C0,
        0x28C0, 0xE4A5, 0xE4A5, 0x0000, 0x0000, 0x0000, 0xE4A5, 0xE4A5, 0xE4A5, 0xE4A5, 0x0000, 0x0000, 0x0000, 0xE4A5, 0xE4A5, 0x28C0,
        0x28C0, 0xE4A5, 0xE4A5, 0xE4A5, 0x0000, 0x0000, 0xE4A5, 0xE4A5, 0xE4A5, 0xE4A5, 0x0000, 0x0000, 0xE4A5, 0xE4A5, 0xE4A5, 0x28C0,
        0x28C0, 0xE4A5, 0xE4A5, 0xE4A5, 0xE4A5, 0xE4A5, 0xE4A5, 0xE4A5, 0xE4A5, 0xE4A5, 0xE4A5, 0xE4A5, 0xE4A5, 0xE4A5, 0xE4A5, 0x28C0,
        0x28C0, 0x28C0, 0xE4A5, 0xE4A5, 0xE4A5, 0xE4A5, 0xE4A5, 0x0000, 0x0000, 0xE4A5, 0xE4A5, 0xE4A5, 0xE4A5, 0xE4A5, 0x28C0, 0x28C0,
        0x0021, 0x28C0, 0xE4A5, 0xE4A5, 0xE4A5, 0xE4A5, 0xE4A5, 0x0000, 0x0000, 0xE4A5, 0xE4A5, 0xE4A5, 0xE4A5, 0xE4A5, 0x28C0, 0x0021,
        0x0021, 0x28C0, 0x28C0, 0xE4A5, 0xE4A5, 0xE4A5, 0xE4A5, 0xE4A5, 0xE4A5, 0xE4A5, 0xE4A5, 0xE4A5, 0xE4A5, 0x28C0, 0x28C0, 0x0021,
        0x0021, 0x0021, 0x28C0, 0x28C0, 0xE4A5, 0x0000, 0x0000, 0x0000, 0x0000, 0x0000, 0x0000, 0xE4A5, 0x28C0, 0x28C0, 0x0021, 0x0021,
        0x0021, 0x0021, 0x0021, 0x28C0, 0xE4A5, 0x0000, 0xE4A5, 0x0000, 0xE4A5, 0x0000, 0xE4A5, 0xE4A5, 0x28C0, 0x0021, 0x0021, 0x0021,
        0x0021, 0x0021, 0x0021, 0x28C0, 0x28C0, 0xE4A5, 0x0000, 0xE4A5, 0x0000, 0xE4A5, 0x0000, 0x28C0, 0x28C0, 0x0021, 0x0021, 0x0021,
        0x0021, 0x0021, 0x0021, 0x0021, 0x28C0, 0x28C0, 0x28C0, 0x28C0, 0x28C0, 0x28C0, 0x28C0, 0x28C0, 0x0021, 0x0021, 0x0021, 0x0021,
    },
    {
        0x0021, 0x0021, 0x0021, 0x28E0, 0x28E0, 0x28E0, 0x28E0, 0x28E0, 0x28E0, 0x28E0, 0x28E0, 0x28E0, 0x28E0, 0x0021, 0x0021, 0x0021,
        0x0021, 0x28E0, 0x28E0, 0x28E0, 0xFED3, 0xFED3, 0xFED3, 0xFED3, 0xFED3, 0xFED3, 0xFED3, 0xFED3, 0x28E0, 0x28E0, 0x28E0, 0x0021,
        0x28E0, 0x28E0, 0xFED3, 0xFED3, 0xE4E5, 0xE4E5, 0xE4E5, 0xE4E5, 0xE4E5, 0xE4E5, 0xE4E5, 0xE4E5, 0xFED3, 0xFED3, 0x28E0, 0x28E0,
        0x28E0, 0xFED3, 0xE4E5, 0xE4E5, 0xE4E5, 0xE4E5, 0xE4E5, 0xE4E5, 0xE4E5, 0xE4E5, 0xE4E5, 0xE4E5, 0xE4E5, 0xE4E5, 0xFED3, 0x28E0,
        0x28E0, 0xE4E5, 0xE4E5, 0xE4E5, 0xE4E5, 0xE4E5, 0xE4E5, 0xE4E5, 0xE4E5, 0xE4E5, 0xE4E5, 0xE4E5, 0xE4E5, 0xE4E5, 0xE4E5, 0x28E0,
        0x28E0, 0xE4E5, 0xE4E5, 0x0000, 0x0000, 0x0000, 0xE4E5, 0xE4E5, 0xE4E5, 0xE4E5, 0x0000, 0x0000, 0x0000, 0xE4E5, 0xE4E5, 0x28E0,
        0x28E0, 0xE4E5, 0xE4E5, 0x0000, 0x0000, 0x0000, 0xE4E5, 0xE4E5, 0xE4E5, 0xE4E5, 0x0000, 0x0000, 0x0000, 0xE4E5, 0xE4E5, 0x28E0,
        0x28E0, 0xE4E5, 0xE4E5, 0xE4E5, 0x0000, 0x0000, 0xE4E5, 0xE4E5, 0xE4E5, 0xE4E5, 0x0000, 0x0000, 0xE4E5, 0xE4E5, 0xE4E5, 0x28E0,
        0x28E0, 0xE4E5, 0xE4E5, 0xE4E5, 0xE4E5, 0xE4E5, 0xE4E5, 0xE4E5, 0xE4E5, 0xE4E5, 0xE4E5, 0xE4E5, 0xE4E5, 0xE4E5, 0xE4E5, 0x28E0,
        0x28E0, 0x28E0, 0xE4E5, 0xE4E5, 0xE4E5, 0xE4E5, 0xE4E5, 0x0000, 0x0000, 0xE4E5, 0xE4E5, 0xE4E5, 0xE4E5, 0xE4E5, 0x28E0, 0x28E0,
        0x0021, 0x28E0, 0xE4E5, 0xE4E5, 0xE4E5, 0xE4E5, 0xE4E5, 0x0000, 0x0000, 0xE4E5, 0xE4E5, 0xE4E5, 0xE4E5, 0xE4E5, 0x28E0, 0x0021,
        0x0021, 0x28E0, 0x28E0, 0xE4E5, 0xE4E5, 0xE4E5, 0xE4E5, 0xE4E5, 0xE4E5, 0xE4E5, 0xE4E5, 0xE4E5, 0xE4E5, 0x28E0, 0x28E0, 0x0021,
        0x0021, 0x0021, 0x28E0, 0x28E0, 0xE4E5, 0x0000, 0x0000, 0x0000, 0x0000, 0x0000, 0x0000, 0xE4E5, 0x28E0, 0x28E0, 0x0021, 0x0021,
        0x0021, 0x0021, 0x0021, 0x28E0, 0xE4E5, 0x0000, 0xE4E5, 0x0000, 0xE4E5, 0x0000, 0xE4E5, 0xE4E5, 0x28E0, 0x0021, 0x0021, 0x0021,
        0x0021, 0x0021, 0x0021, 0x28E0, 0x28E0, 0xE4E5, 0x0000, 0xE4E5, 0x0000, 0xE4E5, 0x0000, 0x28E0, 0x28E0, 0x0021, 0x0021, 0x0021,
        0x0021, 0x0021, 0x0021, 0x0021, 0x28E0, 0x28E0, 0x28E0, 0x28E0, 0x28E0, 0x28E0, 0x28E0, 0x28E0, 0x0021, 0x0021, 0x0021, 0x0021,
    },
    {
        0x0021, 0x0021, 0x0021, 0x28E0, 0x28E0, 0x28E0, 0x28E0, 0x28E0, 0x28E0, 0x28E0, 0x28E0, 0x28E0, 0x28E0, 0x0021, 0x0021, 0x0021,
        0x0021, 0x28E0, 0x28E0, 0x28E0, 0xFEF3, 0xFEF3, 0xFEF3, 0xFEF3, 0xFEF3, 0xFEF3, 0xFEF3, 0xFEF3, 0x28E0, 0x28E0, 0x28E0, 0x0021,
        0x28E0, 0x28E0, 0xFEF3, 0xFEF3, 0xE525, 0xE525, 0xE525, 0xE525, 0xE525, 0xE525, 0xE525, 0xE525, 0xFEF3, 0xFEF3, 0x28E0, 0x28E0,
        0x28E0, 0xFEF3, 0xE525, 0xE525, 0xE525, 0xE525, 0xE525, 0xE525, 0xE525, 0xE525, 0xE525, 0xE525, 0xE525, 0xE525, 0xFEF3, 0x28E0,
        0x28E0, 0xE525, 0xE525, 0xE525, 0xE525, 0xE525, 0xE525, 0xE525, 0xE525, 0xE525, 0xE525, 0xE525, 0xE525, 0xE525, 0xE525, 0x28E0,
        0x28E0, 0xE525, 0xE525, 0x0000, 0x0000, 0x0000, 0xE525, 0xE525, 0xE525, 0xE525, 0x0000, 0x0000, 0x0000, 0xE525, 0xE525, 0x28E0,
        0x28E0, 0xE525, 0xE525, 0x0000, 0x0000, 0x0000, 0xE525, 0xE525, 0xE525, 0xE525, 0x0000, 0x0000, 0x0000, 0xE525, 0xE525, 0x28E0,
        0x28E0, 0xE525, 0xE525, 0xE525, 0x0000, 0x0000, 0xE525, 0xE525, 0xE525, 0xE525, 0x0000, 0x0000, 0xE525, 0xE525, 0xE525, 0x28E0,
        0x28E0, 0xE525, 0xE525, 0xE525, 0xE525, 0xE525, 0xE525, 0xE525, 0xE525, 0xE525, 0xE525, 0xE525, 0xE525, 0xE525, 0xE525, 0x28E0,
        0x28E0, 0x28E0, 0xE525, 0xE525, 0xE525, 0xE525, 0xE525, 0x0000, 0x0000, 0xE525, 0xE525, 0xE525, 0xE525, 0xE525, 0x28E0, 0x28E0,
        0x0021, 0x28E0, 0xE525, 0xE525, 0xE525, 0xE525, 0xE525, 0x0000, 0x0000, 0xE525, 0xE525, 0xE525, 0xE525, 0xE525, 0x28E0, 0x0021,
        0x0021, 0x28E0, 0x28E0, 0xE525, 0xE525, 0xE525, 0xE525, 0xE525, 0xE525, 0xE525, 0xE525, 0xE525, 0xE525, 0x28E0, 0x28E0, 0x0021,
        0x0021, 0x0021, 0x28E0, 0x28E0, 0xE525, 0x0000, 0x0000, 0x0000, 0x0000, 0x0000, 0x0000, 0xE525, 0x28E0, 0x28E0, 0x0021, 0x0021,
        0x0021, 0x0021, 0x0021, 0x28E0, 0xE525, 0x0000, 0xE525, 0x0000, 0xE525, 0x0000, 0xE525, 0xE525, 0x28E0, 0x0021, 0x0021, 0x0021,
        0x0021, 0x0021, 0x0021, 0x28E0, 0x28E0, 0xE525, 0x0000, 0xE525, 0x0000, 0xE525, 0x0000, 0x28E0, 0x28E0, 0x0021, 0x0021, 0x0021,
        0x0021, 0x0021, 0x0021, 0x0021, 0x28E0, 0x28E0, 0x28E0, 0x28E0, 0x28E0, 0x28E0, 0x28E0, 0x28E0, 0x0021, 0x0021, 0x0021, 0x0021,
    },
    {
        0x0021, 0x0021, 0x0021, 0x2900, 0x2900, 0x2900, 0x2900, 0x2900, 0x2900, 0x2900, 0x2900, 0x2900, 0x2900, 0x0021, 0x0021, 0x0021,
        0x0021, 0x2900, 0x2900, 0x2900, 0xFF13, 0xFF13, 0xFF13, 0xFF13, 0xFF13, 0xFF13, 0xFF13, 0xFF13, 0x2900, 0x2900, 0x2900, 0x0021,
        0x2900, 0x2900, 0xFF13, 0xFF13, 0xE565, 0xE565, 0xE565, 0xE565, 0xE565, 0xE565, 0xE565, 0xE565, 0xFF13, 0xFF13, 0x2900, 0x2900,
        0x2900, 0xFF13, 0xE565, 0xE565, 0xE565, 0xE565, 0xE565, 0xE565, 0xE565, 0xE565, 0xE565, 0xE565, 0xE565, 0xE565, 0xFF13, 0x2900,
        0x2900, 0xE565, 0xE565, 0xE565, 0xE565, 0xE565, 0xE565, 0xE565, 0xE565, 0xE565, 0xE565, 0xE565, 0xE565, 0xE565, 0xE565, 0x2900,
        0x2900, 0xE565, 0xE565, 0x0000, 0x0000, 0x0000, 0xE565, 0xE565, 0xE565, 0xE565, 0x0000, 0x0000, 0x0000, 0xE565, 0xE565, 0x2900,
        0x2900, 0xE565, 0xE565, 0x0000, 0x0000, 0x0000, 0xE565, 0xE565, 0xE565, 0xE565, 0x0000, 0x0000, 0x0000, 0xE565, 0xE565, 0x2900,
        0x2900, 0xE565, 0xE565, 0xE565, 0x0000, 0x0000, 0xE565, 0xE565, 0xE565, 0xE565, 0x0000, 0x0000, 0xE565, 0xE565, 0xE565, 0x2900,
        0x2900, 0xE565, 0xE565, 0xE565, 0xE565, 0xE565, 0xE565, 0xE565, 0xE565, 0xE565, 0xE565, 0xE565, 0xE565, 0xE565, 0xE565, 0x2900,
        0x2900, 0x2900, 0xE565, 0xE565, 0xE565, 0xE565, 0xE565, 0x0000, 0x0000, 0xE565, 0xE565, 0xE565, 0xE565, 0xE565, 0x2900, 0x2900,
        0x0021, 0x2900, 0xE565, 0xE565, 0xE565, 0xE565, 0xE565, 0x0000, 0x0000, 0xE565, 0xE565, 0xE565, 0xE565, 0xE565, 0x2900, 0x0021,
        0x0021, 0x2900, 0x2900, 0xE565, 0xE565, 0xE565, 0xE565, 0xE565, 0xE565, 0xE565, 0xE565, 0xE565, 0xE565, 0x2900, 0x2900, 0x0021,
        0x0021, 0x0021, 0x2900, 0x2900, 0xE565, 0x0000, 0x0000, 0x0000, 0x0000, 0x0000, 0x0000, 0xE565, 0x2900, 0x2900, 0x0021, 0x0021,
        0x0021, 0x0021, 0x0021, 0x2900, 0xE565, 0x0000, 0xE565, 0x0000, 0xE565, 0x0000, 0xE565, 0xE565, 0x2900, 0x0021, 0x0021, 0x0021,
        0x0021, 0x0021, 0x0021, 0x2900, 0x2900, 0xE565, 0x0000, 0xE565, 0x0000, 0xE565, 0x0000, 0x2900, 0x2900, 0x0021, 0x0021, 0x0021,
        0x0021, 0x0021, 0x0021, 0x0021, 0x2900, 0x2900, 0x2900, 0x2900, 0x2900, 0x2900, 0x2900, 0x2900, 0x0021, 0x0021, 0x0021, 0x0021,
    },
    {
        0x0021, 0x0021, 0x0021, 0x2900, 0x2900, 0x2900, 0x2900, 0x2900, 0x2900, 0x2900, 0x2900, 0x2900, 0x2900, 0x0021, 0x0021, 0x0021,
        0x0021, 0x2900, 0x2900, 0x2900, 0xFF33, 0xFF33, 0xFF33, 0xFF33, 0xFF33, 0xFF33, 0xFF33, 0xFF33, 0x2900, 0x2900, 0x2900, 0x0021,
        0x2900, 0x2900, 0xFF33, 0xFF33, 0xE5A5, 0xE5A5, 0xE5A5, 0xE5A5, 0xE5A5, 0xE5A5, 0xE5A5, 0xE5A5, 0xFF33, 0xFF33, 0x2900, 0x2900,
        0x2900, 0xFF33, 0xE5A5, 0xE5A5, 0xE5A5, 0xE5A5, 0xE5A5, 0xE5A5, 0xE5A5, 0xE5A5, 0xE5A5, 0xE5A5, 0xE5A5, 0xE5A5, 0xFF33, 0x2900,
        0x2900, 0xE5A5, 0xE5A5, 0xE5A5, 0xE5A5, 0xE5A5, 0xE5A5, 0xE5A5, 0xE5A5, 0xE5A5, 0xE5A5, 0xE5A5, 0xE5A5, 0xE5A5, 0xE5A5, 0x2900,
        0x2900, 0xE5A5, 0xE5A5, 0x0000, 0x0000, 0x0000, 0xE5A5, 0xE5A5, 0xE5A5, 0xE5A5, 0x0000, 0x0000, 0x0000, 0xE5A5, 0xE5A5, 0x2900,
        0x2900, 0xE5A5, 0xE5A5, 0x0000, 0x0000, 0x0000, 0xE5A5, 0xE5A5, 0xE5A5, 0xE5A5, 0x0000, 0x0000, 0x0000, 0xE5A5, 0xE5A5, 0x2900,
        0x2900, 0xE5A5, 0xE5A5, 0xE5A5, 0x0000, 0x0000, 0xE5A5, 0xE5A5, 0xE5A5, 0xE5A5, 0x0000, 0x0000, 0xE5A5, 0xE5A5, 0xE5A5, 0x2900,
        0x2900, 0xE5A5, 0xE5A5, 0xE5A5, 0xE5A5, 0xE5A5, 0xE5A5, 0xE5A5, 0xE5A5, 0xE5A5, 0xE5A5, 0xE5A5, 0xE5A5, 0xE5A5, 0xE5A5, 0x2900,
        0x2900, 0x2900, 0xE5A5, 0xE5A5, 0xE5A5, 0xE5A5, 0xE5A5, 0x0000, 0x0000, 0xE5A5, 0xE5A5, 0xE5A5, 0xE5A5, 0xE5A5, 0x2900, 0x2900,
        0x0021, 0x2900, 0xE5A5, 0xE5A5, 0xE5A5, 0xE5A5, 0xE5A5, 0x0000, 0x0000, 0xE5A5, 0xE5A5, 0xE5A5, 0xE5A5, 0xE5A5, 0x2900, 0x0021,
        0x0021, 0x2900, 0x2900, 0xE5A5, 0xE5A5, 0xE5A5, 0xE5A5, 0xE5A5, 0xE5A5, 0xE5A5, 0xE5A5, 0xE5A5, 0xE5A5, 0x2900, 0x2900, 0x0021,
        0x0021, 0x0021, 0x2900, 0x2900, 0xE5A5, 0x0000, 0x0000, 0x0000, 0x0000, 0x0000, 0x0000, 0xE5A5, 0x2900, 0x2900, 0x0021, 0x0021,
        0x0021, 0x0021, 0x0021, 0x2900, 0xE5A5, 0x0000, 0xE5A5, 0x0000, 0xE5A5, 0x0000, 0xE5A5, 0xE5A5, 0x2900, 0x0021, 0x0021, 0x0021,
        0x0021, 0x0021, 0x0021, 0x2900, 0x2900, 0xE5A5, 0x0000, 0xE5A5, 0x0000, 0xE5A5, 0x0000, 0x2900, 0x2900, 0x0021, 0x0021, 0x0021,
        0x0021, 0x0021, 0x0021, 0x0021, 0x2900, 0x2900, 0x2900, 0x2900, 0x2900, 0x2900, 0x2900, 0x2900, 0x0021, 0x0021, 0x0021, 0x0021,
    },
    {
        0x0021, 0x0021, 0x0021, 0x2920, 0x2920, 0x2920, 0x2920, 0x2920, 0x2920, 0x2920, 0x2920, 0x2920, 0x2920, 0x0021, 0x0021, 0x0021,
        0x0021, 0x2920, 0x2920, 0x2920, 0xFF73, 0xFF73, 0xFF73, 0xFF73, 0xFF73, 0xFF73, 0xFF73, 0xFF73, 0x2920, 0x2920, 0x2920, 0x0021,
        0x2920, 0x2920, 0xFF73, 0xFF73, 0xE5E5, 0xE5E5, 0xE5E5, 0xE5E5, 0xE5E5, 0xE5E5, 0xE5E5, 0xE5E5, 0xFF73, 0xFF73, 0x2920, 0x2920,
        0x2920, 0xFF73, 0xE5E5, 0xE5E5, 0xE5E5, 0xE5E5, 0xE5E5, 0xE5E5, 0xE5E5, 0xE5E5, 0xE5E5, 0xE5E5, 0xE5E5, 0xE5E5, 0xFF73, 0x2920,
        0x2920, 0xE5E5, 0xE5E5, 0xE5E5, 0xE5E5, 0xE5E5, 0xE5E5, 0xE5E5, 0xE5E5, 0xE5E5, 0xE5E5, 0xE5E5, 0xE5E5, 0xE5E5, 0xE5E5, 0x2920,
        0x2920, 0xE5E5, 0xE5E5, 0x0000, 0x0000, 0x0000, 0xE5E5, 0xE5E5, 0xE5E5, 0xE5E5, 0x0000, 0x0000, 0x0000, 0xE5E5, 0xE5E5, 0x2920,
        0x2920, 0xE5E5, 0xE5E5, 0x0000, 0x0000, 0x0000, 0xE5E5, 0xE5E5, 0xE5E5, 0xE5E5, 0x0000, 0x0000, 0x0000, 0xE5E5, 0xE5E5, 0x2920,
        0x2920, 0xE5E5, 0xE5E5, 0xE5E5, 0x0000, 0x0000, 0xE5E5, 0xE5E5, 0xE5E5, 0xE5E5, 0x0000, 0x0000, 0xE5E5, 0xE5E5, 0xE5E5, 0x2920,
        0x2920, 0xE5E5, 0xE5E5, 0xE5E5, 0xE5E5, 0xE5E5, 0xE5E5, 0xE5E5, 0xE5E5, 0xE5E5, 0xE5E5, 0xE5E5, 0xE5E5, 0xE5E5, 0xE5E5, 0x2920,
        0x2920, 0x2920, 0xE5E5, 0xE5E5, 0xE5E5, 0xE5E5, 0xE5E5, 0x0000, 0x0000, 0xE5E5, 0xE5E5, 0xE5E5, 0xE5E5, 0xE5E5, 0x2920, 0x2920,
        0x0021, 0x2920, 0xE5E5, 0xE5E5, 0xE5E5, 0xE5E5, 0xE5E5, 0x0000, 0x0000, 0xE5E5, 0xE5E5, 0xE5E5, 0xE5E5, 0xE5E5, 0x2920, 0x0021,
        0x0021, 0x2920, 0x2920, 0xE5E5, 0xE5E5, 0xE5E5, 0xE5E5, 0xE5E5, 0xE5E5, 0xE5E5, 0xE5E5, 0xE5E5, 0xE5E5, 0x2920, 0x2920, 0x0021,
        0x0021, 0x0021, 0x2920, 0x2920, 0xE5E5, 0x0000, 0x0000, 0x0000, 0x0000, 0x0000, 0x0000, 0xE5E5, 0x2920, 0x2920, 0x0021, 0x0021,
        0x0021, 0x0021, 0x0021, 0x2920, 0xE5E5, 0x0000, 0xE5E5, 0x0000, 0xE5E5, 0x0000, 0xE5E5, 0xE5E5, 0x2920, 0x0021, 0x0021, 0x0021,
        0x0021, 0x0021, 0x0021, 0x2920, 0x2920, 0xE5E5, 0x0000, 0xE5E5, 0x0000, 0xE5E5, 0x0000, 0x2920, 0x2920, 0x0021, 0x0021, 0x0021,
        0x0021, 0x0021, 0x0021, 0x0021, 0x2920, 0x2920, 0x2920, 0x2920, 0x2920, 0x2920, 0x2920, 0x2920, 0x0021, 0x0021, 0x0021, 0x0021,
    },
    {
        0x0021, 0x0021, 0x0021, 0x2920, 0x2920, 0x2920, 0x2920, 0x2920, 0x2920, 0x2920, 0x2920, 0x2920, 0x2920, 0x0021, 0x0021, 0x0021,
        0x0021, 0x2920, 0x2920, 0x2920, 0xFF93, 0xFF93, 0xFF93, 0xFF93, 0xFF93, 0xFF93, 0xFF93, 0xFF93, 0x2920, 0x2920, 0x2920, 0x0021,
        0x2920, 0x2920, 0xFF93, 0xFF93, 0xE625, 0xE625, 0xE625, 0xE625, 0xE625, 0xE625, 0xE625, 0xE625, 0xFF93, 0xFF93, 0x2920, 0x2920,
        0x2920, 0xFF93, 0xE625, 0xE625, 0xE625, 0xE625, 0xE625, 0xE625, 0xE625, 0xE625, 0xE625, 0xE625, 0xE625, 0xE625, 0xFF93, 0x2920,
        0x2920, 0xE625, 0xE625, 0xE625, 0xE625, 0xE625, 0xE625, 0xE625, 0xE625, 0xE625, 0xE625, 0xE625, 0xE625, 0xE625, 0xE625, 0x2920,
        0x2920, 0xE625, 0xE625, 0x0000, 0x0000, 0x0000, 0xE625, 0xE625, 0xE625, 0xE625, 0x0000, 0x0000, 0x0000, 0xE625, 0xE625, 0x2920,
        0x2920, 0xE625, 0xE625, 0x0000, 0x0000, 0x0000, 0xE625, 0xE625, 0xE625, 0xE625, 0x0000, 0x0000, 0x0000, 0xE625, 0xE625, 0x2920,
        0x2920, 0xE625, 0xE625, 0xE625, 0x0000, 0x0000, 0xE625, 0xE625, 0xE625, 0xE625, 0x0000, 0x0000, 0xE625, 0xE625, 0xE625, 0x2920,
        0x2920, 0xE625, 0xE625, 0xE625, 0xE625, 0xE625, 0xE625, 0xE625, 0xE625, 0xE625, 0xE625, 0xE625, 0xE625, 0xE625, 0xE625, 0x2920,
        0x2920, 0x2920, 0xE625, 0xE625, 0xE625, 0xE625, 0xE625, 0x0000, 0x0000, 0xE625, 0xE625, 0xE625, 0xE625, 0xE625, 0x2920, 0x2920,
        0x0021, 0x2920, 0xE625, 0xE625, 0xE625, 0xE625, 0xE625, 0x0000, 0x0000, 0xE625, 0xE625, 0xE625, 0xE625, 0xE625, 0x2920, 0x0021,
        0x0021, 0x2920, 0x2920, 0xE625, 0xE625, 0xE625, 0xE625, 0xE625, 0xE625, 0xE625, 0xE625, 0xE625, 0xE625, 0x2920, 0x2920, 0x0021,
        0x0021, 0x0021, 0x2920, 0x2920, 0xE625, 0x0000, 0x0000, 0x0000, 0x0000, 0x0000, 0x0000, 0xE625, 0x2920, 0x2920, 0x0021, 0x0021,
        0x0021, 0x0021, 0x0021, 0x2920, 0xE625, 0x0000, 0xE625, 0x0000, 0xE625, 0x0000, 0xE625, 0xE625, 0x2920, 0x0021, 0x0021, 0x0021,
        0x0021, 0x0021, 0x0021, 0x2920, 0x2920, 0xE625, 0x0000, 0xE625, 0x0000, 0xE625, 0x0000, 0x2920, 0x2920, 0x0021, 0x0021, 0x0021,
        0x0021, 0x0021, 0x0021, 0x0021, 0x2920, 0x2920, 0x2920, 0x2920, 0x2920, 0x2920, 0x2920, 0x2920, 0x0021, 0x0021, 0x0021, 0x0021,
    },
    {
        0x0021, 0x0021, 0x0021, 0x2920, 0x2920, 0x2920, 0x2920, 0x2920, 0x2920, 0x2920, 0x2920, 0x2920, 0x2920, 0x0021, 0x0021, 0x0021,
        0x0021, 0x2920, 0x2920, 0x2920, 0xFFB3, 0xFFB3, 0xFFB3, 0xFFB3, 0xFFB3, 0xFFB3, 0xFFB3, 0xFFB3, 0x2920, 0x2920, 0x2920, 0x0021,
        0x2920, 0x2920, 0xFFB3, 0xFFB3, 0xE685, 0xE685, 0xE685, 0xE685, 0xE685, 0xE685, 0xE685, 0xE685, 0xFFB3, 0xFFB3, 0x2920, 0x2920,
        0x2920, 0xFFB3, 0xE685, 0xE685, 0xE685, 0xE685, 0xE685, 0xE685, 0xE685, 0xE685, 0xE685, 0xE685, 0xE685, 0xE685, 0xFFB3, 0x2920,
        0x2920, 0xE685, 0xE685, 0xE685, 0xE685, 0xE685, 0xE685, 0xE685, 0xE685, 0xE685, 0xE685, 0xE685, 0xE685, 0xE685, 0xE685, 0x2920,
        0x2920, 0xE685, 0xE685, 0x0000, 0x0000, 0x0000, 0xE685, 0xE685, 0xE685, 0xE685, 0x0000, 0x0000, 0x0000, 0xE685, 0xE685, 0x2920,
        0x2920, 0xE685, 0xE685, 0x0000, 0x0000, 0x0000, 0xE685, 0xE685, 0xE685, 0xE685, 0x0000, 0x0000, 0x0000, 0xE685, 0xE685, 0x2920,
        0x2920, 0xE685, 0xE685, 0xE685, 0x0000, 0x0000, 0xE685, 0xE685, 0xE685, 0xE685, 0x0000, 0x0000, 0xE685, 0xE685, 0xE685, 0x2920,
        0x2920, 0xE685, 0xE685, 0xE685, 0xE685, 0xE685, 0xE685, 0xE685, 0xE685, 0xE685, 0xE685, 0xE685, 0xE685, 0xE685, 0xE685, 0x2920,
        0x2920, 0x2920, 0xE685, 0xE685, 0xE685, 0xE685, 0xE685, 0x0000, 0x0000, 0xE685, 0xE685, 0xE685, 0xE685, 0xE685, 0x2920, 0x2920,
        0x0021, 0x2920, 0xE685, 0xE685, 0xE685, 0xE685, 0xE685, 0x0000, 0x0000, 0xE685, 0xE685, 0xE685, 0xE685, 0xE685, 0x2920, 0x0021,
        0x0021, 0x2920, 0x2920, 0xE685, 0xE685, 0xE685, 0xE685, 0xE685, 0xE685, 0xE685, 0xE685, 0xE685, 0xE685, 0x2920, 0x2920, 0x0021,
        0x0021, 0x0021, 0x2920, 0x2920, 0xE685, 0x0000, 0x0000, 0x0000, 0x0000, 0x0000, 0x0000, 0xE685, 0x2920, 0x2920, 0x0021, 0x0021,
        0x0021, 0x0021, 0x0021, 0x2920, 0xE685, 0x0000, 0xE685, 0x0000, 0xE685, 0x0000, 0xE685, 0xE685, 0x2920, 0x0021, 0x0021, 0x0021,
        0x0021, 0x0021, 0x0021, 0x2920, 0x2920, 0xE685, 0x0000, 0xE685, 0x0000, 0xE685, 0x0000, 0x2920, 0x2920, 0x0021, 0x0021, 0x0021,
        0x0021, 0x0021, 0x0021, 0x0021, 0x2920, 0x2920, 0x2920, 0x2920, 0x2920, 0x2920, 0x2920, 0x2920, 0x0021, 0x0021, 0x0021, 0x0021,
    },
    {
        0x0021, 0x0021, 0x0021, 0x2940, 0x2940, 0x2940, 0x2940, 0x2940, 0x2940, 0x2940, 0x2940, 0x2940, 0x2940, 0x0021, 0x0021, 0x0021,
        0x0021, 0x2940, 0x2940, 0x2940, 0xFFD3, 0xFFD3, 0xFFD3, 0xFFD3, 0xFFD3, 0xFFD3, 0xFFD3, 0xFFD3, 0x2940, 0x2940, 0x2940, 0x0021,
        0x2940, 0x2940, 0xFFD3, 0xFFD3, 0xE6C5, 0xE6C5, 0xE6C5, 0xE6C5, 0xE6C5, 0xE6C5, 0xE6C5, 0xE6C5, 0xFFD3, 0xFFD3, 0x2940, 0x2940,
        0x2940, 0xFFD3, 0xE6C5, 0xE6C5, 0xE6C5, 0xE6C5, 0xE6C5, 0xE6C5, 0xE6C5, 0xE6C5, 0xE6C5, 0xE6C5, 0xE6C5, 0xE6C5, 0xFFD3, 0x2940,
        0x2940, 0xE6C5, 0xE6C5, 0xE6C5, 0xE6C5, 0xE6C5, 0xE6C5, 0xE6C5, 0xE6C5, 0xE6C5, 0xE6C5, 0xE6C5, 0xE6C5, 0xE6C5, 0xE6C5, 0x2940,
        0x2940, 0xE6C5, 0xE6C5, 0x0000, 0x0000, 0x0000, 0xE6C5, 0xE6C5, 0xE6C5, 0xE6C5, 0x0000, 0x0000, 0x0000, 0xE6C5, 0xE6C5, 0x2940,
        0x2940, 0xE6C5, 0xE6C5, 0x0000, 0x0000, 0x0000, 0xE6C5, 0xE6C5, 0xE6C5, 0xE6C5, 0x0000, 0x0000, 0x0000, 0xE6C5, 0xE6C5, 0x2940,
        0x2940, 0xE6C5, 0xE6C5, 0xE6C5, 0x0000, 0x0000, 0xE6C5, 0xE6C5, 0xE6C5, 0xE6C5, 0x0000, 0x0000, 0xE6C5, 0xE6C5, 0xE6C5, 0x2940,
        0x2940, 0xE6C5, 0xE6C5, 0xE6C5, 0xE6C5, 0xE6C5, 0xE6C5, 0xE6C5, 0xE6C5, 0xE6C5, 0xE6C5, 0xE6C5, 0xE6C5, 0xE6C5, 0xE6C5, 0x2940,
        0x2940, 0x2940, 0xE6C5, 0xE6C5, 0xE6C5, 0xE6C5, 0xE6C5, 0x0000, 0x0000, 0xE6C5, 0xE6C5, 0xE6C5, 0xE6C5, 0xE6C5, 0x2940, 0x2940,
        0x0021, 0x2940, 0xE6C5, 0xE6C5, 0xE6C5, 0xE6C5, 0xE6C5, 0x0000, 0x0000, 0xE6C5, 0xE6C5, 0xE6C5, 0xE6C5, 0xE6C5, 0x2940, 0x0021,
        0x0021, 0x2940, 0x2940, 0xE6C5, 0xE6C5, 0xE6C5, 0xE6C5, 0xE6C5, 0xE6C5, 0xE6C5, 0xE6C5, 0xE6C5, 0xE6C5, 0x2940, 0x2940, 0x0021,
        0x0021, 0x0021, 0x2940, 0x2940, 0xE6C5, 0x0000, 0x0000, 0x0000, 0x0000, 0x0000, 0x0000, 0xE6C5, 0x2940, 0x2940, 0x0021, 0x0021,
        0x0021, 0x0021, 0x0021, 0x2940, 0xE6C5, 0x0000, 0xE6C5, 0x0000, 0xE6C5, 0x0000, 0xE6C5, 0xE6C5, 0x2940, 0x0021, 0x0021, 0x0021,
        0x0021, 0x0021, 0x0021, 0x2940, 0x2940, 0xE6C5, 0x0000, 0xE6C5, 0x0000, 0xE6C5, 0x0000, 0x2940, 0x2940, 0x0021, 0x0021, 0x0021,
        0x0021, 0x0021, 0x0021, 0x0021, 0x2940, 0x2940, 0x2940, 0x2940, 0x2940, 0x2940, 0x2940, 0x2940, 0x0021, 0x0021, 0x0021, 0x0021,
    },
    {
        0x0021, 0x0021, 0x0021, 0x2940, 0x2940, 0x2940, 0x2940, 0x2940, 0x2940, 0x2940, 0x2940, 0x2940, 0x2940, 0x0021, 0x0021, 0x0021,
        0x0021, 0x2940, 0x2940, 0x2940, 0xFFF3, 0xFFF3, 0xFFF3, 0xFFF3, 0xFFF3, 0xFFF3, 0xFFF3, 0xFFF3, 0x2940, 0x2940, 0x2940, 0x0021,
        0x2940, 0x2940, 0xFFF3, 0xFFF3, 0xDF05, 0xDF05, 0xDF05, 0xDF05, 0xDF05, 0xDF05, 0xDF05, 0xDF05, 0xFFF3, 0xFFF3, 0x2940, 0x2940,
        0x2940, 0xFFF3, 0xDF05, 0xDF05, 0xDF05, 0xDF05, 0xDF05, 0xDF05, 0xDF05, 0xDF05, 0xDF05, 0xDF05, 0xDF05, 0xDF05, 0xFFF3, 0x2940,
        0x2940, 0xDF05, 0xDF05, 0xDF05, 0xDF05, 0xDF05, 0xDF05, 0xDF05, 0xDF05, 0xDF05, 0xDF05, 0xDF05, 0xDF05, 0xDF05, 0xDF05, 0x2940,
        0x2940, 0xDF05, 0xDF05, 0x0000, 0x0000, 0x0000, 0xDF05, 0xDF05, 0xDF05, 0xDF05, 0x0000, 0x0000, 0x0000, 0xDF05, 0xDF05, 0x2940,
        0x2940, 0xDF05, 0xDF05, 0x0000, 0x0000, 0x0000, 0xDF05, 0xDF05, 0xDF05, 0xDF05, 0x0000, 0x0000, 0x0000, 0xDF05, 0xDF05, 0x2940,
        0x2940, 0xDF05, 0xDF05, 0xDF05, 0x0000, 0x0000, 0xDF05, 0xDF05, 0xDF05, 0xDF05, 0x0000, 0x0000, 0xDF05, 0xDF05, 0xDF05, 0x2940,
        0x2940, 0xDF05, 0xDF05, 0xDF05, 0xDF05, 0xDF05, 0xDF05, 0xDF05, 0xDF05, 0xDF05, 0xDF05, 0xDF05, 0xDF05, 0xDF05, 0xDF05, 0x2940,
        0x2940, 0x2940, 0xDF05, 0xDF05, 0xDF05, 0xDF05, 0xDF05, 0x0000, 0x0000, 0xDF05, 0xDF05, 0xDF05, 0xDF05, 0xDF05, 0x2940, 0x2940,
        0x0021, 0x2940, 0xDF05, 0xDF05, 0xDF05, 0xDF05, 0xDF05, 0x0000, 0x0000, 0xDF05, 0xDF05, 0xDF05, 0xDF05, 0xDF05, 0x2940, 0x0021,
        0x0021, 0x2940, 0x2940, 0xDF05, 0xDF05, 0xDF05, 0xDF05, 0xDF05, 0xDF05, 0xDF05, 0xDF05, 0xDF05, 0xDF05, 0x2940, 0x2940, 0x0021,
        0x0021, 0x0021, 0x2940, 0x2940, 0xDF05, 0x0000, 0x0000, 0x0000, 0x0000, 0x0000, 0x0000, 0xDF05, 0x2940, 0x2940, 0x0021, 0x0021,
        0x0021, 0x0021, 0x0021, 0x2940, 0xDF05, 0x0000, 0xDF05, 0x0000, 0xDF05, 0x0000, 0xDF05, 0xDF05, 0x2940, 0x0021, 0x0021, 0x0021,
        0x0021, 0x0021, 0x0021, 0x2940, 0x2940, 0xDF05, 0x0000, 0xDF05, 0x0000, 0xDF05, 0x0000, 0x2940, 0x2940, 0x0021, 0x0021, 0x0021,
        0x0021, 0x0021, 0x0021, 0x0021, 0x2940, 0x2940, 0x2940, 0x2940, 0x2940, 0x2940, 0x2940, 0x2940, 0x0021, 0x0021, 0x0021, 0x0021,
    },
    {
        0x0021, 0x0021, 0x0021, 0x2940, 0x2940, 0x2940, 0x2940, 0x2940, 0x2940, 0x2940, 0x2940, 0x2940, 0x2940, 0x0021, 0x0021, 0x0021,
        0x0021, 0x2940, 0x2940, 0x2940, 0xFFF3, 0xFFF3, 0xFFF3, 0xFFF3, 0xFFF3, 0xFFF3, 0xFFF3, 0xFFF3, 0x2940, 0x2940, 0x2940, 0x0021,
        0x2940, 0x2940, 0xFFF3, 0xFFF3, 0xD705, 0xD705, 0xD705, 0xD705, 0xD705, 0xD705, 0xD705, 0xD705, 0xFFF3, 0xFFF3, 0x2940, 0x2940,
        0x2940, 0xFFF3, 0xD705, 0xD705, 0xD705, 0xD705, 0xD705, 0xD705, 0xD705, 0xD705, 0xD705, 0xD705, 0xD705, 0xD705, 0xFFF3, 0x2940,
        0x2940, 0xD705, 0xD705, 0xD705, 0xD705, 0xD705, 0xD705, 0xD705, 0xD705, 0xD705, 0xD705, 0xD705, 0xD705, 0xD705, 0xD705, 0x2940,
        0x2940, 0xD705, 0xD705, 0x0000, 0x0000, 0x0000, 0xD705, 0xD705, 0xD705, 0xD705, 0x0000, 0x0000, 0x0000, 0xD705, 0xD705, 0x2940,
        0x2940, 0xD705, 0xD705, 0x0000, 0x0000, 0x0000, 0xD705, 0xD705, 0xD705, 0xD705, 0x0000, 0x0000, 0x0000, 0xD705, 0xD705, 0x2940,
        0x2940, 0xD705, 0xD705, 0xD705, 0x0000, 0x0000, 0xD705, 0xD705, 0xD705, 0xD705, 0x0000, 0x0000, 0xD705, 0xD705, 0xD705, 0x2940,
        0x2940, 0xD705, 0xD705, 0xD705, 0xD705, 0xD705, 0xD705, 0xD705, 0xD705, 0xD705, 0xD705, 0xD705, 0xD705, 0xD705, 0xD705, 0x2940,
        0x2940, 0x2940, 0xD705, 0xD705, 0xD705, 0xD705, 0xD705, 0x0000, 0x0000, 0xD705, 0xD705, 0xD705, 0xD705, 0xD705, 0x2940, 0x2940,
        0x0021, 0x2940, 0xD705, 0xD705, 0xD705, 0xD705, 0xD705, 0x0000, 0x0000, 0xD705, 0xD705, 0xD705, 0xD705, 0xD705, 0x2940, 0x0021,
        0x0021, 0x2940, 0x2940, 0xD705, 0xD705, 0xD705, 0xD705, 0xD705, 0xD705, 0xD705, 0xD705, 0xD705, 0xD705, 0x2940, 0x2940, 0x0021,
        0x0021, 0x0021, 0x2940, 0x2940, 0xD705, 0x0000, 0x0000, 0x0000, 0x0000, 0x0000, 0x0000, 0xD705, 0x2940, 0x2940, 0x0021, 0x0021,
        0x0021, 0x0021, 0x0021, 0x2940, 0xD705, 0x0000, 0xD705, 0x0000, 0xD705, 0x0000, 0xD705, 0xD705, 0x2940, 0x0021, 0x0021, 0x0021,
        0x0021, 0x0021, 0x0021, 0x2940, 0x2940, 0xD705, 0x0000, 0xD705, 0x0000, 0xD705, 0x0000, 0x2940, 0x2940, 0x0021, 0x0021, 0x0021,
        0x0021, 0x0021, 0x0021, 0x0021, 0x2940, 0x2940, 0x2940, 0x2940, 0x2940, 0x2940, 0x2940, 0x2940, 0x0021, 0x0021, 0x0021, 0x0021,
    },
    {
        0x0021, 0x0021, 0x0021, 0x2140, 0x2140, 0x2140, 0x2140, 0x2140, 0x2140, 0x2140, 0x2140, 0x2140, 0x2140, 0x0021, 0x0021, 0x0021,
        0x0021, 0x2140, 0x2140, 0x2140, 0xF7F3, 0xF7F3, 0xF7F3, 0xF7F3, 0xF7F3, 0xF7F3, 0xF7F3, 0xF7F3, 0x2140, 0x2140, 0x2140, 0x0021,
        0x2140, 0x2140, 0xF7F3, 0xF7F3, 0xCF05, 0xCF05, 0xCF05, 0xCF05, 0xCF05, 0xCF05, 0xCF05, 0xCF05, 0xF7F3, 0xF7F3, 0x2140, 0x2140,
        0x2140, 0xF7F3, 0xCF05, 0xCF05, 0xCF05, 0xCF05, 0xCF05, 0xCF05, 0xCF05, 0xCF05, 0xCF05, 0xCF05, 0xCF05, 0xCF05, 0xF7F3, 0x2140,
        0x2140, 0xCF05, 0xCF05, 0xCF05, 0xCF05, 0xCF05, 0xCF05, 0xCF05, 0xCF05, 0xCF05, 0xCF05, 0xCF05, 0xCF05, 0xCF05, 0xCF05, 0x2140,
        0x2140, 0xCF05, 0xCF05, 0x0000, 0x0000, 0x0000, 0xCF05, 0xCF05, 0xCF05, 0xCF05, 0x0000, 0x0000, 0x0000, 0xCF05, 0xCF05, 0x2140,
        0x2140, 0xCF05, 0xCF05, 0x0000, 0x0000, 0x0000, 0xCF05, 0xCF05, 0xCF05, 0xCF05, 0x0000, 0x0000, 0x0000, 0xCF05, 0xCF05, 0x2140,
        0x2140, 0xCF05, 0xCF05, 0xCF05, 0x0000, 0x0000, 0xCF05, 0xCF05, 0xCF05, 0xCF05, 0x0000, 0x0000, 0xCF05, 0xCF05, 0xCF05, 0x2140,
        0x2140, 0xCF05, 0xCF05, 0xCF05, 0xCF05, 0xCF05, 0xCF05, 0xCF05, 0xCF05, 0xCF05, 0xCF05, 0xCF05, 0xCF05, 0xCF05, 0xCF05, 0x2140,
        0x2140, 0x2140, 0xCF05, 0xCF05, 0xCF05, 0xCF05, 0xCF05, 0x0000, 0x0000, 0xCF05, 0xCF05, 0xCF05, 0xCF05, 0xCF05, 0x2140, 0x2140,
        0x0021, 0x2140, 0xCF05, 0xCF05, 0xCF05, 0xCF05, 0xCF05, 0x0000, 0x0000, 0xCF05, 0xCF05, 0xCF05, 0xCF05, 0xCF05, 0x2140, 0x0021,
        0x0021, 0x2140, 0x2140, 0xCF05, 0xCF05, 0xCF05, 0xCF05, 0xCF05, 0xCF05, 0xCF05, 0xCF05, 0xCF05, 0xCF05, 0x2140, 0x2140, 0x0021,
        0x0021, 0x0021, 0x2140, 0x2140, 0xCF05, 0x0000, 0x0000, 0x0000, 0x0000, 0x0000, 0x0000, 0xCF05, 0x2140, 0x2140, 0x0021, 0x0021,
        0x0021, 0x0021, 0x0021, 0x2140, 0xCF05, 0x0000, 0xCF05, 0x0000, 0xCF05, 0x0000, 0xCF05, 0xCF05, 0x2140, 0x0021, 0x0021, 0x0021,
        0x0021, 0x0021, 0x0021, 0x2140, 0x2140, 0xCF05, 0x0000, 0xCF05, 0x0000, 0xCF05, 0x0000, 0x2140, 0x2140, 0x0021, 0x0021, 0x0021,
        0x0021, 0x0021, 0x0021, 0x0021, 0x2140, 0x2140, 0x2140, 0x2140, 0x2140, 0x2140, 0x2140, 0x2140, 0x0021, 0x0021, 0x0021, 0x0021,
    },
    {
        0x0021, 0x0021, 0x0021, 0x2140, 0x2140, 0x2140, 0x2140, 0x2140, 0x2140, 0x2140, 0x2140, 0x2140, 0x2140, 0x0021, 0x0021, 0x0021,
        0x0021, 0x2140, 0x2140, 0x2140, 0xEFF3, 0xEFF3, 0xEFF3, 0xEFF3, 0xEFF3, 0xEFF3, 0xEFF3, 0xEFF3, 0x2140, 0x2140, 0x2140, 0x0021,
        0x2140, 0x2140, 0xEFF3, 0xEFF3, 0xC705, 0xC705, 0xC705, 0xC705, 0xC705, 0xC705, 0xC705, 0xC705, 0xEFF3, 0xEFF3, 0x2140, 0x2140,
        0x2140, 0xEFF3, 0xC705, 0xC705, 0xC705, 0xC705, 0xC705, 0xC705, 0xC705, 0xC705, 0xC705, 0xC705, 0xC705, 0xC705, 0xEFF3, 0x2140,
        0x2140, 0xC705, 0xC705, 0xC705, 0xC705, 0xC705, 0xC705, 0xC705, 0xC705, 0xC705, 0xC705, 0xC705, 0xC705, 0xC705, 0xC705, 0x2140,
        0x2140, 0xC705, 0xC705, 0x0000, 0x0000, 0x0000, 0xC705, 0xC705, 0xC705, 0xC705, 0x0000, 0x0000, 0x0000, 0xC705, 0xC705, 0x2140,
        0x2140, 0xC705, 0xC705, 0x0000, 0x0000, 0x0000, 0xC705, 0xC705, 0xC705, 0xC705, 0x0000, 0x0000, 0x0000, 0xC705, 0xC705, 0x2140,
        0x2140, 0xC705, 0xC705, 0xC705, 0x0000, 0x0000, 0xC705, 0xC705, 0xC705, 0xC705, 0x0000, 0x0000, 0xC705, 0xC705, 0xC705, 0x2140,
        0x2140, 0xC705, 0xC705, 0xC705, 0xC705, 0xC705, 0xC705, 0xC705, 0xC705, 0xC705, 0xC705, 0xC705, 0xC705, 0xC705, 0xC705, 0x2140,
        0x2140, 0x2140, 0xC705, 0xC705, 0xC705, 0xC705, 0xC705, 0x0000, 0x0000, 0xC705, 0xC705, 0xC705, 0xC705, 0xC705, 0x2140, 0x2140,
        0x0021, 0x2140, 0xC705, 0xC705, 0xC705, 0xC705, 0xC705, 0x0000, 0x0000, 0xC705, 0xC705, 0xC705, 0xC705, 0xC705, 0x2140, 0x0021,
        0x0021, 0x2140, 0x2140, 0xC705, 0xC705, 0xC705, 0xC705, 0xC705, 0xC705, 0xC705, 0xC705, 0xC705, 0xC705, 0x2140, 0x2140, 0x0021,
        0x0021, 0x0021, 0x2140, 0x2140, 0xC705, 0x0000, 0x0000, 0x0000, 0x0000, 0x0000, 0x0000, 0xC705, 0x2140, 0x2140, 0x0021, 0x0021,
        0x0021, 0x0021, 0x0021, 0x2140, 0xC705, 0x0000, 0xC705, 0x0000, 0xC705, 0x0000, 0xC705, 0xC705, 0x2140, 0x0021, 0x0021, 0x0021,
        0x0021, 0x0021, 0x0021, 0x2140, 0x2140, 0xC705, 0x0000, 0xC705, 0x0000, 0xC705, 0x0000, 0x2140, 0x2140, 0x0021, 0x0021, 0x0021,
        0x0021, 0x0021, 0x0021, 0x0021, 0x2140, 0x2140, 0x2140, 0x2140, 0x2140, 0x2140, 0x2140, 0x2140, 0x0021, 0x0021, 0x0021, 0x0021,
    },
    {
        0x0021, 0x0021, 0x0021, 0x2140, 0x2140, 0x2140, 0x2140, 0x2140, 0x2140, 0x2140, 0x1607, 0x2140, 0x77F2, 0x0021, 0x0021, 0x0021,
        0x0021, 0x2140, 0x2140, 0x2140, 0xEFF3, 0xEFF3, 0xEFF3, 0x0202, 0xEFF3, 0xEFF3, 0x2F6B, 0xEFF3, 0x2140, 0x2140, 0x2140, 0x0021,
        0x0202, 0x2140, 0xEFF3, 0xEFF3, 0xBF05, 0xBF05, 0xBF05, 0x0202, 0xBF05, 0xBF05, 0x77F2, 0xBF05, 0xEFF3, 0xEFF3, 0x2140, 0x2140,
        0x0202, 0xEFF3, 0xBF05, 0xBF05, 0xBF05, 0xBF05, 0xBF05, 0x0BE4, 0xBF05, 0xBF05, 0xBF05, 0xBF05, 0xBF05, 0xBF05, 0xEFF3, 0x2140,
        0x0BE4, 0xBF05, 0xBF05, 0xBF05, 0xBF05, 0xBF05, 0xBF05, 0x1607, 0xBF05, 0x0202, 0xBF05, 0xBF05, 0xBF05, 0xBF05, 0xBF05, 0x2140,
        0x1607, 0x0BE4, 0xBF05, 0x0000, 0x0000, 0x0000, 0xBF05, 0x2F6B, 0xBF05, 0x0202, 0x0000, 0x0000, 0x0000, 0xBF05, 0xBF05, 0x2140,
        0x2F6B, 0x0BE4, 0xBF05, 0x0000, 0x0000, 0x0000, 0xBF05, 0x77F2, 0xBF05, 0x0BE4, 0x0000, 0x0000, 0x0000, 0xBF05, 0xBF05, 0x0202,
        0x77F2, 0x0BE4, 0xBF05, 0xBF05, 0x0202, 0x0000, 0xBF05, 0xBF05, 0xBF05, 0x1607, 0x0000, 0x0000, 0xBF05, 0xBF05, 0xBF05, 0x0BE4,
        0x2140, 0x2F6B, 0xBF05, 0xBF05, 0x0202, 0x0202, 0xBF05, 0xBF05, 0xBF05, 0x2F6B, 0xBF05, 0xBF05, 0xBF05, 0xBF05, 0x0202, 0x1607,
        0x2140, 0x2F6B, 0xBF05, 0xBF05, 0x0BE4, 0x0202, 0xBF05, 0x0000, 0x0000, 0x77F2, 0xBF05, 0xBF05, 0xBF05, 0xBF05, 0x0202, 0x1607,
        0x0021, 0x77F2, 0x0202, 0xBF05, 0x1607, 0x1607, 0x0202, 0x0000, 0x0000, 0xBF05, 0xBF05, 0xBF05, 0xBF05, 0xBF05, 0x0BE4, 0x77F2,
        0x0021, 0x2140, 0x0202, 0xBF05, 0x2F6B, 0x1607, 0x0202, 0xBF05, 0xBF05, 0xBF05, 0xBF05, 0xBF05, 0xBF05, 0x2140, 0x1607, 0x77F2,
        0x0021, 0x0021, 0x0BE4, 0x2140, 0x77F2, 0x2F6B, 0x0BE4, 0x0000, 0x0000, 0x0000, 0x0000, 0xBF05, 0x2140, 0x2140, 0x2F6B, 0x0021,
        0x0021, 0x0021, 0x1607, 0x2140, 0xBF05, 0x77F2, 0x2F6B, 0x0000, 0xBF05, 0x0000, 0xBF05, 0xBF05, 0x2140, 0x0021, 0x77F2, 0x0021,
        0x0021, 0x0021, 0x2F6B, 0x2140, 0x2140, 0xBF05, 0x2F6B, 0xBF05, 0x0000, 0xBF05, 0x0000, 0x0202, 0x2140, 0x0021, 0x0021, 0x0021,
        0x0021, 0x0021, 0x77F2, 0x0021, 0x2140, 0x2140, 0x77F2, 0x2140, 0x2140, 0x2140, 0x2140, 0x0202, 0x0021, 0x0021, 0x0021, 0x0021,
    },
    {
        0x0021, 0x0021, 0x0021, 0x2140, 0x2140, 0x2140, 0x2140, 0x2140, 0x2140, 0x2140, 0x1607, 0x2140, 0x77F2, 0x0021, 0x0021, 0x0021,
        0x0021, 0x2140, 0x2140, 0x2140, 0xE7F3, 0xE7F3, 0xE7F3, 0x0202, 0xE7F3, 0xE7F3, 0x2F6B, 0xE7F3, 0x2140, 0x2140, 0x2140, 0x0021,
        0x0BE4, 0x2140, 0xE7F3, 0xE7F3, 0xB705, 0xB705, 0xB705, 0x0202, 0xB705, 0xB705, 0x77F2, 0xB705, 0xE7F3, 0xE7F3, 0x2140, 0x2140,
        0x0202, 0xE7F3, 0xB705, 0xB705, 0xB705, 0xB705, 0xB705, 0x0BE4, 0xB705, 0xB705, 0xB705, 0xB705, 0xB705, 0xB705, 0xE7F3, 0x2140,
        0x0BE4, 0xB705, 0xB705, 0xB705, 0xB705, 0xB705, 0xB705, 0x1607, 0xB705, 0x0202, 0xB705, 0xB705, 0xB705, 0xB705, 0xB705, 0x2140,
        0x2F6B, 0x0202, 0xB705, 0x0000, 0x0000, 0x0000, 0xB705, 0x77F2, 0xB705, 0x0202, 0x0000, 0x0000, 0x0000, 0xB705, 0xB705, 0x2140,
        0x2F6B, 0x0202, 0xB705, 0x0000, 0x0000, 0x0000, 0xB705, 0x77F2, 0xB705, 0x0BE4, 0x0000, 0x0000, 0x0000, 0xB705, 0xB705, 0x0202,
        0x77F2, 0x1607, 0xB705, 0xB705, 0x0202, 0x0000, 0xB705, 0xB705, 0xB705, 0x1607, 0x0000, 0x0000, 0xB705, 0xB705, 0xB705, 0x0202,
        0x2140, 0x1607, 0xB705, 0xB705, 0x0BE4, 0x0202, 0xB705, 0xB705, 0xB705, 0x2F6B, 0xB705, 0xB705, 0xB705, 0xB705, 0x0202, 0x0BE4,
        0x2140, 0x2F6B, 0xB705, 0xB705, 0x0BE4, 0x0202, 0xB705, 0x0000, 0x0000, 0x77F2, 0xB705, 0xB705, 0xB705, 0xB705, 0x0202, 0x1607,
        0x0021, 0x77F2, 0x0BE4, 0xB705, 0x1607, 0x1607, 0x0202, 0x0000, 0x0000, 0xB705, 0xB705, 0xB705, 0xB705, 0xB705, 0x0BE4, 0x2F6B,
        0x0021, 0x2140, 0x0202, 0xB705, 0x2F6B, 0x1607, 0x0202, 0xB705, 0xB705, 0xB705, 0xB705, 0xB705, 0xB705, 0x2140, 0x1607, 0x77F2,
        0x0021, 0x0021, 0x0BE4, 0x2140, 0x77F2, 0x2F6B, 0x1607, 0x0000, 0x0000, 0x0000, 0x0000, 0xB705, 0x2140, 0x2140, 0x2F6B, 0x0021,
        0x0021, 0x0021, 0x1607, 0x2140, 0xB705, 0x77F2, 0x1607, 0x0000, 0xB705, 0x0000, 0xB705, 0xB705, 0x2140, 0x0021, 0x77F2, 0x0021,
        0x0021, 0x0021, 0x2F6B, 0x2140, 0x2140, 0xB705, 0x77F2, 0xB705, 0x0000, 0xB705, 0x0000, 0x0202, 0x2140, 0x0021, 0x0021, 0x0021,
        0x0021, 0x0021, 0x77F2, 0x0021, 0x2140, 0x2140, 0x77F2, 0x2140, 0x2140, 0x2140, 0x2140, 0x0202, 0x0021, 0x0021, 0x0021, 0x0021,
    },
    {
        0x0021, 0xDFFC, 0x0021, 0x1940, 0x1940, 0x1940, 0x1940, 0x1940, 0x1940, 0x1940, 0x0BE4, 0x1940, 0x77F2, 0xDFFC, 0x0021, 0x0021,
        0x0021, 0x1940, 0x1940, 0x1940, 0xE7F3, 0xE7F3, 0xE7F3, 0xE7F3, 0xE7F3, 0xE7F3, 0x1607, 0xE7F3, 0x77F2, 0x1940, 0x1940, 0x0021,
        0x1940, 0x1940, 0xE7F3, 0xE7F3, 0xAF05, 0xAF05, 0xAF05, 0x0202, 0xAF05, 0xAF05, 0x2F6B, 0xAF05, 0xE7F3, 0xE7F3, 0x1940, 0x1940,
        0x0BE4, 0xE7F3, 0xAF05, 0xAF05, 0xAF05, 0xAF05, 0xAF05, 0x0202, 0xAF05, 0xAF05, 0x77F2, 0xAF05, 0xAF05, 0xAF05, 0xE7F3, 0x1940,
        0x0202, 0xAF05, 0xAF05, 0xAF05, 0xAF05, 0xAF05, 0xAF05, 0x0BE4, 0xAF05, 0xAF05, 0xAF05, 0xAF05, 0xAF05, 0xAF05, 0xAF05, 0x1940,
        0x0BE4, 0xAF05, 0xAF05, 0x0000, 0x0000, 0x0000, 0xAF05, 0x1607, 0xAF05, 0x0202, 0x0000, 0x0000, 0x0000, 0xAF05, 0xAF05, 0x1940,
        0x2F6B, 0x0202, 0xAF05, 0x0000, 0x0000, 0x0000, 0xAF05, 0x2F6B, 0xAF05, 0x0202, 0x0000, 0x0000, 0x0000, 0xAF05, 0xAF05, 0x1940,
        0x77F2, 0x0202, 0xAF05, 0xAF05, 0x0000, 0x0000, 0xAF05, 0x77F2, 0xAF05, 0x0BE4, 0x0000, 0x0000, 0xAF05, 0xAF05, 0xAF05, 0x0202,
        0x77F2, 0x0BE4, 0xAF05, 0xAF05, 0x0BE4, 0xAF05, 0xAF05, 0xAF05, 0xAF05, 0x1607, 0xAF05, 0xAF05, 0xAF05, 0xAF05, 0xAF05, 0x0202,
        0x1940, 0x1607, 0xAF05, 0xAF05, 0x0202, 0x0202, 0xAF05, 0x0000, 0x0000, 0x2F6B, 0xAF05, 0xAF05, 0xAF05, 0xAF05, 0x0202, 0x1607,
        0x0021, 0x2F6B, 0xAF05, 0xAF05, 0x0BE4, 0x0202, 0xAF05, 0x0000, 0x0000, 0x77F2, 0xAF05, 0xAF05, 0xAF05, 0xAF05, 0x0202, 0x1607,
        0x0021, 0x77F2, 0x0202, 0xAF05, 0x1607, 0x0BE4, 0x0202, 0xAF05, 0xAF05, 0xAF05, 0xAF05, 0xAF05, 0xAF05, 0x1940, 0x0BE4, 0x2F6B,
        0x0021, 0x0021, 0x0202, 0x1940, 0x2F6B, 0x1607, 0x0202, 0x0000, 0x0000, 0x0000, 0x0000, 0xAF05, 0x1940, 0x1940, 0x1607, 0x77F2,
        0x0021, 0x0021, 0x0BE4, 0x1940, 0x77F2, 0x2F6B, 0x0BE4, 0x0000, 0xAF05, 0x0000, 0xAF05, 0xAF05, 0x1940, 0x0021, 0x2F6B, 0x0021,
        0x0021, 0x0021, 0x1607, 0x1940, 0x1940, 0x77F2, 0x1607, 0xAF05, 0x0000, 0xAF05, 0x0000, 0x1940, 0x1940, 0x0021, 0x77F2, 0x0021,
        0x0021, 0x0021, 0x77F2, 0x0021, 0x1940, 0x1940, 0x2F6B, 0x1940, 0x1940, 0x1940, 0x1940, 0x0202, 0x0021, 0x0021, 0x0021, 0x0021,
    },
    {
        0x0021, 0xDFFC, 0x0021, 0x1940, 0x1940, 0x1940, 0x1940, 0xDFFC, 0x1940, 0x1940, 0x0202, 0x1940, 0x1607, 0xDFFC, 0x0021, 0x0021,
        0x0021, 0x1940, 0x1940, 0x1940, 0xDFF3, 0xDFF3, 0xDFF3, 0xDFF3, 0xDFF3, 0xDFF3, 0x1607, 0xDFF3, 0x2F6B, 0x1940, 0x1940, 0x0021,
        0x1940, 0x1940, 0xDFF3, 0xDFF3, 0xA705, 0xA705, 0xA705, 0xA705, 0xA705, 0xA705, 0x1607, 0xA705, 0x77F2, 0xDFF3, 0x1940, 0x1940,
        0x1940, 0xDFF3, 0xA705, 0xA705, 0xA705, 0xA705, 0xA705, 0x0202, 0xA705, 0xA705, 0x2F6B, 0xA705, 0xA705, 0xA705, 0xDFF3, 0x1940,
        0x0202, 0xA705, 0xA705, 0xA705, 0xA705, 0xA705, 0xA705, 0x0202, 0xA705, 0xA705, 0x77F2, 0xA705, 0xA705, 0xA705, 0xA705, 0x1940,
        0x0202, 0xA705, 0xA705, 0x0000, 0x0000, 0x0000, 0xA705, 0x0BE4, 0xA705, 0xA705, 0x0000, 0x0000, 0x0000, 0xA705, 0xA705, 0x1940,
        0x0BE4, 0xA705, 0xA705, 0x0000, 0x0000, 0x0000, 0xA705, 0x1607, 0xA705, 0x0202, 0x0000, 0x0000, 0x0000, 0xA705, 0xA705, 0x1940,
        0x1607, 0x0202, 0xA705, 0xA705, 0x0000, 0x0000, 0xA705, 0x2F6B, 0xA705, 0x0202, 0x0000, 0x0000, 0xA705, 0xA705, 0xA705, 0x1940,
        0x2F6B, 0x0202, 0xA705, 0xA705, 0xA705, 0xA705, 0xA705, 0x77F2, 0xA705, 0x0BE4, 0xA705, 0xA705, 0xA705, 0xA705, 0xA705, 0x0202,
        0x77F2, 0x0BE4, 0xA705, 0xA705, 0x0202, 0xA705, 0xA705, 0x0000, 0x0000, 0x1607, 0xA705, 0xA705, 0xA705, 0xA705, 0x1940, 0x0202,
        0x0021, 0x1607, 0xA705, 0xA705, 0x0202, 0x0202, 0xA705, 0x0000, 0x0000, 0x2F6B, 0xA705, 0xA705, 0xA705, 0xA705, 0x0202, 0x0BE4,
        0x0021, 0x2F6B, 0x1940, 0xA705, 0x0BE4, 0x0202, 0xA705, 0xA705, 0xA705, 0x77F2, 0xA705, 0xA705, 0xA705, 0x1940, 0x0202, 0x1607,
        0x0021, 0x77F2, 0x0202, 0x1940, 0x1607, 0x1607, 0x0202, 0x0000, 0x0000, 0x0000, 0x0000, 0xA705, 0x1940, 0x1940, 0x0BE4, 0x2F6B,
        0x0021, 0x0021, 0x0202, 0x1940, 0x77F2, 0x1607, 0x0BE4, 0x0000, 0xA705, 0x0000, 0xA705, 0xA705, 0x1940, 0x0021, 0x1607, 0x77F2,
        0x0021, 0x0021, 0x0BE4, 0x1940, 0x77F2, 0x2F6B, 0x0BE4, 0xA705, 0x0000, 0xA705, 0x0000, 0x1940, 0x1940, 0x0021, 0x2F6B, 0x0021,
        0x0021, 0x0021, 0x1607, 0x0021, 0x1940, 0x77F2, 0x1607, 0x1940, 0x1940, 0x1940, 0x1940, 0x1940, 0x0021, 0x0021, 0x77F2, 0x0021,
    },
    {
        0x0021, 0xDFFC, 0x0021, 0x1940, 0x1940, 0x1940, 0x1940, 0xDFFC, 0x1940, 0x1940, 0x0202, 0x1940, 0x1607, 0xDFFC, 0x0021, 0x0021,
        0x0021, 0x1940, 0x1940, 0x1940, 0xD7F3, 0xD7F3, 0xD7F3, 0xD7F3, 0xD7F3, 0xD7F3, 0x0BE4, 0xD7F3, 0x2F6B, 0x1940, 0x1940, 0x0021,
        0x1940, 0x1940, 0xD7F3, 0xD7F3, 0x9F05, 0x9F05, 0x9F05, 0x9F05, 0x9F05, 0x9F05, 0x1607, 0x9F05, 0x77F2, 0xD7F3, 0x1940, 0x1940,
        0x1940, 0xD7F3, 0x9F05, 0x9F05, 0x9F05, 0x9F05, 0x9F05, 0x0202, 0x9F05, 0x9F05, 0x2F6B, 0x9F05, 0x9F05, 0x9F05, 0xD7F3, 0x1940,
        0x0BE4, 0x9F05, 0x9F05, 0x9F05, 0x9F05, 0x9F05, 0x9F05, 0x0BE4, 0x9F05, 0x9F05, 0x77F2, 0x9F05, 0x9F05, 0x9F05, 0x9F05, 0x1940,
        0x0202, 0x9F05, 0x9F05, 0x0000, 0x0000, 0x0000, 0x9F05, 0x0BE4, 0x9F05, 0x9F05, 0x0000, 0x0000, 0x0000, 0x9F05, 0x9F05, 0x1940,
        0x0BE4, 0x9F05, 0x9F05, 0x0000, 0x0000, 0x0000, 0x9F05, 0x1607, 0x9F05, 0x0202, 0x0000, 0x0000, 0x0000, 0x9F05, 0x9F05, 0x1940,
        0x1607, 0x0BE4, 0x9F05, 0x9F05, 0x0000, 0x0000, 0x9F05, 0x2F6B, 0x9F05, 0x0202, 0x0000, 0x0000, 0x9F05, 0x9F05, 0x9F05, 0x1940,
        0x2F6B, 0x0BE4, 0x9F05, 0x9F05, 0x9F05, 0x9F05, 0x9F05, 0x77F2, 0x9F05, 0x0BE4, 0x9F05, 0x9F05, 0x9F05, 0x9F05, 0x9F05, 0x0202,
        0x77F2, 0x0BE4, 0x9F05, 0x9F05, 0x0202, 0x9F05, 0x9F05, 0x0000, 0x0000, 0x1607, 0x9F05, 0x9F05, 0x9F05, 0x9F05, 0x1940, 0x0202,
        0x0021, 0x1607, 0x9F05, 0x9F05, 0x0202, 0x0202, 0x9F05, 0x0000, 0x0000, 0x2F6B, 0x9F05, 0x9F05, 0x9F05, 0x9F05, 0x0202, 0x0BE4,
        0x0021, 0x2F6B, 0x1940, 0x9F05, 0x1607, 0x0202, 0x9F05, 0x9F05, 0x9F05, 0x77F2, 0x9F05, 0x9F05, 0x9F05, 0x1940, 0x0202, 0x1607,
        0x0021, 0x77F2, 0x0BE4, 0x1940, 0x1607, 0x1607, 0x0BE4, 0x0000, 0x0000, 0x0000, 0x0000, 0x9F05, 0x1940, 0x1940, 0x0BE4, 0x2F6B,
        0x0021, 0x0021, 0x0202, 0x1940, 0x2F6B, 0x1607, 0x0202, 0x0000, 0x9F05, 0x0000, 0x9F05, 0x9F05, 0x1940, 0x0021, 0x2F6B, 0x77F2,
        0x0021, 0x0021, 0x0BE4, 0x1940, 0x77F2, 0x2F6B, 0x0BE4, 0x9F05, 0x0000, 0x9F05, 0x0000, 0x1940, 0x1940, 0x0021, 0x2F6B, 0x0021,
        0x0021, 0x0021, 0x1607, 0x0021, 0x1940, 0x77F2, 0x2F6B, 0x1940, 0x1940, 0x1940, 0x1940, 0x1940, 0x0021, 0x0021, 0x77F2, 0x0021,
    },
    {
        0xDFFC, 0x77F2, 0x0021, 0x1940, 0x1940, 0x1940, 0x1940, 0xDFFC, 0x1940, 0x1940, 0x0202, 0x1940, 0x0BE4, 0x77F2, 0x0021, 0x0021,
        0x0021, 0xDFFC, 0x1940, 0x1940, 0xD7F3, 0xD7F3, 0xD7F3, 0xD7F3, 0xD7F3, 0xD7F3, 0x0202, 0xD7F3, 0x1607, 0xDFFC, 0x1940, 0x0021,
        0x1940, 0x1940, 0xD7F3, 0xD7F3, 0x9705, 0x9705, 0x9705, 0x9705, 0x9705, 0x9705, 0x0BE4, 0x9705, 0x77F2, 0xD7F3, 0x1940, 0x1940,
        0x1940, 0xD7F3, 0x9705, 0x9705, 0x9705, 0x9705, 0x9705, 0x9705, 0x9705, 0x9705, 0x2F6B, 0x9705, 0x77F2, 0x9705, 0xD7F3, 0x1940,
        0x1940, 0x9705, 0x9705, 0x9705, 0x9705, 0x9705, 0x9705, 0x0202, 0x9705, 0x9705, 0x2F6B, 0x9705, 0x9705, 0x9705, 0x9705, 0x1940,
        0x0202, 0x9705, 0x9705, 0x0000, 0x0000, 0x0000, 0x9705, 0x0202, 0x9705, 0x9705, 0x77F2, 0x0000, 0x0000, 0x9705, 0x9705, 0x1940,
        0x0202, 0x9705, 0x9705, 0x0000, 0x0000, 0x0000, 0x9705, 0x0BE4, 0x9705, 0x9705, 0x0000, 0x0000, 0x0000, 0x9705, 0x9705, 0x1940,
        0x0BE4, 0x9705, 0x9705, 0x9705, 0x0000, 0x0000, 0x9705, 0x1607, 0x9705, 0x0202, 0x0000, 0x0000, 0x9705, 0x9705, 0x9705, 0x1940,
        0x2F6B, 0x0202, 0x9705, 0x9705, 0x9705, 0x9705, 0x9705, 0x2F6B, 0x9705, 0x0BE4, 0x9705, 0x9705, 0x9705, 0x9705, 0x9705, 0x1940,
        0x2F6B, 0x0BE4, 0x9705, 0x9705, 0x9705, 0x9705, 0x9705, 0x77F2, 0x0000, 0x0BE4, 0x9705, 0x9705, 0x9705, 0x9705, 0x1940, 0x0BE4,
        0x77F2, 0x1607, 0x9705, 0x9705, 0x0202, 0x9705, 0x9705, 0x0000, 0x0000, 0x2F6B, 0x9705, 0x9705, 0x9705, 0x9705, 0x1940, 0x0202,
        0x0021, 0x1607, 0x1940, 0x9705, 0x0202, 0x0202, 0x9705, 0x9705, 0x9705, 0x2F6B, 0x9705, 0x9705, 0x9705, 0x1940, 0x0202, 0x0BE4,
        0x0021, 0x2F6B, 0x1940, 0x1940, 0x1607, 0x0202, 0x0000, 0x0000, 0x0000, 0x77F2, 0x0000, 0x9705, 0x1940, 0x1940, 0x0202, 0x1607,
        0x0021, 0x77F2, 0x0202, 0x1940, 0x2F6B, 0x0BE4, 0x0202, 0x0000, 0x9705, 0x0000, 0x9705, 0x9705, 0x1940, 0x0021, 0x0BE4, 0x2F6B,
        0x0021, 0x0021, 0x0202, 0x1940, 0x2F6B, 0x1607, 0x0202, 0x9705, 0x0000, 0x9705, 0x0000, 0x1940, 0x1940, 0x0021, 0x1607, 0x77F2,
        0x0021, 0x0021, 0x0BE4, 0x0021, 0x77F2, 0x2F6B, 0x1607, 0x1940, 0x1940, 0x1940, 0x1940, 0x1940, 0x0021, 0x0021, 0x2F6B, 0x0021,
    },
    {
        0xDFFC, 0x2F6B, 0x0021, 0x1940, 0x1940, 0x1940, 0x1940, 0x77F2, 0x1940, 0x1940, 0x1940, 0x1940, 0x0202, 0x2F6B, 0x0021, 0x0021,
        0x0021, 0x77F2, 0x1940, 0x1940, 0xCFF3, 0xCFF3, 0xCFF3, 0xDFFC, 0xCFF3, 0xCFF3, 0x0BE4, 0xCFF3, 0x0BE4, 0x77F2, 0x0021, 0x0021,
        0x1940, 0xDFFC, 0xCFF3, 0xCFF3, 0x8F05, 0x8F05, 0x8F05, 0xCFF3, 0x8F05, 0x8F05, 0x0202, 0x8F05, 0x2F6B, 0xDFFC, 0x1940, 0x1940,
        0x1940, 0xCFF3, 0x8F05, 0x8F05, 0x8F05, 0x8F05, 0x8F05, 0x8F05, 0x8F05, 0x8F05, 0x0BE4, 0x8F05, 0x2F6B, 0xCFF3, 0xCFF3, 0x1940,
        0x1940, 0x8F05, 0x8F05, 0x8F05, 0x8F05, 0x8F05, 0x8F05, 0x8F05, 0x8F05, 0x8F05, 0x1607, 0x8F05, 0x77F2, 0x8F05, 0x8F05, 0x1940,
        0x1940, 0x8F05, 0x8F05, 0x0000, 0x0000, 0x0000, 0x8F05, 0x0202, 0x8F05, 0x8F05, 0x2F6B, 0x0000, 0x0000, 0x8F05, 0x8F05, 0x1940,
        0x0202, 0x8F05, 0x8F05, 0x0000, 0x0000, 0x0000, 0x8F05, 0x0202, 0x8F05, 0x8F05, 0x77F2, 0x0000, 0x0000, 0x8F05, 0x8F05, 0x1940,
        0x0BE4, 0x8F05, 0x8F05, 0x8F05, 0x0000, 0x0000, 0x8F05, 0x0BE4, 0x8F05, 0x8F05, 0x0000, 0x0000, 0x8F05, 0x8F05, 0x8F05, 0x1940,
        0x0BE4, 0x8F05, 0x8F05, 0x8F05, 0x8F05, 0x8F05, 0x8F05, 0x1607, 0x8F05, 0x0202, 0x8F05, 0x8F05, 0x8F05, 0x8F05, 0x8F05, 0x1940,
        0x1607, 0x0202, 0x8F05, 0x8F05, 0x8F05, 0x8F05, 0x8F05, 0x2F6B, 0x0000, 0x0202, 0x8F05, 0x8F05, 0x8F05, 0x8F05, 0x1940, 0x1940,
        0x2F6B, 0x0202, 0x8F05, 0x8F05, 0x8F05, 0x8F05, 0x8F05, 0x77F2, 0x0000, 0x0BE4, 0x8F05, 0x8F05, 0x8F05, 0x8F05, 0x1940, 0x0202,
        0x77F2, 0x0BE4, 0x1940, 0x8F05, 0x0202, 0x8F05, 0x8F05, 0x8F05, 0x8F05, 0x1607, 0x8F05, 0x8F05, 0x8F05, 0x1940, 0x1940, 0x0202,
        0x0021, 0x1607, 0x1940, 0x1940, 0x0202, 0x0202, 0x0000, 0x0000, 0x0000, 0x2F6B, 0x0000, 0x8F05, 0x1940, 0x1940, 0x0202, 0x0BE4,
        0x0021, 0x2F6B, 0x0021, 0x1940, 0x0BE4, 0x0202, 0x8F05, 0x0000, 0x8F05, 0x77F2, 0x8F05, 0x8F05, 0x1940, 0x0021, 0x0202, 0x1607,
        0x0021, 0x77F2, 0x0202, 0x1940, 0x1607, 0x0BE4, 0x0202, 0x8F05, 0x0000, 0x8F05, 0x0000, 0x1940, 0x1940, 0x0021, 0x0BE4, 0x77F2,
        0x0021, 0x0021, 0x0202, 0x0021, 0x2F6B, 0x1607, 0x0202, 0x1940, 0x1940, 0x1940, 0x1940, 0x1940, 0x0021, 0x0021, 0x1607, 0x77F2,
    },
    {
        0xDFFC, 0x2F6B, 0xDFFC, 0x1140, 0xDFFC, 0x1140, 0x1140, 0x2F6B, 0x1140, 0x1140, 0x1140, 0x1140, 0x0202, 0x2F6B, 0x0021, 0x0021,
        0x0021, 0x77F2, 0x1140, 0x1140, 0xCFF3, 0xCFF3, 0xCFF3, 0x77F2, 0xCFF3, 0xCFF3, 0x0BE4, 0xCFF3, 0x0BE4, 0x77F2, 0x0021, 0x0021,
        0x1140, 0xDFFC, 0xCFF3, 0xCFF3, 0x8705, 0x8705, 0x8705, 0xDFFC, 0x8705, 0x8705, 0x0202, 0x8705, 0x1607, 0xDFFC, 0x1140, 0x1140,
        0x1140, 0xCFF3, 0x8705, 0x8705, 0x8705, 0x8705, 0x8705, 0xCFF3, 0x8705, 0x8705, 0x1607, 0x8705, 0x2F6B, 0xCFF3, 0xCFF3, 0x1140,
        0x1140, 0x8705, 0x8705, 0x8705, 0x8705, 0x8705, 0x8705, 0x8705, 0x8705, 0x8705, 0x1607, 0x8705, 0x77F2, 0x8705, 0x8705, 0x1140,
        0x1140, 0x8705, 0x8705, 0x0000, 0x0000, 0x0000, 0x8705, 0x0202, 0x8705, 0x8705, 0x2F6B, 0x0000, 0x0000, 0x8705, 0x8705, 0x1140,
        0x0BE4, 0x8705, 0x8705, 0x0000, 0x0000, 0x0000, 0x8705, 0x0202, 0x8705, 0x8705, 0x77F2, 0x0000, 0x0000, 0x8705, 0x8705, 0x1140,
        0x0202, 0x8705, 0x8705, 0x8705, 0x0000, 0x0000, 0x8705, 0x0BE4, 0x8705, 0x8705, 0x0000, 0x0000, 0x8705, 0x8705, 0x8705, 0x1140,
        0x1607, 0x8705, 0x8705, 0x8705, 0x8705, 0x8705, 0x8705, 0x1607, 0x8705, 0x0202, 0x8705, 0x8705, 0x8705, 0x8705, 0x8705, 0x1140,
        0x1607, 0x0202, 0x8705, 0x8705, 0x8705, 0x8705, 0x8705, 0x2F6B, 0x0000, 0x0202, 0x8705, 0x8705, 0x8705, 0x8705, 0x1140, 0x1140,
        0x77F2, 0x0202, 0x8705, 0x8705, 0x8705, 0x8705, 0x8705, 0x77F2, 0x0000, 0x0BE4, 0x8705, 0x8705, 0x8705, 0x8705, 0x1140, 0x0202,
        0x77F2, 0x0BE4, 0x1140, 0x8705, 0x0BE4, 0x8705, 0x8705, 0x8705, 0x8705, 0x1607, 0x8705, 0x8705, 0x8705, 0x1140, 0x1140, 0x0202,
        0x0021, 0x1607, 0x1140, 0x1140, 0x0202, 0x0202, 0x0000, 0x0000, 0x0000, 0x2F6B, 0x0000, 0x8705, 0x1140, 0x1140, 0x0202, 0x0BE4,
        0x0021, 0x2F6B, 0x0021, 0x1140, 0x0BE4, 0x0202, 0x8705, 0x0000, 0x8705, 0x77F2, 0x8705, 0x8705, 0x1140, 0x0021, 0x0202, 0x1607,
        0x0021, 0x77F2, 0x0BE4, 0x1140, 0x1607, 0x0BE4, 0x0202, 0x8705, 0x0000, 0x8705, 0x0000, 0x1140, 0x1140, 0x0021, 0x0BE4, 0x2F6B,
        0x0021, 0x0021, 0x0202, 0x0021, 0x2F6B, 0x1607, 0x0202, 0x1140, 0x1140, 0x1140, 0x1140, 0x1140, 0x0021, 0x0021, 0x1607, 0x77F2,
    },
    {
        0x77F2, 0x1607, 0xDFFC, 0x1140, 0xDFFC, 0x1140, 0x1140, 0x2F6B, 0x1140, 0x1140, 0x1140, 0x1140, 0x0BE4, 0x1607, 0x0021, 0x0021,
        0xDFFC, 0x2F6B, 0x1140, 0x1140, 0xC7F3, 0xC7F3, 0xC7F3, 0x77F2, 0xC7F3, 0xC7F3, 0xC7F3, 0xC7F3, 0x0202, 0x2F6B, 0x0021, 0x0021,
        0x0021, 0x77F2, 0xC7F3, 0xC7F3, 0x7705, 0x7705, 0x7705, 0xDFFC, 0x7705, 0x7705, 0x0202, 0x7705, 0x0BE4, 0x77F2, 0x1140, 0x1140,
        0x1140, 0xDFFC, 0x7705, 0x7705, 0x7705, 0x7705, 0x7705, 0xC7F3, 0x7705, 0x7705, 0x0202, 0x7705, 0x1607, 0xDFFC, 0xC7F3, 0x1140,
        0x1140, 0xC7F3, 0x7705, 0x7705, 0x7705, 0x7705, 0x7705, 0x7705, 0x7705, 0x7705, 0x0BE4, 0x7705, 0x2F6B, 0xC7F3, 0x7705, 0x1140,
        0x1140, 0x7705, 0x7705, 0x0000, 0x0000, 0x0000, 0x7705, 0x7705, 0x7705, 0x7705, 0x1607, 0x0000, 0x77F2, 0x7705, 0x7705, 0x1140,
        0x1140, 0x7705, 0x7705, 0x0000, 0x0000, 0x0000, 0x7705, 0x0202, 0x7705, 0x7705, 0x2F6B, 0x0000, 0x0000, 0x7705, 0x7705, 0x1140,
        0x0202, 0x7705, 0x7705, 0x7705, 0x0000, 0x0000, 0x7705, 0x0202, 0x7705, 0x7705, 0x77F2, 0x0000, 0x7705, 0x7705, 0x7705, 0x1140,
        0x0202, 0x7705, 0x7705, 0x7705, 0x7705, 0x7705, 0x7705, 0x0BE4, 0x7705, 0x7705, 0x7705, 0x7705, 0x7705, 0x7705, 0x7705, 0x1140,
        0x0BE4, 0x1140, 0x7705, 0x7705, 0x7705, 0x7705, 0x7705, 0x1607, 0x0000, 0x0202, 0x7705, 0x7705, 0x7705, 0x7705, 0x1140, 0x1140,
        0x2F6B, 0x0202, 0x7705, 0x7705, 0x7705, 0x7705, 0x7705, 0x2F6B, 0x0000, 0x0202, 0x7705, 0x7705, 0x7705, 0x7705, 0x1140, 0x0021,
        0x2F6B, 0x0202, 0x1140, 0x7705, 0x7705, 0x7705, 0x7705, 0x77F2, 0x7705, 0x0BE4, 0x7705, 0x7705, 0x7705, 0x1140, 0x1140, 0x0202,
        0x77F2, 0x0BE4, 0x1140, 0x1140, 0x0202, 0x0000, 0x0000, 0x0000, 0x0000, 0x1607, 0x0000, 0x7705, 0x1140, 0x1140, 0x0021, 0x0BE4,
        0x0021, 0x1607, 0x0021, 0x1140, 0x0202, 0x0202, 0x7705, 0x0000, 0x7705, 0x77F2, 0x7705, 0x7705, 0x1140, 0x0021, 0x0202, 0x0BE4,
        0x0021, 0x77F2, 0x0021, 0x1140, 0x0BE4, 0x0202, 0x0000, 0x7705, 0x0000, 0x77F2, 0x0000, 0x1140, 0x1140, 0x0021, 0x0202, 0x1607,
        0x0021, 0x77F2, 0x0202, 0x0021, 0x1607, 0x1607, 0x0202, 0x1140, 0x1140, 0x1140, 0x1140, 0x1140, 0x0021, 0x0021, 0x1607, 0x77F2,
    },
    {
        0x2F6B, 0x0BE4, 0xDFFC, 0xDFFC, 0xDFFC, 0x1140, 0x1140, 0x1607, 0x1140, 0xDFFC, 0x1140, 0xDFFC, 0xDFFC, 0x0BE4, 0xDFFC, 0x0021,
        0x77F2, 0x1607, 0x1140, 0x1140, 0xBFF3, 0xBFF3, 0xBFF3, 0x2F6B, 0xBFF3, 0xBFF3, 0xBFF3, 0xBFF3, 0x0202, 0x1607, 0x0021, 0x0021,
        0xDFFC, 0x2F6B, 0xBFF3, 0xBFF3, 0x6F05, 0x6F05, 0x6F05, 0x77F2, 0x6F05, 0x6F05, 0x6F05, 0x6F05, 0x0BE4, 0x2F6B, 0x1140, 0x1140,
        0x0021, 0x77F2, 0x6F05, 0x6F05, 0x6F05, 0x6F05, 0x6F05, 0xDFFC, 0x6F05, 0x6F05, 0x0202, 0x6F05, 0x1607, 0x77F2, 0xBFF3, 0x1140,
        0x1140, 0xDFFC, 0x6F05, 0x6F05, 0x6F05, 0x6F05, 0x6F05, 0xBFF3, 0x6F05, 0x6F05, 0x0202, 0x6F05, 0x1607, 0xDFFC, 0x6F05, 0x1140,
        0x1140, 0xBFF3, 0x6F05, 0x0000, 0x0000, 0x0000, 0x6F05, 0x6F05, 0x6F05, 0x6F05, 0x0BE4, 0x0000, 0x2F6B, 0xBFF3, 0x6F05, 0x1140,
        0x1140, 0x6F05, 0x6F05, 0x0000, 0x0000, 0x0000, 0x6F05, 0x6F05, 0x6F05, 0x6F05, 0x1607, 0x0000, 0x77F2, 0x6F05, 0x6F05, 0x1140,
        0x1140, 0x6F05, 0x6F05, 0x6F05, 0x0000, 0x0000, 0x6F05, 0x0202, 0x6F05, 0x6F05, 0x2F6B, 0x0000, 0x6F05, 0x6F05, 0x6F05, 0x1140,
        0x0202, 0x6F05, 0x6F05, 0x6F05, 0x6F05, 0x6F05, 0x6F05, 0x0202, 0x6F05, 0x6F05, 0x77F2, 0x6F05, 0x6F05, 0x6F05, 0x6F05, 0x1140,
        0x0BE4, 0x1140, 0x6F05, 0x6F05, 0x6F05, 0x6F05, 0x6F05, 0x1607, 0x0000, 0x6F05, 0x6F05, 0x6F05, 0x6F05, 0x6F05, 0x1140, 0x1140,
        0x0BE4, 0x1140, 0x6F05, 0x6F05, 0x6F05, 0x6F05, 0x6F05, 0x1607, 0x0000, 0x0202, 0x6F05, 0x6F05, 0x6F05, 0x6F05, 0x1140, 0x0021,
        0x1607, 0x0202, 0x1140, 0x6F05, 0x6F05, 0x6F05, 0x6F05, 0x2F6B, 0x6F05, 0x0202, 0x6F05, 0x6F05, 0x6F05, 0x1140, 0x1140, 0x0021,
        0x77F2, 0x0202, 0x1140, 0x1140, 0x6F05, 0x0000, 0x0000, 0x77F2, 0x0000, 0x0BE4, 0x0000, 0x6F05, 0x1140, 0x1140, 0x0021, 0x0202,
        0x77F2, 0x0BE4, 0x0021, 0x1140, 0x0202, 0x0000, 0x6F05, 0x0000, 0x6F05, 0x1607, 0x6F05, 0x6F05, 0x1140, 0x0021, 0x0021, 0x0202,
        0x0021, 0x1607, 0x0021, 0x1140, 0x0202, 0x0202, 0x0000, 0x6F05, 0x0000, 0x2F6B, 0x0000, 0x1140, 0x1140, 0x0021, 0x0202, 0x0BE4,
        0x0021, 0x2F6B, 0x0021, 0x0021, 0x0BE4, 0x0202, 0x1140, 0x1140, 0x1140, 0x77F2, 0x1140, 0x1140, 0x0021, 0x0021, 0x0202, 0x1607,
    },
    {
        0x2F6B, 0x0BE4, 0x77F2, 0xDFFC, 0x77F2, 0x1140, 0x1140, 0x0BE4, 0x1140, 0xDFFC, 0x1140, 0xDFFC, 0xDFFC, 0x0BE4, 0xDFFC, 0xDFFC,
        0x77F2, 0x1607, 0xDFFC, 0x1140, 0xDFFC, 0xBFF3, 0xBFF3, 0x1607, 0xBFF3, 0xBFF3, 0xBFF3, 0xBFF3, 0x1140, 0x1607, 0x0021, 0x0021,
        0xDFFC, 0x2F6B, 0xBFF3, 0xBFF3, 0xBFF3, 0x6705, 0x6705, 0x2F6B, 0x6705, 0x6705, 0x6705, 0x6705, 0x0202, 0x2F6B, 0x1140, 0x1140,
        0x0021, 0x77F2, 0x6705, 0x6705, 0x6705, 0x6705, 0x6705, 0x77F2, 0x6705, 0x6705, 0x6705, 0x6705, 0x0202, 0x77F2, 0xBFF3, 0x1140,
        0x1140, 0xDFFC, 0x6705, 0x6705, 0x6705, 0x6705, 0x6705, 0xDFFC, 0x6705, 0x6705, 0x0202, 0x6705, 0x0BE4, 0xDFFC, 0x6705, 0x1140,
        0x1140, 0xBFF3, 0x6705, 0x0000, 0x0000, 0x0000, 0x6705, 0xBFF3, 0x6705, 0x6705, 0x0BE4, 0x0000, 0x2F6B, 0x77F2, 0x6705, 0x1140,
        0x1140, 0x6705, 0x6705, 0x0000, 0x0000, 0x0000, 0x6705, 0x6705, 0x6705, 0x6705, 0x0BE4, 0x0000, 0x77F2, 0x6705, 0x6705, 0x1140,
        0x1140, 0x6705, 0x6705, 0x6705, 0x0000, 0x0000, 0x6705, 0x6705, 0x6705, 0x6705, 0x1607, 0x0000, 0x77F2, 0x6705, 0x6705, 0x1140,
        0x1140, 0x6705, 0x6705, 0x6705, 0x6705, 0x6705, 0x6705, 0x0BE4, 0x6705, 0x6705, 0x2F6B, 0x6705, 0x6705, 0x6705, 0x6705, 0x1140,
        0x0202, 0x1140, 0x6705, 0x6705, 0x6705, 0x6705, 0x6705, 0x0202, 0x0000, 0x6705, 0x77F2, 0x6705, 0x6705, 0x6705, 0x1140, 0x1140,
        0x0202, 0x1140, 0x6705, 0x6705, 0x6705, 0x6705, 0x6705, 0x0BE4, 0x0000, 0x6705, 0x6705, 0x6705, 0x6705, 0x6705, 0x1140, 0x0021,
        0x0BE4, 0x1140, 0x1140, 0x6705, 0x6705, 0x6705, 0x6705, 0x2F6B, 0x6705, 0x0202, 0x6705, 0x6705, 0x6705, 0x1140, 0x1140, 0x0021,
        0x1607, 0x0BE4, 0x1140, 0x1140, 0x6705, 0x0000, 0x0000, 0x2F6B, 0x0000, 0x0BE4, 0x0000, 0x6705, 0x1140, 0x1140, 0x0021, 0x0021,
        0x2F6B, 0x0202, 0x0021, 0x1140, 0x6705, 0x0000, 0x6705, 0x77F2, 0x6705, 0x0BE4, 0x6705, 0x6705, 0x1140, 0x0021, 0x0021, 0x0202,
        0x77F2, 0x0BE4, 0x0021, 0x1140, 0x0202, 0x6705, 0x0000, 0x6705, 0x0000, 0x2F6B, 0x0000, 0x1140, 0x1140, 0x0021, 0x0021, 0x0202,
        0x0021, 0x2F6B, 0x0021, 0x0021, 0x0BE4, 0x0202, 0x1140, 0x1140, 0x1140, 0x2F6B, 0x1140, 0x1140, 0x0021, 0x0021, 0x0202, 0x0BE4,
    },
    {
        0x1607, 0x0202, 0x2F6B, 0xDFFC, 0x2F6B, 0x0940, 0x0940, 0x0BE4, 0x0940, 0xDFFC, 0x0940, 0xDFFC, 0xDFFC, 0x0202, 0xDFFC, 0xDFFC,
        0x2F6B, 0x0BE4, 0x77F2, 0x0940, 0x77F2, 0xB7F3, 0xB7F3, 0x1607, 0xB7F3, 0xB7F3, 0xB7F3, 0xB7F3, 0x0940, 0x0BE4, 0x0021, 0x0021,
        0x77F2, 0x1607, 0xDFFC, 0xB7F3, 0xDFFC, 0x5F05, 0x5F05, 0x2F6B, 0x5F05, 0x5F05, 0x5F05, 0x5F05, 0x0202, 0x1607, 0x0940, 0x0940,
        0xDFFC, 0x2F6B, 0xB7F3, 0x5F05, 0xB7F3, 0x5F05, 0x5F05, 0x77F2, 0x5F05, 0x5F05, 0x5F05, 0x5F05, 0x0202, 0x2F6B, 0xB7F3, 0x0940,
        0x0021, 0x77F2, 0x5F05, 0x5F05, 0x5F05, 0x5F05, 0x5F05, 0xDFFC, 0x5F05, 0x5F05, 0x0BE4, 0x5F05, 0x0BE4, 0x77F2, 0x5F05, 0x0940,
        0x0940, 0xDFFC, 0x5F05, 0x0000, 0x0000, 0x0000, 0x5F05, 0xB7F3, 0x5F05, 0x5F05, 0x0202, 0x0000, 0x1607, 0xDFFC, 0x5F05, 0x0940,
        0x0940, 0xB7F3, 0x5F05, 0x0000, 0x0000, 0x0000, 0x5F05, 0x5F05, 0x5F05, 0x5F05, 0x0BE4, 0x0000, 0x77F2, 0xB7F3, 0x5F05, 0x0940,
        0x0940, 0x5F05, 0x5F05, 0x5F05, 0x0000, 0x0000, 0x5F05, 0x5F05, 0x5F05, 0x5F05, 0x1607, 0x0000, 0x77F2, 0x5F05, 0x5F05, 0x0940,
        0x0940, 0x5F05, 0x5F05, 0x5F05, 0x5F05, 0x5F05, 0x5F05, 0x0202, 0x5F05, 0x5F05, 0x2F6B, 0x5F05, 0x5F05, 0x5F05, 0x5F05, 0x0940,
        0x0BE4, 0x0940, 0x5F05, 0x5F05, 0x5F05, 0x5F05, 0x5F05, 0x0202, 0x0000, 0x5F05, 0x77F2, 0x5F05, 0x5F05, 0x5F05, 0x0940, 0x0940,
        0x0202, 0x0940, 0x5F05, 0x5F05, 0x5F05, 0x5F05, 0x5F05, 0x0BE4, 0x0000, 0x5F05, 0x5F05, 0x5F05, 0x5F05, 0x5F05, 0x0940, 0x0021,
        0x0BE4, 0x0940, 0x0940, 0x5F05, 0x5F05, 0x5F05, 0x5F05, 0x1607, 0x5F05, 0x0202, 0x5F05, 0x5F05, 0x5F05, 0x0940, 0x0940, 0x0021,
        0x1607, 0x0202, 0x0940, 0x0940, 0x5F05, 0x0000, 0x0000, 0x2F6B, 0x0000, 0x0202, 0x0000, 0x5F05, 0x0940, 0x0940, 0x0021, 0x0021,
        0x2F6B, 0x0202, 0x0021, 0x0940, 0x5F05, 0x0000, 0x5F05, 0x77F2, 0x5F05, 0x0BE4, 0x5F05, 0x5F05, 0x0940, 0x0021, 0x0021, 0x0202,
        0x77F2, 0x0BE4, 0x0021, 0x0940, 0x0202, 0x5F05, 0x0000, 0x5F05, 0x0000, 0x1607, 0x0000, 0x0940, 0x0940, 0x0021, 0x0021, 0x0202,
        0x0021, 0x1607, 0x0021, 0x0021, 0x0202, 0x0202, 0x0940, 0x0940, 0x0940, 0x2F6B, 0x0940, 0x0940, 0x0021, 0x0021, 0x0202, 0x0BE4,
    },
    {
        0x0BE4, 0x0021, 0x2F6B, 0x77F2, 0x2F6B, 0xDFFC, 0x0940, 0x0202, 0xDFFC, 0x77F2, 0xDFFC, 0x77F2, 0x77F2, 0x0021, 0x77F2, 0xDFFC,
        0x1607, 0x0202, 0x77F2, 0xDFFC, 0x77F2, 0xAFF3, 0xAFF3, 0x0BE4, 0xAFF3, 0xDFFC, 0xAFF3, 0xDFFC, 0xDFFC, 0x0202, 0xDFFC, 0x0021,
        0x2F6B, 0x0BE4, 0xDFFC, 0xAFF3, 0xDFFC, 0x5705, 0x5705, 0x1607, 0x5705, 0xAFF3, 0x5705, 0xAFF3, 0xAFF3, 0x0BE4, 0x0940, 0x0940,
        0x77F2, 0x1607, 0xAFF3, 0x5705, 0xAFF3, 0x5705, 0x5705, 0x2F6B, 0x5705, 0x5705, 0x5705, 0x5705, 0x0202, 0x1607, 0xAFF3, 0x0940,
        0xDFFC, 0x2F6B, 0x5705, 0x5705, 0x5705, 0x5705, 0x5705, 0x77F2, 0x5705, 0x5705, 0x5705, 0x5705, 0x0BE4, 0x2F6B, 0x5705, 0x0940,
        0x0021, 0x77F2, 0x5705, 0x0000, 0x0000, 0x0000, 0x5705, 0xDFFC, 0x5705, 0x5705, 0x0202, 0x0000, 0x1607, 0x77F2, 0x5705, 0x0940,
        0x0940, 0xDFFC, 0x5705, 0x0000, 0x0000, 0x0000, 0x5705, 0xAFF3, 0x5705, 0x5705, 0x0202, 0x0000, 0x1607, 0xDFFC, 0x5705, 0x0940,
        0x0940, 0xAFF3, 0x5705, 0x5705, 0x0000, 0x0000, 0x5705, 0x5705, 0x5705, 0x5705, 0x0BE4, 0x0000, 0x2F6B, 0xAFF3, 0x5705, 0x0940,
        0x0940, 0x5705, 0x5705, 0x5705, 0x5705, 0x5705, 0x5705, 0x5705, 0x5705, 0x5705, 0x1607, 0x5705, 0x77F2, 0x5705, 0x5705, 0x0940,
        0x0940, 0x0940, 0x5705, 0x5705, 0x5705, 0x5705, 0x5705, 0x0202, 0x0000, 0x5705, 0x2F6B, 0x5705, 0x5705, 0x5705, 0x0940, 0x0940,
        0x0202, 0x0940, 0x5705, 0x5705, 0x5705, 0x5705, 0x5705, 0x0202, 0x0000, 0x5705, 0x77F2, 0x5705, 0x5705, 0x5705, 0x0940, 0x0021,
        0x0202, 0x0940, 0x0940, 0x5705, 0x5705, 0x5705, 0x5705, 0x1607, 0x5705, 0x5705, 0x5705, 0x5705, 0x5705, 0x0940, 0x0940, 0x0021,
        0x0BE4, 0x0021, 0x0940, 0x0940, 0x5705, 0x0000, 0x0000, 0x1607, 0x0000, 0x0202, 0x0000, 0x5705, 0x0940, 0x0940, 0x0021, 0x0021,
        0x1607, 0x0202, 0x0021, 0x0940, 0x5705, 0x0000, 0x5705, 0x2F6B, 0x5705, 0x0202, 0x5705, 0x5705, 0x0940, 0x0021, 0x0021, 0x0021,
        0x2F6B, 0x0202, 0x0021, 0x0940, 0x0940, 0x5705, 0x0000, 0x77F2, 0x0000, 0x0BE4, 0x0000, 0x0940, 0x0940, 0x0021, 0x0021, 0x0202,
        0x77F2, 0x0BE4, 0x0021, 0x0021, 0x0202, 0x0940, 0x0940, 0x0940, 0x0940, 0x1607, 0x0940, 0x0940, 0x0021, 0x0021, 0x0021, 0x0202,
    },
    {
        0x0BE4, 0x0021, 0x1607, 0x2F6B, 0x1607, 0xDFFC, 0xDFFC, 0x0940, 0xDFFC, 0x2F6B, 0xDFFC, 0x2F6B, 0x2F6B, 0x0021, 0x2F6B, 0x77F2,
        0x1607, 0x0021, 0x2F6B, 0x77F2, 0x2F6B, 0xAFF3, 0xAFF3, 0x0202, 0x77F2, 0x77F2, 0xAFF3, 0x77F2, 0x77F2, 0x0021, 0x77F2, 0xDFFC,
        0x2F6B, 0x0202, 0x77F2, 0xDFFC, 0x77F2, 0x4F05, 0x4F05, 0x0BE4, 0x4F05, 0xDFFC, 0x4F05, 0xDFFC, 0xDFFC, 0x0202, 0xDFFC, 0x0940,
        0x77F2, 0x0BE4, 0xDFFC, 0xAFF3, 0xDFFC, 0x4F05, 0x4F05, 0x1607, 0x4F05, 0xAFF3, 0x4F05, 0xAFF3, 0xAFF3, 0x0BE4, 0xAFF3, 0x0940,
        0xDFFC, 0x1607, 0xAFF3, 0x4F05, 0xAFF3, 0x4F05, 0x4F05, 0x2F6B, 0x4F05, 0x4F05, 0x4F05, 0x4F05, 0x0202, 0x1607, 0x4F05, 0x0940,
        0x0021, 0x2F6B, 0x4F05, 0x0000, 0x0000, 0x0000, 0x4F05, 0x77F2, 0x4F05, 0x4F05, 0x0000, 0x0000, 0x0202, 0x2F6B, 0x4F05, 0x0940,
        0x0940, 0x77F2, 0x4F05, 0x0000, 0x0000, 0x0000, 0x4F05, 0xDFFC, 0x4F05, 0x4F05, 0x0202, 0x0000, 0x0BE4, 0x77F2, 0x4F05, 0x0940,
        0x0940, 0xDFFC, 0x4F05, 0x4F05, 0x0000, 0x0000, 0x4F05, 0xAFF3, 0x4F05, 0x4F05, 0x0202, 0x0000, 0x2F6B, 0xDFFC, 0x4F05, 0x0940,
        0x0940, 0x4F05, 0x4F05, 0x4F05, 0x4F05, 0x4F05, 0x4F05, 0x4F05, 0x4F05, 0x4F05, 0x0BE4, 0x4F05, 0x2F6B, 0x4F05, 0x4F05, 0x0940,
        0x0940, 0x0940, 0x4F05, 0x4F05, 0x4F05, 0x4F05, 0x4F05, 0x0000, 0x0000, 0x4F05, 0x1607, 0x4F05, 0x77F2, 0x4F05, 0x0940, 0x0940,
        0x0021, 0x0940, 0x4F05, 0x4F05, 0x4F05, 0x4F05, 0x4F05, 0x0202, 0x0000, 0x4F05, 0x2F6B, 0x4F05, 0x4F05, 0x4F05, 0x0940, 0x0021,
        0x0202, 0x0940, 0x0940, 0x4F05, 0x4F05, 0x4F05, 0x4F05, 0x0202, 0x4F05, 0x4F05, 0x77F2, 0x4F05, 0x4F05, 0x0940, 0x0940, 0x0021,
        0x0202, 0x0021, 0x0940, 0x0940, 0x4F05, 0x0000, 0x0000, 0x0BE4, 0x0000, 0x0000, 0x0000, 0x4F05, 0x0940, 0x0940, 0x0021, 0x0021,
        0x0BE4, 0x0021, 0x0021, 0x0940, 0x4F05, 0x0000, 0x4F05, 0x1607, 0x4F05, 0x0202, 0x4F05, 0x4F05, 0x0940, 0x0021, 0x0021, 0x0021,
        0x1607, 0x0202, 0x0021, 0x0940, 0x0940, 0x4F05, 0x0000, 0x2F6B, 0x0000, 0x0202, 0x0000, 0x0940, 0x0940, 0x0021, 0x0021, 0x0021,
        0x2F6B, 0x0202, 0x0021, 0x0021, 0x0940, 0x0940, 0x0940, 0x77F2, 0x0940, 0x0BE4, 0x0940, 0x0940, 0x0021, 0x0021, 0x0021, 0x0202,
    },
    {
        0x0202, 0x0021, 0x0BE4, 0x2F6B, 0x0BE4, 0xDFFC, 0xDFFC, 0x0940, 0xDFFC, 0x2F6B, 0xDFFC, 0x2F6B, 0x2F6B, 0x0021, 0x2F6B, 0x2F6B,
        0x0BE4, 0x0021, 0x1607, 0x77F2, 0x1607, 0xA7F3, 0xA7F3, 0x0940, 0x77F2, 0x77F2, 0xA7F3, 0x77F2, 0x77F2, 0x0021, 0x77F2, 0x77F2,
        0x1607, 0x0202, 0x2F6B, 0xDFFC, 0x2F6B, 0x4705, 0x4705, 0x0202, 0x4705, 0xDFFC, 0x4705, 0xDFFC, 0xDFFC, 0x0202, 0xDFFC, 0xDFFC,
        0x2F6B, 0x0BE4, 0x77F2, 0xA7F3, 0x77F2, 0x4705, 0x4705, 0x0BE4, 0x4705, 0xA7F3, 0x4705, 0xA7F3, 0xA7F3, 0x0BE4, 0xA7F3, 0x0940,
        0x77F2, 0x1607, 0xDFFC, 0x4705, 0xDFFC, 0x4705, 0x4705, 0x1607, 0x4705, 0x4705, 0x4705, 0x4705, 0x0BE4, 0x1607, 0x4705, 0x0940,
        0xDFFC, 0x2F6B, 0xA7F3, 0x0000, 0x0000, 0x0000, 0x4705, 0x2F6B, 0x4705, 0x4705, 0x0000, 0x0000, 0x0202, 0x2F6B, 0x4705, 0x0940,
        0x0021, 0x77F2, 0x4705, 0x0000, 0x0000, 0x0000, 0x4705, 0x77F2, 0x4705, 0x4705, 0x0202, 0x0000, 0x0BE4, 0x77F2, 0x4705, 0x0940,
        0x0940, 0xDFFC, 0x4705, 0x4705, 0x0000, 0x0000, 0x4705, 0xDFFC, 0x4705, 0x4705, 0x0BE4, 0x0000, 0x1607, 0xDFFC, 0x4705, 0x0940,
        0x0940, 0xA7F3, 0x4705, 0x4705, 0x4705, 0x4705, 0x4705, 0x4705, 0x4705, 0x4705, 0x0BE4, 0x4705, 0x2F6B, 0xA7F3, 0x4705, 0x0940,
        0x0940, 0x0940, 0x4705, 0x4705, 0x4705, 0x4705, 0x4705, 0x0000, 0x0000, 0x4705, 0x2F6B, 0x4705, 0x77F2, 0x4705, 0x0940, 0x0940,
        0x0021, 0x0940, 0x4705, 0x4705, 0x4705, 0x4705, 0x4705, 0x0202, 0x0000, 0x4705, 0x2F6B, 0x4705, 0x4705, 0x4705, 0x0940, 0x0021,
        0x0202, 0x0940, 0x0940, 0x4705, 0x4705, 0x4705, 0x4705, 0x0202, 0x4705, 0x4705, 0x77F2, 0x4705, 0x4705, 0x0940, 0x0940, 0x0021,
        0x0202, 0x0021, 0x0940, 0x0940, 0x4705, 0x0000, 0x0000, 0x0BE4, 0x0000, 0x0000, 0x0000, 0x4705, 0x0940, 0x0940, 0x0021, 0x0021,
        0x0BE4, 0x0021, 0x0021, 0x0940, 0x4705, 0x0000, 0x4705, 0x1607, 0x4705, 0x0202, 0x4705, 0x4705, 0x0940, 0x0021, 0x0021, 0x0021,
        0x1607, 0x0202, 0x0021, 0x0940, 0x0940, 0x4705, 0x0000, 0x77F2, 0x0000, 0x0202, 0x0000, 0x0940, 0x0940, 0x0021, 0x0021, 0x0021,
        0x77F2, 0x0202, 0x0021, 0x0021, 0x0940, 0x0940, 0x0940, 0x77F2, 0x0940, 0x0BE4, 0x0940, 0x0940, 0x0021, 0x0021, 0x0021, 0x0BE4,
    },
    {
        0x0021, 0x0021, 0x0BE4, 0x1607, 0x0BE4, 0x77F2, 0xDFFC, 0x0140, 0x77F2, 0x1607, 0x77F2, 0x1607, 0x1607, 0x0021, 0x1607, 0x2F6B,
        0x0202, 0x0021, 0x1607, 0x2F6B, 0x1607, 0xDFFC, 0xA7F3, 0x0140, 0xDFFC, 0x2F6B, 0xDFFC, 0x2F6B, 0x2F6B, 0x0021, 0x2F6B, 0x77F2,
        0x0BE4, 0x0021, 0x2F6B, 0x77F2, 0x2F6B, 0xA7F3, 0x3F05, 0x0202, 0x77F2, 0x77F2, 0xA7F3, 0x77F2, 0x77F2, 0x0021, 0x77F2, 0xDFFC,
        0x1607, 0x0202, 0x77F2, 0xDFFC, 0x77F2, 0x3F05, 0x3F05, 0x0BE4, 0x3F05, 0xDFFC, 0x3F05, 0xDFFC, 0xDFFC, 0x0202, 0xDFFC, 0x0140,
        0x2F6B, 0x0BE4, 0xDFFC, 0xA7F3, 0xDFFC, 0x3F05, 0x3F05, 0x1607, 0x3F05, 0xA7F3, 0x3F05, 0xA7F3, 0xA7F3, 0x0BE4, 0xA7F3, 0x0140,
        0x77F2, 0x1607, 0xA7F3, 0x0000, 0x0000, 0x0000, 0x3F05, 0x2F6B, 0x3F05, 0x3F05, 0x0000, 0x0000, 0x0202, 0x1607, 0x3F05, 0x0140,
        0xDFFC, 0x2F6B, 0x3F05, 0x0000, 0x0000, 0x0000, 0x3F05, 0x77F2, 0x3F05, 0x3F05, 0x0000, 0x0000, 0x0202, 0x2F6B, 0x3F05, 0x0140,
        0x0021, 0x77F2, 0x3F05, 0x3F05, 0x0000, 0x0000, 0x3F05, 0xDFFC, 0x3F05, 0x3F05, 0x0202, 0x0000, 0x0BE4, 0x77F2, 0x3F05, 0x0140,
        0x0021, 0xDFFC, 0x3F05, 0x3F05, 0x3F05, 0x3F05, 0x3F05, 0xA7F3, 0x3F05, 0x3F05, 0x0202, 0x3F05, 0x1607, 0xDFFC, 0x3F05, 0x0140,
        0x0021, 0x0140, 0x3F05, 0x3F05, 0x3F05, 0x3F05, 0x3F05, 0x0000, 0x0000, 0x3F05, 0x0BE4, 0x3F05, 0x2F6B, 0xA7F3, 0x0140, 0x0140,
        0x0021, 0x0140, 0x3F05, 0x3F05, 0x3F05, 0x3F05, 0x3F05, 0x0000, 0x0000, 0x3F05, 0x1607, 0x3F05, 0x77F2, 0x3F05, 0x0140, 0x0021,
        0x0021, 0x0140, 0x0140, 0x3F05, 0x3F05, 0x3F05, 0x3F05, 0x0202, 0x3F05, 0x3F05, 0x2F6B, 0x3F05, 0x3F05, 0x0140, 0x0140, 0x0021,
        0x0202, 0x0021, 0x0140, 0x0140, 0x3F05, 0x0000, 0x0000, 0x0202, 0x0000, 0x0000, 0x77F2, 0x3F05, 0x0140, 0x0140, 0x0021, 0x0021,
        0x0BE4, 0x0021, 0x0021, 0x0140, 0x3F05, 0x0000, 0x3F05, 0x0BE4, 0x3F05, 0x0000, 0x3F05, 0x3F05, 0x0140, 0x0021, 0x0021, 0x0021,
        0x1607, 0x0021, 0x0021, 0x0140, 0x0140, 0x3F05, 0x0000, 0x1607, 0x0000, 0x0202, 0x0000, 0x0140, 0x0140, 0x0021, 0x0021, 0x0021,
        0x2F6B, 0x0202, 0x0021, 0x0021, 0x0140, 0x0140, 0x0140, 0x2F6B, 0x0140, 0x0BE4, 0x0140, 0x0140, 0x0021, 0x0021, 0x0021, 0x0021,
    },
    {
        0x0021, 0x0021, 0x0202, 0x0BE4, 0x0202, 0x2F6B, 0x77F2, 0x0021, 0x2F6B, 0x0BE4, 0x2F6B, 0x0BE4, 0x0BE4, 0x0021, 0x0BE4, 0x1607,
        0x0021, 0x0021, 0x0BE4, 0x1607, 0x0BE4, 0x77F2, 0xDFFC, 0x0140, 0x77F2, 0x1607, 0x77F2, 0x1607, 0x1607, 0x0021, 0x1607, 0x2F6B,
        0x0202, 0x0021, 0x1607, 0x2F6B, 0x1607, 0xDFFC, 0x9FF3, 0x0140, 0xDFFC, 0x2F6B, 0xDFFC, 0x2F6B, 0x2F6B, 0x0021, 0x2F6B, 0x77F2,
        0x0BE4, 0x0021, 0x2F6B, 0x77F2, 0x2F6B, 0x9FF3, 0x3705, 0x0202, 0x77F2, 0x77F2, 0x9FF3, 0x77F2, 0x77F2, 0x0021, 0x77F2, 0xDFFC,
        0x1607, 0x0202, 0x77F2, 0xDFFC, 0x77F2, 0x3705, 0x3705, 0x0BE4, 0x3705, 0xDFFC, 0x3705, 0xDFFC, 0xDFFC, 0x0202, 0xDFFC, 0x0140,
        0x2F6B, 0x0BE4, 0xDFFC, 0x0000, 0xDFFC, 0x0000, 0x3705, 0x1607, 0x3705, 0x9FF3, 0x0000, 0x0000, 0x0000, 0x0BE4, 0x9FF3, 0x0140,
        0x77F2, 0x1607, 0x9FF3, 0x0000, 0x0000, 0x0000, 0x3705, 0x2F6B, 0x3705, 0x3705, 0x0000, 0x0000, 0x0202, 0x1607, 0x3705, 0x0140,
        0xDFFC, 0x2F6B, 0x3705, 0x3705, 0x0000, 0x0000, 0x3705, 0x77F2, 0x3705, 0x3705, 0x0000, 0x0000, 0x0202, 0x2F6B, 0x3705, 0x0140,
        0x0021, 0x77F2, 0x3705, 0x3705, 0x3705, 0x3705, 0x3705, 0xDFFC, 0x3705, 0x3705, 0x0202, 0x3705, 0x0BE4, 0x77F2, 0x3705, 0x0140,
        0x0021, 0xDFFC, 0x3705, 0x3705, 0x3705, 0x3705, 0x3705, 0x0000, 0x0000, 0x3705, 0x0202, 0x3705, 0x1607, 0xDFFC, 0x0140, 0x0140,
        0x0021, 0x0140, 0x3705, 0x3705, 0x3705, 0x3705, 0x3705, 0x0000, 0x0000, 0x3705, 0x0BE4, 0x3705, 0x2F6B, 0x9FF3, 0x0140, 0x0021,
        0x0021, 0x0140, 0x0140, 0x3705, 0x3705, 0x3705, 0x3705, 0x3705, 0x3705, 0x3705, 0x1607, 0x3705, 0x77F2, 0x0140, 0x0140, 0x0021,
        0x0021, 0x0021, 0x0140, 0x0140, 0x3705, 0x0000, 0x0000, 0x0202, 0x0000, 0x0000, 0x2F6B, 0x3705, 0x0140, 0x0140, 0x0021, 0x0021,
        0x0202, 0x0021, 0x0021, 0x0140, 0x3705, 0x0000, 0x3705, 0x0202, 0x3705, 0x0000, 0x77F2, 0x3705, 0x0140, 0x0021, 0x0021, 0x0021,
        0x0202, 0x0021, 0x0021, 0x0140, 0x0140, 0x3705, 0x0000, 0x1607, 0x0000, 0x3705, 0x0000, 0x0140, 0x0140, 0x0021, 0x0021, 0x0021,
        0x0BE4, 0x0021, 0x0021, 0x0021, 0x0140, 0x0140, 0x0140, 0x1607, 0x0140, 0x0202, 0x0140, 0x0140, 0x0021, 0x0021, 0x0021, 0x0021,
    },
    {
        0x0021, 0x0021, 0x0021, 0x0BE4, 0x0021, 0x2F6B, 0x2F6B, 0x0021, 0x2F6B, 0x0BE4, 0x2F6B, 0x0BE4, 0x0BE4, 0x0021, 0x0BE4, 0x0BE4,
        0x0021, 0x0021, 0x0202, 0x1607, 0x0202, 0x77F2, 0x77F2, 0x0021, 0x77F2, 0x1607, 0x77F2, 0x1607, 0x1607, 0x0021, 0x1607, 0x1607,
        0x0202, 0x0021, 0x0BE4, 0x2F6B, 0x0BE4, 0xDFFC, 0xDFFC, 0x0140, 0xDFFC, 0x2F6B, 0xDFFC, 0x2F6B, 0x2F6B, 0x0021, 0x2F6B, 0x2F6B,
        0x0BE4, 0x0021, 0x1607, 0x77F2, 0x1607, 0x9FF3, 0x9FF3, 0x0140, 0x77F2, 0x77F2, 0x9FF3, 0x77F2, 0x77F2, 0x0021, 0x77F2, 0x77F2,
        0x1607, 0x0202, 0x2F6B, 0xDFFC, 0x2F6B, 0x2F05, 0x2F05, 0x0202, 0x2F05, 0xDFFC, 0x2F05, 0xDFFC, 0xDFFC, 0x0202, 0xDFFC, 0xDFFC,
        0x2F6B, 0x0BE4, 0x77F2, 0x0000, 0x77F2, 0x0000, 0x2F05, 0x0BE4, 0x2F05, 0x9FF3, 0x0000, 0x0000, 0x0000, 0x0BE4, 0x9FF3, 0x0140,
        0x77F2, 0x1607, 0xDFFC, 0x0000, 0xDFFC, 0x0000, 0x2F05, 0x1607, 0x2F05, 0x2F05, 0x0000, 0x0000, 0x0202, 0x1607, 0x2F05, 0x0140,
        0xDFFC, 0x2F6B, 0x9FF3, 0x2F05, 0x0000, 0x0000, 0x2F05, 0x2F6B, 0x2F05, 0x2F05, 0x0000, 0x0000, 0x0202, 0x2F6B, 0x2F05, 0x0140,
        0x0021, 0x77F2, 0x2F05, 0x2F05, 0x2F05, 0x2F05, 0x2F05, 0x77F2, 0x2F05, 0x2F05, 0x0202, 0x2F05, 0x0BE4, 0x77F2, 0x2F05, 0x0140,
        0x0021, 0xDFFC, 0x2F05, 0x2F05, 0x2F05, 0x2F05, 0x2F05, 0xDFFC, 0x0000, 0x2F05, 0x0202, 0x2F05, 0x1607, 0xDFFC, 0x0140, 0x0140,
        0x0021, 0x0140, 0x2F05, 0x2F05, 0x2F05, 0x2F05, 0x2F05, 0x0000, 0x0000, 0x2F05, 0x0BE4, 0x2F05, 0x77F2, 0x9FF3, 0x0140, 0x0021,
        0x0021, 0x0140, 0x0140, 0x2F05, 0x2F05, 0x2F05, 0x2F05, 0x2F05, 0x2F05, 0x2F05, 0x1607, 0x2F05, 0x77F2, 0x0140, 0x0140, 0x0021,
        0x0021, 0x0021, 0x0140, 0x0140, 0x2F05, 0x0000, 0x0000, 0x0202, 0x0000, 0x0000, 0x2F6B, 0x2F05, 0x0140, 0x0140, 0x0021, 0x0021,
        0x0202, 0x0021, 0x0021, 0x0140, 0x2F05, 0x0000, 0x2F05, 0x0202, 0x2F05, 0x0000, 0x77F2, 0x2F05, 0x0140, 0x0021, 0x0021, 0x0021,
        0x0202, 0x0021, 0x0021, 0x0140, 0x0140, 0x2F05, 0x0000, 0x0BE4, 0x0000, 0x2F05, 0x0000, 0x0140, 0x0140, 0x0021, 0x0021, 0x0021,
        0x1607, 0x0021, 0x0021, 0x0021, 0x0140, 0x0140, 0x0140, 0x2F6B, 0x0140, 0x0202, 0x0140, 0x0140, 0x0021, 0x0021, 0x0021, 0x0021,
    },
    {
        0x0021, 0x0021, 0x0021, 0x0202, 0x0021, 0x1607, 0x2F6B, 0x0021, 0x1607, 0x0202, 0x1607, 0x0202, 0x0202, 0x0021, 0x0202, 0x0BE4,
        0x0021, 0x0021, 0x0021, 0x0BE4, 0x0021, 0x2F6B, 0x77F2, 0x0021, 0x2F6B, 0x0BE4, 0x2F6B, 0x0BE4, 0x0BE4, 0x0021, 0x0BE4, 0x1607,
        0x0021, 0x0021, 0x0202, 0x1607, 0x0202, 0x77F2, 0xDFFC, 0x0140, 0x77F2, 0x1607, 0x77F2, 0x1607, 0x1607, 0x0021, 0x1607, 0x2F6B,
        0x0202, 0x0021, 0x0BE4, 0x2F6B, 0x0BE4, 0xDFFC, 0x9FF3, 0x0140, 0xDFFC, 0x2F6B, 0xDFFC, 0x2F6B, 0x2F6B, 0x0021, 0x2F6B, 0x77F2,
        0x0BE4, 0x0021, 0x1607, 0x77F2, 0x1607, 0x9FF3, 0x2F07, 0x0202, 0x77F2, 0x77F2, 0x9FF3, 0x77F2, 0x77F2, 0x0021, 0x77F2, 0xDFFC,
        0x1607, 0x0202, 0x2F6B, 0xDFFC, 0x2F6B, 0x0000, 0x2F07, 0x0BE4, 0x2F07, 0xDFFC, 0x0000, 0xDFFC, 0xDFFC, 0x0202, 0xDFFC, 0x0140,
        0x2F6B, 0x0BE4, 0x77F2, 0x0000, 0x77F2, 0x0000, 0x2F07, 0x1607, 0x2F07, 0x9FF3, 0x0000, 0x0000, 0x0000, 0x0BE4, 0x9FF3, 0x0140,
        0x77F2, 0x1607, 0xDFFC, 0x2F07, 0xDFFC, 0x0000, 0x2F07, 0x2F6B, 0x2F07, 0x2F07, 0x0000, 0x0000, 0x0202, 0x1607, 0x2F07, 0x0140,
        0xDFFC, 0x2F6B, 0x2F07, 0x2F07, 0x2F07, 0x2F07, 0x2F07, 0x77F2, 0x2F07, 0x2F07, 0x2F07, 0x2F07, 0x0202, 0x2F6B, 0x2F07, 0x0140,
        0x0021, 0x77F2, 0x2F07, 0x2F07, 0x2F07, 0x2F07, 0x2F07, 0xDFFC, 0x0000, 0x2F07, 0x0202, 0x2F07, 0x0BE4, 0x77F2, 0x0140, 0x0140,
        0x0021, 0xDFFC, 0x2F07, 0x2F07, 0x2F07, 0x2F07, 0x2F07, 0x0000, 0x0000, 0x2F07, 0x0202, 0x2F07, 0x1607, 0xDFFC, 0x0021, 0x0021,
        0x0021, 0x0140, 0x0140, 0x2F07, 0x2F07, 0x2F07, 0x2F07, 0x2F07, 0x2F07, 0x2F07, 0x0BE4, 0x2F07, 0x2F6B, 0x0140, 0x0021, 0x0021,
        0x0021, 0x0021, 0x0140, 0x0140, 0x2F07, 0x0000, 0x0000, 0x0000, 0x0000, 0x0000, 0x1607, 0x2F07, 0x77F2, 0x0140, 0x0021, 0x0021,
        0x0021, 0x0021, 0x0021, 0x0140, 0x2F07, 0x0000, 0x2F07, 0x0202, 0x2F07, 0x0000, 0x2F6B, 0x2F07, 0x0140, 0x0021, 0x0021, 0x0021,
        0x0202, 0x0021, 0x0021, 0x0140, 0x0140, 0x2F07, 0x0000, 0x0202, 0x0000, 0x2F07, 0x77F2, 0x0140, 0x0140, 0x0021, 0x0021, 0x0021,
        0x0202, 0x0021, 0x0021, 0x0021, 0x0140, 0x0140, 0x0140, 0x0BE4, 0x0140, 0x0140, 0x0140, 0x0140, 0x0021, 0x0021, 0x0021, 0x0021,
    },
    {
        0x0021, 0x0021, 0x0021, 0x2F6B, 0x0021, 0x0BE4, 0x1607, 0x0021, 0x0BE4, 0x0021, 0x0BE4, 0x0021, 0x0021, 0x0021, 0x0021, 0x0202,
        0x0021, 0x0021, 0x0021, 0x0202, 0x0021, 0x1607, 0x2F6B, 0x0021, 0x1607, 0x0202, 0x1607, 0x0202, 0x0202, 0x0021, 0x0202, 0x0BE4,
        0x0021, 0x0021, 0x0202, 0x0BE4, 0x0202, 0x2F6B, 0x77F2, 0x0021, 0x2F6B, 0x0BE4, 0x2F6B, 0x0BE4, 0x0BE4, 0x0021, 0x0BE4, 0x1607,
        0x0021, 0x0021, 0x0BE4, 0x1607, 0x0BE4, 0x77F2, 0xDFFC, 0x0141, 0x77F2, 0x1607, 0x77F2, 0x1607, 0x1607, 0x0021, 0x1607, 0x2F6B,
        0x0202, 0x0021, 0x1607, 0x2F6B, 0x1607, 0xDFFC, 0x9FF4, 0x0141, 0xDFFC, 0x2F6B, 0xDFFC, 0x2F6B, 0x2F6B, 0x0021, 0x2F6B, 0x77F2,
        0x0BE4, 0x0021, 0x2F6B, 0x77F2, 0x2F6B, 0x0000, 0x2F08, 0x0202, 0x77F2, 0x77F2, 0x0000, 0x77F2, 0x77F2, 0x0021, 0x77F2, 0xDFFC,
        0x1607, 0x0202, 0x77F2, 0xDFFC, 0x77F2, 0x0000, 0x2F08, 0x0BE4, 0x2F08, 0xDFFC, 0x0000, 0xDFFC, 0xDFFC, 0x0202, 0xDFFC, 0x0141,
        0x2F6B, 0x0BE4, 0xDFFC, 0x9FF4, 0xDFFC, 0x0000, 0x2F08, 0x1607, 0x2F08, 0x9FF4, 0x0000, 0x0000, 0x9FF4, 0x0BE4, 0x9FF4, 0x0141,
        0x77F2, 0x1607, 0x9FF4, 0x2F08, 0x9FF4, 0x2F08, 0x2F08, 0x2F6B, 0x2F08, 0x2F08, 0x2F08, 0x2F08, 0x0202, 0x1607, 0x2F08, 0x0141,
        0xDFFC, 0x2F6B, 0x2F08, 0x2F08, 0x2F08, 0x2F08, 0x2F08, 0x77F2, 0x0000, 0x2F08, 0x2F08, 0x2F08, 0x0202, 0x2F6B, 0x0141, 0x0141,
        0x0021, 0x77F2, 0x2F08, 0x2F08, 0x2F08, 0x2F08, 0x2F08, 0xDFFC, 0x0000, 0x2F08, 0x0202, 0x2F08, 0x0BE4, 0x77F2, 0x0021, 0x0021,
        0x0021, 0xDFFC, 0x0141, 0x2F08, 0x2F08, 0x2F08, 0x2F08, 0x9FF4, 0x2F08, 0x2F08, 0x0202, 0x2F08, 0x1607, 0xDFFC, 0x0021, 0x0021,
        0x0021, 0x0021, 0x0141, 0x0141, 0x2F08, 0x0000, 0x0000, 0x0000, 0x0000, 0x0000, 0x1607, 0x2F08, 0x2F6B, 0x0141, 0x0021, 0x0021,
        0x0021, 0x0021, 0x0021, 0x0141, 0x2F08, 0x0000, 0x2F08, 0x0000, 0x2F08, 0x0000, 0x1607, 0x2F08, 0x77F2, 0x0021, 0x0021, 0x0021,
        0x0021, 0x0021, 0x0021, 0x0141, 0x0141, 0x2F08, 0x0000, 0x0202, 0x0000, 0x2F08, 0x2F6B, 0x0141, 0x0141, 0x0021, 0x0021, 0x0021,
        0x0202, 0x0021, 0x0021, 0x0021, 0x0141, 0x0141, 0x0141, 0x0202, 0x0141, 0x0141, 0x77F2, 0x0141, 0x0021, 0x0021, 0x0021, 0x0021,
    },
    {
        0x0021, 0x0021, 0x0021, 0x1607, 0x0021, 0x0BE4, 0x0BE4, 0x0021, 0x0BE4, 0x0021, 0x0BE4, 0x0021, 0x0021, 0x0021, 0x0021, 0x0021,
        0x0021, 0x0021, 0x0021, 0x2F6B, 0x0021, 0x1607, 0x1607, 0x0021, 0x1607, 0x0021, 0x1607, 0x0021, 0x0021, 0x0021, 0x0021, 0x0202,
        0x0021, 0x0021, 0x0021, 0x0202, 0x0021, 0x2F6B, 0x2F6B, 0x0021, 0x2F6B, 0x0202, 0x2F6B, 0x0202, 0x0202, 0x0021, 0x0202, 0x0BE4,
        0x0021, 0x0021, 0x0202, 0x0BE4, 0x0202, 0x77F2, 0x77F2, 0x0021, 0x77F2, 0x0BE4, 0x77F2, 0x0BE4, 0x0BE4, 0x0021, 0x0BE4, 0x1607,
        0x0202, 0x0021, 0x0BE4, 0x1607, 0x0BE4, 0xDFFC, 0xDFFC, 0x0141, 0xDFFC, 0x1607, 0xDFFC, 0x1607, 0x1607, 0x0021, 0x1607, 0x2F6B,
        0x0BE4, 0x0021, 0x1607, 0x2F6B, 0x1607, 0x0000, 0x9FF5, 0x0141, 0x2F6B, 0x2F6B, 0x0000, 0x2F6B, 0x2F6B, 0x0021, 0x2F6B, 0x77F2,
        0x1607, 0x0202, 0x2F6B, 0x77F2, 0x2F6B, 0x0000, 0x2F09, 0x0202, 0x77F2, 0x77F2, 0x0000, 0x77F2, 0x77F2, 0x0202, 0x77F2, 0xDFFC,
        0x2F6B, 0x0BE4, 0x77F2, 0xDFFC, 0x77F2, 0x0000, 0x2F09, 0x0BE4, 0x2F09, 0xDFFC, 0x0000, 0xDFFC, 0xDFFC, 0x0BE4, 0xDFFC, 0x0141,
        0x77F2, 0x1607, 0xDFFC, 0x2F09, 0xDFFC, 0x2F09, 0x2F09, 0x1607, 0x2F09, 0x2F09, 0x2F09, 0x2F09, 0x2F09, 0x1607, 0x2F09, 0x0141,
        0xDFFC, 0x2F6B, 0x9FF5, 0x2F09, 0x9FF5, 0x2F09, 0x2F09, 0x2F6B, 0x0000, 0x2F09, 0x2F09, 0x2F09, 0x0202, 0x2F6B, 0x0141, 0x0141,
        0x0021, 0x77F2, 0x2F09, 0x2F09, 0x2F09, 0x2F09, 0x2F09, 0x77F2, 0x0000, 0x2F09, 0x2F09, 0x2F09, 0x0202, 0x77F2, 0x0021, 0x0021,
        0x0021, 0xDFFC, 0x0141, 0x2F09, 0x2F09, 0x2F09, 0x2F09, 0xDFFC, 0x2F09, 0x2F09, 0x0202, 0x2F09, 0x0BE4, 0xDFFC, 0x0021, 0x0021,
        0x0021, 0x0021, 0x0141, 0x0141, 0x2F09, 0x0000, 0x0000, 0x0000, 0x0000, 0x0000, 0x0BE4, 0x2F09, 0x1607, 0x77F2, 0x0021, 0x0021,
        0x0021, 0x0021, 0x0021, 0x0141, 0x2F09, 0x0000, 0x2F09, 0x0000, 0x2F09, 0x0000, 0x1607, 0x2F09, 0x77F2, 0x0021, 0x0021, 0x0021,
        0x0021, 0x0021, 0x0021, 0x0141, 0x0141, 0x2F09, 0x0000, 0x2F09, 0x0000, 0x2F09, 0x1607, 0x0141, 0x77F2, 0x0021, 0x0021, 0x0021,
        0x0021, 0x0021, 0x0021, 0x0021, 0x0141, 0x0141, 0x0141, 0x0202, 0x0141, 0x0141, 0x2F6B, 0x0141, 0x0021, 0x0021, 0x0021, 0x0021,
    },
    {
        0x0021, 0x0021, 0x0021, 0x2F6B, 0x0021, 0x0202, 0x0BE4, 0x0021, 0x0202, 0x0021, 0x0202, 0x0021, 0x0021, 0x0021, 0x0021, 0x0021,
        0x0021, 0x0021, 0x0021, 0x2F6B, 0x0021, 0x0BE4, 0x1607, 0x0021, 0x0BE4, 0x0021, 0x0BE4, 0x0021, 0x0021, 0x0021, 0x0021, 0x0021,
        0x0021, 0x0021, 0x0021, 0x0202, 0x0021, 0x1607, 0x2F6B, 0x0021, 0x1607, 0x0202, 0x1607, 0x0202, 0x0202, 0x0021, 0x0202, 0x0202,
        0x0021, 0x0021, 0x0021, 0x0BE4, 0x0021, 0x2F6B, 0x77F2, 0x0021, 0x2F6B, 0x0BE4, 0x2F6B, 0x0BE4, 0x0BE4, 0x0021, 0x0BE4, 0x0BE4,
        0x0021, 0x0021, 0x0202, 0x1607, 0x0202, 0x77F2, 0xDFFC, 0x0141, 0x77F2, 0x1607, 0x77F2, 0x1607, 0x1607, 0x0021, 0x1607, 0x1607,
        0x0202, 0x0021, 0x0BE4, 0x2F6B, 0x0BE4, 0xDFFC, 0x9FF5, 0x0141, 0xDFFC, 0x2F6B, 0xDFFC, 0x2F6B, 0x2F6B, 0x0021, 0x2F6B, 0x2F6B,
        0x0BE4, 0x0021, 0x1607, 0x77F2, 0x1607, 0x0000, 0x2F0A, 0x0202, 0x77F2, 0x77F2, 0x0000, 0x77F2, 0x77F2, 0x0021, 0x77F2, 0x77F2,
        0x1607, 0x0202, 0x2F6B, 0xDFFC, 0x2F6B, 0x0000, 0x2F0A, 0x0BE4, 0x2F0A, 0xDFFC, 0x0000, 0xDFFC, 0xDFFC, 0x0202, 0xDFFC, 0xDFFC,
        0x2F6B, 0x0BE4, 0x77F2, 0x9FF5, 0x77F2, 0x2F0A, 0x2F0A, 0x1607, 0x2F0A, 0x9FF5, 0x2F0A, 0x9FF5, 0x9FF5, 0x0BE4, 0x9FF5, 0x0141,
        0x77F2, 0x1607, 0xDFFC, 0x2F0A, 0xDFFC, 0x2F0A, 0x2F0A, 0x2F6B, 0x0000, 0x2F0A, 0x2F0A, 0x2F0A, 0x0202, 0x1607, 0x0141, 0x0141,
        0xDFFC, 0x2F6B, 0x9FF5, 0x2F0A, 0x9FF5, 0x2F0A, 0x2F0A, 0x77F2, 0x0000, 0x2F0A, 0x2F0A, 0x2F0A, 0x0BE4, 0x2F6B, 0x0021, 0x0021,
        0x0021, 0x77F2, 0x0141, 0x2F0A, 0x2F0A, 0x2F0A, 0x2F0A, 0xDFFC, 0x2F0A, 0x2F0A, 0x0202, 0x2F0A, 0x1607, 0x77F2, 0x0021, 0x0021,
        0x0021, 0xDFFC, 0x0141, 0x0141, 0x2F0A, 0x0000, 0x0000, 0x0000, 0x0000, 0x0000, 0x0202, 0x2F0A, 0x1607, 0xDFFC, 0x0021, 0x0021,
        0x0021, 0x0021, 0x0021, 0x0141, 0x2F0A, 0x0000, 0x2F0A, 0x0000, 0x2F0A, 0x0000, 0x0BE4, 0x2F0A, 0x77F2, 0x0021, 0x0021, 0x0021,
        0x0021, 0x0021, 0x0021, 0x0141, 0x0141, 0x2F0A, 0x0000, 0x2F0A, 0x0000, 0x2F0A, 0x1607, 0x0141, 0x77F2, 0x0021, 0x0021, 0x0021,
        0x0021, 0x0021, 0x0021, 0x0021, 0x0141, 0x0141, 0x0141, 0x0202, 0x0141, 0x0141, 0x2F6B, 0x0141, 0x0021, 0x0021, 0x0021, 0x0021,
    },
    {
        0x0021, 0x0021, 0x0021, 0x0BE4, 0x0021, 0x0021, 0x0202, 0x0021, 0x0021, 0x0021, 0x0021, 0x77F2, 0x0021, 0x0021, 0x0021, 0x0021,
        0x0021, 0x0021, 0x0021, 0x1607, 0x0021, 0x0202, 0x0BE4, 0x0021, 0x0202, 0x0021, 0x0202, 0x0021, 0x0021, 0x0021, 0x0021, 0x0021,
        0x0021, 0x0021, 0x0021, 0x2F6B, 0x0021, 0x0BE4, 0x1607, 0x0021, 0x0BE4, 0x0021, 0x0BE4, 0x0021, 0x0021, 0x0021, 0x0021, 0x0202,
        0x0021, 0x0021, 0x0021, 0x0202, 0x0021, 0x1607, 0x2F6B, 0x0021, 0x1607, 0x0202, 0x1607, 0x0202, 0x0202, 0x0021, 0x0202, 0x0BE4,
        0x0021, 0x0021, 0x0202, 0x0BE4, 0x0202, 0x2F6B, 0x77F2, 0x0021, 0x2F6B, 0x0BE4, 0x2F6B, 0x0BE4, 0x0BE4, 0x0021, 0x0BE4, 0x1607,
        0x0021, 0x0021, 0x0BE4, 0x1607, 0x0BE4, 0x77F2, 0xDFFC, 0x0141, 0x77F2, 0x1607, 0x77F2, 0x1607, 0x1607, 0x0021, 0x1607, 0x2F6B,
        0x0202, 0x0021, 0x1607, 0x2F6B, 0x1607, 0xDFFC, 0x9FF6, 0x0141, 0xDFFC, 0x2F6B, 0xDFFC, 0x2F6B, 0x2F6B, 0x0021, 0x2F6B, 0x77F2,
        0x0BE4, 0x0021, 0x2F6B, 0x77F2, 0x2F6B, 0x0000, 0x2F0B, 0x0202, 0x77F2, 0x77F2, 0x0000, 0x77F2, 0x77F2, 0x0021, 0x77F2, 0xDFFC,
        0x1607, 0x0202, 0x77F2, 0xDFFC, 0x77F2, 0x2F0B, 0x2F0B, 0x0BE4, 0x2F0B, 0xDFFC, 0x2F0B, 0xDFFC, 0xDFFC, 0x0202, 0xDFFC, 0x0021,
        0x2F6B, 0x0BE4, 0xDFFC, 0x9FF6, 0xDFFC, 0x2F0B, 0x2F0B, 0x1607, 0x0000, 0x9FF6, 0x2F0B, 0x9FF6, 0x9FF6, 0x0BE4, 0x0021, 0x0021,
        0x77F2, 0x1607, 0x9FF6, 0x2F0B, 0x9FF6, 0x2F0B, 0x2F0B, 0x2F6B, 0x0000, 0x2F0B, 0x2F0B, 0x2F0B, 0x0202, 0x1607, 0x0021, 0x0021,
        0xDFFC, 0x2F6B, 0x0141, 0x2F0B, 0x2F0B, 0x2F0B, 0x2F0B, 0x77F2, 0x2F0B, 0x2F0B, 0x2F0B, 0x2F0B, 0x0202, 0x2F6B, 0x0021, 0x0021,
        0x0021, 0x77F2, 0x0141, 0x0141, 0x2F0B, 0x0000, 0x0000, 0xDFFC, 0x0000, 0x0000, 0x0202, 0x2F0B, 0x0BE4, 0x77F2, 0x0021, 0x0021,
        0x0021, 0xDFFC, 0x0021, 0x0141, 0x2F0B, 0x0000, 0x2F0B, 0x0000, 0x2F0B, 0x0000, 0x0202, 0x2F0B, 0x1607, 0xDFFC, 0x0021, 0x0021,
        0x0021, 0x0021, 0x0021, 0x0141, 0x0141, 0x2F0B, 0x0000, 0x2F0B, 0x0000, 0x2F0B, 0x0BE4, 0x0141, 0x2F6B, 0x0021, 0x0021, 0x0021,
        0x0021, 0x0021, 0x0021, 0x0021, 0x0141, 0x0141, 0x0141, 0x0141, 0x0141, 0x0141, 0x1607, 0x0141, 0x77F2, 0x0021, 0x0021, 0x0021,
    },
    {
        0x0021, 0x0021, 0x0021, 0x0202, 0x0021, 0x0021, 0x0021, 0x0021, 0x0021, 0x0021, 0x0021, 0x2F6B, 0x0021, 0x0021, 0x0021, 0x0021,
        0x0021, 0x0021, 0x0021, 0x0BE4, 0x0021, 0x0021, 0x0202, 0x0021, 0x0021, 0x0021, 0x0021, 0x77F2, 0x0021, 0x0021, 0x0021, 0x0021,
        0x0021, 0x0021, 0x0021, 0x1607, 0x0021, 0x0202, 0x0BE4, 0x0021, 0x0202, 0x0021, 0x0202, 0x0021, 0x0021, 0x0021, 0x0021, 0x0021,
        0x0021, 0x0021, 0x0021, 0x2F6B, 0x0021, 0x0BE4, 0x1607, 0x0021, 0x0BE4, 0x0021, 0x0BE4, 0x0021, 0x0021, 0x0021, 0x0021, 0x0202,
        0x0021, 0x0021, 0x0021, 0x0202, 0x0021, 0x1607, 0x2F6B, 0x0021, 0x1607, 0x0202, 0x1607, 0x0202, 0x0202, 0x0021, 0x0202, 0x0BE4,
        0x0021, 0x0021, 0x0202, 0x0BE4, 0x0202, 0x2F6B, 0x77F2, 0x0021, 0x2F6B, 0x0BE4, 0x2F6B, 0x0BE4, 0x0BE4, 0x0021, 0x0BE4, 0x1607,
        0x0202, 0x0021, 0x0BE4, 0x1607, 0x0BE4, 0x77F2, 0xDFFC, 0x0142, 0x77F2, 0x1607, 0x77F2, 0x1607, 0x1607, 0x0021, 0x1607, 0x2F6B,
        0x0BE4, 0x0021, 0x1607, 0x2F6B, 0x1607, 0xDFFC, 0x9FF7, 0x0142, 0xDFFC, 0x2F6B, 0xDFFC, 0x2F6B, 0x2F6B, 0x0021, 0x2F6B, 0x77F2,
        0x1607, 0x0021, 0x2F6B, 0x77F2, 0x2F6B, 0x2F0C, 0x2F0C, 0x0202, 0x77F2, 0x77F2, 0x2F0C, 0x77F2, 0x77F2, 0x0021, 0x77F2, 0xDFFC,
        0x2F6B, 0x0202, 0x77F2, 0xDFFC, 0x77F2, 0x2F0C, 0x2F0C, 0x0BE4, 0x0000, 0xDFFC, 0x2F0C, 0xDFFC, 0xDFFC, 0x0202, 0xDFFC, 0x0021,
        0x77F2, 0x0BE4, 0xDFFC, 0x9FF7, 0xDFFC, 0x2F0C, 0x2F0C, 0x1607, 0x0000, 0x9FF7, 0x2F0C, 0x9FF7, 0x9FF7, 0x0BE4, 0x0021, 0x0021,
        0xDFFC, 0x1607, 0x0142, 0x2F0C, 0x9FF7, 0x2F0C, 0x2F0C, 0x2F6B, 0x2F0C, 0x2F0C, 0x2F0C, 0x2F0C, 0x0BE4, 0x1607, 0x0021, 0x0021,
        0x0021, 0x2F6B, 0x0142, 0x0142, 0x2F0C, 0x0000, 0x0000, 0x77F2, 0x0000, 0x0000, 0x0000, 0x2F0C, 0x0202, 0x2F6B, 0x0021, 0x0021,
        0x0021, 0x77F2, 0x0021, 0x0142, 0x2F0C, 0x0000, 0x2F0C, 0xDFFC, 0x2F0C, 0x0000, 0x0202, 0x2F0C, 0x0BE4, 0x77F2, 0x0021, 0x0021,
        0x0021, 0xDFFC, 0x0021, 0x0142, 0x0142, 0x2F0C, 0x0000, 0x9FF7, 0x0000, 0x2F0C, 0x0202, 0x0142, 0x1607, 0xDFFC, 0x0021, 0x0021,
        0x0021, 0x0021, 0x0021, 0x0021, 0x0142, 0x0142, 0x0142, 0x0142, 0x0142, 0x0142, 0x0BE4, 0x0142, 0x2F6B, 0x0021, 0x0021, 0x0021,
    },
    {
        0x0021, 0x0021, 0x0021, 0x0202, 0x0021, 0x0021, 0x0021, 0x0021, 0x0021, 0x0021, 0x0021, 0x77F2, 0x0021, 0x0021, 0x0021, 0x0021,
        0x0021, 0x0021, 0x0021, 0x0BE4, 0x0021, 0x0021, 0x0021, 0x0021, 0x0021, 0x0021, 0x0021, 0x77F2, 0x0021, 0x0021, 0x0021, 0x0021,
        0x0021, 0x0021, 0x0021, 0x1607, 0x0021, 0x0202, 0x0202, 0x0021, 0x0202, 0x0021, 0x0202, 0x0021, 0x0021, 0x0021, 0x0021, 0x0021,
        0x0021, 0x0021, 0x0021, 0x2F6B, 0x0021, 0x0BE4, 0x0BE4, 0x0021, 0x0BE4, 0x0021, 0x0BE4, 0x0021, 0x0021, 0x0021, 0x0021, 0x0021,
        0x0021, 0x0021, 0x0021, 0x0202, 0x0021, 0x1607, 0x1607, 0x0021, 0x1607, 0x0202, 0x1607, 0x0202, 0x0202, 0x0021, 0x0202, 0x0202,
        0x0021, 0x0021, 0x0021, 0x0BE4, 0x0021, 0x2F6B, 0x2F6B, 0x0021, 0x2F6B, 0x0BE4, 0x2F6B, 0x0BE4, 0x0BE4, 0x0021, 0x0BE4, 0x0BE4,
        0x0021, 0x0021, 0x0202, 0x1607, 0x0202, 0x77F2, 0x77F2, 0x0142, 0x77F2, 0x1607, 0x77F2, 0x1607, 0x1607, 0x0021, 0x1607, 0x1607,
        0x0202, 0x0021, 0x0BE4, 0x2F6B, 0x0BE4, 0xDFFC, 0xDFFC, 0x0142, 0xDFFC, 0x2F6B, 0xDFFC, 0x2F6B, 0x2F6B, 0x0021, 0x2F6B, 0x2F6B,
        0x0BE4, 0x0021, 0x1607, 0x77F2, 0x1607, 0x9FF7, 0x2F0D, 0x0142, 0x77F2, 0x77F2, 0x9FF7, 0x77F2, 0x77F2, 0x0021, 0x77F2, 0x77F2,
        0x1607, 0x0202, 0x2F6B, 0xDFFC, 0x2F6B, 0x2F0D, 0x2F0D, 0x0202, 0x0000, 0xDFFC, 0x2F0D, 0xDFFC, 0xDFFC, 0x0202, 0xDFFC, 0xDFFC,
        0x2F6B, 0x0BE4, 0x77F2, 0x9FF7, 0x77F2, 0x2F0D, 0x2F0D, 0x0BE4, 0x0000, 0x9FF7, 0x2F0D, 0x9FF7, 0x9FF7, 0x0BE4, 0x0021, 0x0021,
        0x77F2, 0x1607, 0xDFFC, 0x2F0D, 0xDFFC, 0x2F0D, 0x2F0D, 0x1607, 0x2F0D, 0x2F0D, 0x2F0D, 0x2F0D, 0x0202, 0x1607, 0x0021, 0x0021,
        0xDFFC, 0x2F6B, 0x0142, 0x0142, 0x9FF7, 0x0000, 0x0000, 0x2F6B, 0x0000, 0x0000, 0x0000, 0x2F0D, 0x0202, 0x2F6B, 0x0021, 0x0021,
        0x0021, 0x77F2, 0x0021, 0x0142, 0x2F0D, 0x0000, 0x2F0D, 0x77F2, 0x2F0D, 0x0000, 0x0202, 0x2F0D, 0x0BE4, 0x77F2, 0x0021, 0x0021,
        0x0021, 0xDFFC, 0x0021, 0x0142, 0x0142, 0x2F0D, 0x0000, 0xDFFC, 0x0000, 0x2F0D, 0x0202, 0x0142, 0x1607, 0xDFFC, 0x0021, 0x0021,
        0x0021, 0x0021, 0x0021, 0x0021, 0x0142, 0x0142, 0x0142, 0x0142, 0x0142, 0x0142, 0x0BE4, 0x0142, 0x2F6B, 0x0021, 0x0021, 0x0021,
    },
    {
        0x0021, 0x0021, 0x0021, 0x0202, 0x0021, 0x0021, 0x0021, 0x0021, 0x0021, 0x0021, 0x0021, 0x2F6B, 0x0021, 0x0021, 0x0021, 0x0021,
        0x0021, 0x0021, 0x0021, 0x0202, 0x0021, 0x0021, 0x0021, 0x0021, 0x0021, 0x0021, 0x0021, 0x2F6B, 0x0021, 0x0021, 0x0021, 0x0021,
        0x0021, 0x0021, 0x0021, 0x0BE4, 0x0021, 0x0021, 0x0202, 0x0021, 0x0021, 0x0021, 0x0021, 0x77F2, 0x0021, 0x0021, 0x0021, 0x0021,
        0x0021, 0x0021, 0x0021, 0x1607, 0x0021, 0x0202, 0x0BE4, 0x0021, 0x0202, 0x0021, 0x0202, 0x0021, 0x0021, 0x0021, 0x0021, 0x0021,
        0x0021, 0x0021, 0x0021, 0x2F6B, 0x0021, 0x0BE4, 0x1607, 0x0021, 0x0BE4, 0x0021, 0x0BE4, 0x0021, 0x0021, 0x0021, 0x0021, 0x0202,
        0x0021, 0x0021, 0x0021, 0x0202, 0x0021, 0x1607, 0x2F6B, 0x0021, 0x1607, 0x0202, 0x1607, 0x0202, 0x0202, 0x0021, 0x0202, 0x0BE4,
        0x0021, 0x0021, 0x0202, 0x0BE4, 0x0202, 0x2F6B, 0x77F2, 0x0021, 0x2F6B, 0x0BE4, 0x2F6B, 0x0BE4, 0x0BE4, 0x0021, 0x0BE4, 0x1607,
        0x0021, 0x0021, 0x0BE4, 0x1607, 0x0BE4, 0x77F2, 0xDFFC, 0x0142, 0x77F2, 0x1607, 0x77F2, 0x1607, 0x1607, 0x0021, 0x1607, 0x2F6B,
        0x0202, 0x0021, 0x1607, 0x2F6B, 0x1607, 0xDFFC, 0x9FF8, 0x0142, 0xDFFC, 0x2F6B, 0xDFFC, 0x2F6B, 0x2F6B, 0x0021, 0x2F6B, 0x77F2,
        0x0BE4, 0x0021, 0x2F6B, 0x77F2, 0x2F6B, 0x9FF8, 0x2F0E, 0x0202, 0x77F2, 0x77F2, 0x9FF8, 0x77F2, 0x77F2, 0x0021, 0x77F2, 0xDFFC,
        0x1607, 0x0202, 0x77F2, 0xDFFC, 0x77F2, 0x2F0E, 0x2F0E, 0x0BE4, 0x0000, 0xDFFC, 0x2F0E, 0xDFFC, 0xDFFC, 0x0202, 0xDFFC, 0x0021,
        0x2F6B, 0x0BE4, 0xDFFC, 0x9FF8, 0xDFFC, 0x2F0E, 0x2F0E, 0x1607, 0x2F0E, 0x9FF8, 0x2F0E, 0x9FF8, 0x9FF8, 0x0BE4, 0x0021, 0x0021,
        0x77F2, 0x1607, 0x0142, 0x0142, 0x9FF8, 0x0000, 0x0000, 0x2F6B, 0x0000, 0x0000, 0x0000, 0x2F0E, 0x0202, 0x1607, 0x0021, 0x0021,
        0xDFFC, 0x2F6B, 0x0021, 0x0142, 0x2F0E, 0x0000, 0x2F0E, 0x77F2, 0x2F0E, 0x0000, 0x2F0E, 0x2F0E, 0x0202, 0x2F6B, 0x0021, 0x0021,
        0x0021, 0x77F2, 0x0021, 0x0142, 0x0142, 0x2F0E, 0x0000, 0xDFFC, 0x0000, 0x2F0E, 0x0BE4, 0x0142, 0x0BE4, 0x77F2, 0x0021, 0x0021,
        0x0021, 0xDFFC, 0x0021, 0x0021, 0x0142, 0x0142, 0x0142, 0x0142, 0x0142, 0x0142, 0x0202, 0x0142, 0x2F6B, 0xDFFC, 0x0021, 0x0021,
    },
    {
        0x0021, 0x0021, 0x0021, 0x0021, 0x0021, 0x0021, 0x0021, 0x0021, 0x0021, 0x0021, 0x0021, 0x1607, 0x0021, 0x0021, 0x0021, 0x0021,
        0x0021, 0x0021, 0x0021, 0x0202, 0x0021, 0x0021, 0x0021, 0x0021, 0x0021, 0x0021, 0x0021, 0x1607, 0x0021, 0x0021, 0x0021, 0x0021,
        0x0021, 0x0021, 0x0021, 0x0202, 0x0021, 0x0021, 0x0021, 0x0021, 0x0021, 0x0021, 0x0021, 0x2F6B, 0x0021, 0x0021, 0x0021, 0x0021,
        0x0021, 0x0021, 0x0021, 0x0BE4, 0x0021, 0x0021, 0x0202, 0x0021, 0x0021, 0x0021, 0x0021, 0x77F2, 0x0021, 0x0021, 0x0021, 0x0021,
        0x0021, 0x0021, 0x0021, 0x1607, 0x0021, 0x0202, 0x0BE4, 0x0021, 0x0202, 0x0021, 0x0202, 0x0021, 0x0021, 0x0021, 0x0021, 0x0021,
        0x0021, 0x0021, 0x0021, 0x2F6B, 0x0021, 0x0BE4, 0x1607, 0x0021, 0x0BE4, 0x0021, 0x0BE4, 0x0021, 0x0021, 0x0021, 0x0021, 0x0202,
        0x0021, 0x0021, 0x0021, 0x0202, 0x0021, 0x1607, 0x2F6B, 0x0021, 0x1607, 0x0202, 0x1607, 0x0202, 0x0202, 0x0021, 0x0202, 0x0BE4,
        0x0021, 0x0021, 0x0202, 0x0BE4, 0x0202, 0x2F6B, 0x77F2, 0x0021, 0x2F6B, 0x0BE4, 0x2F6B, 0x0BE4, 0x0BE4, 0x0021, 0x0BE4, 0x1607,
        0x0021, 0x0021, 0x0BE4, 0x1607, 0x0BE4, 0x77F2, 0xDFFC, 0x0142, 0x77F2, 0x1607, 0x77F2, 0x1607, 0x1607, 0x0021, 0x1607, 0x2F6B,
        0x0202, 0x0021, 0x1607, 0x2F6B, 0x1607, 0xDFFC, 0x9FF8, 0x0142, 0xDFFC, 0x2F6B, 0xDFFC, 0x2F6B, 0x2F6B, 0x0021, 0x2F6B, 0x77F2,
        0x0BE4, 0x0021, 0x2F6B, 0x77F2, 0x2F6B, 0x9FF8, 0x2F0F, 0x0202, 0x77F2, 0x77F2, 0x9FF8, 0x77F2, 0x77F2, 0x0021, 0x77F2, 0xDFFC,
        0x1607, 0x0202, 0x77F2, 0xDFFC, 0x77F2, 0x2F0F, 0x2F0F, 0x0BE4, 0x2F0F, 0xDFFC, 0x2F0F, 0xDFFC, 0xDFFC, 0x0202, 0xDFFC, 0x0021,
        0x2F6B, 0x0BE4, 0xDFFC, 0x0142, 0xDFFC, 0x0000, 0x0000, 0x1607, 0x0000, 0x0000, 0x0000, 0x9FF8, 0x0142, 0x0BE4, 0x0021, 0x0021,
        0x77F2, 0x1607, 0x0021, 0x0142, 0x9FF8, 0x0000, 0x2F0F, 0x2F6B, 0x2F0F, 0x0000, 0x2F0F, 0x2F0F, 0x0202, 0x1607, 0x0021, 0x0021,
        0xDFFC, 0x2F6B, 0x0021, 0x0142, 0x0142, 0x2F0F, 0x0000, 0x77F2, 0x0000, 0x2F0F, 0x0000, 0x0142, 0x0BE4, 0x2F6B, 0x0021, 0x0021,
        0x0021, 0x77F2, 0x0021, 0x0021, 0x0142, 0x0142, 0x0142, 0xDFFC, 0x0142, 0x0142, 0x0202, 0x0142, 0x0BE4, 0x77F2, 0x0021, 0x0021,
    },
    {
        0x0021, 0x0021, 0x0021, 0x0021, 0x0021, 0x0021, 0x0021, 0x0021, 0x0021, 0x0021, 0x0021, 0x0BE4, 0x0021, 0x0021, 0x0021, 0x0021,
        0x0021, 0x0021, 0x0021, 0x0202, 0x0021, 0x0021, 0x0021, 0x0021, 0x0021, 0x0021, 0x0021, 0x1607, 0x0021, 0x0021, 0x0021, 0x0021,
        0x0021, 0x0021, 0x0021, 0x0202, 0x0021, 0x0021, 0x0021, 0x0021, 0x0021, 0x0021, 0x0021, 0x2F6B, 0x0021, 0x0021, 0x0021, 0x0021,
        0x0021, 0x0021, 0x0021, 0x0BE4, 0x0021, 0x0021, 0x0021, 0x0021, 0x0021, 0x0021, 0x0021, 0x77F2, 0x0021, 0x0021, 0x0021, 0x0021,
        0x0021, 0x0021, 0x0021, 0x2F6B, 0x0021, 0x0202, 0x0202, 0x0021, 0x0202, 0x0021, 0x0202, 0x0021, 0x0021, 0x0021, 0x0021, 0x0021,
        0x0021, 0x0021, 0x0021, 0x2F6B, 0x0021, 0x0BE4, 0x0BE4, 0x0021, 0x0BE4, 0x0021, 0x0BE4, 0x0021, 0x0021, 0x0021, 0x0021, 0x0021,
        0x0021, 0x0021, 0x0021, 0x0202, 0x0021, 0x1607, 0x1607, 0x0021, 0x1607, 0x0202, 0x1607, 0x0202, 0x0202, 0x0021, 0x0202, 0x0202,
        0x0021, 0x0021, 0x0021, 0x0BE4, 0x0021, 0x2F6B, 0x2F6B, 0x0021, 0x2F6B, 0x0BE4, 0x2F6B, 0x0BE4, 0x0BE4, 0x0021, 0x0BE4, 0x0BE4,
        0x0021, 0x0021, 0x0202, 0x1607, 0x0202, 0x77F2, 0x77F2, 0x0021, 0x77F2, 0x1607, 0x77F2, 0x1607, 0x1607, 0x0021, 0x1607, 0x1607,
        0x0202, 0x0021, 0x0BE4, 0x2F6B, 0x0BE4, 0xDFFC, 0xDFFC, 0x0142, 0xDFFC, 0x2F6B, 0xDFFC, 0x2F6B, 0x2F6B, 0x0021, 0x2F6B, 0x2F6B,
        0x0BE4, 0x0021, 0x1607, 0x77F2, 0x1607, 0x9FF9, 0x9FF9, 0x0142, 0x77F2, 0x77F2, 0x9FF9, 0x77F2, 0x77F2, 0x0021, 0x77F2, 0x77F2,
        0x1607, 0x0202, 0x2F6B, 0xDFFC, 0x2F6B, 0x2F10, 0x2F10, 0x0202, 0x2F10, 0xDFFC, 0x2F10, 0xDFFC, 0xDFFC, 0x0202, 0xDFFC, 0xDFFC,
        0x2F6B, 0x0BE4, 0x77F2, 0x0021, 0x77F2, 0x0000, 0x0000, 0x0BE4, 0x0000, 0x0000, 0x0000, 0x9FF9, 0x0142, 0x0BE4, 0x0021, 0x0021,
        0x77F2, 0x1607, 0xDFFC, 0x0021, 0xDFFC, 0x0000, 0x2F10, 0x1607, 0x2F10, 0x0000, 0x2F10, 0x2F10, 0x0202, 0x1607, 0x0021, 0x0021,
        0xDFFC, 0x2F6B, 0x0021, 0x0021, 0x0142, 0x2F10, 0x0000, 0x2F6B, 0x0000, 0x2F10, 0x0000, 0x0142, 0x0202, 0x2F6B, 0x0021, 0x0021,
        0x0021, 0x77F2, 0x0021, 0x0021, 0x0142, 0x0142, 0x0142, 0x77F2, 0x0142, 0x0142, 0x0BE4, 0x0142, 0x0BE4, 0x77F2, 0x0021, 0x0021,
    },
    {
        0x0021, 0x0021, 0x77F2, 0x0021, 0x0021, 0x0021, 0x77F2, 0x0021, 0x0021, 0x0021, 0x0021, 0x0BE4, 0x0021, 0x0021, 0x0021, 0x0021,
        0x0021, 0x0021, 0x0021, 0x0021, 0x0021, 0x0021, 0x0021, 0x0021, 0x0021, 0x0021, 0x0021, 0x0BE4, 0x0021, 0x0021, 0x0021, 0x0021,
        0x0021, 0x0021, 0x0021, 0x0202, 0x0021, 0x0021, 0x0021, 0x0021, 0x0021, 0x0021, 0x0021, 0x1607, 0x0021, 0x0021, 0x0021, 0x0021,
        0x0021, 0x0021, 0x0021, 0x0202, 0x0021, 0x0021, 0x0021, 0x0021, 0x0021, 0x0021, 0x0021, 0x2F6B, 0x0021, 0x0021, 0x0021, 0x0021,
        0x0021, 0x0021, 0x0021, 0x0BE4, 0x0021, 0x0021, 0x0202, 0x0021, 0x0021, 0x0021, 0x0021, 0x77F2, 0x0021, 0x0021, 0x0021, 0x0021,
        0x0021, 0x0021, 0x0021, 0x1607, 0x0021, 0x0202, 0x0BE4, 0x0021, 0x0202, 0x0021, 0x0202, 0x0021, 0x0021, 0x0021, 0x0021, 0x0021,
        0x0021, 0x0021, 0x0021, 0x2F6B, 0x0021, 0x0BE4, 0x1607, 0x0021, 0x0BE4, 0x0021, 0x0BE4, 0x0021, 0x0021, 0x0021, 0x0021, 0x0202,
        0x0021, 0x0021, 0x0021, 0x0202, 0x0021, 0x1607, 0x2F6B, 0x0021, 0x1607, 0x0202, 0x1607, 0x0202, 0x0202, 0x0021, 0x0202, 0x0BE4,
        0x0021, 0x0021, 0x0021, 0x0BE4, 0x0021, 0x2F6B, 0x77F2, 0x0021, 0x2F6B, 0x0BE4, 0x2F6B, 0x0BE4, 0x0BE4, 0x0021, 0x0BE4, 0x1607,
        0x0021, 0x0021, 0x0202, 0x1607, 0x0202, 0x77F2, 0xDFFC, 0x0143, 0x77F2, 0x1607, 0x77F2, 0x1607, 0x1607, 0x0021, 0x1607, 0x2F6B,
        0x0202, 0x0021, 0x0BE4, 0x2F6B, 0x0BE4, 0xDFFC, 0x9FFA, 0x0143, 0xDFFC, 0x2F6B, 0xDFFC, 0x2F6B, 0x2F6B, 0x0021, 0x2F6B, 0x77F2,
        0x0BE4, 0x0021, 0x1607, 0x77F2, 0x1607, 0x9FFA, 0x2F11, 0x0202, 0x77F2, 0x77F2, 0x9FFA, 0x77F2, 0x77F2, 0x0021, 0x77F2, 0xDFFC,
        0x1607, 0x0202, 0x2F6B, 0xDFFC, 0x2F6B, 0x0000, 0x0000, 0x0BE4, 0x0000, 0xDFFC, 0x0000, 0xDFFC, 0xDFFC, 0x0202, 0xDFFC, 0x0021,
        0x2F6B, 0x0BE4, 0x77F2, 0x0021, 0x77F2, 0x0000, 0x2F11, 0x1607, 0x2F11, 0x0000, 0x2F11, 0x9FFA, 0x0143, 0x0BE4, 0x0021, 0x0021,
        0x77F2, 0x1607, 0xDFFC, 0x0021, 0xDFFC, 0x2F11, 0x0000, 0x2F6B, 0x0000, 0x2F11, 0x0000, 0x0143, 0x0202, 0x1607, 0x0021, 0x0021,
        0xDFFC, 0x2F6B, 0x0021, 0x0021, 0x0143, 0x0143, 0x0143, 0x77F2, 0x0143, 0x0143, 0x0143, 0x0143, 0x0202, 0x2F6B, 0x0021, 0x0021,
    },
    {
        0x0021, 0x0021, 0x2F6B, 0x0021, 0x0021, 0x0021, 0x2F6B, 0x0021, 0x0021, 0x0021, 0x0021, 0x0202, 0x0021, 0x0021, 0x0021, 0x0021,
        0x0021, 0x0021, 0x77F2, 0x0021, 0x0021, 0x0021, 0x77F2, 0x0021, 0x0021, 0x0021, 0x0021, 0x0202, 0x0021, 0x0021, 0x0021, 0x0021,
        0x0021, 0x0021, 0x0021, 0x0021, 0x0021, 0x0021, 0x0021, 0x0021, 0x0021, 0x0021, 0x0021, 0x0BE4, 0x0021, 0x0021, 0x0021, 0x0021,
        0x0021, 0x0021, 0x0021, 0x0BE4, 0x0021, 0x0021, 0x0021, 0x0021, 0x0021, 0x0021, 0x0021, 0x1607, 0x0021, 0x0021, 0x0021, 0x0021,
        0x0021, 0x0021, 0x0021, 0x0202, 0x0021, 0x0021, 0x0021, 0x0021, 0x0021, 0x0021, 0x0021, 0x2F6B, 0x0021, 0x0021, 0x0021, 0x0021,
        0x0021, 0x0021, 0x0021, 0x0BE4, 0x0021, 0x0021, 0x0202, 0x0021, 0x0021, 0x0021, 0x0021, 0x77F2, 0x0021, 0x0021, 0x0021, 0x0021,
        0x0021, 0x0021, 0x0021, 0x1607, 0x0021, 0x0202, 0x0BE4, 0x0021, 0x0202, 0x0021, 0x0202, 0x0021, 0x0021, 0x0021, 0x0021, 0x0021,
        0x0021, 0x0021, 0x0021, 0x2F6B, 0x0021, 0x0BE4, 0x1607, 0x0021, 0x0BE4, 0x0021, 0x0BE4, 0x0021, 0x0021, 0x0021, 0x0021, 0x0202,
        0x0021, 0x0021, 0x0021, 0x0202, 0x0021, 0x1607, 0x2F6B, 0x0021, 0x1607, 0x0202, 0x1607, 0x0202, 0x0202, 0x0021, 0x0202, 0x0BE4,
        0x0021, 0x0021, 0x0202, 0x0BE4, 0x0202, 0x2F6B, 0x77F2, 0x0021, 0x2F6B, 0x0BE4, 0x2F6B, 0x0BE4, 0x0BE4, 0x0021, 0x0BE4, 0x1607,
        0x0021, 0x0021, 0x0BE4, 0x1607, 0x0BE4, 0x77F2, 0xDFFC, 0x0143, 0x77F2, 0x1607, 0x77F2, 0x1607, 0x1607, 0x0021, 0x1607, 0x2F6B,
        0x0202, 0x0021, 0x1607, 0x2F6B, 0x1607, 0xDFFC, 0x9FFA, 0x0143, 0xDFFC, 0x2F6B, 0xDFFC, 0x2F6B, 0x2F6B, 0x0021, 0x2F6B, 0x77F2,
        0x0BE4, 0x0021, 0x2F6B, 0x77F2, 0x2F6B, 0x0000, 0x0000, 0x0202, 0x77F2, 0x77F2, 0x0000, 0x77F2, 0x77F2, 0x0021, 0x77F2, 0xDFFC,
        0x1607, 0x0202, 0x77F2, 0xDFFC, 0x77F2, 0x0000, 0x2F12, 0x0BE4, 0x2F12, 0xDFFC, 0x2F12, 0xDFFC, 0xDFFC, 0x0202, 0xDFFC, 0x0021,
        0x2F6B, 0x0BE4, 0xDFFC, 0x0021, 0xDFFC, 0x2F12, 0x0000, 0x1607, 0x0000, 0x9FFA, 0x0000, 0x0143, 0x0021, 0x0BE4, 0x0021, 0x0021,
        0x77F2, 0x1607, 0x0021, 0x0021, 0x0143, 0x0143, 0x0143, 0x2F6B, 0x0143, 0x0143, 0x0143, 0x0143, 0x0202, 0x1607, 0x0021, 0x0021,
    },
    {
        0x0021, 0x0021, 0x1607, 0x0021, 0x0021, 0x77F2, 0x1607, 0x0021, 0x0021, 0x0021, 0x0021, 0x0021, 0x0021, 0x0021, 0x77F2, 0x0021,
        0x0021, 0x0021, 0x2F6B, 0x0021, 0x0021, 0x0021, 0x2F6B, 0x0021, 0x0021, 0x0021, 0x0021, 0x0202, 0x0021, 0x0021, 0x0021, 0x0021,
        0x0021, 0x0021, 0x77F2, 0x0021, 0x0021, 0x0021, 0x77F2, 0x0021, 0x0021, 0x0021, 0x0021, 0x0202, 0x0021, 0x0021, 0x0021, 0x0021,
        0x0021, 0x0021, 0x0021, 0x0021, 0x0021, 0x0021, 0x0021, 0x0021, 0x0021, 0x0021, 0x0021, 0x0BE4, 0x0021, 0x0021, 0x0021, 0x0021,
        0x0021, 0x0021, 0x0021, 0x0202, 0x0021, 0x0021, 0x0021, 0x0021, 0x0021, 0x0021, 0x0021, 0x1607, 0x0021, 0x0021, 0x0021, 0x0021,
        0x0021, 0x0021, 0x0021, 0x0202, 0x0021, 0x0021, 0x0021, 0x0021, 0x0021, 0x0021, 0x0021, 0x2F6B, 0x0021, 0x0021, 0x0021, 0x0021,
        0x0021, 0x0021, 0x0021, 0x0BE4, 0x0021, 0x0202, 0x0202, 0x0021, 0x0202, 0x0021, 0x0202, 0x77F2, 0x0021, 0x0021, 0x0021, 0x0021,
        0x0021, 0x0021, 0x0021, 0x1607, 0x0021, 0x0BE4, 0x0BE4, 0x0021, 0x0BE4, 0x0021, 0x0BE4, 0x0021, 0x0021, 0x0021, 0x0021, 0x0021,
        0x0021, 0x0021, 0x0021, 0x2F6B, 0x0021, 0x1607, 0x1607, 0x0021, 0x1607, 0x0021, 0x1607, 0x0021, 0x0021, 0x0021, 0x0021, 0x0202,
        0x0021, 0x0021, 0x0021, 0x0202, 0x0021, 0x2F6B, 0x2F6B, 0x0021, 0x2F6B, 0x0202, 0x2F6B, 0x0202, 0x0202, 0x0021, 0x0202, 0x0BE4,
        0x0021, 0x0021, 0x0202, 0x0BE4, 0x0202, 0x77F2, 0x77F2, 0x0021, 0x77F2, 0x0BE4, 0x77F2, 0x0BE4, 0x0BE4, 0x0021, 0x0BE4, 0x1607,
        0x0202, 0x0021, 0x0BE4, 0x1607, 0x0BE4, 0xDFFC, 0xDFFC, 0x0143, 0xDFFC, 0x1607, 0xDFFC, 0x1607, 0x1607, 0x0021, 0x1607, 0x2F6B,
        0x0BE4, 0x0021, 0x1607, 0x2F6B, 0x1607, 0x0000, 0x0000, 0x0143, 0x2F6B, 0x2F6B, 0x0000, 0x2F6B, 0x2F6B, 0x0021, 0x2F6B, 0x77F2,
        0x1607, 0x0202, 0x2F6B, 0x77F2, 0x2F6B, 0x0000, 0x2F13, 0x0202, 0x77F2, 0x77F2, 0x2F13, 0x77F2, 0x77F2, 0x0202, 0x77F2, 0xDFFC,
        0x2F6B, 0x0BE4, 0x77F2, 0xDFFC, 0x77F2, 0x2F13, 0x0000, 0x0BE4, 0x0000, 0xDFFC, 0x0000, 0xDFFC, 0xDFFC, 0x0BE4, 0xDFFC, 0x0021,
        0x77F2, 0x1607, 0xDFFC, 0x0021, 0xDFFC, 0x0143, 0x0143, 0x1607, 0x0143, 0x0143, 0x0143, 0x0143, 0x0021, 0x1607, 0x0021, 0x0021,
    },
    {
        0x0021, 0x0021, 0x1607, 0x0021, 0x0021, 0x77F2, 0x2F6B, 0x0021, 0x0021, 0x0021, 0x0021, 0x0021, 0x0021, 0x0021, 0x77F2, 0x0021,
        0x0021, 0x0021, 0x2F6B, 0x0021, 0x0021, 0x0021, 0x2F6B, 0x0021, 0x0021, 0x0021, 0x0021, 0x0BE4, 0x0021, 0x0021, 0x0021, 0x0021,
        0x0021, 0x0021, 0x77F2, 0x0021, 0x0021, 0x0021, 0x77F2, 0x0021, 0x0021, 0x0021, 0x0021, 0x0202, 0x0021, 0x0021, 0x0021, 0x0021,
        0x0021, 0x0021, 0x0021, 0x0021, 0x0021, 0x0021, 0x0021, 0x0021, 0x0021, 0x0021, 0x0021, 0x0BE4, 0x0021, 0x0021, 0x0021, 0x0021,
        0x0021, 0x0021, 0x0021, 0x0202, 0x0021, 0x0021, 0x0021, 0x0021, 0x0021, 0x0021, 0x0021, 0x1607, 0x0021, 0x0021, 0x0021, 0x0021,
        0x0021, 0x0021, 0x0021, 0x0BE4, 0x0021, 0x0021, 0x0021, 0x0021, 0x0021, 0x0021, 0x0021, 0x77F2, 0x0021, 0x0021, 0x0021, 0x0021,
        0x0021, 0x0021, 0x0021, 0x1607, 0x0021, 0x0021, 0x0202, 0x0021, 0x0021, 0x0021, 0x0021, 0x77F2, 0x0021, 0x0021, 0x0021, 0x0021,
        0x0021, 0x0021, 0x0021, 0x1607, 0x0021, 0x0202, 0x0BE4, 0x0021, 0x0202, 0x0021, 0x0202, 0x0021, 0x0021, 0x0021, 0x0021, 0x0021,
        0x0021, 0x0021, 0x0021, 0x2F6B, 0x0021, 0x0BE4, 0x1607, 0x0021, 0x0BE4, 0x0021, 0x0BE4, 0x0021, 0x0021, 0x0021, 0x0021, 0x0021,
        0x0021, 0x0021, 0x0021, 0x0202, 0x0021, 0x1607, 0x2F6B, 0x0021, 0x1607, 0x0202, 0x1607, 0x0202, 0x0202, 0x0021, 0x0202, 0x0202,
        0x0021, 0x0021, 0x0021, 0x0BE4, 0x0021, 0x2F6B, 0x77F2, 0x0021, 0x2F6B, 0x0BE4, 0x2F6B, 0x0BE4, 0x0BE4, 0x0021, 0x0BE4, 0x0BE4,
        0x0021, 0x0021, 0x0202, 0x1607, 0x0202, 0x77F2, 0xDFFC, 0x0143, 0x77F2, 0x1607, 0x77F2, 0x1607, 0x1607, 0x0021, 0x1607, 0x1607,
        0x0202, 0x0021, 0x0BE4, 0x2F6B, 0x0BE4, 0xDFFC, 0x0000, 0x0143, 0xDFFC, 0x2F6B, 0xDFFC, 0x2F6B, 0x2F6B, 0x0021, 0x2F6B, 0x2F6B,
        0x0BE4, 0x0021, 0x1607, 0x77F2, 0x1607, 0x0000, 0x2F15, 0x0202, 0x77F2, 0x77F2, 0x9FFB, 0x77F2, 0x77F2, 0x0021, 0x77F2, 0x77F2,
        0x1607, 0x0202, 0x2F6B, 0xDFFC, 0x2F6B, 0x2F15, 0x0000, 0x0BE4, 0x0000, 0xDFFC, 0x0000, 0xDFFC, 0xDFFC, 0x0202, 0xDFFC, 0xDFFC,
        0x2F6B, 0x0BE4, 0x77F2, 0x0021, 0x77F2, 0x0143, 0x0143, 0x1607, 0x0143, 0x0143, 0x0143, 0x0143, 0x0021, 0x0BE4, 0x0021, 0x0021,
    },
    {
        0x0021, 0x0021, 0x0BE4, 0x0021, 0x77F2, 0x2F6B, 0x0BE4, 0x0021, 0x0021, 0x0021, 0x0021, 0x0021, 0x0021, 0x0021, 0x2F6B, 0x0021,
        0x0021, 0x0021, 0x1607, 0x0021, 0x0021, 0x77F2, 0x1607, 0x0021, 0x0021, 0x0021, 0x0021, 0x0021, 0x0021, 0x0021, 0x77F2, 0x0021,
        0x0021, 0x0021, 0x2F6B, 0x0021, 0x0021, 0x0021, 0x2F6B, 0x0021, 0x0021, 0x0021, 0x0021, 0x0202, 0x0021, 0x0021, 0x0021, 0x0021,
        0x0021, 0x0021, 0x77F2, 0x0021, 0x0021, 0x0021, 0x77F2, 0x0021, 0x0021, 0x0021, 0x0021, 0x0202, 0x0021, 0x0021, 0x0021, 0x0021,
        0x0021, 0x0021, 0x0021, 0x0021, 0x0021, 0x0021, 0x0021, 0x0021, 0x0021, 0x0021, 0x0021, 0x0BE4, 0x0021, 0x0021, 0x0021, 0x0021,
        0x0021, 0x0021, 0x0021, 0x0202, 0x0021, 0x0021, 0x0021, 0x0021, 0x0021, 0x0021, 0x0021, 0x1607, 0x0021, 0x0021, 0x0021, 0x0021,
        0x0021, 0x0021, 0x0021, 0x0202, 0x0021, 0x0021, 0x0021, 0x0021, 0x0021, 0x0021, 0x0021, 0x77F2, 0x0021, 0x0021, 0x0021, 0x0021,
        0x0021, 0x0021, 0x0021, 0x0BE4, 0x0021, 0x0021, 0x0202, 0x0021, 0x0021, 0x0021, 0x0021, 0x77F2, 0x0021, 0x0021, 0x0021, 0x0021,
        0x0021, 0x0021, 0x0021, 0x1607, 0x0021, 0x0202, 0x0BE4, 0x0021, 0x0202, 0x0021, 0x0202, 0x0021, 0x0021, 0x0021, 0x0021, 0x0021,
        0x0021, 0x0021, 0x0021, 0x77F2, 0x0021, 0x0BE4, 0x1607, 0x0021, 0x0BE4, 0x0021, 0x0BE4, 0x0021, 0x0021, 0x0021, 0x0021, 0x0202,
        0x0021, 0x0021, 0x0021, 0x0202, 0x0021, 0x1607, 0x2F6B, 0x0021, 0x1607, 0x0202, 0x1607, 0x0202, 0x0202, 0x0021, 0x0202, 0x0BE4,
        0x0021, 0x0021, 0x0202, 0x0BE4, 0x0202, 0x2F6B, 0x77F2, 0x0021, 0x2F6B, 0x0BE4, 0x2F6B, 0x0BE4, 0x0BE4, 0x0021, 0x0BE4, 0x1607,
        0x0021, 0x0021, 0x0BE4, 0x1607, 0x0BE4, 0x77F2, 0xDFFC, 0x0144, 0x77F2, 0x1607, 0x77F2, 0x1607, 0x1607, 0x0021, 0x1607, 0x2F6B,
        0x0202, 0x0021, 0x1607, 0x2F6B, 0x1607, 0xDFFC, 0x9FFC, 0x0144, 0xDFFC, 0x2F6B, 0xDFFC, 0x2F6B, 0x2F6B, 0x0021, 0x2F6B, 0x77F2,
        0x0BE4, 0x0021, 0x2F6B, 0x77F2, 0x2F6B, 0x9FFC, 0x0000, 0x0202, 0x77F2, 0x77F2, 0x0000, 0x77F2, 0x77F2, 0x0021, 0x77F2, 0xDFFC,
        0x1607, 0x0202, 0x77F2, 0xDFFC, 0x77F2, 0x0144, 0x0144, 0x0BE4, 0x0144, 0xDFFC, 0x0144, 0xDFFC, 0xDFFC, 0x0202, 0xDFFC, 0x0021,
    },
    {
        0x0021, 0x0021, 0x0202, 0x0021, 0x2F6B, 0x1607, 0x0202, 0x0021, 0x0021, 0x0021, 0x0021, 0x0021, 0x0021, 0x0021, 0x1607, 0x77F2,
        0x0021, 0x0021, 0x0BE4, 0x0021, 0x77F2, 0x77F2, 0x0BE4, 0x0021, 0x0021, 0x0021, 0x0021, 0x0021, 0x0021, 0x0021, 0x2F6B, 0x0021,
        0x0021, 0x0021, 0x2F6B, 0x0021, 0x0021, 0x77F2, 0x1607, 0x0021, 0x0021, 0x0021, 0x0021, 0x0021, 0x0021, 0x0021, 0x77F2, 0x0021,
        0x0021, 0x0021, 0x2F6B, 0x0021, 0x0021, 0x0021, 0x2F6B, 0x0021, 0x0021, 0x0021, 0x0021, 0x0202, 0x0021, 0x0021, 0x0021, 0x0021,
        0x0021, 0x0021, 0x77F2, 0x0021, 0x0021, 0x0021, 0x77F2, 0x0021, 0x0021, 0x0021, 0x0021, 0x0202, 0x0021, 0x0021, 0x0021, 0x0021,
        0x0021, 0x0021, 0x0021, 0x0021, 0x0021, 0x0021, 0x0021, 0x0021, 0x0021, 0x0021, 0x0021, 0x0BE4, 0x0021, 0x0021, 0x0021, 0x0021,
        0x0021, 0x0021, 0x0021, 0x0202, 0x0021, 0x0021, 0x0021, 0x0021, 0x0021, 0x0021, 0x0021, 0x1607, 0x0021, 0x0021, 0x0021, 0x0021,
        0x0021, 0x0021, 0x0021, 0x0202, 0x0021, 0x0021, 0x0021, 0x0021, 0x0021, 0x0021, 0x0021, 0x2F6B, 0x0021, 0x0021, 0x0021, 0x0021,
        0x0021, 0x0021, 0x0021, 0x0BE4, 0x0021, 0x0021, 0x0202, 0x0021, 0x0021, 0x0021, 0x0021, 0x77F2, 0x0021, 0x0021, 0x0021, 0x0021,
        0x0021, 0x0021, 0x0021, 0x2F6B, 0x0021, 0x0202, 0x0BE4, 0x0021, 0x0202, 0x0021, 0x0202, 0x0021, 0x0021, 0x0021, 0x0021, 0x0021,
        0x0021, 0x0021, 0x0021, 0x2F6B, 0x0021, 0x0BE4, 0x1607, 0x0021, 0x0BE4, 0x0021, 0x0BE4, 0x0021, 0x0021, 0x0021, 0x0021, 0x0202,
        0x0021, 0x0021, 0x0021, 0x0202, 0x0021, 0x1607, 0x2F6B, 0x0021, 0x1607, 0x0202, 0x1607, 0x0202, 0x0202, 0x0021, 0x0202, 0x0BE4,
        0x0021, 0x0021, 0x0202, 0x0BE4, 0x0202, 0x2F6B, 0x77F2, 0x0021, 0x2F6B, 0x0BE4, 0x2F6B, 0x0BE4, 0x0BE4, 0x0021, 0x0BE4, 0x1607,
        0x0202, 0x0021, 0x0BE4, 0x1607, 0x0BE4, 0x77F2, 0xDFFC, 0x0144, 0x77F2, 0x1607, 0x77F2, 0x1607, 0x1607, 0x0021, 0x1607, 0x2F6B,
        0x0BE4, 0x0021, 0x1607, 0x2F6B, 0x1607, 0xDFFC, 0x0000, 0x0144, 0xDFFC, 0x2F6B, 0xDFFC, 0x2F6B, 0x2F6B, 0x0021, 0x2F6B, 0x77F2,
        0x1607, 0x0021, 0x2F6B, 0x77F2, 0x2F6B, 0x0144, 0x0144, 0x0202, 0x77F2, 0x77F2, 0x0144, 0x77F2, 0x77F2, 0x0021, 0x77F2, 0xDFFC,
    },
    {
        0x0021, 0x0021, 0x0202, 0x0021, 0x2F6B, 0x2F6B, 0x0BE4, 0x0021, 0x0021, 0x0021, 0x0021, 0x0021, 0x0021, 0x0021, 0x1607, 0x77F2,
        0x0021, 0x0021, 0x0BE4, 0x0021, 0x77F2, 0x2F6B, 0x0BE4, 0x0021, 0x0021, 0x0021, 0x0021, 0x0021, 0x0021, 0x0021, 0x2F6B, 0x0021,
        0x0021, 0x0021, 0x1607, 0x0021, 0x0021, 0x77F2, 0x2F6B, 0x0021, 0x0021, 0x0021, 0x0021, 0x0021, 0x0021, 0x0021, 0x77F2, 0x0021,
        0x0021, 0x0021, 0x2F6B, 0x0021, 0x0021, 0x0021, 0x2F6B, 0x0021, 0x0021, 0x0021, 0x0021, 0x0BE4, 0x0021, 0x0021, 0x0021, 0x0021,
        0x0021, 0x0021, 0x77F2, 0x0021, 0x0021, 0x0021, 0x77F2, 0x0021, 0x0021, 0x0021, 0x0021, 0x0BE4, 0x0021, 0x0021, 0x0021, 0x0021,
        0x0021, 0x0021, 0x0021, 0x0021, 0x0021, 0x0021, 0x0021, 0x0021, 0x0021, 0x0021, 0x0021, 0x0BE4, 0x0021, 0x0021, 0x0021, 0x0021,
        0x0021, 0x0021, 0x0021, 0x0202, 0x0021, 0x0021, 0x0021, 0x0021, 0x0021, 0x0021, 0x0021, 0x1607, 0x0021, 0x0021, 0x0021, 0x0021,
        0x0021, 0x0021, 0x0021, 0x0202, 0x0021, 0x0021, 0x0021, 0x0021, 0x0021, 0x0021, 0x0021, 0x2F6B, 0x0021, 0x0021, 0x0021, 0x0021,
        0x0021, 0x0021, 0x0021, 0x0BE4, 0x0021, 0x0021, 0x0021, 0x0021, 0x0021, 0x0021, 0x0021, 0x77F2, 0x0021, 0x0021, 0x0021, 0x0021,
        0x0021, 0x0021, 0x0021, 0x1607, 0x0021, 0x0202, 0x0202, 0x0021, 0x0202, 0x0021, 0x0202, 0x0021, 0x0021, 0x0021, 0x0021, 0x0021,
        0x0021, 0x0021, 0x0021, 0x2F6B, 0x0021, 0x0BE4, 0x0BE4, 0x0021, 0x0BE4, 0x0021, 0x0BE4, 0x0021, 0x0021, 0x0021, 0x0021, 0x0021,
        0x0021, 0x0021, 0x0021, 0x0202, 0x0021, 0x1607, 0x1607, 0x0021, 0x1607, 0x0202, 0x1607, 0x0202, 0x0202, 0x0021, 0x0202, 0x0202,
        0x0021, 0x0021, 0x0021, 0x0BE4, 0x0021, 0x2F6B, 0x2F6B, 0x0021, 0x2F6B, 0x0BE4, 0x2F6B, 0x0BE4, 0x0BE4, 0x0021, 0x0BE4, 0x0BE4,
        0x0021, 0x0021, 0x0202, 0x1607, 0x0202, 0x77F2, 0x77F2, 0x0144, 0x77F2, 0x1607, 0x77F2, 0x1607, 0x1607, 0x0021, 0x1607, 0x1607,
        0x0202, 0x0021, 0x0BE4, 0x2F6B, 0x0BE4, 0xDFFC, 0xDFFC, 0x0144, 0xDFFC, 0x2F6B, 0xDFFC, 0x2F6B, 0x2F6B, 0x0021, 0x2F6B, 0x2F6B,
        0x0BE4, 0x0021, 0x1607, 0x77F2, 0x1607, 0x0144, 0x0144, 0x0144, 0x77F2, 0x77F2, 0x0021, 0x77F2, 0x77F2, 0x0021, 0x77F2, 0x77F2,
    },
    {
        0x0021, 0x77F2, 0x0202, 0x0021, 0x1607, 0x0BE4, 0x0202, 0x0021, 0x0021, 0x0021, 0x0021, 0x0021, 0x0021, 0x0021, 0x0BE4, 0x77F2,
        0x0021, 0x0021, 0x0202, 0x0021, 0x2F6B, 0x1607, 0x0202, 0x0021, 0x0021, 0x0021, 0x0021, 0x0021, 0x0021, 0x0021, 0x1607, 0x77F2,
        0x0021, 0x0021, 0x0BE4, 0x0021, 0x77F2, 0x2F6B, 0x1607, 0x0021, 0x0021, 0x0021, 0x0021, 0x0021, 0x0021, 0x0021, 0x2F6B, 0x0021,
        0x0021, 0x0021, 0x1607, 0x0021, 0x0021, 0x77F2, 0x1607, 0x0021, 0x0021, 0x0021, 0x0021, 0x0021, 0x0021, 0x0021, 0x77F2, 0x0021,
        0x0021, 0x0021, 0x2F6B, 0x0021, 0x0021, 0x0021, 0x2F6B, 0x0021, 0x0021, 0x0021, 0x0021, 0x0BE4, 0x0021, 0x0021, 0x0021, 0x0021,
        0x0021, 0x0021, 0x77F2, 0x0021, 0x0021, 0x0021, 0x77F2, 0x0021, 0x0021, 0x0021, 0x0021, 0x0202, 0x0021, 0x0021, 0x0021, 0x0021,
        0x0021, 0x0021, 0x0021, 0x0021, 0x0021, 0x0021, 0x0021, 0x0021, 0x0021, 0x0021, 0x0021, 0x1607, 0x0021, 0x0021, 0x0021, 0x0021,
        0x0021, 0x0021, 0x0021, 0x0202, 0x0021, 0x0021, 0x0021, 0x0021, 0x0021, 0x0021, 0x0021, 0x1607, 0x0021, 0x0021, 0x0021, 0x0021,
        0x0021, 0x0021, 0x0021, 0x0202, 0x0021, 0x0021, 0x0021, 0x0021, 0x0021, 0x0021, 0x0021, 0x2F6B, 0x0021, 0x0021, 0x0021, 0x0021,
        0x0021, 0x0021, 0x0021, 0x0BE4, 0x0021, 0x0021, 0x0202, 0x0021, 0x0021, 0x0021, 0x0021, 0x77F2, 0x0021, 0x0021, 0x0021, 0x0021,
        0x0021, 0x0021, 0x0021, 0x1607, 0x0021, 0x0202, 0x0BE4, 0x0021, 0x0202, 0x0021, 0x0202, 0x0021, 0x0021, 0x0021, 0x0021, 0x0021,
        0x0021, 0x0021, 0x0021, 0x2F6B, 0x0021, 0x0BE4, 0x1607, 0x0021, 0x0BE4, 0x0021, 0x0BE4, 0x0021, 0x0021, 0x0021, 0x0021, 0x0202,
        0x0021, 0x0021, 0x0021, 0x0202, 0x0021, 0x1607, 0x2F6B, 0x0021, 0x1607, 0x0202, 0x1607, 0x0202, 0x0202, 0x0021, 0x0202, 0x0BE4,
        0x0021, 0x0021, 0x0202, 0x0BE4, 0x0202, 0x2F6B, 0x77F2, 0x0021, 0x2F6B, 0x0BE4, 0x2F6B, 0x0BE4, 0x0BE4, 0x0021, 0x0BE4, 0x1607,
        0x0021, 0x0021, 0x0BE4, 0x1607, 0x0BE4, 0x77F2, 0xDFFC, 0x0021, 0x77F2, 0x1607, 0x77F2, 0x1607, 0x1607, 0x0021, 0x1607, 0x2F6B,
        0x0202, 0x0021, 0x1607, 0x2F6B, 0x1607, 0xDFFC, 0x0021, 0x0021, 0xDFFC, 0x2F6B, 0xDFFC, 0x2F6B, 0x2F6B, 0x0021, 0x2F6B, 0x77F2,
    },
    {
        0x0021, 0x2F6B, 0x0021, 0x0021, 0x0BE4, 0x0202, 0x0021, 0x0021, 0x0021, 0x77F2, 0x0021, 0x0021, 0x0021, 0x0021, 0x0202, 0x1607,
        0x0021, 0x77F2, 0x0202, 0x0021, 0x1607, 0x1607, 0x0202, 0x0021, 0x0021, 0x0021, 0x0021, 0x0021, 0x0021, 0x0021, 0x0BE4, 0x2F6B,
        0x0021, 0x0021, 0x0202, 0x0021, 0x2F6B, 0x2F6B, 0x0202, 0x0021, 0x0021, 0x0021, 0x0021, 0x0021, 0x0021, 0x0021, 0x1607, 0x77F2,
        0x0021, 0x0021, 0x0BE4, 0x0021, 0x77F2, 0x2F6B, 0x1607, 0x0021, 0x0021, 0x0021, 0x0021, 0x0021, 0x0021, 0x0021, 0x77F2, 0x0021,
        0x0021, 0x0021, 0x1607, 0x0021, 0x0021, 0x77F2, 0x1607, 0x0021, 0x0021, 0x0021, 0x0021, 0x0021, 0x0021, 0x0021, 0x77F2, 0x0021,
        0x0021, 0x0021, 0x2F6B, 0x0021, 0x0021, 0x0021, 0x2F6B, 0x0021, 0x0021, 0x0021, 0x0021, 0x0202, 0x0021, 0x0021, 0x0021, 0x0021,
        0x0021, 0x0021, 0x77F2, 0x0021, 0x0021, 0x0021, 0x77F2, 0x0021, 0x0021, 0x0021, 0x0021, 0x0202, 0x0021, 0x0021, 0x0021, 0x0021,
        0x0021, 0x0021, 0x0021, 0x0021, 0x0021, 0x0021, 0x0021, 0x0021, 0x0021, 0x0021, 0x0021, 0x0BE4, 0x0021, 0x0021, 0x0021, 0x0021,
        0x0021, 0x0021, 0x0021, 0x0202, 0x0021, 0x0021, 0x0021, 0x0021, 0x0021, 0x0021, 0x0021, 0x1607, 0x0021, 0x0021, 0x0021, 0x0021,
        0x0021, 0x0021, 0x0021, 0x0202, 0x0021, 0x0021, 0x0021, 0x0021, 0x0021, 0x0021, 0x0021, 0x2F6B, 0x0021, 0x0021, 0x0021, 0x0021,
        0x0021, 0x0021, 0x0021, 0x0BE4, 0x0021, 0x0021, 0x0202, 0x0021, 0x0021, 0x0021, 0x0021, 0x77F2, 0x0021, 0x0021, 0x0021, 0x0021,
        0x0021, 0x0021, 0x0021, 0x1607, 0x0021, 0x0202, 0x0BE4, 0x0021, 0x0202, 0x0021, 0x0202, 0x0021, 0x0021, 0x0021, 0x0021, 0x0021,
        0x0021, 0x0021, 0x0021, 0x2F6B, 0x0021, 0x0BE4, 0x1607, 0x0021, 0x0BE4, 0x0021, 0x0BE4, 0x0021, 0x0021, 0x0021, 0x0021, 0x0202,
        0x0021, 0x0021, 0x0021, 0x0202, 0x0021, 0x1607, 0x2F6B, 0x0021, 0x1607, 0x0202, 0x1607, 0x0202, 0x0202, 0x0021, 0x0202, 0x0BE4,
        0x0021, 0x0021, 0x0202, 0x0BE4, 0x0202, 0x2F6B, 0x77F2, 0x0021, 0x2F6B, 0x0BE4, 0x2F6B, 0x0BE4, 0x0BE4, 0x0021, 0x0BE4, 0x1607,
        0x0021, 0x0021, 0x0BE4, 0x1607, 0x0BE4, 0x77F2, 0xDFFC, 0x0021, 0x77F2, 0x1607, 0x77F2, 0x1607, 0x1607, 0x0021, 0x1607, 0x2F6B,
    },
    {
        0x0021, 0x2F6B, 0x0021, 0x0021, 0x0BE4, 0x0BE4, 0x0021, 0x0021, 0x0021, 0x77F2, 0x0021, 0x0021, 0x0021, 0x0021, 0x0202, 0x2F6B,
        0x0021, 0x77F2, 0x0202, 0x0021, 0x1607, 0x0BE4, 0x0202, 0x0021, 0x0021, 0x0021, 0x0021, 0x0021, 0x0021, 0x0021, 0x0BE4, 0x2F6B,
        0x0021, 0x0021, 0x0202, 0x0021, 0x2F6B, 0x1607, 0x0202, 0x0021, 0x0021, 0x0021, 0x0021, 0x0021, 0x0021, 0x0021, 0x1607, 0x77F2,
        0x0021, 0x0021, 0x0BE4, 0x0021, 0x77F2, 0x2F6B, 0x0BE4, 0x0021, 0x0021, 0x0021, 0x0021, 0x0021, 0x0021, 0x0021, 0x2F6B, 0x0021,
        0x0021, 0x0021, 0x1607, 0x0021, 0x0021, 0x77F2, 0x1607, 0x0021, 0x0021, 0x0021, 0x0021, 0x0021, 0x0021, 0x0021, 0x77F2, 0x0021,
        0x0021, 0x0021, 0x2F6B, 0x0021, 0x0021, 0x0021, 0x77F2, 0x0021, 0x0021, 0x0021, 0x0021, 0x0202, 0x0021, 0x0021, 0x0021, 0x0021,
        0x0021, 0x0021, 0x77F2, 0x0021, 0x0021, 0x0021, 0x77F2, 0x0021, 0x0021, 0x0021, 0x0021, 0x0202, 0x0021, 0x0021, 0x0021, 0x0021,
        0x0021, 0x0021, 0x0021, 0x0021, 0x0021, 0x0021, 0x0021, 0x0021, 0x0021, 0x0021, 0x0021, 0x0BE4, 0x0021, 0x0021, 0x0021, 0x0021,
        0x0021, 0x0021, 0x0021, 0x0202, 0x0021, 0x0021, 0x0021, 0x0021, 0x0021, 0x0021, 0x0021, 0x1607, 0x0021, 0x0021, 0x0021, 0x0021,
        0x0021, 0x0021, 0x0021, 0x0202, 0x0021, 0x0021, 0x0021, 0x0021, 0x0021, 0x0021, 0x0021, 0x2F6B, 0x0021, 0x0021, 0x0021, 0x0021,
        0x0021, 0x0021, 0x0021, 0x0BE4, 0x0021, 0x0021, 0x0021, 0x0021, 0x0021, 0x0021, 0x0021, 0x77F2, 0x0021, 0x0021, 0x0021, 0x0021,
        0x0021, 0x0021, 0x0021, 0x2F6B, 0x0021, 0x0202, 0x0202, 0x0021, 0x0202, 0x0021, 0x0202, 0x0021, 0x0021, 0x0021, 0x0021, 0x0021,
        0x0021, 0x0021, 0x0021, 0x77F2, 0x0021, 0x0BE4, 0x0BE4, 0x0021, 0x0BE4, 0x0021, 0x0BE4, 0x0021, 0x0021, 0x0021, 0x0021, 0x0021,
        0x0021, 0x0021, 0x0021, 0x0202, 0x0021, 0x1607, 0x1607, 0x0021, 0x1607, 0x0202, 0x1607, 0x0202, 0x0202, 0x0021, 0x0202, 0x0202,
        0x0021, 0x0021, 0x0021, 0x0BE4, 0x0021, 0x2F6B, 0x2F6B, 0x0021, 0x2F6B, 0x0BE4, 0x2F6B, 0x0BE4, 0x0BE4, 0x0021, 0x0BE4, 0x0BE4,
        0x0021, 0x0021, 0x0202, 0x1607, 0x0202, 0x77F2, 0x77F2, 0x0021, 0x77F2, 0x1607, 0x77F2, 0x1607, 0x1607, 0x0021, 0x1607, 0x1607,
    },
    {
        0x0021, 0x1607, 0x0021, 0x0021, 0x0202, 0x0202, 0x0021, 0x0021, 0x0021, 0x2F6B, 0x0021, 0x0021, 0x0021, 0x0021, 0x0202, 0x0BE4,
        0x0021, 0x2F6B, 0x0021, 0x0021, 0x0BE4, 0x0BE4, 0x0021, 0x0021, 0x0021, 0x77F2, 0x0021, 0x0021, 0x0021, 0x0021, 0x0202, 0x2F6B,
        0x0021, 0x77F2, 0x0202, 0x0021, 0x1607, 0x0BE4, 0x0202, 0x0021, 0x0021, 0x0021, 0x0021, 0x0021, 0x0021, 0x0021, 0x0BE4, 0x2F6B,
        0x0021, 0x0021, 0x0202, 0x0021, 0x2F6B, 0x2F6B, 0x0202, 0x0021, 0x0021, 0x0021, 0x0021, 0x0021, 0x0021, 0x0021, 0x1607, 0x77F2,
        0x0021, 0x0021, 0x0BE4, 0x0021, 0x77F2, 0x2F6B, 0x0BE4, 0x0021, 0x0021, 0x0021, 0x0021, 0x0021, 0x0021, 0x0021, 0x2F6B, 0x0021,
        0x0021, 0x0021, 0x1607, 0x0021, 0x0021, 0x77F2, 0x1607, 0x0021, 0x0021, 0x0021, 0x0021, 0x0021, 0x0021, 0x0021, 0x77F2, 0x0021,
        0x0021, 0x0021, 0x2F6B, 0x0021, 0x0021, 0x0021, 0x2F6B, 0x0021, 0x0021, 0x0021, 0x0021, 0x0202, 0x0021, 0x0021, 0x0021, 0x0021,
        0x0021, 0x0021, 0x77F2, 0x0021, 0x0021, 0x0021, 0x77F2, 0x0021, 0x0021, 0x0021, 0x0021, 0x0202, 0x0021, 0x0021, 0x0021, 0x0021,
        0x0021, 0x0021, 0x0021, 0x0021, 0x0021, 0x0021, 0x0021, 0x0021, 0x0021, 0x0021, 0x0021, 0x0BE4, 0x0021, 0x0021, 0x0021, 0x0021,
        0x0021, 0x0021, 0x0021, 0x0202, 0x0021, 0x0021, 0x0021, 0x0021, 0x0021, 0x0021, 0x0021, 0x1607, 0x0021, 0x0021, 0x0021, 0x0021,
        0x0021, 0x0021, 0x0021, 0x0BE4, 0x0021, 0x0021, 0x0021, 0x0021, 0x0021, 0x0021, 0x0021, 0x2F6B, 0x0021, 0x0021, 0x0021, 0x0021,
        0x0021, 0x0021, 0x0021, 0x0BE4, 0x0021, 0x0021, 0x0202, 0x0021, 0x0021, 0x0021, 0x0021, 0x77F2, 0x0021, 0x0021, 0x0021, 0x0021,
        0x0021, 0x0021, 0x0021, 0x1607, 0x0021, 0x0202, 0x0BE4, 0x0021, 0x0202, 0x0021, 0x0202, 0x0021, 0x0021, 0x0021, 0x0021, 0x0021,
        0x0021, 0x0021, 0x0021, 0x2F6B, 0x0021, 0x0BE4, 0x1607, 0x0021, 0x0BE4, 0x0021, 0x0BE4, 0x0021, 0x0021, 0x0021, 0x0021, 0x0202,
        0x0021, 0x0021, 0x0021, 0x0202, 0x0021, 0x1607, 0x2F6B, 0x0021, 0x1607, 0x0202, 0x1607, 0x0202, 0x0202, 0x0021, 0x0202, 0x0BE4,
        0x0021, 0x0021, 0x0021, 0x0BE4, 0x0021, 0x2F6B, 0x77F2, 0x0021, 0x2F6B, 0x0BE4, 0x2F6B, 0x0BE4, 0x0BE4, 0x0021, 0x0BE4, 0x1607,
    },
    {
        0x77F2, 0x1607, 0x0021, 0x0021, 0x0202, 0x0021, 0x0021, 0x0021, 0x0021, 0x1607, 0x0021, 0x0021, 0x0021, 0x0021, 0x0021, 0x0202,
        0x0021, 0x1607, 0x0021, 0x0021, 0x0202, 0x0202, 0x0021, 0x0021, 0x0021, 0x2F6B, 0x0021, 0x0021, 0x0021, 0x0021, 0x0202, 0x0BE4,
        0x0021, 0x77F2, 0x0021, 0x0021, 0x0BE4, 0x0202, 0x0021, 0x0021, 0x0021, 0x77F2, 0x0021, 0x0021, 0x0021, 0x0021, 0x0202, 0x1607,
        0x0021, 0x77F2, 0x0BE4, 0x0021, 0x1607, 0x0BE4, 0x0202, 0x0021, 0x0021, 0x0021, 0x0021, 0x0021, 0x0021, 0x0021, 0x0BE4, 0x2F6B,
        0x0021, 0x0021, 0x0202, 0x0021, 0x2F6B, 0x1607, 0x0202, 0x0021, 0x0021, 0x0021, 0x0021, 0x0021, 0x0021, 0x0021, 0x1607, 0x77F2,
        0x0021, 0x0021, 0x1607, 0x0021, 0x77F2, 0x2F6B, 0x0BE4, 0x0021, 0x0021, 0x0021, 0x0021, 0x0021, 0x0021, 0x0021, 0x2F6B, 0x0021,
        0x0021, 0x0021, 0x1607, 0x0021, 0x0021, 0x77F2, 0x2F6B, 0x0021, 0x0021, 0x0021, 0x0021, 0x0021, 0x0021, 0x0021, 0x77F2, 0x0021,
        0x0021, 0x0021, 0x2F6B, 0x0021, 0x0021, 0x0021, 0x77F2, 0x0021, 0x0021, 0x0021, 0x0021, 0x0202, 0x0021, 0x0021, 0x0021, 0x0021,
        0x0021, 0x0021, 0x77F2, 0x0021, 0x0021, 0x0021, 0x77F2, 0x0021, 0x0021, 0x0021, 0x0021, 0x0202, 0x0021, 0x0021, 0x0021, 0x0021,
        0x0021, 0x0021, 0x0021, 0x0021, 0x0021, 0x0021, 0x0021, 0x0021, 0x0021, 0x0021, 0x0021, 0x0BE4, 0x0021, 0x0021, 0x0021, 0x0021,
        0x0021, 0x0021, 0x0021, 0x0BE4, 0x0021, 0x0021, 0x0021, 0x0021, 0x0021, 0x0021, 0x0021, 0x1607, 0x0021, 0x0021, 0x0021, 0x0021,
        0x0021, 0x0021, 0x0021, 0x0202, 0x0021, 0x0021, 0x0021, 0x0021, 0x0021, 0x0021, 0x0021, 0x2F6B, 0x0021, 0x0021, 0x0021, 0x0021,
        0x0021, 0x0021, 0x0021, 0x0BE4, 0x0021, 0x0021, 0x0202, 0x0021, 0x0021, 0x0021, 0x0021, 0x77F2, 0x0021, 0x0021, 0x0021, 0x0021,
        0x0021, 0x0021, 0x0021, 0x1607, 0x0021, 0x0202, 0x0BE4, 0x0021, 0x0202, 0x0021, 0x0202, 0x0021, 0x0021, 0x0021, 0x0021, 0x0021,
        0x0021, 0x0021, 0x0021, 0x2F6B, 0x0021, 0x0BE4, 0x1607, 0x0021, 0x0BE4, 0x0021, 0x0BE4, 0x0021, 0x0021, 0x0021, 0x0021, 0x0202,
        0x0021, 0x0021, 0x0021, 0x0202, 0x0021, 0x1607, 0x2F6B, 0x0021, 0x1607, 0x0202, 0x1607, 0x0202, 0x0202, 0x0021, 0x0202, 0x0BE4,
    },
    {
        0x2F6B, 0x0202, 0x0021, 0x0021, 0x0021, 0x0021, 0x0021, 0x77F2, 0x0021, 0x1607, 0x0021, 0x0021, 0x0021, 0x0021, 0x0021, 0x0202,
        0x77F2, 0x0BE4, 0x0021, 0x0021, 0x0202, 0x0021, 0x0021, 0x0021, 0x0021, 0x1607, 0x0021, 0x0021, 0x0021, 0x0021, 0x0021, 0x0202,
        0x0021, 0x1607, 0x0021, 0x0021, 0x0202, 0x0202, 0x0021, 0x0021, 0x0021, 0x2F6B, 0x0021, 0x0021, 0x0021, 0x0021, 0x0202, 0x0BE4,
        0x0021, 0x2F6B, 0x0021, 0x0021, 0x0BE4, 0x0202, 0x0021, 0x0021, 0x0021, 0x77F2, 0x0021, 0x0021, 0x0021, 0x0021, 0x0202, 0x1607,
        0x0021, 0x77F2, 0x0202, 0x0021, 0x1607, 0x0BE4, 0x0202, 0x0021, 0x0021, 0x0021, 0x0021, 0x0021, 0x0021, 0x0021, 0x0BE4, 0x2F6B,
        0x0021, 0x0021, 0x0BE4, 0x0021, 0x2F6B, 0x1607, 0x0202, 0x0021, 0x0021, 0x0021, 0x0021, 0x0021, 0x0021, 0x0021, 0x2F6B, 0x77F2,
        0x0021, 0x0021, 0x0BE4, 0x0021, 0x77F2, 0x2F6B, 0x0BE4, 0x0021, 0x0021, 0x0021, 0x0021, 0x0021, 0x0021, 0x0021, 0x2F6B, 0x0021,
        0x0021, 0x0021, 0x1607, 0x0021, 0x0021, 0x77F2, 0x1607, 0x0021, 0x0021, 0x0021, 0x0021, 0x0021, 0x0021, 0x0021, 0x77F2, 0x0021,
        0x0021, 0x0021, 0x77F2, 0x0021, 0x0021, 0x0021, 0x2F6B, 0x0021, 0x0021, 0x0021, 0x0021, 0x0202, 0x0021, 0x0021, 0x0021, 0x0021,
        0x0021, 0x0021, 0x77F2, 0x0021, 0x0021, 0x0021, 0x77F2, 0x0021, 0x0021, 0x0021, 0x0021, 0x0202, 0x0021, 0x0021, 0x0021, 0x0021,
        0x0021, 0x0021, 0x0021, 0x0021, 0x0021, 0x0021, 0x0021, 0x0021, 0x0021, 0x0021, 0x0021, 0x0BE4, 0x0021, 0x0021, 0x0021, 0x0021,
        0x0021, 0x0021, 0x0021, 0x0202, 0x0021, 0x0021, 0x0021, 0x0021, 0x0021, 0x0021, 0x0021, 0x1607, 0x0021, 0x0021, 0x0021, 0x0021,
        0x0021, 0x0021, 0x0021, 0x0202, 0x0021, 0x0021, 0x0021, 0x0021, 0x0021, 0x0021, 0x0021, 0x2F6B, 0x0021, 0x0021, 0x0021, 0x0021,
        0x0021, 0x0021, 0x0021, 0x0BE4, 0x0021, 0x0202, 0x0202, 0x0021, 0x0202, 0x0021, 0x0202, 0x77F2, 0x0021, 0x0021, 0x0021, 0x0021,
        0x0021, 0x0021, 0x0021, 0x1607, 0x0021, 0x0BE4, 0x0BE4, 0x0021, 0x0BE4, 0x0021, 0x0BE4, 0x0021, 0x0021, 0x0021, 0x0021, 0x0021,
        0x0021, 0x0021, 0x0021, 0x2F6B, 0x0021, 0x1607, 0x1607, 0x0021, 0x1607, 0x0021, 0x1607, 0x0021, 0x0021, 0x0021, 0x0021, 0x0202,
    },
    {
        0x2F6B, 0x0202, 0x0021, 0x0021, 0x0021, 0x0021, 0x0021, 0x77F2, 0x0021, 0x0BE4, 0x0021, 0x0021, 0x0021, 0x0021, 0x0021, 0x0202,
        0x77F2, 0x0BE4, 0x0021, 0x0021, 0x0202, 0x0021, 0x0021, 0x0021, 0x0021, 0x1607, 0x0021, 0x0021, 0x0021, 0x0021, 0x0021, 0x0202,
        0x0021, 0x2F6B, 0x0021, 0x0021, 0x0202, 0x0202, 0x0021, 0x0021, 0x0021, 0x2F6B, 0x0021, 0x0021, 0x0021, 0x0021, 0x0202, 0x0BE4,
        0x0021, 0x77F2, 0x0021, 0x0021, 0x0BE4, 0x0BE4, 0x0021, 0x0021, 0x0021, 0x77F2, 0x0021, 0x0021, 0x0021, 0x0021, 0x0202, 0x1607,
        0x0021, 0x77F2, 0x0202, 0x0021, 0x1607, 0x0BE4, 0x0202, 0x0021, 0x0021, 0x0021, 0x0021, 0x0021, 0x0021, 0x0021, 0x0BE4, 0x2F6B,
        0x0021, 0x0021, 0x0202, 0x0021, 0x2F6B, 0x1607, 0x0202, 0x0021, 0x0021, 0x0021, 0x0021, 0x0021, 0x0021, 0x0021, 0x1607, 0x77F2,
        0x0021, 0x0021, 0x0BE4, 0x0021, 0x77F2, 0x77F2, 0x0BE4, 0x0021, 0x0021, 0x0021, 0x0021, 0x0021, 0x0021, 0x0021, 0x77F2, 0x0021,
        0x0021, 0x0021, 0x1607, 0x0021, 0x0021, 0x77F2, 0x1607, 0x0021, 0x0021, 0x0021, 0x0021, 0x0021, 0x0021, 0x0021, 0x77F2, 0x0021,
        0x0021, 0x0021, 0x2F6B, 0x0021, 0x0021, 0x0021, 0x2F6B, 0x0021, 0x0021, 0x0021, 0x0021, 0x0202, 0x0021, 0x0021, 0x0021, 0x0021,
        0x0021, 0x0021, 0x77F2, 0x0021, 0x0021, 0x0021, 0x77F2, 0x0021, 0x0021, 0x0021, 0x0021, 0x0202, 0x0021, 0x0021, 0x0021, 0x0021,
        0x0021, 0x0021, 0x0021, 0x0021, 0x0021, 0x0021, 0x0021, 0x0021, 0x0021, 0x0021, 0x0021, 0x0BE4, 0x0021, 0x0021, 0x0021, 0x0021,
        0x0021, 0x0021, 0x0021, 0x0202, 0x0021, 0x0021, 0x0021, 0x0021, 0x0021, 0x0021, 0x0021, 0x1607, 0x0021, 0x0021, 0x0021, 0x0021,
        0x0021, 0x0021, 0x0021, 0x0202, 0x0021, 0x0021, 0x0021, 0x0021, 0x0021, 0x0021, 0x0021, 0x2F6B, 0x0021, 0x0021, 0x0021, 0x0021,
        0x0021, 0x0021, 0x0021, 0x0BE4, 0x0021, 0x0021, 0x0202, 0x0021, 0x0021, 0x0021, 0x0021, 0x77F2, 0x0021, 0x0021, 0x0021, 0x0021,
        0x0021, 0x0021, 0x0021, 0x1607, 0x0021, 0x0202, 0x0BE4, 0x0021, 0x0202, 0x0021, 0x0202, 0x0021, 0x0021, 0x0021, 0x0021, 0x0021,
        0x0021, 0x0021, 0x0021, 0x2F6B, 0x0021, 0x0BE4, 0x1607, 0x0021, 0x0BE4, 0x0021, 0x0BE4, 0x0021, 0x0021, 0x0021, 0x0021, 0x0021,
    },
    {
        0x1607, 0x0202, 0x0021, 0x0021, 0x0021, 0x0021, 0x0021, 0x2F6B, 0x0021, 0x0202, 0x0021, 0x0021, 0x0021, 0x0021, 0x0021, 0x0021,
        0x2F6B, 0x0202, 0x0021, 0x0021, 0x0021, 0x0021, 0x0021, 0x77F2, 0x0021, 0x0BE4, 0x0021, 0x0021, 0x0021, 0x0021, 0x0021, 0x0202,
        0x77F2, 0x0BE4, 0x0021, 0x0021, 0x0202, 0x0021, 0x0021, 0x0021, 0x0021, 0x1607, 0x0021, 0x0021, 0x0021, 0x0021, 0x0021, 0x0202,
        0x0021, 0x1607, 0x0021, 0x0021, 0x0202, 0x0202, 0x0021, 0x0021, 0x0021, 0x77F2, 0x0021, 0x0021, 0x0021, 0x0021, 0x0BE4, 0x0BE4,
        0x0021, 0x2F6B, 0x0021, 0x0021, 0x0BE4, 0x0202, 0x0021, 0x0021, 0x0021, 0x77F2, 0x0021, 0x0021, 0x0021, 0x0021, 0x0202, 0x1607,
        0x0021, 0x77F2, 0x0202, 0x0021, 0x1607, 0x0BE4, 0x0202, 0x0021, 0x0021, 0x0021, 0x0021, 0x0021, 0x0021, 0x0021, 0x1607, 0x2F6B,
        0x0021, 0x0021, 0x0202, 0x0021, 0x2F6B, 0x1607, 0x0202, 0x0021, 0x0021, 0x0021, 0x0021, 0x0021, 0x0021, 0x0021, 0x1607, 0x77F2,
        0x0021, 0x0021, 0x0BE4, 0x0021, 0x77F2, 0x77F2, 0x0BE4, 0x0021, 0x0021, 0x0021, 0x0021, 0x0021, 0x0021, 0x0021, 0x2F6B, 0x0021,
        0x0021, 0x0021, 0x1607, 0x0021, 0x0021, 0x77F2, 0x1607, 0x0021, 0x0021, 0x0021, 0x0021, 0x0021, 0x0021, 0x0021, 0x77F2, 0x0021,
        0x0021, 0x0021, 0x2F6B, 0x0021, 0x0021, 0x0021, 0x2F6B, 0x0021, 0x0021, 0x0021, 0x0021, 0x0202, 0x0021, 0x0021, 0x0021, 0x0021,
        0x0021, 0x0021, 0x77F2, 0x0021, 0x0021, 0x0021, 0x77F2, 0x0021, 0x0021, 0x0021, 0x0021, 0x0202, 0x0021, 0x0021, 0x0021, 0x0021,
        0x0021, 0x0021, 0x0021, 0x0021, 0x0021, 0x0021, 0x0021, 0x0021, 0x0021, 0x0021, 0x0021, 0x0BE4, 0x0021, 0x0021, 0x0021, 0x0021,
        0x0021, 0x0021, 0x0021, 0x0202, 0x0021, 0x0021, 0x0021, 0x0021, 0x0021, 0x0021, 0x0021, 0x1607, 0x0021, 0x0021, 0x0021, 0x0021,
        0x0021, 0x0021, 0x0021, 0x0202, 0x0021, 0x0021, 0x0021, 0x0021, 0x0021, 0x0021, 0x0021, 0x77F2, 0x0021, 0x0021, 0x0021, 0x0021,
        0x0021, 0x0021, 0x0021, 0x0BE4, 0x0021, 0x0021, 0x0202, 0x0021, 0x0021, 0x0021, 0x0021, 0x77F2, 0x0021, 0x0021, 0x0021, 0x0021,
        0x0021, 0x0021, 0x0021, 0x1607, 0x0021, 0x0202, 0x0BE4, 0x0021, 0x0202, 0x0021, 0x0202, 0x0021, 0x0021, 0x0021, 0x0021, 0x0021,
    },
    {
        0x0BE4, 0x0021, 0x0021, 0x0021, 0x0021, 0x0021, 0x0021, 0x1607, 0x0021, 0x0202, 0x0021, 0x0021, 0x0021, 0x0021, 0x0021, 0x0021,
        0x1607, 0x0202, 0x0021, 0x0021, 0x0021, 0x0021, 0x0021, 0x2F6B, 0x0021, 0x0202, 0x0021, 0x0021, 0x0021, 0x0021, 0x0021, 0x0021,
        0x2F6B, 0x0202, 0x0021, 0x0021, 0x0021, 0x0021, 0x0021, 0x77F2, 0x0021, 0x0BE4, 0x0021, 0x0021, 0x0021, 0x0021, 0x0021, 0x0202,
        0x77F2, 0x0BE4, 0x0021, 0x0021, 0x0202, 0x0021, 0x0021, 0x0021, 0x0021, 0x1607, 0x0021, 0x0021, 0x0021, 0x0021, 0x0021, 0x0202,
        0x0021, 0x1607, 0x0021, 0x0021, 0x0202, 0x0202, 0x0021, 0x0021, 0x0021, 0x2F6B, 0x0021, 0x0021, 0x0021, 0x0021, 0x0202, 0x0BE4,
        0x0021, 0x2F6B, 0x0021, 0x0021, 0x0BE4, 0x0BE4, 0x0021, 0x0021, 0x0021, 0x77F2, 0x0021, 0x0021, 0x0021, 0x0021, 0x0202, 0x1607,
        0x0021, 0x77F2, 0x0BE4, 0x0021, 0x1607, 0x0BE4, 0x0202, 0x0021, 0x0021, 0x0021, 0x0021, 0x0021, 0x0021, 0x0021, 0x1607, 0x2F6B,
        0x0021, 0x0021, 0x0202, 0x0021, 0x2F6B, 0x1607, 0x0202, 0x0021, 0x0021, 0x0021, 0x0021, 0x0021, 0x0021, 0x0021, 0x1607, 0x77F2,
        0x0021, 0x0021, 0x0BE4, 0x0021, 0x77F2, 0x2F6B, 0x0BE4, 0x0021, 0x0021, 0x0021, 0x0021, 0x0021, 0x0021, 0x0021, 0x2F6B, 0x0021,
        0x0021, 0x0021, 0x2F6B, 0x0021, 0x0021, 0x77F2, 0x1607, 0x0021, 0x0021, 0x0021, 0x0021, 0x0021, 0x0021, 0x0021, 0x77F2, 0x0021,
        0x0021, 0x0021, 0x2F6B, 0x0021, 0x0021, 0x0021, 0x2F6B, 0x0021, 0x0021, 0x0021, 0x0021, 0x0202, 0x0021, 0x0021, 0x0021, 0x0021,
        0x0021, 0x0021, 0x77F2, 0x0021, 0x0021, 0x0021, 0x77F2, 0x0021, 0x0021, 0x0021, 0x0021, 0x0202, 0x0021, 0x0021, 0x0021, 0x0021,
        0x0021, 0x0021, 0x0021, 0x0021, 0x0021, 0x0021, 0x0021, 0x0021, 0x0021, 0x0021, 0x0021, 0x0BE4, 0x0021, 0x0021, 0x0021, 0x0021,
        0x0021, 0x0021, 0x0021, 0x0202, 0x0021, 0x0021, 0x0021, 0x0021, 0x0021, 0x0021, 0x0021, 0x2F6B, 0x0021, 0x0021, 0x0021, 0x0021,
        0x0021, 0x0021, 0x0021, 0x0202, 0x0021, 0x0021, 0x0021, 0x0021, 0x0021, 0x0021, 0x0021, 0x2F6B, 0x0021, 0x0021, 0x0021, 0x0021,
        0x0021, 0x0021, 0x0021, 0x1607, 0x0021, 0x0021, 0x0202, 0x0021, 0x0021, 0x0021, 0x0021, 0x77F2, 0x0021, 0x0021, 0x0021, 0x0021,
    },
    {
        0x0BE4, 0x0021, 0x0021, 0x0021, 0x0021, 0x0021, 0x0021, 0x1607, 0x0021, 0x0202, 0x0021, 0x0021, 0x0021, 0x0021, 0x0021, 0x0021,
        0x1607, 0x0BE4, 0x0021, 0x0021, 0x0021, 0x0021, 0x0021, 0x2F6B, 0x0021, 0x0202, 0x0021, 0x0021, 0x0021, 0x0021, 0x0021, 0x0021,
        0x2F6B, 0x0202, 0x0021, 0x0021, 0x0021, 0x0021, 0x0021, 0x77F2, 0x0021, 0x0BE4, 0x0021, 0x0021, 0x0021, 0x0021, 0x0021, 0x0202,
        0x77F2, 0x0BE4, 0x0021, 0x0021, 0x0202, 0x0021, 0x0021, 0x0021, 0x0021, 0x1607, 0x0021, 0x0021, 0x0021, 0x0021, 0x0021, 0x0BE4,
        0x0021, 0x1607, 0x0021, 0x0021, 0x0BE4, 0x0202, 0x0021, 0x0021, 0x0021, 0x77F2, 0x0021, 0x0021, 0x0021, 0x0021, 0x0202, 0x0BE4,
        0x0021, 0x77F2, 0x0021, 0x0021, 0x0BE4, 0x0BE4, 0x0021, 0x0021, 0x0021, 0x77F2, 0x0021, 0x0021, 0x0021, 0x0021, 0x0202, 0x1607,
        0x0021, 0x77F2, 0x0202, 0x0021, 0x1607, 0x1607, 0x0202, 0x0021, 0x0021, 0x0021, 0x0021, 0x0021, 0x0021, 0x0021, 0x0BE4, 0x2F6B,
        0x0021, 0x0021, 0x0202, 0x0021, 0x2F6B, 0x1607, 0x0BE4, 0x0021, 0x0021, 0x0021, 0x0021, 0x0021, 0x0021, 0x0021, 0x1607, 0x77F2,
        0x0021, 0x0021, 0x0BE4, 0x0021, 0x77F2, 0x2F6B, 0x0BE4, 0x0021, 0x0021, 0x0021, 0x0021, 0x0021, 0x0021, 0x0021, 0x2F6B, 0x0021,
        0x0021, 0x0021, 0x1607, 0x0021, 0x0021, 0x77F2, 0x1607, 0x0021, 0x0021, 0x0021, 0x0021, 0x0021, 0x0021, 0x0021, 0x77F2, 0x0021,
        0x0021, 0x0021, 0x2F6B, 0x0021, 0x0021, 0x0021, 0x2F6B, 0x0021, 0x0021, 0x0021, 0x0021, 0x0202, 0x0021, 0x0021, 0x0021, 0x0021,
        0x0021, 0x0021, 0x77F2, 0x0021, 0x0021, 0x0021, 0x77F2, 0x0021, 0x0021, 0x0021, 0x0021, 0x0202, 0x0021, 0x0021, 0x0021, 0x0021,
        0x0021, 0x0021, 0x0021, 0x0021, 0x0021, 0x0021, 0x0021, 0x0021, 0x0021, 0x0021, 0x0021, 0x0BE4, 0x0021, 0x0021, 0x0021, 0x0021,
        0x0021, 0x0021, 0x0021, 0x0202, 0x0021, 0x0021, 0x0021, 0x0021, 0x0021, 0x0021, 0x0021, 0x1607, 0x0021, 0x0021, 0x0021, 0x0021,
        0x0021, 0x0021, 0x0021, 0x0202, 0x0021, 0x0021, 0x0021, 0x0021, 0x0021, 0x0021, 0x0021, 0x2F6B, 0x0021, 0x0021, 0x0021, 0x0021,
        0x0021, 0x0021, 0x0021, 0x0BE4, 0x0021, 0x0021, 0x0021, 0x0021, 0x0021, 0x0021, 0x0021, 0x77F2, 0x0021, 0x0021, 0x0021, 0x0021,
    },
    {
        0x0202, 0x0021, 0x0021, 0x0021, 0x0021, 0x0021, 0x0021, 0x0BE4, 0x0021, 0x0021, 0x0021, 0x0021, 0x0021, 0x0021, 0x0021, 0x0021,
        0x0BE4, 0x0021, 0x0021, 0x0021, 0x0021, 0x0021, 0x0021, 0x1607, 0x0021, 0x0202, 0x0021, 0x0021, 0x0021, 0x0021, 0x0021, 0x0021,
        0x1607, 0x0202, 0x0021, 0x0021, 0x0021, 0x0021, 0x0021, 0x2F6B, 0x0021, 0x0202, 0x0021, 0x0021, 0x0021, 0x0021, 0x0021, 0x0021,
        0x2F6B, 0x0202, 0x0021, 0x0021, 0x0021, 0x0021, 0x0021, 0x77F2, 0x0021, 0x0BE4, 0x0021, 0x0021, 0x0021, 0x0021, 0x0021, 0x0BE4,
        0x77F2, 0x0BE4, 0x0021, 0x0021, 0x0202, 0x0021, 0x0021, 0x0021, 0x0021, 0x1607, 0x0021, 0x0021, 0x0021, 0x0021, 0x0021, 0x0202,
        0x0021, 0x1607, 0x0021, 0x0021, 0x0202, 0x0202, 0x0021, 0x0021, 0x0021, 0x77F2, 0x0021, 0x0021, 0x0021, 0x0021, 0x0202, 0x0BE4,
        0x0021, 0x77F2, 0x0021, 0x0021, 0x0BE4, 0x0202, 0x0021, 0x0021, 0x0021, 0x77F2, 0x0021, 0x0021, 0x0021, 0x0021, 0x0202, 0x1607,
        0x0021, 0x77F2, 0x0BE4, 0x0021, 0x1607, 0x1607, 0x0202, 0x0021, 0x0021, 0x0021, 0x0021, 0x0021, 0x0021, 0x0021, 0x1607, 0x2F6B,
        0x0021, 0x0021, 0x0BE4, 0x0021, 0x2F6B, 0x1607, 0x0202, 0x0021, 0x0021, 0x0021, 0x0021, 0x0021, 0x0021, 0x0021, 0x1607, 0x77F2,
        0x0021, 0x0021, 0x0BE4, 0x0021, 0x77F2, 0x2F6B, 0x0BE4, 0x0021, 0x0021, 0x0021, 0x0021, 0x0021, 0x0021, 0x0021, 0x2F6B, 0x0021,
        0x0021, 0x0021, 0x1607, 0x0021, 0x0021, 0x77F2, 0x1607, 0x0021, 0x0021, 0x0021, 0x0021, 0x0021, 0x0021, 0x0021, 0x77F2, 0x0021,
        0x0021, 0x0021, 0x2F6B, 0x0021, 0x0021, 0x0021, 0x2F6B, 0x0021, 0x0021, 0x0021, 0x0021, 0x0BE4, 0x0021, 0x0021, 0x0021, 0x0021,
        0x0021, 0x0021, 0x77F2, 0x0021, 0x0021, 0x0021, 0x77F2, 0x0021, 0x0021, 0x0021, 0x0021, 0x0202, 0x0021, 0x0021, 0x0021, 0x0021,
        0x0021, 0x0021, 0x0021, 0x0021, 0x0021, 0x0021, 0x0021, 0x0021, 0x0021, 0x0021, 0x0021, 0x0BE4, 0x0021, 0x0021, 0x0021, 0x0021,
        0x0021, 0x0021, 0x0021, 0x0202, 0x0021, 0x0021, 0x0021, 0x0021, 0x0021, 0x0021, 0x0021, 0x2F6B, 0x0021, 0x0021, 0x0021, 0x0021,
        0x0021, 0x0021, 0x0021, 0x0202, 0x0021, 0x0021, 0x0021, 0x0021, 0x0021, 0x0021, 0x0021, 0x2F6B, 0x0021, 0x0021, 0x0021, 0x0021,
    },
    {
        0x0202, 0x0021, 0x0021, 0x0021, 0x0021, 0x0021, 0x0021, 0x0202, 0x0021, 0x0021, 0x77F2, 0x0021, 0x0021, 0x0021, 0x0021, 0x0021,
        0x0202, 0x0021, 0x0021, 0x0021, 0x0021, 0x0021, 0x0021, 0x0BE4, 0x0021, 0x0021, 0x0021, 0x0021, 0x0021, 0x0021, 0x0021, 0x0021,
        0x0BE4, 0x0021, 0x0021, 0x0021, 0x0021, 0x0021, 0x0021, 0x2F6B, 0x0021, 0x0202, 0x0021, 0x0021, 0x0021, 0x0021, 0x0021, 0x0021,
        0x1607, 0x0202, 0x0021, 0x0021, 0x0021, 0x0021, 0x0021, 0x2F6B, 0x0021, 0x0202, 0x0021, 0x0021, 0x0021, 0x0021, 0x0021, 0x0021,
        0x77F2, 0x0BE4, 0x0021, 0x0021, 0x0021, 0x0021, 0x0021, 0x77F2, 0x0021, 0x0BE4, 0x0021, 0x0021, 0x0021, 0x0021, 0x0021, 0x0202,
        0x77F2, 0x0BE4, 0x0021, 0x0021, 0x0202, 0x0021, 0x0021, 0x0021, 0x0021, 0x1607, 0x0021, 0x0021, 0x0021, 0x0021, 0x0021, 0x0202,
        0x0021, 0x1607, 0x0021, 0x0021, 0x0202, 0x0202, 0x0021, 0x0021, 0x0021, 0x2F6B, 0x0021, 0x0021, 0x0021, 0x0021, 0x0202, 0x1607,
        0x0021, 0x2F6B, 0x0021, 0x0021, 0x0BE4, 0x0202, 0x0021, 0x0021, 0x0021, 0x77F2, 0x0021, 0x0021, 0x0021, 0x0021, 0x0202, 0x1607,
        0x0021, 0x77F2, 0x0202, 0x0021, 0x1607, 0x0BE4, 0x0202, 0x0021, 0x0021, 0x0021, 0x0021, 0x0021, 0x0021, 0x0021, 0x1607, 0x77F2,
        0x0021, 0x0021, 0x0202, 0x0021, 0x2F6B, 0x2F6B, 0x0202, 0x0021, 0x0021, 0x0021, 0x0021, 0x0021, 0x0021, 0x0021, 0x1607, 0x77F2,
        0x0021, 0x0021, 0x0BE4, 0x0021, 0x77F2, 0x2F6B, 0x0BE4, 0x0021, 0x0021, 0x0021, 0x0021, 0x0021, 0x0021, 0x0021, 0x77F2, 0x0021,
        0x0021, 0x0021, 0x2F6B, 0x0021, 0x0021, 0x77F2, 0x1607, 0x0021, 0x0021, 0x0021, 0x0021, 0x0021, 0x0021, 0x0021, 0x77F2, 0x0021,
        0x0021, 0x0021, 0x2F6B, 0x0021, 0x0021, 0x0021, 0x2F6B, 0x0021, 0x0021, 0x0021, 0x0021, 0x0202, 0x0021, 0x0021, 0x0021, 0x0021,
        0x0021, 0x0021, 0x77F2, 0x0021, 0x0021, 0x0021, 0x77F2, 0x0021, 0x0021, 0x0021, 0x0021, 0x0202, 0x0021, 0x0021, 0x0021, 0x0021,
        0x0021, 0x0021, 0x0021, 0x0021, 0x0021, 0x0021, 0x0021, 0x0021, 0x0021, 0x0021, 0x0021, 0x0BE4, 0x0021, 0x0021, 0x0021, 0x0021,
        0x0021, 0x0021, 0x0021, 0x0202, 0x0021, 0x0021, 0x0021, 0x0021, 0x0021, 0x0021, 0x0021, 0x2F6B, 0x0021, 0x0021, 0x0021, 0x0021,
    },
    {
        0x0202, 0x0021, 0x0021, 0x0021, 0x0021, 0x0021, 0x0021, 0x0202, 0x0021, 0x0021, 0x77F2, 0x0021, 0x0021, 0x0021, 0x0021, 0x0021,
        0x0202, 0x0021, 0x0021, 0x0021, 0x0021, 0x0021, 0x0021, 0x0BE4, 0x0021, 0x0021, 0x0021, 0x0021, 0x0021, 0x0021, 0x0021, 0x0021,
        0x0BE4, 0x0021, 0x0021, 0x0021, 0x0021, 0x0021, 0x0021, 0x1607, 0x0021, 0x0202, 0x0021, 0x0021, 0x0021, 0x0021, 0x0021, 0x0021,
        0x1607, 0x0202, 0x0021, 0x0021, 0x0021, 0x0021, 0x0021, 0x77F2, 0x0021, 0x0202, 0x0021, 0x0021, 0x0021, 0x0021, 0x0021, 0x0021,
        0x77F2, 0x0202, 0x0021, 0x0021, 0x0021, 0x0021, 0x0021, 0x77F2, 0x0021, 0x0BE4, 0x0021, 0x0021, 0x0021, 0x0021, 0x0021, 0x0202,
        0x77F2, 0x0BE4, 0x0021, 0x0021, 0x0202, 0x0021, 0x0021, 0x0021, 0x0021, 0x1607, 0x0021, 0x0021, 0x0021, 0x0021, 0x0021, 0x0202,
        0x0021, 0x1607, 0x0021, 0x0021, 0x0202, 0x0202, 0x0021, 0x0021, 0x0021, 0x2F6B, 0x0021, 0x0021, 0x0021, 0x0021, 0x0202, 0x0BE4,
        0x0021, 0x2F6B, 0x0021, 0x0021, 0x0BE4, 0x0202, 0x0021, 0x0021, 0x0021, 0x77F2, 0x0021, 0x0021, 0x0021, 0x0021, 0x0202, 0x1607,
        0x0021, 0x77F2, 0x0202, 0x0021, 0x1607, 0x0BE4, 0x0BE4, 0x0021, 0x0021, 0x0021, 0x0021, 0x0021, 0x0021, 0x0021, 0x0BE4, 0x77F2,
        0x0021, 0x0021, 0x0202, 0x0021, 0x77F2, 0x1607, 0x0202, 0x0021, 0x0021, 0x0021, 0x0021, 0x0021, 0x0021, 0x0021, 0x1607, 0x77F2,
        0x0021, 0x0021, 0x0BE4, 0x0021, 0x77F2, 0x2F6B, 0x0BE4, 0x0021, 0x0021, 0x0021, 0x0021, 0x0021, 0x0021, 0x0021, 0x2F6B, 0x0021,
        0x0021, 0x0021, 0x1607, 0x0021, 0x0021, 0x77F2, 0x1607, 0x0021, 0x0021, 0x0021, 0x0021, 0x0021, 0x0021, 0x0021, 0x77F2, 0x0021,
        0x0021, 0x0021, 0x2F6B, 0x0021, 0x0021, 0x0021, 0x2F6B, 0x0021, 0x0021, 0x0021, 0x0021, 0x0202, 0x0021, 0x0021, 0x0021, 0x0021,
        0x0021, 0x0021, 0x77F2, 0x0021, 0x0021, 0x0021, 0x77F2, 0x0021, 0x0021, 0x0021, 0x0021, 0x0202, 0x0021, 0x0021, 0x0021, 0x0021,
        0x0021, 0x0021, 0x0021, 0x0021, 0x0021, 0x0021, 0x0021, 0x0021, 0x0021, 0x0021, 0x0021, 0x0BE4, 0x0021, 0x0021, 0x0021, 0x0021,
        0x0021, 0x0021, 0x0021, 0x0202, 0x0021, 0x0021, 0x0021, 0x0021, 0x0021, 0x0021, 0x0021, 0x1607, 0x0021, 0x0021, 0x0021, 0x0021,
    },
    {
        0x0021, 0x0021, 0x0021, 0x0021, 0x0021, 0x0021, 0x0021, 0x0202, 0x0021, 0x0021, 0x77F2, 0x0021, 0x0021, 0x0021, 0x0021, 0x0021,
        0x0202, 0x0021, 0x0021, 0x0021, 0x0021, 0x0021, 0x0021, 0x0202, 0x0021, 0x0021, 0x77F2, 0x0021, 0x0021, 0x0021, 0x0021, 0x0021,
        0x0BE4, 0x0021, 0x0021, 0x0021, 0x0021, 0x0021, 0x0021, 0x1607, 0x0021, 0x0021, 0x0021, 0x0021, 0x0021, 0x0021, 0x0021, 0x0021,
        0x0BE4, 0x0021, 0x0021, 0x0021, 0x0021, 0x0021, 0x0021, 0x1607, 0x0021, 0x0202, 0x0021, 0x0021, 0x0021, 0x0021, 0x0021, 0x0021,
        0x1607, 0x0202, 0x0021, 0x0021, 0x0021, 0x0021, 0x0021, 0x2F6B, 0x0021, 0x0202, 0x0021, 0x0021, 0x0021, 0x0021, 0x0021, 0x0021,
        0x2F6B, 0x0202, 0x0021, 0x0021, 0x0021, 0x0021, 0x0021, 0x77F2, 0x0021, 0x0BE4, 0x0021, 0x0021, 0x0021, 0x0021, 0x0021, 0x0202,
        0x77F2, 0x0BE4, 0x0021, 0x0021, 0x0202, 0x0021, 0x0021, 0x0021, 0x0021, 0x1607, 0x0021, 0x0021, 0x0021, 0x0021, 0x0021, 0x0BE4,
        0x0021, 0x1607, 0x0021, 0x0021, 0x0202, 0x0202, 0x0021, 0x0021, 0x0021, 0x2F6B, 0x0021, 0x0021, 0x0021, 0x0021, 0x0202, 0x1607,
        0x0021, 0x2F6B, 0x0021, 0x0021, 0x0BE4, 0x0202, 0x0021, 0x0021, 0x0021, 0x77F2, 0x0021, 0x0021, 0x0021, 0x0021, 0x0202, 0x1607,
        0x0021, 0x77F2, 0x0202, 0x0021, 0x1607, 0x0BE4, 0x0202, 0x0021, 0x0021, 0x0021, 0x0021, 0x0021, 0x0021, 0x0021, 0x0BE4, 0x2F6B,
        0x0021, 0x0021, 0x0202, 0x0021, 0x2F6B, 0x1607, 0x0202, 0x0021, 0x0021, 0x0021, 0x0021, 0x0021, 0x0021, 0x0021, 0x1607, 0x77F2,
        0x0021, 0x0021, 0x0BE4, 0x0021, 0x77F2, 0x2F6B, 0x0BE4, 0x0021, 0x0021, 0x0021, 0x0021, 0x0021, 0x0021, 0x0021, 0x2F6B, 0x0021,
        0x0021, 0x0021, 0x1607, 0x0021, 0x0021, 0x77F2, 0x1607, 0x0021, 0x0021, 0x0021, 0x0021, 0x0021, 0x0021, 0x0021, 0x77F2, 0x0021,
        0x0021, 0x0021, 0x2F6B, 0x0021, 0x0021, 0x0021, 0x2F6B, 0x0021, 0x0021, 0x0021, 0x0021, 0x0202, 0x0021, 0x0021, 0x0021, 0x0021,
        0x0021, 0x0021, 0x77F2, 0x0021, 0x0021, 0x0021, 0x77F2, 0x0021, 0x0021, 0x0021, 0x0021, 0x0BE4, 0x0021, 0x0021, 0x0021, 0x0021,
        0x0021, 0x0021, 0x0021, 0x0021, 0x0021, 0x0021, 0x0021, 0x0021, 0x0021, 0x0021, 0x0021, 0x0BE4, 0x0021, 0x0021, 0x0021, 0x0021,
    },
    {
        0x0021, 0x0021, 0x0021, 0x0021, 0x0021, 0x0021, 0x0021, 0x0021, 0x0021, 0x0021, 0x1607, 0x0021, 0x77F2, 0x0021, 0x0021, 0x0021,
        0x0021, 0x0021, 0x0021, 0x0021, 0x0021, 0x0021, 0x0021, 0x0BE4, 0x0021, 0x0021, 0x2F6B, 0x0021, 0x0021, 0x0021, 0x0021, 0x0021,
        0x0202, 0x0021, 0x0021, 0x0021, 0x0021, 0x0021, 0x0021, 0x0202, 0x0021, 0x0021, 0x77F2, 0x0021, 0x0021, 0x0021, 0x0021, 0x0021,
        0x0202, 0x0021, 0x0021, 0x0021, 0x0021, 0x0021, 0x0021, 0x0BE4, 0x0021, 0x0021, 0x0021, 0x0021, 0x0021, 0x0021, 0x0021, 0x0021,
        0x0BE4, 0x0021, 0x0021, 0x0021, 0x0021, 0x0021, 0x0021, 0x1607, 0x0021, 0x0202, 0x0021, 0x0021, 0x0021, 0x0021, 0x0021, 0x0021,
        0x1607, 0x0202, 0x0021, 0x0021, 0x0021, 0x0021, 0x0021, 0x2F6B, 0x0021, 0x0BE4, 0x0021, 0x0021, 0x0021, 0x0021, 0x0021, 0x0021,
        0x2F6B, 0x0202, 0x0021, 0x0021, 0x0021, 0x0021, 0x0021, 0x77F2, 0x0021, 0x0BE4, 0x0021, 0x0021, 0x0021, 0x0021, 0x0021, 0x0BE4,
        0x77F2, 0x0BE4, 0x0021, 0x0021, 0x0202, 0x0021, 0x0021, 0x0021, 0x0021, 0x1607, 0x0021, 0x0021, 0x0021, 0x0021, 0x0021, 0x0202,
        0x0021, 0x1607, 0x0021, 0x0021, 0x0202, 0x0202, 0x0021, 0x0021, 0x0021, 0x2F6B, 0x0021, 0x0021, 0x0021, 0x0021, 0x0202, 0x1607,
        0x0021, 0x2F6B, 0x0021, 0x0021, 0x1607, 0x0202, 0x0021, 0x0021, 0x0021, 0x77F2, 0x0021, 0x0021, 0x0021, 0x0021, 0x0202, 0x1607,
        0x0021, 0x77F2, 0x0202, 0x0021, 0x1607, 0x0BE4, 0x0BE4, 0x0021, 0x0021, 0x0021, 0x0021, 0x0021, 0x0021, 0x0021, 0x0BE4, 0x2F6B,
        0x0021, 0x0021, 0x0202, 0x0021, 0x2F6B, 0x1607, 0x0202, 0x0021, 0x0021, 0x0021, 0x0021, 0x0021, 0x0021, 0x0021, 0x1607, 0x77F2,
        0x0021, 0x0021, 0x0BE4, 0x0021, 0x77F2, 0x2F6B, 0x1607, 0x0021, 0x0021, 0x0021, 0x0021, 0x0021, 0x0021, 0x0021, 0x2F6B, 0x0021,
        0x0021, 0x0021, 0x1607, 0x0021, 0x0021, 0x77F2, 0x1607, 0x0021, 0x0021, 0x0021, 0x0021, 0x0021, 0x0021, 0x0021, 0x77F2, 0x0021,
        0x0021, 0x0021, 0x2F6B, 0x0021, 0x0021, 0x0021, 0x2F6B, 0x0021, 0x0021, 0x0021, 0x0021, 0x0202, 0x0021, 0x0021, 0x0021, 0x0021,
        0x0021, 0x0021, 0x77F2, 0x0021, 0x0021, 0x0021, 0x77F2, 0x0021, 0x0021, 0x0021, 0x0021, 0x0BE4, 0x0021, 0x0021, 0x0021, 0x0021,
    },
    {
        0x0021, 0x0021, 0x0021, 0x0021, 0x0021, 0x0021, 0x0021, 0x0021, 0x0021, 0x0021, 0x0BE4, 0x0021, 0x2F6B, 0x0021, 0x0021, 0x0021,
        0x0021, 0x0021, 0x0021, 0x0021, 0x0021, 0x0021, 0x0021, 0x0021, 0x0021, 0x0021, 0x1607, 0x0021, 0x77F2, 0x0021, 0x0021, 0x0021,
        0x0021, 0x0021, 0x0021, 0x0021, 0x0021, 0x0021, 0x0021, 0x0202, 0x0021, 0x0021, 0x2F6B, 0x0021, 0x0021, 0x0021, 0x0021, 0x0021,
        0x0202, 0x0021, 0x0021, 0x0021, 0x0021, 0x0021, 0x0021, 0x0202, 0x0021, 0x0021, 0x77F2, 0x0021, 0x0021, 0x0021, 0x0021, 0x0021,
        0x0202, 0x0021, 0x0021, 0x0021, 0x0021, 0x0021, 0x0021, 0x1607, 0x0021, 0x0021, 0x0021, 0x0021, 0x0021, 0x0021, 0x0021, 0x0021,
        0x0BE4, 0x0021, 0x0021, 0x0021, 0x0021, 0x0021, 0x0021, 0x1607, 0x0021, 0x0202, 0x0021, 0x0021, 0x0021, 0x0021, 0x0021, 0x0021,
        0x1607, 0x0202, 0x0021, 0x0021, 0x0021, 0x0021, 0x0021, 0x2F6B, 0x0021, 0x0202, 0x0021, 0x0021, 0x0021, 0x0021, 0x0021, 0x0021,
        0x2F6B, 0x0BE4, 0x0021, 0x0021, 0x0021, 0x0021, 0x0021, 0x77F2, 0x0021, 0x0BE4, 0x0021, 0x0021, 0x0021, 0x0021, 0x0021, 0x0202,
        0x77F2, 0x1607, 0x0021, 0x0021, 0x0202, 0x0021, 0x0021, 0x0021, 0x0021, 0x2F6B, 0x0021, 0x0021, 0x0021, 0x0021, 0x0021, 0x0202,
        0x0021, 0x1607, 0x0021, 0x0021, 0x0202, 0x0202, 0x0021, 0x0021, 0x0021, 0x77F2, 0x0021, 0x0021, 0x0021, 0x0021, 0x0202, 0x1607,
        0x0021, 0x2F6B, 0x0021, 0x0021, 0x0BE4, 0x0202, 0x0021, 0x0021, 0x0021, 0x77F2, 0x0021, 0x0021, 0x0021, 0x0021, 0x0202, 0x1607,
        0x0021, 0x77F2, 0x0202, 0x0021, 0x1607, 0x1607, 0x0202, 0x0021, 0x0021, 0x0021, 0x0021, 0x0021, 0x0021, 0x0021, 0x1607, 0x2F6B,
        0x0021, 0x0021, 0x0202, 0x0021, 0x2F6B, 0x2F6B, 0x0202, 0x0021, 0x0021, 0x0021, 0x0021, 0x0021, 0x0021, 0x0021, 0x1607, 0x77F2,
        0x0021, 0x0021, 0x0BE4, 0x0021, 0x77F2, 0x2F6B, 0x0BE4, 0x0021, 0x0021, 0x0021, 0x0021, 0x0021, 0x0021, 0x0021, 0x2F6B, 0x0021,
        0x0021, 0x0021, 0x2F6B, 0x0021, 0x0021, 0x77F2, 0x1607, 0x0021, 0x0021, 0x0021, 0x0021, 0x0021, 0x0021, 0x0021, 0x77F2, 0x0021,
        0x0021, 0x0021, 0x2F6B, 0x0021, 0x0021, 0x0021, 0x2F6B, 0x0021, 0x0021, 0x0021, 0x0021, 0x0202, 0x0021, 0x0021, 0x0021, 0x0021,
    },
    {
        0x0021, 0x0021, 0x0021, 0x0021, 0x0021, 0x0021, 0x0021, 0x0021, 0x0021, 0x0021, 0x1607, 0x0021, 0x77F2, 0x0021, 0x0021, 0x0021,
        0x0021, 0x0021, 0x0021, 0x0021, 0x0021, 0x0021, 0x0021, 0x0021, 0x0021, 0x0021, 0x1607, 0x0021, 0x77F2, 0x0021, 0x0021, 0x0021,
        0x0021, 0x0021, 0x0021, 0x0021, 0x0021, 0x0021, 0x0021, 0x0202, 0x0021, 0x0021, 0x2F6B, 0x0021, 0x0021, 0x0021, 0x0021, 0x0021,
        0x0202, 0x0021, 0x0021, 0x0021, 0x0021, 0x0021, 0x0021, 0x0202, 0x0021, 0x0021, 0x77F2, 0x0021, 0x0021, 0x0021, 0x0021, 0x0021,
        0x0202, 0x0021, 0x0021, 0x0021, 0x0021, 0x0021, 0x0021, 0x0BE4, 0x0021, 0x0021, 0x0021, 0x0021, 0x0021, 0x0021, 0x0021, 0x0021,
        0x0BE4, 0x0021, 0x0021, 0x0021, 0x0021, 0x0021, 0x0021, 0x1607, 0x0021, 0x0202, 0x0021, 0x0021, 0x0021, 0x0021, 0x0021, 0x0021,
        0x1607, 0x0202, 0x0021, 0x0021, 0x0021, 0x0021, 0x0021, 0x77F2, 0x0021, 0x0202, 0x0021, 0x0021, 0x0021, 0x0021, 0x0021, 0x0021,
        0x77F2, 0x0202, 0x0021, 0x0021, 0x0021, 0x0021, 0x0021, 0x77F2, 0x0021, 0x1607, 0x0021, 0x0021, 0x0021, 0x0021, 0x0021, 0x0202,
        0x77F2, 0x1607, 0x0021, 0x0021, 0x0BE4, 0x0021, 0x0021, 0x0021, 0x0021, 0x1607, 0x0021, 0x0021, 0x0021, 0x0021, 0x0021, 0x0202,
        0x0021, 0x1607, 0x0021, 0x0021, 0x0202, 0x0202, 0x0021, 0x0021, 0x0021, 0x2F6B, 0x0021, 0x0021, 0x0021, 0x0021, 0x0202, 0x0BE4,
        0x0021, 0x2F6B, 0x0021, 0x0021, 0x0BE4, 0x0202, 0x0021, 0x0021, 0x0021, 0x77F2, 0x0021, 0x0021, 0x0021, 0x0021, 0x0202, 0x2F6B,
        0x0021, 0x77F2, 0x0202, 0x0021, 0x1607, 0x0BE4, 0x0202, 0x0021, 0x0021, 0x0021, 0x0021, 0x0021, 0x0021, 0x0021, 0x0BE4, 0x2F6B,
        0x0021, 0x0021, 0x0202, 0x0021, 0x77F2, 0x1607, 0x0202, 0x0021, 0x0021, 0x0021, 0x0021, 0x0021, 0x0021, 0x0021, 0x1607, 0x77F2,
        0x0021, 0x0021, 0x0BE4, 0x0021, 0x77F2, 0x2F6B, 0x0BE4, 0x0021, 0x0021, 0x0021, 0x0021, 0x0021, 0x0021, 0x0021, 0x2F6B, 0x0021,
        0x0021, 0x0021, 0x1607, 0x0021, 0x0021, 0x77F2, 0x1607, 0x0021, 0x0021, 0x0021, 0x0021, 0x0021, 0x0021, 0x0021, 0x77F2, 0x0021,
        0x0021, 0x0021, 0x2F6B, 0x0021, 0x0021, 0x0021, 0x2F6B, 0x0021, 0x0021, 0x0021, 0x0021, 0x0202, 0x0021, 0x0021, 0x0021, 0x0021,
    },
    {
        0x0021, 0x0021, 0x0021, 0x0021, 0x0021, 0x0021, 0x0021, 0x0021, 0x0021, 0x0021, 0x0202, 0x0021, 0x1607, 0x77F2, 0x0021, 0x0021,
        0x0021, 0x0021, 0x0021, 0x0021, 0x0021, 0x0021, 0x0021, 0x0021, 0x0021, 0x0021, 0x0BE4, 0x0021, 0x2F6B, 0x0021, 0x0021, 0x0021,
        0x0021, 0x0021, 0x0021, 0x0021, 0x0021, 0x0021, 0x0021, 0x0021, 0x0021, 0x0021, 0x1607, 0x0021, 0x77F2, 0x0021, 0x0021, 0x0021,
        0x0021, 0x0021, 0x0021, 0x0021, 0x0021, 0x0021, 0x0021, 0x0202, 0x0021, 0x0021, 0x77F2, 0x0021, 0x0021, 0x0021, 0x0021, 0x0021,
        0x0BE4, 0x0021, 0x0021, 0x0021, 0x0021, 0x0021, 0x0021, 0x0202, 0x0021, 0x0021, 0x77F2, 0x0021, 0x0021, 0x0021, 0x0021, 0x0021,
        0x0202, 0x0021, 0x0021, 0x0021, 0x0021, 0x0021, 0x0021, 0x0BE4, 0x0021, 0x0021, 0x0021, 0x0021, 0x0021, 0x0021, 0x0021, 0x0021,
        0x0BE4, 0x0021, 0x0021, 0x0021, 0x0021, 0x0021, 0x0021, 0x1607, 0x0021, 0x0202, 0x0021, 0x0021, 0x0021, 0x0021, 0x0021, 0x0021,
        0x1607, 0x0BE4, 0x0021, 0x0021, 0x0021, 0x0021, 0x0021, 0x77F2, 0x0021, 0x0202, 0x0021, 0x0021, 0x0021, 0x0021, 0x0021, 0x0021,
        0x77F2, 0x0202, 0x0021, 0x0021, 0x0021, 0x0021, 0x0021, 0x77F2, 0x0021, 0x0BE4, 0x0021, 0x0021, 0x0021, 0x0021, 0x0021, 0x0202,
        0x77F2, 0x0BE4, 0x0021, 0x0021, 0x0202, 0x0021, 0x0021, 0x0021, 0x0021, 0x1607, 0x0021, 0x0021, 0x0021, 0x0021, 0x0021, 0x0202,
        0x0021, 0x1607, 0x0021, 0x0021, 0x0202, 0x0202, 0x0021, 0x0021, 0x0021, 0x2F6B, 0x0021, 0x0021, 0x0021, 0x0021, 0x0202, 0x0BE4,
        0x0021, 0x2F6B, 0x0021, 0x0021, 0x0BE4, 0x0BE4, 0x0021, 0x0021, 0x0021, 0x77F2, 0x0021, 0x0021, 0x0021, 0x0021, 0x0202, 0x1607,
        0x0021, 0x77F2, 0x0202, 0x0021, 0x1607, 0x0BE4, 0x0202, 0x0021, 0x0021, 0x0021, 0x0021, 0x0021, 0x0021, 0x0021, 0x0BE4, 0x2F6B,
        0x0021, 0x0021, 0x0202, 0x0021, 0x2F6B, 0x1607, 0x0202, 0x0021, 0x0021, 0x0021, 0x0021, 0x0021, 0x0021, 0x0021, 0x1607, 0x77F2,
        0x0021, 0x0021, 0x0BE4, 0x0021, 0x77F2, 0x2F6B, 0x0BE4, 0x0021, 0x0021, 0x0021, 0x0021, 0x0021, 0x0021, 0x0021, 0x2F6B, 0x0021,
        0x0021, 0x0021, 0x1607, 0x0021, 0x0021, 0x77F2, 0x1607, 0x0021, 0x0021, 0x0021, 0x0021, 0x0021, 0x0021, 0x0021, 0x77F2, 0x0021,
    },
    {
        0x0021, 0x0021, 0x0021, 0x0021, 0x0021, 0x0021, 0x0021, 0x0021, 0x0021, 0x0021, 0x0202, 0x0021, 0x0BE4, 0x2F6B, 0x0021, 0x0021,
        0x0021, 0x0021, 0x0021, 0x0021, 0x0021, 0x0021, 0x0021, 0x0021, 0x0021, 0x0021, 0x0202, 0x0021, 0x1607, 0x77F2, 0x0021, 0x0021,
        0x0021, 0x0021, 0x0021, 0x0021, 0x0021, 0x0021, 0x0021, 0x0021, 0x0021, 0x0021, 0x0BE4, 0x0021, 0x2F6B, 0x0021, 0x0021, 0x0021,
        0x0021, 0x0021, 0x0021, 0x0021, 0x0021, 0x0021, 0x0021, 0x0021, 0x0021, 0x0021, 0x1607, 0x0021, 0x77F2, 0x0021, 0x0021, 0x0021,
        0x0021, 0x0021, 0x0021, 0x0021, 0x0021, 0x0021, 0x0021, 0x0BE4, 0x0021, 0x0021, 0x2F6B, 0x0021, 0x0021, 0x0021, 0x0021, 0x0021,
        0x0202, 0x0021, 0x0021, 0x0021, 0x0021, 0x0021, 0x0021, 0x0202, 0x0021, 0x0021, 0x77F2, 0x0021, 0x0021, 0x0021, 0x0021, 0x0021,
        0x0202, 0x0021, 0x0021, 0x0021, 0x0021, 0x0021, 0x0021, 0x0BE4, 0x0021, 0x0021, 0x0021, 0x0021, 0x0021, 0x0021, 0x0021, 0x0021,
        0x0BE4, 0x0021, 0x0021, 0x0021, 0x0021, 0x0021, 0x0021, 0x1607, 0x0021, 0x0202, 0x0021, 0x0021, 0x0021, 0x0021, 0x0021, 0x0021,
        0x1607, 0x0202, 0x0021, 0x0021, 0x0021, 0x0021, 0x0021, 0x2F6B, 0x0021, 0x0202, 0x0021, 0x0021, 0x0021, 0x0021, 0x0021, 0x0021,
        0x2F6B, 0x0202, 0x0021, 0x0021, 0x0021, 0x0021, 0x0021, 0x77F2, 0x0021, 0x0BE4, 0x0021, 0x0021, 0x0021, 0x0021, 0x0021, 0x0202,
        0x77F2, 0x0BE4, 0x0021, 0x0021, 0x0BE4, 0x0021, 0x0021, 0x0021, 0x0021, 0x1607, 0x0021, 0x0021, 0x0021, 0x0021, 0x0021, 0x0202,
        0x0021, 0x1607, 0x0021, 0x0021, 0x0202, 0x0202, 0x0021, 0x0021, 0x0021, 0x2F6B, 0x0021, 0x0021, 0x0021, 0x0021, 0x0BE4, 0x0BE4,
        0x0021, 0x2F6B, 0x0021, 0x0021, 0x0BE4, 0x0202, 0x0021, 0x0021, 0x0021, 0x77F2, 0x0021, 0x0021, 0x0021, 0x0021, 0x0202, 0x1607,
        0x0021, 0x77F2, 0x0202, 0x0021, 0x1607, 0x0BE4, 0x0202, 0x0021, 0x0021, 0x0021, 0x0021, 0x0021, 0x0021, 0x0021, 0x0BE4, 0x77F2,
        0x0021, 0x0021, 0x0202, 0x0021, 0x2F6B, 0x1607, 0x0202, 0x0021, 0x0021, 0x0021, 0x0021, 0x0021, 0x0021, 0x0021, 0x1607, 0x77F2,
        0x0021, 0x0021, 0x1607, 0x0021, 0x77F2, 0x2F6B, 0x0BE4, 0x0021, 0x0021, 0x0021, 0x0021, 0x0021, 0x0021, 0x0021, 0x2F6B, 0x0021,
    },
    {
        0x0021, 0x0021, 0x0021, 0x0021, 0x0021, 0x0021, 0x0021, 0x0021, 0x0021, 0x0021, 0x0202, 0x0021, 0x0BE4, 0x2F6B, 0x0021, 0x0021,
        0x0021, 0x0021, 0x0021, 0x0021, 0x0021, 0x0021, 0x0021, 0x0021, 0x0021, 0x0021, 0x0202, 0x0021, 0x1607, 0x77F2, 0x0021, 0x0021,
        0x0021, 0x0021, 0x0021, 0x0021, 0x0021, 0x0021, 0x0021, 0x0021, 0x0021, 0x0021, 0x0BE4, 0x0021, 0x2F6B, 0x0021, 0x0021, 0x0021,
        0x0021, 0x0021, 0x0021, 0x0021, 0x0021, 0x0021, 0x0021, 0x0021, 0x0021, 0x0021, 0x1607, 0x0021, 0x77F2, 0x0021, 0x0021, 0x0021,
        0x0021, 0x0021, 0x0021, 0x0021, 0x0021, 0x0021, 0x0021, 0x0202, 0x0021, 0x0021, 0x2F6B, 0x0021, 0x0021, 0x0021, 0x0021, 0x0021,
        0x0202, 0x0021, 0x0021, 0x0021, 0x0021, 0x0021, 0x0021, 0x0202, 0x0021, 0x0021, 0x77F2, 0x0021, 0x0021, 0x0021, 0x0021, 0x0021,
        0x0202, 0x0021, 0x0021, 0x0021, 0x0021, 0x0021, 0x0021, 0x0BE4, 0x0021, 0x0021, 0x0021, 0x0021, 0x0021, 0x0021, 0x0021, 0x0021,
        0x0BE4, 0x0021, 0x0021, 0x0021, 0x0021, 0x0021, 0x0021, 0x1607, 0x0021, 0x0202, 0x0021, 0x0021, 0x0021, 0x0021, 0x0021, 0x0021,
        0x1607, 0x0202, 0x0021, 0x0021, 0x0021, 0x0021, 0x0021, 0x2F6B, 0x0021, 0x0202, 0x0021, 0x0021, 0x0021, 0x0021, 0x0021, 0x0021,
        0x2F6B, 0x0202, 0x0021, 0x0021, 0x0021, 0x0021, 0x0021, 0x77F2, 0x0021, 0x0BE4, 0x0021, 0x0021, 0x0021, 0x0021, 0x0021, 0x0202,
        0x77F2, 0x0BE4, 0x0021, 0x0021, 0x0202, 0x0021, 0x0021, 0x0021, 0x0021, 0x1607, 0x0021, 0x0021, 0x0021, 0x0021, 0x0021, 0x0BE4,
        0x0021, 0x1607, 0x0021, 0x0021, 0x0202, 0x0202, 0x0021, 0x0021, 0x0021, 0x2F6B, 0x0021, 0x0021, 0x0021, 0x0021, 0x0BE4, 0x0BE4,
        0x0021, 0x2F6B, 0x0021, 0x0021, 0x0BE4, 0x0BE4, 0x0021, 0x0021, 0x0021, 0x77F2, 0x0021, 0x0021, 0x0021, 0x0021, 0x0202, 0x2F6B,
        0x0021, 0x77F2, 0x0202, 0x0021, 0x1607, 0x0BE4, 0x0202, 0x0021, 0x0021, 0x0021, 0x0021, 0x0021, 0x0021, 0x0021, 0x0BE4, 0x77F2,
        0x0021, 0x0021, 0x0202, 0x0021, 0x2F6B, 0x2F6B, 0x0202, 0x0021, 0x0021, 0x0021, 0x0021, 0x0021, 0x0021, 0x0021, 0x1607, 0x77F2,
        0x0021, 0x0021, 0x0BE4, 0x0021, 0x77F2, 0x2F6B, 0x0BE4, 0x0021, 0x0021, 0x0021, 0x0021, 0x0021, 0x0021, 0x0021, 0x2F6B, 0x0021,
    },
    {
        0x0021, 0x0021, 0x0021, 0x0021, 0x0021, 0x0021, 0x0021, 0x0021, 0x0021, 0x0021, 0x0021, 0x0021, 0x0202, 0x1607, 0x0021, 0x0021,
        0x0021, 0x0021, 0x0021, 0x0021, 0x0021, 0x0021, 0x0021, 0x0021, 0x0021, 0x0021, 0x0202, 0x0021, 0x0BE4, 0x2F6B, 0x0021, 0x0021,
        0x0021, 0x0021, 0x0021, 0x0021, 0x0021, 0x0021, 0x0021, 0x0021, 0x0021, 0x0021, 0x0202, 0x0021, 0x1607, 0x77F2, 0x0021, 0x0021,
        0x0021, 0x0021, 0x0021, 0x0021, 0x0021, 0x0021, 0x0021, 0x0021, 0x0021, 0x0021, 0x0BE4, 0x0021, 0x2F6B, 0x0021, 0x0021, 0x0021,
        0x0021, 0x0021, 0x0021, 0x0021, 0x0021, 0x0021, 0x0021, 0x0021, 0x0021, 0x0021, 0x1607, 0x0021, 0x77F2, 0x0021, 0x0021, 0x0021,
        0x0021, 0x0021, 0x0021, 0x0021, 0x0021, 0x0021, 0x0021, 0x0202, 0x0021, 0x0021, 0x2F6B, 0x0021, 0x0021, 0x0021, 0x0021, 0x0021,
        0x0202, 0x0021, 0x0021, 0x0021, 0x0021, 0x0021, 0x0021, 0x0202, 0x0021, 0x0021, 0x77F2, 0x0021, 0x0021, 0x0021, 0x0021, 0x0021,
        0x0202, 0x0021, 0x0021, 0x0021, 0x0021, 0x0021, 0x0021, 0x0BE4, 0x0021, 0x0021, 0x0021, 0x0021, 0x0021, 0x0021, 0x0021, 0x0021,
        0x0BE4, 0x0021, 0x0021, 0x0021, 0x0021, 0x0021, 0x0021, 0x1607, 0x0021, 0x0202, 0x0021, 0x0021, 0x0021, 0x0021, 0x0021, 0x0021,
        0x1607, 0x0202, 0x0021, 0x0021, 0x0021, 0x0021, 0x0021, 0x2F6B, 0x0021, 0x0202, 0x0021, 0x0021, 0x0021, 0x0021, 0x0021, 0x0021,
        0x77F2, 0x0202, 0x0021, 0x0021, 0x0021, 0x0021, 0x0021, 0x77F2, 0x0021, 0x0BE4, 0x0021, 0x0021, 0x0021, 0x0021, 0x0021, 0x0202,
        0x77F2, 0x0BE4, 0x0021, 0x0021, 0x0BE4, 0x0021, 0x0021, 0x0021, 0x0021, 0x1607, 0x0021, 0x0021, 0x0021, 0x0021, 0x0021, 0x0202,
        0x0021, 0x1607, 0x0021, 0x0021, 0x0202, 0x0202, 0x0021, 0x0021, 0x0021, 0x2F6B, 0x0021, 0x0021, 0x0021, 0x0021, 0x0202, 0x1607,
        0x0021, 0x2F6B, 0x0021, 0x0021, 0x0BE4, 0x0202, 0x0021, 0x0021, 0x0021, 0x77F2, 0x0021, 0x0021, 0x0021, 0x0021, 0x0202, 0x1607,
        0x0021, 0x77F2, 0x0202, 0x0021, 0x1607, 0x0BE4, 0x0202, 0x0021, 0x0021, 0x0021, 0x0021, 0x0021, 0x0021, 0x0021, 0x0BE4, 0x2F6B,
        0x0021, 0x0021, 0x0202, 0x0021, 0x2F6B, 0x1607, 0x0202, 0x0021, 0x0021, 0x0021, 0x0021, 0x0021, 0x0021, 0x0021, 0x2F6B, 0x77F2,
    },
    {
        0x0021, 0x0021, 0x0021, 0x0021, 0x0021, 0x0021, 0x0021, 0x0021, 0x0021, 0x0021, 0x0021, 0x0021, 0x0202, 0x0BE4, 0x0021, 0x0021,
        0x0021, 0x0021, 0x0021, 0x0021, 0x0021, 0x0021, 0x0021, 0x0021, 0x0021, 0x0021, 0x0021, 0x0021, 0x0BE4, 0x2F6B, 0x0021, 0x0021,
        0x0021, 0x0021, 0x0021, 0x0021, 0x0021, 0x0021, 0x0021, 0x0021, 0x0021, 0x0021, 0x0BE4, 0x0021, 0x0BE4, 0x2F6B, 0x0021, 0x0021,
        0x0021, 0x0021, 0x0021, 0x0021, 0x0021, 0x0021, 0x0021, 0x0021, 0x0021, 0x0021, 0x0BE4, 0x0021, 0x1607, 0x77F2, 0x0021, 0x0021,
        0x0021, 0x0021, 0x0021, 0x0021, 0x0021, 0x0021, 0x0021, 0x0021, 0x0021, 0x0021, 0x1607, 0x0021, 0x2F6B, 0x0021, 0x0021, 0x0021,
        0x0021, 0x0021, 0x0021, 0x0021, 0x0021, 0x0021, 0x0021, 0x0021, 0x0021, 0x0021, 0x2F6B, 0x0021, 0x77F2, 0x0021, 0x0021, 0x0021,
        0x0021, 0x0021, 0x0021, 0x0021, 0x0021, 0x0021, 0x0021, 0x0202, 0x0021, 0x0021, 0x2F6B, 0x0021, 0x0021, 0x0021, 0x0021, 0x0021,
        0x0BE4, 0x0021, 0x0021, 0x0021, 0x0021, 0x0021, 0x0021, 0x0202, 0x0021, 0x0021, 0x77F2, 0x0021, 0x0021, 0x0021, 0x0021, 0x0021,
        0x0202, 0x0021, 0x0021, 0x0021, 0x0021, 0x0021, 0x0021, 0x1607, 0x0021, 0x0021, 0x0021, 0x0021, 0x0021, 0x0021, 0x0021, 0x0021,
        0x0BE4, 0x0021, 0x0021, 0x0021, 0x0021, 0x0021, 0x0021, 0x1607, 0x0021, 0x0202, 0x0021, 0x0021, 0x0021, 0x0021, 0x0021, 0x0021,
        0x2F6B, 0x0202, 0x0021, 0x0021, 0x0021, 0x0021, 0x0021, 0x2F6B, 0x0021, 0x0202, 0x0021, 0x0021, 0x0021, 0x0021, 0x0021, 0x0021,
        0x2F6B, 0x0202, 0x0021, 0x0021, 0x0021, 0x0021, 0x0021, 0x77F2, 0x0021, 0x0BE4, 0x0021, 0x0021, 0x0021, 0x0021, 0x0021, 0x0202,
        0x77F2, 0x0BE4, 0x0021, 0x0021, 0x0202, 0x0021, 0x0021, 0x0021, 0x0021, 0x1607, 0x0021, 0x0021, 0x0021, 0x0021, 0x0021, 0x0202,
        0x0021, 0x2F6B, 0x0021, 0x0021, 0x0202, 0x0202, 0x0021, 0x0021, 0x0021, 0x77F2, 0x0021, 0x0021, 0x0021, 0x0021, 0x0202, 0x0BE4,
        0x0021, 0x2F6B, 0x0021, 0x0021, 0x1607, 0x0202, 0x0021, 0x0021, 0x0021, 0x77F2, 0x0021, 0x0021, 0x0021, 0x0021, 0x0202, 0x1607,
        0x0021, 0x77F2, 0x0202, 0x0021, 0x1607, 0x0BE4, 0x0202, 0x0021, 0x0021, 0x0021, 0x0021, 0x0021, 0x0021, 0x0021, 0x1607, 0x2F6B,
    },
    {
        0x0021, 0x0021, 0x0021, 0x0021, 0x0021, 0x0021, 0x0021, 0x0021, 0x0021, 0x0021, 0x0021, 0x0021, 0x0BE4, 0x1607, 0x0021, 0x0021,
        0x0021, 0x0021, 0x0021, 0x0021, 0x0021, 0x0021, 0x0021, 0x0021, 0x0021, 0x0021, 0x0021, 0x0021, 0x0202, 0x1607, 0x0021, 0x0021,
        0x0021, 0x0021, 0x0021, 0x0021, 0x0021, 0x0021, 0x0021, 0x0021, 0x0021, 0x0021, 0x0202, 0x0021, 0x0BE4, 0x2F6B, 0x0021, 0x0021,
        0x0021, 0x0021, 0x0021, 0x0021, 0x0021, 0x0021, 0x0021, 0x0021, 0x0021, 0x0021, 0x0BE4, 0x0021, 0x2F6B, 0x77F2, 0x0021, 0x0021,
        0x0021, 0x0021, 0x0021, 0x0021, 0x0021, 0x0021, 0x0021, 0x0021, 0x0021, 0x0021, 0x0BE4, 0x0021, 0x77F2, 0x0021, 0x0021, 0x0021,
        0x0021, 0x0021, 0x0021, 0x0021, 0x0021, 0x0021, 0x0021, 0x0021, 0x0021, 0x0021, 0x2F6B, 0x0021, 0x77F2, 0x0021, 0x0021, 0x0021,
        0x0021, 0x0021, 0x0021, 0x0021, 0x0021, 0x0021, 0x0021, 0x0202, 0x0021, 0x0021, 0x2F6B, 0x0021, 0x0021, 0x0021, 0x0021, 0x0021,
        0x0202, 0x0021, 0x0021, 0x0021, 0x0021, 0x0021, 0x0021, 0x0202, 0x0021, 0x0021, 0x77F2, 0x0021, 0x0021, 0x0021, 0x0021, 0x0021,
        0x0202, 0x0021, 0x0021, 0x0021, 0x0021, 0x0021, 0x0021, 0x0BE4, 0x0021, 0x0021, 0x0021, 0x0021, 0x0021, 0x0021, 0x0021, 0x0021,
        0x0BE4, 0x0021, 0x0021, 0x0021, 0x0021, 0x0021, 0x0021, 0x1607, 0x0021, 0x0BE4, 0x0021, 0x0021, 0x0021, 0x0021, 0x0021, 0x0021,
        0x1607, 0x0202, 0x0021, 0x0021, 0x0021, 0x0021, 0x0021, 0x2F6B, 0x0021, 0x0202, 0x0021, 0x0021, 0x0021, 0x0021, 0x0021, 0x0021,
        0x2F6B, 0x0202, 0x0021, 0x0021, 0x0021, 0x0021, 0x0021, 0x77F2, 0x0021, 0x0BE4, 0x0021, 0x0021, 0x0021, 0x0021, 0x0021, 0x0BE4,
        0x77F2, 0x0BE4, 0x0021, 0x0021, 0x0202, 0x0021, 0x0021, 0x0021, 0x0021, 0x1607, 0x0021, 0x0021, 0x0021, 0x0021, 0x0021, 0x0202,
        0x0021, 0x1607, 0x0021, 0x0021, 0x0BE4, 0x0202, 0x0021, 0x0021, 0x0021, 0x77F2, 0x0021, 0x0021, 0x0021, 0x0021, 0x0BE4, 0x0BE4,
        0x0021, 0x2F6B, 0x0021, 0x0021, 0x0BE4, 0x0202, 0x0021, 0x0021, 0x0021, 0x77F2, 0x0021, 0x0021, 0x0021, 0x0021, 0x0202, 0x2F6B,
        0x0021, 0x77F2, 0x0202, 0x0021, 0x1607, 0x0BE4, 0x0202, 0x0021, 0x0021, 0x0021, 0x0021, 0x0021, 0x0021, 0x0021, 0x0BE4, 0x77F2,
    },
    {
        0x0021, 0x0021, 0x0021, 0x0021, 0x0021, 0x0021, 0x0021, 0x0021, 0x0021, 0x0021, 0x0021, 0x0021, 0x0021, 0x0202, 0x0021, 0x0021,
        0x0021, 0x0021, 0x0021, 0x0021, 0x0021, 0x0021, 0x0021, 0x0021, 0x0021, 0x0021, 0x0021, 0x0021, 0x0202, 0x0BE4, 0x0021, 0x0021,
        0x0021, 0x0021, 0x0021, 0x0021, 0x0021, 0x0021, 0x0021, 0x0021, 0x0021, 0x0021, 0x0021, 0x0021, 0x0202, 0x1607, 0x0021, 0x0021,
        0x0021, 0x0021, 0x0021, 0x0021, 0x0021, 0x0021, 0x0021, 0x0021, 0x0021, 0x0021, 0x0202, 0x0021, 0x0BE4, 0x2F6B, 0x0021, 0x0021,
        0x0021, 0x0021, 0x0021, 0x0021, 0x0021, 0x0021, 0x0021, 0x0021, 0x0021, 0x0021, 0x0202, 0x0021, 0x1607, 0x77F2, 0x0021, 0x0021,
        0x0021, 0x0021, 0x0021, 0x0021, 0x0021, 0x0021, 0x0021, 0x0021, 0x0021, 0x0021, 0x0BE4, 0x0021, 0x2F6B, 0x0021, 0x0021, 0x0021,
        0x0021, 0x0021, 0x0021, 0x0021, 0x0021, 0x0021, 0x0021, 0x0021, 0x0021, 0x0021, 0x1607, 0x0021, 0x77F2, 0x0021, 0x0021, 0x0021,
        0x0021, 0x0021, 0x0021, 0x0021, 0x0021, 0x0021, 0x0021, 0x0202, 0x0021, 0x0021, 0x2F6B, 0x0021, 0x0021, 0x0021, 0x0021, 0x0021,
        0x0202, 0x0021, 0x0021, 0x0021, 0x0021, 0x0021, 0x0021, 0x0202, 0x0021, 0x0021, 0x77F2, 0x0021, 0x0021, 0x0021, 0x0021, 0x0021,
        0x0202, 0x0021, 0x0021, 0x0021, 0x0021, 0x0021, 0x0021, 0x1607, 0x0021, 0x0021, 0x0021, 0x0021, 0x0021, 0x0021, 0x0021, 0x0021,
        0x0BE4, 0x0021, 0x0021, 0x0021, 0x0021, 0x0021, 0x0021, 0x2F6B, 0x0021, 0x0202, 0x0021, 0x0021, 0x0021, 0x0021, 0x0021, 0x0021,
        0x2F6B, 0x0202, 0x0021, 0x0021, 0x0021, 0x0021, 0x0021, 0x2F6B, 0x0021, 0x0202, 0x0021, 0x0021, 0x0021, 0x0021, 0x0021, 0x0021,
        0x2F6B, 0x0202, 0x0021, 0x0021, 0x0021, 0x0021, 0x0021, 0x77F2, 0x0021, 0x0BE4, 0x0021, 0x0021, 0x0021, 0x0021, 0x0021, 0x0202,
        0x77F2, 0x0BE4, 0x0021, 0x0021, 0x0BE4, 0x0021, 0x0021, 0x0021, 0x0021, 0x1607, 0x0021, 0x0021, 0x0021, 0x0021, 0x0021, 0x0202,
        0x0021, 0x1607, 0x0021, 0x0021, 0x0202, 0x0202, 0x0021, 0x0021, 0x0021, 0x2F6B, 0x0021, 0x0021, 0x0021, 0x0021, 0x0202, 0x0BE4,
        0x0021, 0x2F6B, 0x0021, 0x0021, 0x0BE4, 0x0202, 0x0021, 0x0021, 0x0021, 0x77F2, 0x0021, 0x0021, 0x0021, 0x0021, 0x0202, 0x1607,
    },
    {
        0x0021, 0x0021, 0x0021, 0x0021, 0x0021, 0x0021, 0x0021, 0x0021, 0x0021, 0x0021, 0x0021, 0x0021, 0x0021, 0x0202, 0x0021, 0x0021,
        0x0021, 0x0021, 0x0021, 0x0021, 0x0021, 0x0021, 0x0021, 0x0021, 0x0021, 0x0021, 0x0021, 0x0021, 0x0021, 0x0202, 0x0021, 0x0021,
        0x0021, 0x0021, 0x0021, 0x0021, 0x0021, 0x0021, 0x0021, 0x0021, 0x0021, 0x0021, 0x0021, 0x0021, 0x0202, 0x1607, 0x0021, 0x0021,
        0x0021, 0x0021, 0x0021, 0x0021, 0x0021, 0x0021, 0x0021, 0x0021, 0x0021, 0x0021, 0x0021, 0x0021, 0x0202, 0x1607, 0x0021, 0x0021,
        0x0021, 0x0021, 0x0021, 0x0021, 0x0021, 0x0021, 0x0021, 0x0021, 0x0021, 0x0021, 0x0202, 0x0021, 0x0BE4, 0x77F2, 0x0021, 0x0021,
        0x0021, 0x0021, 0x0021, 0x0021, 0x0021, 0x0021, 0x0021, 0x0021, 0x0021, 0x0021, 0x0202, 0x0021, 0x1607, 0x77F2, 0x0021, 0x0021,
        0x0021, 0x0021, 0x0021, 0x0021, 0x0021, 0x0021, 0x0021, 0x0021, 0x0021, 0x0021, 0x0BE4, 0x0021, 0x77F2, 0x0021, 0x0021, 0x0021,
        0x0021, 0x0021, 0x0021, 0x0021, 0x0021, 0x0021, 0x0021, 0x0021, 0x0021, 0x0021, 0x1607, 0x0021, 0x77F2, 0x0021, 0x0021, 0x0021,
        0x0021, 0x0021, 0x0021, 0x0021, 0x0021, 0x0021, 0x0021, 0x0202, 0x0021, 0x0021, 0x2F6B, 0x0021, 0x0021, 0x0021, 0x0021, 0x0021,
        0x0202, 0x0021, 0x0021, 0x0021, 0x0021, 0x0021, 0x0021, 0x0202, 0x0021, 0x0021, 0x77F2, 0x0021, 0x0021, 0x0021, 0x0021, 0x0021,
        0x0202, 0x0021, 0x0021, 0x0021, 0x0021, 0x0021, 0x0021, 0x0BE4, 0x0021, 0x0021, 0x0021, 0x0021, 0x0021, 0x0021, 0x0021, 0x0021,
        0x0BE4, 0x0021, 0x0021, 0x0021, 0x0021, 0x0021, 0x0021, 0x1607, 0x0021, 0x0202, 0x0021, 0x0021, 0x0021, 0x0021, 0x0021, 0x0021,
        0x1607, 0x0202, 0x0021, 0x0021, 0x0021, 0x0021, 0x0021, 0x2F6B, 0x0021, 0x0BE4, 0x0021, 0x0021, 0x0021, 0x0021, 0x0021, 0x0021,
        0x2F6B, 0x0202, 0x0021, 0x0021, 0x0021, 0x0021, 0x0021, 0x77F2, 0x0021, 0x0BE4, 0x0021, 0x0021, 0x0021, 0x0021, 0x0021, 0x0202,
        0x77F2, 0x0BE4, 0x0021, 0x0021, 0x0202, 0x0021, 0x0021, 0x0021, 0x0021, 0x1607, 0x0021, 0x0021, 0x0021, 0x0021, 0x0021, 0x0202,
        0x0021, 0x1607, 0x0021, 0x0021, 0x0202, 0x0202, 0x0021, 0x0021, 0x0021, 0x2F6B, 0x0021, 0x0021, 0x0021, 0x0021, 0x0202, 0x0BE4,
    },
    {
        0x0021, 0xDFFC, 0xDFFC, 0x0021, 0x0021, 0x0021, 0x0021, 0x0021, 0x77F2, 0xDFFC, 0x0021, 0x0021, 0x0021, 0x0021, 0x0021, 0x0021,
        0x0021, 0x77F2, 0x77F2, 0x0021, 0x0021, 0x0021, 0x0021, 0x0021, 0x0021, 0x77F2, 0x0021, 0x0021, 0x0021, 0x0202, 0x0021, 0x0021,
        0x0021, 0x2F6B, 0x2F6B, 0x0021, 0x0021, 0x0021, 0x0021, 0x0021, 0x0021, 0x2F6B, 0x0021, 0x0021, 0x0021, 0x0202, 0x0021, 0x0021,
        0x0021, 0x1607, 0x1607, 0x0021, 0x0021, 0x0021, 0x0021, 0x0021, 0x0021, 0x1607, 0x0021, 0x0021, 0x0BE4, 0x0BE4, 0x0021, 0x0021,
        0x0021, 0x0BE4, 0x0BE4, 0x0021, 0x0021, 0x0021, 0x0021, 0x0021, 0x0021, 0x0BE4, 0x0021, 0x0021, 0x0202, 0x2F6B, 0x0021, 0x0021,
        0x0021, 0x0202, 0x0202, 0x0021, 0x0021, 0x0021, 0x0021, 0x0021, 0x0021, 0x0202, 0x0202, 0x0021, 0x0BE4, 0x2F6B, 0x0021, 0x0021,
        0x0021, 0x0021, 0x0021, 0x0021, 0x0021, 0x0021, 0x0021, 0x0021, 0x0021, 0x0021, 0x0202, 0x0021, 0x1607, 0x77F2, 0x0021, 0x0021,
        0x0021, 0x0021, 0x0021, 0x0021, 0x0021, 0x0021, 0x0021, 0x0021, 0x0021, 0x0021, 0x0BE4, 0x0021, 0x2F6B, 0x0021, 0x0021, 0x0021,
        0x0021, 0x0021, 0x0021, 0x0021, 0x0021, 0x0021, 0x0021, 0x0021, 0x0021, 0x0021, 0x1607, 0x0021, 0x77F2, 0x0021, 0x0021, 0x0021,
        0x0021, 0x0021, 0x0021, 0x0021, 0x0021, 0x0021, 0x0021, 0x0202, 0x0021, 0x0021, 0x2F6B, 0x0021, 0x0021, 0x0021, 0x0021, 0x0021,
        0x0202, 0x0021, 0x0021, 0x0021, 0x0021, 0x0021, 0x0021, 0x0202, 0x0021, 0x0021, 0x77F2, 0x0021, 0x0021, 0x0021, 0x0021, 0x0021,
        0x0202, 0x0021, 0x0021, 0x0021, 0x0021, 0x0021, 0x0021, 0x0BE4, 0x0021, 0x0021, 0x0021, 0x0021, 0x0021, 0x0021, 0x0021, 0x0021,
        0x0BE4, 0x0021, 0x0021, 0x0021, 0x0021, 0x0021, 0x0021, 0x2F6B, 0x0021, 0x0202, 0x0021, 0x0021, 0x0021, 0x0021, 0x0021, 0x0021,
        0x1607, 0x0202, 0x0021, 0x0021, 0x0021, 0x0021, 0x0021, 0x2F6B, 0x0021, 0x0202, 0x0021, 0x0021, 0x0021, 0x0021, 0x0021, 0x0021,
        0x2F6B, 0x0202, 0x0021, 0x0021, 0x0021, 0x0021, 0x0021, 0x77F2, 0x0021, 0x0BE4, 0x0021, 0x0021, 0x0021, 0x0021, 0x0021, 0x0202,
        0x77F2, 0x0BE4, 0x0021, 0x0021, 0x0202, 0x0021, 0x0021, 0x0021, 0x0021, 0x1607, 0x0021, 0x0021, 0x0021, 0x0021, 0x0021, 0x0202,
    },
    {
        0x0021, 0xDFFC, 0xDFFC, 0x0021, 0x0021, 0x0021, 0x0021, 0x0021, 0x77F2, 0xDFFC, 0x77F2, 0x0021, 0x0021, 0x0021, 0x0021, 0x0021,
        0x0021, 0x77F2, 0x77F2, 0x0021, 0x0021, 0x0021, 0x0021, 0x0021, 0x0021, 0x77F2, 0x2F6B, 0x0021, 0x0021, 0x0202, 0x0021, 0x0021,
        0x0021, 0x2F6B, 0x2F6B, 0x0021, 0x0021, 0x0021, 0x0021, 0x0021, 0x0021, 0x2F6B, 0x1607, 0x0021, 0x0021, 0x0202, 0x0021, 0x0021,
        0x0021, 0x1607, 0x1607, 0x0021, 0x0021, 0x0021, 0x0021, 0x0021, 0x0021, 0x1607, 0x0BE4, 0x0021, 0x0202, 0x0BE4, 0x0021, 0x0021,
        0x0021, 0x0BE4, 0x0BE4, 0x0021, 0x0021, 0x0021, 0x0021, 0x0021, 0x0021, 0x0BE4, 0x0202, 0x0021, 0x0BE4, 0x1607, 0x0021, 0x0021,
        0x0021, 0x0202, 0x0202, 0x0021, 0x0021, 0x0021, 0x0021, 0x0021, 0x0021, 0x0202, 0x0202, 0x0021, 0x0BE4, 0x77F2, 0x0021, 0x0021,
        0x0021, 0x0021, 0x0021, 0x0021, 0x0021, 0x0021, 0x0021, 0x0021, 0x0021, 0x0021, 0x0202, 0x0021, 0x1607, 0x77F2, 0x0021, 0x0021,
        0x0021, 0x0021, 0x0021, 0x0021, 0x0021, 0x0021, 0x0021, 0x0021, 0x0021, 0x0021, 0x0BE4, 0x0021, 0x2F6B, 0x0021, 0x0021, 0x0021,
        0x0021, 0x0021, 0x0021, 0x0021, 0x0021, 0x0021, 0x0021, 0x0021, 0x0021, 0x0021, 0x1607, 0x0021, 0x77F2, 0x0021, 0x0021, 0x0021,
        0x0021, 0x0021, 0x0021, 0x0021, 0x0021, 0x0021, 0x0021, 0x0202, 0x0021, 0x0021, 0x2F6B, 0x0021, 0x0021, 0x0021, 0x0021, 0x0021,
        0x0202, 0x0021, 0x0021, 0x0021, 0x0021, 0x0021, 0x0021, 0x0202, 0x0021, 0x0021, 0x77F2, 0x0021, 0x0021, 0x0021, 0x0021, 0x0021,
        0x0202, 0x0021, 0x0021, 0x0021, 0x0021, 0x0021, 0x0021, 0x1607, 0x0021, 0x0021, 0x0021, 0x0021, 0x0021, 0x0021, 0x0021, 0x0021,
        0x0BE4, 0x0021, 0x0021, 0x0021, 0x0021, 0x0021, 0x0021, 0x1607, 0x0021, 0x0202, 0x0021, 0x0021, 0x0021, 0x0021, 0x0021, 0x0021,
        0x1607, 0x0202, 0x0021, 0x0021, 0x0021, 0x0021, 0x0021, 0x2F6B, 0x0021, 0x0BE4, 0x0021, 0x0021, 0x0021, 0x0021, 0x0021, 0x0021,
        0x77F2, 0x0202, 0x0021, 0x0021, 0x0021, 0x0021, 0x0021, 0x77F2, 0x0021, 0x0BE4, 0x0021, 0x0021, 0x0021, 0x0021, 0x0021, 0x0202,
        0x77F2, 0x0BE4, 0x0021, 0x0021, 0x0202, 0x0021, 0x0021, 0x0021, 0x0021, 0x1607, 0x0021, 0x0021, 0x0021, 0x0021, 0x0021, 0x0202,
    },
    {
        0x0021, 0xDFFC, 0x0021, 0x0021, 0x0021, 0x0021, 0x0021, 0x0021, 0x2F6B, 0x0825, 0xDFFC, 0x0021, 0x0021, 0x0021, 0x0021, 0x0021,
        0x0021, 0x77F2, 0xDFFC, 0x0021, 0x0021, 0x0021, 0x0021, 0x0021, 0x77F2, 0xACDF, 0x77F2, 0x0021, 0x0021, 0x0021, 0x0021, 0x0021,
        0x0021, 0x2F6B, 0x77F2, 0x0021, 0x0021, 0x0021, 0x0021, 0x0021, 0x0825, 0x77F2, 0x2F6B, 0x0021, 0x0021, 0x0202, 0x0021, 0x0021,
        0x0021, 0x1607, 0x2F6B, 0x0021, 0x0021, 0x0021, 0x0021, 0x0021, 0x0021, 0x2F6B, 0x1607, 0x0021, 0x0021, 0x0202, 0x0021, 0x0021,
        0x0021, 0x0BE4, 0x1607, 0x0021, 0x0021, 0x0021, 0x0021, 0x0021, 0x0021, 0x1607, 0x0BE4, 0x0021, 0x0BE4, 0x1607, 0x0021, 0x0021,
        0x0021, 0x0202, 0x0BE4, 0x0021, 0x0021, 0x0021, 0x0021, 0x0021, 0x0021, 0x0BE4, 0x0202, 0x0021, 0x0202, 0x2F6B, 0x0021, 0x0021,
        0x0021, 0x0021, 0x0202, 0x0021, 0x0021, 0x0021, 0x0021, 0x0021, 0x0021, 0x0202, 0x0202, 0x0021, 0x0BE4, 0x2F6B, 0x0021, 0x0021,
        0x0021, 0x0021, 0x0021, 0x0021, 0x0021, 0x0021, 0x0021, 0x0021, 0x0021, 0x0021, 0x0202, 0x0021, 0x1607, 0x77F2, 0x0021, 0x0021,
        0x0021, 0x0021, 0x0021, 0x0021, 0x0021, 0x0021, 0x0021, 0x0021, 0x0021, 0x0021, 0x1607, 0x0021, 0x2F6B, 0x0021, 0x0021, 0x0021,
        0x0021, 0x0021, 0x0021, 0x0021, 0x0021, 0x0021, 0x0021, 0x0021, 0x0021, 0x0021, 0x1607, 0x0021, 0x77F2, 0x0021, 0x0021, 0x0021,
        0x0021, 0x0021, 0x0021, 0x0021, 0x0021, 0x0021, 0x0021, 0x0202, 0x0021, 0x0021, 0x77F2, 0x0021, 0x0021, 0x0021, 0x0021, 0x0021,
        0x0202, 0x0021, 0x0021, 0x0021, 0x0021, 0x0021, 0x0021, 0x0202, 0x0021, 0x0021, 0x77F2, 0x0021, 0x0021, 0x0021, 0x0021, 0x0021,
        0x0202, 0x0021, 0x0021, 0x0021, 0x0021, 0x0021, 0x0021, 0x1607, 0x0021, 0x0021, 0x0021, 0x0021, 0x0021, 0x0021, 0x0021, 0x0021,
        0x0BE4, 0x0021, 0x0021, 0x0021, 0x0021, 0x0021, 0x0021, 0x1607, 0x0021, 0x0202, 0x0021, 0x0021, 0x0021, 0x0021, 0x0021, 0x0021,
        0x1607, 0x0202, 0x0021, 0x0021, 0x0021, 0x0021, 0x0021, 0x2F6B, 0x0021, 0x0202, 0x0021, 0x0021, 0x0021, 0x0021, 0x0021, 0x0021,
        0x2F6B, 0x0202, 0x0021, 0x0021, 0x0021, 0x0021, 0x0021, 0x77F2, 0x0021, 0x0BE4, 0x0021, 0x0021, 0x0021, 0x0021, 0x0021, 0x0202,
    },
    {
        0x77F2, 0x0021, 0x0021, 0x0021, 0x0021, 0x0021, 0x0021, 0x77F2, 0x1607, 0x0825, 0xDFFC, 0x77F2, 0x0021, 0x0021, 0x0021, 0x77F2,
        0x2F6B, 0xDFFC, 0x0825, 0x0825, 0x0021, 0x0021, 0x0021, 0x2F6B, 0x2F6B, 0xACDF, 0x77F2, 0x2F6B, 0x0021, 0x0021, 0x0021, 0x2F6B,
        0x1607, 0x77F2, 0xACDF, 0x0825, 0x0021, 0x0021, 0x0021, 0x1607, 0x77F2, 0x517C, 0x2F6B, 0x1607, 0x0021, 0x0021, 0x0021, 0x1607,
        0x0BE4, 0x2F6B, 0x77F2, 0x0825, 0x0021, 0x0021, 0x0021, 0x0BE4, 0x0825, 0x77F2, 0x1607, 0x0BE4, 0x0021, 0x0202, 0x0021, 0x0BE4,
        0x0202, 0x1607, 0x2F6B, 0x0021, 0x0021, 0x0021, 0x0021, 0x0202, 0x0021, 0x2F6B, 0x0BE4, 0x0202, 0x0021, 0x0202, 0x0021, 0x0202,
        0x0021, 0x0BE4, 0x1607, 0x0021, 0x0021, 0x0021, 0x0021, 0x0021, 0x0021, 0x1607, 0x0202, 0x0021, 0x0202, 0x0BE4, 0x0021, 0x0021,
        0x0021, 0x0202, 0x0BE4, 0x0021, 0x0021, 0x0021, 0x0021, 0x0021, 0x0021, 0x0BE4, 0x0021, 0x0021, 0x0202, 0x1607, 0x0021, 0x0021,
        0x0021, 0x0021, 0x0202, 0x0021, 0x0021, 0x0021, 0x0021, 0x0021, 0x0021, 0x0202, 0x0202, 0x0021, 0x0BE4, 0x2F6B, 0x0021, 0x0021,
        0x0021, 0x0021, 0x0021, 0x0021, 0x0021, 0x0021, 0x0021, 0x0021, 0x0021, 0x0021, 0x0202, 0x0021, 0x1607, 0x77F2, 0x0021, 0x0021,
        0x0021, 0x0021, 0x0021, 0x0021, 0x0021, 0x0021, 0x0021, 0x0021, 0x0021, 0x0021, 0x0BE4, 0x0021, 0x2F6B, 0x0021, 0x0021, 0x0021,
        0x0021, 0x0021, 0x0021, 0x0021, 0x0021, 0x0021, 0x0021, 0x0021, 0x0021, 0x0021, 0x1607, 0x0021, 0x77F2, 0x0021, 0x0021, 0x0021,
        0x0021, 0x0021, 0x0021, 0x0021, 0x0021, 0x0021, 0x0021, 0x0202, 0x0021, 0x0021, 0x2F6B, 0x0021, 0x0021, 0x0021, 0x0021, 0x0021,
        0x0202, 0x0021, 0x0021, 0x0021, 0x0021, 0x0021, 0x0021, 0x0202, 0x0021, 0x0021, 0x77F2, 0x0021, 0x0021, 0x0021, 0x0021, 0x0021,
        0x0202, 0x0021, 0x0021, 0x0021, 0x0021, 0x0021, 0x0021, 0x0BE4, 0x0021, 0x0021, 0x0021, 0x0021, 0x0021, 0x0021, 0x0021, 0x0021,
        0x0BE4, 0x0021, 0x0021, 0x0021, 0x0021, 0x0021, 0x0021, 0x1607, 0x0021, 0x0202, 0x0021, 0x0021, 0x0021, 0x0021, 0x0021, 0x0021,
        0x2F6B, 0x0202, 0x0021, 0x0021, 0x0021, 0x0021, 0x0021, 0x2F6B, 0x0021, 0x0202, 0x0021, 0x0021, 0x0021, 0x0021, 0x0021, 0x0021,
    },
    {
        0xDFFC, 0x0021, 0x0021, 0x0021, 0x0021, 0x0021, 0x0021, 0xDFFC, 0x1607, 0x0825, 0xDFFC, 0xDFFC, 0x0021, 0x0021, 0x0021, 0xDFFC,
        0x77F2, 0x0825, 0x0825, 0x0825, 0x0021, 0x0021, 0x0021, 0x77F2, 0x2F6B, 0xB4DF, 0x77F2, 0x77F2, 0x0021, 0x0021, 0x0021, 0x77F2,
        0x2F6B, 0xDFFC, 0xB4DF, 0x0825, 0x0021, 0x0021, 0x0021, 0x2F6B, 0x77F2, 0x597C, 0x2F6B, 0x2F6B, 0x0021, 0x0021, 0x0021, 0x2F6B,
        0x1607, 0x77F2, 0x77F2, 0x0825, 0x0021, 0x0021, 0x0021, 0x1607, 0x0825, 0x77F2, 0x1607, 0x1607, 0x0021, 0x0202, 0x0021, 0x1607,
        0x0BE4, 0x2F6B, 0x2F6B, 0x0021, 0x0021, 0x0021, 0x0021, 0x0BE4, 0x0021, 0x2F6B, 0x0BE4, 0x0BE4, 0x0021, 0x0BE4, 0x0021, 0x0BE4,
        0x0202, 0x1607, 0x1607, 0x0021, 0x0021, 0x0021, 0x0021, 0x0202, 0x0021, 0x1607, 0x0202, 0x0202, 0x0202, 0x0BE4, 0x0021, 0x0202,
        0x0021, 0x0BE4, 0x0BE4, 0x0021, 0x0021, 0x0021, 0x0021, 0x0021, 0x0021, 0x0BE4, 0x0021, 0x0021, 0x0202, 0x1607, 0x0021, 0x0021,
        0x0021, 0x0202, 0x0202, 0x0021, 0x0021, 0x0021, 0x0021, 0x0021, 0x0021, 0x0202, 0x0202, 0x0021, 0x0BE4, 0x2F6B, 0x0021, 0x0021,
        0x0021, 0x0021, 0x0021, 0x0021, 0x0021, 0x0021, 0x0021, 0x0021, 0x0021, 0x0021, 0x0202, 0x0021, 0x1607, 0x77F2, 0x0021, 0x0021,
        0x0021, 0x0021, 0x0021, 0x0021, 0x0021, 0x0021, 0x0021, 0x0021, 0x0021, 0x0021, 0x0BE4, 0x0021, 0x2F6B, 0x0021, 0x0021, 0x0021,
        0x0021, 0x0021, 0x0021, 0x0021, 0x0021, 0x0021, 0x0021, 0x0021, 0x0021, 0x0021, 0x1607, 0x0021, 0x77F2, 0x0021, 0x0021, 0x0021,
        0x0021, 0x0021, 0x0021, 0x0021, 0x0021, 0x0021, 0x0021, 0x0202, 0x0021, 0x0021, 0x2F6B, 0x0021, 0x0021, 0x0021, 0x0021, 0x0021,
        0x0202, 0x0021, 0x0021, 0x0021, 0x0021, 0x0021, 0x0021, 0x0202, 0x0021, 0x0021, 0x77F2, 0x0021, 0x0021, 0x0021, 0x0021, 0x0021,
        0x0202, 0x0021, 0x0021, 0x0021, 0x0021, 0x0021, 0x0021, 0x1607, 0x0021, 0x0021, 0x0021, 0x0021, 0x0021, 0x0021, 0x0021, 0x0021,
        0x0BE4, 0x0021, 0x0021, 0x0021, 0x0021, 0x0021, 0x0021, 0x1607, 0x0021, 0x0202, 0x0021, 0x0021, 0x0021, 0x0021, 0x0021, 0x0021,
        0x1607, 0x0202, 0x0021, 0x0021, 0x0021, 0x0021, 0x0021, 0x2F6B, 0x0021, 0x0202, 0x0021, 0x0021, 0x0021, 0x0021, 0x0021, 0x0021,
    },
    {
        0xDFFC, 0x0021, 0x0021, 0x0021, 0x0021, 0x77F2, 0x0021, 0xDFFC, 0x77F2, 0x1025, 0x1025, 0xDFFC, 0x0021, 0x0021, 0x0021, 0xDFFC,
        0x77F2, 0x1025, 0x1025, 0x1025, 0x0021, 0x2F6B, 0x0021, 0x77F2, 0x2F6B, 0xBCDF, 0xBCDF, 0x77F2, 0x0021, 0x0021, 0x0021, 0x77F2,
        0x2F6B, 0xDFFC, 0xBCDF, 0x1025, 0x0021, 0x1607, 0x0021, 0x2F6B, 0x1607, 0x617C, 0x77F2, 0x2F6B, 0x0021, 0x0021, 0x0021, 0x2F6B,
        0x1607, 0x77F2, 0x617C, 0x1025, 0x0021, 0x0BE4, 0x0021, 0x1607, 0x0BE4, 0x617C, 0x2F6B, 0x1607, 0x0021, 0x0021, 0x0021, 0x1607,
        0x0BE4, 0x2F6B, 0x77F2, 0x1025, 0x0021, 0x0202, 0x0021, 0x0BE4, 0x0202, 0x77F2, 0x1607, 0x0BE4, 0x0021, 0x0BE4, 0x0021, 0x0BE4,
        0x0202, 0x1607, 0x2F6B, 0x0021, 0x0021, 0x0021, 0x0021, 0x0202, 0x0021, 0x2F6B, 0x0BE4, 0x0202, 0x0021, 0x0202, 0x0021, 0x0202,
        0x0021, 0x0BE4, 0x1607, 0x0021, 0x0021, 0x0021, 0x0021, 0x0021, 0x0021, 0x1607, 0x0202, 0x0021, 0x0202, 0x0BE4, 0x0021, 0x0021,
        0x0021, 0x0202, 0x0BE4, 0x0021, 0x0021, 0x0021, 0x0021, 0x0021, 0x0021, 0x0BE4, 0x0021, 0x0021, 0x0202, 0x1607, 0x0021, 0x0021,
        0x0021, 0x0021, 0x0202, 0x0021, 0x0021, 0x0021, 0x0021, 0x0021, 0x0021, 0x0202, 0x0202, 0x0021, 0x1607, 0x2F6B, 0x0021, 0x0021,
        0x0021, 0x0021, 0x0021, 0x0021, 0x0021, 0x0021, 0x0021, 0x0021, 0x0021, 0x0021, 0x0202, 0x0021, 0x1607, 0x77F2, 0x0021, 0x0021,
        0x0021, 0x0021, 0x0021, 0x0021, 0x0021, 0x0021, 0x0021, 0x0021, 0x0021, 0x0021, 0x0BE4, 0x0021, 0x2F6B, 0x0021, 0x0021, 0x0021,
        0x0021, 0x0021, 0x0021, 0x0021, 0x0021, 0x0021, 0x0021, 0x0021, 0x0021, 0x0021, 0x1607, 0x0021, 0x77F2, 0x0021, 0x0021, 0x0021,
        0x0021, 0x0021, 0x0021, 0x0021, 0x0021, 0x0021, 0x0021, 0x0202, 0x0021, 0x0021, 0x2F6B, 0x0021, 0x0021, 0x0021, 0x0021, 0x0021,
        0x0202, 0x0021, 0x0021, 0x0021, 0x0021, 0x0021, 0x0021, 0x0202, 0x0021, 0x0021, 0x77F2, 0x0021, 0x0021, 0x0021, 0x0021, 0x0021,
        0x0202, 0x0021, 0x0021, 0x0021, 0x0021, 0x0021, 0x0021, 0x0BE4, 0x0021, 0x0021, 0x0021, 0x0021, 0x0021, 0x0021, 0x0021, 0x0021,
        0x0BE4, 0x0021, 0x0021, 0x0021, 0x0021, 0x0021, 0x0021, 0x1607, 0x0021, 0x0202, 0x0021, 0x0021, 0x0021, 0x0021, 0x0021, 0x0021,
    },
    {
        0xDFFC, 0x0021, 0x0021, 0x77F2, 0x0021, 0xDFFC, 0x0021, 0xDFFC, 0xDFFC, 0x1025, 0x1025, 0xDFFC, 0x0021, 0x0021, 0x0021, 0xDFFC,
        0x77F2, 0x1025, 0x1025, 0x1025, 0x0021, 0x77F2, 0x0021, 0x77F2, 0x77F2, 0xBCDF, 0xBCDF, 0x77F2, 0x0021, 0x0021, 0x0021, 0x77F2,
        0x2F6B, 0x1025, 0xBCDF, 0x1025, 0x0021, 0x2F6B, 0x0021, 0x2F6B, 0x2F6B, 0x697C, 0x697C, 0x2F6B, 0x0021, 0x0021, 0x0021, 0x2F6B,
        0x1607, 0xBCDF, 0x697C, 0x1025, 0x0021, 0x1607, 0x0021, 0x1607, 0x1607, 0x697C, 0x77F2, 0x1607, 0x0021, 0x0021, 0x0021, 0x1607,
        0x0BE4, 0x77F2, 0x697C, 0x1025, 0x0021, 0x0BE4, 0x0021, 0x0BE4, 0x0BE4, 0x697C, 0x2F6B, 0x0BE4, 0x0021, 0x0021, 0x0021, 0x0BE4,
        0x0202, 0x2F6B, 0x77F2, 0x1025, 0x0021, 0x0202, 0x0021, 0x0202, 0x0202, 0x77F2, 0x1607, 0x0202, 0x0021, 0x0BE4, 0x0021, 0x0202,
        0x0021, 0x1607, 0x2F6B, 0x0021, 0x0021, 0x0021, 0x0021, 0x0021, 0x0021, 0x2F6B, 0x0BE4, 0x0021, 0x0021, 0x0202, 0x0021, 0x0021,
        0x0021, 0x0BE4, 0x1607, 0x0021, 0x0021, 0x0021, 0x0021, 0x0021, 0x0021, 0x1607, 0x0202, 0x0021, 0x0202, 0x1607, 0x0021, 0x0021,
        0x0021, 0x0202, 0x0BE4, 0x0021, 0x0021, 0x0021, 0x0021, 0x0021, 0x0021, 0x0BE4, 0x0021, 0x0021, 0x0202, 0x1607, 0x0021, 0x0021,
        0x0021, 0x0021, 0x0202, 0x0021, 0x0021, 0x0021, 0x0021, 0x0021, 0x0021, 0x0202, 0x0202, 0x0021, 0x0BE4, 0x2F6B, 0x0021, 0x0021,
        0x0021, 0x0021, 0x0021, 0x0021, 0x0021, 0x0021, 0x0021, 0x0021, 0x0021, 0x0021, 0x0202, 0x0021, 0x1607, 0x77F2, 0x0021, 0x0021,
        0x0021, 0x0021, 0x0021, 0x0021, 0x0021, 0x0021, 0x0021, 0x0021, 0x0021, 0x0021, 0x0BE4, 0x0021, 0x2F6B, 0x0021, 0x0021, 0x0021,
        0x0021, 0x0021, 0x0021, 0x0021, 0x0021, 0x0021, 0x0021, 0x0021, 0x0021, 0x0021, 0x1607, 0x0021, 0x77F2, 0x0021, 0x0021, 0x0021,
        0x0021, 0x0021, 0x0021, 0x0021, 0x0021, 0x0021, 0x0021, 0x0202, 0x0021, 0x0021, 0x2F6B, 0x0021, 0x0021, 0x0021, 0x0021, 0x0021,
        0x0BE4, 0x0021, 0x0021, 0x0021, 0x0021, 0x0021, 0x0021, 0x0202, 0x0021, 0x0021, 0x77F2, 0x0021, 0x0021, 0x0021, 0x0021, 0x0021,
        0x0202, 0x0021, 0x0021, 0x0021, 0x0021, 0x0021, 0x0021, 0x0BE4, 0x0021, 0x0021, 0x0021, 0x0021, 0x0021, 0x0021, 0x0021, 0x0021,
    },
    {
        0x0021, 0x0021, 0x0021, 0x77F2, 0x0021, 0xDFFC, 0x1025, 0x1025, 0xDFFC, 0x1025, 0x1025, 0x1025, 0x77F2, 0x0021, 0x0021, 0x0021,
        0xDFFC, 0x1025, 0x1025, 0x1025, 0x0021, 0x77F2, 0x1025, 0xC4DF, 0x77F2, 0xC4DF, 0xC4DF, 0xC4DF, 0x2F6B, 0x0021, 0x0021, 0xDFFC,
        0x77F2, 0x1025, 0xC4DF, 0x1025, 0x0021, 0x2F6B, 0x1025, 0x77F2, 0x2F6B, 0x717C, 0x717C, 0x77F2, 0x1607, 0x0021, 0x0021, 0x77F2,
        0x2F6B, 0xC4DF, 0x717C, 0x1025, 0x0021, 0x1607, 0x0021, 0x2F6B, 0x1607, 0x717C, 0x77F2, 0x2F6B, 0x0BE4, 0x0021, 0x0021, 0x2F6B,
        0x1607, 0x717C, 0x717C, 0x1025, 0x0021, 0x0BE4, 0x0021, 0x1607, 0x0BE4, 0x717C, 0x2F6B, 0x1607, 0x0202, 0x0021, 0x0021, 0x1607,
        0x0BE4, 0x77F2, 0x77F2, 0x1025, 0x0021, 0x0202, 0x0021, 0x0BE4, 0x0202, 0x77F2, 0x1607, 0x0BE4, 0x0021, 0x0202, 0x0021, 0x0BE4,
        0x0202, 0x2F6B, 0x2F6B, 0x0021, 0x0021, 0x0021, 0x0021, 0x0202, 0x0021, 0x2F6B, 0x0BE4, 0x0202, 0x0021, 0x0202, 0x0021, 0x0202,
        0x0021, 0x1607, 0x1607, 0x0021, 0x0021, 0x0021, 0x0021, 0x0021, 0x0021, 0x1607, 0x0202, 0x0021, 0x0202, 0x1607, 0x0021, 0x0021,
        0x0021, 0x0BE4, 0x0BE4, 0x0021, 0x0021, 0x0021, 0x0021, 0x0021, 0x0021, 0x0BE4, 0x0021, 0x0021, 0x0202, 0x1607, 0x0021, 0x0021,
        0x0021, 0x0202, 0x0202, 0x0021, 0x0021, 0x0021, 0x0021, 0x0021, 0x0021, 0x0202, 0x0BE4, 0x0021, 0x1607, 0x2F6B, 0x0021, 0x0021,
        0x0021, 0x0021, 0x0021, 0x0021, 0x0021, 0x0021, 0x0021, 0x0021, 0x0021, 0x0021, 0x0202, 0x0021, 0x1607, 0x77F2, 0x0021, 0x0021,
        0x0021, 0x0021, 0x0021, 0x0021, 0x0021, 0x0021, 0x0021, 0x0021, 0x0021, 0x0021, 0x0BE4, 0x0021, 0x2F6B, 0x0021, 0x0021, 0x0021,
        0x0021, 0x0021, 0x0021, 0x0021, 0x0021, 0x0021, 0x0021, 0x0021, 0x0021, 0x0021, 0x1607, 0x0021, 0x77F2, 0x0021, 0x0021, 0x0021,
        0x0021, 0x0021, 0x0021, 0x0021, 0x0021, 0x0021, 0x0021, 0x0202, 0x0021, 0x0021, 0x77F2, 0x0021, 0x0021, 0x0021, 0x0021, 0x0021,
        0x0202, 0x0021, 0x0021, 0x0021, 0x0021, 0x0021, 0x0021, 0x0202, 0x0021, 0x0021, 0x77F2, 0x0021, 0x0021, 0x0021, 0x0021, 0x0021,
        0x0202, 0x0021, 0x0021, 0x0021, 0x0021, 0x0021, 0x0021, 0x0BE4, 0x0021, 0x0021, 0x0021, 0x0021, 0x0021, 0x0021, 0x0021, 0x0021,
    },
    {
        0x0021, 0x0021, 0x0021, 0x2F6B, 0x0021, 0xDFFC, 0x77F2, 0x1025, 0xDFFC, 0x1025, 0x1025, 0x1025, 0xDFFC, 0x0021, 0x0021, 0x0021,
        0x0021, 0x1025, 0x1025, 0x77F2, 0x0021, 0x77F2, 0x2F6B, 0xCCDF, 0x77F2, 0xCCDF, 0xCCDF, 0xCCDF, 0x77F2, 0x0021, 0x0021, 0x0021,
        0xDFFC, 0x1025, 0xCCDF, 0x1025, 0x0021, 0x2F6B, 0x1607, 0x817C, 0x2F6B, 0x817C, 0x817C, 0x817C, 0x2F6B, 0x0021, 0x0021, 0xDFFC,
        0x77F2, 0xCCDF, 0x817C, 0x1025, 0x0021, 0x1607, 0x0BE4, 0x77F2, 0x1607, 0x817C, 0x817C, 0x77F2, 0x1607, 0x0021, 0x0021, 0x77F2,
        0x2F6B, 0x817C, 0x817C, 0x1025, 0x0021, 0x0BE4, 0x0202, 0x2F6B, 0x0BE4, 0x817C, 0x77F2, 0x2F6B, 0x0BE4, 0x0021, 0x0021, 0x2F6B,
        0x1607, 0x77F2, 0x817C, 0x1025, 0x0021, 0x0202, 0x0021, 0x1607, 0x0202, 0x817C, 0x2F6B, 0x1607, 0x0202, 0x0021, 0x0021, 0x1607,
        0x0BE4, 0x2F6B, 0x77F2, 0x1025, 0x0021, 0x0021, 0x0021, 0x0BE4, 0x1025, 0x77F2, 0x1607, 0x0BE4, 0x0021, 0x0202, 0x0021, 0x0BE4,
        0x0202, 0x1607, 0x2F6B, 0x0021, 0x0021, 0x0021, 0x0021, 0x0202, 0x0021, 0x2F6B, 0x0BE4, 0x0202, 0x0021, 0x0202, 0x0021, 0x0202,
        0x0021, 0x0BE4, 0x1607, 0x0021, 0x0021, 0x0021, 0x0021, 0x0021, 0x0021, 0x1607, 0x0202, 0x0021, 0x0202, 0x1607, 0x0021, 0x0021,
        0x0021, 0x0202, 0x0BE4, 0x0021, 0x0021, 0x0021, 0x0021, 0x0021, 0x0021, 0x0BE4, 0x0021, 0x0021, 0x0BE4, 0x1607, 0x0021, 0x0021,
        0x0021, 0x0021, 0x0202, 0x0021, 0x0021, 0x0021, 0x0021, 0x0021, 0x0021, 0x0202, 0x0202, 0x0021, 0x0BE4, 0x2F6B, 0x0021, 0x0021,
        0x0021, 0x0021, 0x0021, 0x0021, 0x0021, 0x0021, 0x0021, 0x0021, 0x0021, 0x0021, 0x0202, 0x0021, 0x1607, 0x77F2, 0x0021, 0x0021,
        0x0021, 0x0021, 0x0021, 0x0021, 0x0021, 0x0021, 0x0021, 0x0021, 0x0021, 0x0021, 0x0BE4, 0x0021, 0x2F6B, 0x0021, 0x0021, 0x0021,
        0x0021, 0x0021, 0x0021, 0x0021, 0x0021, 0x0021, 0x0021, 0x0021, 0x0021, 0x0021, 0x1607, 0x0021, 0x77F2, 0x0021, 0x0021, 0x0021,
        0x0021, 0x0021, 0x0021, 0x0021, 0x0021, 0x0021, 0x0021, 0x0202, 0x0021, 0x0021, 0x2F6B, 0x0021, 0x0021, 0x0021, 0x0021, 0x0021,
        0x0BE4, 0x0021, 0x0021, 0x0021, 0x0021, 0x0021, 0x0021, 0x0202, 0x0021, 0x0021, 0x77F2, 0x0021, 0x0021, 0x0021, 0x0021, 0x0021,
    },
    {
        0x0021, 0x0021, 0x0021, 0x1607, 0x1825, 0x1825, 0xDFFC, 0x1825, 0x1825, 0x1825, 0x1825, 0x1825, 0xDFFC, 0x0021, 0x77F2, 0x0021,
        0x0021, 0x1825, 0x1825, 0x2F6B, 0x1825, 0xCCDF, 0x77F2, 0xCCDF, 0x0202, 0xCCDF, 0xCCDF, 0xCCDF, 0x77F2, 0x0021, 0x2F6B, 0x0021,
        0xDFFC, 0x1825, 0xCCDF, 0x77F2, 0x1825, 0x77F2, 0x2F6B, 0x897C, 0x77F2, 0x897C, 0x897C, 0x897C, 0x2F6B, 0x0021, 0x1607, 0xDFFC,
        0x77F2, 0xCCDF, 0x897C, 0x1825, 0x0021, 0x2F6B, 0x1607, 0x77F2, 0x2F6B, 0x897C, 0x897C, 0x77F2, 0x1607, 0x0021, 0x0BE4, 0x77F2,
        0x2F6B, 0x897C, 0x897C, 0x1825, 0x0021, 0x1607, 0x0BE4, 0x2F6B, 0x1607, 0x897C, 0x897C, 0x2F6B, 0x0BE4, 0x0021, 0x0202, 0x2F6B,
        0x1607, 0x897C, 0x897C, 0x1825, 0x0021, 0x0BE4, 0x0202, 0x1607, 0x0BE4, 0x897C, 0x77F2, 0x1607, 0x0202, 0x0021, 0x0021, 0x1607,
        0x0BE4, 0x77F2, 0x897C, 0x1825, 0x0021, 0x0202, 0x0021, 0x0BE4, 0x0202, 0x897C, 0x2F6B, 0x0BE4, 0x0021, 0x0021, 0x0021, 0x0BE4,
        0x0202, 0x2F6B, 0x77F2, 0x1825, 0x0021, 0x0021, 0x0021, 0x0202, 0x1825, 0x77F2, 0x1607, 0x0202, 0x0021, 0x0202, 0x0021, 0x0202,
        0x0021, 0x1607, 0x2F6B, 0x0021, 0x0021, 0x0021, 0x0021, 0x0021, 0x0021, 0x2F6B, 0x0BE4, 0x0021, 0x0021, 0x0202, 0x0021, 0x0021,
        0x0021, 0x0BE4, 0x1607, 0x0021, 0x0021, 0x0021, 0x0021, 0x0021, 0x0021, 0x1607, 0x0202, 0x0021, 0x0202, 0x0BE4, 0x0021, 0x0021,
        0x0021, 0x0202, 0x0BE4, 0x0021, 0x0021, 0x0021, 0x0021, 0x0021, 0x0021, 0x0BE4, 0x0021, 0x0021, 0x0202, 0x1607, 0x0021, 0x0021,
        0x0021, 0x0021, 0x0202, 0x0021, 0x0021, 0x0021, 0x0021, 0x0021, 0x0021, 0x0202, 0x0202, 0x0021, 0x0BE4, 0x2F6B, 0x0021, 0x0021,
        0x0021, 0x0021, 0x0021, 0x0021, 0x0021, 0x0021, 0x0021, 0x0021, 0x0021, 0x0021, 0x0202, 0x0021, 0x1607, 0x77F2, 0x0021, 0x0021,
        0x0021, 0x0021, 0x0021, 0x0021, 0x0021, 0x0021, 0x0021, 0x0021, 0x0021, 0x0021, 0x1607, 0x0021, 0x2F6B, 0x0021, 0x0021, 0x0021,
        0x0021, 0x0021, 0x0021, 0x0021, 0x0021, 0x0021, 0x0021, 0x0021, 0x0021, 0x0021, 0x1607, 0x0021, 0x77F2, 0x0021, 0x0021, 0x0021,
        0x0021, 0x0021, 0x0021, 0x0021, 0x0021, 0x0021, 0x0021, 0x0202, 0x0021, 0x0021, 0x2F6B, 0x0021, 0x0021, 0x0021, 0x0021, 0x0021,
    },
    {
        0x0021, 0x0021, 0x0021, 0x0BE4, 0x1825, 0x1825, 0xDFFC, 0x1825, 0x1825, 0x1825, 0x1825, 0x77F2, 0xDFFC, 0x0021, 0xDFFC, 0x0021,
        0x0021, 0x1825, 0x1825, 0x1607, 0x1825, 0xD4DF, 0x77F2, 0xD4DF, 0xD4DF, 0xD4DF, 0xD4DF, 0xD4DF, 0x77F2, 0x0021, 0x77F2, 0x0021,
        0x1825, 0x1825, 0xD4DF, 0x2F6B, 0x1825, 0x917C, 0x2F6B, 0x917C, 0x0202, 0x917C, 0x917C, 0x917C, 0x2F6B, 0x0021, 0x2F6B, 0x0021,
        0xDFFC, 0xD4DF, 0x917C, 0x77F2, 0x1825, 0x77F2, 0x1607, 0x917C, 0x77F2, 0x917C, 0x917C, 0x917C, 0x1607, 0x0021, 0x1607, 0xDFFC,
        0x77F2, 0x917C, 0x917C, 0x1825, 0x0021, 0x2F6B, 0x0BE4, 0x77F2, 0x2F6B, 0x917C, 0x917C, 0x77F2, 0x0BE4, 0x0021, 0x0BE4, 0x77F2,
        0x2F6B, 0x917C, 0x917C, 0x1825, 0x0021, 0x1607, 0x0202, 0x2F6B, 0x1607, 0x917C, 0x77F2, 0x2F6B, 0x0202, 0x0021, 0x0202, 0x2F6B,
        0x1607, 0x917C, 0x917C, 0x1825, 0x0021, 0x0BE4, 0x0021, 0x1607, 0x0BE4, 0x917C, 0x2F6B, 0x1607, 0x0021, 0x0021, 0x0021, 0x1607,
        0x0BE4, 0x77F2, 0xDFFC, 0x1825, 0x0021, 0x0202, 0x0021, 0x0BE4, 0x0202, 0xDFFC, 0x1607, 0x0BE4, 0x0021, 0x0021, 0x0021, 0x0BE4,
        0x0202, 0x2F6B, 0x77F2, 0x0021, 0x0021, 0x0021, 0x0021, 0x0202, 0x0021, 0x77F2, 0x0BE4, 0x0202, 0x0021, 0x0202, 0x0021, 0x0202,
        0x0021, 0x1607, 0x2F6B, 0x0021, 0x0021, 0x0021, 0x0021, 0x0021, 0x0021, 0x2F6B, 0x0202, 0x0021, 0x0021, 0x0202, 0x0021, 0x0021,
        0x0021, 0x0BE4, 0x1607, 0x0021, 0x0021, 0x0021, 0x0021, 0x0021, 0x0021, 0x1607, 0x0021, 0x0021, 0x0202, 0x1607, 0x0021, 0x0021,
        0x0021, 0x0202, 0x0BE4, 0x0021, 0x0021, 0x0021, 0x0021, 0x0021, 0x0021, 0x0BE4, 0x0021, 0x0021, 0x0202, 0x1607, 0x0021, 0x0021,
        0x0021, 0x0021, 0x0202, 0x0021, 0x0021, 0x0021, 0x0021, 0x0021, 0x0021, 0x0202, 0x0202, 0x0021, 0x0BE4, 0x77F2, 0x0021, 0x0021,
        0x0021, 0x0021, 0x0021, 0x0021, 0x0021, 0x0021, 0x0021, 0x0021, 0x0021, 0x0021, 0x0202, 0x0021, 0x1607, 0x77F2, 0x0021, 0x0021,
        0x0021, 0x0021, 0x0021, 0x0021, 0x0021, 0x0021, 0x0021, 0x0021, 0x0021, 0x0021, 0x0BE4, 0x0021, 0x2F6B, 0x0021, 0x0021, 0x0021,
        0x0021, 0x0021, 0x0021, 0x0021, 0x0021, 0x0021, 0x0021, 0x0021, 0x0021, 0x0021, 0x1607, 0x0021, 0x77F2, 0x0021, 0x0021, 0x0021,
    },
    {
        0x0021, 0x0021, 0x0021, 0x0BE4, 0x1825, 0x1825, 0xDFFC, 0x1825, 0x1825, 0x1825, 0x1825, 0x77F2, 0x1825, 0x0021, 0xDFFC, 0x0021,
        0x0021, 0x1825, 0x1825, 0x1607, 0x1825, 0xD4DF, 0x77F2, 0xD4DF, 0xD4DF, 0xD4DF, 0xD4DF, 0xD4DF, 0xDFFC, 0x0021, 0x77F2, 0x0021,
        0x1825, 0x1825, 0xD4DF, 0x2F6B, 0x1825, 0x997C, 0x2F6B, 0x997C, 0x0202, 0x997C, 0x997C, 0x997C, 0x77F2, 0x0021, 0x2F6B, 0x0021,
        0x1825, 0xD4DF, 0x997C, 0x77F2, 0x1825, 0x77F2, 0x1607, 0x997C, 0x77F2, 0x997C, 0x997C, 0x997C, 0x2F6B, 0x0021, 0x1607, 0x0021,
        0xDFFC, 0x997C, 0x997C, 0x1825, 0x0021, 0x2F6B, 0x0BE4, 0x997C, 0x2F6B, 0x997C, 0x997C, 0x997C, 0x1607, 0x0021, 0x0BE4, 0xDFFC,
        0x77F2, 0x997C, 0x997C, 0x1825, 0x0021, 0x1607, 0x0202, 0x77F2, 0x1607, 0x997C, 0x0000, 0x77F2, 0x0BE4, 0x0021, 0x0202, 0x77F2,
        0x2F6B, 0x997C, 0x997C, 0x1825, 0x0021, 0x0BE4, 0x0021, 0x2F6B, 0x0BE4, 0x997C, 0x77F2, 0x2F6B, 0x0202, 0x0021, 0x0021, 0x2F6B,
        0x1607, 0xDFFC, 0x997C, 0x1825, 0x0021, 0x0202, 0x0021, 0x1607, 0x0202, 0x997C, 0x2F6B, 0x1607, 0x0021, 0x0021, 0x0021, 0x1607,
        0x0BE4, 0x77F2, 0x77F2, 0x1825, 0x0021, 0x0021, 0x0021, 0x0BE4, 0x1825, 0x77F2, 0x1607, 0x0BE4, 0x0021, 0x0202, 0x0021, 0x0BE4,
        0x0202, 0x2F6B, 0x2F6B, 0x0021, 0x0021, 0x0021, 0x0021, 0x0202, 0x0021, 0x2F6B, 0x0BE4, 0x0202, 0x0021, 0x0202, 0x0021, 0x0202,
        0x0021, 0x1607, 0x1607, 0x0021, 0x0021, 0x0021, 0x0021, 0x0021, 0x0021, 0x1607, 0x0202, 0x0021, 0x0202, 0x0BE4, 0x0021, 0x0021,
        0x0021, 0x0BE4, 0x0BE4, 0x0021, 0x0021, 0x0021, 0x0021, 0x0021, 0x0021, 0x0BE4, 0x0021, 0x0021, 0x0202, 0x1607, 0x0021, 0x0021,
        0x0021, 0x0202, 0x0202, 0x0021, 0x0021, 0x0021, 0x0021, 0x0021, 0x0021, 0x0202, 0x0202, 0x0021, 0x0BE4, 0x2F6B, 0x0021, 0x0021,
        0x0021, 0x0021, 0x0021, 0x0021, 0x0021, 0x0021, 0x0021, 0x0021, 0x0021, 0x0021, 0x0BE4, 0x0021, 0x1607, 0x77F2, 0x0021, 0x0021,
        0x0021, 0x0021, 0x0021, 0x0021, 0x0021, 0x0021, 0x0021, 0x0021, 0x0021, 0x0021, 0x0BE4, 0x0021, 0x2F6B, 0x0021, 0x0021, 0x0021,
        0x0021, 0x0021, 0x0021, 0x0021, 0x0021, 0x0021, 0x0021, 0x0021, 0x0021, 0x0021, 0x1607, 0x0021, 0x77F2, 0x0021, 0x0021, 0x0021,
    },
    {
        0x0021, 0x0021, 0x0021, 0x77F2, 0x77F2, 0x1825, 0x1825, 0x1825, 0x1825, 0x1825, 0x1825, 0x2F6B, 0x1825, 0x77F2, 0xDFFC, 0x0021,
        0x0021, 0x1825, 0x1825, 0x2F6B, 0x2F6B, 0xDCDF, 0xDCDF, 0xDCDF, 0xDCDF, 0xDCDF, 0xDCDF, 0x77F2, 0x1825, 0x2F6B, 0x77F2, 0x0021,
        0x1825, 0x1825, 0xDCDF, 0x1607, 0x1607, 0xA17C, 0x77F2, 0xA17C, 0xA17C, 0xA17C, 0xA17C, 0xA17C, 0xDCDF, 0x1607, 0x2F6B, 0x0021,
        0x1825, 0xDCDF, 0xA17C, 0x0BE4, 0x0BE4, 0xA17C, 0x2F6B, 0xA17C, 0x0202, 0xA17C, 0xA17C, 0xA17C, 0x77F2, 0x0BE4, 0x1607, 0x0021,
        0xDFFC, 0xA17C, 0xA17C, 0x0202, 0x0202, 0x77F2, 0x1607, 0xA17C, 0x77F2, 0xA17C, 0xA17C, 0xA17C, 0x2F6B, 0x0202, 0x0BE4, 0xDFFC,
        0x77F2, 0xA17C, 0xA17C, 0x1825, 0x0021, 0x2F6B, 0x0BE4, 0x77F2, 0x2F6B, 0xA17C, 0x0000, 0x77F2, 0x1607, 0x0021, 0x0202, 0x77F2,
        0x2F6B, 0xA17C, 0xA17C, 0x1825, 0x0021, 0x1607, 0x0202, 0x2F6B, 0x1607, 0xA17C, 0x0000, 0x2F6B, 0x0BE4, 0x0021, 0x0021, 0x2F6B,
        0x1607, 0xA17C, 0xA17C, 0x1825, 0x0021, 0x0BE4, 0x0021, 0x1607, 0x0BE4, 0xA17C, 0x77F2, 0x1607, 0x0202, 0x0021, 0x0021, 0x1607,
        0x0BE4, 0x77F2, 0xA17C, 0x1825, 0x0021, 0x0202, 0x0021, 0x0BE4, 0x0202, 0xA17C, 0x2F6B, 0x0BE4, 0x0021, 0x0021, 0x0021, 0x0BE4,
        0x0202, 0x2F6B, 0x77F2, 0x1825, 0x0021, 0x0021, 0x0021, 0x0202, 0x1825, 0x77F2, 0x1607, 0x0202, 0x0021, 0x0202, 0x0021, 0x0202,
        0x0021, 0x1607, 0x2F6B, 0x0021, 0x0021, 0x0021, 0x0021, 0x0021, 0x0021, 0x2F6B, 0x0BE4, 0x0021, 0x0021, 0x0BE4, 0x0021, 0x0021,
        0x0021, 0x0BE4, 0x1607, 0x0021, 0x0021, 0x0021, 0x0021, 0x0021, 0x0021, 0x1607, 0x0202, 0x0021, 0x0BE4, 0x0BE4, 0x0021, 0x0021,
        0x0021, 0x0202, 0x0BE4, 0x0021, 0x0021, 0x0021, 0x0021, 0x0021, 0x0021, 0x0BE4, 0x0021, 0x0021, 0x0202, 0x1607, 0x0021, 0x0021,
        0x0021, 0x0021, 0x0202, 0x0021, 0x0021, 0x0021, 0x0021, 0x0021, 0x0021, 0x0202, 0x0202, 0x0021, 0x0BE4, 0x2F6B, 0x0021, 0x0021,
        0x0021, 0x0021, 0x0021, 0x0021, 0x0021, 0x0021, 0x0021, 0x0021, 0x0021, 0x0021, 0x0202, 0x0021, 0x1607, 0x77F2, 0x0021, 0x0021,
        0x0021, 0x0021, 0x0021, 0x0021, 0x0021, 0x0021, 0x0021, 0x0021, 0x0021, 0x0021, 0x0BE4, 0x0021, 0x2F6B, 0x0021, 0x0021, 0x0021,
    },
    {
        0x0021, 0x0021, 0x0021, 0xDFFC, 0xDFFC, 0x1825, 0x1825, 0x1825, 0x1825, 0x1825, 0x1825, 0x1607, 0x1825, 0xDFFC, 0x0021, 0x0021,
        0x0021, 0x1825, 0x1825, 0x77F2, 0x77F2, 0xE4DF, 0xE4DF, 0xE4DF, 0xE4DF, 0xE4DF, 0xE4DF, 0x2F6B, 0x1825, 0x77F2, 0xDFFC, 0x0021,
        0x1825, 0x1825, 0xE4DF, 0x2F6B, 0x2F6B, 0xA97C, 0xA97C, 0xA97C, 0xA97C, 0xA97C, 0xA97C, 0x77F2, 0xE4DF, 0x2F6B, 0x77F2, 0x0021,
        0x1825, 0xE4DF, 0xA97C, 0x1607, 0x1607, 0xA97C, 0x77F2, 0xA97C, 0xA97C, 0xA97C, 0xA97C, 0xA97C, 0x77F2, 0x1607, 0x2F6B, 0x0021,
        0x1825, 0xA97C, 0xA97C, 0x0BE4, 0x0BE4, 0xA97C, 0x2F6B, 0xA97C, 0x0202, 0xA97C, 0xA97C, 0xA97C, 0x2F6B, 0x0BE4, 0x1607, 0x0021,
        0xDFFC, 0xA97C, 0xA97C, 0x0202, 0x0202, 0x77F2, 0x1607, 0xA97C, 0x77F2, 0xA97C, 0x0000, 0x0000, 0x1607, 0x0202, 0x0BE4, 0xDFFC,
        0x77F2, 0xA97C, 0xA97C, 0x1825, 0x0021, 0x2F6B, 0x0BE4, 0x77F2, 0x2F6B, 0xA97C, 0x0000, 0x77F2, 0x0BE4, 0x0021, 0x0202, 0x77F2,
        0x2F6B, 0xA97C, 0xA97C, 0x1825, 0x0021, 0x1607, 0x0202, 0x2F6B, 0x1607, 0xA97C, 0xDFFC, 0x2F6B, 0x0202, 0x0021, 0x0021, 0x2F6B,
        0x1607, 0xA97C, 0xA97C, 0x1825, 0x0021, 0x0BE4, 0x0021, 0x1607, 0x0BE4, 0xA97C, 0x77F2, 0x1607, 0x0021, 0x0021, 0x0021, 0x1607,
        0x0BE4, 0x77F2, 0xA97C, 0x1825, 0x0021, 0x0202, 0x0021, 0x0BE4, 0x0202, 0xA97C, 0x2F6B, 0x0BE4, 0x0021, 0x0021, 0x0021, 0x0BE4,
        0x0202, 0x2F6B, 0x77F2, 0x1825, 0x0021, 0x0021, 0x0021, 0x0202, 0x1825, 0x77F2, 0x1607, 0x0202, 0x0021, 0x0202, 0x0021, 0x0202,
        0x0021, 0x1607, 0x2F6B, 0x0021, 0x0021, 0x0021, 0x0021, 0x0021, 0x0021, 0x2F6B, 0x0BE4, 0x0021, 0x0021, 0x0202, 0x0021, 0x0021,
        0x0021, 0x0BE4, 0x1607, 0x0021, 0x0021, 0x0021, 0x0021, 0x0021, 0x0021, 0x1607, 0x0202, 0x0021, 0x0202, 0x0BE4, 0x0021, 0x0021,
        0x0021, 0x0202, 0x0BE4, 0x0021, 0x0021, 0x0021, 0x0021, 0x0021, 0x0021, 0x0BE4, 0x0021, 0x0021, 0x0202, 0x2F6B, 0x0021, 0x0021,
        0x0021, 0x0021, 0x0202, 0x0021, 0x0021, 0x0021, 0x0021, 0x0021, 0x0021, 0x0202, 0x0202, 0x0021, 0x0BE4, 0x2F6B, 0x0021, 0x0021,
        0x0021, 0x0021, 0x0021, 0x0021, 0x0021, 0x0021, 0x0021, 0x0021, 0x0021, 0x0021, 0x0BE4, 0x0021, 0x1607, 0x77F2, 0x0021, 0x0021,
    },
    {
        0x0021, 0x0021, 0x0021, 0xDFFC, 0xDFFC, 0x2025, 0x2025, 0x2025, 0x2025, 0x2025, 0x2025, 0x1607, 0x2025, 0xDFFC, 0x0021, 0x0021,
        0x0021, 0x2025, 0x2025, 0x77F2, 0x77F2, 0xE4DF, 0xE4DF, 0xE4DF, 0xE4DF, 0xE4DF, 0xE4DF, 0x2F6B, 0x2025, 0x77F2, 0x0021, 0x0021,
        0x2025, 0x2025, 0xE4DF, 0x2F6B, 0x2F6B, 0xB17C, 0xB17C, 0xB17C, 0xB17C, 0xB17C, 0xB17C, 0x77F2, 0xE4DF, 0x2F6B, 0xDFFC, 0x0021,
        0x2025, 0xE4DF, 0xB17C, 0x1607, 0x1607, 0xB17C, 0x77F2, 0xB17C, 0xB17C, 0xB17C, 0xB17C, 0xB17C, 0xB17C, 0x1607, 0x77F2, 0x0021,
        0x2025, 0xB17C, 0xB17C, 0x0BE4, 0x0BE4, 0xB17C, 0x2F6B, 0xB17C, 0x0202, 0xB17C, 0xB17C, 0xB17C, 0x77F2, 0x0BE4, 0x2F6B, 0x0021,
        0x2025, 0xB17C, 0xB17C, 0x0202, 0x0202, 0x77F2, 0x1607, 0xB17C, 0x77F2, 0xB17C, 0x0000, 0x0000, 0x2F6B, 0x0202, 0x1607, 0x0021,
        0xDFFC, 0xB17C, 0xB17C, 0x2025, 0x0021, 0x2F6B, 0x0BE4, 0xB17C, 0x2F6B, 0xB17C, 0x0000, 0x0000, 0x1607, 0x0021, 0x0BE4, 0xDFFC,
        0x77F2, 0xB17C, 0xB17C, 0x2025, 0x0021, 0x1607, 0x0202, 0x77F2, 0x1607, 0xB17C, 0x0000, 0x77F2, 0x0BE4, 0x0021, 0x0202, 0x77F2,
        0x2F6B, 0xB17C, 0xB17C, 0x2025, 0x0021, 0x0BE4, 0x0021, 0x2F6B, 0x0BE4, 0xB17C, 0x77F2, 0x2F6B, 0x0202, 0x0021, 0x0021, 0x2F6B,
        0x1607, 0xDFFC, 0xB17C, 0x2025, 0x0021, 0x0202, 0x0021, 0x1607, 0x0202, 0xB17C, 0x2F6B, 0x1607, 0x0021, 0x0021, 0x0021, 0x1607,
        0x0BE4, 0x77F2, 0x77F2, 0x2025, 0x0021, 0x0021, 0x0021, 0x0BE4, 0x2025, 0x77F2, 0x1607, 0x0BE4, 0x0021, 0x0202, 0x0021, 0x0BE4,
        0x0202, 0x2F6B, 0x2F6B, 0x0021, 0x0021, 0x0021, 0x0021, 0x0202, 0x0021, 0x2F6B, 0x0BE4, 0x0202, 0x0021, 0x0202, 0x0021, 0x0202,
        0x0021, 0x1607, 0x1607, 0x0021, 0x0021, 0x0021, 0x0021, 0x0021, 0x0021, 0x1607, 0x0202, 0x0021, 0x0202, 0x0BE4, 0x0021, 0x0021,
        0x0021, 0x0BE4, 0x0BE4, 0x0021, 0x0021, 0x0021, 0x0021, 0x0021, 0x0021, 0x0BE4, 0x0021, 0x0021, 0x0202, 0x1607, 0x0021, 0x0021,
        0x0021, 0x0202, 0x0202, 0x0021, 0x0021, 0x0021, 0x0021, 0x0021, 0x0021, 0x0202, 0x0202, 0x0021, 0x0BE4, 0x2F6B, 0x0021, 0x0021,
        0x0021, 0x0021, 0x0021, 0x0021, 0x0021, 0x0021, 0x0021, 0x0021, 0x0021, 0x0021, 0x0202, 0x0021, 0x2F6B, 0x77F2, 0x0021, 0x0021,
    },
    {
        0x0021, 0x0021, 0x0021, 0xDFFC, 0xDFFC, 0x2025, 0x2025, 0x2025, 0x2025, 0x2025, 0x2025, 0x1607, 0x2025, 0xDFFC, 0x0021, 0x0021,
        0x0021, 0x2025, 0x2025, 0x77F2, 0x77F2, 0xECDF, 0xECDF, 0xECDF, 0xECDF, 0xECDF, 0xECDF, 0x1607, 0x2025, 0x77F2, 0x0021, 0x0021,
        0x2025, 0x2025, 0xECDF, 0x2F6B, 0x2F6B, 0xB97C, 0xB97C, 0xB97C, 0xB97C, 0xB97C, 0xB97C, 0x2F6B, 0xECDF, 0x2F6B, 0xDFFC, 0x0021,
        0x2025, 0xECDF, 0xB97C, 0x1607, 0x1607, 0xB97C, 0xB97C, 0xB97C, 0xB97C, 0xB97C, 0xB97C, 0x77F2, 0xB97C, 0x1607, 0x77F2, 0x0021,
        0x2025, 0xB97C, 0xB97C, 0x0BE4, 0x0BE4, 0xB97C, 0x77F2, 0xB97C, 0xB97C, 0xB97C, 0xB97C, 0xB97C, 0xB97C, 0x0BE4, 0x2F6B, 0x0021,
        0x2025, 0xB97C, 0xB97C, 0x0202, 0x0202, 0x0000, 0x2F6B, 0xB97C, 0x0202, 0xB97C, 0x0000, 0x0000, 0x77F2, 0x0202, 0x1607, 0x0021,
        0x2025, 0xB97C, 0xB97C, 0x77F2, 0x2025, 0x77F2, 0x1607, 0xB97C, 0x77F2, 0xB97C, 0x0000, 0x0000, 0x2F6B, 0x0021, 0x0BE4, 0x0021,
        0xDFFC, 0xB97C, 0xB97C, 0x2025, 0x0021, 0x2F6B, 0x0BE4, 0xDFFC, 0x2F6B, 0xB97C, 0x0000, 0xDFFC, 0x1607, 0x0021, 0x0202, 0xDFFC,
        0x77F2, 0xB97C, 0xB97C, 0x2025, 0x0021, 0x1607, 0x0202, 0x77F2, 0x1607, 0xB97C, 0xB97C, 0x77F2, 0x0BE4, 0x0021, 0x0021, 0x77F2,
        0x2F6B, 0xDFFC, 0xB97C, 0x2025, 0x0021, 0x0BE4, 0x0021, 0x2F6B, 0x0BE4, 0xB97C, 0x77F2, 0x2F6B, 0x0202, 0x0021, 0x0021, 0x2F6B,
        0x1607, 0x77F2, 0xB97C, 0x2025, 0x0021, 0x0202, 0x0021, 0x1607, 0x0202, 0xB97C, 0x2F6B, 0x1607, 0x0021, 0x0021, 0x0021, 0x1607,
        0x0BE4, 0x2F6B, 0x77F2, 0x2025, 0x0021, 0x0021, 0x0021, 0x0BE4, 0x2025, 0x77F2, 0x1607, 0x0BE4, 0x0021, 0x0202, 0x0021, 0x0BE4,
        0x0202, 0x1607, 0x2F6B, 0x0021, 0x0021, 0x0021, 0x0021, 0x0202, 0x0021, 0x2F6B, 0x0BE4, 0x0202, 0x0021, 0x0202, 0x0021, 0x0202,
        0x0021, 0x0BE4, 0x1607, 0x0021, 0x0021, 0x0021, 0x0021, 0x0021, 0x0021, 0x1607, 0x0202, 0x0021, 0x0202, 0x1607, 0x0021, 0x0021,
        0x0021, 0x0202, 0x0BE4, 0x0021, 0x0021, 0x0021, 0x0021, 0x0021, 0x0021, 0x0BE4, 0x0021, 0x0021, 0x0202, 0x2F6B, 0x0021, 0x0021,
        0x0021, 0x0021, 0x0202, 0x0021, 0x0021, 0x0021, 0x0021, 0x0021, 0x0021, 0x0202, 0x0BE4, 0x0021, 0x0BE4, 0x2F6B, 0x0021, 0x0021,
    },
    {
        0x0021, 0x0021, 0x77F2, 0x2025, 0x2025, 0x2025, 0x77F2, 0x2025, 0x2025, 0x2025, 0x2025, 0x0202, 0x2025, 0x0021, 0x0021, 0x0021,
        0x0021, 0x2025, 0x2025, 0xDFFC, 0xECDF, 0xECDF, 0xECDF, 0xECDF, 0xECDF, 0xECDF, 0xECDF, 0x0BE4, 0x2025, 0xDFFC, 0x0021, 0x0021,
        0x2025, 0x2025, 0xECDF, 0x77F2, 0x77F2, 0xC17C, 0xC17C, 0xC17C, 0xC17C, 0xC17C, 0xC17C, 0x1607, 0xECDF, 0x77F2, 0x2025, 0x2025,
        0x2025, 0xECDF, 0xC17C, 0x2F6B, 0x2F6B, 0xC17C, 0xC17C, 0xC17C, 0xC17C, 0xC17C, 0xC17C, 0x2F6B, 0xC17C, 0x2F6B, 0xECDF, 0x2025,
        0x2025, 0xC17C, 0xC17C, 0x1607, 0x1607, 0xC17C, 0xC17C, 0xC17C, 0xC17C, 0xC17C, 0xC17C, 0x77F2, 0xC17C, 0x1607, 0x77F2, 0x2025,
        0x2025, 0xC17C, 0xC17C, 0x0BE4, 0x0BE4, 0x0000, 0x77F2, 0xC17C, 0xC17C, 0xC17C, 0x0000, 0x0000, 0x77F2, 0x0BE4, 0x2F6B, 0x0021,
        0x2025, 0xC17C, 0xC17C, 0x0202, 0x0202, 0x0000, 0x2F6B, 0xC17C, 0x0202, 0xC17C, 0x0000, 0x0000, 0x2F6B, 0x0202, 0x1607, 0x0021,
        0xDFFC, 0xC17C, 0xC17C, 0x77F2, 0x2025, 0x77F2, 0x1607, 0xC17C, 0x77F2, 0xC17C, 0x0000, 0x0000, 0x1607, 0x0021, 0x0BE4, 0xDFFC,
        0x77F2, 0xC17C, 0xC17C, 0x2025, 0x0021, 0x2F6B, 0x0BE4, 0x77F2, 0x2F6B, 0xC17C, 0xC17C, 0x77F2, 0x0BE4, 0x0021, 0x0202, 0x77F2,
        0x2F6B, 0x2025, 0xC17C, 0x2025, 0x0021, 0x1607, 0x0202, 0x2F6B, 0x1607, 0xC17C, 0xC17C, 0x2F6B, 0x0202, 0x0021, 0x0021, 0x2F6B,
        0x1607, 0xDFFC, 0xC17C, 0x2025, 0x0021, 0x0BE4, 0x0021, 0x1607, 0x0BE4, 0xC17C, 0x77F2, 0x1607, 0x0021, 0x0021, 0x0021, 0x1607,
        0x0BE4, 0x77F2, 0xDFFC, 0x2025, 0x0021, 0x0202, 0x0021, 0x0BE4, 0x0202, 0xC17C, 0x2F6B, 0x0BE4, 0x0021, 0x0021, 0x0021, 0x0BE4,
        0x0202, 0x2F6B, 0x77F2, 0x0021, 0x0021, 0x0021, 0x0021, 0x0202, 0x2025, 0x77F2, 0x1607, 0x0202, 0x0021, 0x0202, 0x0021, 0x0202,
        0x0021, 0x1607, 0x2F6B, 0x0021, 0x0021, 0x0021, 0x0021, 0x0021, 0x0021, 0x2F6B, 0x0BE4, 0x0021, 0x0021, 0x0202, 0x0021, 0x0021,
        0x0021, 0x0BE4, 0x1607, 0x0021, 0x0021, 0x0021, 0x0021, 0x0021, 0x0021, 0x1607, 0x0202, 0x0021, 0x0202, 0x1607, 0x0021, 0x0021,
        0x0021, 0x0202, 0x0BE4, 0x0021, 0x0021, 0x0021, 0x0021, 0x0021, 0x0021, 0x0BE4, 0x0021, 0x0021, 0x0BE4, 0x1607, 0x0021, 0x0021,
    },
    {
        0x0021, 0x0021, 0x77F2, 0x2025, 0x2025, 0x2025, 0x77F2, 0x2025, 0x2025, 0x2025, 0x2025, 0x0202, 0x2025, 0x0021, 0x0021, 0x0021,
        0x0021, 0x2025, 0x2025, 0x2025, 0xF4DF, 0xF4DF, 0xF4DF, 0xF4DF, 0xF4DF, 0xF4DF, 0xF4DF, 0x1607, 0x2025, 0x2025, 0x2025, 0x0021,
        0x2025, 0x2025, 0xF4DF, 0x0202, 0xC97C, 0xC97C, 0xC97C, 0xC97C, 0xC97C, 0xC97C, 0xC97C, 0x1607, 0xF4DF, 0xF4DF, 0x2025, 0x2025,
        0x2025, 0xF4DF, 0xC97C, 0x77F2, 0x77F2, 0xC97C, 0xC97C, 0xC97C, 0xC97C, 0xC97C, 0xC97C, 0x2F6B, 0xC97C, 0x77F2, 0xF4DF, 0x2025,
        0x2025, 0xC97C, 0xC97C, 0x2F6B, 0x2F6B, 0xC97C, 0xC97C, 0xC97C, 0xC97C, 0xC97C, 0xC97C, 0x77F2, 0xC97C, 0x2F6B, 0xC97C, 0x2025,
        0x2025, 0xC97C, 0xC97C, 0x1607, 0x1607, 0x0000, 0x77F2, 0xC97C, 0xC97C, 0xC97C, 0x0000, 0x0000, 0x0000, 0x1607, 0x77F2, 0x2025,
        0x2025, 0xC97C, 0xC97C, 0x0BE4, 0x0BE4, 0x0000, 0x2F6B, 0xC97C, 0x0202, 0xC97C, 0x0000, 0x0000, 0x77F2, 0x0BE4, 0x2F6B, 0x0021,
        0x2025, 0xC97C, 0xC97C, 0x0202, 0x0202, 0xDFFC, 0x1607, 0xC97C, 0xDFFC, 0xC97C, 0x0000, 0x0000, 0x2F6B, 0x0202, 0x1607, 0x0021,
        0xDFFC, 0xC97C, 0xC97C, 0x2025, 0x0021, 0x77F2, 0x0BE4, 0xC97C, 0x77F2, 0xC97C, 0xC97C, 0xC97C, 0x1607, 0x0021, 0x0BE4, 0xDFFC,
        0x77F2, 0x2025, 0xC97C, 0x2025, 0x0021, 0x2F6B, 0x0202, 0x77F2, 0x2F6B, 0xC97C, 0xC97C, 0x77F2, 0x0BE4, 0x0021, 0x0202, 0x77F2,
        0x2F6B, 0x2025, 0xC97C, 0x2025, 0x0021, 0x1607, 0x0021, 0x2F6B, 0x1607, 0xC97C, 0x77F2, 0x2F6B, 0x0202, 0x0021, 0x0021, 0x2F6B,
        0x1607, 0xDFFC, 0xDFFC, 0x2025, 0x0021, 0x0BE4, 0x0021, 0x1607, 0x0BE4, 0xC97C, 0x2F6B, 0x1607, 0x0021, 0x0021, 0x0021, 0x1607,
        0x0BE4, 0x77F2, 0x77F2, 0x0021, 0x0021, 0x0202, 0x0021, 0x0BE4, 0x0202, 0x77F2, 0x1607, 0x0BE4, 0x0021, 0x0202, 0x0021, 0x0BE4,
        0x0202, 0x2F6B, 0x2F6B, 0x0021, 0x0021, 0x0021, 0x0021, 0x0202, 0x0021, 0x2F6B, 0x0BE4, 0x0202, 0x0021, 0x0202, 0x0021, 0x0202,
        0x0021, 0x1607, 0x1607, 0x0021, 0x0021, 0x0021, 0x0021, 0x0021, 0x0021, 0x1607, 0x0202, 0x0021, 0x0202, 0x0BE4, 0x0021, 0x0021,
        0x0021, 0x0BE4, 0x0BE4, 0x0021, 0x0021, 0x0021, 0x0021, 0x0021, 0x0021, 0x0BE4, 0x0021, 0x0021, 0x0202, 0x1607, 0x0021, 0x0021,
    },
    {
        0x0021, 0x0021, 0x2F6B, 0x2825, 0x2825, 0x2825, 0x2F6B, 0x2825, 0x2825, 0x2825, 0x2825, 0x0202, 0x2825, 0x0021, 0x0021, 0x0021,
        0x0021, 0x2825, 0x77F2, 0x2825, 0xFCDF, 0xFCDF, 0x77F2, 0xFCDF, 0xFCDF, 0xFCDF, 0xFCDF, 0x0202, 0x2825, 0x2825, 0x2825, 0x0021,
        0x2825, 0x2825, 0xFCDF, 0xFCDF, 0xD17C, 0xD17C, 0xD17C, 0xD17C, 0xD17C, 0xD17C, 0xD17C, 0x0BE4, 0xFCDF, 0xFCDF, 0x2825, 0x2825,
        0x2825, 0xFCDF, 0xD17C, 0x77F2, 0x77F2, 0xD17C, 0xD17C, 0xD17C, 0xD17C, 0xD17C, 0xD17C, 0x1607, 0xD17C, 0x77F2, 0xFCDF, 0x2825,
        0x2825, 0xD17C, 0xD17C, 0x2F6B, 0x2F6B, 0xD17C, 0xD17C, 0xD17C, 0xD17C, 0xD17C, 0xD17C, 0x2F6B, 0xD17C, 0x2F6B, 0xD17C, 0x2825,
        0x2825, 0xD17C, 0xD17C, 0x1607, 0x1607, 0x0000, 0xD17C, 0xD17C, 0xD17C, 0xD17C, 0x0000, 0x77F2, 0x0000, 0x1607, 0x77F2, 0x2825,
        0x2825, 0xD17C, 0xD17C, 0x0BE4, 0x0BE4, 0x0000, 0x77F2, 0xD17C, 0xD17C, 0xD17C, 0x0000, 0x0000, 0x0000, 0x0BE4, 0x2F6B, 0x0021,
        0x2825, 0xD17C, 0xD17C, 0x0202, 0x0202, 0x0000, 0x2F6B, 0xD17C, 0x0202, 0xD17C, 0x0000, 0x0000, 0x77F2, 0x0202, 0x1607, 0x0021,
        0x2825, 0xD17C, 0xD17C, 0x77F2, 0x2825, 0x77F2, 0x1607, 0xD17C, 0x77F2, 0xD17C, 0xD17C, 0xD17C, 0x2F6B, 0x0021, 0x0BE4, 0x0021,
        0xDFFC, 0x2825, 0xD17C, 0x2825, 0x0021, 0x2F6B, 0x0BE4, 0x0000, 0x2F6B, 0xD17C, 0xD17C, 0xD17C, 0x1607, 0x0021, 0x0202, 0xDFFC,
        0x77F2, 0x2825, 0xD17C, 0x2825, 0x0021, 0x1607, 0x0202, 0x77F2, 0x1607, 0xD17C, 0xD17C, 0x77F2, 0x0BE4, 0x0021, 0x0021, 0x77F2,
        0x2F6B, 0xDFFC, 0x2825, 0x2825, 0x0021, 0x0BE4, 0x0021, 0x2F6B, 0x0BE4, 0xD17C, 0x77F2, 0x2F6B, 0x0202, 0x0021, 0x0021, 0x2F6B,
        0x1607, 0x77F2, 0xDFFC, 0x0021, 0x0021, 0x0202, 0x0021, 0x1607, 0x0202, 0x0000, 0x2F6B, 0x1607, 0x0021, 0x0021, 0x0021, 0x1607,
        0x0BE4, 0x2F6B, 0x77F2, 0x0021, 0x0021, 0x0021, 0x0021, 0x0BE4, 0x2825, 0x77F2, 0x1607, 0x0BE4, 0x0021, 0x0202, 0x0021, 0x0BE4,
        0x0202, 0x1607, 0x2F6B, 0x0021, 0x0021, 0x0021, 0x0021, 0x0202, 0x0021, 0x2F6B, 0x0BE4, 0x0202, 0x0021, 0x0202, 0x0021, 0x0202,
        0x0021, 0x0BE4, 0x1607, 0x0021, 0x0021, 0x0021, 0x0021, 0x0021, 0x0021, 0x1607, 0x0202, 0x0021, 0x0202, 0x0BE4, 0x0021, 0x0021,
    },
    {
        0x0021, 0x0021, 0x1607, 0x2825, 0x2825, 0x77F2, 0x1607, 0x2825, 0x2825, 0x2825, 0x2825, 0x2825, 0x2825, 0x0021, 0x77F2, 0x0021,
        0x0021, 0x2825, 0x2F6B, 0x2825, 0xFCDF, 0xFCDF, 0x77F2, 0xFCDF, 0xFCDF, 0xFCDF, 0xFCDF, 0x0202, 0x2825, 0x2825, 0x2825, 0x0021,
        0x2825, 0x2825, 0x77F2, 0xFCDF, 0xD97C, 0xD97C, 0x77F2, 0xD97C, 0xD97C, 0xD97C, 0xD97C, 0x0202, 0xFCDF, 0xFCDF, 0x2825, 0x2825,
        0x2825, 0xFCDF, 0xD97C, 0xD97C, 0xD97C, 0xD97C, 0xD97C, 0xD97C, 0xD97C, 0xD97C, 0xD97C, 0x0BE4, 0xD97C, 0xD97C, 0xFCDF, 0x2825,
        0x2825, 0xD97C, 0xD97C, 0x77F2, 0x77F2, 0xD97C, 0xD97C, 0xD97C, 0xD97C, 0xD97C, 0xD97C, 0x1607, 0xD97C, 0x77F2, 0xD97C, 0x2825,
        0x2825, 0xD97C, 0xD97C, 0x2F6B, 0x2F6B, 0x0000, 0xD97C, 0xD97C, 0xD97C, 0xD97C, 0x0000, 0x2F6B, 0x0000, 0x2F6B, 0xD97C, 0x2825,
        0x2825, 0xD97C, 0xD97C, 0x1607, 0x1607, 0x0000, 0xD97C, 0xD97C, 0xD97C, 0xD97C, 0x0000, 0x77F2, 0x0000, 0x1607, 0x77F2, 0x2825,
        0x2825, 0xD97C, 0xD97C, 0x0BE4, 0x0BE4, 0x0000, 0x77F2, 0xD97C, 0xD97C, 0xD97C, 0x0000, 0x0000, 0xDFFC, 0x0BE4, 0x2F6B, 0x0021,
        0x2825, 0xD97C, 0xD97C, 0x0202, 0x0202, 0xD97C, 0x2F6B, 0xD97C, 0x0BE4, 0xD97C, 0xD97C, 0xD97C, 0x77F2, 0x0202, 0x1607, 0x0021,
        0xDFFC, 0x2825, 0xD97C, 0x77F2, 0x2825, 0x77F2, 0x1607, 0x0000, 0x77F2, 0xD97C, 0xD97C, 0xD97C, 0x2F6B, 0x0021, 0x0BE4, 0xDFFC,
        0x77F2, 0x2825, 0xD97C, 0x2825, 0x0021, 0x2F6B, 0x0BE4, 0x77F2, 0x2F6B, 0xD97C, 0xD97C, 0x77F2, 0x1607, 0x0021, 0x0202, 0x77F2,
        0x2F6B, 0x2825, 0x2825, 0x2825, 0x0021, 0x1607, 0x0202, 0x2F6B, 0x1607, 0xD97C, 0xD97C, 0x2F6B, 0x0BE4, 0x0021, 0x0021, 0x2F6B,
        0x1607, 0xDFFC, 0x0021, 0x0021, 0x0021, 0x0BE4, 0x0021, 0x1607, 0x0BE4, 0x0000, 0x77F2, 0x1607, 0x0202, 0x0021, 0x0021, 0x1607,
        0x0BE4, 0x77F2, 0xDFFC, 0x0021, 0x0021, 0x0202, 0x0021, 0x0BE4, 0x0202, 0x0000, 0x2F6B, 0x0BE4, 0x0021, 0x0021, 0x0021, 0x0BE4,
        0x0202, 0x2F6B, 0x77F2, 0x0021, 0x0021, 0x0021, 0x0021, 0x0202, 0x2825, 0x77F2, 0x1607, 0x0202, 0x0021, 0x0202, 0x0021, 0x0202,
        0x0021, 0x1607, 0x2F6B, 0x0021, 0x0021, 0x0021, 0x0021, 0x0021, 0x0021, 0x2F6B, 0x0BE4, 0x0021, 0x0021, 0x0202, 0x0021, 0x0021,
    },
    {
        0x0021, 0x0021, 0x0BE4, 0x2825, 0x77F2, 0x2F6B, 0x0BE4, 0x2825, 0x2825, 0x2825, 0x2825, 0x2825, 0x2825, 0x0021, 0x2F6B, 0x0021,
        0x0021, 0x2825, 0x1607, 0x2825, 0xFCDF, 0x77F2, 0x1607, 0xFCDF, 0xFCDF, 0xFCDF, 0xFCDF, 0xFCDF, 0x2825, 0x2825, 0x77F2, 0x0021,
        0x2825, 0x2825, 0x2F6B, 0xFCDF, 0xE17B, 0xE17B, 0x2F6B, 0xE17B, 0xE17B, 0xE17B, 0xE17B, 0x0202, 0xFCDF, 0xFCDF, 0x2825, 0x2825,
        0x2825, 0xFCDF, 0x77F2, 0xE17B, 0xE17B, 0xE17B, 0x77F2, 0xE17B, 0xE17B, 0xE17B, 0xE17B, 0x0BE4, 0xE17B, 0xE17B, 0xFCDF, 0x2825,
        0x2825, 0xE17B, 0xE17B, 0xE17B, 0xE17B, 0xE17B, 0xE17B, 0xE17B, 0xE17B, 0xE17B, 0xE17B, 0x0BE4, 0xE17B, 0xE17B, 0xE17B, 0x2825,
        0x2825, 0xE17B, 0xE17B, 0x77F2, 0x77F2, 0x0000, 0xE17B, 0xE17B, 0xE17B, 0xE17B, 0x0000, 0x1607, 0x0000, 0x77F2, 0xE17B, 0x2825,
        0x2825, 0xE17B, 0xE17B, 0x2F6B, 0x2F6B, 0x0000, 0xE17B, 0xE17B, 0xE17B, 0xE17B, 0x0000, 0x2F6B, 0x0000, 0x2F6B, 0xE17B, 0x2825,
        0x2825, 0xE17B, 0xE17B, 0x1607, 0x1607, 0x0000, 0xDFFC, 0xE17B, 0xE17B, 0xE17B, 0x0000, 0x77F2, 0xE17B, 0x1607, 0x77F2, 0x2825,
        0x2825, 0xE17B, 0xE17B, 0x0BE4, 0x0BE4, 0xE17B, 0x77F2, 0xE17B, 0xE17B, 0xE17B, 0xE17B, 0xE17B, 0x77F2, 0x0BE4, 0x2F6B, 0x0021,
        0x2825, 0x2825, 0xE17B, 0x0202, 0x0202, 0xE17B, 0x2F6B, 0x0000, 0x0202, 0xE17B, 0xE17B, 0xE17B, 0x2F6B, 0x0202, 0x1607, 0x0021,
        0xDFFC, 0x2825, 0xE17B, 0x77F2, 0x2825, 0x77F2, 0x1607, 0x0000, 0x77F2, 0xE17B, 0xE17B, 0xE17B, 0x1607, 0x0021, 0x0BE4, 0xDFFC,
        0x77F2, 0x2825, 0x2825, 0x2825, 0x0021, 0x2F6B, 0x0BE4, 0x77F2, 0x2F6B, 0xE17B, 0xE17B, 0x77F2, 0x0BE4, 0x0021, 0x0202, 0x77F2,
        0x2F6B, 0x0021, 0x0021, 0x0021, 0x0021, 0x1607, 0x0202, 0x2F6B, 0x1607, 0x0000, 0x77F2, 0x2F6B, 0x0202, 0x0021, 0x0021, 0x2F6B,
        0x1607, 0xDFFC, 0x0021, 0x0021, 0x0021, 0x0BE4, 0x0021, 0x1607, 0x0BE4, 0x0000, 0x2F6B, 0x1607, 0x0021, 0x0021, 0x0021, 0x1607,
        0x0BE4, 0x77F2, 0xDFFC, 0x0021, 0x0021, 0x0202, 0x0021, 0x0BE4, 0x0202, 0xDFFC, 0x1607, 0x0BE4, 0x0021, 0x0021, 0x0021, 0x0BE4,
        0x0202, 0x2F6B, 0x77F2, 0x0021, 0x0021, 0x0021, 0x0021, 0x0202, 0x0021, 0x77F2, 0x0BE4, 0x0202, 0x0021, 0x0202, 0x0021, 0x0202,
    },
    {
        0x0021, 0x0021, 0x0BE4, 0x2824, 0x77F2, 0x2F6B, 0x0BE4, 0x2824, 0x2824, 0x2824, 0x2824, 0x2824, 0x2824, 0x0021, 0x2F6B, 0x0021,
        0x0021, 0x2824, 0x1607, 0x2824, 0xFCDE, 0x77F2, 0x1607, 0xFCDE, 0xFCDE, 0xFCDE, 0xFCDE, 0xFCDE, 0x2824, 0x2824, 0x77F2, 0x0021,
        0x2824, 0x2824, 0x2F6B, 0xFCDE, 0xE17A, 0xE17A, 0x2F6B, 0xE17A, 0xE17A, 0xE17A, 0xE17A, 0x0202, 0xFCDE, 0xFCDE, 0x2824, 0x2824,
        0x2824, 0xFCDE, 0x77F2, 0xE17A, 0xE17A, 0xE17A, 0x77F2, 0xE17A, 0xE17A, 0xE17A, 0xE17A, 0x0202, 0xE17A, 0xE17A, 0xFCDE, 0x2824,
        0x2824, 0xE17A, 0xE17A, 0xE17A, 0xE17A, 0xE17A, 0xE17A, 0xE17A, 0xE17A, 0xE17A, 0xE17A, 0x0BE4, 0xE17A, 0xE17A, 0xE17A, 0x2824,
        0x2824, 0xE17A, 0xE17A, 0x77F2, 0x77F2, 0x0000, 0xE17A, 0xE17A, 0xE17A, 0xE17A, 0x0000, 0x1607, 0x0000, 0x77F2, 0xE17A, 0x2824,
        0x2824, 0xE17A, 0xE17A, 0x2F6B, 0x2F6B, 0x0000, 0xE17A, 0xE17A, 0xE17A, 0xE17A, 0x0000, 0x77F2, 0x0000, 0x2F6B, 0xE17A, 0x2824,
        0x2824, 0xE17A, 0xE17A, 0x1607, 0x1607, 0x0000, 0xE17A, 0xE17A, 0xE17A, 0xE17A, 0x0000, 0x77F2, 0xE17A, 0x1607, 0xDFFC, 0x2824,
        0x2824, 0xE17A, 0xE17A, 0x0BE4, 0x0BE4, 0xE17A, 0x77F2, 0xE17A, 0xE17A, 0xE17A, 0xE17A, 0xE17A, 0xE17A, 0x0BE4, 0x77F2, 0x0021,
        0x2824, 0x2824, 0xE17A, 0x0202, 0x0202, 0xE17A, 0x2F6B, 0x0000, 0x0202, 0xE17A, 0xE17A, 0xE17A, 0x77F2, 0x0202, 0x2F6B, 0x0021,
        0x0021, 0x2824, 0xE17A, 0x77F2, 0x2824, 0x77F2, 0x1607, 0x0000, 0x77F2, 0xE17A, 0xE17A, 0xE17A, 0x2F6B, 0x0021, 0x1607, 0x0021,
        0xDFFC, 0x2824, 0x2824, 0x2824, 0x0021, 0x2F6B, 0x0BE4, 0xE17A, 0x2F6B, 0xE17A, 0xE17A, 0xE17A, 0x1607, 0x0021, 0x0BE4, 0xDFFC,
        0x77F2, 0x0021, 0x0021, 0x0021, 0x0021, 0x1607, 0x0202, 0x77F2, 0x1607, 0x0000, 0x0000, 0x77F2, 0x0BE4, 0x0021, 0x0202, 0x77F2,
        0x2F6B, 0x0021, 0x0021, 0x0021, 0x0021, 0x0BE4, 0x0021, 0x2F6B, 0x0BE4, 0x0000, 0x77F2, 0x2F6B, 0x0202, 0x0021, 0x0021, 0x2F6B,
        0x1607, 0xDFFC, 0xDFFC, 0x0021, 0x0021, 0x0202, 0x0021, 0x1607, 0x0202, 0xE17A, 0x2F6B, 0x1607, 0x0021, 0x0021, 0x0021, 0x1607,
        0x0BE4, 0x77F2, 0x77F2, 0x0021, 0x0021, 0x0021, 0x0021, 0x0BE4, 0x2824, 0x77F2, 0x1607, 0x0BE4, 0x0021, 0x0BE4, 0x0021, 0x0BE4,
    },
    {
        0x0021, 0x0021, 0x0202, 0x2824, 0x2F6B, 0x1607, 0x0202, 0x2824, 0x2824, 0x2824, 0x2824, 0x2824, 0x2824, 0x0021, 0x1607, 0x77F2,
        0x0021, 0x2824, 0x0BE4, 0x2824, 0x77F2, 0x2F6B, 0x0BE4, 0xFCDE, 0xFCDE, 0xFCDE, 0xFCDE, 0xFCDE, 0x2824, 0x2824, 0x2F6B, 0x0021,
        0x2824, 0x2824, 0x1607, 0xFCDE, 0xE178, 0x77F2, 0x1607, 0xE178, 0xE178, 0xE178, 0xE178, 0xE178, 0xFCDE, 0xFCDE, 0x77F2, 0x2824,
        0x2824, 0xFCDE, 0x2F6B, 0xE178, 0xE178, 0xE178, 0x2F6B, 0xE178, 0xE178, 0xE178, 0xE178, 0x0202, 0xE178, 0xE178, 0xFCDE, 0x2824,
        0x2824, 0xE178, 0x77F2, 0xE178, 0xE178, 0xE178, 0x77F2, 0xE178, 0xE178, 0xE178, 0xE178, 0x0202, 0xE178, 0xE178, 0xE178, 0x2824,
        0x2824, 0xE178, 0xE178, 0x0000, 0x0000, 0x0000, 0xE178, 0xE178, 0xE178, 0xE178, 0x0000, 0x0BE4, 0x0000, 0xE178, 0xE178, 0x2824,
        0x2824, 0xE178, 0xE178, 0x77F2, 0x77F2, 0x0000, 0xE178, 0xE178, 0xE178, 0xE178, 0x0000, 0x2F6B, 0x0000, 0x77F2, 0xE178, 0x2824,
        0x2824, 0xE178, 0xE178, 0x2F6B, 0x2F6B, 0x0000, 0xE178, 0xE178, 0xE178, 0xE178, 0x0000, 0x77F2, 0xE178, 0x2F6B, 0xE178, 0x2824,
        0x2824, 0xE178, 0xE178, 0x1607, 0x1607, 0xE178, 0xE178, 0xE178, 0xE178, 0xE178, 0xE178, 0x77F2, 0xE178, 0x1607, 0x77F2, 0x2824,
        0x2824, 0x2824, 0xE178, 0x0BE4, 0x0BE4, 0xE178, 0x77F2, 0x0000, 0x0000, 0xE178, 0xE178, 0xE178, 0xE178, 0x0BE4, 0x2F6B, 0x0021,
        0x0021, 0x2824, 0xE178, 0x0202, 0x0202, 0xE178, 0x2F6B, 0x0000, 0x0202, 0xE178, 0xE178, 0xE178, 0x77F2, 0x0202, 0x1607, 0x0021,
        0xDFFC, 0x2824, 0x2824, 0x77F2, 0x2824, 0x77F2, 0x1607, 0xE178, 0x77F2, 0xE178, 0xE178, 0xE178, 0x2F6B, 0x0021, 0x0BE4, 0xDFFC,
        0x77F2, 0x0021, 0x0021, 0x0021, 0x0021, 0x2F6B, 0x0BE4, 0x77F2, 0x2F6B, 0x0000, 0x0000, 0x77F2, 0x1607, 0x0021, 0x0202, 0x77F2,
        0x2F6B, 0x0021, 0x0021, 0x0021, 0x0021, 0x1607, 0x0202, 0x2F6B, 0x1607, 0x0000, 0xE178, 0x2F6B, 0x0BE4, 0x0021, 0x0021, 0x2F6B,
        0x1607, 0xDFFC, 0x0021, 0x0021, 0x0021, 0x0BE4, 0x0021, 0x1607, 0x0BE4, 0xE178, 0x77F2, 0x1607, 0x0202, 0x0021, 0x0021, 0x1607,
        0x0BE4, 0x77F2, 0xDFFC, 0x0021, 0x0021, 0x0202, 0x0021, 0x0BE4, 0x0202, 0xDFFC, 0x2F6B, 0x0BE4, 0x0021, 0x0021, 0x0021, 0x0BE4,
    },
    {
        0x0021, 0x77F2, 0x0202, 0x2824, 0x1607, 0x1607, 0x0BE4, 0x2824, 0x2824, 0x2824, 0x2824, 0x2824, 0x2824, 0x0021, 0x1607, 0x2F6B,
        0x0021, 0x2824, 0x0202, 0x2824, 0x2F6B, 0x1607, 0x0202, 0xFCDD, 0xFCDD, 0xFCDD, 0xFCDD, 0xFCDD, 0x2824, 0x2824, 0x1607, 0x77F2,
        0x2824, 0x2824, 0x0BE4, 0xFCDD, 0x77F2, 0x2F6B, 0x0BE4, 0xE177, 0xE177, 0xE177, 0xE177, 0xE177, 0xFCDD, 0xFCDD, 0x2F6B, 0x2824,
        0x2824, 0xFCDD, 0x1607, 0xE177, 0xE177, 0x77F2, 0x1607, 0xE177, 0xE177, 0xE177, 0xE177, 0xE177, 0xE177, 0xE177, 0x77F2, 0x2824,
        0x2824, 0xE177, 0x2F6B, 0xE177, 0xE177, 0xE177, 0x2F6B, 0xE177, 0xE177, 0xE177, 0xE177, 0x0BE4, 0xE177, 0xE177, 0xE177, 0x2824,
        0x2824, 0xE177, 0x77F2, 0x0000, 0x0000, 0x0000, 0x77F2, 0xE177, 0xE177, 0xE177, 0x0000, 0x0202, 0x0000, 0xE177, 0xE177, 0x2824,
        0x2824, 0xE177, 0xE177, 0x0000, 0x0000, 0x0000, 0xE177, 0xE177, 0xE177, 0xE177, 0x0000, 0x0BE4, 0x0000, 0xE177, 0xE177, 0x2824,
        0x2824, 0xE177, 0xE177, 0x77F2, 0x77F2, 0x0000, 0xE177, 0xE177, 0xE177, 0xE177, 0x0000, 0x1607, 0xE177, 0x77F2, 0xE177, 0x2824,
        0x2824, 0xE177, 0xE177, 0x2F6B, 0x2F6B, 0xE177, 0xE177, 0xE177, 0xE177, 0xE177, 0xE177, 0x2F6B, 0xE177, 0x2F6B, 0xE177, 0x2824,
        0x2824, 0x2824, 0xE177, 0x1607, 0x1607, 0xE177, 0xE177, 0x0000, 0x0000, 0xE177, 0xE177, 0x77F2, 0xE177, 0x1607, 0x77F2, 0x2824,
        0x0021, 0x2824, 0xE177, 0x0BE4, 0x0BE4, 0xE177, 0x77F2, 0x0000, 0x0000, 0xE177, 0xE177, 0xE177, 0x77F2, 0x0BE4, 0x2F6B, 0x0021,
        0x0021, 0x2824, 0x2824, 0x0202, 0x0202, 0xE177, 0x2F6B, 0xE177, 0x0202, 0xE177, 0xE177, 0xE177, 0x2F6B, 0x0202, 0x1607, 0x0021,
        0xDFFC, 0x0021, 0x0021, 0x77F2, 0x2824, 0x77F2, 0x1607, 0x0000, 0x77F2, 0x0000, 0x0000, 0xE177, 0x1607, 0x0021, 0x0BE4, 0xDFFC,
        0x77F2, 0x0021, 0x0021, 0x0021, 0x0021, 0x2F6B, 0x0BE4, 0x77F2, 0x2F6B, 0x0000, 0xE177, 0x77F2, 0x0BE4, 0x0021, 0x0202, 0x77F2,
        0x2F6B, 0x0021, 0x0021, 0x0021, 0x0021, 0x1607, 0x0202, 0x2F6B, 0x1607, 0xE177, 0xDFFC, 0x2F6B, 0x0202, 0x0021, 0x0021, 0x2F6B,
        0x1607, 0xDFFC, 0x0021, 0x0021, 0x0021, 0x0BE4, 0x0021, 0x1607, 0x0BE4, 0x2824, 0x77F2, 0x1607, 0x0021, 0x0021, 0x0021, 0x1607,
    },
    {
        0x0021, 0x77F2, 0x0202, 0x2824, 0x1607, 0x0BE4, 0x0202, 0x2824, 0x2824, 0x2824, 0x2824, 0x2824, 0x2824, 0x0021, 0x0BE4, 0x2F6B,
        0x0021, 0x2824, 0x0202, 0x2824, 0x2F6B, 0x1607, 0x0202, 0xFCDC, 0xFCDC, 0xFCDC, 0xFCDC, 0xFCDC, 0x2824, 0x2824, 0x1607, 0x77F2,
        0x2824, 0x2824, 0x0BE4, 0xFCDC, 0x77F2, 0x2F6B, 0x0BE4, 0xE176, 0xE176, 0xE176, 0xE176, 0xE176, 0xFCDC, 0xFCDC, 0x2F6B, 0x2824,
        0x2824, 0xFCDC, 0x1607, 0xE176, 0xE176, 0x77F2, 0x1607, 0xE176, 0xE176, 0xE176, 0xE176, 0xE176, 0xE176, 0xE176, 0x77F2, 0x2824,
        0x2824, 0xE176, 0x2F6B, 0xE176, 0xE176, 0xE176, 0x2F6B, 0xE176, 0xE176, 0xE176, 0xE176, 0x0202, 0xE176, 0xE176, 0xE176, 0x2824,
        0x2824, 0xE176, 0x77F2, 0x0000, 0x0000, 0x0000, 0x77F2, 0xE176, 0xE176, 0xE176, 0x0000, 0x0202, 0x0000, 0xE176, 0xE176, 0x2824,
        0x2824, 0xE176, 0xE176, 0x0000, 0x0000, 0x0000, 0xE176, 0xE176, 0xE176, 0xE176, 0x0000, 0x0BE4, 0x0000, 0xE176, 0xE176, 0x2824,
        0x2824, 0xE176, 0xE176, 0xDFFC, 0xDFFC, 0x0000, 0xE176, 0xE176, 0xE176, 0xE176, 0x0000, 0x1607, 0xE176, 0xDFFC, 0xE176, 0x2824,
        0x2824, 0xE176, 0xE176, 0x77F2, 0x77F2, 0xE176, 0xE176, 0xE176, 0xE176, 0xE176, 0xE176, 0x2F6B, 0xE176, 0x77F2, 0xE176, 0x2824,
        0x2824, 0x2824, 0xE176, 0x2F6B, 0x2F6B, 0xE176, 0xE176, 0x0000, 0x0000, 0xE176, 0xE176, 0x77F2, 0xE176, 0x2F6B, 0xDFFC, 0x2824,
        0x0021, 0x2824, 0xE176, 0x1607, 0x1607, 0xE176, 0x77F2, 0x0000, 0x0000, 0xE176, 0xE176, 0xE176, 0xE176, 0x1607, 0x77F2, 0x0021,
        0x0021, 0x2824, 0x2824, 0x0BE4, 0x0BE4, 0xE176, 0x2F6B, 0xE176, 0x0202, 0xE176, 0xE176, 0xE176, 0x77F2, 0x0BE4, 0x2F6B, 0x0021,
        0x0021, 0x0021, 0x0021, 0x0202, 0x0202, 0x77F2, 0x1607, 0x0000, 0x77F2, 0x0000, 0x0000, 0xE176, 0x2F6B, 0x0202, 0x1607, 0x0021,
        0xDFFC, 0x0021, 0x0021, 0x0021, 0x0021, 0x2F6B, 0x0BE4, 0x0000, 0x2F6B, 0x0000, 0xE176, 0xE176, 0x1607, 0x0021, 0x0BE4, 0xDFFC,
        0x77F2, 0x0021, 0x0021, 0x0021, 0x0021, 0x1607, 0x0202, 0x77F2, 0x1607, 0xE176, 0x0000, 0x77F2, 0x0BE4, 0x0021, 0x0202, 0x77F2,
        0x2F6B, 0x0021, 0x0021, 0x0021, 0x0021, 0x0BE4, 0x0021, 0x2F6B, 0x0BE4, 0x2824, 0x77F2, 0x2F6B, 0x0202, 0x0021, 0x0021, 0x2F6B,
    },
    {
        0x0021, 0x2F6B, 0x0021, 0x2824, 0x0BE4, 0x0BE4, 0x2824, 0x2824, 0x2824, 0x77F2, 0x2824, 0x2824, 0x2824, 0x0021, 0x0202, 0x1607,
        0x0021, 0x77F2, 0x0202, 0x2824, 0x1607, 0x0BE4, 0x0BE4, 0xFCDC, 0xFCDC, 0xFCDC, 0xFCDC, 0xFCDC, 0x2824, 0x2824, 0x0BE4, 0x2F6B,
        0x2824, 0x2824, 0x0202, 0xFCDC, 0x2F6B, 0x1607, 0x0202, 0xE175, 0xE175, 0xE175, 0xE175, 0xE175, 0xFCDC, 0xFCDC, 0x1607, 0x77F2,
        0x2824, 0xFCDC, 0x0BE4, 0xE175, 0x77F2, 0x2F6B, 0x0BE4, 0xE175, 0xE175, 0xE175, 0xE175, 0xE175, 0xE175, 0xE175, 0x2F6B, 0x2824,
        0x2824, 0xE175, 0x1607, 0xE175, 0xE175, 0x77F2, 0x2F6B, 0xE175, 0xE175, 0xE175, 0xE175, 0xE175, 0xE175, 0xE175, 0x77F2, 0x2824,
        0x2824, 0xE175, 0x2F6B, 0x0000, 0x0000, 0x0000, 0x2F6B, 0xE175, 0xE175, 0xE175, 0x0000, 0x0202, 0x0000, 0xE175, 0xE175, 0x2824,
        0x2824, 0xE175, 0x77F2, 0x0000, 0x0000, 0x0000, 0x77F2, 0xE175, 0xE175, 0xE175, 0x0000, 0x0202, 0x0000, 0xE175, 0xE175, 0x2824,
        0x2824, 0xE175, 0xE175, 0xE175, 0x0000, 0x0000, 0xE175, 0xE175, 0xE175, 0xE175, 0x0000, 0x1607, 0xE175, 0xE175, 0xE175, 0x2824,
        0x2824, 0xE175, 0xE175, 0x77F2, 0x77F2, 0xE175, 0xE175, 0xE175, 0xE175, 0xE175, 0xE175, 0x2F6B, 0xE175, 0x77F2, 0xE175, 0x2824,
        0x2824, 0x2824, 0xE175, 0x2F6B, 0x2F6B, 0xE175, 0xE175, 0x0000, 0x0000, 0xE175, 0xE175, 0x77F2, 0xE175, 0x2F6B, 0xDFFC, 0x2824,
        0x0021, 0x2824, 0xE175, 0x1607, 0x1607, 0xE175, 0xE175, 0x0000, 0x0000, 0xE175, 0xE175, 0x77F2, 0xE175, 0x1607, 0x77F2, 0x0021,
        0x0021, 0x2824, 0x2824, 0x0BE4, 0x0BE4, 0xE175, 0x77F2, 0xE175, 0xE175, 0xE175, 0xE175, 0xE175, 0xE175, 0x0BE4, 0x2F6B, 0x0021,
        0x0021, 0x0021, 0x0021, 0x0202, 0x0202, 0x0000, 0x2F6B, 0x0000, 0x0202, 0x0000, 0x0000, 0xE175, 0x77F2, 0x0202, 0x1607, 0x0021,
        0x0021, 0x0021, 0x0021, 0x77F2, 0x2824, 0x77F2, 0x1607, 0x0000, 0x77F2, 0x0000, 0xE175, 0xE175, 0x2F6B, 0x0021, 0x0BE4, 0x0021,
        0xDFFC, 0x0021, 0x0021, 0x0021, 0x0021, 0x2F6B, 0x0BE4, 0xDFFC, 0x2F6B, 0xE175, 0x0000, 0xDFFC, 0x1607, 0x0021, 0x0202, 0xDFFC,
        0x77F2, 0x0021, 0x0021, 0x0021, 0x0021, 0x1607, 0x0202, 0x77F2, 0x1607, 0x2824, 0xDFFC, 0x77F2, 0x0BE4, 0x0021, 0x0021, 0x77F2,
    },
    {
        0x0021, 0x1607, 0x0021, 0x2823, 0x0202, 0x0BE4, 0x2823, 0x2823, 0x2823, 0x2F6B, 0x2823, 0x2823, 0x2823, 0x0021, 0x0202, 0x1607,
        0x0021, 0x77F2, 0x2823, 0x2823, 0x1607, 0x0202, 0xFCDB, 0xFCDB, 0xFCDB, 0x77F2, 0xFCDB, 0xFCDB, 0x2823, 0x2823, 0x0202, 0x1607,
        0x2823, 0x77F2, 0x0BE4, 0xFCDB, 0x1607, 0x0BE4, 0x0202, 0xE174, 0xE174, 0xE174, 0xE174, 0xE174, 0xFCDB, 0xFCDB, 0x0BE4, 0x2F6B,
        0x2823, 0xFCDB, 0x0202, 0xE174, 0x2F6B, 0x1607, 0x0202, 0xE174, 0xE174, 0xE174, 0xE174, 0xE174, 0xE174, 0xE174, 0x1607, 0x77F2,
        0x2823, 0xE174, 0x0BE4, 0xE174, 0x77F2, 0x2F6B, 0x0BE4, 0xE174, 0xE174, 0xE174, 0xE174, 0xE174, 0xE174, 0xE174, 0x2F6B, 0x2823,
        0x2823, 0xE174, 0x1607, 0x0000, 0x0000, 0x77F2, 0x1607, 0xE174, 0xE174, 0xE174, 0x0000, 0x0000, 0x0000, 0xE174, 0x77F2, 0x2823,
        0x2823, 0xE174, 0x2F6B, 0x0000, 0x0000, 0x0000, 0x2F6B, 0xE174, 0xE174, 0xE174, 0x0000, 0x0202, 0x0000, 0xE174, 0xE174, 0x2823,
        0x2823, 0xE174, 0x77F2, 0xE174, 0x0000, 0x0000, 0x77F2, 0xE174, 0xE174, 0xE174, 0x0000, 0x0202, 0xE174, 0xE174, 0xE174, 0x2823,
        0x2823, 0xE174, 0xE174, 0xE174, 0xE174, 0xE174, 0xE174, 0xE174, 0xE174, 0xE174, 0xE174, 0x0BE4, 0xE174, 0xE174, 0xE174, 0x2823,
        0x2823, 0x2823, 0xE174, 0x77F2, 0x77F2, 0xE174, 0xE174, 0x0000, 0x0000, 0xE174, 0xE174, 0x2F6B, 0xE174, 0x77F2, 0x2823, 0x2823,
        0x0021, 0x2823, 0xE174, 0x2F6B, 0x2F6B, 0xE174, 0xE174, 0x0000, 0x0000, 0xE174, 0xE174, 0x2F6B, 0xE174, 0x2F6B, 0xDFFC, 0x0021,
        0x0021, 0x2823, 0x2823, 0x1607, 0x1607, 0xE174, 0xE174, 0xE174, 0xE174, 0xE174, 0xE174, 0x77F2, 0xE174, 0x1607, 0x77F2, 0x0021,
        0x0021, 0x0021, 0x0021, 0x0BE4, 0x0BE4, 0x0000, 0x77F2, 0x0000, 0x0000, 0x0000, 0x0000, 0xE174, 0x77F2, 0x0BE4, 0x2F6B, 0x0021,
        0x0021, 0x0021, 0x0021, 0x0202, 0x0202, 0x0000, 0x2F6B, 0x0000, 0x0202, 0x0000, 0xE174, 0xE174, 0x2F6B, 0x0202, 0x1607, 0x0021,
        0xDFFC, 0x0021, 0x0021, 0x77F2, 0x2823, 0x77F2, 0x1607, 0xE174, 0x77F2, 0xE174, 0x0000, 0xDFFC, 0x1607, 0x0021, 0x0BE4, 0xDFFC,
        0x77F2, 0x0021, 0x0021, 0x0021, 0x0021, 0x2F6B, 0x0BE4, 0x77F2, 0x2F6B, 0x2823, 0x2823, 0x77F2, 0x0BE4, 0x0021, 0x0202, 0x77F2,
    },
    {
        0x0021, 0x1607, 0x0021, 0x2823, 0x0202, 0x0202, 0x2823, 0x2823, 0x2823, 0x2F6B, 0x2823, 0x2823, 0x2823, 0x0021, 0x0202, 0x0BE4,
        0x0021, 0x2F6B, 0x2823, 0x2823, 0x0BE4, 0x0202, 0xFCDB, 0xFCDB, 0xFCDB, 0x77F2, 0xFCDB, 0xFCDB, 0x2823, 0x2823, 0x0202, 0x2F6B,
        0x2823, 0x77F2, 0x0202, 0xFCDB, 0x1607, 0x0BE4, 0x0202, 0xE173, 0xE173, 0xE173, 0xE173, 0xE173, 0xFCDB, 0xFCDB, 0x0BE4, 0x2F6B,
        0x2823, 0xFCDB, 0x0202, 0xE173, 0x2F6B, 0x1607, 0x0BE4, 0xE173, 0xE173, 0xE173, 0xE173, 0xE173, 0xE173, 0xE173, 0x2F6B, 0x77F2,
        0x2823, 0xE173, 0x1607, 0xE173, 0x77F2, 0x2F6B, 0x0BE4, 0xE173, 0xE173, 0xE173, 0xE173, 0xE173, 0xE173, 0xE173, 0x2F6B, 0x2823,
        0x2823, 0xE173, 0x1607, 0x0000, 0x0000, 0x77F2, 0x1607, 0xE173, 0xE173, 0xE173, 0x0000, 0x0000, 0x0000, 0xE173, 0x77F2, 0x2823,
        0x2823, 0xE173, 0x77F2, 0x0000, 0x0000, 0x0000, 0x2F6B, 0xE173, 0xE173, 0xE173, 0x0000, 0x0202, 0x0000, 0xE173, 0xE173, 0x2823,
        0x2823, 0xE173, 0x77F2, 0xE173, 0x0000, 0x0000, 0x77F2, 0xE173, 0xE173, 0xE173, 0x0000, 0x0202, 0xE173, 0xE173, 0xE173, 0x2823,
        0x2823, 0xE173, 0xE173, 0xE173, 0xE173, 0xE173, 0xE173, 0xE173, 0xE173, 0xE173, 0xE173, 0x1607, 0xE173, 0xE173, 0xE173, 0x2823,
        0x2823, 0x2823, 0xE173, 0x0202, 0xE173, 0xE173, 0xE173, 0x0000, 0x0000, 0xE173, 0xE173, 0x1607, 0xE173, 0xE173, 0x2823, 0x2823,
        0x0021, 0x2823, 0xE173, 0x77F2, 0x77F2, 0xE173, 0xE173, 0x0000, 0x0000, 0xE173, 0xE173, 0x2F6B, 0xE173, 0x77F2, 0x2823, 0x0021,
        0x0021, 0x2823, 0x2823, 0x2F6B, 0x2F6B, 0xE173, 0xE173, 0xE173, 0xE173, 0xE173, 0xE173, 0x77F2, 0xE173, 0x2F6B, 0xDFFC, 0x0021,
        0x0021, 0x0021, 0x0021, 0x1607, 0x1607, 0x0000, 0x77F2, 0x0000, 0x0000, 0x0000, 0x0000, 0xE173, 0xDFFC, 0x1607, 0x77F2, 0x0021,
        0x0021, 0x0021, 0x0021, 0x0BE4, 0x0BE4, 0x0000, 0x2F6B, 0x0000, 0x0202, 0x0000, 0xE173, 0xE173, 0x77F2, 0x0BE4, 0x2F6B, 0x0021,
        0x0021, 0x0021, 0x0021, 0x0202, 0x0202, 0xDFFC, 0x1607, 0xE173, 0xDFFC, 0xE173, 0x0000, 0x2823, 0x2F6B, 0x0202, 0x1607, 0x0021,
        0xDFFC, 0x0021, 0x0021, 0x0021, 0x0021, 0x77F2, 0x0BE4, 0xDFFC, 0x77F2, 0x2823, 0x2823, 0xDFFC, 0x1607, 0x0021, 0x0BE4, 0xDFFC,
    },
    {
        0x6F51, 0x0B84, 0x0021, 0x2823, 0x0B84, 0x2823, 0x2823, 0x2823, 0x2823, 0x1586, 0x2823, 0x2823, 0x2823, 0x0021, 0x0021, 0x01E2,
        0x0021, 0x1586, 0x2823, 0x2823, 0x01E2, 0x01E2, 0xFCDA, 0xFCDA, 0xFCDA, 0x2ECA, 0xFCDA, 0xFCDA, 0x2823, 0x2823, 0x0B84, 0x1586,
        0x2823, 0x6F51, 0xFCDA, 0xFCDA, 0x0B84, 0x01E2, 0xE172, 0xE172, 0xE172, 0x6F51, 0xE172, 0xE172, 0xFCDA, 0xFCDA, 0x01E2, 0x1586,
        0x2823, 0x6F51, 0x01E2, 0xE172, 0x2ECA, 0x0B84, 0x01E2, 0xE172, 0xE172, 0xE172, 0xE172, 0xE172, 0xE172, 0xE172, 0x0B84, 0x2ECA,
        0x2823, 0xE172, 0x01E2, 0xE172, 0x2ECA, 0x1586, 0x01E2, 0xE172, 0xE172, 0xE172, 0xE172, 0xE172, 0xE172, 0xE172, 0x1586, 0x6F51,
        0x2823, 0xE172, 0x0B84, 0x0000, 0x6F51, 0x2ECA, 0x0B84, 0xE172, 0xE172, 0xE172, 0x0000, 0x0000, 0x0000, 0xE172, 0x2ECA, 0x2823,
        0x2823, 0xE172, 0x1586, 0x0000, 0x0000, 0x6F51, 0x1586, 0xE172, 0xE172, 0xE172, 0x0000, 0x0000, 0x0000, 0xE172, 0x6F51, 0x2823,
        0x2823, 0xE172, 0x2ECA, 0xE172, 0x0000, 0x0000, 0x2ECA, 0xE172, 0xE172, 0xE172, 0x0000, 0x01E2, 0xE172, 0xE172, 0xE172, 0x2823,
        0x2823, 0xE172, 0x6F51, 0xE172, 0xE172, 0xE172, 0x6F51, 0xE172, 0xE172, 0xE172, 0xE172, 0x01E2, 0xE172, 0xE172, 0xE172, 0x2823,
        0x2823, 0x2823, 0xE172, 0xE172, 0xE172, 0xE172, 0xE172, 0x0000, 0x0000, 0xE172, 0xE172, 0x0B84, 0xE172, 0xE172, 0x2823, 0x2823,
        0x0021, 0x2823, 0xE172, 0x6F51, 0x6F51, 0xE172, 0xE172, 0x0000, 0x0000, 0xE172, 0xE172, 0x1586, 0xE172, 0x6F51, 0x2823, 0x0021,
        0x0021, 0x2823, 0x2823, 0x2ECA, 0x2ECA, 0xE172, 0xE172, 0xE172, 0xE172, 0xE172, 0xE172, 0x2ECA, 0xE172, 0x2ECA, 0xCF5A, 0x0021,
        0x0021, 0x0021, 0x0021, 0x1586, 0x1586, 0x0000, 0x0000, 0x0000, 0x0000, 0x0000, 0x0000, 0x6F51, 0x2823, 0x1586, 0x6F51, 0x0021,
        0x0021, 0x0021, 0x0021, 0x0B84, 0x0B84, 0x0000, 0x6F51, 0x0000, 0xE172, 0x0000, 0xE172, 0xE172, 0xCF5A, 0x0B84, 0x2ECA, 0x0021,
        0x0021, 0x0021, 0x0021, 0x01E2, 0x01E2, 0xE172, 0x2ECA, 0xE172, 0x01E2, 0xE172, 0x0000, 0x2823, 0x6F51, 0x01E2, 0x1586, 0x0021,
        0x0021, 0x0021, 0x0021, 0x6F51, 0x2823, 0x6F51, 0x1586, 0x2823, 0x6F51, 0x2823, 0x2823, 0x2823, 0x2ECA, 0x0021, 0x0B84, 0x0021,
    },
    {
        0x2629, 0x01C2, 0x0021, 0x2823, 0x2823, 0x2823, 0x2823, 0x66AF, 0x2823, 0x0B44, 0x2823, 0x2823, 0x2823, 0x0021, 0x0021, 0x01C2,
        0x66AF, 0x0B44, 0x2823, 0x2823, 0x0B44, 0xFCD9, 0xFCD9, 0xFCD9, 0xFCD9, 0x1506, 0xFCD9, 0xFCD9, 0x2823, 0x2823, 0x2823, 0x01C2,
        0x2823, 0x1506, 0xFCD9, 0xFCD9, 0x0B44, 0x01C2, 0xE171, 0xE171, 0xE171, 0x2629, 0xE171, 0xE171, 0xFCD9, 0xFCD9, 0x01C2, 0x0B44,
        0x2823, 0x2629, 0xE171, 0xE171, 0x0B44, 0x0B44, 0xE171, 0xE171, 0xE171, 0x66AF, 0xE171, 0xE171, 0xE171, 0xE171, 0x01C2, 0x1506,
        0x2823, 0x66AF, 0x01C2, 0xE171, 0x1506, 0x0B44, 0x01C2, 0xE171, 0xE171, 0xE171, 0xE171, 0xE171, 0xE171, 0xE171, 0x0B44, 0x2629,
        0x2823, 0xE171, 0x01C2, 0x0000, 0x2629, 0x2629, 0x01C2, 0xE171, 0xE171, 0xE171, 0x0000, 0x0000, 0x0000, 0xE171, 0x1506, 0x66AF,
        0x2823, 0xE171, 0x0B44, 0x0000, 0x66AF, 0x2629, 0x0B44, 0xE171, 0xE171, 0xE171, 0x0000, 0x0000, 0x0000, 0xE171, 0x2629, 0x2823,
        0x2823, 0xE171, 0x1506, 0xE171, 0x0000, 0x66AF, 0x1506, 0xE171, 0xE171, 0xE171, 0x0000, 0x0000, 0xE171, 0xE171, 0x66AF, 0x2823,
        0x2823, 0xE171, 0x66AF, 0xE171, 0xE171, 0xE171, 0x2629, 0xE171, 0xE171, 0xE171, 0xE171, 0x0B44, 0xE171, 0xE171, 0xE171, 0x2823,
        0x2823, 0x2823, 0x66AF, 0xE171, 0xE171, 0xE171, 0x66AF, 0x0000, 0x0000, 0xE171, 0xE171, 0x01C2, 0xE171, 0xE171, 0x2823, 0x2823,
        0x0021, 0x2823, 0xE171, 0xE171, 0xE171, 0xE171, 0xE171, 0x0000, 0x0000, 0xE171, 0xE171, 0x0B44, 0xE171, 0xE171, 0x2823, 0x0021,
        0x0021, 0x2823, 0x2823, 0x66AF, 0x66AF, 0xE171, 0xE171, 0xE171, 0xE171, 0xE171, 0xE171, 0x1506, 0xE171, 0x66AF, 0x2823, 0x0021,
        0x0021, 0x0021, 0x0021, 0x2629, 0x2629, 0x0000, 0x0000, 0x0000, 0x0000, 0x0000, 0x0000, 0x2629, 0x2823, 0x2629, 0xB6B7, 0x0021,
        0x0021, 0x0021, 0x0021, 0x1506, 0x1506, 0x0000, 0xE171, 0x0000, 0xE171, 0x0000, 0xE171, 0x66AF, 0x2823, 0x1506, 0x66AF, 0x0021,
        0x0021, 0x0021, 0x0021, 0x0B44, 0x0B44, 0xE171, 0x66AF, 0xE171, 0x0000, 0xE171, 0x0000, 0x2823, 0xB6B7, 0x0B44, 0x2629, 0x0021,
        0x0021, 0x0021, 0x0021, 0x01C2, 0x01C2, 0xB6B7, 0x2629, 0x2823, 0xB6B7, 0x2823, 0x2823, 0x2823, 0x66AF, 0x01C2, 0x1506, 0x0021,
    },
    {
        0x0C85, 0x0182, 0x0021, 0x2822, 0x2822, 0x2822, 0x2822, 0x25A8, 0x2822, 0x0182, 0x2822, 0x2822, 0x2822, 0x0021, 0x0021, 0x0021,
        0x25A8, 0x0AE3, 0x2822, 0x2822, 0xFCD9, 0xFCD9, 0xFCD9, 0x5E0E, 0xFCD9, 0x0AE3, 0xFCD9, 0xFCD9, 0x2822, 0x2822, 0x2822, 0x0182,
        0x5E0E, 0x0AE3, 0xFCD9, 0xFCD9, 0x0182, 0xE170, 0xE170, 0xE170, 0xE170, 0x0C85, 0xE170, 0xE170, 0xFCD9, 0xFCD9, 0x2822, 0x0182,
        0x2822, 0x0C85, 0xE170, 0xE170, 0x0AE3, 0x0182, 0xE170, 0xE170, 0xE170, 0x5E0E, 0xE170, 0xE170, 0xE170, 0xE170, 0x0182, 0x0AE3,
        0x2822, 0x25A8, 0xE170, 0xE170, 0x0AE3, 0x0AE3, 0xE170, 0xE170, 0xE170, 0x5E0E, 0xE170, 0xE170, 0xE170, 0xE170, 0x0182, 0x0C85,
        0x2822, 0x5E0E, 0x0182, 0x0000, 0x0C85, 0x0C85, 0x0182, 0xE170, 0xE170, 0xE170, 0x0000, 0x0000, 0x0000, 0xE170, 0x0AE3, 0x25A8,
        0x2822, 0xE170, 0x0182, 0x0000, 0x25A8, 0x25A8, 0x0182, 0xE170, 0xE170, 0xE170, 0x0000, 0x0000, 0x0000, 0xE170, 0x0C85, 0x5E0E,
        0x2822, 0xE170, 0x0AE3, 0xE170, 0x5E0E, 0x25A8, 0x0AE3, 0xE170, 0xE170, 0xE170, 0x0000, 0x0000, 0xE170, 0xE170, 0x25A8, 0x2822,
        0x2822, 0xE170, 0x0C85, 0xE170, 0xE170, 0x5E0E, 0x0C85, 0xE170, 0xE170, 0xE170, 0xE170, 0xE170, 0xE170, 0xE170, 0x5E0E, 0x2822,
        0x2822, 0x2822, 0x25A8, 0xE170, 0xE170, 0xE170, 0x25A8, 0x0000, 0x0000, 0xE170, 0xE170, 0x0182, 0xE170, 0xE170, 0x2822, 0x2822,
        0x0021, 0x2822, 0x5E0E, 0xE170, 0xE170, 0xE170, 0x5E0E, 0x0000, 0x0000, 0xE170, 0xE170, 0x0182, 0xE170, 0xE170, 0x2822, 0x0021,
        0x0021, 0x2822, 0x2822, 0xE170, 0xE170, 0xE170, 0xE170, 0xE170, 0xE170, 0xE170, 0xE170, 0x0AE3, 0xE170, 0xA615, 0x2822, 0x0021,
        0x0021, 0x0021, 0x2822, 0x5E0E, 0x5E0E, 0x0000, 0x0000, 0x0000, 0x0000, 0x0000, 0x0000, 0x0C85, 0x2822, 0x5E0E, 0x0021, 0x0021,
        0x0021, 0x0021, 0x0021, 0x25A8, 0x25A8, 0x0000, 0xE170, 0x0000, 0xE170, 0x0000, 0xE170, 0x25A8, 0x2822, 0x25A8, 0xA615, 0x0021,
        0x0021, 0x0021, 0x0021, 0x0C85, 0x0C85, 0xE170, 0xA615, 0xE170, 0x0000, 0xE170, 0x0000, 0x5E0E, 0xA615, 0x0C85, 0x5E0E, 0x0021,
        0x0021, 0x0021, 0x0021, 0x0AE3, 0x0AE3, 0x2822, 0x5E0E, 0x2822, 0x2822, 0x2822, 0x2822, 0x2822, 0x5E0E, 0x0AE3, 0x25A8, 0x0021,
    },
    {
        0x2507, 0x0162, 0x0021, 0x2822, 0x2822, 0x2822, 0x2822, 0x2507, 0x2822, 0x0162, 0x2822, 0x2822, 0x2822, 0x0021, 0x0021, 0x0021,
        0x2507, 0x0AA3, 0x2822, 0x2822, 0xFCD8, 0xFCD8, 0xFCD8, 0x554C, 0xFCD8, 0x0AA3, 0xFCD8, 0xFCD8, 0x2822, 0x2822, 0x2822, 0x0162,
        0x554C, 0x0C05, 0xFCD8, 0xFCD8, 0x0162, 0xE16F, 0xE16F, 0xE16F, 0xE16F, 0x0C05, 0xE16F, 0xE16F, 0xFCD8, 0xFCD8, 0x2822, 0x0162,
        0x2822, 0x0C05, 0xE16F, 0xE16F, 0x0162, 0x0AA3, 0xE16F, 0xE16F, 0xE16F, 0x2507, 0xE16F, 0xE16F, 0xE16F, 0xE16F, 0x0162, 0x0AA3,
        0x2822, 0x2507, 0xE16F, 0xE16F, 0x0AA3, 0x0162, 0xE16F, 0xE16F, 0xE16F, 0x554C, 0xE16F, 0xE16F, 0xE16F, 0xE16F, 0x0162, 0x0C05,
        0x2822, 0x554C, 0x0162, 0x0000, 0x0C05, 0x0AA3, 0x0162, 0xE16F, 0xE16F, 0xE16F, 0x0000, 0x0000, 0x0000, 0xE16F, 0x0AA3, 0x554C,
        0x2822, 0xE16F, 0x0162, 0x0000, 0x2507, 0x0C05, 0x0162, 0xE16F, 0xE16F, 0xE16F, 0x0000, 0x0000, 0x0000, 0xE16F, 0x0C05, 0x554C,
        0x2822, 0xE16F, 0x0AA3, 0xE16F, 0x554C, 0x2507, 0x0AA3, 0xE16F, 0xE16F, 0xE16F, 0x0000, 0x0000, 0xE16F, 0xE16F, 0x2507, 0x2822,
        0x2822, 0xE16F, 0x2507, 0xE16F, 0xE16F, 0x554C, 0x0C05, 0xE16F, 0xE16F, 0xE16F, 0xE16F, 0xE16F, 0xE16F, 0xE16F, 0x554C, 0x2822,
        0x2822, 0x2822, 0x554C, 0xE16F, 0xE16F, 0xE16F, 0x2507, 0x0000, 0x0000, 0xE16F, 0xE16F, 0x0162, 0xE16F, 0xE16F, 0x2822, 0x2822,
        0x0021, 0x2822, 0x554C, 0xE16F, 0xE16F, 0xE16F, 0x554C, 0x0000, 0x0000, 0xE16F, 0xE16F, 0x0162, 0xE16F, 0xE16F, 0x2822, 0x0021,
        0x0021, 0x2822, 0x2822, 0xE16F, 0xE16F, 0xE16F, 0xE16F, 0xE16F, 0xE16F, 0xE16F, 0xE16F, 0x0AA3, 0xE16F, 0x9553, 0x2822, 0x0021,
        0x0021, 0x0021, 0x2822, 0x554C, 0x554C, 0x0000, 0x0000, 0x0000, 0x0000, 0x0000, 0x0000, 0x0C05, 0x2822, 0x554C, 0x0021, 0x0021,
        0x0021, 0x0021, 0x0021, 0x2507, 0x2507, 0x0000, 0xE16F, 0x0000, 0xE16F, 0x0000, 0xE16F, 0x2507, 0x2822, 0x2507, 0x0021, 0x0021,
        0x0021, 0x0021, 0x0021, 0x0C05, 0x0C05, 0xE16F, 0x0000, 0xE16F, 0x0000, 0xE16F, 0x0000, 0x554C, 0x2822, 0x0C05, 0x9553, 0x0021,
        0x0021, 0x0021, 0x0021, 0x0AA3, 0x0AA3, 0x2822, 0x554C, 0x2822, 0x2822, 0x2822, 0x2822, 0x2822, 0x9553, 0x0AA3, 0x554C, 0x0021,
    },
    {
        0x0A43, 0x0021, 0x0021, 0x2822, 0x2822, 0x2822, 0x2822, 0x0B84, 0x2822, 0x0141, 0x2822, 0x2822, 0x2822, 0x0021, 0x0021, 0x0021,
        0x0B84, 0x0141, 0x2822, 0x2822, 0xFCD8, 0xFCD8, 0xFCD8, 0x1C67, 0xFCD8, 0x0141, 0xFCD8, 0xFCD8, 0x2822, 0x2822, 0x2822, 0x0021,
        0x1C67, 0x0141, 0xFCD8, 0xFCD8, 0xE16E, 0xE16E, 0xE16E, 0x44AB, 0xE16E, 0x0A43, 0xE16E, 0xE16E, 0xFCD8, 0xFCD8, 0x2822, 0x0141,
        0x44AB, 0x0A43, 0xE16E, 0xE16E, 0x0141, 0xE16E, 0xE16E, 0xE16E, 0xE16E, 0x0B84, 0xE16E, 0xE16E, 0xE16E, 0xE16E, 0xFCD8, 0x0A43,
        0x2822, 0x0B84, 0xE16E, 0xE16E, 0x0141, 0x0141, 0xE16E, 0xE16E, 0xE16E, 0x1C67, 0xE16E, 0xE16E, 0xE16E, 0xE16E, 0x0141, 0x0A43,
        0x2822, 0x1C67, 0xE16E, 0x0000, 0x0A43, 0x0141, 0xE16E, 0xE16E, 0xE16E, 0x44AB, 0x0000, 0x0000, 0x0000, 0xE16E, 0x0141, 0x0B84,
        0x2822, 0x44AB, 0x0141, 0x0000, 0x0B84, 0x0A43, 0x0141, 0xE16E, 0xE16E, 0xE16E, 0x0000, 0x0000, 0x0000, 0xE16E, 0x0B84, 0x1C67,
        0x2822, 0xE16E, 0x0A43, 0xE16E, 0x44AB, 0x0B84, 0x0141, 0xE16E, 0xE16E, 0xE16E, 0x0000, 0x0000, 0xE16E, 0xE16E, 0x0B84, 0x44AB,
        0x2822, 0xE16E, 0x0A43, 0xE16E, 0x44AB, 0x1C67, 0x0A43, 0xE16E, 0xE16E, 0xE16E, 0xE16E, 0xE16E, 0xE16E, 0xE16E, 0x1C67, 0x2822,
        0x2822, 0x2822, 0x0B84, 0xE16E, 0xE16E, 0x44AB, 0x1C67, 0x0000, 0x0000, 0xE16E, 0xE16E, 0xE16E, 0xE16E, 0xE16E, 0x44AB, 0x2822,
        0x0021, 0x2822, 0x1C67, 0xE16E, 0xE16E, 0xE16E, 0x1C67, 0x0000, 0x0000, 0xE16E, 0xE16E, 0x0141, 0xE16E, 0xE16E, 0x2822, 0x0021,
        0x0021, 0x2822, 0x44AB, 0xE16E, 0xE16E, 0xE16E, 0x44AB, 0xE16E, 0xE16E, 0xE16E, 0xE16E, 0x0141, 0xE16E, 0x2822, 0x2822, 0x0021,
        0x0021, 0x0021, 0x2822, 0x84B0, 0xE16E, 0x0000, 0x0000, 0x0000, 0x0000, 0x0000, 0x0000, 0x0A43, 0x2822, 0x84B0, 0x0021, 0x0021,
        0x0021, 0x0021, 0x0021, 0x44AB, 0x44AB, 0x0000, 0xE16E, 0x0000, 0xE16E, 0x0000, 0xE16E, 0x0B84, 0x2822, 0x44AB, 0x0021, 0x0021,
        0x0021, 0x0021, 0x0021, 0x1C67, 0x1C67, 0xE16E, 0x0000, 0xE16E, 0x0000, 0xE16E, 0x0000, 0x1C67, 0x2822, 0x1C67, 0x84B0, 0x0021,
        0x0021, 0x0021, 0x0021, 0x0B84, 0x0B84, 0x2822, 0x84B0, 0x2822, 0x2822, 0x2822, 0x2822, 0x44AB, 0x0021, 0x0B84, 0x44AB, 0x0021,
    },
    {
        0x0101, 0x0021, 0x0021, 0x2822, 0x2822, 0x2822, 0x2822, 0x0202, 0x2822, 0x2822, 0x2822, 0x2822, 0x2822, 0x0021, 0x0021, 0x0021,
        0x0B04, 0x2822, 0x2822, 0x2822, 0xFCD7, 0xFCD7, 0xFCD7, 0x0B04, 0xFCD7, 0x0101, 0xFCD7, 0xFCD7, 0x2822, 0x2822, 0x2822, 0x0021,
        0x0B04, 0x0101, 0xFCD7, 0xFCD7, 0xE16D, 0xE16D, 0xE16D, 0x1BC6, 0xE16D, 0x0202, 0xE16D, 0xE16D, 0xFCD7, 0xFCD7, 0x2822, 0x2822,
        0x1BC6, 0x0202, 0xE16D, 0xE16D, 0xE16D, 0xE16D, 0xE16D, 0x3C09, 0xE16D, 0x0202, 0xE16D, 0xE16D, 0xE16D, 0xE16D, 0xFCD7, 0x0101,
        0x3C09, 0x0B04, 0xE16D, 0xE16D, 0x0101, 0xE16D, 0xE16D, 0xE16D, 0xE16D, 0x0B04, 0xE16D, 0xE16D, 0xE16D, 0xE16D, 0xE16D, 0x0101,
        0x2822, 0x0B04, 0xE16D, 0x0000, 0x0202, 0x0101, 0xE16D, 0xE16D, 0xE16D, 0x1BC6, 0x0000, 0x0000, 0x0000, 0xE16D, 0x0101, 0x0202,
        0x2822, 0x1BC6, 0xE16D, 0x0000, 0x0202, 0x0202, 0xE16D, 0xE16D, 0xE16D, 0x3C09, 0x0000, 0x0000, 0x0000, 0xE16D, 0x0101, 0x1BC6,
        0x2822, 0x3C09, 0x0101, 0xE16D, 0x0B04, 0x0202, 0x0101, 0xE16D, 0xE16D, 0xE16D, 0x0000, 0x0000, 0xE16D, 0xE16D, 0x0202, 0x1BC6,
        0x2822, 0xE16D, 0x0101, 0xE16D, 0x1BC6, 0x0B04, 0x0101, 0xE16D, 0xE16D, 0xE16D, 0xE16D, 0xE16D, 0xE16D, 0xE16D, 0x1BC6, 0x3C09,
        0x2822, 0x2822, 0x0202, 0xE16D, 0x3C09, 0x1BC6, 0x0202, 0x0000, 0x0000, 0xE16D, 0xE16D, 0xE16D, 0xE16D, 0xE16D, 0x3C09, 0x2822,
        0x0021, 0x2822, 0x1BC6, 0xE16D, 0xE16D, 0x3C09, 0x0B04, 0x0000, 0x0000, 0xE16D, 0xE16D, 0xE16D, 0xE16D, 0xE16D, 0x3C09, 0x0021,
        0x0021, 0x2822, 0x1BC6, 0xE16D, 0xE16D, 0xE16D, 0x1BC6, 0xE16D, 0xE16D, 0xE16D, 0xE16D, 0x0101, 0xE16D, 0x2822, 0x2822, 0x0021,
        0x0021, 0x0021, 0x3C09, 0x2822, 0xE16D, 0x0000, 0x3C09, 0x0000, 0x0000, 0x0000, 0x0000, 0x0101, 0x2822, 0x2822, 0x0021, 0x0021,
        0x0021, 0x0021, 0x0021, 0x6C0E, 0xE16D, 0x0000, 0xE16D, 0x0000, 0xE16D, 0x0000, 0xE16D, 0x0202, 0x2822, 0x6C0E, 0x0021, 0x0021,
        0x0021, 0x0021, 0x0021, 0x3C09, 0x3C09, 0xE16D, 0x0000, 0xE16D, 0x0000, 0xE16D, 0x0000, 0x0B04, 0x2822, 0x3C09, 0x0021, 0x0021,
        0x0021, 0x0021, 0x0021, 0x1BC6, 0x1BC6, 0x2822, 0x2822, 0x2822, 0x2822, 0x2822, 0x2822, 0x1BC6, 0x0021, 0x1BC6, 0x6C0E, 0x0021,
    },
    {
        0x00E1, 0x0021, 0x0021, 0x2821, 0x2821, 0x2821, 0x2821, 0x0A83, 0x2821, 0x2821, 0x2821, 0x2821, 0x2821, 0x0021, 0x0021, 0x0021,
        0x01A2, 0x2821, 0x2821, 0x2821, 0xFCD6, 0xFCD6, 0xFCD6, 0x0A83, 0xFCD6, 0x00E1, 0xFCD6, 0xFCD6, 0x2821, 0x2821, 0x2821, 0x0021,
        0x1325, 0x00E1, 0xFCD6, 0xFCD6, 0xE16C, 0xE16C, 0xE16C, 0x1325, 0xE16C, 0x00E1, 0xE16C, 0xE16C, 0xFCD6, 0xFCD6, 0x2821, 0x2821,
        0x1325, 0x00E1, 0xE16C, 0xE16C, 0xE16C, 0xE16C, 0xE16C, 0x3368, 0xE16C, 0x0A83, 0xE16C, 0xE16C, 0xE16C, 0xE16C, 0xFCD6, 0x00E1,
        0x3368, 0x01A2, 0xE16C, 0xE16C, 0x00E1, 0xE16C, 0xE16C, 0xE16C, 0xE16C, 0x0A83, 0xE16C, 0xE16C, 0xE16C, 0xE16C, 0xE16C, 0x00E1,
        0x2821, 0x0A83, 0xE16C, 0x0000, 0x00E1, 0x00E1, 0xE16C, 0xE16C, 0xE16C, 0x1325, 0x0000, 0x0000, 0x0000, 0xE16C, 0x00E1, 0x01A2,
        0x2821, 0x1325, 0xE16C, 0x0000, 0x01A2, 0x00E1, 0xE16C, 0xE16C, 0xE16C, 0x3368, 0x0000, 0x0000, 0x0000, 0xE16C, 0x00E1, 0x0A83,
        0x2821, 0x3368, 0x00E1, 0xE16C, 0x0A83, 0x01A2, 0x00E1, 0xE16C, 0xE16C, 0xE16C, 0x0000, 0x0000, 0xE16C, 0xE16C, 0x01A2, 0x1325,
        0x2821, 0xE16C, 0x00E1, 0xE16C, 0x1325, 0x0A83, 0x00E1, 0xE16C, 0xE16C, 0xE16C, 0xE16C, 0xE16C, 0xE16C, 0xE16C, 0x0A83, 0x3368,
        0x2821, 0x2821, 0x01A2, 0xE16C, 0x3368, 0x1325, 0x0A83, 0x0000, 0x0000, 0xE16C, 0xE16C, 0xE16C, 0xE16C, 0xE16C, 0x1325, 0x2821,
        0x0021, 0x2821, 0x0A83, 0xE16C, 0xE16C, 0x3368, 0x0A83, 0x0000, 0x0000, 0xE16C, 0xE16C, 0xE16C, 0xE16C, 0xE16C, 0x3368, 0x0021,
        0x0021, 0x2821, 0x3368, 0xE16C, 0xE16C, 0xE16C, 0x1325, 0xE16C, 0xE16C, 0xE16C, 0xE16C, 0x00E1, 0xE16C, 0x2821, 0x2821, 0x0021,
        0x0021, 0x0021, 0x3368, 0x2821, 0xE16C, 0x0000, 0x3368, 0x0000, 0x0000, 0x0000, 0x0000, 0x00E1, 0x2821, 0x2821, 0x0021, 0x0021,
        0x0021, 0x0021, 0x0021, 0x2821, 0xE16C, 0x0000, 0xE16C, 0x0000, 0xE16C, 0x0000, 0xE16C, 0x01A2, 0x2821, 0x0021, 0x0021, 0x0021,
        0x0021, 0x0021, 0x0021, 0x5B6C, 0x5B6C, 0xE16C, 0x0000, 0xE16C, 0x0000, 0xE16C, 0x0000, 0x0A83, 0x2821, 0x5B6C, 0x0021, 0x0021,
        0x0021, 0x0021, 0x0021, 0x3368, 0x3368, 0x2821, 0x2821, 0x2821, 0x2821, 0x2821, 0x2821, 0x3368, 0x0021, 0x3368, 0x0021, 0x0021,
    },
    {
        0x00C1, 0x0021, 0x0021, 0x2821, 0x2821, 0x2821, 0x2821, 0x0162, 0x2821, 0x2821, 0x2AC6, 0x2821, 0x2821, 0x0021, 0x0021, 0x0021,
        0x0162, 0x2821, 0x2821, 0x2821, 0xFCD6, 0xFCD6, 0xFCD6, 0x0162, 0xFCD6, 0xFCD6, 0xFCD6, 0xFCD6, 0x2821, 0x2821, 0x2821, 0x0021,
        0x0162, 0x2821, 0xFCD6, 0xFCD6, 0xE16A, 0xE16A, 0xE16A, 0x0A03, 0xE16A, 0x00C1, 0xE16A, 0xE16A, 0xFCD6, 0xFCD6, 0x2821, 0x2821,
        0x0A03, 0x00C1, 0xE16A, 0xE16A, 0xE16A, 0xE16A, 0xE16A, 0x2AC6, 0xE16A, 0x0162, 0xE16A, 0xE16A, 0xE16A, 0xE16A, 0xFCD6, 0x2821,
        0x1284, 0x00C1, 0xE16A, 0xE16A, 0xE16A, 0xE16A, 0xE16A, 0x2AC6, 0xE16A, 0x0162, 0xE16A, 0xE16A, 0xE16A, 0xE16A, 0xE16A, 0x0162,
        0x2AC6, 0x0162, 0xE16A, 0x0000, 0x00C1, 0x0000, 0xE16A, 0xE16A, 0xE16A, 0x0A03, 0x0000, 0x0000, 0x0000, 0xE16A, 0xE16A, 0x00C1,
        0x2821, 0x0A03, 0xE16A, 0x0000, 0x00C1, 0x0162, 0xE16A, 0xE16A, 0xE16A, 0x2AC6, 0x0000, 0x0000, 0x0000, 0xE16A, 0x00C1, 0x0162,
        0x2821, 0x1284, 0xE16A, 0xE16A, 0x0162, 0x00C1, 0xE16A, 0xE16A, 0xE16A, 0x2AC6, 0x0000, 0x0000, 0xE16A, 0xE16A, 0x00C1, 0x1284,
        0x2821, 0x2AC6, 0x00C1, 0xE16A, 0x0A03, 0x0162, 0x00C1, 0xE16A, 0xE16A, 0xE16A, 0xE16A, 0xE16A, 0xE16A, 0xE16A, 0x0162, 0x1284,
        0x2821, 0x2821, 0x00C1, 0xE16A, 0x1284, 0x1284, 0x00C1, 0x0000, 0x0000, 0xE16A, 0xE16A, 0xE16A, 0xE16A, 0xE16A, 0x0A03, 0x2AC6,
        0x0021, 0x2821, 0x0162, 0xE16A, 0x2AC6, 0x2AC6, 0x0162, 0x0000, 0x0000, 0xE16A, 0xE16A, 0xE16A, 0xE16A, 0xE16A, 0x1284, 0x0021,
        0x0021, 0x2821, 0x0A03, 0xE16A, 0xE16A, 0x2AC6, 0x0A03, 0xE16A, 0xE16A, 0xE16A, 0xE16A, 0xE16A, 0xE16A, 0x2821, 0x2AC6, 0x0021,
        0x0021, 0x0021, 0x1284, 0x2821, 0xE16A, 0x0000, 0x2AC6, 0x0000, 0x0000, 0x0000, 0x0000, 0x00C1, 0x2821, 0x2821, 0x0021, 0x0021,
        0x0021, 0x0021, 0x2AC6, 0x2821, 0xE16A, 0x0000, 0x2AC6, 0x0000, 0xE16A, 0x0000, 0xE16A, 0x00C1, 0x2821, 0x0021, 0x0021, 0x0021,
        0x0021, 0x0021, 0x0021, 0x4ACA, 0x4ACA, 0xE16A, 0x0000, 0xE16A, 0x0000, 0xE16A, 0x0000, 0x0162, 0x2821, 0x4ACA, 0x0021, 0x0021,
        0x0021, 0x0021, 0x0021, 0x2AC6, 0x2AC6, 0x2821, 0x2821, 0x2821, 0x2821, 0x2821, 0x2821, 0x0A03, 0x0021, 0x2AC6, 0x0021, 0x0021,
    },
    {
        0x0021, 0x0021, 0x0021, 0x2821, 0x2821, 0x2821, 0x2821, 0x00A1, 0x2821, 0x2821, 0x09E3, 0x2821, 0x2821, 0x0021, 0x0021, 0x0021,
        0x00A1, 0x2821, 0x2821, 0x2821, 0xFCD5, 0xFCD5, 0xFCD5, 0x00A1, 0xFCD5, 0xFCD5, 0x2205, 0xFCD5, 0x2821, 0x2821, 0x2821, 0x0021,
        0x00A1, 0x2821, 0xFCD5, 0xFCD5, 0xE169, 0xE169, 0xE169, 0x0102, 0xE169, 0xE169, 0xE169, 0xE169, 0xFCD5, 0xFCD5, 0x2821, 0x2821,
        0x0102, 0xFCD5, 0xE169, 0xE169, 0xE169, 0xE169, 0xE169, 0x0982, 0xE169, 0x00A1, 0xE169, 0xE169, 0xE169, 0xE169, 0xFCD5, 0x2821,
        0x09E3, 0x00A1, 0xE169, 0xE169, 0xE169, 0xE169, 0xE169, 0x09E3, 0xE169, 0x0102, 0xE169, 0xE169, 0xE169, 0xE169, 0xE169, 0x2821,
        0x09E3, 0x00A1, 0xE169, 0x0000, 0x0000, 0x0000, 0xE169, 0x2205, 0xE169, 0x0102, 0x0000, 0x0000, 0x0000, 0xE169, 0xE169, 0x00A1,
        0x2205, 0x0102, 0xE169, 0x0000, 0x00A1, 0x0000, 0xE169, 0xE169, 0xE169, 0x0982, 0x0000, 0x0000, 0x0000, 0xE169, 0xE169, 0x00A1,
        0x2821, 0x0982, 0xE169, 0xE169, 0x00A1, 0x00A1, 0xE169, 0xE169, 0xE169, 0x09E3, 0x0000, 0x0000, 0xE169, 0xE169, 0x00A1, 0x0102,
        0x2821, 0x09E3, 0xE169, 0xE169, 0x0102, 0x00A1, 0xE169, 0xE169, 0xE169, 0x2205, 0xE169, 0xE169, 0xE169, 0xE169, 0x00A1, 0x0982,
        0x2821, 0x2205, 0x00A1, 0xE169, 0x0982, 0x0102, 0x00A1, 0x0000, 0x0000, 0xE169, 0xE169, 0xE169, 0xE169, 0xE169, 0x0102, 0x09E3,
        0x0021, 0x2821, 0x00A1, 0xE169, 0x09E3, 0x0982, 0x0102, 0x0000, 0x0000, 0xE169, 0xE169, 0xE169, 0xE169, 0xE169, 0x0982, 0x2205,
        0x0021, 0x2821, 0x0102, 0xE169, 0x2205, 0x09E3, 0x0102, 0xE169, 0xE169, 0xE169, 0xE169, 0xE169, 0xE169, 0x2821, 0x09E3, 0x0021,
        0x0021, 0x0021, 0x0982, 0x2821, 0xE169, 0x2205, 0x0982, 0x0000, 0x0000, 0x0000, 0x0000, 0xE169, 0x2821, 0x2821, 0x2205, 0x0021,
        0x0021, 0x0021, 0x2205, 0x2821, 0xE169, 0x0000, 0x09E3, 0x0000, 0xE169, 0x0000, 0xE169, 0x00A1, 0x2821, 0x0021, 0x0021, 0x0021,
        0x0021, 0x0021, 0x2205, 0x2821, 0x2821, 0xE169, 0x2205, 0xE169, 0x0000, 0xE169, 0x0000, 0x00A1, 0x2821, 0x0021, 0x0021, 0x0021,
        0x0021, 0x0021, 0x0021, 0x3A07, 0x3A07, 0x2821, 0x2821, 0x2821, 0x2821, 0x2821, 0x2821, 0x0102, 0x0021, 0x3A07, 0x0021, 0x0021,
    },
    {
        0x0021, 0x0021, 0x0021, 0x2821, 0x2821, 0x2821, 0x2821, 0x00C1, 0x2821, 0x2821, 0x0942, 0x2821, 0x2821, 0x0021, 0x0021, 0x0021,
        0x0061, 0x2821, 0x2821, 0x2821, 0xFCD4, 0xFCD4, 0xFCD4, 0x0061, 0xFCD4, 0xFCD4, 0x1163, 0xFCD4, 0x2821, 0x2821, 0x2821, 0x0021,
        0x0061, 0x2821, 0xFCD4, 0xFCD4, 0xE168, 0xE168, 0xE168, 0x00C1, 0xE168, 0xE168, 0xE168, 0xE168, 0xFCD4, 0xFCD4, 0x2821, 0x2821,
        0x0102, 0xFCD4, 0xE168, 0xE168, 0xE168, 0xE168, 0xE168, 0x0942, 0xE168, 0x0061, 0xE168, 0xE168, 0xE168, 0xE168, 0xFCD4, 0x2821,
        0x0102, 0x0061, 0xE168, 0xE168, 0xE168, 0xE168, 0xE168, 0x0942, 0xE168, 0x0061, 0xE168, 0xE168, 0xE168, 0xE168, 0xE168, 0x2821,
        0x0942, 0x0061, 0xE168, 0x0000, 0x0000, 0x0000, 0xE168, 0x1163, 0xE168, 0x00C1, 0x0000, 0x0000, 0x0000, 0xE168, 0xE168, 0x00C1,
        0x1163, 0x00C1, 0xE168, 0x0000, 0x0061, 0x0000, 0xE168, 0xE168, 0xE168, 0x0102, 0x0000, 0x0000, 0x0000, 0xE168, 0xE168, 0x0061,
        0x2821, 0x0102, 0xE168, 0xE168, 0x0061, 0x0061, 0xE168, 0xE168, 0xE168, 0x0942, 0x0000, 0x0000, 0xE168, 0xE168, 0x0061, 0x00C1,
        0x2821, 0x0942, 0xE168, 0xE168, 0x00C1, 0x00C1, 0xE168, 0xE168, 0xE168, 0x1163, 0xE168, 0xE168, 0xE168, 0xE168, 0x0061, 0x0102,
        0x2821, 0x1163, 0x0061, 0xE168, 0x0102, 0x00C1, 0x0061, 0x0000, 0x0000, 0xE168, 0xE168, 0xE168, 0xE168, 0xE168, 0x00C1, 0x0942,
        0x0021, 0x2821, 0x0061, 0xE168, 0x0942, 0x0102, 0x0061, 0x0000, 0x0000, 0xE168, 0xE168, 0xE168, 0xE168, 0xE168, 0x0942, 0x1163,
        0x0021, 0x2821, 0x00C1, 0xE168, 0x1163, 0x1163, 0x00C1, 0xE168, 0xE168, 0xE168, 0xE168, 0xE168, 0xE168, 0x2821, 0x1163, 0x0021,
        0x0021, 0x0021, 0x0102, 0x2821, 0xE168, 0x1163, 0x0102, 0x0000, 0x0000, 0x0000, 0x0000, 0xE168, 0x2821, 0x2821, 0x1163, 0x0021,
        0x0021, 0x0021, 0x0942, 0x2821, 0xE168, 0x0000, 0x0942, 0x0000, 0xE168, 0x0000, 0xE168, 0x0061, 0x2821, 0x0021, 0x0021, 0x0021,
        0x0021, 0x0021, 0x1163, 0x2821, 0x2821, 0xE168, 0x1163, 0xE168, 0x0000, 0xE168, 0x0000, 0x00C1, 0x2821, 0x0021, 0x0021, 0x0021,
        0x0021, 0x0021, 0x0021, 0x0021, 0x2821, 0x2821, 0x2821, 0x2821, 0x2821, 0x2821, 0x2821, 0x00C1, 0x0021, 0x0021, 0x0021, 0x0021,
    },
    {
        0x0021, 0x0021, 0x0021, 0x2821, 0x2821, 0x2821, 0x2821, 0x2821, 0x2821, 0x2821, 0x08C1, 0x2821, 0x08C2, 0x0021, 0x0021, 0x0021,
        0x0021, 0x2821, 0x2821, 0x2821, 0xFCD4, 0xFCD4, 0xFCD4, 0x0061, 0xFCD4, 0xFCD4, 0x08C1, 0xFCD4, 0x2821, 0x2821, 0x2821, 0x0021,
        0x0041, 0x2821, 0xFCD4, 0xFCD4, 0xE167, 0xE167, 0xE167, 0x0041, 0xE167, 0xE167, 0x08C2, 0xE167, 0xFCD4, 0xFCD4, 0x2821, 0x2821,
        0x0041, 0xFCD4, 0xE167, 0xE167, 0xE167, 0xE167, 0xE167, 0x0061, 0xE167, 0xE167, 0xE167, 0xE167, 0xE167, 0xE167, 0xFCD4, 0x2821,
        0x0061, 0xE167, 0xE167, 0xE167, 0xE167, 0xE167, 0xE167, 0x00A1, 0xE167, 0x0061, 0xE167, 0xE167, 0xE167, 0xE167, 0xE167, 0x2821,
        0x08C1, 0x0041, 0xE167, 0x0000, 0x0000, 0x0000, 0xE167, 0x08C1, 0xE167, 0x0041, 0x0000, 0x0000, 0x0000, 0xE167, 0xE167, 0x2821,
        0x08C2, 0x0041, 0xE167, 0x0000, 0x0000, 0x0000, 0xE167, 0x08C2, 0xE167, 0x0061, 0x0000, 0x0000, 0x0000, 0xE167, 0xE167, 0x0041,
        0x08C2, 0x00A1, 0xE167, 0xE167, 0x0041, 0x0000, 0xE167, 0xE167, 0xE167, 0x00A1, 0x0000, 0x0000, 0xE167, 0xE167, 0xE167, 0x0041,
        0x2821, 0x00A1, 0xE167, 0xE167, 0x0041, 0x0041, 0xE167, 0xE167, 0xE167, 0x08C1, 0xE167, 0xE167, 0xE167, 0xE167, 0x0041, 0x0061,
        0x2821, 0x08C2, 0xE167, 0xE167, 0x0061, 0x0061, 0xE167, 0x0000, 0x0000, 0x08C2, 0xE167, 0xE167, 0xE167, 0xE167, 0x0041, 0x00A1,
        0x0021, 0x08C2, 0x0041, 0xE167, 0x00A1, 0x00A1, 0x0061, 0x0000, 0x0000, 0xE167, 0xE167, 0xE167, 0xE167, 0xE167, 0x0061, 0x08C1,
        0x0021, 0x2821, 0x0041, 0xE167, 0x08C1, 0x00A1, 0x0041, 0xE167, 0xE167, 0xE167, 0xE167, 0xE167, 0xE167, 0x2821, 0x00A1, 0x08C2,
        0x0021, 0x0021, 0x0061, 0x2821, 0x08C2, 0x08C1, 0x0061, 0x0000, 0x0000, 0x0000, 0x0000, 0xE167, 0x2821, 0x2821, 0x08C1, 0x0021,
        0x0021, 0x0021, 0x00A1, 0x2821, 0xE167, 0x08C2, 0x00A1, 0x0000, 0xE167, 0x0000, 0xE167, 0xE167, 0x2821, 0x0021, 0x08C2, 0x0021,
        0x0021, 0x0021, 0x08C1, 0x2821, 0x2821, 0xE167, 0x08C1, 0xE167, 0x0000, 0xE167, 0x0000, 0x0041, 0x2821, 0x0021, 0x0021, 0x0021,
        0x0021, 0x0021, 0x08C2, 0x0021, 0x2821, 0x2821, 0x08C2, 0x2821, 0x2821, 0x2821, 0x2821, 0x0041, 0x0021, 0x0021, 0x0021, 0x0021,
    },
    {
        0x0021, 0x0021, 0x0021, 0x2820, 0x2820, 0x2820, 0x2820, 0x2820, 0x2820, 0x2820, 0x0021, 0x2820, 0x0021, 0x0021, 0x0021, 0x0021,
        0x0021, 0x2820, 0x2820, 0x2820, 0xFCD3, 0xFCD3, 0xFCD3, 0xFCD3, 0xFCD3, 0xFCD3, 0x0021, 0xFCD3, 0x0021, 0x2820, 0x2820, 0x0021,
        0x2820, 0x2820, 0xFCD3, 0xFCD3, 0xE166, 0xE166, 0xE166, 0x0021, 0xE166, 0xE166, 0x0021, 0xE166, 0xFCD3, 0xFCD3, 0x2820, 0x2820,
        0x0021, 0xFCD3, 0xE166, 0xE166, 0xE166, 0xE166, 0xE166, 0x0021, 0xE166, 0xE166, 0x0021, 0xE166, 0xE166, 0xE166, 0xFCD3, 0x2820,
        0x0021, 0xE166, 0xE166, 0xE166, 0xE166, 0xE166, 0xE166, 0x0021, 0xE166, 0xE166, 0xE166, 0xE166, 0xE166, 0xE166, 0xE166, 0x2820,
        0x0021, 0xE166, 0xE166, 0x0000, 0x0000, 0x0000, 0xE166, 0x0021, 0xE166, 0x0021, 0x0000, 0x0000, 0x0000, 0xE166, 0xE166, 0x2820,
        0x0021, 0x0021, 0xE166, 0x0000, 0x0000, 0x0000, 0xE166, 0x0021, 0xE166, 0x0021, 0x0000, 0x0000, 0x0000, 0xE166, 0xE166, 0x2820,
        0x0021, 0x0021, 0xE166, 0xE166, 0x0000, 0x0000, 0xE166, 0x0021, 0xE166, 0x0021, 0x0000, 0x0000, 0xE166, 0xE166, 0xE166, 0x0021,
        0x0021, 0x0021, 0xE166, 0xE166, 0x0021, 0xE166, 0xE166, 0xE166, 0xE166, 0x0021, 0xE166, 0xE166, 0xE166, 0xE166, 0xE166, 0x0021,
        0x2820, 0x0021, 0xE166, 0xE166, 0x0021, 0x0021, 0xE166, 0x0000, 0x0000, 0x0021, 0xE166, 0xE166, 0xE166, 0xE166, 0x0021, 0x0021,
        0x0021, 0x0021, 0xE166, 0xE166, 0x0021, 0x0021, 0xE166, 0x0000, 0x0000, 0x0021, 0xE166, 0xE166, 0xE166, 0xE166, 0x0021, 0x0021,
        0x0021, 0x0021, 0x0021, 0xE166, 0x0021, 0x0021, 0x0021, 0xE166, 0xE166, 0xE166, 0xE166, 0xE166, 0xE166, 0x2820, 0x0021, 0x0021,
        0x0021, 0x0021, 0x0021, 0x2820, 0x0021, 0x0021, 0x0021, 0x0000, 0x0000, 0x0000, 0x0000, 0xE166, 0x2820, 0x2820, 0x0021, 0x0021,
        0x0021, 0x0021, 0x0021, 0x2820, 0x0021, 0x0021, 0x0021, 0x0000, 0xE166, 0x0000, 0xE166, 0xE166, 0x2820, 0x0021, 0x0021, 0x0021,
        0x0021, 0x0021, 0x0021, 0x2820, 0x2820, 0x0021, 0x0021, 0xE166, 0x0000, 0xE166, 0x0000, 0x2820, 0x2820, 0x0021, 0x0021, 0x0021,
        0x0021, 0x0021, 0x0021, 0x0021, 0x2820, 0x2820, 0x0021, 0x2820, 0x2820, 0x2820, 0x2820, 0x0021, 0x0021, 0x0021, 0x0021, 0x0021,
    },
};
