// 16x16 LED-matrix animation, 32 frames at 110 ms.
// Row-major, top-left origin. Generated -- do not edit by hand.
#pragma once
#include <stdint.h>

#define TIE16_ANIM_W 16
#define TIE16_ANIM_H 16
#define TIE16_ANIM_FRAMES 32
#define TIE16_ANIM_DELAY_MS 110

static const uint32_t tie16_anim_rgb888[32][256] = {
    {
        0x280404, 0x280404, 0x280404, 0x280404, 0x280404, 0x050509, 0x050509, 0x050509, 0x050509, 0x050509, 0x050509, 0x280404, 0x280404, 0x280404, 0x280404, 0x280404,
        0x280404, 0xFF8C8C, 0xFF8C8C, 0xFF8C8C, 0x280404, 0x050509, 0x050509, 0x050509, 0x050509, 0x050509, 0x050509, 0x280404, 0xFF8C8C, 0xFF8C8C, 0xFF8C8C, 0x280404,
        0xFF8C8C, 0xDB2020, 0xDB2020, 0xDB2020, 0x280404, 0x050509, 0x050509, 0x050509, 0x050509, 0x050509, 0x050509, 0x280404, 0xDB2020, 0xDB2020, 0xDB2020, 0xFF8C8C,
        0xDB2020, 0xDB2020, 0x720505, 0xDB2020, 0x280404, 0x050509, 0x050509, 0x050509, 0x050509, 0x050509, 0x050509, 0x280404, 0xDB2020, 0x720505, 0xDB2020, 0xDB2020,
        0xDB2020, 0xDB2020, 0x720505, 0xDB2020, 0x280404, 0x050509, 0x280404, 0x280404, 0x280404, 0x280404, 0x050509, 0x280404, 0xDB2020, 0x720505, 0xDB2020, 0xDB2020,
        0xDB2020, 0xDB2020, 0x720505, 0xDB2020, 0x280404, 0x280404, 0x280404, 0xFF8C8C, 0xFF8C8C, 0x280404, 0x280404, 0x280404, 0xDB2020, 0x720505, 0xDB2020, 0xDB2020,
        0xDB2020, 0xDB2020, 0x720505, 0xDB2020, 0x280404, 0x280404, 0xFF8C8C, 0xDB2020, 0xDB2020, 0xFF8C8C, 0x280404, 0x280404, 0xDB2020, 0x720505, 0xDB2020, 0xDB2020,
        0xDB2020, 0xDB2020, 0x720505, 0xDB2020, 0xFF8C8C, 0xFF8C8C, 0xDB2020, 0x030306, 0x030306, 0xDB2020, 0xFF8C8C, 0xFF8C8C, 0xDB2020, 0x720505, 0xDB2020, 0xDB2020,
        0xDB2020, 0xDB2020, 0x720505, 0xDB2020, 0xDB2020, 0xDB2020, 0xDB2020, 0x030306, 0x030306, 0xDB2020, 0xDB2020, 0xDB2020, 0xDB2020, 0x720505, 0xDB2020, 0xDB2020,
        0xDB2020, 0xDB2020, 0x720505, 0xDB2020, 0x280404, 0x280404, 0xDB2020, 0xDB2020, 0xDB2020, 0xDB2020, 0x280404, 0x280404, 0xDB2020, 0x720505, 0xDB2020, 0xDB2020,
        0xDB2020, 0xDB2020, 0x720505, 0xDB2020, 0x280404, 0x280404, 0x280404, 0xDB2020, 0xDB2020, 0x280404, 0x280404, 0x280404, 0xDB2020, 0x720505, 0xDB2020, 0xDB2020,
        0xDB2020, 0xDB2020, 0x720505, 0xDB2020, 0x280404, 0x050509, 0x280404, 0x280404, 0x280404, 0x280404, 0x050509, 0x280404, 0xDB2020, 0x720505, 0xDB2020, 0xDB2020,
        0xDB2020, 0xDB2020, 0x720505, 0xDB2020, 0x280404, 0x050509, 0x050509, 0x050509, 0x050509, 0x050509, 0x050509, 0x280404, 0xDB2020, 0x720505, 0xDB2020, 0xDB2020,
        0xDB2020, 0xDB2020, 0xDB2020, 0xDB2020, 0x280404, 0x050509, 0x050509, 0x050509, 0x050509, 0x050509, 0x050509, 0x280404, 0xDB2020, 0xDB2020, 0xDB2020, 0xDB2020,
        0x280404, 0xDB2020, 0xDB2020, 0xDB2020, 0x280404, 0x050509, 0x050509, 0x050509, 0x050509, 0x050509, 0x050509, 0x280404, 0xDB2020, 0xDB2020, 0xDB2020, 0x280404,
        0x280404, 0x280404, 0x280404, 0x280404, 0x280404, 0x050509, 0x050509, 0x050509, 0x050509, 0x050509, 0x050509, 0x280404, 0x280404, 0x280404, 0x280404, 0x280404,
    },
    {
        0x280A04, 0x280A04, 0x280A04, 0x280A04, 0x280A04, 0x050509, 0x050509, 0x050509, 0x050509, 0x050509, 0x050509, 0x280A04, 0x280A04, 0x280A04, 0x280A04, 0x280A04,
        0x280A04, 0xFFA18C, 0xFFA18C, 0xFFA18C, 0x280A04, 0x050509, 0x050509, 0x050509, 0x050509, 0x050509, 0x050509, 0x280A04, 0xFFA18C, 0xFFA18C, 0xFFA18C, 0x280A04,
        0xFFA18C, 0xDB4320, 0xDB4320, 0xDB4320, 0x280A04, 0x050509, 0x050509, 0x050509, 0x050509, 0x050509, 0x050509, 0x280A04, 0xDB4320, 0xDB4320, 0xDB4320, 0xFFA18C,
        0xDB4320, 0xDB4320, 0x721A05, 0xDB4320, 0x280A04, 0x050509, 0x050509, 0x050509, 0x050509, 0x050509, 0x050509, 0x280A04, 0xDB4320, 0x721A05, 0xDB4320, 0xDB4320,
        0xDB4320, 0xDB4320, 0x721A05, 0xDB4320, 0x280A04, 0x050509, 0x280A04, 0x280A04, 0x280A04, 0x280A04, 0x050509, 0x280A04, 0xDB4320, 0x721A05, 0xDB4320, 0xDB4320,
        0xDB4320, 0xDB4320, 0x721A05, 0xDB4320, 0x280A04, 0x280A04, 0x280A04, 0xFFA18C, 0xFFA18C, 0x280A04, 0x280A04, 0x280A04, 0xDB4320, 0x721A05, 0xDB4320, 0xDB4320,
        0xDB4320, 0xDB4320, 0x721A05, 0xDB4320, 0x280A04, 0x280A04, 0xFFA18C, 0xDB4320, 0xDB4320, 0xFFA18C, 0x280A04, 0x280A04, 0xDB4320, 0x721A05, 0xDB4320, 0xDB4320,
        0xDB4320, 0xDB4320, 0x721A05, 0xDB4320, 0xFFA18C, 0xFFA18C, 0xDB4320, 0x030306, 0x030306, 0xDB4320, 0xFFA18C, 0xFFA18C, 0xDB4320, 0x721A05, 0xDB4320, 0xDB4320,
        0xDB4320, 0xDB4320, 0x721A05, 0xDB4320, 0xDB4320, 0xDB4320, 0xDB4320, 0x030306, 0x030306, 0xDB4320, 0xDB4320, 0xDB4320, 0xDB4320, 0x721A05, 0xDB4320, 0xDB4320,
        0xDB4320, 0xDB4320, 0x721A05, 0xDB4320, 0x280A04, 0x280A04, 0xDB4320, 0xDB4320, 0xDB4320, 0xDB4320, 0x280A04, 0x280A04, 0xDB4320, 0x721A05, 0xDB4320, 0xDB4320,
        0xDB4320, 0xDB4320, 0x721A05, 0xDB4320, 0x280A04, 0x280A04, 0x280A04, 0xDB4320, 0xDB4320, 0x280A04, 0x280A04, 0x280A04, 0xDB4320, 0x721A05, 0xDB4320, 0xDB4320,
        0xDB4320, 0xDB4320, 0x721A05, 0xDB4320, 0x280A04, 0x050509, 0x280A04, 0x280A04, 0x280A04, 0x280A04, 0x050509, 0x280A04, 0xDB4320, 0x721A05, 0xDB4320, 0xDB4320,
        0xDB4320, 0xDB4320, 0x721A05, 0xDB4320, 0x280A04, 0x050509, 0x050509, 0x050509, 0x050509, 0x050509, 0x050509, 0x280A04, 0xDB4320, 0x721A05, 0xDB4320, 0xDB4320,
        0xDB4320, 0xDB4320, 0xDB4320, 0xDB4320, 0x280A04, 0x050509, 0x050509, 0x050509, 0x050509, 0x050509, 0x050509, 0x280A04, 0xDB4320, 0xDB4320, 0xDB4320, 0xDB4320,
        0x280A04, 0xDB4320, 0xDB4320, 0xDB4320, 0x280A04, 0x050509, 0x050509, 0x050509, 0x050509, 0x050509, 0x050509, 0x280A04, 0xDB4320, 0xDB4320, 0xDB4320, 0x280A04,
        0x280A04, 0x280A04, 0x280A04, 0x280A04, 0x280A04, 0x050509, 0x050509, 0x050509, 0x050509, 0x050509, 0x050509, 0x280A04, 0x280A04, 0x280A04, 0x280A04, 0x280A04,
    },
    {
        0x281104, 0x281104, 0x281104, 0x281104, 0x281104, 0x050509, 0x050509, 0x050509, 0x050509, 0x050509, 0x050509, 0x281104, 0x281104, 0x281104, 0x281104, 0x281104,
        0x281104, 0xFFB78C, 0xFFB78C, 0xFFB78C, 0x281104, 0x050509, 0x050509, 0x050509, 0x050509, 0x050509, 0x050509, 0x281104, 0xFFB78C, 0xFFB78C, 0xFFB78C, 0x281104,
        0xFFB78C, 0xDB6620, 0xDB6620, 0xDB6620, 0x281104, 0x050509, 0x050509, 0x050509, 0x050509, 0x050509, 0x050509, 0x281104, 0xDB6620, 0xDB6620, 0xDB6620, 0xFFB78C,
        0xDB6620, 0xDB6620, 0x722E05, 0xDB6620, 0x281104, 0x050509, 0x050509, 0x050509, 0x050509, 0x050509, 0x050509, 0x281104, 0xDB6620, 0x722E05, 0xDB6620, 0xDB6620,
        0xDB6620, 0xDB6620, 0x722E05, 0xDB6620, 0x281104, 0x050509, 0x281104, 0x281104, 0x281104, 0x281104, 0x050509, 0x281104, 0xDB6620, 0x722E05, 0xDB6620, 0xDB6620,
        0xDB6620, 0xDB6620, 0x722E05, 0xDB6620, 0x281104, 0x281104, 0x281104, 0xFFB78C, 0xFFB78C, 0x281104, 0x281104, 0x281104, 0xDB6620, 0x722E05, 0xDB6620, 0xDB6620,
        0xDB6620, 0xDB6620, 0x722E05, 0xDB6620, 0x281104, 0x281104, 0xFFB78C, 0xDB6620, 0xDB6620, 0xFFB78C, 0x281104, 0x281104, 0xDB6620, 0x722E05, 0xDB6620, 0xDB6620,
        0xDB6620, 0xDB6620, 0x722E05, 0xDB6620, 0xFFB78C, 0xFFB78C, 0xDB6620, 0x030306, 0x030306, 0xDB6620, 0xFFB78C, 0xFFB78C, 0xDB6620, 0x722E05, 0xDB6620, 0xDB6620,
        0xDB6620, 0xDB6620, 0x722E05, 0xDB6620, 0xDB6620, 0xDB6620, 0xDB6620, 0x030306, 0x030306, 0xDB6620, 0xDB6620, 0xDB6620, 0xDB6620, 0x722E05, 0xDB6620, 0xDB6620,
        0xDB6620, 0xDB6620, 0x722E05, 0xDB6620, 0x281104, 0x281104, 0xDB6620, 0xDB6620, 0xDB6620, 0xDB6620, 0x281104, 0x281104, 0xDB6620, 0x722E05, 0xDB6620, 0xDB6620,
        0xDB6620, 0xDB6620, 0x722E05, 0xDB6620, 0x281104, 0x281104, 0x281104, 0xDB6620, 0xDB6620, 0x281104, 0x281104, 0x281104, 0xDB6620, 0x722E05, 0xDB6620, 0xDB6620,
        0xDB6620, 0xDB6620, 0x722E05, 0xDB6620, 0x281104, 0x050509, 0x281104, 0x281104, 0x281104, 0x281104, 0x050509, 0x281104, 0xDB6620, 0x722E05, 0xDB6620, 0xDB6620,
        0xDB6620, 0xDB6620, 0x722E05, 0xDB6620, 0x281104, 0x050509, 0x050509, 0x050509, 0x050509, 0x050509, 0x050509, 0x281104, 0xDB6620, 0x722E05, 0xDB6620, 0xDB6620,
        0xDB6620, 0xDB6620, 0xDB6620, 0xDB6620, 0x281104, 0x050509, 0x050509, 0x050509, 0x050509, 0x050509, 0x050509, 0x281104, 0xDB6620, 0xDB6620, 0xDB6620, 0xDB6620,
        0x281104, 0xDB6620, 0xDB6620, 0xDB6620, 0x281104, 0x050509, 0x050509, 0x050509, 0x050509, 0x050509, 0x050509, 0x281104, 0xDB6620, 0xDB6620, 0xDB6620, 0x281104,
        0x281104, 0x281104, 0x281104, 0x281104, 0x281104, 0x050509, 0x050509, 0x050509, 0x050509, 0x050509, 0x050509, 0x281104, 0x281104, 0x281104, 0x281104, 0x281104,
    },
    {
        0x281804, 0x281804, 0x281804, 0x281804, 0x281804, 0x050509, 0x050509, 0x050509, 0x050509, 0x050509, 0x050509, 0x281804, 0x281804, 0x281804, 0x281804, 0x281804,
        0x281804, 0xFFCC8C, 0xFFCC8C, 0xFFCC8C, 0x281804, 0x050509, 0x050509, 0x050509, 0x050509, 0x050509, 0x050509, 0x281804, 0xFFCC8C, 0xFFCC8C, 0xFFCC8C, 0x281804,
        0xFFCC8C, 0xDB8920, 0xDB8920, 0xDB8920, 0x281804, 0x050509, 0x050509, 0x050509, 0x050509, 0x050509, 0x050509, 0x281804, 0xDB8920, 0xDB8920, 0xDB8920, 0xFFCC8C,
        0xDB8920, 0xDB8920, 0x724305, 0xDB8920, 0x281804, 0x050509, 0x050509, 0x050509, 0x050509, 0x050509, 0x050509, 0x281804, 0xDB8920, 0x724305, 0xDB8920, 0xDB8920,
        0xDB8920, 0xDB8920, 0x724305, 0xDB8920, 0x281804, 0x050509, 0x281804, 0x281804, 0x281804, 0x281804, 0x050509, 0x281804, 0xDB8920, 0x724305, 0xDB8920, 0xDB8920,
        0xDB8920, 0xDB8920, 0x724305, 0xDB8920, 0x281804, 0x281804, 0x281804, 0xFFCC8C, 0xFFCC8C, 0x281804, 0x281804, 0x281804, 0xDB8920, 0x724305, 0xDB8920, 0xDB8920,
        0xDB8920, 0xDB8920, 0x724305, 0xDB8920, 0x281804, 0x281804, 0xFFCC8C, 0xDB8920, 0xDB8920, 0xFFCC8C, 0x281804, 0x281804, 0xDB8920, 0x724305, 0xDB8920, 0xDB8920,
        0xDB8920, 0xDB8920, 0x724305, 0xDB8920, 0xFFCC8C, 0xFFCC8C, 0xDB8920, 0x030306, 0x030306, 0xDB8920, 0xFFCC8C, 0xFFCC8C, 0xDB8920, 0x724305, 0xDB8920, 0xDB8920,
        0xDB8920, 0xDB8920, 0x724305, 0xDB8920, 0xDB8920, 0xDB8920, 0xDB8920, 0x030306, 0x030306, 0xDB8920, 0xDB8920, 0xDB8920, 0xDB8920, 0x724305, 0xDB8920, 0xDB8920,
        0xDB8920, 0xDB8920, 0x724305, 0xDB8920, 0x281804, 0x281804, 0xDB8920, 0xDB8920, 0xDB8920, 0xDB8920, 0x281804, 0x281804, 0xDB8920, 0x724305, 0xDB8920, 0xDB8920,
        0xDB8920, 0xDB8920, 0x724305, 0xDB8920, 0x281804, 0x281804, 0x281804, 0xDB8920, 0xDB8920, 0x281804, 0x281804, 0x281804, 0xDB8920, 0x724305, 0xDB8920, 0xDB8920,
        0xDB8920, 0xDB8920, 0x724305, 0xDB8920, 0x281804, 0x050509, 0x281804, 0x281804, 0x281804, 0x281804, 0x050509, 0x281804, 0xDB8920, 0x724305, 0xDB8920, 0xDB8920,
        0xDB8920, 0xDB8920, 0x724305, 0xDB8920, 0x281804, 0x050509, 0x050509, 0x050509, 0x050509, 0x050509, 0x050509, 0x281804, 0xDB8920, 0x724305, 0xDB8920, 0xDB8920,
        0xDB8920, 0xDB8920, 0xDB8920, 0xDB8920, 0x281804, 0x050509, 0x050509, 0x050509, 0x050509, 0x050509, 0x050509, 0x281804, 0xDB8920, 0xDB8920, 0xDB8920, 0xDB8920,
        0x281804, 0xDB8920, 0xDB8920, 0xDB8920, 0x281804, 0x050509, 0x050509, 0x050509, 0x050509, 0x050509, 0x050509, 0x281804, 0xDB8920, 0xDB8920, 0xDB8920, 0x281804,
        0x281804, 0x281804, 0x281804, 0x281804, 0x281804, 0x050509, 0x050509, 0x050509, 0x050509, 0x050509, 0x050509, 0x281804, 0x281804, 0x281804, 0x281804, 0x281804,
    },
    {
        0x281F04, 0x281F04, 0x281F04, 0x281F04, 0x281F04, 0x050509, 0x050509, 0x050509, 0x050509, 0x050509, 0x050509, 0x281F04, 0x281F04, 0x281F04, 0x281F04, 0x281F04,
        0x281F04, 0xFFE28C, 0xFFE28C, 0xFFE28C, 0x281F04, 0x050509, 0x050509, 0x050509, 0x050509, 0x050509, 0x050509, 0x281F04, 0xFFE28C, 0xFFE28C, 0xFFE28C, 0x281F04,
        0xFFE28C, 0xDBAC20, 0xDBAC20, 0xDBAC20, 0x281F04, 0x050509, 0x050509, 0x050509, 0x050509, 0x050509, 0x050509, 0x281F04, 0xDBAC20, 0xDBAC20, 0xDBAC20, 0xFFE28C,
        0xDBAC20, 0xDBAC20, 0x725705, 0xDBAC20, 0x281F04, 0x050509, 0x050509, 0x050509, 0x050509, 0x050509, 0x050509, 0x281F04, 0xDBAC20, 0x725705, 0xDBAC20, 0xDBAC20,
        0xDBAC20, 0xDBAC20, 0x725705, 0xDBAC20, 0x281F04, 0x050509, 0x281F04, 0x281F04, 0x281F04, 0x281F04, 0x050509, 0x281F04, 0xDBAC20, 0x725705, 0xDBAC20, 0xDBAC20,
        0xDBAC20, 0xDBAC20, 0x725705, 0xDBAC20, 0x281F04, 0x281F04, 0x281F04, 0xFFE28C, 0xFFE28C, 0x281F04, 0x281F04, 0x281F04, 0xDBAC20, 0x725705, 0xDBAC20, 0xDBAC20,
        0xDBAC20, 0xDBAC20, 0x725705, 0xDBAC20, 0x281F04, 0x281F04, 0xFFE28C, 0xDBAC20, 0xDBAC20, 0xFFE28C, 0x281F04, 0x281F04, 0xDBAC20, 0x725705, 0xDBAC20, 0xDBAC20,
        0xDBAC20, 0xDBAC20, 0x725705, 0xDBAC20, 0xFFE28C, 0xFFE28C, 0xDBAC20, 0x030306, 0x030306, 0xDBAC20, 0xFFE28C, 0xFFE28C, 0xDBAC20, 0x725705, 0xDBAC20, 0xDBAC20,
        0xDBAC20, 0xDBAC20, 0x725705, 0xDBAC20, 0xDBAC20, 0xDBAC20, 0xDBAC20, 0x030306, 0x030306, 0xDBAC20, 0xDBAC20, 0xDBAC20, 0xDBAC20, 0x725705, 0xDBAC20, 0xDBAC20,
        0xDBAC20, 0xDBAC20, 0x725705, 0xDBAC20, 0x281F04, 0x281F04, 0xDBAC20, 0xDBAC20, 0xDBAC20, 0xDBAC20, 0x281F04, 0x281F04, 0xDBAC20, 0x725705, 0xDBAC20, 0xDBAC20,
        0xDBAC20, 0xDBAC20, 0x725705, 0xDBAC20, 0x281F04, 0x281F04, 0x281F04, 0xDBAC20, 0xDBAC20, 0x281F04, 0x281F04, 0x281F04, 0xDBAC20, 0x725705, 0xDBAC20, 0xDBAC20,
        0xDBAC20, 0xDBAC20, 0x725705, 0xDBAC20, 0x281F04, 0x050509, 0x281F04, 0x281F04, 0x281F04, 0x281F04, 0x050509, 0x281F04, 0xDBAC20, 0x725705, 0xDBAC20, 0xDBAC20,
        0xDBAC20, 0xDBAC20, 0x725705, 0xDBAC20, 0x281F04, 0x050509, 0x050509, 0x050509, 0x050509, 0x050509, 0x050509, 0x281F04, 0xDBAC20, 0x725705, 0xDBAC20, 0xDBAC20,
        0xDBAC20, 0xDBAC20, 0xDBAC20, 0xDBAC20, 0x281F04, 0x050509, 0x050509, 0x050509, 0x050509, 0x050509, 0x050509, 0x281F04, 0xDBAC20, 0xDBAC20, 0xDBAC20, 0xDBAC20,
        0x281F04, 0xDBAC20, 0xDBAC20, 0xDBAC20, 0x281F04, 0x050509, 0x050509, 0x050509, 0x050509, 0x050509, 0x050509, 0x281F04, 0xDBAC20, 0xDBAC20, 0xDBAC20, 0x281F04,
        0x281F04, 0x281F04, 0x281F04, 0x281F04, 0x281F04, 0x050509, 0x050509, 0x050509, 0x050509, 0x050509, 0x050509, 0x281F04, 0x281F04, 0x281F04, 0x281F04, 0x281F04,
    },
    {
        0x282604, 0x282604, 0x282604, 0x282604, 0x282604, 0x050509, 0x050509, 0x050509, 0x050509, 0x050509, 0x050509, 0x282604, 0x282604, 0x282604, 0x282604, 0x282604,
        0x282604, 0xFFF78C, 0xFFF78C, 0xFFF78C, 0x282604, 0x050509, 0x050509, 0x050509, 0x050509, 0x050509, 0x050509, 0x282604, 0xFFF78C, 0xFFF78C, 0xFFF78C, 0x282604,
        0xFFF78C, 0xDBCF20, 0xDBCF20, 0xDBCF20, 0x282604, 0x050509, 0x050509, 0x050509, 0x050509, 0x050509, 0x050509, 0x282604, 0xDBCF20, 0xDBCF20, 0xDBCF20, 0xFFF78C,
        0xDBCF20, 0xDBCF20, 0x726B05, 0xDBCF20, 0x282604, 0x050509, 0x050509, 0x050509, 0x050509, 0x050509, 0x050509, 0x282604, 0xDBCF20, 0x726B05, 0xDBCF20, 0xDBCF20,
        0xDBCF20, 0xDBCF20, 0x726B05, 0xDBCF20, 0x282604, 0x050509, 0x282604, 0x282604, 0x282604, 0x282604, 0x050509, 0x282604, 0xDBCF20, 0x726B05, 0xDBCF20, 0xDBCF20,
        0xDBCF20, 0xDBCF20, 0x726B05, 0xDBCF20, 0x282604, 0x282604, 0x282604, 0xFFF78C, 0xFFF78C, 0x282604, 0x282604, 0x282604, 0xDBCF20, 0x726B05, 0xDBCF20, 0xDBCF20,
        0xDBCF20, 0xDBCF20, 0x726B05, 0xDBCF20, 0x282604, 0x282604, 0xFFF78C, 0xDBCF20, 0xDBCF20, 0xFFF78C, 0x282604, 0x282604, 0xDBCF20, 0x726B05, 0xDBCF20, 0xDBCF20,
        0xDBCF20, 0xDBCF20, 0x726B05, 0xDBCF20, 0xFFF78C, 0xFFF78C, 0xDBCF20, 0x030306, 0x030306, 0xDBCF20, 0xFFF78C, 0xFFF78C, 0xDBCF20, 0x726B05, 0xDBCF20, 0xDBCF20,
        0xDBCF20, 0xDBCF20, 0x726B05, 0xDBCF20, 0xDBCF20, 0xDBCF20, 0xDBCF20, 0x030306, 0x030306, 0xDBCF20, 0xDBCF20, 0xDBCF20, 0xDBCF20, 0x726B05, 0xDBCF20, 0xDBCF20,
        0xDBCF20, 0xDBCF20, 0x726B05, 0xDBCF20, 0x282604, 0x282604, 0xDBCF20, 0xDBCF20, 0xDBCF20, 0xDBCF20, 0x282604, 0x282604, 0xDBCF20, 0x726B05, 0xDBCF20, 0xDBCF20,
        0xDBCF20, 0xDBCF20, 0x726B05, 0xDBCF20, 0x282604, 0x282604, 0x282604, 0xDBCF20, 0xDBCF20, 0x282604, 0x282604, 0x282604, 0xDBCF20, 0x726B05, 0xDBCF20, 0xDBCF20,
        0xDBCF20, 0xDBCF20, 0x726B05, 0xDBCF20, 0x282604, 0x050509, 0x282604, 0x282604, 0x282604, 0x282604, 0x050509, 0x282604, 0xDBCF20, 0x726B05, 0xDBCF20, 0xDBCF20,
        0xDBCF20, 0xDBCF20, 0x726B05, 0xDBCF20, 0x282604, 0x050509, 0x050509, 0x050509, 0x050509, 0x050509, 0x050509, 0x282604, 0xDBCF20, 0x726B05, 0xDBCF20, 0xDBCF20,
        0xDBCF20, 0xDBCF20, 0xDBCF20, 0xDBCF20, 0x282604, 0x050509, 0x050509, 0x050509, 0x050509, 0x050509, 0x050509, 0x282604, 0xDBCF20, 0xDBCF20, 0xDBCF20, 0xDBCF20,
        0x282604, 0xDBCF20, 0xDBCF20, 0xDBCF20, 0x282604, 0x050509, 0x050509, 0x050509, 0x050509, 0x050509, 0x050509, 0x282604, 0xDBCF20, 0xDBCF20, 0xDBCF20, 0x282604,
        0x282604, 0x282604, 0x282604, 0x282604, 0x282604, 0x050509, 0x050509, 0x050509, 0x050509, 0x050509, 0x050509, 0x282604, 0x282604, 0x282604, 0x282604, 0x282604,
    },
    {
        0x242804, 0x242804, 0x242804, 0x242804, 0x242804, 0x050509, 0x050509, 0x050509, 0x050509, 0x050509, 0x050509, 0x242804, 0x242804, 0x242804, 0x242804, 0x242804,
        0x242804, 0xF0FF8C, 0xF0FF8C, 0xF0FF8C, 0x242804, 0x050509, 0x050509, 0x050509, 0x050509, 0x050509, 0x050509, 0x242804, 0xF0FF8C, 0xF0FF8C, 0xF0FF8C, 0x242804,
        0xF0FF8C, 0xC3DB20, 0xC3DB20, 0xC3DB20, 0x242804, 0x050509, 0x050509, 0x050509, 0x050509, 0x050509, 0x050509, 0x242804, 0xC3DB20, 0xC3DB20, 0xC3DB20, 0xF0FF8C,
        0xC3DB20, 0xC3DB20, 0x657205, 0xC3DB20, 0x242804, 0x050509, 0x050509, 0x050509, 0x050509, 0x050509, 0x050509, 0x242804, 0xC3DB20, 0x657205, 0xC3DB20, 0xC3DB20,
        0xC3DB20, 0xC3DB20, 0x657205, 0xC3DB20, 0x242804, 0x050509, 0x242804, 0x242804, 0x242804, 0x242804, 0x050509, 0x242804, 0xC3DB20, 0x657205, 0xC3DB20, 0xC3DB20,
        0xC3DB20, 0xC3DB20, 0x657205, 0xC3DB20, 0x242804, 0x242804, 0x242804, 0xF0FF8C, 0xF0FF8C, 0x242804, 0x242804, 0x242804, 0xC3DB20, 0x657205, 0xC3DB20, 0xC3DB20,
        0xC3DB20, 0xC3DB20, 0x657205, 0xC3DB20, 0x242804, 0x242804, 0xF0FF8C, 0xC3DB20, 0xC3DB20, 0xF0FF8C, 0x242804, 0x242804, 0xC3DB20, 0x657205, 0xC3DB20, 0xC3DB20,
        0xC3DB20, 0xC3DB20, 0x657205, 0xC3DB20, 0xF0FF8C, 0xF0FF8C, 0xC3DB20, 0x030306, 0x030306, 0xC3DB20, 0xF0FF8C, 0xF0FF8C, 0xC3DB20, 0x657205, 0xC3DB20, 0xC3DB20,
        0xC3DB20, 0xC3DB20, 0x657205, 0xC3DB20, 0xC3DB20, 0xC3DB20, 0xC3DB20, 0x030306, 0x030306, 0xC3DB20, 0xC3DB20, 0xC3DB20, 0xC3DB20, 0x657205, 0xC3DB20, 0xC3DB20,
        0xC3DB20, 0xC3DB20, 0x657205, 0xC3DB20, 0x242804, 0x242804, 0xC3DB20, 0xC3DB20, 0xC3DB20, 0xC3DB20, 0x242804, 0x242804, 0xC3DB20, 0x657205, 0xC3DB20, 0xC3DB20,
        0xC3DB20, 0xC3DB20, 0x657205, 0xC3DB20, 0x242804, 0x242804, 0x242804, 0xC3DB20, 0xC3DB20, 0x242804, 0x242804, 0x242804, 0xC3DB20, 0x657205, 0xC3DB20, 0xC3DB20,
        0xC3DB20, 0xC3DB20, 0x657205, 0xC3DB20, 0x242804, 0x050509, 0x242804, 0x242804, 0x242804, 0x242804, 0x050509, 0x242804, 0xC3DB20, 0x657205, 0xC3DB20, 0xC3DB20,
        0xC3DB20, 0xC3DB20, 0x657205, 0xC3DB20, 0x242804, 0x050509, 0x050509, 0x050509, 0x050509, 0x050509, 0x050509, 0x242804, 0xC3DB20, 0x657205, 0xC3DB20, 0xC3DB20,
        0xC3DB20, 0xC3DB20, 0xC3DB20, 0xC3DB20, 0x242804, 0x050509, 0x050509, 0x050509, 0x050509, 0x050509, 0x050509, 0x242804, 0xC3DB20, 0xC3DB20, 0xC3DB20, 0xC3DB20,
        0x242804, 0xC3DB20, 0xC3DB20, 0xC3DB20, 0x242804, 0x050509, 0x050509, 0x050509, 0x050509, 0x050509, 0x050509, 0x242804, 0xC3DB20, 0xC3DB20, 0xC3DB20, 0x242804,
        0x242804, 0x242804, 0x242804, 0x242804, 0x242804, 0x050509, 0x050509, 0x050509, 0x050509, 0x050509, 0x050509, 0x242804, 0x242804, 0x242804, 0x242804, 0x242804,
    },
    {
        0x1D2804, 0x1D2804, 0x1D2804, 0x1D2804, 0x1D2804, 0x050509, 0x050509, 0x050509, 0x050509, 0x050509, 0x050509, 0x1D2804, 0x1D2804, 0x1D2804, 0x1D2804, 0x1D2804,
        0x1D2804, 0xDBFF8C, 0xDBFF8C, 0xDBFF8C, 0x1D2804, 0x050509, 0x050509, 0x050509, 0x050509, 0x050509, 0x050509, 0x1D2804, 0xDBFF8C, 0xDBFF8C, 0xDBFF8C, 0x1D2804,
        0xDBFF8C, 0xA1DB20, 0xA1DB20, 0xA1DB20, 0x1D2804, 0x050509, 0x050509, 0x050509, 0x050509, 0x050509, 0x050509, 0x1D2804, 0xA1DB20, 0xA1DB20, 0xA1DB20, 0xDBFF8C,
        0xA1DB20, 0xA1DB20, 0x507205, 0xA1DB20, 0x1D2804, 0x050509, 0x050509, 0x050509, 0x050509, 0x050509, 0x050509, 0x1D2804, 0xA1DB20, 0x507205, 0xA1DB20, 0xA1DB20,
        0xA1DB20, 0xA1DB20, 0x507205, 0xA1DB20, 0x1D2804, 0x050509, 0x1D2804, 0x1D2804, 0x1D2804, 0x1D2804, 0x050509, 0x1D2804, 0xA1DB20, 0x507205, 0xA1DB20, 0xA1DB20,
        0xA1DB20, 0xA1DB20, 0x507205, 0xA1DB20, 0x1D2804, 0x1D2804, 0x1D2804, 0xDBFF8C, 0xDBFF8C, 0x1D2804, 0x1D2804, 0x1D2804, 0xA1DB20, 0x507205, 0xA1DB20, 0xA1DB20,
        0xA1DB20, 0xA1DB20, 0x507205, 0xA1DB20, 0x1D2804, 0x1D2804, 0xDBFF8C, 0xA1DB20, 0xA1DB20, 0xDBFF8C, 0x1D2804, 0x1D2804, 0xA1DB20, 0x507205, 0xA1DB20, 0xA1DB20,
        0xA1DB20, 0xA1DB20, 0x507205, 0xA1DB20, 0xDBFF8C, 0xDBFF8C, 0xA1DB20, 0x030306, 0x030306, 0xA1DB20, 0xDBFF8C, 0xDBFF8C, 0xA1DB20, 0x507205, 0xA1DB20, 0xA1DB20,
        0xA1DB20, 0xA1DB20, 0x507205, 0xA1DB20, 0xA1DB20, 0xA1DB20, 0xA1DB20, 0x030306, 0x030306, 0xA1DB20, 0xA1DB20, 0xA1DB20, 0xA1DB20, 0x507205, 0xA1DB20, 0xA1DB20,
        0xA1DB20, 0xA1DB20, 0x507205, 0xA1DB20, 0x1D2804, 0x1D2804, 0xA1DB20, 0xA1DB20, 0xA1DB20, 0xA1DB20, 0x1D2804, 0x1D2804, 0xA1DB20, 0x507205, 0xA1DB20, 0xA1DB20,
        0xA1DB20, 0xA1DB20, 0x507205, 0xA1DB20, 0x1D2804, 0x1D2804, 0x1D2804, 0xA1DB20, 0xA1DB20, 0x1D2804, 0x1D2804, 0x1D2804, 0xA1DB20, 0x507205, 0xA1DB20, 0xA1DB20,
        0xA1DB20, 0xA1DB20, 0x507205, 0xA1DB20, 0x1D2804, 0x050509, 0x1D2804, 0x1D2804, 0x1D2804, 0x1D2804, 0x050509, 0x1D2804, 0xA1DB20, 0x507205, 0xA1DB20, 0xA1DB20,
        0xA1DB20, 0xA1DB20, 0x507205, 0xA1DB20, 0x1D2804, 0x050509, 0x050509, 0x050509, 0x050509, 0x050509, 0x050509, 0x1D2804, 0xA1DB20, 0x507205, 0xA1DB20, 0xA1DB20,
        0xA1DB20, 0xA1DB20, 0xA1DB20, 0xA1DB20, 0x1D2804, 0x050509, 0x050509, 0x050509, 0x050509, 0x050509, 0x050509, 0x1D2804, 0xA1DB20, 0xA1DB20, 0xA1DB20, 0xA1DB20,
        0x1D2804, 0xA1DB20, 0xA1DB20, 0xA1DB20, 0x1D2804, 0x050509, 0x050509, 0x050509, 0x050509, 0x050509, 0x050509, 0x1D2804, 0xA1DB20, 0xA1DB20, 0xA1DB20, 0x1D2804,
        0x1D2804, 0x1D2804, 0x1D2804, 0x1D2804, 0x1D2804, 0x050509, 0x050509, 0x050509, 0x050509, 0x050509, 0x050509, 0x1D2804, 0x1D2804, 0x1D2804, 0x1D2804, 0x1D2804,
    },
    {
        0x162804, 0x162804, 0x162804, 0x162804, 0x162804, 0x050509, 0x050509, 0x050509, 0x050509, 0x050509, 0x050509, 0x162804, 0x162804, 0x162804, 0x162804, 0x162804,
        0x162804, 0xC5FF8C, 0xC5FF8C, 0xC5FF8C, 0x162804, 0x050509, 0x050509, 0x050509, 0x050509, 0x050509, 0x050509, 0x162804, 0xC5FF8C, 0xC5FF8C, 0xC5FF8C, 0x162804,
        0xC5FF8C, 0x7EDB20, 0x7EDB20, 0x7EDB20, 0x162804, 0x050509, 0x050509, 0x050509, 0x050509, 0x050509, 0x050509, 0x162804, 0x7EDB20, 0x7EDB20, 0x7EDB20, 0xC5FF8C,
        0x7EDB20, 0x7EDB20, 0x3C7205, 0x7EDB20, 0x162804, 0x050509, 0x050509, 0x050509, 0x050509, 0x050509, 0x050509, 0x162804, 0x7EDB20, 0x3C7205, 0x7EDB20, 0x7EDB20,
        0x7EDB20, 0x7EDB20, 0x3C7205, 0x7EDB20, 0x162804, 0x050509, 0x162804, 0x162804, 0x162804, 0x162804, 0x050509, 0x162804, 0x7EDB20, 0x3C7205, 0x7EDB20, 0x7EDB20,
        0x7EDB20, 0x7EDB20, 0x3C7205, 0x7EDB20, 0x162804, 0x162804, 0x162804, 0xC5FF8C, 0xC5FF8C, 0x162804, 0x162804, 0x162804, 0x7EDB20, 0x3C7205, 0x7EDB20, 0x7EDB20,
        0x7EDB20, 0x7EDB20, 0x3C7205, 0x7EDB20, 0x162804, 0x162804, 0xC5FF8C, 0x7EDB20, 0x7EDB20, 0xC5FF8C, 0x162804, 0x162804, 0x7EDB20, 0x3C7205, 0x7EDB20, 0x7EDB20,
        0x7EDB20, 0x7EDB20, 0x3C7205, 0x7EDB20, 0xC5FF8C, 0xC5FF8C, 0x7EDB20, 0x030306, 0x030306, 0x7EDB20, 0xC5FF8C, 0xC5FF8C, 0x7EDB20, 0x3C7205, 0x7EDB20, 0x7EDB20,
        0x7EDB20, 0x7EDB20, 0x3C7205, 0x7EDB20, 0x7EDB20, 0x7EDB20, 0x7EDB20, 0x030306, 0x030306, 0x7EDB20, 0x7EDB20, 0x7EDB20, 0x7EDB20, 0x3C7205, 0x7EDB20, 0x7EDB20,
        0x7EDB20, 0x7EDB20, 0x3C7205, 0x7EDB20, 0x162804, 0x162804, 0x7EDB20, 0x7EDB20, 0x7EDB20, 0x7EDB20, 0x162804, 0x162804, 0x7EDB20, 0x3C7205, 0x7EDB20, 0x7EDB20,
        0x7EDB20, 0x7EDB20, 0x3C7205, 0x7EDB20, 0x162804, 0x162804, 0x162804, 0x7EDB20, 0x7EDB20, 0x162804, 0x162804, 0x162804, 0x7EDB20, 0x3C7205, 0x7EDB20, 0x7EDB20,
        0x7EDB20, 0x7EDB20, 0x3C7205, 0x7EDB20, 0x162804, 0x050509, 0x162804, 0x162804, 0x162804, 0x162804, 0x050509, 0x162804, 0x7EDB20, 0x3C7205, 0x7EDB20, 0x7EDB20,
        0x7EDB20, 0x7EDB20, 0x3C7205, 0x7EDB20, 0x162804, 0x050509, 0x050509, 0x050509, 0x050509, 0x050509, 0x050509, 0x162804, 0x7EDB20, 0x3C7205, 0x7EDB20, 0x7EDB20,
        0x7EDB20, 0x7EDB20, 0x7EDB20, 0x7EDB20, 0x162804, 0x050509, 0x050509, 0x050509, 0x050509, 0x050509, 0x050509, 0x162804, 0x7EDB20, 0x7EDB20, 0x7EDB20, 0x7EDB20,
        0x162804, 0x7EDB20, 0x7EDB20, 0x7EDB20, 0x162804, 0x050509, 0x050509, 0x050509, 0x050509, 0x050509, 0x050509, 0x162804, 0x7EDB20, 0x7EDB20, 0x7EDB20, 0x162804,
        0x162804, 0x162804, 0x162804, 0x162804, 0x162804, 0x050509, 0x050509, 0x050509, 0x050509, 0x050509, 0x050509, 0x162804, 0x162804, 0x162804, 0x162804, 0x162804,
    },
    {
        0x0F2804, 0x0F2804, 0x0F2804, 0x0F2804, 0x0F2804, 0x050509, 0x050509, 0x050509, 0x050509, 0x050509, 0x050509, 0x0F2804, 0x0F2804, 0x0F2804, 0x0F2804, 0x0F2804,
        0x0F2804, 0xB0FF8C, 0xB0FF8C, 0xB0FF8C, 0x0F2804, 0x050509, 0x050509, 0x050509, 0x050509, 0x050509, 0x050509, 0x0F2804, 0xB0FF8C, 0xB0FF8C, 0xB0FF8C, 0x0F2804,
        0xB0FF8C, 0x5BDB20, 0x5BDB20, 0x5BDB20, 0x0F2804, 0x050509, 0x050509, 0x050509, 0x050509, 0x050509, 0x050509, 0x0F2804, 0x5BDB20, 0x5BDB20, 0x5BDB20, 0xB0FF8C,
        0x5BDB20, 0x5BDB20, 0x277205, 0x5BDB20, 0x0F2804, 0x050509, 0x050509, 0x050509, 0x050509, 0x050509, 0x050509, 0x0F2804, 0x5BDB20, 0x277205, 0x5BDB20, 0x5BDB20,
        0x5BDB20, 0x5BDB20, 0x277205, 0x5BDB20, 0x0F2804, 0x050509, 0x0F2804, 0x0F2804, 0x0F2804, 0x0F2804, 0x050509, 0x0F2804, 0x5BDB20, 0x277205, 0x5BDB20, 0x5BDB20,
        0x5BDB20, 0x5BDB20, 0x277205, 0x5BDB20, 0x0F2804, 0x0F2804, 0x0F2804, 0xB0FF8C, 0xB0FF8C, 0x0F2804, 0x0F2804, 0x0F2804, 0x5BDB20, 0x277205, 0x5BDB20, 0x5BDB20,
        0x5BDB20, 0x5BDB20, 0x277205, 0x5BDB20, 0x0F2804, 0x0F2804, 0xB0FF8C, 0x5BDB20, 0x5BDB20, 0xB0FF8C, 0x0F2804, 0x0F2804, 0x5BDB20, 0x277205, 0x5BDB20, 0x5BDB20,
        0x5BDB20, 0x5BDB20, 0x277205, 0x5BDB20, 0xB0FF8C, 0xB0FF8C, 0x5BDB20, 0x030306, 0x030306, 0x5BDB20, 0xB0FF8C, 0xB0FF8C, 0x5BDB20, 0x277205, 0x5BDB20, 0x5BDB20,
        0x5BDB20, 0x5BDB20, 0x277205, 0x5BDB20, 0x5BDB20, 0x5BDB20, 0x5BDB20, 0x030306, 0x030306, 0x5BDB20, 0x5BDB20, 0x5BDB20, 0x5BDB20, 0x277205, 0x5BDB20, 0x5BDB20,
        0x5BDB20, 0x5BDB20, 0x277205, 0x5BDB20, 0x0F2804, 0x0F2804, 0x5BDB20, 0x5BDB20, 0x5BDB20, 0x5BDB20, 0x0F2804, 0x0F2804, 0x5BDB20, 0x277205, 0x5BDB20, 0x5BDB20,
        0x5BDB20, 0x5BDB20, 0x277205, 0x5BDB20, 0x0F2804, 0x0F2804, 0x0F2804, 0x5BDB20, 0x5BDB20, 0x0F2804, 0x0F2804, 0x0F2804, 0x5BDB20, 0x277205, 0x5BDB20, 0x5BDB20,
        0x5BDB20, 0x5BDB20, 0x277205, 0x5BDB20, 0x0F2804, 0x050509, 0x0F2804, 0x0F2804, 0x0F2804, 0x0F2804, 0x050509, 0x0F2804, 0x5BDB20, 0x277205, 0x5BDB20, 0x5BDB20,
        0x5BDB20, 0x5BDB20, 0x277205, 0x5BDB20, 0x0F2804, 0x050509, 0x050509, 0x050509, 0x050509, 0x050509, 0x050509, 0x0F2804, 0x5BDB20, 0x277205, 0x5BDB20, 0x5BDB20,
        0x5BDB20, 0x5BDB20, 0x5BDB20, 0x5BDB20, 0x0F2804, 0x050509, 0x050509, 0x050509, 0x050509, 0x050509, 0x050509, 0x0F2804, 0x5BDB20, 0x5BDB20, 0x5BDB20, 0x5BDB20,
        0x0F2804, 0x5BDB20, 0x5BDB20, 0x5BDB20, 0x0F2804, 0x050509, 0x050509, 0x050509, 0x050509, 0x050509, 0x050509, 0x0F2804, 0x5BDB20, 0x5BDB20, 0x5BDB20, 0x0F2804,
        0x0F2804, 0x0F2804, 0x0F2804, 0x0F2804, 0x0F2804, 0x050509, 0x050509, 0x050509, 0x050509, 0x050509, 0x050509, 0x0F2804, 0x0F2804, 0x0F2804, 0x0F2804, 0x0F2804,
    },
    {
        0x082804, 0x082804, 0x082804, 0x082804, 0x082804, 0x050509, 0x050509, 0x050509, 0x050509, 0x050509, 0x050509, 0x082804, 0x082804, 0x082804, 0x082804, 0x082804,
        0x082804, 0x9AFF8C, 0x9AFF8C, 0x9AFF8C, 0x082804, 0x050509, 0x050509, 0x050509, 0x050509, 0x050509, 0x050509, 0x082804, 0x9AFF8C, 0x9AFF8C, 0x9AFF8C, 0x082804,
        0x9AFF8C, 0x38DB20, 0x38DB20, 0x38DB20, 0x082804, 0x050509, 0x050509, 0x050509, 0x050509, 0x050509, 0x050509, 0x082804, 0x38DB20, 0x38DB20, 0x38DB20, 0x9AFF8C,
        0x38DB20, 0x38DB20, 0x137205, 0x38DB20, 0x082804, 0x050509, 0x050509, 0x050509, 0x050509, 0x050509, 0x050509, 0x082804, 0x38DB20, 0x137205, 0x38DB20, 0x38DB20,
        0x38DB20, 0x38DB20, 0x137205, 0x38DB20, 0x082804, 0x050509, 0x082804, 0x082804, 0x082804, 0x082804, 0x050509, 0x082804, 0x38DB20, 0x137205, 0x38DB20, 0x38DB20,
        0x38DB20, 0x38DB20, 0x137205, 0x38DB20, 0x082804, 0x082804, 0x082804, 0x9AFF8C, 0x9AFF8C, 0x082804, 0x082804, 0x082804, 0x38DB20, 0x137205, 0x38DB20, 0x38DB20,
        0x38DB20, 0x38DB20, 0x137205, 0x38DB20, 0x082804, 0x082804, 0x9AFF8C, 0x38DB20, 0x38DB20, 0x9AFF8C, 0x082804, 0x082804, 0x38DB20, 0x137205, 0x38DB20, 0x38DB20,
        0x38DB20, 0x38DB20, 0x137205, 0x38DB20, 0x9AFF8C, 0x9AFF8C, 0x38DB20, 0x030306, 0x030306, 0x38DB20, 0x9AFF8C, 0x9AFF8C, 0x38DB20, 0x137205, 0x38DB20, 0x38DB20,
        0x38DB20, 0x38DB20, 0x137205, 0x38DB20, 0x38DB20, 0x38DB20, 0x38DB20, 0x030306, 0x030306, 0x38DB20, 0x38DB20, 0x38DB20, 0x38DB20, 0x137205, 0x38DB20, 0x38DB20,
        0x38DB20, 0x38DB20, 0x137205, 0x38DB20, 0x082804, 0x082804, 0x38DB20, 0x38DB20, 0x38DB20, 0x38DB20, 0x082804, 0x082804, 0x38DB20, 0x137205, 0x38DB20, 0x38DB20,
        0x38DB20, 0x38DB20, 0x137205, 0x38DB20, 0x082804, 0x082804, 0x082804, 0x38DB20, 0x38DB20, 0x082804, 0x082804, 0x082804, 0x38DB20, 0x137205, 0x38DB20, 0x38DB20,
        0x38DB20, 0x38DB20, 0x137205, 0x38DB20, 0x082804, 0x050509, 0x082804, 0x082804, 0x082804, 0x082804, 0x050509, 0x082804, 0x38DB20, 0x137205, 0x38DB20, 0x38DB20,
        0x38DB20, 0x38DB20, 0x137205, 0x38DB20, 0x082804, 0x050509, 0x050509, 0x050509, 0x050509, 0x050509, 0x050509, 0x082804, 0x38DB20, 0x137205, 0x38DB20, 0x38DB20,
        0x38DB20, 0x38DB20, 0x38DB20, 0x38DB20, 0x082804, 0x050509, 0x050509, 0x050509, 0x050509, 0x050509, 0x050509, 0x082804, 0x38DB20, 0x38DB20, 0x38DB20, 0x38DB20,
        0x082804, 0x38DB20, 0x38DB20, 0x38DB20, 0x082804, 0x050509, 0x050509, 0x050509, 0x050509, 0x050509, 0x050509, 0x082804, 0x38DB20, 0x38DB20, 0x38DB20, 0x082804,
        0x082804, 0x082804, 0x082804, 0x082804, 0x082804, 0x050509, 0x050509, 0x050509, 0x050509, 0x050509, 0x050509, 0x082804, 0x082804, 0x082804, 0x082804, 0x082804,
    },
    {
        0x042806, 0x042806, 0x042806, 0x042806, 0x042806, 0x050509, 0x050509, 0x050509, 0x050509, 0x050509, 0x050509, 0x042806, 0x042806, 0x042806, 0x042806, 0x042806,
        0x042806, 0x8CFF93, 0x8CFF93, 0x8CFF93, 0x042806, 0x050509, 0x050509, 0x050509, 0x050509, 0x050509, 0x050509, 0x042806, 0x8CFF93, 0x8CFF93, 0x8CFF93, 0x042806,
        0x8CFF93, 0x20DB2C, 0x20DB2C, 0x20DB2C, 0x042806, 0x050509, 0x050509, 0x050509, 0x050509, 0x050509, 0x050509, 0x042806, 0x20DB2C, 0x20DB2C, 0x20DB2C, 0x8CFF93,
        0x20DB2C, 0x20DB2C, 0x05720C, 0x20DB2C, 0x042806, 0x050509, 0x050509, 0x050509, 0x050509, 0x050509, 0x050509, 0x042806, 0x20DB2C, 0x05720C, 0x20DB2C, 0x20DB2C,
        0x20DB2C, 0x20DB2C, 0x05720C, 0x20DB2C, 0x042806, 0x050509, 0x042806, 0x042806, 0x042806, 0x042806, 0x050509, 0x042806, 0x20DB2C, 0x05720C, 0x20DB2C, 0x20DB2C,
        0x20DB2C, 0x20DB2C, 0x05720C, 0x20DB2C, 0x042806, 0x042806, 0x042806, 0x8CFF93, 0x8CFF93, 0x042806, 0x042806, 0x042806, 0x20DB2C, 0x05720C, 0x20DB2C, 0x20DB2C,
        0x20DB2C, 0x20DB2C, 0x05720C, 0x20DB2C, 0x042806, 0x042806, 0x8CFF93, 0x20DB2C, 0x20DB2C, 0x8CFF93, 0x042806, 0x042806, 0x20DB2C, 0x05720C, 0x20DB2C, 0x20DB2C,
        0x20DB2C, 0x20DB2C, 0x05720C, 0x20DB2C, 0x8CFF93, 0x8CFF93, 0x20DB2C, 0x030306, 0x030306, 0x20DB2C, 0x8CFF93, 0x8CFF93, 0x20DB2C, 0x05720C, 0x20DB2C, 0x20DB2C,
        0x20DB2C, 0x20DB2C, 0x05720C, 0x20DB2C, 0x20DB2C, 0x20DB2C, 0x20DB2C, 0x030306, 0x030306, 0x20DB2C, 0x20DB2C, 0x20DB2C, 0x20DB2C, 0x05720C, 0x20DB2C, 0x20DB2C,
        0x20DB2C, 0x20DB2C, 0x05720C, 0x20DB2C, 0x042806, 0x042806, 0x20DB2C, 0x20DB2C, 0x20DB2C, 0x20DB2C, 0x042806, 0x042806, 0x20DB2C, 0x05720C, 0x20DB2C, 0x20DB2C,
        0x20DB2C, 0x20DB2C, 0x05720C, 0x20DB2C, 0x042806, 0x042806, 0x042806, 0x20DB2C, 0x20DB2C, 0x042806, 0x042806, 0x042806, 0x20DB2C, 0x05720C, 0x20DB2C, 0x20DB2C,
        0x20DB2C, 0x20DB2C, 0x05720C, 0x20DB2C, 0x042806, 0x050509, 0x042806, 0x042806, 0x042806, 0x042806, 0x050509, 0x042806, 0x20DB2C, 0x05720C, 0x20DB2C, 0x20DB2C,
        0x20DB2C, 0x20DB2C, 0x05720C, 0x20DB2C, 0x042806, 0x050509, 0x050509, 0x050509, 0x050509, 0x050509, 0x050509, 0x042806, 0x20DB2C, 0x05720C, 0x20DB2C, 0x20DB2C,
        0x20DB2C, 0x20DB2C, 0x20DB2C, 0x20DB2C, 0x042806, 0x050509, 0x050509, 0x050509, 0x050509, 0x050509, 0x050509, 0x042806, 0x20DB2C, 0x20DB2C, 0x20DB2C, 0x20DB2C,
        0x042806, 0x20DB2C, 0x20DB2C, 0x20DB2C, 0x042806, 0x050509, 0x050509, 0x050509, 0x050509, 0x050509, 0x050509, 0x042806, 0x20DB2C, 0x20DB2C, 0x20DB2C, 0x042806,
        0x042806, 0x042806, 0x042806, 0x042806, 0x042806, 0x050509, 0x050509, 0x050509, 0x050509, 0x050509, 0x050509, 0x042806, 0x042806, 0x042806, 0x042806, 0x042806,
    },
    {
        0x04280D, 0x04280D, 0x04280D, 0x04280D, 0x04280D, 0x050509, 0x050509, 0x050509, 0x050509, 0x050509, 0x050509, 0x04280D, 0x04280D, 0x04280D, 0x04280D, 0x04280D,
        0x04280D, 0x8CFFA8, 0x8CFFA8, 0x8CFFA8, 0x04280D, 0x050509, 0x050509, 0x050509, 0x050509, 0x050509, 0x050509, 0x04280D, 0x8CFFA8, 0x8CFFA8, 0x8CFFA8, 0x04280D,
        0x8CFFA8, 0x20DB4F, 0x20DB4F, 0x20DB4F, 0x04280D, 0x050509, 0x050509, 0x050509, 0x050509, 0x050509, 0x050509, 0x04280D, 0x20DB4F, 0x20DB4F, 0x20DB4F, 0x8CFFA8,
        0x20DB4F, 0x20DB4F, 0x057220, 0x20DB4F, 0x04280D, 0x050509, 0x050509, 0x050509, 0x050509, 0x050509, 0x050509, 0x04280D, 0x20DB4F, 0x057220, 0x20DB4F, 0x20DB4F,
        0x20DB4F, 0x20DB4F, 0x057220, 0x20DB4F, 0x04280D, 0x050509, 0x04280D, 0x04280D, 0x04280D, 0x04280D, 0x050509, 0x04280D, 0x20DB4F, 0x057220, 0x20DB4F, 0x20DB4F,
        0x20DB4F, 0x20DB4F, 0x057220, 0x20DB4F, 0x04280D, 0x04280D, 0x04280D, 0x8CFFA8, 0x8CFFA8, 0x04280D, 0x04280D, 0x04280D, 0x20DB4F, 0x057220, 0x20DB4F, 0x20DB4F,
        0x20DB4F, 0x20DB4F, 0x057220, 0x20DB4F, 0x04280D, 0x04280D, 0x8CFFA8, 0x20DB4F, 0x20DB4F, 0x8CFFA8, 0x04280D, 0x04280D, 0x20DB4F, 0x057220, 0x20DB4F, 0x20DB4F,
        0x20DB4F, 0x20DB4F, 0x057220, 0x20DB4F, 0x8CFFA8, 0x8CFFA8, 0x20DB4F, 0x030306, 0x030306, 0x20DB4F, 0x8CFFA8, 0x8CFFA8, 0x20DB4F, 0x057220, 0x20DB4F, 0x20DB4F,
        0x20DB4F, 0x20DB4F, 0x057220, 0x20DB4F, 0x20DB4F, 0x20DB4F, 0x20DB4F, 0x030306, 0x030306, 0x20DB4F, 0x20DB4F, 0x20DB4F, 0x20DB4F, 0x057220, 0x20DB4F, 0x20DB4F,
        0x20DB4F, 0x20DB4F, 0x057220, 0x20DB4F, 0x04280D, 0x04280D, 0x20DB4F, 0x20DB4F, 0x20DB4F, 0x20DB4F, 0x04280D, 0x04280D, 0x20DB4F, 0x057220, 0x20DB4F, 0x20DB4F,
        0x20DB4F, 0x20DB4F, 0x057220, 0x20DB4F, 0x04280D, 0x04280D, 0x04280D, 0x20DB4F, 0x20DB4F, 0x04280D, 0x04280D, 0x04280D, 0x20DB4F, 0x057220, 0x20DB4F, 0x20DB4F,
        0x20DB4F, 0x20DB4F, 0x057220, 0x20DB4F, 0x04280D, 0x050509, 0x04280D, 0x04280D, 0x04280D, 0x04280D, 0x050509, 0x04280D, 0x20DB4F, 0x057220, 0x20DB4F, 0x20DB4F,
        0x20DB4F, 0x20DB4F, 0x057220, 0x20DB4F, 0x04280D, 0x050509, 0x050509, 0x050509, 0x050509, 0x050509, 0x050509, 0x04280D, 0x20DB4F, 0x057220, 0x20DB4F, 0x20DB4F,
        0x20DB4F, 0x20DB4F, 0x20DB4F, 0x20DB4F, 0x04280D, 0x050509, 0x050509, 0x050509, 0x050509, 0x050509, 0x050509, 0x04280D, 0x20DB4F, 0x20DB4F, 0x20DB4F, 0x20DB4F,
        0x04280D, 0x20DB4F, 0x20DB4F, 0x20DB4F, 0x04280D, 0x050509, 0x050509, 0x050509, 0x050509, 0x050509, 0x050509, 0x04280D, 0x20DB4F, 0x20DB4F, 0x20DB4F, 0x04280D,
        0x04280D, 0x04280D, 0x04280D, 0x04280D, 0x04280D, 0x050509, 0x050509, 0x050509, 0x050509, 0x050509, 0x050509, 0x04280D, 0x04280D, 0x04280D, 0x04280D, 0x04280D,
    },
    {
        0x042814, 0x042814, 0x042814, 0x042814, 0x042814, 0x050509, 0x050509, 0x050509, 0x050509, 0x050509, 0x050509, 0x042814, 0x042814, 0x042814, 0x042814, 0x042814,
        0x042814, 0x8CFFBE, 0x8CFFBE, 0x8CFFBE, 0x042814, 0x050509, 0x050509, 0x050509, 0x050509, 0x050509, 0x050509, 0x042814, 0x8CFFBE, 0x8CFFBE, 0x8CFFBE, 0x042814,
        0x8CFFBE, 0x20DB72, 0x20DB72, 0x20DB72, 0x042814, 0x050509, 0x050509, 0x050509, 0x050509, 0x050509, 0x050509, 0x042814, 0x20DB72, 0x20DB72, 0x20DB72, 0x8CFFBE,
        0x20DB72, 0x20DB72, 0x057235, 0x20DB72, 0x042814, 0x050509, 0x050509, 0x050509, 0x050509, 0x050509, 0x050509, 0x042814, 0x20DB72, 0x057235, 0x20DB72, 0x20DB72,
        0x20DB72, 0x20DB72, 0x057235, 0x20DB72, 0x042814, 0x050509, 0x042814, 0x042814, 0x042814, 0x042814, 0x050509, 0x042814, 0x20DB72, 0x057235, 0x20DB72, 0x20DB72,
        0x20DB72, 0x20DB72, 0x057235, 0x20DB72, 0x042814, 0x042814, 0x042814, 0x8CFFBE, 0x8CFFBE, 0x042814, 0x042814, 0x042814, 0x20DB72, 0x057235, 0x20DB72, 0x20DB72,
        0x20DB72, 0x20DB72, 0x057235, 0x20DB72, 0x042814, 0x042814, 0x8CFFBE, 0x20DB72, 0x20DB72, 0x8CFFBE, 0x042814, 0x042814, 0x20DB72, 0x057235, 0x20DB72, 0x20DB72,
        0x20DB72, 0x20DB72, 0x057235, 0x20DB72, 0x8CFFBE, 0x8CFFBE, 0x20DB72, 0x030306, 0x030306, 0x20DB72, 0x8CFFBE, 0x8CFFBE, 0x20DB72, 0x057235, 0x20DB72, 0x20DB72,
        0x20DB72, 0x20DB72, 0x057235, 0x20DB72, 0x20DB72, 0x20DB72, 0x20DB72, 0x030306, 0x030306, 0x20DB72, 0x20DB72, 0x20DB72, 0x20DB72, 0x057235, 0x20DB72, 0x20DB72,
        0x20DB72, 0x20DB72, 0x057235, 0x20DB72, 0x042814, 0x042814, 0x20DB72, 0x20DB72, 0x20DB72, 0x20DB72, 0x042814, 0x042814, 0x20DB72, 0x057235, 0x20DB72, 0x20DB72,
        0x20DB72, 0x20DB72, 0x057235, 0x20DB72, 0x042814, 0x042814, 0x042814, 0x20DB72, 0x20DB72, 0x042814, 0x042814, 0x042814, 0x20DB72, 0x057235, 0x20DB72, 0x20DB72,
        0x20DB72, 0x20DB72, 0x057235, 0x20DB72, 0x042814, 0x050509, 0x042814, 0x042814, 0x042814, 0x042814, 0x050509, 0x042814, 0x20DB72, 0x057235, 0x20DB72, 0x20DB72,
        0x20DB72, 0x20DB72, 0x057235, 0x20DB72, 0x042814, 0x050509, 0x050509, 0x050509, 0x050509, 0x050509, 0x050509, 0x042814, 0x20DB72, 0x057235, 0x20DB72, 0x20DB72,
        0x20DB72, 0x20DB72, 0x20DB72, 0x20DB72, 0x042814, 0x050509, 0x050509, 0x050509, 0x050509, 0x050509, 0x050509, 0x042814, 0x20DB72, 0x20DB72, 0x20DB72, 0x20DB72,
        0x042814, 0x20DB72, 0x20DB72, 0x20DB72, 0x042814, 0x050509, 0x050509, 0x050509, 0x050509, 0x050509, 0x050509, 0x042814, 0x20DB72, 0x20DB72, 0x20DB72, 0x042814,
        0x042814, 0x042814, 0x042814, 0x042814, 0x042814, 0x050509, 0x050509, 0x050509, 0x050509, 0x050509, 0x050509, 0x042814, 0x042814, 0x042814, 0x042814, 0x042814,
    },
    {
        0x04281B, 0x04281B, 0x04281B, 0x04281B, 0x04281B, 0x050509, 0x050509, 0x050509, 0x050509, 0x050509, 0x050509, 0x04281B, 0x04281B, 0x04281B, 0x04281B, 0x04281B,
        0x04281B, 0x8CFFD3, 0x8CFFD3, 0x8CFFD3, 0x04281B, 0x050509, 0x050509, 0x050509, 0x050509, 0x050509, 0x050509, 0x04281B, 0x8CFFD3, 0x8CFFD3, 0x8CFFD3, 0x04281B,
        0x8CFFD3, 0x20DB95, 0x20DB95, 0x20DB95, 0x04281B, 0x050509, 0x050509, 0x050509, 0x050509, 0x050509, 0x050509, 0x04281B, 0x20DB95, 0x20DB95, 0x20DB95, 0x8CFFD3,
        0x20DB95, 0x20DB95, 0x057249, 0x20DB95, 0x04281B, 0x050509, 0x050509, 0x050509, 0x050509, 0x050509, 0x050509, 0x04281B, 0x20DB95, 0x057249, 0x20DB95, 0x20DB95,
        0x20DB95, 0x20DB95, 0x057249, 0x20DB95, 0x04281B, 0x050509, 0x04281B, 0x04281B, 0x04281B, 0x04281B, 0x050509, 0x04281B, 0x20DB95, 0x057249, 0x20DB95, 0x20DB95,
        0x20DB95, 0x20DB95, 0x057249, 0x20DB95, 0x04281B, 0x04281B, 0x04281B, 0x8CFFD3, 0x8CFFD3, 0x04281B, 0x04281B, 0x04281B, 0x20DB95, 0x057249, 0x20DB95, 0x20DB95,
        0x20DB95, 0x20DB95, 0x057249, 0x20DB95, 0x04281B, 0x04281B, 0x8CFFD3, 0x20DB95, 0x20DB95, 0x8CFFD3, 0x04281B, 0x04281B, 0x20DB95, 0x057249, 0x20DB95, 0x20DB95,
        0x20DB95, 0x20DB95, 0x057249, 0x20DB95, 0x8CFFD3, 0x8CFFD3, 0x20DB95, 0x030306, 0x030306, 0x20DB95, 0x8CFFD3, 0x8CFFD3, 0x20DB95, 0x057249, 0x20DB95, 0x20DB95,
        0x20DB95, 0x20DB95, 0x057249, 0x20DB95, 0x20DB95, 0x20DB95, 0x20DB95, 0x030306, 0x030306, 0x20DB95, 0x20DB95, 0x20DB95, 0x20DB95, 0x057249, 0x20DB95, 0x20DB95,
        0x20DB95, 0x20DB95, 0x057249, 0x20DB95, 0x04281B, 0x04281B, 0x20DB95, 0x20DB95, 0x20DB95, 0x20DB95, 0x04281B, 0x04281B, 0x20DB95, 0x057249, 0x20DB95, 0x20DB95,
        0x20DB95, 0x20DB95, 0x057249, 0x20DB95, 0x04281B, 0x04281B, 0x04281B, 0x20DB95, 0x20DB95, 0x04281B, 0x04281B, 0x04281B, 0x20DB95, 0x057249, 0x20DB95, 0x20DB95,
        0x20DB95, 0x20DB95, 0x057249, 0x20DB95, 0x04281B, 0x050509, 0x04281B, 0x04281B, 0x04281B, 0x04281B, 0x050509, 0x04281B, 0x20DB95, 0x057249, 0x20DB95, 0x20DB95,
        0x20DB95, 0x20DB95, 0x057249, 0x20DB95, 0x04281B, 0x050509, 0x050509, 0x050509, 0x050509, 0x050509, 0x050509, 0x04281B, 0x20DB95, 0x057249, 0x20DB95, 0x20DB95,
        0x20DB95, 0x20DB95, 0x20DB95, 0x20DB95, 0x04281B, 0x050509, 0x050509, 0x050509, 0x050509, 0x050509, 0x050509, 0x04281B, 0x20DB95, 0x20DB95, 0x20DB95, 0x20DB95,
        0x04281B, 0x20DB95, 0x20DB95, 0x20DB95, 0x04281B, 0x050509, 0x050509, 0x050509, 0x050509, 0x050509, 0x050509, 0x04281B, 0x20DB95, 0x20DB95, 0x20DB95, 0x04281B,
        0x04281B, 0x04281B, 0x04281B, 0x04281B, 0x04281B, 0x050509, 0x050509, 0x050509, 0x050509, 0x050509, 0x050509, 0x04281B, 0x04281B, 0x04281B, 0x04281B, 0x04281B,
    },
    {
        0x042821, 0x042821, 0x042821, 0x042821, 0x042821, 0x050509, 0x050509, 0x050509, 0x050509, 0x050509, 0x050509, 0x042821, 0x042821, 0x042821, 0x042821, 0x042821,
        0x042821, 0x8CFFE9, 0x8CFFE9, 0x8CFFE9, 0x042821, 0x050509, 0x050509, 0x050509, 0x050509, 0x050509, 0x050509, 0x042821, 0x8CFFE9, 0x8CFFE9, 0x8CFFE9, 0x042821,
        0x8CFFE9, 0x20DBB8, 0x20DBB8, 0x20DBB8, 0x042821, 0x050509, 0x050509, 0x050509, 0x050509, 0x050509, 0x050509, 0x042821, 0x20DBB8, 0x20DBB8, 0x20DBB8, 0x8CFFE9,
        0x20DBB8, 0x20DBB8, 0x05725E, 0x20DBB8, 0x042821, 0x050509, 0x050509, 0x050509, 0x050509, 0x050509, 0x050509, 0x042821, 0x20DBB8, 0x05725E, 0x20DBB8, 0x20DBB8,
        0x20DBB8, 0x20DBB8, 0x05725E, 0x20DBB8, 0x042821, 0x050509, 0x042821, 0x042821, 0x042821, 0x042821, 0x050509, 0x042821, 0x20DBB8, 0x05725E, 0x20DBB8, 0x20DBB8,
        0x20DBB8, 0x20DBB8, 0x05725E, 0x20DBB8, 0x042821, 0x042821, 0x042821, 0x8CFFE9, 0x8CFFE9, 0x042821, 0x042821, 0x042821, 0x20DBB8, 0x05725E, 0x20DBB8, 0x20DBB8,
        0x20DBB8, 0x20DBB8, 0x05725E, 0x20DBB8, 0x042821, 0x042821, 0x8CFFE9, 0x20DBB8, 0x20DBB8, 0x8CFFE9, 0x042821, 0x042821, 0x20DBB8, 0x05725E, 0x20DBB8, 0x20DBB8,
        0x20DBB8, 0x20DBB8, 0x05725E, 0x20DBB8, 0x8CFFE9, 0x8CFFE9, 0x20DBB8, 0x030306, 0x030306, 0x20DBB8, 0x8CFFE9, 0x8CFFE9, 0x20DBB8, 0x05725E, 0x20DBB8, 0x20DBB8,
        0x20DBB8, 0x20DBB8, 0x05725E, 0x20DBB8, 0x20DBB8, 0x20DBB8, 0x20DBB8, 0x030306, 0x030306, 0x20DBB8, 0x20DBB8, 0x20DBB8, 0x20DBB8, 0x05725E, 0x20DBB8, 0x20DBB8,
        0x20DBB8, 0x20DBB8, 0x05725E, 0x20DBB8, 0x042821, 0x042821, 0x20DBB8, 0x20DBB8, 0x20DBB8, 0x20DBB8, 0x042821, 0x042821, 0x20DBB8, 0x05725E, 0x20DBB8, 0x20DBB8,
        0x20DBB8, 0x20DBB8, 0x05725E, 0x20DBB8, 0x042821, 0x042821, 0x042821, 0x20DBB8, 0x20DBB8, 0x042821, 0x042821, 0x042821, 0x20DBB8, 0x05725E, 0x20DBB8, 0x20DBB8,
        0x20DBB8, 0x20DBB8, 0x05725E, 0x20DBB8, 0x042821, 0x050509, 0x042821, 0x042821, 0x042821, 0x042821, 0x050509, 0x042821, 0x20DBB8, 0x05725E, 0x20DBB8, 0x20DBB8,
        0x20DBB8, 0x20DBB8, 0x05725E, 0x20DBB8, 0x042821, 0x050509, 0x050509, 0x050509, 0x050509, 0x050509, 0x050509, 0x042821, 0x20DBB8, 0x05725E, 0x20DBB8, 0x20DBB8,
        0x20DBB8, 0x20DBB8, 0x20DBB8, 0x20DBB8, 0x042821, 0x050509, 0x050509, 0x050509, 0x050509, 0x050509, 0x050509, 0x042821, 0x20DBB8, 0x20DBB8, 0x20DBB8, 0x20DBB8,
        0x042821, 0x20DBB8, 0x20DBB8, 0x20DBB8, 0x042821, 0x050509, 0x050509, 0x050509, 0x050509, 0x050509, 0x050509, 0x042821, 0x20DBB8, 0x20DBB8, 0x20DBB8, 0x042821,
        0x042821, 0x042821, 0x042821, 0x042821, 0x042821, 0x050509, 0x050509, 0x050509, 0x050509, 0x050509, 0x050509, 0x042821, 0x042821, 0x042821, 0x042821, 0x042821,
    },
    {
        0x042828, 0x042828, 0x042828, 0x042828, 0x042828, 0x050509, 0x050509, 0x050509, 0x050509, 0x050509, 0x050509, 0x042828, 0x042828, 0x042828, 0x042828, 0x042828,
        0x042828, 0x8CFFFF, 0x8CFFFF, 0x8CFFFF, 0x042828, 0x050509, 0x050509, 0x050509, 0x050509, 0x050509, 0x050509, 0x042828, 0x8CFFFF, 0x8CFFFF, 0x8CFFFF, 0x042828,
        0x8CFFFF, 0x20DBDB, 0x20DBDB, 0x20DBDB, 0x042828, 0x050509, 0x050509, 0x050509, 0x050509, 0x050509, 0x050509, 0x042828, 0x20DBDB, 0x20DBDB, 0x20DBDB, 0x8CFFFF,
        0x20DBDB, 0x20DBDB, 0x057272, 0x20DBDB, 0x042828, 0x050509, 0x050509, 0x050509, 0x050509, 0x050509, 0x050509, 0x042828, 0x20DBDB, 0x057272, 0x20DBDB, 0x20DBDB,
        0x20DBDB, 0x20DBDB, 0x057272, 0x20DBDB, 0x042828, 0x050509, 0x042828, 0x042828, 0x042828, 0x042828, 0x050509, 0x042828, 0x20DBDB, 0x057272, 0x20DBDB, 0x20DBDB,
        0x20DBDB, 0x20DBDB, 0x057272, 0x20DBDB, 0x042828, 0x042828, 0x042828, 0x8CFFFF, 0x8CFFFF, 0x042828, 0x042828, 0x042828, 0x20DBDB, 0x057272, 0x20DBDB, 0x20DBDB,
        0x20DBDB, 0x20DBDB, 0x057272, 0x20DBDB, 0x042828, 0x042828, 0x8CFFFF, 0x20DBDB, 0x20DBDB, 0x8CFFFF, 0x042828, 0x042828, 0x20DBDB, 0x057272, 0x20DBDB, 0x20DBDB,
        0x20DBDB, 0x20DBDB, 0x057272, 0x20DBDB, 0x8CFFFF, 0x8CFFFF, 0x20DBDB, 0x030306, 0x030306, 0x20DBDB, 0x8CFFFF, 0x8CFFFF, 0x20DBDB, 0x057272, 0x20DBDB, 0x20DBDB,
        0x20DBDB, 0x20DBDB, 0x057272, 0x20DBDB, 0x20DBDB, 0x20DBDB, 0x20DBDB, 0x030306, 0x030306, 0x20DBDB, 0x20DBDB, 0x20DBDB, 0x20DBDB, 0x057272, 0x20DBDB, 0x20DBDB,
        0x20DBDB, 0x20DBDB, 0x057272, 0x20DBDB, 0x042828, 0x042828, 0x20DBDB, 0x20DBDB, 0x20DBDB, 0x20DBDB, 0x042828, 0x042828, 0x20DBDB, 0x057272, 0x20DBDB, 0x20DBDB,
        0x20DBDB, 0x20DBDB, 0x057272, 0x20DBDB, 0x042828, 0x042828, 0x042828, 0x20DBDB, 0x20DBDB, 0x042828, 0x042828, 0x042828, 0x20DBDB, 0x057272, 0x20DBDB, 0x20DBDB,
        0x20DBDB, 0x20DBDB, 0x057272, 0x20DBDB, 0x042828, 0x050509, 0x042828, 0x042828, 0x042828, 0x042828, 0x050509, 0x042828, 0x20DBDB, 0x057272, 0x20DBDB, 0x20DBDB,
        0x20DBDB, 0x20DBDB, 0x057272, 0x20DBDB, 0x042828, 0x050509, 0x050509, 0x050509, 0x050509, 0x050509, 0x050509, 0x042828, 0x20DBDB, 0x057272, 0x20DBDB, 0x20DBDB,
        0x20DBDB, 0x20DBDB, 0x20DBDB, 0x20DBDB, 0x042828, 0x050509, 0x050509, 0x050509, 0x050509, 0x050509, 0x050509, 0x042828, 0x20DBDB, 0x20DBDB, 0x20DBDB, 0x20DBDB,
        0x042828, 0x20DBDB, 0x20DBDB, 0x20DBDB, 0x042828, 0x050509, 0x050509, 0x050509, 0x050509, 0x050509, 0x050509, 0x042828, 0x20DBDB, 0x20DBDB, 0x20DBDB, 0x042828,
        0x042828, 0x042828, 0x042828, 0x042828, 0x042828, 0x050509, 0x050509, 0x050509, 0x050509, 0x050509, 0x050509, 0x042828, 0x042828, 0x042828, 0x042828, 0x042828,
    },
    {
        0x042128, 0x042128, 0x042128, 0x042128, 0x042128, 0x050509, 0x050509, 0x050509, 0x050509, 0x050509, 0x050509, 0x042128, 0x042128, 0x042128, 0x042128, 0x042128,
        0x042128, 0x8CE9FF, 0x8CE9FF, 0x8CE9FF, 0x042128, 0x050509, 0x050509, 0x050509, 0x050509, 0x050509, 0x050509, 0x042128, 0x8CE9FF, 0x8CE9FF, 0x8CE9FF, 0x042128,
        0x8CE9FF, 0x20B8DB, 0x20B8DB, 0x20B8DB, 0x042128, 0x050509, 0x050509, 0x050509, 0x050509, 0x050509, 0x050509, 0x042128, 0x20B8DB, 0x20B8DB, 0x20B8DB, 0x8CE9FF,
        0x20B8DB, 0x20B8DB, 0x055E72, 0x20B8DB, 0x042128, 0x050509, 0x050509, 0x050509, 0x050509, 0x050509, 0x050509, 0x042128, 0x20B8DB, 0x055E72, 0x20B8DB, 0x20B8DB,
        0x20B8DB, 0x20B8DB, 0x055E72, 0x20B8DB, 0x042128, 0x050509, 0x042128, 0x042128, 0x042128, 0x042128, 0x050509, 0x042128, 0x20B8DB, 0x055E72, 0x20B8DB, 0x20B8DB,
        0x20B8DB, 0x20B8DB, 0x055E72, 0x20B8DB, 0x042128, 0x042128, 0x042128, 0x8CE9FF, 0x8CE9FF, 0x042128, 0x042128, 0x042128, 0x20B8DB, 0x055E72, 0x20B8DB, 0x20B8DB,
        0x20B8DB, 0x20B8DB, 0x055E72, 0x20B8DB, 0x042128, 0x042128, 0x8CE9FF, 0x20B8DB, 0x20B8DB, 0x8CE9FF, 0x042128, 0x042128, 0x20B8DB, 0x055E72, 0x20B8DB, 0x20B8DB,
        0x20B8DB, 0x20B8DB, 0x055E72, 0x20B8DB, 0x8CE9FF, 0x8CE9FF, 0x20B8DB, 0x030306, 0x030306, 0x20B8DB, 0x8CE9FF, 0x8CE9FF, 0x20B8DB, 0x055E72, 0x20B8DB, 0x20B8DB,
        0x20B8DB, 0x20B8DB, 0x055E72, 0x20B8DB, 0x20B8DB, 0x20B8DB, 0x20B8DB, 0x030306, 0x030306, 0x20B8DB, 0x20B8DB, 0x20B8DB, 0x20B8DB, 0x055E72, 0x20B8DB, 0x20B8DB,
        0x20B8DB, 0x20B8DB, 0x055E72, 0x20B8DB, 0x042128, 0x042128, 0x20B8DB, 0x20B8DB, 0x20B8DB, 0x20B8DB, 0x042128, 0x042128, 0x20B8DB, 0x055E72, 0x20B8DB, 0x20B8DB,
        0x20B8DB, 0x20B8DB, 0x055E72, 0x20B8DB, 0x042128, 0x042128, 0x042128, 0x20B8DB, 0x20B8DB, 0x042128, 0x042128, 0x042128, 0x20B8DB, 0x055E72, 0x20B8DB, 0x20B8DB,
        0x20B8DB, 0x20B8DB, 0x055E72, 0x20B8DB, 0x042128, 0x050509, 0x042128, 0x042128, 0x042128, 0x042128, 0x050509, 0x042128, 0x20B8DB, 0x055E72, 0x20B8DB, 0x20B8DB,
        0x20B8DB, 0x20B8DB, 0x055E72, 0x20B8DB, 0x042128, 0x050509, 0x050509, 0x050509, 0x050509, 0x050509, 0x050509, 0x042128, 0x20B8DB, 0x055E72, 0x20B8DB, 0x20B8DB,
        0x20B8DB, 0x20B8DB, 0x20B8DB, 0x20B8DB, 0x042128, 0x050509, 0x050509, 0x050509, 0x050509, 0x050509, 0x050509, 0x042128, 0x20B8DB, 0x20B8DB, 0x20B8DB, 0x20B8DB,
        0x042128, 0x20B8DB, 0x20B8DB, 0x20B8DB, 0x042128, 0x050509, 0x050509, 0x050509, 0x050509, 0x050509, 0x050509, 0x042128, 0x20B8DB, 0x20B8DB, 0x20B8DB, 0x042128,
        0x042128, 0x042128, 0x042128, 0x042128, 0x042128, 0x050509, 0x050509, 0x050509, 0x050509, 0x050509, 0x050509, 0x042128, 0x042128, 0x042128, 0x042128, 0x042128,
    },
    {
        0x041B28, 0x041B28, 0x041B28, 0x041B28, 0x041B28, 0x050509, 0x050509, 0x050509, 0x050509, 0x050509, 0x050509, 0x041B28, 0x041B28, 0x041B28, 0x041B28, 0x041B28,
        0x041B28, 0x8CD3FF, 0x8CD3FF, 0x8CD3FF, 0x041B28, 0x050509, 0x050509, 0x050509, 0x050509, 0x050509, 0x050509, 0x041B28, 0x8CD3FF, 0x8CD3FF, 0x8CD3FF, 0x041B28,
        0x8CD3FF, 0x2095DB, 0x2095DB, 0x2095DB, 0x041B28, 0x050509, 0x050509, 0x050509, 0x050509, 0x050509, 0x050509, 0x041B28, 0x2095DB, 0x2095DB, 0x2095DB, 0x8CD3FF,
        0x2095DB, 0x2095DB, 0x054972, 0x2095DB, 0x041B28, 0x050509, 0x050509, 0x050509, 0x050509, 0x050509, 0x050509, 0x041B28, 0x2095DB, 0x054972, 0x2095DB, 0x2095DB,
        0x2095DB, 0x2095DB, 0x054972, 0x2095DB, 0x041B28, 0x050509, 0x041B28, 0x041B28, 0x041B28, 0x041B28, 0x050509, 0x041B28, 0x2095DB, 0x054972, 0x2095DB, 0x2095DB,
        0x2095DB, 0x2095DB, 0x054972, 0x2095DB, 0x041B28, 0x041B28, 0x041B28, 0x8CD3FF, 0x8CD3FF, 0x041B28, 0x041B28, 0x041B28, 0x2095DB, 0x054972, 0x2095DB, 0x2095DB,
        0x2095DB, 0x2095DB, 0x054972, 0x2095DB, 0x041B28, 0x041B28, 0x8CD3FF, 0x2095DB, 0x2095DB, 0x8CD3FF, 0x041B28, 0x041B28, 0x2095DB, 0x054972, 0x2095DB, 0x2095DB,
        0x2095DB, 0x2095DB, 0x054972, 0x2095DB, 0x8CD3FF, 0x8CD3FF, 0x2095DB, 0x030306, 0x030306, 0x2095DB, 0x8CD3FF, 0x8CD3FF, 0x2095DB, 0x054972, 0x2095DB, 0x2095DB,
        0x2095DB, 0x2095DB, 0x054972, 0x2095DB, 0x2095DB, 0x2095DB, 0x2095DB, 0x030306, 0x030306, 0x2095DB, 0x2095DB, 0x2095DB, 0x2095DB, 0x054972, 0x2095DB, 0x2095DB,
        0x2095DB, 0x2095DB, 0x054972, 0x2095DB, 0x041B28, 0x041B28, 0x2095DB, 0x2095DB, 0x2095DB, 0x2095DB, 0x041B28, 0x041B28, 0x2095DB, 0x054972, 0x2095DB, 0x2095DB,
        0x2095DB, 0x2095DB, 0x054972, 0x2095DB, 0x041B28, 0x041B28, 0x041B28, 0x2095DB, 0x2095DB, 0x041B28, 0x041B28, 0x041B28, 0x2095DB, 0x054972, 0x2095DB, 0x2095DB,
        0x2095DB, 0x2095DB, 0x054972, 0x2095DB, 0x041B28, 0x050509, 0x041B28, 0x041B28, 0x041B28, 0x041B28, 0x050509, 0x041B28, 0x2095DB, 0x054972, 0x2095DB, 0x2095DB,
        0x2095DB, 0x2095DB, 0x054972, 0x2095DB, 0x041B28, 0x050509, 0x050509, 0x050509, 0x050509, 0x050509, 0x050509, 0x041B28, 0x2095DB, 0x054972, 0x2095DB, 0x2095DB,
        0x2095DB, 0x2095DB, 0x2095DB, 0x2095DB, 0x041B28, 0x050509, 0x050509, 0x050509, 0x050509, 0x050509, 0x050509, 0x041B28, 0x2095DB, 0x2095DB, 0x2095DB, 0x2095DB,
        0x041B28, 0x2095DB, 0x2095DB, 0x2095DB, 0x041B28, 0x050509, 0x050509, 0x050509, 0x050509, 0x050509, 0x050509, 0x041B28, 0x2095DB, 0x2095DB, 0x2095DB, 0x041B28,
        0x041B28, 0x041B28, 0x041B28, 0x041B28, 0x041B28, 0x050509, 0x050509, 0x050509, 0x050509, 0x050509, 0x050509, 0x041B28, 0x041B28, 0x041B28, 0x041B28, 0x041B28,
    },
    {
        0x041428, 0x041428, 0x041428, 0x041428, 0x041428, 0x050509, 0x050509, 0x050509, 0x050509, 0x050509, 0x050509, 0x041428, 0x041428, 0x041428, 0x041428, 0x041428,
        0x041428, 0x8CBEFF, 0x8CBEFF, 0x8CBEFF, 0x041428, 0x050509, 0x050509, 0x050509, 0x050509, 0x050509, 0x050509, 0x041428, 0x8CBEFF, 0x8CBEFF, 0x8CBEFF, 0x041428,
        0x8CBEFF, 0x2072DB, 0x2072DB, 0x2072DB, 0x041428, 0x050509, 0x050509, 0x050509, 0x050509, 0x050509, 0x050509, 0x041428, 0x2072DB, 0x2072DB, 0x2072DB, 0x8CBEFF,
        0x2072DB, 0x2072DB, 0x053572, 0x2072DB, 0x041428, 0x050509, 0x050509, 0x050509, 0x050509, 0x050509, 0x050509, 0x041428, 0x2072DB, 0x053572, 0x2072DB, 0x2072DB,
        0x2072DB, 0x2072DB, 0x053572, 0x2072DB, 0x041428, 0x050509, 0x041428, 0x041428, 0x041428, 0x041428, 0x050509, 0x041428, 0x2072DB, 0x053572, 0x2072DB, 0x2072DB,
        0x2072DB, 0x2072DB, 0x053572, 0x2072DB, 0x041428, 0x041428, 0x041428, 0x8CBEFF, 0x8CBEFF, 0x041428, 0x041428, 0x041428, 0x2072DB, 0x053572, 0x2072DB, 0x2072DB,
        0x2072DB, 0x2072DB, 0x053572, 0x2072DB, 0x041428, 0x041428, 0x8CBEFF, 0x2072DB, 0x2072DB, 0x8CBEFF, 0x041428, 0x041428, 0x2072DB, 0x053572, 0x2072DB, 0x2072DB,
        0x2072DB, 0x2072DB, 0x053572, 0x2072DB, 0x8CBEFF, 0x8CBEFF, 0x2072DB, 0x030306, 0x030306, 0x2072DB, 0x8CBEFF, 0x8CBEFF, 0x2072DB, 0x053572, 0x2072DB, 0x2072DB,
        0x2072DB, 0x2072DB, 0x053572, 0x2072DB, 0x2072DB, 0x2072DB, 0x2072DB, 0x030306, 0x030306, 0x2072DB, 0x2072DB, 0x2072DB, 0x2072DB, 0x053572, 0x2072DB, 0x2072DB,
        0x2072DB, 0x2072DB, 0x053572, 0x2072DB, 0x041428, 0x041428, 0x2072DB, 0x2072DB, 0x2072DB, 0x2072DB, 0x041428, 0x041428, 0x2072DB, 0x053572, 0x2072DB, 0x2072DB,
        0x2072DB, 0x2072DB, 0x053572, 0x2072DB, 0x041428, 0x041428, 0x041428, 0x2072DB, 0x2072DB, 0x041428, 0x041428, 0x041428, 0x2072DB, 0x053572, 0x2072DB, 0x2072DB,
        0x2072DB, 0x2072DB, 0x053572, 0x2072DB, 0x041428, 0x050509, 0x041428, 0x041428, 0x041428, 0x041428, 0x050509, 0x041428, 0x2072DB, 0x053572, 0x2072DB, 0x2072DB,
        0x2072DB, 0x2072DB, 0x053572, 0x2072DB, 0x041428, 0x050509, 0x050509, 0x050509, 0x050509, 0x050509, 0x050509, 0x041428, 0x2072DB, 0x053572, 0x2072DB, 0x2072DB,
        0x2072DB, 0x2072DB, 0x2072DB, 0x2072DB, 0x041428, 0x050509, 0x050509, 0x050509, 0x050509, 0x050509, 0x050509, 0x041428, 0x2072DB, 0x2072DB, 0x2072DB, 0x2072DB,
        0x041428, 0x2072DB, 0x2072DB, 0x2072DB, 0x041428, 0x050509, 0x050509, 0x050509, 0x050509, 0x050509, 0x050509, 0x041428, 0x2072DB, 0x2072DB, 0x2072DB, 0x041428,
        0x041428, 0x041428, 0x041428, 0x041428, 0x041428, 0x050509, 0x050509, 0x050509, 0x050509, 0x050509, 0x050509, 0x041428, 0x041428, 0x041428, 0x041428, 0x041428,
    },
    {
        0x040D28, 0x040D28, 0x040D28, 0x040D28, 0x040D28, 0x050509, 0x050509, 0x050509, 0x050509, 0x050509, 0x050509, 0x040D28, 0x040D28, 0x040D28, 0x040D28, 0x040D28,
        0x040D28, 0x8CA8FF, 0x8CA8FF, 0x8CA8FF, 0x040D28, 0x050509, 0x050509, 0x050509, 0x050509, 0x050509, 0x050509, 0x040D28, 0x8CA8FF, 0x8CA8FF, 0x8CA8FF, 0x040D28,
        0x8CA8FF, 0x204FDB, 0x204FDB, 0x204FDB, 0x040D28, 0x050509, 0x050509, 0x050509, 0x050509, 0x050509, 0x050509, 0x040D28, 0x204FDB, 0x204FDB, 0x204FDB, 0x8CA8FF,
        0x204FDB, 0x204FDB, 0x052072, 0x204FDB, 0x040D28, 0x050509, 0x050509, 0x050509, 0x050509, 0x050509, 0x050509, 0x040D28, 0x204FDB, 0x052072, 0x204FDB, 0x204FDB,
        0x204FDB, 0x204FDB, 0x052072, 0x204FDB, 0x040D28, 0x050509, 0x040D28, 0x040D28, 0x040D28, 0x040D28, 0x050509, 0x040D28, 0x204FDB, 0x052072, 0x204FDB, 0x204FDB,
        0x204FDB, 0x204FDB, 0x052072, 0x204FDB, 0x040D28, 0x040D28, 0x040D28, 0x8CA8FF, 0x8CA8FF, 0x040D28, 0x040D28, 0x040D28, 0x204FDB, 0x052072, 0x204FDB, 0x204FDB,
        0x204FDB, 0x204FDB, 0x052072, 0x204FDB, 0x040D28, 0x040D28, 0x8CA8FF, 0x204FDB, 0x204FDB, 0x8CA8FF, 0x040D28, 0x040D28, 0x204FDB, 0x052072, 0x204FDB, 0x204FDB,
        0x204FDB, 0x204FDB, 0x052072, 0x204FDB, 0x8CA8FF, 0x8CA8FF, 0x204FDB, 0x030306, 0x030306, 0x204FDB, 0x8CA8FF, 0x8CA8FF, 0x204FDB, 0x052072, 0x204FDB, 0x204FDB,
        0x204FDB, 0x204FDB, 0x052072, 0x204FDB, 0x204FDB, 0x204FDB, 0x204FDB, 0x030306, 0x030306, 0x204FDB, 0x204FDB, 0x204FDB, 0x204FDB, 0x052072, 0x204FDB, 0x204FDB,
        0x204FDB, 0x204FDB, 0x052072, 0x204FDB, 0x040D28, 0x040D28, 0x204FDB, 0x204FDB, 0x204FDB, 0x204FDB, 0x040D28, 0x040D28, 0x204FDB, 0x052072, 0x204FDB, 0x204FDB,
        0x204FDB, 0x204FDB, 0x052072, 0x204FDB, 0x040D28, 0x040D28, 0x040D28, 0x204FDB, 0x204FDB, 0x040D28, 0x040D28, 0x040D28, 0x204FDB, 0x052072, 0x204FDB, 0x204FDB,
        0x204FDB, 0x204FDB, 0x052072, 0x204FDB, 0x040D28, 0x050509, 0x040D28, 0x040D28, 0x040D28, 0x040D28, 0x050509, 0x040D28, 0x204FDB, 0x052072, 0x204FDB, 0x204FDB,
        0x204FDB, 0x204FDB, 0x052072, 0x204FDB, 0x040D28, 0x050509, 0x050509, 0x050509, 0x050509, 0x050509, 0x050509, 0x040D28, 0x204FDB, 0x052072, 0x204FDB, 0x204FDB,
        0x204FDB, 0x204FDB, 0x204FDB, 0x204FDB, 0x040D28, 0x050509, 0x050509, 0x050509, 0x050509, 0x050509, 0x050509, 0x040D28, 0x204FDB, 0x204FDB, 0x204FDB, 0x204FDB,
        0x040D28, 0x204FDB, 0x204FDB, 0x204FDB, 0x040D28, 0x050509, 0x050509, 0x050509, 0x050509, 0x050509, 0x050509, 0x040D28, 0x204FDB, 0x204FDB, 0x204FDB, 0x040D28,
        0x040D28, 0x040D28, 0x040D28, 0x040D28, 0x040D28, 0x050509, 0x050509, 0x050509, 0x050509, 0x050509, 0x050509, 0x040D28, 0x040D28, 0x040D28, 0x040D28, 0x040D28,
    },
    {
        0x040628, 0x040628, 0x040628, 0x040628, 0x040628, 0x050509, 0x050509, 0x050509, 0x050509, 0x050509, 0x050509, 0x040628, 0x040628, 0x040628, 0x040628, 0x040628,
        0x040628, 0x8C93FF, 0x8C93FF, 0x8C93FF, 0x040628, 0x050509, 0x050509, 0x050509, 0x050509, 0x050509, 0x050509, 0x040628, 0x8C93FF, 0x8C93FF, 0x8C93FF, 0x040628,
        0x8C93FF, 0x202CDB, 0x202CDB, 0x202CDB, 0x040628, 0x050509, 0x050509, 0x050509, 0x050509, 0x050509, 0x050509, 0x040628, 0x202CDB, 0x202CDB, 0x202CDB, 0x8C93FF,
        0x202CDB, 0x202CDB, 0x050C72, 0x202CDB, 0x040628, 0x050509, 0x050509, 0x050509, 0x050509, 0x050509, 0x050509, 0x040628, 0x202CDB, 0x050C72, 0x202CDB, 0x202CDB,
        0x202CDB, 0x202CDB, 0x050C72, 0x202CDB, 0x040628, 0x050509, 0x040628, 0x040628, 0x040628, 0x040628, 0x050509, 0x040628, 0x202CDB, 0x050C72, 0x202CDB, 0x202CDB,
        0x202CDB, 0x202CDB, 0x050C72, 0x202CDB, 0x040628, 0x040628, 0x040628, 0x8C93FF, 0x8C93FF, 0x040628, 0x040628, 0x040628, 0x202CDB, 0x050C72, 0x202CDB, 0x202CDB,
        0x202CDB, 0x202CDB, 0x050C72, 0x202CDB, 0x040628, 0x040628, 0x8C93FF, 0x202CDB, 0x202CDB, 0x8C93FF, 0x040628, 0x040628, 0x202CDB, 0x050C72, 0x202CDB, 0x202CDB,
        0x202CDB, 0x202CDB, 0x050C72, 0x202CDB, 0x8C93FF, 0x8C93FF, 0x202CDB, 0x030306, 0x030306, 0x202CDB, 0x8C93FF, 0x8C93FF, 0x202CDB, 0x050C72, 0x202CDB, 0x202CDB,
        0x202CDB, 0x202CDB, 0x050C72, 0x202CDB, 0x202CDB, 0x202CDB, 0x202CDB, 0x030306, 0x030306, 0x202CDB, 0x202CDB, 0x202CDB, 0x202CDB, 0x050C72, 0x202CDB, 0x202CDB,
        0x202CDB, 0x202CDB, 0x050C72, 0x202CDB, 0x040628, 0x040628, 0x202CDB, 0x202CDB, 0x202CDB, 0x202CDB, 0x040628, 0x040628, 0x202CDB, 0x050C72, 0x202CDB, 0x202CDB,
        0x202CDB, 0x202CDB, 0x050C72, 0x202CDB, 0x040628, 0x040628, 0x040628, 0x202CDB, 0x202CDB, 0x040628, 0x040628, 0x040628, 0x202CDB, 0x050C72, 0x202CDB, 0x202CDB,
        0x202CDB, 0x202CDB, 0x050C72, 0x202CDB, 0x040628, 0x050509, 0x040628, 0x040628, 0x040628, 0x040628, 0x050509, 0x040628, 0x202CDB, 0x050C72, 0x202CDB, 0x202CDB,
        0x202CDB, 0x202CDB, 0x050C72, 0x202CDB, 0x040628, 0x050509, 0x050509, 0x050509, 0x050509, 0x050509, 0x050509, 0x040628, 0x202CDB, 0x050C72, 0x202CDB, 0x202CDB,
        0x202CDB, 0x202CDB, 0x202CDB, 0x202CDB, 0x040628, 0x050509, 0x050509, 0x050509, 0x050509, 0x050509, 0x050509, 0x040628, 0x202CDB, 0x202CDB, 0x202CDB, 0x202CDB,
        0x040628, 0x202CDB, 0x202CDB, 0x202CDB, 0x040628, 0x050509, 0x050509, 0x050509, 0x050509, 0x050509, 0x050509, 0x040628, 0x202CDB, 0x202CDB, 0x202CDB, 0x040628,
        0x040628, 0x040628, 0x040628, 0x040628, 0x040628, 0x050509, 0x050509, 0x050509, 0x050509, 0x050509, 0x050509, 0x040628, 0x040628, 0x040628, 0x040628, 0x040628,
    },
    {
        0x080428, 0x080428, 0x080428, 0x080428, 0x080428, 0x050509, 0x050509, 0x050509, 0x050509, 0x050509, 0x050509, 0x080428, 0x080428, 0x080428, 0x080428, 0x080428,
        0x080428, 0x9A8CFF, 0x9A8CFF, 0x9A8CFF, 0x080428, 0x050509, 0x050509, 0x050509, 0x050509, 0x050509, 0x050509, 0x080428, 0x9A8CFF, 0x9A8CFF, 0x9A8CFF, 0x080428,
        0x9A8CFF, 0x3820DB, 0x3820DB, 0x3820DB, 0x080428, 0x050509, 0x050509, 0x050509, 0x050509, 0x050509, 0x050509, 0x080428, 0x3820DB, 0x3820DB, 0x3820DB, 0x9A8CFF,
        0x3820DB, 0x3820DB, 0x130572, 0x3820DB, 0x080428, 0x050509, 0x050509, 0x050509, 0x050509, 0x050509, 0x050509, 0x080428, 0x3820DB, 0x130572, 0x3820DB, 0x3820DB,
        0x3820DB, 0x3820DB, 0x130572, 0x3820DB, 0x080428, 0x050509, 0x080428, 0x080428, 0x080428, 0x080428, 0x050509, 0x080428, 0x3820DB, 0x130572, 0x3820DB, 0x3820DB,
        0x3820DB, 0x3820DB, 0x130572, 0x3820DB, 0x080428, 0x080428, 0x080428, 0x9A8CFF, 0x9A8CFF, 0x080428, 0x080428, 0x080428, 0x3820DB, 0x130572, 0x3820DB, 0x3820DB,
        0x3820DB, 0x3820DB, 0x130572, 0x3820DB, 0x080428, 0x080428, 0x9A8CFF, 0x3820DB, 0x3820DB, 0x9A8CFF, 0x080428, 0x080428, 0x3820DB, 0x130572, 0x3820DB, 0x3820DB,
        0x3820DB, 0x3820DB, 0x130572, 0x3820DB, 0x9A8CFF, 0x9A8CFF, 0x3820DB, 0x030306, 0x030306, 0x3820DB, 0x9A8CFF, 0x9A8CFF, 0x3820DB, 0x130572, 0x3820DB, 0x3820DB,
        0x3820DB, 0x3820DB, 0x130572, 0x3820DB, 0x3820DB, 0x3820DB, 0x3820DB, 0x030306, 0x030306, 0x3820DB, 0x3820DB, 0x3820DB, 0x3820DB, 0x130572, 0x3820DB, 0x3820DB,
        0x3820DB, 0x3820DB, 0x130572, 0x3820DB, 0x080428, 0x080428, 0x3820DB, 0x3820DB, 0x3820DB, 0x3820DB, 0x080428, 0x080428, 0x3820DB, 0x130572, 0x3820DB, 0x3820DB,
        0x3820DB, 0x3820DB, 0x130572, 0x3820DB, 0x080428, 0x080428, 0x080428, 0x3820DB, 0x3820DB, 0x080428, 0x080428, 0x080428, 0x3820DB, 0x130572, 0x3820DB, 0x3820DB,
        0x3820DB, 0x3820DB, 0x130572, 0x3820DB, 0x080428, 0x050509, 0x080428, 0x080428, 0x080428, 0x080428, 0x050509, 0x080428, 0x3820DB, 0x130572, 0x3820DB, 0x3820DB,
        0x3820DB, 0x3820DB, 0x130572, 0x3820DB, 0x080428, 0x050509, 0x050509, 0x050509, 0x050509, 0x050509, 0x050509, 0x080428, 0x3820DB, 0x130572, 0x3820DB, 0x3820DB,
        0x3820DB, 0x3820DB, 0x3820DB, 0x3820DB, 0x080428, 0x050509, 0x050509, 0x050509, 0x050509, 0x050509, 0x050509, 0x080428, 0x3820DB, 0x3820DB, 0x3820DB, 0x3820DB,
        0x080428, 0x3820DB, 0x3820DB, 0x3820DB, 0x080428, 0x050509, 0x050509, 0x050509, 0x050509, 0x050509, 0x050509, 0x080428, 0x3820DB, 0x3820DB, 0x3820DB, 0x080428,
        0x080428, 0x080428, 0x080428, 0x080428, 0x080428, 0x050509, 0x050509, 0x050509, 0x050509, 0x050509, 0x050509, 0x080428, 0x080428, 0x080428, 0x080428, 0x080428,
    },
    {
        0x0F0428, 0x0F0428, 0x0F0428, 0x0F0428, 0x0F0428, 0x050509, 0x050509, 0x050509, 0x050509, 0x050509, 0x050509, 0x0F0428, 0x0F0428, 0x0F0428, 0x0F0428, 0x0F0428,
        0x0F0428, 0xB08CFF, 0xB08CFF, 0xB08CFF, 0x0F0428, 0x050509, 0x050509, 0x050509, 0x050509, 0x050509, 0x050509, 0x0F0428, 0xB08CFF, 0xB08CFF, 0xB08CFF, 0x0F0428,
        0xB08CFF, 0x5B20DB, 0x5B20DB, 0x5B20DB, 0x0F0428, 0x050509, 0x050509, 0x050509, 0x050509, 0x050509, 0x050509, 0x0F0428, 0x5B20DB, 0x5B20DB, 0x5B20DB, 0xB08CFF,
        0x5B20DB, 0x5B20DB, 0x270572, 0x5B20DB, 0x0F0428, 0x050509, 0x050509, 0x050509, 0x050509, 0x050509, 0x050509, 0x0F0428, 0x5B20DB, 0x270572, 0x5B20DB, 0x5B20DB,
        0x5B20DB, 0x5B20DB, 0x270572, 0x5B20DB, 0x0F0428, 0x050509, 0x0F0428, 0x0F0428, 0x0F0428, 0x0F0428, 0x050509, 0x0F0428, 0x5B20DB, 0x270572, 0x5B20DB, 0x5B20DB,
        0x5B20DB, 0x5B20DB, 0x270572, 0x5B20DB, 0x0F0428, 0x0F0428, 0x0F0428, 0xB08CFF, 0xB08CFF, 0x0F0428, 0x0F0428, 0x0F0428, 0x5B20DB, 0x270572, 0x5B20DB, 0x5B20DB,
        0x5B20DB, 0x5B20DB, 0x270572, 0x5B20DB, 0x0F0428, 0x0F0428, 0xB08CFF, 0x5B20DB, 0x5B20DB, 0xB08CFF, 0x0F0428, 0x0F0428, 0x5B20DB, 0x270572, 0x5B20DB, 0x5B20DB,
        0x5B20DB, 0x5B20DB, 0x270572, 0x5B20DB, 0xB08CFF, 0xB08CFF, 0x5B20DB, 0x030306, 0x030306, 0x5B20DB, 0xB08CFF, 0xB08CFF, 0x5B20DB, 0x270572, 0x5B20DB, 0x5B20DB,
        0x5B20DB, 0x5B20DB, 0x270572, 0x5B20DB, 0x5B20DB, 0x5B20DB, 0x5B20DB, 0x030306, 0x030306, 0x5B20DB, 0x5B20DB, 0x5B20DB, 0x5B20DB, 0x270572, 0x5B20DB, 0x5B20DB,
        0x5B20DB, 0x5B20DB, 0x270572, 0x5B20DB, 0x0F0428, 0x0F0428, 0x5B20DB, 0x5B20DB, 0x5B20DB, 0x5B20DB, 0x0F0428, 0x0F0428, 0x5B20DB, 0x270572, 0x5B20DB, 0x5B20DB,
        0x5B20DB, 0x5B20DB, 0x270572, 0x5B20DB, 0x0F0428, 0x0F0428, 0x0F0428, 0x5B20DB, 0x5B20DB, 0x0F0428, 0x0F0428, 0x0F0428, 0x5B20DB, 0x270572, 0x5B20DB, 0x5B20DB,
        0x5B20DB, 0x5B20DB, 0x270572, 0x5B20DB, 0x0F0428, 0x050509, 0x0F0428, 0x0F0428, 0x0F0428, 0x0F0428, 0x050509, 0x0F0428, 0x5B20DB, 0x270572, 0x5B20DB, 0x5B20DB,
        0x5B20DB, 0x5B20DB, 0x270572, 0x5B20DB, 0x0F0428, 0x050509, 0x050509, 0x050509, 0x050509, 0x050509, 0x050509, 0x0F0428, 0x5B20DB, 0x270572, 0x5B20DB, 0x5B20DB,
        0x5B20DB, 0x5B20DB, 0x5B20DB, 0x5B20DB, 0x0F0428, 0x050509, 0x050509, 0x050509, 0x050509, 0x050509, 0x050509, 0x0F0428, 0x5B20DB, 0x5B20DB, 0x5B20DB, 0x5B20DB,
        0x0F0428, 0x5B20DB, 0x5B20DB, 0x5B20DB, 0x0F0428, 0x050509, 0x050509, 0x050509, 0x050509, 0x050509, 0x050509, 0x0F0428, 0x5B20DB, 0x5B20DB, 0x5B20DB, 0x0F0428,
        0x0F0428, 0x0F0428, 0x0F0428, 0x0F0428, 0x0F0428, 0x050509, 0x050509, 0x050509, 0x050509, 0x050509, 0x050509, 0x0F0428, 0x0F0428, 0x0F0428, 0x0F0428, 0x0F0428,
    },
    {
        0x160428, 0x160428, 0x160428, 0x160428, 0x160428, 0x050509, 0x050509, 0x050509, 0x050509, 0x050509, 0x050509, 0x160428, 0x160428, 0x160428, 0x160428, 0x160428,
        0x160428, 0xC58CFF, 0xC58CFF, 0xC58CFF, 0x160428, 0x050509, 0x050509, 0x050509, 0x050509, 0x050509, 0x050509, 0x160428, 0xC58CFF, 0xC58CFF, 0xC58CFF, 0x160428,
        0xC58CFF, 0x7E20DB, 0x7E20DB, 0x7E20DB, 0x160428, 0x050509, 0x050509, 0x050509, 0x050509, 0x050509, 0x050509, 0x160428, 0x7E20DB, 0x7E20DB, 0x7E20DB, 0xC58CFF,
        0x7E20DB, 0x7E20DB, 0x3C0572, 0x7E20DB, 0x160428, 0x050509, 0x050509, 0x050509, 0x050509, 0x050509, 0x050509, 0x160428, 0x7E20DB, 0x3C0572, 0x7E20DB, 0x7E20DB,
        0x7E20DB, 0x7E20DB, 0x3C0572, 0x7E20DB, 0x160428, 0x050509, 0x160428, 0x160428, 0x160428, 0x160428, 0x050509, 0x160428, 0x7E20DB, 0x3C0572, 0x7E20DB, 0x7E20DB,
        0x7E20DB, 0x7E20DB, 0x3C0572, 0x7E20DB, 0x160428, 0x160428, 0x160428, 0xC58CFF, 0xC58CFF, 0x160428, 0x160428, 0x160428, 0x7E20DB, 0x3C0572, 0x7E20DB, 0x7E20DB,
        0x7E20DB, 0x7E20DB, 0x3C0572, 0x7E20DB, 0x160428, 0x160428, 0xC58CFF, 0x7E20DB, 0x7E20DB, 0xC58CFF, 0x160428, 0x160428, 0x7E20DB, 0x3C0572, 0x7E20DB, 0x7E20DB,
        0x7E20DB, 0x7E20DB, 0x3C0572, 0x7E20DB, 0xC58CFF, 0xC58CFF, 0x7E20DB, 0x030306, 0x030306, 0x7E20DB, 0xC58CFF, 0xC58CFF, 0x7E20DB, 0x3C0572, 0x7E20DB, 0x7E20DB,
        0x7E20DB, 0x7E20DB, 0x3C0572, 0x7E20DB, 0x7E20DB, 0x7E20DB, 0x7E20DB, 0x030306, 0x030306, 0x7E20DB, 0x7E20DB, 0x7E20DB, 0x7E20DB, 0x3C0572, 0x7E20DB, 0x7E20DB,
        0x7E20DB, 0x7E20DB, 0x3C0572, 0x7E20DB, 0x160428, 0x160428, 0x7E20DB, 0x7E20DB, 0x7E20DB, 0x7E20DB, 0x160428, 0x160428, 0x7E20DB, 0x3C0572, 0x7E20DB, 0x7E20DB,
        0x7E20DB, 0x7E20DB, 0x3C0572, 0x7E20DB, 0x160428, 0x160428, 0x160428, 0x7E20DB, 0x7E20DB, 0x160428, 0x160428, 0x160428, 0x7E20DB, 0x3C0572, 0x7E20DB, 0x7E20DB,
        0x7E20DB, 0x7E20DB, 0x3C0572, 0x7E20DB, 0x160428, 0x050509, 0x160428, 0x160428, 0x160428, 0x160428, 0x050509, 0x160428, 0x7E20DB, 0x3C0572, 0x7E20DB, 0x7E20DB,
        0x7E20DB, 0x7E20DB, 0x3C0572, 0x7E20DB, 0x160428, 0x050509, 0x050509, 0x050509, 0x050509, 0x050509, 0x050509, 0x160428, 0x7E20DB, 0x3C0572, 0x7E20DB, 0x7E20DB,
        0x7E20DB, 0x7E20DB, 0x7E20DB, 0x7E20DB, 0x160428, 0x050509, 0x050509, 0x050509, 0x050509, 0x050509, 0x050509, 0x160428, 0x7E20DB, 0x7E20DB, 0x7E20DB, 0x7E20DB,
        0x160428, 0x7E20DB, 0x7E20DB, 0x7E20DB, 0x160428, 0x050509, 0x050509, 0x050509, 0x050509, 0x050509, 0x050509, 0x160428, 0x7E20DB, 0x7E20DB, 0x7E20DB, 0x160428,
        0x160428, 0x160428, 0x160428, 0x160428, 0x160428, 0x050509, 0x050509, 0x050509, 0x050509, 0x050509, 0x050509, 0x160428, 0x160428, 0x160428, 0x160428, 0x160428,
    },
    {
        0x1D0428, 0x1D0428, 0x1D0428, 0x1D0428, 0x1D0428, 0x050509, 0x050509, 0x050509, 0x050509, 0x050509, 0x050509, 0x1D0428, 0x1D0428, 0x1D0428, 0x1D0428, 0x1D0428,
        0x1D0428, 0xDB8CFF, 0xDB8CFF, 0xDB8CFF, 0x1D0428, 0x050509, 0x050509, 0x050509, 0x050509, 0x050509, 0x050509, 0x1D0428, 0xDB8CFF, 0xDB8CFF, 0xDB8CFF, 0x1D0428,
        0xDB8CFF, 0xA120DB, 0xA120DB, 0xA120DB, 0x1D0428, 0x050509, 0x050509, 0x050509, 0x050509, 0x050509, 0x050509, 0x1D0428, 0xA120DB, 0xA120DB, 0xA120DB, 0xDB8CFF,
        0xA120DB, 0xA120DB, 0x500572, 0xA120DB, 0x1D0428, 0x050509, 0x050509, 0x050509, 0x050509, 0x050509, 0x050509, 0x1D0428, 0xA120DB, 0x500572, 0xA120DB, 0xA120DB,
        0xA120DB, 0xA120DB, 0x500572, 0xA120DB, 0x1D0428, 0x050509, 0x1D0428, 0x1D0428, 0x1D0428, 0x1D0428, 0x050509, 0x1D0428, 0xA120DB, 0x500572, 0xA120DB, 0xA120DB,
        0xA120DB, 0xA120DB, 0x500572, 0xA120DB, 0x1D0428, 0x1D0428, 0x1D0428, 0xDB8CFF, 0xDB8CFF, 0x1D0428, 0x1D0428, 0x1D0428, 0xA120DB, 0x500572, 0xA120DB, 0xA120DB,
        0xA120DB, 0xA120DB, 0x500572, 0xA120DB, 0x1D0428, 0x1D0428, 0xDB8CFF, 0xA120DB, 0xA120DB, 0xDB8CFF, 0x1D0428, 0x1D0428, 0xA120DB, 0x500572, 0xA120DB, 0xA120DB,
        0xA120DB, 0xA120DB, 0x500572, 0xA120DB, 0xDB8CFF, 0xDB8CFF, 0xA120DB, 0x030306, 0x030306, 0xA120DB, 0xDB8CFF, 0xDB8CFF, 0xA120DB, 0x500572, 0xA120DB, 0xA120DB,
        0xA120DB, 0xA120DB, 0x500572, 0xA120DB, 0xA120DB, 0xA120DB, 0xA120DB, 0x030306, 0x030306, 0xA120DB, 0xA120DB, 0xA120DB, 0xA120DB, 0x500572, 0xA120DB, 0xA120DB,
        0xA120DB, 0xA120DB, 0x500572, 0xA120DB, 0x1D0428, 0x1D0428, 0xA120DB, 0xA120DB, 0xA120DB, 0xA120DB, 0x1D0428, 0x1D0428, 0xA120DB, 0x500572, 0xA120DB, 0xA120DB,
        0xA120DB, 0xA120DB, 0x500572, 0xA120DB, 0x1D0428, 0x1D0428, 0x1D0428, 0xA120DB, 0xA120DB, 0x1D0428, 0x1D0428, 0x1D0428, 0xA120DB, 0x500572, 0xA120DB, 0xA120DB,
        0xA120DB, 0xA120DB, 0x500572, 0xA120DB, 0x1D0428, 0x050509, 0x1D0428, 0x1D0428, 0x1D0428, 0x1D0428, 0x050509, 0x1D0428, 0xA120DB, 0x500572, 0xA120DB, 0xA120DB,
        0xA120DB, 0xA120DB, 0x500572, 0xA120DB, 0x1D0428, 0x050509, 0x050509, 0x050509, 0x050509, 0x050509, 0x050509, 0x1D0428, 0xA120DB, 0x500572, 0xA120DB, 0xA120DB,
        0xA120DB, 0xA120DB, 0xA120DB, 0xA120DB, 0x1D0428, 0x050509, 0x050509, 0x050509, 0x050509, 0x050509, 0x050509, 0x1D0428, 0xA120DB, 0xA120DB, 0xA120DB, 0xA120DB,
        0x1D0428, 0xA120DB, 0xA120DB, 0xA120DB, 0x1D0428, 0x050509, 0x050509, 0x050509, 0x050509, 0x050509, 0x050509, 0x1D0428, 0xA120DB, 0xA120DB, 0xA120DB, 0x1D0428,
        0x1D0428, 0x1D0428, 0x1D0428, 0x1D0428, 0x1D0428, 0x050509, 0x050509, 0x050509, 0x050509, 0x050509, 0x050509, 0x1D0428, 0x1D0428, 0x1D0428, 0x1D0428, 0x1D0428,
    },
    {
        0x240428, 0x240428, 0x240428, 0x240428, 0x240428, 0x050509, 0x050509, 0x050509, 0x050509, 0x050509, 0x050509, 0x240428, 0x240428, 0x240428, 0x240428, 0x240428,
        0x240428, 0xF08CFF, 0xF08CFF, 0xF08CFF, 0x240428, 0x050509, 0x050509, 0x050509, 0x050509, 0x050509, 0x050509, 0x240428, 0xF08CFF, 0xF08CFF, 0xF08CFF, 0x240428,
        0xF08CFF, 0xC320DB, 0xC320DB, 0xC320DB, 0x240428, 0x050509, 0x050509, 0x050509, 0x050509, 0x050509, 0x050509, 0x240428, 0xC320DB, 0xC320DB, 0xC320DB, 0xF08CFF,
        0xC320DB, 0xC320DB, 0x650572, 0xC320DB, 0x240428, 0x050509, 0x050509, 0x050509, 0x050509, 0x050509, 0x050509, 0x240428, 0xC320DB, 0x650572, 0xC320DB, 0xC320DB,
        0xC320DB, 0xC320DB, 0x650572, 0xC320DB, 0x240428, 0x050509, 0x240428, 0x240428, 0x240428, 0x240428, 0x050509, 0x240428, 0xC320DB, 0x650572, 0xC320DB, 0xC320DB,
        0xC320DB, 0xC320DB, 0x650572, 0xC320DB, 0x240428, 0x240428, 0x240428, 0xF08CFF, 0xF08CFF, 0x240428, 0x240428, 0x240428, 0xC320DB, 0x650572, 0xC320DB, 0xC320DB,
        0xC320DB, 0xC320DB, 0x650572, 0xC320DB, 0x240428, 0x240428, 0xF08CFF, 0xC320DB, 0xC320DB, 0xF08CFF, 0x240428, 0x240428, 0xC320DB, 0x650572, 0xC320DB, 0xC320DB,
        0xC320DB, 0xC320DB, 0x650572, 0xC320DB, 0xF08CFF, 0xF08CFF, 0xC320DB, 0x030306, 0x030306, 0xC320DB, 0xF08CFF, 0xF08CFF, 0xC320DB, 0x650572, 0xC320DB, 0xC320DB,
        0xC320DB, 0xC320DB, 0x650572, 0xC320DB, 0xC320DB, 0xC320DB, 0xC320DB, 0x030306, 0x030306, 0xC320DB, 0xC320DB, 0xC320DB, 0xC320DB, 0x650572, 0xC320DB, 0xC320DB,
        0xC320DB, 0xC320DB, 0x650572, 0xC320DB, 0x240428, 0x240428, 0xC320DB, 0xC320DB, 0xC320DB, 0xC320DB, 0x240428, 0x240428, 0xC320DB, 0x650572, 0xC320DB, 0xC320DB,
        0xC320DB, 0xC320DB, 0x650572, 0xC320DB, 0x240428, 0x240428, 0x240428, 0xC320DB, 0xC320DB, 0x240428, 0x240428, 0x240428, 0xC320DB, 0x650572, 0xC320DB, 0xC320DB,
        0xC320DB, 0xC320DB, 0x650572, 0xC320DB, 0x240428, 0x050509, 0x240428, 0x240428, 0x240428, 0x240428, 0x050509, 0x240428, 0xC320DB, 0x650572, 0xC320DB, 0xC320DB,
        0xC320DB, 0xC320DB, 0x650572, 0xC320DB, 0x240428, 0x050509, 0x050509, 0x050509, 0x050509, 0x050509, 0x050509, 0x240428, 0xC320DB, 0x650572, 0xC320DB, 0xC320DB,
        0xC320DB, 0xC320DB, 0xC320DB, 0xC320DB, 0x240428, 0x050509, 0x050509, 0x050509, 0x050509, 0x050509, 0x050509, 0x240428, 0xC320DB, 0xC320DB, 0xC320DB, 0xC320DB,
        0x240428, 0xC320DB, 0xC320DB, 0xC320DB, 0x240428, 0x050509, 0x050509, 0x050509, 0x050509, 0x050509, 0x050509, 0x240428, 0xC320DB, 0xC320DB, 0xC320DB, 0x240428,
        0x240428, 0x240428, 0x240428, 0x240428, 0x240428, 0x050509, 0x050509, 0x050509, 0x050509, 0x050509, 0x050509, 0x240428, 0x240428, 0x240428, 0x240428, 0x240428,
    },
    {
        0x280426, 0x280426, 0x280426, 0x280426, 0x280426, 0x050509, 0x050509, 0x050509, 0x050509, 0x050509, 0x050509, 0x280426, 0x280426, 0x280426, 0x280426, 0x280426,
        0x280426, 0xFF8CF7, 0xFF8CF7, 0xFF8CF7, 0x280426, 0x050509, 0x050509, 0x050509, 0x050509, 0x050509, 0x050509, 0x280426, 0xFF8CF7, 0xFF8CF7, 0xFF8CF7, 0x280426,
        0xFF8CF7, 0xDB20CF, 0xDB20CF, 0xDB20CF, 0x280426, 0x050509, 0x050509, 0x050509, 0x050509, 0x050509, 0x050509, 0x280426, 0xDB20CF, 0xDB20CF, 0xDB20CF, 0xFF8CF7,
        0xDB20CF, 0xDB20CF, 0x72056B, 0xDB20CF, 0x280426, 0x050509, 0x050509, 0x050509, 0x050509, 0x050509, 0x050509, 0x280426, 0xDB20CF, 0x72056B, 0xDB20CF, 0xDB20CF,
        0xDB20CF, 0xDB20CF, 0x72056B, 0xDB20CF, 0x280426, 0x050509, 0x280426, 0x280426, 0x280426, 0x280426, 0x050509, 0x280426, 0xDB20CF, 0x72056B, 0xDB20CF, 0xDB20CF,
        0xDB20CF, 0xDB20CF, 0x72056B, 0xDB20CF, 0x280426, 0x280426, 0x280426, 0xFF8CF7, 0xFF8CF7, 0x280426, 0x280426, 0x280426, 0xDB20CF, 0x72056B, 0xDB20CF, 0xDB20CF,
        0xDB20CF, 0xDB20CF, 0x72056B, 0xDB20CF, 0x280426, 0x280426, 0xFF8CF7, 0xDB20CF, 0xDB20CF, 0xFF8CF7, 0x280426, 0x280426, 0xDB20CF, 0x72056B, 0xDB20CF, 0xDB20CF,
        0xDB20CF, 0xDB20CF, 0x72056B, 0xDB20CF, 0xFF8CF7, 0xFF8CF7, 0xDB20CF, 0x030306, 0x030306, 0xDB20CF, 0xFF8CF7, 0xFF8CF7, 0xDB20CF, 0x72056B, 0xDB20CF, 0xDB20CF,
        0xDB20CF, 0xDB20CF, 0x72056B, 0xDB20CF, 0xDB20CF, 0xDB20CF, 0xDB20CF, 0x030306, 0x030306, 0xDB20CF, 0xDB20CF, 0xDB20CF, 0xDB20CF, 0x72056B, 0xDB20CF, 0xDB20CF,
        0xDB20CF, 0xDB20CF, 0x72056B, 0xDB20CF, 0x280426, 0x280426, 0xDB20CF, 0xDB20CF, 0xDB20CF, 0xDB20CF, 0x280426, 0x280426, 0xDB20CF, 0x72056B, 0xDB20CF, 0xDB20CF,
        0xDB20CF, 0xDB20CF, 0x72056B, 0xDB20CF, 0x280426, 0x280426, 0x280426, 0xDB20CF, 0xDB20CF, 0x280426, 0x280426, 0x280426, 0xDB20CF, 0x72056B, 0xDB20CF, 0xDB20CF,
        0xDB20CF, 0xDB20CF, 0x72056B, 0xDB20CF, 0x280426, 0x050509, 0x280426, 0x280426, 0x280426, 0x280426, 0x050509, 0x280426, 0xDB20CF, 0x72056B, 0xDB20CF, 0xDB20CF,
        0xDB20CF, 0xDB20CF, 0x72056B, 0xDB20CF, 0x280426, 0x050509, 0x050509, 0x050509, 0x050509, 0x050509, 0x050509, 0x280426, 0xDB20CF, 0x72056B, 0xDB20CF, 0xDB20CF,
        0xDB20CF, 0xDB20CF, 0xDB20CF, 0xDB20CF, 0x280426, 0x050509, 0x050509, 0x050509, 0x050509, 0x050509, 0x050509, 0x280426, 0xDB20CF, 0xDB20CF, 0xDB20CF, 0xDB20CF,
        0x280426, 0xDB20CF, 0xDB20CF, 0xDB20CF, 0x280426, 0x050509, 0x050509, 0x050509, 0x050509, 0x050509, 0x050509, 0x280426, 0xDB20CF, 0xDB20CF, 0xDB20CF, 0x280426,
        0x280426, 0x280426, 0x280426, 0x280426, 0x280426, 0x050509, 0x050509, 0x050509, 0x050509, 0x050509, 0x050509, 0x280426, 0x280426, 0x280426, 0x280426, 0x280426,
    },
    {
        0x28041F, 0x28041F, 0x28041F, 0x28041F, 0x28041F, 0x050509, 0x050509, 0x050509, 0x050509, 0x050509, 0x050509, 0x28041F, 0x28041F, 0x28041F, 0x28041F, 0x28041F,
        0x28041F, 0xFF8CE2, 0xFF8CE2, 0xFF8CE2, 0x28041F, 0x050509, 0x050509, 0x050509, 0x050509, 0x050509, 0x050509, 0x28041F, 0xFF8CE2, 0xFF8CE2, 0xFF8CE2, 0x28041F,
        0xFF8CE2, 0xDB20AC, 0xDB20AC, 0xDB20AC, 0x28041F, 0x050509, 0x050509, 0x050509, 0x050509, 0x050509, 0x050509, 0x28041F, 0xDB20AC, 0xDB20AC, 0xDB20AC, 0xFF8CE2,
        0xDB20AC, 0xDB20AC, 0x720557, 0xDB20AC, 0x28041F, 0x050509, 0x050509, 0x050509, 0x050509, 0x050509, 0x050509, 0x28041F, 0xDB20AC, 0x720557, 0xDB20AC, 0xDB20AC,
        0xDB20AC, 0xDB20AC, 0x720557, 0xDB20AC, 0x28041F, 0x050509, 0x28041F, 0x28041F, 0x28041F, 0x28041F, 0x050509, 0x28041F, 0xDB20AC, 0x720557, 0xDB20AC, 0xDB20AC,
        0xDB20AC, 0xDB20AC, 0x720557, 0xDB20AC, 0x28041F, 0x28041F, 0x28041F, 0xFF8CE2, 0xFF8CE2, 0x28041F, 0x28041F, 0x28041F, 0xDB20AC, 0x720557, 0xDB20AC, 0xDB20AC,
        0xDB20AC, 0xDB20AC, 0x720557, 0xDB20AC, 0x28041F, 0x28041F, 0xFF8CE2, 0xDB20AC, 0xDB20AC, 0xFF8CE2, 0x28041F, 0x28041F, 0xDB20AC, 0x720557, 0xDB20AC, 0xDB20AC,
        0xDB20AC, 0xDB20AC, 0x720557, 0xDB20AC, 0xFF8CE2, 0xFF8CE2, 0xDB20AC, 0x030306, 0x030306, 0xDB20AC, 0xFF8CE2, 0xFF8CE2, 0xDB20AC, 0x720557, 0xDB20AC, 0xDB20AC,
        0xDB20AC, 0xDB20AC, 0x720557, 0xDB20AC, 0xDB20AC, 0xDB20AC, 0xDB20AC, 0x030306, 0x030306, 0xDB20AC, 0xDB20AC, 0xDB20AC, 0xDB20AC, 0x720557, 0xDB20AC, 0xDB20AC,
        0xDB20AC, 0xDB20AC, 0x720557, 0xDB20AC, 0x28041F, 0x28041F, 0xDB20AC, 0xDB20AC, 0xDB20AC, 0xDB20AC, 0x28041F, 0x28041F, 0xDB20AC, 0x720557, 0xDB20AC, 0xDB20AC,
        0xDB20AC, 0xDB20AC, 0x720557, 0xDB20AC, 0x28041F, 0x28041F, 0x28041F, 0xDB20AC, 0xDB20AC, 0x28041F, 0x28041F, 0x28041F, 0xDB20AC, 0x720557, 0xDB20AC, 0xDB20AC,
        0xDB20AC, 0xDB20AC, 0x720557, 0xDB20AC, 0x28041F, 0x050509, 0x28041F, 0x28041F, 0x28041F, 0x28041F, 0x050509, 0x28041F, 0xDB20AC, 0x720557, 0xDB20AC, 0xDB20AC,
        0xDB20AC, 0xDB20AC, 0x720557, 0xDB20AC, 0x28041F, 0x050509, 0x050509, 0x050509, 0x050509, 0x050509, 0x050509, 0x28041F, 0xDB20AC, 0x720557, 0xDB20AC, 0xDB20AC,
        0xDB20AC, 0xDB20AC, 0xDB20AC, 0xDB20AC, 0x28041F, 0x050509, 0x050509, 0x050509, 0x050509, 0x050509, 0x050509, 0x28041F, 0xDB20AC, 0xDB20AC, 0xDB20AC, 0xDB20AC,
        0x28041F, 0xDB20AC, 0xDB20AC, 0xDB20AC, 0x28041F, 0x050509, 0x050509, 0x050509, 0x050509, 0x050509, 0x050509, 0x28041F, 0xDB20AC, 0xDB20AC, 0xDB20AC, 0x28041F,
        0x28041F, 0x28041F, 0x28041F, 0x28041F, 0x28041F, 0x050509, 0x050509, 0x050509, 0x050509, 0x050509, 0x050509, 0x28041F, 0x28041F, 0x28041F, 0x28041F, 0x28041F,
    },
    {
        0x280418, 0x280418, 0x280418, 0x280418, 0x280418, 0x050509, 0x050509, 0x050509, 0x050509, 0x050509, 0x050509, 0x280418, 0x280418, 0x280418, 0x280418, 0x280418,
        0x280418, 0xFF8CCC, 0xFF8CCC, 0xFF8CCC, 0x280418, 0x050509, 0x050509, 0x050509, 0x050509, 0x050509, 0x050509, 0x280418, 0xFF8CCC, 0xFF8CCC, 0xFF8CCC, 0x280418,
        0xFF8CCC, 0xDB2089, 0xDB2089, 0xDB2089, 0x280418, 0x050509, 0x050509, 0x050509, 0x050509, 0x050509, 0x050509, 0x280418, 0xDB2089, 0xDB2089, 0xDB2089, 0xFF8CCC,
        0xDB2089, 0xDB2089, 0x720543, 0xDB2089, 0x280418, 0x050509, 0x050509, 0x050509, 0x050509, 0x050509, 0x050509, 0x280418, 0xDB2089, 0x720543, 0xDB2089, 0xDB2089,
        0xDB2089, 0xDB2089, 0x720543, 0xDB2089, 0x280418, 0x050509, 0x280418, 0x280418, 0x280418, 0x280418, 0x050509, 0x280418, 0xDB2089, 0x720543, 0xDB2089, 0xDB2089,
        0xDB2089, 0xDB2089, 0x720543, 0xDB2089, 0x280418, 0x280418, 0x280418, 0xFF8CCC, 0xFF8CCC, 0x280418, 0x280418, 0x280418, 0xDB2089, 0x720543, 0xDB2089, 0xDB2089,
        0xDB2089, 0xDB2089, 0x720543, 0xDB2089, 0x280418, 0x280418, 0xFF8CCC, 0xDB2089, 0xDB2089, 0xFF8CCC, 0x280418, 0x280418, 0xDB2089, 0x720543, 0xDB2089, 0xDB2089,
        0xDB2089, 0xDB2089, 0x720543, 0xDB2089, 0xFF8CCC, 0xFF8CCC, 0xDB2089, 0x030306, 0x030306, 0xDB2089, 0xFF8CCC, 0xFF8CCC, 0xDB2089, 0x720543, 0xDB2089, 0xDB2089,
        0xDB2089, 0xDB2089, 0x720543, 0xDB2089, 0xDB2089, 0xDB2089, 0xDB2089, 0x030306, 0x030306, 0xDB2089, 0xDB2089, 0xDB2089, 0xDB2089, 0x720543, 0xDB2089, 0xDB2089,
        0xDB2089, 0xDB2089, 0x720543, 0xDB2089, 0x280418, 0x280418, 0xDB2089, 0xDB2089, 0xDB2089, 0xDB2089, 0x280418, 0x280418, 0xDB2089, 0x720543, 0xDB2089, 0xDB2089,
        0xDB2089, 0xDB2089, 0x720543, 0xDB2089, 0x280418, 0x280418, 0x280418, 0xDB2089, 0xDB2089, 0x280418, 0x280418, 0x280418, 0xDB2089, 0x720543, 0xDB2089, 0xDB2089,
        0xDB2089, 0xDB2089, 0x720543, 0xDB2089, 0x280418, 0x050509, 0x280418, 0x280418, 0x280418, 0x280418, 0x050509, 0x280418, 0xDB2089, 0x720543, 0xDB2089, 0xDB2089,
        0xDB2089, 0xDB2089, 0x720543, 0xDB2089, 0x280418, 0x050509, 0x050509, 0x050509, 0x050509, 0x050509, 0x050509, 0x280418, 0xDB2089, 0x720543, 0xDB2089, 0xDB2089,
        0xDB2089, 0xDB2089, 0xDB2089, 0xDB2089, 0x280418, 0x050509, 0x050509, 0x050509, 0x050509, 0x050509, 0x050509, 0x280418, 0xDB2089, 0xDB2089, 0xDB2089, 0xDB2089,
        0x280418, 0xDB2089, 0xDB2089, 0xDB2089, 0x280418, 0x050509, 0x050509, 0x050509, 0x050509, 0x050509, 0x050509, 0x280418, 0xDB2089, 0xDB2089, 0xDB2089, 0x280418,
        0x280418, 0x280418, 0x280418, 0x280418, 0x280418, 0x050509, 0x050509, 0x050509, 0x050509, 0x050509, 0x050509, 0x280418, 0x280418, 0x280418, 0x280418, 0x280418,
    },
    {
        0x280411, 0x280411, 0x280411, 0x280411, 0x280411, 0x050509, 0x050509, 0x050509, 0x050509, 0x050509, 0x050509, 0x280411, 0x280411, 0x280411, 0x280411, 0x280411,
        0x280411, 0xFF8CB7, 0xFF8CB7, 0xFF8CB7, 0x280411, 0x050509, 0x050509, 0x050509, 0x050509, 0x050509, 0x050509, 0x280411, 0xFF8CB7, 0xFF8CB7, 0xFF8CB7, 0x280411,
        0xFF8CB7, 0xDB2066, 0xDB2066, 0xDB2066, 0x280411, 0x050509, 0x050509, 0x050509, 0x050509, 0x050509, 0x050509, 0x280411, 0xDB2066, 0xDB2066, 0xDB2066, 0xFF8CB7,
        0xDB2066, 0xDB2066, 0x72052E, 0xDB2066, 0x280411, 0x050509, 0x050509, 0x050509, 0x050509, 0x050509, 0x050509, 0x280411, 0xDB2066, 0x72052E, 0xDB2066, 0xDB2066,
        0xDB2066, 0xDB2066, 0x72052E, 0xDB2066, 0x280411, 0x050509, 0x280411, 0x280411, 0x280411, 0x280411, 0x050509, 0x280411, 0xDB2066, 0x72052E, 0xDB2066, 0xDB2066,
        0xDB2066, 0xDB2066, 0x72052E, 0xDB2066, 0x280411, 0x280411, 0x280411, 0xFF8CB7, 0xFF8CB7, 0x280411, 0x280411, 0x280411, 0xDB2066, 0x72052E, 0xDB2066, 0xDB2066,
        0xDB2066, 0xDB2066, 0x72052E, 0xDB2066, 0x280411, 0x280411, 0xFF8CB7, 0xDB2066, 0xDB2066, 0xFF8CB7, 0x280411, 0x280411, 0xDB2066, 0x72052E, 0xDB2066, 0xDB2066,
        0xDB2066, 0xDB2066, 0x72052E, 0xDB2066, 0xFF8CB7, 0xFF8CB7, 0xDB2066, 0x030306, 0x030306, 0xDB2066, 0xFF8CB7, 0xFF8CB7, 0xDB2066, 0x72052E, 0xDB2066, 0xDB2066,
        0xDB2066, 0xDB2066, 0x72052E, 0xDB2066, 0xDB2066, 0xDB2066, 0xDB2066, 0x030306, 0x030306, 0xDB2066, 0xDB2066, 0xDB2066, 0xDB2066, 0x72052E, 0xDB2066, 0xDB2066,
        0xDB2066, 0xDB2066, 0x72052E, 0xDB2066, 0x280411, 0x280411, 0xDB2066, 0xDB2066, 0xDB2066, 0xDB2066, 0x280411, 0x280411, 0xDB2066, 0x72052E, 0xDB2066, 0xDB2066,
        0xDB2066, 0xDB2066, 0x72052E, 0xDB2066, 0x280411, 0x280411, 0x280411, 0xDB2066, 0xDB2066, 0x280411, 0x280411, 0x280411, 0xDB2066, 0x72052E, 0xDB2066, 0xDB2066,
        0xDB2066, 0xDB2066, 0x72052E, 0xDB2066, 0x280411, 0x050509, 0x280411, 0x280411, 0x280411, 0x280411, 0x050509, 0x280411, 0xDB2066, 0x72052E, 0xDB2066, 0xDB2066,
        0xDB2066, 0xDB2066, 0x72052E, 0xDB2066, 0x280411, 0x050509, 0x050509, 0x050509, 0x050509, 0x050509, 0x050509, 0x280411, 0xDB2066, 0x72052E, 0xDB2066, 0xDB2066,
        0xDB2066, 0xDB2066, 0xDB2066, 0xDB2066, 0x280411, 0x050509, 0x050509, 0x050509, 0x050509, 0x050509, 0x050509, 0x280411, 0xDB2066, 0xDB2066, 0xDB2066, 0xDB2066,
        0x280411, 0xDB2066, 0xDB2066, 0xDB2066, 0x280411, 0x050509, 0x050509, 0x050509, 0x050509, 0x050509, 0x050509, 0x280411, 0xDB2066, 0xDB2066, 0xDB2066, 0x280411,
        0x280411, 0x280411, 0x280411, 0x280411, 0x280411, 0x050509, 0x050509, 0x050509, 0x050509, 0x050509, 0x050509, 0x280411, 0x280411, 0x280411, 0x280411, 0x280411,
    },
    {
        0x28040A, 0x28040A, 0x28040A, 0x28040A, 0x28040A, 0x050509, 0x050509, 0x050509, 0x050509, 0x050509, 0x050509, 0x28040A, 0x28040A, 0x28040A, 0x28040A, 0x28040A,
        0x28040A, 0xFF8CA1, 0xFF8CA1, 0xFF8CA1, 0x28040A, 0x050509, 0x050509, 0x050509, 0x050509, 0x050509, 0x050509, 0x28040A, 0xFF8CA1, 0xFF8CA1, 0xFF8CA1, 0x28040A,
        0xFF8CA1, 0xDB2043, 0xDB2043, 0xDB2043, 0x28040A, 0x050509, 0x050509, 0x050509, 0x050509, 0x050509, 0x050509, 0x28040A, 0xDB2043, 0xDB2043, 0xDB2043, 0xFF8CA1,
        0xDB2043, 0xDB2043, 0x72051A, 0xDB2043, 0x28040A, 0x050509, 0x050509, 0x050509, 0x050509, 0x050509, 0x050509, 0x28040A, 0xDB2043, 0x72051A, 0xDB2043, 0xDB2043,
        0xDB2043, 0xDB2043, 0x72051A, 0xDB2043, 0x28040A, 0x050509, 0x28040A, 0x28040A, 0x28040A, 0x28040A, 0x050509, 0x28040A, 0xDB2043, 0x72051A, 0xDB2043, 0xDB2043,
        0xDB2043, 0xDB2043, 0x72051A, 0xDB2043, 0x28040A, 0x28040A, 0x28040A, 0xFF8CA1, 0xFF8CA1, 0x28040A, 0x28040A, 0x28040A, 0xDB2043, 0x72051A, 0xDB2043, 0xDB2043,
        0xDB2043, 0xDB2043, 0x72051A, 0xDB2043, 0x28040A, 0x28040A, 0xFF8CA1, 0xDB2043, 0xDB2043, 0xFF8CA1, 0x28040A, 0x28040A, 0xDB2043, 0x72051A, 0xDB2043, 0xDB2043,
        0xDB2043, 0xDB2043, 0x72051A, 0xDB2043, 0xFF8CA1, 0xFF8CA1, 0xDB2043, 0x030306, 0x030306, 0xDB2043, 0xFF8CA1, 0xFF8CA1, 0xDB2043, 0x72051A, 0xDB2043, 0xDB2043,
        0xDB2043, 0xDB2043, 0x72051A, 0xDB2043, 0xDB2043, 0xDB2043, 0xDB2043, 0x030306, 0x030306, 0xDB2043, 0xDB2043, 0xDB2043, 0xDB2043, 0x72051A, 0xDB2043, 0xDB2043,
        0xDB2043, 0xDB2043, 0x72051A, 0xDB2043, 0x28040A, 0x28040A, 0xDB2043, 0xDB2043, 0xDB2043, 0xDB2043, 0x28040A, 0x28040A, 0xDB2043, 0x72051A, 0xDB2043, 0xDB2043,
        0xDB2043, 0xDB2043, 0x72051A, 0xDB2043, 0x28040A, 0x28040A, 0x28040A, 0xDB2043, 0xDB2043, 0x28040A, 0x28040A, 0x28040A, 0xDB2043, 0x72051A, 0xDB2043, 0xDB2043,
        0xDB2043, 0xDB2043, 0x72051A, 0xDB2043, 0x28040A, 0x050509, 0x28040A, 0x28040A, 0x28040A, 0x28040A, 0x050509, 0x28040A, 0xDB2043, 0x72051A, 0xDB2043, 0xDB2043,
        0xDB2043, 0xDB2043, 0x72051A, 0xDB2043, 0x28040A, 0x050509, 0x050509, 0x050509, 0x050509, 0x050509, 0x050509, 0x28040A, 0xDB2043, 0x72051A, 0xDB2043, 0xDB2043,
        0xDB2043, 0xDB2043, 0xDB2043, 0xDB2043, 0x28040A, 0x050509, 0x050509, 0x050509, 0x050509, 0x050509, 0x050509, 0x28040A, 0xDB2043, 0xDB2043, 0xDB2043, 0xDB2043,
        0x28040A, 0xDB2043, 0xDB2043, 0xDB2043, 0x28040A, 0x050509, 0x050509, 0x050509, 0x050509, 0x050509, 0x050509, 0x28040A, 0xDB2043, 0xDB2043, 0xDB2043, 0x28040A,
        0x28040A, 0x28040A, 0x28040A, 0x28040A, 0x28040A, 0x050509, 0x050509, 0x050509, 0x050509, 0x050509, 0x050509, 0x28040A, 0x28040A, 0x28040A, 0x28040A, 0x28040A,
    },
};

static const uint16_t tie16_anim_rgb565[32][256] = {
    {
        0x2820, 0x2820, 0x2820, 0x2820, 0x2820, 0x0021, 0x0021, 0x0021, 0x0021, 0x0021, 0x0021, 0x2820, 0x2820, 0x2820, 0x2820, 0x2820,
        0x2820, 0xFC71, 0xFC71, 0xFC71, 0x2820, 0x0021, 0x0021, 0x0021, 0x0021, 0x0021, 0x0021, 0x2820, 0xFC71, 0xFC71, 0xFC71, 0x2820,
        0xFC71, 0xD904, 0xD904, 0xD904, 0x2820, 0x0021, 0x0021, 0x0021, 0x0021, 0x0021, 0x0021, 0x2820, 0xD904, 0xD904, 0xD904, 0xFC71,
        0xD904, 0xD904, 0x7020, 0xD904, 0x2820, 0x0021, 0x0021, 0x0021, 0x0021, 0x0021, 0x0021, 0x2820, 0xD904, 0x7020, 0xD904, 0xD904,
        0xD904, 0xD904, 0x7020, 0xD904, 0x2820, 0x0021, 0x2820, 0x2820, 0x2820, 0x2820, 0x0021, 0x2820, 0xD904, 0x7020, 0xD904, 0xD904,
        0xD904, 0xD904, 0x7020, 0xD904, 0x2820, 0x2820, 0x2820, 0xFC71, 0xFC71, 0x2820, 0x2820, 0x2820, 0xD904, 0x7020, 0xD904, 0xD904,
        0xD904, 0xD904, 0x7020, 0xD904, 0x2820, 0x2820, 0xFC71, 0xD904, 0xD904, 0xFC71, 0x2820, 0x2820, 0xD904, 0x7020, 0xD904, 0xD904,
        0xD904, 0xD904, 0x7020, 0xD904, 0xFC71, 0xFC71, 0xD904, 0x0000, 0x0000, 0xD904, 0xFC71, 0xFC71, 0xD904, 0x7020, 0xD904, 0xD904,
        0xD904, 0xD904, 0x7020, 0xD904, 0xD904, 0xD904, 0xD904, 0x0000, 0x0000, 0xD904, 0xD904, 0xD904, 0xD904, 0x7020, 0xD904, 0xD904,
        0xD904, 0xD904, 0x7020, 0xD904, 0x2820, 0x2820, 0xD904, 0xD904, 0xD904, 0xD904, 0x2820, 0x2820, 0xD904, 0x7020, 0xD904, 0xD904,
        0xD904, 0xD904, 0x7020, 0xD904, 0x2820, 0x2820, 0x2820, 0xD904, 0xD904, 0x2820, 0x2820, 0x2820, 0xD904, 0x7020, 0xD904, 0xD904,
        0xD904, 0xD904, 0x7020, 0xD904, 0x2820, 0x0021, 0x2820, 0x2820, 0x2820, 0x2820, 0x0021, 0x2820, 0xD904, 0x7020, 0xD904, 0xD904,
        0xD904, 0xD904, 0x7020, 0xD904, 0x2820, 0x0021, 0x0021, 0x0021, 0x0021, 0x0021, 0x0021, 0x2820, 0xD904, 0x7020, 0xD904, 0xD904,
        0xD904, 0xD904, 0xD904, 0xD904, 0x2820, 0x0021, 0x0021, 0x0021, 0x0021, 0x0021, 0x0021, 0x2820, 0xD904, 0xD904, 0xD904, 0xD904,
        0x2820, 0xD904, 0xD904, 0xD904, 0x2820, 0x0021, 0x0021, 0x0021, 0x0021, 0x0021, 0x0021, 0x2820, 0xD904, 0xD904, 0xD904, 0x2820,
        0x2820, 0x2820, 0x2820, 0x2820, 0x2820, 0x0021, 0x0021, 0x0021, 0x0021, 0x0021, 0x0021, 0x2820, 0x2820, 0x2820, 0x2820, 0x2820,
    },
    {
        0x2840, 0x2840, 0x2840, 0x2840, 0x2840, 0x0021, 0x0021, 0x0021, 0x0021, 0x0021, 0x0021, 0x2840, 0x2840, 0x2840, 0x2840, 0x2840,
        0x2840, 0xFD11, 0xFD11, 0xFD11, 0x2840, 0x0021, 0x0021, 0x0021, 0x0021, 0x0021, 0x0021, 0x2840, 0xFD11, 0xFD11, 0xFD11, 0x2840,
        0xFD11, 0xDA04, 0xDA04, 0xDA04, 0x2840, 0x0021, 0x0021, 0x0021, 0x0021, 0x0021, 0x0021, 0x2840, 0xDA04, 0xDA04, 0xDA04, 0xFD11,
        0xDA04, 0xDA04, 0x70C0, 0xDA04, 0x2840, 0x0021, 0x0021, 0x0021, 0x0021, 0x0021, 0x0021, 0x2840, 0xDA04, 0x70C0, 0xDA04, 0xDA04,
        0xDA04, 0xDA04, 0x70C0, 0xDA04, 0x2840, 0x0021, 0x2840, 0x2840, 0x2840, 0x2840, 0x0021, 0x2840, 0xDA04, 0x70C0, 0xDA04, 0xDA04,
        0xDA04, 0xDA04, 0x70C0, 0xDA04, 0x2840, 0x2840, 0x2840, 0xFD11, 0xFD11, 0x2840, 0x2840, 0x2840, 0xDA04, 0x70C0, 0xDA04, 0xDA04,
        0xDA04, 0xDA04, 0x70C0, 0xDA04, 0x2840, 0x2840, 0xFD11, 0xDA04, 0xDA04, 0xFD11, 0x2840, 0x2840, 0xDA04, 0x70C0, 0xDA04, 0xDA04,
        0xDA04, 0xDA04, 0x70C0, 0xDA04, 0xFD11, 0xFD11, 0xDA04, 0x0000, 0x0000, 0xDA04, 0xFD11, 0xFD11, 0xDA04, 0x70C0, 0xDA04, 0xDA04,
        0xDA04, 0xDA04, 0x70C0, 0xDA04, 0xDA04, 0xDA04, 0xDA04, 0x0000, 0x0000, 0xDA04, 0xDA04, 0xDA04, 0xDA04, 0x70C0, 0xDA04, 0xDA04,
        0xDA04, 0xDA04, 0x70C0, 0xDA04, 0x2840, 0x2840, 0xDA04, 0xDA04, 0xDA04, 0xDA04, 0x2840, 0x2840, 0xDA04, 0x70C0, 0xDA04, 0xDA04,
        0xDA04, 0xDA04, 0x70C0, 0xDA04, 0x2840, 0x2840, 0x2840, 0xDA04, 0xDA04, 0x2840, 0x2840, 0x2840, 0xDA04, 0x70C0, 0xDA04, 0xDA04,
        0xDA04, 0xDA04, 0x70C0, 0xDA04, 0x2840, 0x0021, 0x2840, 0x2840, 0x2840, 0x2840, 0x0021, 0x2840, 0xDA04, 0x70C0, 0xDA04, 0xDA04,
        0xDA04, 0xDA04, 0x70C0, 0xDA04, 0x2840, 0x0021, 0x0021, 0x0021, 0x0021, 0x0021, 0x0021, 0x2840, 0xDA04, 0x70C0, 0xDA04, 0xDA04,
        0xDA04, 0xDA04, 0xDA04, 0xDA04, 0x2840, 0x0021, 0x0021, 0x0021, 0x0021, 0x0021, 0x0021, 0x2840, 0xDA04, 0xDA04, 0xDA04, 0xDA04,
        0x2840, 0xDA04, 0xDA04, 0xDA04, 0x2840, 0x0021, 0x0021, 0x0021, 0x0021, 0x0021, 0x0021, 0x2840, 0xDA04, 0xDA04, 0xDA04, 0x2840,
        0x2840, 0x2840, 0x2840, 0x2840, 0x2840, 0x0021, 0x0021, 0x0021, 0x0021, 0x0021, 0x0021, 0x2840, 0x2840, 0x2840, 0x2840, 0x2840,
    },
    {
        0x2880, 0x2880, 0x2880, 0x2880, 0x2880, 0x0021, 0x0021, 0x0021, 0x0021, 0x0021, 0x0021, 0x2880, 0x2880, 0x2880, 0x2880, 0x2880,
        0x2880, 0xFDB1, 0xFDB1, 0xFDB1, 0x2880, 0x0021, 0x0021, 0x0021, 0x0021, 0x0021, 0x0021, 0x2880, 0xFDB1, 0xFDB1, 0xFDB1, 0x2880,
        0xFDB1, 0xDB24, 0xDB24, 0xDB24, 0x2880, 0x0021, 0x0021, 0x0021, 0x0021, 0x0021, 0x0021, 0x2880, 0xDB24, 0xDB24, 0xDB24, 0xFDB1,
        0xDB24, 0xDB24, 0x7160, 0xDB24, 0x2880, 0x0021, 0x0021, 0x0021, 0x0021, 0x0021, 0x0021, 0x2880, 0xDB24, 0x7160, 0xDB24, 0xDB24,
        0xDB24, 0xDB24, 0x7160, 0xDB24, 0x2880, 0x0021, 0x2880, 0x2880, 0x2880, 0x2880, 0x0021, 0x2880, 0xDB24, 0x7160, 0xDB24, 0xDB24,
        0xDB24, 0xDB24, 0x7160, 0xDB24, 0x2880, 0x2880, 0x2880, 0xFDB1, 0xFDB1, 0x2880, 0x2880, 0x2880, 0xDB24, 0x7160, 0xDB24, 0xDB24,
        0xDB24, 0xDB24, 0x7160, 0xDB24, 0x2880, 0x2880, 0xFDB1, 0xDB24, 0xDB24, 0xFDB1, 0x2880, 0x2880, 0xDB24, 0x7160, 0xDB24, 0xDB24,
        0xDB24, 0xDB24, 0x7160, 0xDB24, 0xFDB1, 0xFDB1, 0xDB24, 0x0000, 0x0000, 0xDB24, 0xFDB1, 0xFDB1, 0xDB24, 0x7160, 0xDB24, 0xDB24,
        0xDB24, 0xDB24, 0x7160, 0xDB24, 0xDB24, 0xDB24, 0xDB24, 0x0000, 0x0000, 0xDB24, 0xDB24, 0xDB24, 0xDB24, 0x7160, 0xDB24, 0xDB24,
        0xDB24, 0xDB24, 0x7160, 0xDB24, 0x2880, 0x2880, 0xDB24, 0xDB24, 0xDB24, 0xDB24, 0x2880, 0x2880, 0xDB24, 0x7160, 0xDB24, 0xDB24,
        0xDB24, 0xDB24, 0x7160, 0xDB24, 0x2880, 0x2880, 0x2880, 0xDB24, 0xDB24, 0x2880, 0x2880, 0x2880, 0xDB24, 0x7160, 0xDB24, 0xDB24,
        0xDB24, 0xDB24, 0x7160, 0xDB24, 0x2880, 0x0021, 0x2880, 0x2880, 0x2880, 0x2880, 0x0021, 0x2880, 0xDB24, 0x7160, 0xDB24, 0xDB24,
        0xDB24, 0xDB24, 0x7160, 0xDB24, 0x2880, 0x0021, 0x0021, 0x0021, 0x0021, 0x0021, 0x0021, 0x2880, 0xDB24, 0x7160, 0xDB24, 0xDB24,
        0xDB24, 0xDB24, 0xDB24, 0xDB24, 0x2880, 0x0021, 0x0021, 0x0021, 0x0021, 0x0021, 0x0021, 0x2880, 0xDB24, 0xDB24, 0xDB24, 0xDB24,
        0x2880, 0xDB24, 0xDB24, 0xDB24, 0x2880, 0x0021, 0x0021, 0x0021, 0x0021, 0x0021, 0x0021, 0x2880, 0xDB24, 0xDB24, 0xDB24, 0x2880,
        0x2880, 0x2880, 0x2880, 0x2880, 0x2880, 0x0021, 0x0021, 0x0021, 0x0021, 0x0021, 0x0021, 0x2880, 0x2880, 0x2880, 0x2880, 0x2880,
    },
    {
        0x28C0, 0x28C0, 0x28C0, 0x28C0, 0x28C0, 0x0021, 0x0021, 0x0021, 0x0021, 0x0021, 0x0021, 0x28C0, 0x28C0, 0x28C0, 0x28C0, 0x28C0,
        0x28C0, 0xFE71, 0xFE71, 0xFE71, 0x28C0, 0x0021, 0x0021, 0x0021, 0x0021, 0x0021, 0x0021, 0x28C0, 0xFE71, 0xFE71, 0xFE71, 0x28C0,
        0xFE71, 0xDC44, 0xDC44, 0xDC44, 0x28C0, 0x0021, 0x0021, 0x0021, 0x0021, 0x0021, 0x0021, 0x28C0, 0xDC44, 0xDC44, 0xDC44, 0xFE71,
        0xDC44, 0xDC44, 0x7200, 0xDC44, 0x28C0, 0x0021, 0x0021, 0x0021, 0x0021, 0x0021, 0x0021, 0x28C0, 0xDC44, 0x7200, 0xDC44, 0xDC44,
        0xDC44, 0xDC44, 0x7200, 0xDC44, 0x28C0, 0x0021, 0x28C0, 0x28C0, 0x28C0, 0x28C0, 0x0021, 0x28C0, 0xDC44, 0x7200, 0xDC44, 0xDC44,
        0xDC44, 0xDC44, 0x7200, 0xDC44, 0x28C0, 0x28C0, 0x28C0, 0xFE71, 0xFE71, 0x28C0, 0x28C0, 0x28C0, 0xDC44, 0x7200, 0xDC44, 0xDC44,
        0xDC44, 0xDC44, 0x7200, 0xDC44, 0x28C0, 0x28C0, 0xFE71, 0xDC44, 0xDC44, 0xFE71, 0x28C0, 0x28C0, 0xDC44, 0x7200, 0xDC44, 0xDC44,
        0xDC44, 0xDC44, 0x7200, 0xDC44, 0xFE71, 0xFE71, 0xDC44, 0x0000, 0x0000, 0xDC44, 0xFE71, 0xFE71, 0xDC44, 0x7200, 0xDC44, 0xDC44,
        0xDC44, 0xDC44, 0x7200, 0xDC44, 0xDC44, 0xDC44, 0xDC44, 0x0000, 0x0000, 0xDC44, 0xDC44, 0xDC44, 0xDC44, 0x7200, 0xDC44, 0xDC44,
        0xDC44, 0xDC44, 0x7200, 0xDC44, 0x28C0, 0x28C0, 0xDC44, 0xDC44, 0xDC44, 0xDC44, 0x28C0, 0x28C0, 0xDC44, 0x7200, 0xDC44, 0xDC44,
        0xDC44, 0xDC44, 0x7200, 0xDC44, 0x28C0, 0x28C0, 0x28C0, 0xDC44, 0xDC44, 0x28C0, 0x28C0, 0x28C0, 0xDC44, 0x7200, 0xDC44, 0xDC44,
        0xDC44, 0xDC44, 0x7200, 0xDC44, 0x28C0, 0x0021, 0x28C0, 0x28C0, 0x28C0, 0x28C0, 0x0021, 0x28C0, 0xDC44, 0x7200, 0xDC44, 0xDC44,
        0xDC44, 0xDC44, 0x7200, 0xDC44, 0x28C0, 0x0021, 0x0021, 0x0021, 0x0021, 0x0021, 0x0021, 0x28C0, 0xDC44, 0x7200, 0xDC44, 0xDC44,
        0xDC44, 0xDC44, 0xDC44, 0xDC44, 0x28C0, 0x0021, 0x0021, 0x0021, 0x0021, 0x0021, 0x0021, 0x28C0, 0xDC44, 0xDC44, 0xDC44, 0xDC44,
        0x28C0, 0xDC44, 0xDC44, 0xDC44, 0x28C0, 0x0021, 0x0021, 0x0021, 0x0021, 0x0021, 0x0021, 0x28C0, 0xDC44, 0xDC44, 0xDC44, 0x28C0,
        0x28C0, 0x28C0, 0x28C0, 0x28C0, 0x28C0, 0x0021, 0x0021, 0x0021, 0x0021, 0x0021, 0x0021, 0x28C0, 0x28C0, 0x28C0, 0x28C0, 0x28C0,
    },
    {
        0x28E0, 0x28E0, 0x28E0, 0x28E0, 0x28E0, 0x0021, 0x0021, 0x0021, 0x0021, 0x0021, 0x0021, 0x28E0, 0x28E0, 0x28E0, 0x28E0, 0x28E0,
        0x28E0, 0xFF11, 0xFF11, 0xFF11, 0x28E0, 0x0021, 0x0021, 0x0021, 0x0021, 0x0021, 0x0021, 0x28E0, 0xFF11, 0xFF11, 0xFF11, 0x28E0,
        0xFF11, 0xDD64, 0xDD64, 0xDD64, 0x28E0, 0x0021, 0x0021, 0x0021, 0x0021, 0x0021, 0x0021, 0x28E0, 0xDD64, 0xDD64, 0xDD64, 0xFF11,
        0xDD64, 0xDD64, 0x72A0, 0xDD64, 0x28E0, 0x0021, 0x0021, 0x0021, 0x0021, 0x0021, 0x0021, 0x28E0, 0xDD64, 0x72A0, 0xDD64, 0xDD64,
        0xDD64, 0xDD64, 0x72A0, 0xDD64, 0x28E0, 0x0021, 0x28E0, 0x28E0, 0x28E0, 0x28E0, 0x0021, 0x28E0, 0xDD64, 0x72A0, 0xDD64, 0xDD64,
        0xDD64, 0xDD64, 0x72A0, 0xDD64, 0x28E0, 0x28E0, 0x28E0, 0xFF11, 0xFF11, 0x28E0, 0x28E0, 0x28E0, 0xDD64, 0x72A0, 0xDD64, 0xDD64,
        0xDD64, 0xDD64, 0x72A0, 0xDD64, 0x28E0, 0x28E0, 0xFF11, 0xDD64, 0xDD64, 0xFF11, 0x28E0, 0x28E0, 0xDD64, 0x72A0, 0xDD64, 0xDD64,
        0xDD64, 0xDD64, 0x72A0, 0xDD64, 0xFF11, 0xFF11, 0xDD64, 0x0000, 0x0000, 0xDD64, 0xFF11, 0xFF11, 0xDD64, 0x72A0, 0xDD64, 0xDD64,
        0xDD64, 0xDD64, 0x72A0, 0xDD64, 0xDD64, 0xDD64, 0xDD64, 0x0000, 0x0000, 0xDD64, 0xDD64, 0xDD64, 0xDD64, 0x72A0, 0xDD64, 0xDD64,
        0xDD64, 0xDD64, 0x72A0, 0xDD64, 0x28E0, 0x28E0, 0xDD64, 0xDD64, 0xDD64, 0xDD64, 0x28E0, 0x28E0, 0xDD64, 0x72A0, 0xDD64, 0xDD64,
        0xDD64, 0xDD64, 0x72A0, 0xDD64, 0x28E0, 0x28E0, 0x28E0, 0xDD64, 0xDD64, 0x28E0, 0x28E0, 0x28E0, 0xDD64, 0x72A0, 0xDD64, 0xDD64,
        0xDD64, 0xDD64, 0x72A0, 0xDD64, 0x28E0, 0x0021, 0x28E0, 0x28E0, 0x28E0, 0x28E0, 0x0021, 0x28E0, 0xDD64, 0x72A0, 0xDD64, 0xDD64,
        0xDD64, 0xDD64, 0x72A0, 0xDD64, 0x28E0, 0x0021, 0x0021, 0x0021, 0x0021, 0x0021, 0x0021, 0x28E0, 0xDD64, 0x72A0, 0xDD64, 0xDD64,
        0xDD64, 0xDD64, 0xDD64, 0xDD64, 0x28E0, 0x0021, 0x0021, 0x0021, 0x0021, 0x0021, 0x0021, 0x28E0, 0xDD64, 0xDD64, 0xDD64, 0xDD64,
        0x28E0, 0xDD64, 0xDD64, 0xDD64, 0x28E0, 0x0021, 0x0021, 0x0021, 0x0021, 0x0021, 0x0021, 0x28E0, 0xDD64, 0xDD64, 0xDD64, 0x28E0,
        0x28E0, 0x28E0, 0x28E0, 0x28E0, 0x28E0, 0x0021, 0x0021, 0x0021, 0x0021, 0x0021, 0x0021, 0x28E0, 0x28E0, 0x28E0, 0x28E0, 0x28E0,
    },
    {
        0x2920, 0x2920, 0x2920, 0x2920, 0x2920, 0x0021, 0x0021, 0x0021, 0x0021, 0x0021, 0x0021, 0x2920, 0x2920, 0x2920, 0x2920, 0x2920,
        0x2920, 0xFFB1, 0xFFB1, 0xFFB1, 0x2920, 0x0021, 0x0021, 0x0021, 0x0021, 0x0021, 0x0021, 0x2920, 0xFFB1, 0xFFB1, 0xFFB1, 0x2920,
        0xFFB1, 0xDE64, 0xDE64, 0xDE64, 0x2920, 0x0021, 0x0021, 0x0021, 0x0021, 0x0021, 0x0021, 0x2920, 0xDE64, 0xDE64, 0xDE64, 0xFFB1,
        0xDE64, 0xDE64, 0x7340, 0xDE64, 0x2920, 0x0021, 0x0021, 0x0021, 0x0021, 0x0021, 0x0021, 0x2920, 0xDE64, 0x7340, 0xDE64, 0xDE64,
        0xDE64, 0xDE64, 0x7340, 0xDE64, 0x2920, 0x0021, 0x2920, 0x2920, 0x2920, 0x2920, 0x0021, 0x2920, 0xDE64, 0x7340, 0xDE64, 0xDE64,
        0xDE64, 0xDE64, 0x7340, 0xDE64, 0x2920, 0x2920, 0x2920, 0xFFB1, 0xFFB1, 0x2920, 0x2920, 0x2920, 0xDE64, 0x7340, 0xDE64, 0xDE64,
        0xDE64, 0xDE64, 0x7340, 0xDE64, 0x2920, 0x2920, 0xFFB1, 0xDE64, 0xDE64, 0xFFB1, 0x2920, 0x2920, 0xDE64, 0x7340, 0xDE64, 0xDE64,
        0xDE64, 0xDE64, 0x7340, 0xDE64, 0xFFB1, 0xFFB1, 0xDE64, 0x0000, 0x0000, 0xDE64, 0xFFB1, 0xFFB1, 0xDE64, 0x7340, 0xDE64, 0xDE64,
        0xDE64, 0xDE64, 0x7340, 0xDE64, 0xDE64, 0xDE64, 0xDE64, 0x0000, 0x0000, 0xDE64, 0xDE64, 0xDE64, 0xDE64, 0x7340, 0xDE64, 0xDE64,
        0xDE64, 0xDE64, 0x7340, 0xDE64, 0x2920, 0x2920, 0xDE64, 0xDE64, 0xDE64, 0xDE64, 0x2920, 0x2920, 0xDE64, 0x7340, 0xDE64, 0xDE64,
        0xDE64, 0xDE64, 0x7340, 0xDE64, 0x2920, 0x2920, 0x2920, 0xDE64, 0xDE64, 0x2920, 0x2920, 0x2920, 0xDE64, 0x7340, 0xDE64, 0xDE64,
        0xDE64, 0xDE64, 0x7340, 0xDE64, 0x2920, 0x0021, 0x2920, 0x2920, 0x2920, 0x2920, 0x0021, 0x2920, 0xDE64, 0x7340, 0xDE64, 0xDE64,
        0xDE64, 0xDE64, 0x7340, 0xDE64, 0x2920, 0x0021, 0x0021, 0x0021, 0x0021, 0x0021, 0x0021, 0x2920, 0xDE64, 0x7340, 0xDE64, 0xDE64,
        0xDE64, 0xDE64, 0xDE64, 0xDE64, 0x2920, 0x0021, 0x0021, 0x0021, 0x0021, 0x0021, 0x0021, 0x2920, 0xDE64, 0xDE64, 0xDE64, 0xDE64,
        0x2920, 0xDE64, 0xDE64, 0xDE64, 0x2920, 0x0021, 0x0021, 0x0021, 0x0021, 0x0021, 0x0021, 0x2920, 0xDE64, 0xDE64, 0xDE64, 0x2920,
        0x2920, 0x2920, 0x2920, 0x2920, 0x2920, 0x0021, 0x0021, 0x0021, 0x0021, 0x0021, 0x0021, 0x2920, 0x2920, 0x2920, 0x2920, 0x2920,
    },
    {
        0x2140, 0x2140, 0x2140, 0x2140, 0x2140, 0x0021, 0x0021, 0x0021, 0x0021, 0x0021, 0x0021, 0x2140, 0x2140, 0x2140, 0x2140, 0x2140,
        0x2140, 0xF7F1, 0xF7F1, 0xF7F1, 0x2140, 0x0021, 0x0021, 0x0021, 0x0021, 0x0021, 0x0021, 0x2140, 0xF7F1, 0xF7F1, 0xF7F1, 0x2140,
        0xF7F1, 0xC6C4, 0xC6C4, 0xC6C4, 0x2140, 0x0021, 0x0021, 0x0021, 0x0021, 0x0021, 0x0021, 0x2140, 0xC6C4, 0xC6C4, 0xC6C4, 0xF7F1,
        0xC6C4, 0xC6C4, 0x6380, 0xC6C4, 0x2140, 0x0021, 0x0021, 0x0021, 0x0021, 0x0021, 0x0021, 0x2140, 0xC6C4, 0x6380, 0xC6C4, 0xC6C4,
        0xC6C4, 0xC6C4, 0x6380, 0xC6C4, 0x2140, 0x0021, 0x2140, 0x2140, 0x2140, 0x2140, 0x0021, 0x2140, 0xC6C4, 0x6380, 0xC6C4, 0xC6C4,
        0xC6C4, 0xC6C4, 0x6380, 0xC6C4, 0x2140, 0x2140, 0x2140, 0xF7F1, 0xF7F1, 0x2140, 0x2140, 0x2140, 0xC6C4, 0x6380, 0xC6C4, 0xC6C4,
        0xC6C4, 0xC6C4, 0x6380, 0xC6C4, 0x2140, 0x2140, 0xF7F1, 0xC6C4, 0xC6C4, 0xF7F1, 0x2140, 0x2140, 0xC6C4, 0x6380, 0xC6C4, 0xC6C4,
        0xC6C4, 0xC6C4, 0x6380, 0xC6C4, 0xF7F1, 0xF7F1, 0xC6C4, 0x0000, 0x0000, 0xC6C4, 0xF7F1, 0xF7F1, 0xC6C4, 0x6380, 0xC6C4, 0xC6C4,
        0xC6C4, 0xC6C4, 0x6380, 0xC6C4, 0xC6C4, 0xC6C4, 0xC6C4, 0x0000, 0x0000, 0xC6C4, 0xC6C4, 0xC6C4, 0xC6C4, 0x6380, 0xC6C4, 0xC6C4,
        0xC6C4, 0xC6C4, 0x6380, 0xC6C4, 0x2140, 0x2140, 0xC6C4, 0xC6C4, 0xC6C4, 0xC6C4, 0x2140, 0x2140, 0xC6C4, 0x6380, 0xC6C4, 0xC6C4,
        0xC6C4, 0xC6C4, 0x6380, 0xC6C4, 0x2140, 0x2140, 0x2140, 0xC6C4, 0xC6C4, 0x2140, 0x2140, 0x2140, 0xC6C4, 0x6380, 0xC6C4, 0xC6C4,
        0xC6C4, 0xC6C4, 0x6380, 0xC6C4, 0x2140, 0x0021, 0x2140, 0x2140, 0x2140, 0x2140, 0x0021, 0x2140, 0xC6C4, 0x6380, 0xC6C4, 0xC6C4,
        0xC6C4, 0xC6C4, 0x6380, 0xC6C4, 0x2140, 0x0021, 0x0021, 0x0021, 0x0021, 0x0021, 0x0021, 0x2140, 0xC6C4, 0x6380, 0xC6C4, 0xC6C4,
        0xC6C4, 0xC6C4, 0xC6C4, 0xC6C4, 0x2140, 0x0021, 0x0021, 0x0021, 0x0021, 0x0021, 0x0021, 0x2140, 0xC6C4, 0xC6C4, 0xC6C4, 0xC6C4,
        0x2140, 0xC6C4, 0xC6C4, 0xC6C4, 0x2140, 0x0021, 0x0021, 0x0021, 0x0021, 0x0021, 0x0021, 0x2140, 0xC6C4, 0xC6C4, 0xC6C4, 0x2140,
        0x2140, 0x2140, 0x2140, 0x2140, 0x2140, 0x0021, 0x0021, 0x0021, 0x0021, 0x0021, 0x0021, 0x2140, 0x2140, 0x2140, 0x2140, 0x2140,
    },
    {
        0x1940, 0x1940, 0x1940, 0x1940, 0x1940, 0x0021, 0x0021, 0x0021, 0x0021, 0x0021, 0x0021, 0x1940, 0x1940, 0x1940, 0x1940, 0x1940,
        0x1940, 0xDFF1, 0xDFF1, 0xDFF1, 0x1940, 0x0021, 0x0021, 0x0021, 0x0021, 0x0021, 0x0021, 0x1940, 0xDFF1, 0xDFF1, 0xDFF1, 0x1940,
        0xDFF1, 0xA6C4, 0xA6C4, 0xA6C4, 0x1940, 0x0021, 0x0021, 0x0021, 0x0021, 0x0021, 0x0021, 0x1940, 0xA6C4, 0xA6C4, 0xA6C4, 0xDFF1,
        0xA6C4, 0xA6C4, 0x5380, 0xA6C4, 0x1940, 0x0021, 0x0021, 0x0021, 0x0021, 0x0021, 0x0021, 0x1940, 0xA6C4, 0x5380, 0xA6C4, 0xA6C4,
        0xA6C4, 0xA6C4, 0x5380, 0xA6C4, 0x1940, 0x0021, 0x1940, 0x1940, 0x1940, 0x1940, 0x0021, 0x1940, 0xA6C4, 0x5380, 0xA6C4, 0xA6C4,
        0xA6C4, 0xA6C4, 0x5380, 0xA6C4, 0x1940, 0x1940, 0x1940, 0xDFF1, 0xDFF1, 0x1940, 0x1940, 0x1940, 0xA6C4, 0x5380, 0xA6C4, 0xA6C4,
        0xA6C4, 0xA6C4, 0x5380, 0xA6C4, 0x1940, 0x1940, 0xDFF1, 0xA6C4, 0xA6C4, 0xDFF1, 0x1940, 0x1940, 0xA6C4, 0x5380, 0xA6C4, 0xA6C4,
        0xA6C4, 0xA6C4, 0x5380, 0xA6C4, 0xDFF1, 0xDFF1, 0xA6C4, 0x0000, 0x0000, 0xA6C4, 0xDFF1, 0xDFF1, 0xA6C4, 0x5380, 0xA6C4, 0xA6C4,
        0xA6C4, 0xA6C4, 0x5380, 0xA6C4, 0xA6C4, 0xA6C4, 0xA6C4, 0x0000, 0x0000, 0xA6C4, 0xA6C4, 0xA6C4, 0xA6C4, 0x5380, 0xA6C4, 0xA6C4,
        0xA6C4, 0xA6C4, 0x5380, 0xA6C4, 0x1940, 0x1940, 0xA6C4, 0xA6C4, 0xA6C4, 0xA6C4, 0x1940, 0x1940, 0xA6C4, 0x5380, 0xA6C4, 0xA6C4,
        0xA6C4, 0xA6C4, 0x5380, 0xA6C4, 0x1940, 0x1940, 0x1940, 0xA6C4, 0xA6C4, 0x1940, 0x1940, 0x1940, 0xA6C4, 0x5380, 0xA6C4, 0xA6C4,
        0xA6C4, 0xA6C4, 0x5380, 0xA6C4, 0x1940, 0x0021, 0x1940, 0x1940, 0x1940, 0x1940, 0x0021, 0x1940, 0xA6C4, 0x5380, 0xA6C4, 0xA6C4,
        0xA6C4, 0xA6C4, 0x5380, 0xA6C4, 0x1940, 0x0021, 0x0021, 0x0021, 0x0021, 0x0021, 0x0021, 0x1940, 0xA6C4, 0x5380, 0xA6C4, 0xA6C4,
        0xA6C4, 0xA6C4, 0xA6C4, 0xA6C4, 0x1940, 0x0021, 0x0021, 0x0021, 0x0021, 0x0021, 0x0021, 0x1940, 0xA6C4, 0xA6C4, 0xA6C4, 0xA6C4,
        0x1940, 0xA6C4, 0xA6C4, 0xA6C4, 0x1940, 0x0021, 0x0021, 0x0021, 0x0021, 0x0021, 0x0021, 0x1940, 0xA6C4, 0xA6C4, 0xA6C4, 0x1940,
        0x1940, 0x1940, 0x1940, 0x1940, 0x1940, 0x0021, 0x0021, 0x0021, 0x0021, 0x0021, 0x0021, 0x1940, 0x1940, 0x1940, 0x1940, 0x1940,
    },
    {
        0x1140, 0x1140, 0x1140, 0x1140, 0x1140, 0x0021, 0x0021, 0x0021, 0x0021, 0x0021, 0x0021, 0x1140, 0x1140, 0x1140, 0x1140, 0x1140,
        0x1140, 0xC7F1, 0xC7F1, 0xC7F1, 0x1140, 0x0021, 0x0021, 0x0021, 0x0021, 0x0021, 0x0021, 0x1140, 0xC7F1, 0xC7F1, 0xC7F1, 0x1140,
        0xC7F1, 0x7EC4, 0x7EC4, 0x7EC4, 0x1140, 0x0021, 0x0021, 0x0021, 0x0021, 0x0021, 0x0021, 0x1140, 0x7EC4, 0x7EC4, 0x7EC4, 0xC7F1,
        0x7EC4, 0x7EC4, 0x3B80, 0x7EC4, 0x1140, 0x0021, 0x0021, 0x0021, 0x0021, 0x0021, 0x0021, 0x1140, 0x7EC4, 0x3B80, 0x7EC4, 0x7EC4,
        0x7EC4, 0x7EC4, 0x3B80, 0x7EC4, 0x1140, 0x0021, 0x1140, 0x1140, 0x1140, 0x1140, 0x0021, 0x1140, 0x7EC4, 0x3B80, 0x7EC4, 0x7EC4,
        0x7EC4, 0x7EC4, 0x3B80, 0x7EC4, 0x1140, 0x1140, 0x1140, 0xC7F1, 0xC7F1, 0x1140, 0x1140, 0x1140, 0x7EC4, 0x3B80, 0x7EC4, 0x7EC4,
        0x7EC4, 0x7EC4, 0x3B80, 0x7EC4, 0x1140, 0x1140, 0xC7F1, 0x7EC4, 0x7EC4, 0xC7F1, 0x1140, 0x1140, 0x7EC4, 0x3B80, 0x7EC4, 0x7EC4,
        0x7EC4, 0x7EC4, 0x3B80, 0x7EC4, 0xC7F1, 0xC7F1, 0x7EC4, 0x0000, 0x0000, 0x7EC4, 0xC7F1, 0xC7F1, 0x7EC4, 0x3B80, 0x7EC4, 0x7EC4,
        0x7EC4, 0x7EC4, 0x3B80, 0x7EC4, 0x7EC4, 0x7EC4, 0x7EC4, 0x0000, 0x0000, 0x7EC4, 0x7EC4, 0x7EC4, 0x7EC4, 0x3B80, 0x7EC4, 0x7EC4,
        0x7EC4, 0x7EC4, 0x3B80, 0x7EC4, 0x1140, 0x1140, 0x7EC4, 0x7EC4, 0x7EC4, 0x7EC4, 0x1140, 0x1140, 0x7EC4, 0x3B80, 0x7EC4, 0x7EC4,
        0x7EC4, 0x7EC4, 0x3B80, 0x7EC4, 0x1140, 0x1140, 0x1140, 0x7EC4, 0x7EC4, 0x1140, 0x1140, 0x1140, 0x7EC4, 0x3B80, 0x7EC4, 0x7EC4,
        0x7EC4, 0x7EC4, 0x3B80, 0x7EC4, 0x1140, 0x0021, 0x1140, 0x1140, 0x1140, 0x1140, 0x0021, 0x1140, 0x7EC4, 0x3B80, 0x7EC4, 0x7EC4,
        0x7EC4, 0x7EC4, 0x3B80, 0x7EC4, 0x1140, 0x0021, 0x0021, 0x0021, 0x0021, 0x0021, 0x0021, 0x1140, 0x7EC4, 0x3B80, 0x7EC4, 0x7EC4,
        0x7EC4, 0x7EC4, 0x7EC4, 0x7EC4, 0x1140, 0x0021, 0x0021, 0x0021, 0x0021, 0x0021, 0x0021, 0x1140, 0x7EC4, 0x7EC4, 0x7EC4, 0x7EC4,
        0x1140, 0x7EC4, 0x7EC4, 0x7EC4, 0x1140, 0x0021, 0x0021, 0x0021, 0x0021, 0x0021, 0x0021, 0x1140, 0x7EC4, 0x7EC4, 0x7EC4, 0x1140,
        0x1140, 0x1140, 0x1140, 0x1140, 0x1140, 0x0021, 0x0021, 0x0021, 0x0021, 0x0021, 0x0021, 0x1140, 0x1140, 0x1140, 0x1140, 0x1140,
    },
    {
        0x0940, 0x0940, 0x0940, 0x0940, 0x0940, 0x0021, 0x0021, 0x0021, 0x0021, 0x0021, 0x0021, 0x0940, 0x0940, 0x0940, 0x0940, 0x0940,
        0x0940, 0xB7F1, 0xB7F1, 0xB7F1, 0x0940, 0x0021, 0x0021, 0x0021, 0x0021, 0x0021, 0x0021, 0x0940, 0xB7F1, 0xB7F1, 0xB7F1, 0x0940,
        0xB7F1, 0x5EC4, 0x5EC4, 0x5EC4, 0x0940, 0x0021, 0x0021, 0x0021, 0x0021, 0x0021, 0x0021, 0x0940, 0x5EC4, 0x5EC4, 0x5EC4, 0xB7F1,
        0x5EC4, 0x5EC4, 0x2380, 0x5EC4, 0x0940, 0x0021, 0x0021, 0x0021, 0x0021, 0x0021, 0x0021, 0x0940, 0x5EC4, 0x2380, 0x5EC4, 0x5EC4,
        0x5EC4, 0x5EC4, 0x2380, 0x5EC4, 0x0940, 0x0021, 0x0940, 0x0940, 0x0940, 0x0940, 0x0021, 0x0940, 0x5EC4, 0x2380, 0x5EC4, 0x5EC4,
        0x5EC4, 0x5EC4, 0x2380, 0x5EC4, 0x0940, 0x0940, 0x0940, 0xB7F1, 0xB7F1, 0x0940, 0x0940, 0x0940, 0x5EC4, 0x2380, 0x5EC4, 0x5EC4,
        0x5EC4, 0x5EC4, 0x2380, 0x5EC4, 0x0940, 0x0940, 0xB7F1, 0x5EC4, 0x5EC4, 0xB7F1, 0x0940, 0x0940, 0x5EC4, 0x2380, 0x5EC4, 0x5EC4,
        0x5EC4, 0x5EC4, 0x2380, 0x5EC4, 0xB7F1, 0xB7F1, 0x5EC4, 0x0000, 0x0000, 0x5EC4, 0xB7F1, 0xB7F1, 0x5EC4, 0x2380, 0x5EC4, 0x5EC4,
        0x5EC4, 0x5EC4, 0x2380, 0x5EC4, 0x5EC4, 0x5EC4, 0x5EC4, 0x0000, 0x0000, 0x5EC4, 0x5EC4, 0x5EC4, 0x5EC4, 0x2380, 0x5EC4, 0x5EC4,
        0x5EC4, 0x5EC4, 0x2380, 0x5EC4, 0x0940, 0x0940, 0x5EC4, 0x5EC4, 0x5EC4, 0x5EC4, 0x0940, 0x0940, 0x5EC4, 0x2380, 0x5EC4, 0x5EC4,
        0x5EC4, 0x5EC4, 0x2380, 0x5EC4, 0x0940, 0x0940, 0x0940, 0x5EC4, 0x5EC4, 0x0940, 0x0940, 0x0940, 0x5EC4, 0x2380, 0x5EC4, 0x5EC4,
        0x5EC4, 0x5EC4, 0x2380, 0x5EC4, 0x0940, 0x0021, 0x0940, 0x0940, 0x0940, 0x0940, 0x0021, 0x0940, 0x5EC4, 0x2380, 0x5EC4, 0x5EC4,
        0x5EC4, 0x5EC4, 0x2380, 0x5EC4, 0x0940, 0x0021, 0x0021, 0x0021, 0x0021, 0x0021, 0x0021, 0x0940, 0x5EC4, 0x2380, 0x5EC4, 0x5EC4,
        0x5EC4, 0x5EC4, 0x5EC4, 0x5EC4, 0x0940, 0x0021, 0x0021, 0x0021, 0x0021, 0x0021, 0x0021, 0x0940, 0x5EC4, 0x5EC4, 0x5EC4, 0x5EC4,
        0x0940, 0x5EC4, 0x5EC4, 0x5EC4, 0x0940, 0x0021, 0x0021, 0x0021, 0x0021, 0x0021, 0x0021, 0x0940, 0x5EC4, 0x5EC4, 0x5EC4, 0x0940,
        0x0940, 0x0940, 0x0940, 0x0940, 0x0940, 0x0021, 0x0021, 0x0021, 0x0021, 0x0021, 0x0021, 0x0940, 0x0940, 0x0940, 0x0940, 0x0940,
    },
    {
        0x0940, 0x0940, 0x0940, 0x0940, 0x0940, 0x0021, 0x0021, 0x0021, 0x0021, 0x0021, 0x0021, 0x0940, 0x0940, 0x0940, 0x0940, 0x0940,
        0x0940, 0x9FF1, 0x9FF1, 0x9FF1, 0x0940, 0x0021, 0x0021, 0x0021, 0x0021, 0x0021, 0x0021, 0x0940, 0x9FF1, 0x9FF1, 0x9FF1, 0x0940,
        0x9FF1, 0x3EC4, 0x3EC4, 0x3EC4, 0x0940, 0x0021, 0x0021, 0x0021, 0x0021, 0x0021, 0x0021, 0x0940, 0x3EC4, 0x3EC4, 0x3EC4, 0x9FF1,
        0x3EC4, 0x3EC4, 0x1380, 0x3EC4, 0x0940, 0x0021, 0x0021, 0x0021, 0x0021, 0x0021, 0x0021, 0x0940, 0x3EC4, 0x1380, 0x3EC4, 0x3EC4,
        0x3EC4, 0x3EC4, 0x1380, 0x3EC4, 0x0940, 0x0021, 0x0940, 0x0940, 0x0940, 0x0940, 0x0021, 0x0940, 0x3EC4, 0x1380, 0x3EC4, 0x3EC4,
        0x3EC4, 0x3EC4, 0x1380, 0x3EC4, 0x0940, 0x0940, 0x0940, 0x9FF1, 0x9FF1, 0x0940, 0x0940, 0x0940, 0x3EC4, 0x1380, 0x3EC4, 0x3EC4,
        0x3EC4, 0x3EC4, 0x1380, 0x3EC4, 0x0940, 0x0940, 0x9FF1, 0x3EC4, 0x3EC4, 0x9FF1, 0x0940, 0x0940, 0x3EC4, 0x1380, 0x3EC4, 0x3EC4,
        0x3EC4, 0x3EC4, 0x1380, 0x3EC4, 0x9FF1, 0x9FF1, 0x3EC4, 0x0000, 0x0000, 0x3EC4, 0x9FF1, 0x9FF1, 0x3EC4, 0x1380, 0x3EC4, 0x3EC4,
        0x3EC4, 0x3EC4, 0x1380, 0x3EC4, 0x3EC4, 0x3EC4, 0x3EC4, 0x0000, 0x0000, 0x3EC4, 0x3EC4, 0x3EC4, 0x3EC4, 0x1380, 0x3EC4, 0x3EC4,
        0x3EC4, 0x3EC4, 0x1380, 0x3EC4, 0x0940, 0x0940, 0x3EC4, 0x3EC4, 0x3EC4, 0x3EC4, 0x0940, 0x0940, 0x3EC4, 0x1380, 0x3EC4, 0x3EC4,
        0x3EC4, 0x3EC4, 0x1380, 0x3EC4, 0x0940, 0x0940, 0x0940, 0x3EC4, 0x3EC4, 0x0940, 0x0940, 0x0940, 0x3EC4, 0x1380, 0x3EC4, 0x3EC4,
        0x3EC4, 0x3EC4, 0x1380, 0x3EC4, 0x0940, 0x0021, 0x0940, 0x0940, 0x0940, 0x0940, 0x0021, 0x0940, 0x3EC4, 0x1380, 0x3EC4, 0x3EC4,
        0x3EC4, 0x3EC4, 0x1380, 0x3EC4, 0x0940, 0x0021, 0x0021, 0x0021, 0x0021, 0x0021, 0x0021, 0x0940, 0x3EC4, 0x1380, 0x3EC4, 0x3EC4,
        0x3EC4, 0x3EC4, 0x3EC4, 0x3EC4, 0x0940, 0x0021, 0x0021, 0x0021, 0x0021, 0x0021, 0x0021, 0x0940, 0x3EC4, 0x3EC4, 0x3EC4, 0x3EC4,
        0x0940, 0x3EC4, 0x3EC4, 0x3EC4, 0x0940, 0x0021, 0x0021, 0x0021, 0x0021, 0x0021, 0x0021, 0x0940, 0x3EC4, 0x3EC4, 0x3EC4, 0x0940,
        0x0940, 0x0940, 0x0940, 0x0940, 0x0940, 0x0021, 0x0021, 0x0021, 0x0021, 0x0021, 0x0021, 0x0940, 0x0940, 0x0940, 0x0940, 0x0940,
    },
    {
        0x0140, 0x0140, 0x0140, 0x0140, 0x0140, 0x0021, 0x0021, 0x0021, 0x0021, 0x0021, 0x0021, 0x0140, 0x0140, 0x0140, 0x0140, 0x0140,
        0x0140, 0x8FF2, 0x8FF2, 0x8FF2, 0x0140, 0x0021, 0x0021, 0x0021, 0x0021, 0x0021, 0x0021, 0x0140, 0x8FF2, 0x8FF2, 0x8FF2, 0x0140,
        0x8FF2, 0x26C5, 0x26C5, 0x26C5, 0x0140, 0x0021, 0x0021, 0x0021, 0x0021, 0x0021, 0x0021, 0x0140, 0x26C5, 0x26C5, 0x26C5, 0x8FF2,
        0x26C5, 0x26C5, 0x0381, 0x26C5, 0x0140, 0x0021, 0x0021, 0x0021, 0x0021, 0x0021, 0x0021, 0x0140, 0x26C5, 0x0381, 0x26C5, 0x26C5,
        0x26C5, 0x26C5, 0x0381, 0x26C5, 0x0140, 0x0021, 0x0140, 0x0140, 0x0140, 0x0140, 0x0021, 0x0140, 0x26C5, 0x0381, 0x26C5, 0x26C5,
        0x26C5, 0x26C5, 0x0381, 0x26C5, 0x0140, 0x0140, 0x0140, 0x8FF2, 0x8FF2, 0x0140, 0x0140, 0x0140, 0x26C5, 0x0381, 0x26C5, 0x26C5,
        0x26C5, 0x26C5, 0x0381, 0x26C5, 0x0140, 0x0140, 0x8FF2, 0x26C5, 0x26C5, 0x8FF2, 0x0140, 0x0140, 0x26C5, 0x0381, 0x26C5, 0x26C5,
        0x26C5, 0x26C5, 0x0381, 0x26C5, 0x8FF2, 0x8FF2, 0x26C5, 0x0000, 0x0000, 0x26C5, 0x8FF2, 0x8FF2, 0x26C5, 0x0381, 0x26C5, 0x26C5,
        0x26C5, 0x26C5, 0x0381, 0x26C5, 0x26C5, 0x26C5, 0x26C5, 0x0000, 0x0000, 0x26C5, 0x26C5, 0x26C5, 0x26C5, 0x0381, 0x26C5, 0x26C5,
        0x26C5, 0x26C5, 0x0381, 0x26C5, 0x0140, 0x0140, 0x26C5, 0x26C5, 0x26C5, 0x26C5, 0x0140, 0x0140, 0x26C5, 0x0381, 0x26C5, 0x26C5,
        0x26C5, 0x26C5, 0x0381, 0x26C5, 0x0140, 0x0140, 0x0140, 0x26C5, 0x26C5, 0x0140, 0x0140, 0x0140, 0x26C5, 0x0381, 0x26C5, 0x26C5,
        0x26C5, 0x26C5, 0x0381, 0x26C5, 0x0140, 0x0021, 0x0140, 0x0140, 0x0140, 0x0140, 0x0021, 0x0140, 0x26C5, 0x0381, 0x26C5, 0x26C5,
        0x26C5, 0x26C5, 0x0381, 0x26C5, 0x0140, 0x0021, 0x0021, 0x0021, 0x0021, 0x0021, 0x0021, 0x0140, 0x26C5, 0x0381, 0x26C5, 0x26C5,
        0x26C5, 0x26C5, 0x26C5, 0x26C5, 0x0140, 0x0021, 0x0021, 0x0021, 0x0021, 0x0021, 0x0021, 0x0140, 0x26C5, 0x26C5, 0x26C5, 0x26C5,
        0x0140, 0x26C5, 0x26C5, 0x26C5, 0x0140, 0x0021, 0x0021, 0x0021, 0x0021, 0x0021, 0x0021, 0x0140, 0x26C5, 0x26C5, 0x26C5, 0x0140,
        0x0140, 0x0140, 0x0140, 0x0140, 0x0140, 0x0021, 0x0021, 0x0021, 0x0021, 0x0021, 0x0021, 0x0140, 0x0140, 0x0140, 0x0140, 0x0140,
    },
    {
        0x0141, 0x0141, 0x0141, 0x0141, 0x0141, 0x0021, 0x0021, 0x0021, 0x0021, 0x0021, 0x0021, 0x0141, 0x0141, 0x0141, 0x0141, 0x0141,
        0x0141, 0x8FF5, 0x8FF5, 0x8FF5, 0x0141, 0x0021, 0x0021, 0x0021, 0x0021, 0x0021, 0x0021, 0x0141, 0x8FF5, 0x8FF5, 0x8FF5, 0x0141,
        0x8FF5, 0x26C9, 0x26C9, 0x26C9, 0x0141, 0x0021, 0x0021, 0x0021, 0x0021, 0x0021, 0x0021, 0x0141, 0x26C9, 0x26C9, 0x26C9, 0x8FF5,
        0x26C9, 0x26C9, 0x0384, 0x26C9, 0x0141, 0x0021, 0x0021, 0x0021, 0x0021, 0x0021, 0x0021, 0x0141, 0x26C9, 0x0384, 0x26C9, 0x26C9,
        0x26C9, 0x26C9, 0x0384, 0x26C9, 0x0141, 0x0021, 0x0141, 0x0141, 0x0141, 0x0141, 0x0021, 0x0141, 0x26C9, 0x0384, 0x26C9, 0x26C9,
        0x26C9, 0x26C9, 0x0384, 0x26C9, 0x0141, 0x0141, 0x0141, 0x8FF5, 0x8FF5, 0x0141, 0x0141, 0x0141, 0x26C9, 0x0384, 0x26C9, 0x26C9,
        0x26C9, 0x26C9, 0x0384, 0x26C9, 0x0141, 0x0141, 0x8FF5, 0x26C9, 0x26C9, 0x8FF5, 0x0141, 0x0141, 0x26C9, 0x0384, 0x26C9, 0x26C9,
        0x26C9, 0x26C9, 0x0384, 0x26C9, 0x8FF5, 0x8FF5, 0x26C9, 0x0000, 0x0000, 0x26C9, 0x8FF5, 0x8FF5, 0x26C9, 0x0384, 0x26C9, 0x26C9,
        0x26C9, 0x26C9, 0x0384, 0x26C9, 0x26C9, 0x26C9, 0x26C9, 0x0000, 0x0000, 0x26C9, 0x26C9, 0x26C9, 0x26C9, 0x0384, 0x26C9, 0x26C9,
        0x26C9, 0x26C9, 0x0384, 0x26C9, 0x0141, 0x0141, 0x26C9, 0x26C9, 0x26C9, 0x26C9, 0x0141, 0x0141, 0x26C9, 0x0384, 0x26C9, 0x26C9,
        0x26C9, 0x26C9, 0x0384, 0x26C9, 0x0141, 0x0141, 0x0141, 0x26C9, 0x26C9, 0x0141, 0x0141, 0x0141, 0x26C9, 0x0384, 0x26C9, 0x26C9,
        0x26C9, 0x26C9, 0x0384, 0x26C9, 0x0141, 0x0021, 0x0141, 0x0141, 0x0141, 0x0141, 0x0021, 0x0141, 0x26C9, 0x0384, 0x26C9, 0x26C9,
        0x26C9, 0x26C9, 0x0384, 0x26C9, 0x0141, 0x0021, 0x0021, 0x0021, 0x0021, 0x0021, 0x0021, 0x0141, 0x26C9, 0x0384, 0x26C9, 0x26C9,
        0x26C9, 0x26C9, 0x26C9, 0x26C9, 0x0141, 0x0021, 0x0021, 0x0021, 0x0021, 0x0021, 0x0021, 0x0141, 0x26C9, 0x26C9, 0x26C9, 0x26C9,
        0x0141, 0x26C9, 0x26C9, 0x26C9, 0x0141, 0x0021, 0x0021, 0x0021, 0x0021, 0x0021, 0x0021, 0x0141, 0x26C9, 0x26C9, 0x26C9, 0x0141,
        0x0141, 0x0141, 0x0141, 0x0141, 0x0141, 0x0021, 0x0021, 0x0021, 0x0021, 0x0021, 0x0021, 0x0141, 0x0141, 0x0141, 0x0141, 0x0141,
    },
    {
        0x0142, 0x0142, 0x0142, 0x0142, 0x0142, 0x0021, 0x0021, 0x0021, 0x0021, 0x0021, 0x0021, 0x0142, 0x0142, 0x0142, 0x0142, 0x0142,
        0x0142, 0x8FF7, 0x8FF7, 0x8FF7, 0x0142, 0x0021, 0x0021, 0x0021, 0x0021, 0x0021, 0x0021, 0x0142, 0x8FF7, 0x8FF7, 0x8FF7, 0x0142,
        0x8FF7, 0x26CE, 0x26CE, 0x26CE, 0x0142, 0x0021, 0x0021, 0x0021, 0x0021, 0x0021, 0x0021, 0x0142, 0x26CE, 0x26CE, 0x26CE, 0x8FF7,
        0x26CE, 0x26CE, 0x0386, 0x26CE, 0x0142, 0x0021, 0x0021, 0x0021, 0x0021, 0x0021, 0x0021, 0x0142, 0x26CE, 0x0386, 0x26CE, 0x26CE,
        0x26CE, 0x26CE, 0x0386, 0x26CE, 0x0142, 0x0021, 0x0142, 0x0142, 0x0142, 0x0142, 0x0021, 0x0142, 0x26CE, 0x0386, 0x26CE, 0x26CE,
        0x26CE, 0x26CE, 0x0386, 0x26CE, 0x0142, 0x0142, 0x0142, 0x8FF7, 0x8FF7, 0x0142, 0x0142, 0x0142, 0x26CE, 0x0386, 0x26CE, 0x26CE,
        0x26CE, 0x26CE, 0x0386, 0x26CE, 0x0142, 0x0142, 0x8FF7, 0x26CE, 0x26CE, 0x8FF7, 0x0142, 0x0142, 0x26CE, 0x0386, 0x26CE, 0x26CE,
        0x26CE, 0x26CE, 0x0386, 0x26CE, 0x8FF7, 0x8FF7, 0x26CE, 0x0000, 0x0000, 0x26CE, 0x8FF7, 0x8FF7, 0x26CE, 0x0386, 0x26CE, 0x26CE,
        0x26CE, 0x26CE, 0x0386, 0x26CE, 0x26CE, 0x26CE, 0x26CE, 0x0000, 0x0000, 0x26CE, 0x26CE, 0x26CE, 0x26CE, 0x0386, 0x26CE, 0x26CE,
        0x26CE, 0x26CE, 0x0386, 0x26CE, 0x0142, 0x0142, 0x26CE, 0x26CE, 0x26CE, 0x26CE, 0x0142, 0x0142, 0x26CE, 0x0386, 0x26CE, 0x26CE,
        0x26CE, 0x26CE, 0x0386, 0x26CE, 0x0142, 0x0142, 0x0142, 0x26CE, 0x26CE, 0x0142, 0x0142, 0x0142, 0x26CE, 0x0386, 0x26CE, 0x26CE,
        0x26CE, 0x26CE, 0x0386, 0x26CE, 0x0142, 0x0021, 0x0142, 0x0142, 0x0142, 0x0142, 0x0021, 0x0142, 0x26CE, 0x0386, 0x26CE, 0x26CE,
        0x26CE, 0x26CE, 0x0386, 0x26CE, 0x0142, 0x0021, 0x0021, 0x0021, 0x0021, 0x0021, 0x0021, 0x0142, 0x26CE, 0x0386, 0x26CE, 0x26CE,
        0x26CE, 0x26CE, 0x26CE, 0x26CE, 0x0142, 0x0021, 0x0021, 0x0021, 0x0021, 0x0021, 0x0021, 0x0142, 0x26CE, 0x26CE, 0x26CE, 0x26CE,
        0x0142, 0x26CE, 0x26CE, 0x26CE, 0x0142, 0x0021, 0x0021, 0x0021, 0x0021, 0x0021, 0x0021, 0x0142, 0x26CE, 0x26CE, 0x26CE, 0x0142,
        0x0142, 0x0142, 0x0142, 0x0142, 0x0142, 0x0021, 0x0021, 0x0021, 0x0021, 0x0021, 0x0021, 0x0142, 0x0142, 0x0142, 0x0142, 0x0142,
    },
    {
        0x0143, 0x0143, 0x0143, 0x0143, 0x0143, 0x0021, 0x0021, 0x0021, 0x0021, 0x0021, 0x0021, 0x0143, 0x0143, 0x0143, 0x0143, 0x0143,
        0x0143, 0x8FFA, 0x8FFA, 0x8FFA, 0x0143, 0x0021, 0x0021, 0x0021, 0x0021, 0x0021, 0x0021, 0x0143, 0x8FFA, 0x8FFA, 0x8FFA, 0x0143,
        0x8FFA, 0x26D2, 0x26D2, 0x26D2, 0x0143, 0x0021, 0x0021, 0x0021, 0x0021, 0x0021, 0x0021, 0x0143, 0x26D2, 0x26D2, 0x26D2, 0x8FFA,
        0x26D2, 0x26D2, 0x0389, 0x26D2, 0x0143, 0x0021, 0x0021, 0x0021, 0x0021, 0x0021, 0x0021, 0x0143, 0x26D2, 0x0389, 0x26D2, 0x26D2,
        0x26D2, 0x26D2, 0x0389, 0x26D2, 0x0143, 0x0021, 0x0143, 0x0143, 0x0143, 0x0143, 0x0021, 0x0143, 0x26D2, 0x0389, 0x26D2, 0x26D2,
        0x26D2, 0x26D2, 0x0389, 0x26D2, 0x0143, 0x0143, 0x0143, 0x8FFA, 0x8FFA, 0x0143, 0x0143, 0x0143, 0x26D2, 0x0389, 0x26D2, 0x26D2,
        0x26D2, 0x26D2, 0x0389, 0x26D2, 0x0143, 0x0143, 0x8FFA, 0x26D2, 0x26D2, 0x8FFA, 0x0143, 0x0143, 0x26D2, 0x0389, 0x26D2, 0x26D2,
        0x26D2, 0x26D2, 0x0389, 0x26D2, 0x8FFA, 0x8FFA, 0x26D2, 0x0000, 0x0000, 0x26D2, 0x8FFA, 0x8FFA, 0x26D2, 0x0389, 0x26D2, 0x26D2,
        0x26D2, 0x26D2, 0x0389, 0x26D2, 0x26D2, 0x26D2, 0x26D2, 0x0000, 0x0000, 0x26D2, 0x26D2, 0x26D2, 0x26D2, 0x0389, 0x26D2, 0x26D2,
        0x26D2, 0x26D2, 0x0389, 0x26D2, 0x0143, 0x0143, 0x26D2, 0x26D2, 0x26D2, 0x26D2, 0x0143, 0x0143, 0x26D2, 0x0389, 0x26D2, 0x26D2,
        0x26D2, 0x26D2, 0x0389, 0x26D2, 0x0143, 0x0143, 0x0143, 0x26D2, 0x26D2, 0x0143, 0x0143, 0x0143, 0x26D2, 0x0389, 0x26D2, 0x26D2,
        0x26D2, 0x26D2, 0x0389, 0x26D2, 0x0143, 0x0021, 0x0143, 0x0143, 0x0143, 0x0143, 0x0021, 0x0143, 0x26D2, 0x0389, 0x26D2, 0x26D2,
        0x26D2, 0x26D2, 0x0389, 0x26D2, 0x0143, 0x0021, 0x0021, 0x0021, 0x0021, 0x0021, 0x0021, 0x0143, 0x26D2, 0x0389, 0x26D2, 0x26D2,
        0x26D2, 0x26D2, 0x26D2, 0x26D2, 0x0143, 0x0021, 0x0021, 0x0021, 0x0021, 0x0021, 0x0021, 0x0143, 0x26D2, 0x26D2, 0x26D2, 0x26D2,
        0x0143, 0x26D2, 0x26D2, 0x26D2, 0x0143, 0x0021, 0x0021, 0x0021, 0x0021, 0x0021, 0x0021, 0x0143, 0x26D2, 0x26D2, 0x26D2, 0x0143,
        0x0143, 0x0143, 0x0143, 0x0143, 0x0143, 0x0021, 0x0021, 0x0021, 0x0021, 0x0021, 0x0021, 0x0143, 0x0143, 0x0143, 0x0143, 0x0143,
    },
    {
        0x0144, 0x0144, 0x0144, 0x0144, 0x0144, 0x0021, 0x0021, 0x0021, 0x0021, 0x0021, 0x0021, 0x0144, 0x0144, 0x0144, 0x0144, 0x0144,
        0x0144, 0x8FFD, 0x8FFD, 0x8FFD, 0x0144, 0x0021, 0x0021, 0x0021, 0x0021, 0x0021, 0x0021, 0x0144, 0x8FFD, 0x8FFD, 0x8FFD, 0x0144,
        0x8FFD, 0x26D7, 0x26D7, 0x26D7, 0x0144, 0x0021, 0x0021, 0x0021, 0x0021, 0x0021, 0x0021, 0x0144, 0x26D7, 0x26D7, 0x26D7, 0x8FFD,
        0x26D7, 0x26D7, 0x038B, 0x26D7, 0x0144, 0x0021, 0x0021, 0x0021, 0x0021, 0x0021, 0x0021, 0x0144, 0x26D7, 0x038B, 0x26D7, 0x26D7,
        0x26D7, 0x26D7, 0x038B, 0x26D7, 0x0144, 0x0021, 0x0144, 0x0144, 0x0144, 0x0144, 0x0021, 0x0144, 0x26D7, 0x038B, 0x26D7, 0x26D7,
        0x26D7, 0x26D7, 0x038B, 0x26D7, 0x0144, 0x0144, 0x0144, 0x8FFD, 0x8FFD, 0x0144, 0x0144, 0x0144, 0x26D7, 0x038B, 0x26D7, 0x26D7,
        0x26D7, 0x26D7, 0x038B, 0x26D7, 0x0144, 0x0144, 0x8FFD, 0x26D7, 0x26D7, 0x8FFD, 0x0144, 0x0144, 0x26D7, 0x038B, 0x26D7, 0x26D7,
        0x26D7, 0x26D7, 0x038B, 0x26D7, 0x8FFD, 0x8FFD, 0x26D7, 0x0000, 0x0000, 0x26D7, 0x8FFD, 0x8FFD, 0x26D7, 0x038B, 0x26D7, 0x26D7,
        0x26D7, 0x26D7, 0x038B, 0x26D7, 0x26D7, 0x26D7, 0x26D7, 0x0000, 0x0000, 0x26D7, 0x26D7, 0x26D7, 0x26D7, 0x038B, 0x26D7, 0x26D7,
        0x26D7, 0x26D7, 0x038B, 0x26D7, 0x0144, 0x0144, 0x26D7, 0x26D7, 0x26D7, 0x26D7, 0x0144, 0x0144, 0x26D7, 0x038B, 0x26D7, 0x26D7,
        0x26D7, 0x26D7, 0x038B, 0x26D7, 0x0144, 0x0144, 0x0144, 0x26D7, 0x26D7, 0x0144, 0x0144, 0x0144, 0x26D7, 0x038B, 0x26D7, 0x26D7,
        0x26D7, 0x26D7, 0x038B, 0x26D7, 0x0144, 0x0021, 0x0144, 0x0144, 0x0144, 0x0144, 0x0021, 0x0144, 0x26D7, 0x038B, 0x26D7, 0x26D7,
        0x26D7, 0x26D7, 0x038B, 0x26D7, 0x0144, 0x0021, 0x0021, 0x0021, 0x0021, 0x0021, 0x0021, 0x0144, 0x26D7, 0x038B, 0x26D7, 0x26D7,
        0x26D7, 0x26D7, 0x26D7, 0x26D7, 0x0144, 0x0021, 0x0021, 0x0021, 0x0021, 0x0021, 0x0021, 0x0144, 0x26D7, 0x26D7, 0x26D7, 0x26D7,
        0x0144, 0x26D7, 0x26D7, 0x26D7, 0x0144, 0x0021, 0x0021, 0x0021, 0x0021, 0x0021, 0x0021, 0x0144, 0x26D7, 0x26D7, 0x26D7, 0x0144,
        0x0144, 0x0144, 0x0144, 0x0144, 0x0144, 0x0021, 0x0021, 0x0021, 0x0021, 0x0021, 0x0021, 0x0144, 0x0144, 0x0144, 0x0144, 0x0144,
    },
    {
        0x0145, 0x0145, 0x0145, 0x0145, 0x0145, 0x0021, 0x0021, 0x0021, 0x0021, 0x0021, 0x0021, 0x0145, 0x0145, 0x0145, 0x0145, 0x0145,
        0x0145, 0x8FFF, 0x8FFF, 0x8FFF, 0x0145, 0x0021, 0x0021, 0x0021, 0x0021, 0x0021, 0x0021, 0x0145, 0x8FFF, 0x8FFF, 0x8FFF, 0x0145,
        0x8FFF, 0x26DB, 0x26DB, 0x26DB, 0x0145, 0x0021, 0x0021, 0x0021, 0x0021, 0x0021, 0x0021, 0x0145, 0x26DB, 0x26DB, 0x26DB, 0x8FFF,
        0x26DB, 0x26DB, 0x038E, 0x26DB, 0x0145, 0x0021, 0x0021, 0x0021, 0x0021, 0x0021, 0x0021, 0x0145, 0x26DB, 0x038E, 0x26DB, 0x26DB,
        0x26DB, 0x26DB, 0x038E, 0x26DB, 0x0145, 0x0021, 0x0145, 0x0145, 0x0145, 0x0145, 0x0021, 0x0145, 0x26DB, 0x038E, 0x26DB, 0x26DB,
        0x26DB, 0x26DB, 0x038E, 0x26DB, 0x0145, 0x0145, 0x0145, 0x8FFF, 0x8FFF, 0x0145, 0x0145, 0x0145, 0x26DB, 0x038E, 0x26DB, 0x26DB,
        0x26DB, 0x26DB, 0x038E, 0x26DB, 0x0145, 0x0145, 0x8FFF, 0x26DB, 0x26DB, 0x8FFF, 0x0145, 0x0145, 0x26DB, 0x038E, 0x26DB, 0x26DB,
        0x26DB, 0x26DB, 0x038E, 0x26DB, 0x8FFF, 0x8FFF, 0x26DB, 0x0000, 0x0000, 0x26DB, 0x8FFF, 0x8FFF, 0x26DB, 0x038E, 0x26DB, 0x26DB,
        0x26DB, 0x26DB, 0x038E, 0x26DB, 0x26DB, 0x26DB, 0x26DB, 0x0000, 0x0000, 0x26DB, 0x26DB, 0x26DB, 0x26DB, 0x038E, 0x26DB, 0x26DB,
        0x26DB, 0x26DB, 0x038E, 0x26DB, 0x0145, 0x0145, 0x26DB, 0x26DB, 0x26DB, 0x26DB, 0x0145, 0x0145, 0x26DB, 0x038E, 0x26DB, 0x26DB,
        0x26DB, 0x26DB, 0x038E, 0x26DB, 0x0145, 0x0145, 0x0145, 0x26DB, 0x26DB, 0x0145, 0x0145, 0x0145, 0x26DB, 0x038E, 0x26DB, 0x26DB,
        0x26DB, 0x26DB, 0x038E, 0x26DB, 0x0145, 0x0021, 0x0145, 0x0145, 0x0145, 0x0145, 0x0021, 0x0145, 0x26DB, 0x038E, 0x26DB, 0x26DB,
        0x26DB, 0x26DB, 0x038E, 0x26DB, 0x0145, 0x0021, 0x0021, 0x0021, 0x0021, 0x0021, 0x0021, 0x0145, 0x26DB, 0x038E, 0x26DB, 0x26DB,
        0x26DB, 0x26DB, 0x26DB, 0x26DB, 0x0145, 0x0021, 0x0021, 0x0021, 0x0021, 0x0021, 0x0021, 0x0145, 0x26DB, 0x26DB, 0x26DB, 0x26DB,
        0x0145, 0x26DB, 0x26DB, 0x26DB, 0x0145, 0x0021, 0x0021, 0x0021, 0x0021, 0x0021, 0x0021, 0x0145, 0x26DB, 0x26DB, 0x26DB, 0x0145,
        0x0145, 0x0145, 0x0145, 0x0145, 0x0145, 0x0021, 0x0021, 0x0021, 0x0021, 0x0021, 0x0021, 0x0145, 0x0145, 0x0145, 0x0145, 0x0145,
    },
    {
        0x0105, 0x0105, 0x0105, 0x0105, 0x0105, 0x0021, 0x0021, 0x0021, 0x0021, 0x0021, 0x0021, 0x0105, 0x0105, 0x0105, 0x0105, 0x0105,
        0x0105, 0x8F5F, 0x8F5F, 0x8F5F, 0x0105, 0x0021, 0x0021, 0x0021, 0x0021, 0x0021, 0x0021, 0x0105, 0x8F5F, 0x8F5F, 0x8F5F, 0x0105,
        0x8F5F, 0x25DB, 0x25DB, 0x25DB, 0x0105, 0x0021, 0x0021, 0x0021, 0x0021, 0x0021, 0x0021, 0x0105, 0x25DB, 0x25DB, 0x25DB, 0x8F5F,
        0x25DB, 0x25DB, 0x02EE, 0x25DB, 0x0105, 0x0021, 0x0021, 0x0021, 0x0021, 0x0021, 0x0021, 0x0105, 0x25DB, 0x02EE, 0x25DB, 0x25DB,
        0x25DB, 0x25DB, 0x02EE, 0x25DB, 0x0105, 0x0021, 0x0105, 0x0105, 0x0105, 0x0105, 0x0021, 0x0105, 0x25DB, 0x02EE, 0x25DB, 0x25DB,
        0x25DB, 0x25DB, 0x02EE, 0x25DB, 0x0105, 0x0105, 0x0105, 0x8F5F, 0x8F5F, 0x0105, 0x0105, 0x0105, 0x25DB, 0x02EE, 0x25DB, 0x25DB,
        0x25DB, 0x25DB, 0x02EE, 0x25DB, 0x0105, 0x0105, 0x8F5F, 0x25DB, 0x25DB, 0x8F5F, 0x0105, 0x0105, 0x25DB, 0x02EE, 0x25DB, 0x25DB,
        0x25DB, 0x25DB, 0x02EE, 0x25DB, 0x8F5F, 0x8F5F, 0x25DB, 0x0000, 0x0000, 0x25DB, 0x8F5F, 0x8F5F, 0x25DB, 0x02EE, 0x25DB, 0x25DB,
        0x25DB, 0x25DB, 0x02EE, 0x25DB, 0x25DB, 0x25DB, 0x25DB, 0x0000, 0x0000, 0x25DB, 0x25DB, 0x25DB, 0x25DB, 0x02EE, 0x25DB, 0x25DB,
        0x25DB, 0x25DB, 0x02EE, 0x25DB, 0x0105, 0x0105, 0x25DB, 0x25DB, 0x25DB, 0x25DB, 0x0105, 0x0105, 0x25DB, 0x02EE, 0x25DB, 0x25DB,
        0x25DB, 0x25DB, 0x02EE, 0x25DB, 0x0105, 0x0105, 0x0105, 0x25DB, 0x25DB, 0x0105, 0x0105, 0x0105, 0x25DB, 0x02EE, 0x25DB, 0x25DB,
        0x25DB, 0x25DB, 0x02EE, 0x25DB, 0x0105, 0x0021, 0x0105, 0x0105, 0x0105, 0x0105, 0x0021, 0x0105, 0x25DB, 0x02EE, 0x25DB, 0x25DB,
        0x25DB, 0x25DB, 0x02EE, 0x25DB, 0x0105, 0x0021, 0x0021, 0x0021, 0x0021, 0x0021, 0x0021, 0x0105, 0x25DB, 0x02EE, 0x25DB, 0x25DB,
        0x25DB, 0x25DB, 0x25DB, 0x25DB, 0x0105, 0x0021, 0x0021, 0x0021, 0x0021, 0x0021, 0x0021, 0x0105, 0x25DB, 0x25DB, 0x25DB, 0x25DB,
        0x0105, 0x25DB, 0x25DB, 0x25DB, 0x0105, 0x0021, 0x0021, 0x0021, 0x0021, 0x0021, 0x0021, 0x0105, 0x25DB, 0x25DB, 0x25DB, 0x0105,
        0x0105, 0x0105, 0x0105, 0x0105, 0x0105, 0x0021, 0x0021, 0x0021, 0x0021, 0x0021, 0x0021, 0x0105, 0x0105, 0x0105, 0x0105, 0x0105,
    },
    {
        0x00C5, 0x00C5, 0x00C5, 0x00C5, 0x00C5, 0x0021, 0x0021, 0x0021, 0x0021, 0x0021, 0x0021, 0x00C5, 0x00C5, 0x00C5, 0x00C5, 0x00C5,
        0x00C5, 0x8E9F, 0x8E9F, 0x8E9F, 0x00C5, 0x0021, 0x0021, 0x0021, 0x0021, 0x0021, 0x0021, 0x00C5, 0x8E9F, 0x8E9F, 0x8E9F, 0x00C5,
        0x8E9F, 0x24BB, 0x24BB, 0x24BB, 0x00C5, 0x0021, 0x0021, 0x0021, 0x0021, 0x0021, 0x0021, 0x00C5, 0x24BB, 0x24BB, 0x24BB, 0x8E9F,
        0x24BB, 0x24BB, 0x024E, 0x24BB, 0x00C5, 0x0021, 0x0021, 0x0021, 0x0021, 0x0021, 0x0021, 0x00C5, 0x24BB, 0x024E, 0x24BB, 0x24BB,
        0x24BB, 0x24BB, 0x024E, 0x24BB, 0x00C5, 0x0021, 0x00C5, 0x00C5, 0x00C5, 0x00C5, 0x0021, 0x00C5, 0x24BB, 0x024E, 0x24BB, 0x24BB,
        0x24BB, 0x24BB, 0x024E, 0x24BB, 0x00C5, 0x00C5, 0x00C5, 0x8E9F, 0x8E9F, 0x00C5, 0x00C5, 0x00C5, 0x24BB, 0x024E, 0x24BB, 0x24BB,
        0x24BB, 0x24BB, 0x024E, 0x24BB, 0x00C5, 0x00C5, 0x8E9F, 0x24BB, 0x24BB, 0x8E9F, 0x00C5, 0x00C5, 0x24BB, 0x024E, 0x24BB, 0x24BB,
        0x24BB, 0x24BB, 0x024E, 0x24BB, 0x8E9F, 0x8E9F, 0x24BB, 0x0000, 0x0000, 0x24BB, 0x8E9F, 0x8E9F, 0x24BB, 0x024E, 0x24BB, 0x24BB,
        0x24BB, 0x24BB, 0x024E, 0x24BB, 0x24BB, 0x24BB, 0x24BB, 0x0000, 0x0000, 0x24BB, 0x24BB, 0x24BB, 0x24BB, 0x024E, 0x24BB, 0x24BB,
        0x24BB, 0x24BB, 0x024E, 0x24BB, 0x00C5, 0x00C5, 0x24BB, 0x24BB, 0x24BB, 0x24BB, 0x00C5, 0x00C5, 0x24BB, 0x024E, 0x24BB, 0x24BB,
        0x24BB, 0x24BB, 0x024E, 0x24BB, 0x00C5, 0x00C5, 0x00C5, 0x24BB, 0x24BB, 0x00C5, 0x00C5, 0x00C5, 0x24BB, 0x024E, 0x24BB, 0x24BB,
        0x24BB, 0x24BB, 0x024E, 0x24BB, 0x00C5, 0x0021, 0x00C5, 0x00C5, 0x00C5, 0x00C5, 0x0021, 0x00C5, 0x24BB, 0x024E, 0x24BB, 0x24BB,
        0x24BB, 0x24BB, 0x024E, 0x24BB, 0x00C5, 0x0021, 0x0021, 0x0021, 0x0021, 0x0021, 0x0021, 0x00C5, 0x24BB, 0x024E, 0x24BB, 0x24BB,
        0x24BB, 0x24BB, 0x24BB, 0x24BB, 0x00C5, 0x0021, 0x0021, 0x0021, 0x0021, 0x0021, 0x0021, 0x00C5, 0x24BB, 0x24BB, 0x24BB, 0x24BB,
        0x00C5, 0x24BB, 0x24BB, 0x24BB, 0x00C5, 0x0021, 0x0021, 0x0021, 0x0021, 0x0021, 0x0021, 0x00C5, 0x24BB, 0x24BB, 0x24BB, 0x00C5,
        0x00C5, 0x00C5, 0x00C5, 0x00C5, 0x00C5, 0x0021, 0x0021, 0x0021, 0x0021, 0x0021, 0x0021, 0x00C5, 0x00C5, 0x00C5, 0x00C5, 0x00C5,
    },
    {
        0x00A5, 0x00A5, 0x00A5, 0x00A5, 0x00A5, 0x0021, 0x0021, 0x0021, 0x0021, 0x0021, 0x0021, 0x00A5, 0x00A5, 0x00A5, 0x00A5, 0x00A5,
        0x00A5, 0x8DFF, 0x8DFF, 0x8DFF, 0x00A5, 0x0021, 0x0021, 0x0021, 0x0021, 0x0021, 0x0021, 0x00A5, 0x8DFF, 0x8DFF, 0x8DFF, 0x00A5,
        0x8DFF, 0x239B, 0x239B, 0x239B, 0x00A5, 0x0021, 0x0021, 0x0021, 0x0021, 0x0021, 0x0021, 0x00A5, 0x239B, 0x239B, 0x239B, 0x8DFF,
        0x239B, 0x239B, 0x01AE, 0x239B, 0x00A5, 0x0021, 0x0021, 0x0021, 0x0021, 0x0021, 0x0021, 0x00A5, 0x239B, 0x01AE, 0x239B, 0x239B,
        0x239B, 0x239B, 0x01AE, 0x239B, 0x00A5, 0x0021, 0x00A5, 0x00A5, 0x00A5, 0x00A5, 0x0021, 0x00A5, 0x239B, 0x01AE, 0x239B, 0x239B,
        0x239B, 0x239B, 0x01AE, 0x239B, 0x00A5, 0x00A5, 0x00A5, 0x8DFF, 0x8DFF, 0x00A5, 0x00A5, 0x00A5, 0x239B, 0x01AE, 0x239B, 0x239B,
        0x239B, 0x239B, 0x01AE, 0x239B, 0x00A5, 0x00A5, 0x8DFF, 0x239B, 0x239B, 0x8DFF, 0x00A5, 0x00A5, 0x239B, 0x01AE, 0x239B, 0x239B,
        0x239B, 0x239B, 0x01AE, 0x239B, 0x8DFF, 0x8DFF, 0x239B, 0x0000, 0x0000, 0x239B, 0x8DFF, 0x8DFF, 0x239B, 0x01AE, 0x239B, 0x239B,
        0x239B, 0x239B, 0x01AE, 0x239B, 0x239B, 0x239B, 0x239B, 0x0000, 0x0000, 0x239B, 0x239B, 0x239B, 0x239B, 0x01AE, 0x239B, 0x239B,
        0x239B, 0x239B, 0x01AE, 0x239B, 0x00A5, 0x00A5, 0x239B, 0x239B, 0x239B, 0x239B, 0x00A5, 0x00A5, 0x239B, 0x01AE, 0x239B, 0x239B,
        0x239B, 0x239B, 0x01AE, 0x239B, 0x00A5, 0x00A5, 0x00A5, 0x239B, 0x239B, 0x00A5, 0x00A5, 0x00A5, 0x239B, 0x01AE, 0x239B, 0x239B,
        0x239B, 0x239B, 0x01AE, 0x239B, 0x00A5, 0x0021, 0x00A5, 0x00A5, 0x00A5, 0x00A5, 0x0021, 0x00A5, 0x239B, 0x01AE, 0x239B, 0x239B,
        0x239B, 0x239B, 0x01AE, 0x239B, 0x00A5, 0x0021, 0x0021, 0x0021, 0x0021, 0x0021, 0x0021, 0x00A5, 0x239B, 0x01AE, 0x239B, 0x239B,
        0x239B, 0x239B, 0x239B, 0x239B, 0x00A5, 0x0021, 0x0021, 0x0021, 0x0021, 0x0021, 0x0021, 0x00A5, 0x239B, 0x239B, 0x239B, 0x239B,
        0x00A5, 0x239B, 0x239B, 0x239B, 0x00A5, 0x0021, 0x0021, 0x0021, 0x0021, 0x0021, 0x0021, 0x00A5, 0x239B, 0x239B, 0x239B, 0x00A5,
        0x00A5, 0x00A5, 0x00A5, 0x00A5, 0x00A5, 0x0021, 0x0021, 0x0021, 0x0021, 0x0021, 0x0021, 0x00A5, 0x00A5, 0x00A5, 0x00A5, 0x00A5,
    },
    {
        0x0065, 0x0065, 0x0065, 0x0065, 0x0065, 0x0021, 0x0021, 0x0021, 0x0021, 0x0021, 0x0021, 0x0065, 0x0065, 0x0065, 0x0065, 0x0065,
        0x0065, 0x8D5F, 0x8D5F, 0x8D5F, 0x0065, 0x0021, 0x0021, 0x0021, 0x0021, 0x0021, 0x0021, 0x0065, 0x8D5F, 0x8D5F, 0x8D5F, 0x0065,
        0x8D5F, 0x227B, 0x227B, 0x227B, 0x0065, 0x0021, 0x0021, 0x0021, 0x0021, 0x0021, 0x0021, 0x0065, 0x227B, 0x227B, 0x227B, 0x8D5F,
        0x227B, 0x227B, 0x010E, 0x227B, 0x0065, 0x0021, 0x0021, 0x0021, 0x0021, 0x0021, 0x0021, 0x0065, 0x227B, 0x010E, 0x227B, 0x227B,
        0x227B, 0x227B, 0x010E, 0x227B, 0x0065, 0x0021, 0x0065, 0x0065, 0x0065, 0x0065, 0x0021, 0x0065, 0x227B, 0x010E, 0x227B, 0x227B,
        0x227B, 0x227B, 0x010E, 0x227B, 0x0065, 0x0065, 0x0065, 0x8D5F, 0x8D5F, 0x0065, 0x0065, 0x0065, 0x227B, 0x010E, 0x227B, 0x227B,
        0x227B, 0x227B, 0x010E, 0x227B, 0x0065, 0x0065, 0x8D5F, 0x227B, 0x227B, 0x8D5F, 0x0065, 0x0065, 0x227B, 0x010E, 0x227B, 0x227B,
        0x227B, 0x227B, 0x010E, 0x227B, 0x8D5F, 0x8D5F, 0x227B, 0x0000, 0x0000, 0x227B, 0x8D5F, 0x8D5F, 0x227B, 0x010E, 0x227B, 0x227B,
        0x227B, 0x227B, 0x010E, 0x227B, 0x227B, 0x227B, 0x227B, 0x0000, 0x0000, 0x227B, 0x227B, 0x227B, 0x227B, 0x010E, 0x227B, 0x227B,
        0x227B, 0x227B, 0x010E, 0x227B, 0x0065, 0x0065, 0x227B, 0x227B, 0x227B, 0x227B, 0x0065, 0x0065, 0x227B, 0x010E, 0x227B, 0x227B,
        0x227B, 0x227B, 0x010E, 0x227B, 0x0065, 0x0065, 0x0065, 0x227B, 0x227B, 0x0065, 0x0065, 0x0065, 0x227B, 0x010E, 0x227B, 0x227B,
        0x227B, 0x227B, 0x010E, 0x227B, 0x0065, 0x0021, 0x0065, 0x0065, 0x0065, 0x0065, 0x0021, 0x0065, 0x227B, 0x010E, 0x227B, 0x227B,
        0x227B, 0x227B, 0x010E, 0x227B, 0x0065, 0x0021, 0x0021, 0x0021, 0x0021, 0x0021, 0x0021, 0x0065, 0x227B, 0x010E, 0x227B, 0x227B,
        0x227B, 0x227B, 0x227B, 0x227B, 0x0065, 0x0021, 0x0021, 0x0021, 0x0021, 0x0021, 0x0021, 0x0065, 0x227B, 0x227B, 0x227B, 0x227B,
        0x0065, 0x227B, 0x227B, 0x227B, 0x0065, 0x0021, 0x0021, 0x0021, 0x0021, 0x0021, 0x0021, 0x0065, 0x227B, 0x227B, 0x227B, 0x0065,
        0x0065, 0x0065, 0x0065, 0x0065, 0x0065, 0x0021, 0x0021, 0x0021, 0x0021, 0x0021, 0x0021, 0x0065, 0x0065, 0x0065, 0x0065, 0x0065,
    },
    {
        0x0025, 0x0025, 0x0025, 0x0025, 0x0025, 0x0021, 0x0021, 0x0021, 0x0021, 0x0021, 0x0021, 0x0025, 0x0025, 0x0025, 0x0025, 0x0025,
        0x0025, 0x8C9F, 0x8C9F, 0x8C9F, 0x0025, 0x0021, 0x0021, 0x0021, 0x0021, 0x0021, 0x0021, 0x0025, 0x8C9F, 0x8C9F, 0x8C9F, 0x0025,
        0x8C9F, 0x217B, 0x217B, 0x217B, 0x0025, 0x0021, 0x0021, 0x0021, 0x0021, 0x0021, 0x0021, 0x0025, 0x217B, 0x217B, 0x217B, 0x8C9F,
        0x217B, 0x217B, 0x006E, 0x217B, 0x0025, 0x0021, 0x0021, 0x0021, 0x0021, 0x0021, 0x0021, 0x0025, 0x217B, 0x006E, 0x217B, 0x217B,
        0x217B, 0x217B, 0x006E, 0x217B, 0x0025, 0x0021, 0x0025, 0x0025, 0x0025, 0x0025, 0x0021, 0x0025, 0x217B, 0x006E, 0x217B, 0x217B,
        0x217B, 0x217B, 0x006E, 0x217B, 0x0025, 0x0025, 0x0025, 0x8C9F, 0x8C9F, 0x0025, 0x0025, 0x0025, 0x217B, 0x006E, 0x217B, 0x217B,
        0x217B, 0x217B, 0x006E, 0x217B, 0x0025, 0x0025, 0x8C9F, 0x217B, 0x217B, 0x8C9F, 0x0025, 0x0025, 0x217B, 0x006E, 0x217B, 0x217B,
        0x217B, 0x217B, 0x006E, 0x217B, 0x8C9F, 0x8C9F, 0x217B, 0x0000, 0x0000, 0x217B, 0x8C9F, 0x8C9F, 0x217B, 0x006E, 0x217B, 0x217B,
        0x217B, 0x217B, 0x006E, 0x217B, 0x217B, 0x217B, 0x217B, 0x0000, 0x0000, 0x217B, 0x217B, 0x217B, 0x217B, 0x006E, 0x217B, 0x217B,
        0x217B, 0x217B, 0x006E, 0x217B, 0x0025, 0x0025, 0x217B, 0x217B, 0x217B, 0x217B, 0x0025, 0x0025, 0x217B, 0x006E, 0x217B, 0x217B,
        0x217B, 0x217B, 0x006E, 0x217B, 0x0025, 0x0025, 0x0025, 0x217B, 0x217B, 0x0025, 0x0025, 0x0025, 0x217B, 0x006E, 0x217B, 0x217B,
        0x217B, 0x217B, 0x006E, 0x217B, 0x0025, 0x0021, 0x0025, 0x0025, 0x0025, 0x0025, 0x0021, 0x0025, 0x217B, 0x006E, 0x217B, 0x217B,
        0x217B, 0x217B, 0x006E, 0x217B, 0x0025, 0x0021, 0x0021, 0x0021, 0x0021, 0x0021, 0x0021, 0x0025, 0x217B, 0x006E, 0x217B, 0x217B,
        0x217B, 0x217B, 0x217B, 0x217B, 0x0025, 0x0021, 0x0021, 0x0021, 0x0021, 0x0021, 0x0021, 0x0025, 0x217B, 0x217B, 0x217B, 0x217B,
        0x0025, 0x217B, 0x217B, 0x217B, 0x0025, 0x0021, 0x0021, 0x0021, 0x0021, 0x0021, 0x0021, 0x0025, 0x217B, 0x217B, 0x217B, 0x0025,
        0x0025, 0x0025, 0x0025, 0x0025, 0x0025, 0x0021, 0x0021, 0x0021, 0x0021, 0x0021, 0x0021, 0x0025, 0x0025, 0x0025, 0x0025, 0x0025,
    },
    {
        0x0825, 0x0825, 0x0825, 0x0825, 0x0825, 0x0021, 0x0021, 0x0021, 0x0021, 0x0021, 0x0021, 0x0825, 0x0825, 0x0825, 0x0825, 0x0825,
        0x0825, 0x9C7F, 0x9C7F, 0x9C7F, 0x0825, 0x0021, 0x0021, 0x0021, 0x0021, 0x0021, 0x0021, 0x0825, 0x9C7F, 0x9C7F, 0x9C7F, 0x0825,
        0x9C7F, 0x391B, 0x391B, 0x391B, 0x0825, 0x0021, 0x0021, 0x0021, 0x0021, 0x0021, 0x0021, 0x0825, 0x391B, 0x391B, 0x391B, 0x9C7F,
        0x391B, 0x391B, 0x102E, 0x391B, 0x0825, 0x0021, 0x0021, 0x0021, 0x0021, 0x0021, 0x0021, 0x0825, 0x391B, 0x102E, 0x391B, 0x391B,
        0x391B, 0x391B, 0x102E, 0x391B, 0x0825, 0x0021, 0x0825, 0x0825, 0x0825, 0x0825, 0x0021, 0x0825, 0x391B, 0x102E, 0x391B, 0x391B,
        0x391B, 0x391B, 0x102E, 0x391B, 0x0825, 0x0825, 0x0825, 0x9C7F, 0x9C7F, 0x0825, 0x0825, 0x0825, 0x391B, 0x102E, 0x391B, 0x391B,
        0x391B, 0x391B, 0x102E, 0x391B, 0x0825, 0x0825, 0x9C7F, 0x391B, 0x391B, 0x9C7F, 0x0825, 0x0825, 0x391B, 0x102E, 0x391B, 0x391B,
        0x391B, 0x391B, 0x102E, 0x391B, 0x9C7F, 0x9C7F, 0x391B, 0x0000, 0x0000, 0x391B, 0x9C7F, 0x9C7F, 0x391B, 0x102E, 0x391B, 0x391B,
        0x391B, 0x391B, 0x102E, 0x391B, 0x391B, 0x391B, 0x391B, 0x0000, 0x0000, 0x391B, 0x391B, 0x391B, 0x391B, 0x102E, 0x391B, 0x391B,
        0x391B, 0x391B, 0x102E, 0x391B, 0x0825, 0x0825, 0x391B, 0x391B, 0x391B, 0x391B, 0x0825, 0x0825, 0x391B, 0x102E, 0x391B, 0x391B,
        0x391B, 0x391B, 0x102E, 0x391B, 0x0825, 0x0825, 0x0825, 0x391B, 0x391B, 0x0825, 0x0825, 0x0825, 0x391B, 0x102E, 0x391B, 0x391B,
        0x391B, 0x391B, 0x102E, 0x391B, 0x0825, 0x0021, 0x0825, 0x0825, 0x0825, 0x0825, 0x0021, 0x0825, 0x391B, 0x102E, 0x391B, 0x391B,
        0x391B, 0x391B, 0x102E, 0x391B, 0x0825, 0x0021, 0x0021, 0x0021, 0x0021, 0x0021, 0x0021, 0x0825, 0x391B, 0x102E, 0x391B, 0x391B,
        0x391B, 0x391B, 0x391B, 0x391B, 0x0825, 0x0021, 0x0021, 0x0021, 0x0021, 0x0021, 0x0021, 0x0825, 0x391B, 0x391B, 0x391B, 0x391B,
        0x0825, 0x391B, 0x391B, 0x391B, 0x0825, 0x0021, 0x0021, 0x0021, 0x0021, 0x0021, 0x0021, 0x0825, 0x391B, 0x391B, 0x391B, 0x0825,
        0x0825, 0x0825, 0x0825, 0x0825, 0x0825, 0x0021, 0x0021, 0x0021, 0x0021, 0x0021, 0x0021, 0x0825, 0x0825, 0x0825, 0x0825, 0x0825,
    },
    {
        0x0825, 0x0825, 0x0825, 0x0825, 0x0825, 0x0021, 0x0021, 0x0021, 0x0021, 0x0021, 0x0021, 0x0825, 0x0825, 0x0825, 0x0825, 0x0825,
        0x0825, 0xB47F, 0xB47F, 0xB47F, 0x0825, 0x0021, 0x0021, 0x0021, 0x0021, 0x0021, 0x0021, 0x0825, 0xB47F, 0xB47F, 0xB47F, 0x0825,
        0xB47F, 0x591B, 0x591B, 0x591B, 0x0825, 0x0021, 0x0021, 0x0021, 0x0021, 0x0021, 0x0021, 0x0825, 0x591B, 0x591B, 0x591B, 0xB47F,
        0x591B, 0x591B, 0x202E, 0x591B, 0x0825, 0x0021, 0x0021, 0x0021, 0x0021, 0x0021, 0x0021, 0x0825, 0x591B, 0x202E, 0x591B, 0x591B,
        0x591B, 0x591B, 0x202E, 0x591B, 0x0825, 0x0021, 0x0825, 0x0825, 0x0825, 0x0825, 0x0021, 0x0825, 0x591B, 0x202E, 0x591B, 0x591B,
        0x591B, 0x591B, 0x202E, 0x591B, 0x0825, 0x0825, 0x0825, 0xB47F, 0xB47F, 0x0825, 0x0825, 0x0825, 0x591B, 0x202E, 0x591B, 0x591B,
        0x591B, 0x591B, 0x202E, 0x591B, 0x0825, 0x0825, 0xB47F, 0x591B, 0x591B, 0xB47F, 0x0825, 0x0825, 0x591B, 0x202E, 0x591B, 0x591B,
        0x591B, 0x591B, 0x202E, 0x591B, 0xB47F, 0xB47F, 0x591B, 0x0000, 0x0000, 0x591B, 0xB47F, 0xB47F, 0x591B, 0x202E, 0x591B, 0x591B,
        0x591B, 0x591B, 0x202E, 0x591B, 0x591B, 0x591B, 0x591B, 0x0000, 0x0000, 0x591B, 0x591B, 0x591B, 0x591B, 0x202E, 0x591B, 0x591B,
        0x591B, 0x591B, 0x202E, 0x591B, 0x0825, 0x0825, 0x591B, 0x591B, 0x591B, 0x591B, 0x0825, 0x0825, 0x591B, 0x202E, 0x591B, 0x591B,
        0x591B, 0x591B, 0x202E, 0x591B, 0x0825, 0x0825, 0x0825, 0x591B, 0x591B, 0x0825, 0x0825, 0x0825, 0x591B, 0x202E, 0x591B, 0x591B,
        0x591B, 0x591B, 0x202E, 0x591B, 0x0825, 0x0021, 0x0825, 0x0825, 0x0825, 0x0825, 0x0021, 0x0825, 0x591B, 0x202E, 0x591B, 0x591B,
        0x591B, 0x591B, 0x202E, 0x591B, 0x0825, 0x0021, 0x0021, 0x0021, 0x0021, 0x0021, 0x0021, 0x0825, 0x591B, 0x202E, 0x591B, 0x591B,
        0x591B, 0x591B, 0x591B, 0x591B, 0x0825, 0x0021, 0x0021, 0x0021, 0x0021, 0x0021, 0x0021, 0x0825, 0x591B, 0x591B, 0x591B, 0x591B,
        0x0825, 0x591B, 0x591B, 0x591B, 0x0825, 0x0021, 0x0021, 0x0021, 0x0021, 0x0021, 0x0021, 0x0825, 0x591B, 0x591B, 0x591B, 0x0825,
        0x0825, 0x0825, 0x0825, 0x0825, 0x0825, 0x0021, 0x0021, 0x0021, 0x0021, 0x0021, 0x0021, 0x0825, 0x0825, 0x0825, 0x0825, 0x0825,
    },
    {
        0x1025, 0x1025, 0x1025, 0x1025, 0x1025, 0x0021, 0x0021, 0x0021, 0x0021, 0x0021, 0x0021, 0x1025, 0x1025, 0x1025, 0x1025, 0x1025,
        0x1025, 0xC47F, 0xC47F, 0xC47F, 0x1025, 0x0021, 0x0021, 0x0021, 0x0021, 0x0021, 0x0021, 0x1025, 0xC47F, 0xC47F, 0xC47F, 0x1025,
        0xC47F, 0x791B, 0x791B, 0x791B, 0x1025, 0x0021, 0x0021, 0x0021, 0x0021, 0x0021, 0x0021, 0x1025, 0x791B, 0x791B, 0x791B, 0xC47F,
        0x791B, 0x791B, 0x382E, 0x791B, 0x1025, 0x0021, 0x0021, 0x0021, 0x0021, 0x0021, 0x0021, 0x1025, 0x791B, 0x382E, 0x791B, 0x791B,
        0x791B, 0x791B, 0x382E, 0x791B, 0x1025, 0x0021, 0x1025, 0x1025, 0x1025, 0x1025, 0x0021, 0x1025, 0x791B, 0x382E, 0x791B, 0x791B,
        0x791B, 0x791B, 0x382E, 0x791B, 0x1025, 0x1025, 0x1025, 0xC47F, 0xC47F, 0x1025, 0x1025, 0x1025, 0x791B, 0x382E, 0x791B, 0x791B,
        0x791B, 0x791B, 0x382E, 0x791B, 0x1025, 0x1025, 0xC47F, 0x791B, 0x791B, 0xC47F, 0x1025, 0x1025, 0x791B, 0x382E, 0x791B, 0x791B,
        0x791B, 0x791B, 0x382E, 0x791B, 0xC47F, 0xC47F, 0x791B, 0x0000, 0x0000, 0x791B, 0xC47F, 0xC47F, 0x791B, 0x382E, 0x791B, 0x791B,
        0x791B, 0x791B, 0x382E, 0x791B, 0x791B, 0x791B, 0x791B, 0x0000, 0x0000, 0x791B, 0x791B, 0x791B, 0x791B, 0x382E, 0x791B, 0x791B,
        0x791B, 0x791B, 0x382E, 0x791B, 0x1025, 0x1025, 0x791B, 0x791B, 0x791B, 0x791B, 0x1025, 0x1025, 0x791B, 0x382E, 0x791B, 0x791B,
        0x791B, 0x791B, 0x382E, 0x791B, 0x1025, 0x1025, 0x1025, 0x791B, 0x791B, 0x1025, 0x1025, 0x1025, 0x791B, 0x382E, 0x791B, 0x791B,
        0x791B, 0x791B, 0x382E, 0x791B, 0x1025, 0x0021, 0x1025, 0x1025, 0x1025, 0x1025, 0x0021, 0x1025, 0x791B, 0x382E, 0x791B, 0x791B,
        0x791B, 0x791B, 0x382E, 0x791B, 0x1025, 0x0021, 0x0021, 0x0021, 0x0021, 0x0021, 0x0021, 0x1025, 0x791B, 0x382E, 0x791B, 0x791B,
        0x791B, 0x791B, 0x791B, 0x791B, 0x1025, 0x0021, 0x0021, 0x0021, 0x0021, 0x0021, 0x0021, 0x1025, 0x791B, 0x791B, 0x791B, 0x791B,
        0x1025, 0x791B, 0x791B, 0x791B, 0x1025, 0x0021, 0x0021, 0x0021, 0x0021, 0x0021, 0x0021, 0x1025, 0x791B, 0x791B, 0x791B, 0x1025,
        0x1025, 0x1025, 0x1025, 0x1025, 0x1025, 0x0021, 0x0021, 0x0021, 0x0021, 0x0021, 0x0021, 0x1025, 0x1025, 0x1025, 0x1025, 0x1025,
    },
    {
        0x1825, 0x1825, 0x1825, 0x1825, 0x1825, 0x0021, 0x0021, 0x0021, 0x0021, 0x0021, 0x0021, 0x1825, 0x1825, 0x1825, 0x1825, 0x1825,
        0x1825, 0xDC7F, 0xDC7F, 0xDC7F, 0x1825, 0x0021, 0x0021, 0x0021, 0x0021, 0x0021, 0x0021, 0x1825, 0xDC7F, 0xDC7F, 0xDC7F, 0x1825,
        0xDC7F, 0xA11B, 0xA11B, 0xA11B, 0x1825, 0x0021, 0x0021, 0x0021, 0x0021, 0x0021, 0x0021, 0x1825, 0xA11B, 0xA11B, 0xA11B, 0xDC7F,
        0xA11B, 0xA11B, 0x502E, 0xA11B, 0x1825, 0x0021, 0x0021, 0x0021, 0x0021, 0x0021, 0x0021, 0x1825, 0xA11B, 0x502E, 0xA11B, 0xA11B,
        0xA11B, 0xA11B, 0x502E, 0xA11B, 0x1825, 0x0021, 0x1825, 0x1825, 0x1825, 0x1825, 0x0021, 0x1825, 0xA11B, 0x502E, 0xA11B, 0xA11B,
        0xA11B, 0xA11B, 0x502E, 0xA11B, 0x1825, 0x1825, 0x1825, 0xDC7F, 0xDC7F, 0x1825, 0x1825, 0x1825, 0xA11B, 0x502E, 0xA11B, 0xA11B,
        0xA11B, 0xA11B, 0x502E, 0xA11B, 0x1825, 0x1825, 0xDC7F, 0xA11B, 0xA11B, 0xDC7F, 0x1825, 0x1825, 0xA11B, 0x502E, 0xA11B, 0xA11B,
        0xA11B, 0xA11B, 0x502E, 0xA11B, 0xDC7F, 0xDC7F, 0xA11B, 0x0000, 0x0000, 0xA11B, 0xDC7F, 0xDC7F, 0xA11B, 0x502E, 0xA11B, 0xA11B,
        0xA11B, 0xA11B, 0x502E, 0xA11B, 0xA11B, 0xA11B, 0xA11B, 0x0000, 0x0000, 0xA11B, 0xA11B, 0xA11B, 0xA11B, 0x502E, 0xA11B, 0xA11B,
        0xA11B, 0xA11B, 0x502E, 0xA11B, 0x1825, 0x1825, 0xA11B, 0xA11B, 0xA11B, 0xA11B, 0x1825, 0x1825, 0xA11B, 0x502E, 0xA11B, 0xA11B,
        0xA11B, 0xA11B, 0x502E, 0xA11B, 0x1825, 0x1825, 0x1825, 0xA11B, 0xA11B, 0x1825, 0x1825, 0x1825, 0xA11B, 0x502E, 0xA11B, 0xA11B,
        0xA11B, 0xA11B, 0x502E, 0xA11B, 0x1825, 0x0021, 0x1825, 0x1825, 0x1825, 0x1825, 0x0021, 0x1825, 0xA11B, 0x502E, 0xA11B, 0xA11B,
        0xA11B, 0xA11B, 0x502E, 0xA11B, 0x1825, 0x0021, 0x0021, 0x0021, 0x0021, 0x0021, 0x0021, 0x1825, 0xA11B, 0x502E, 0xA11B, 0xA11B,
        0xA11B, 0xA11B, 0xA11B, 0xA11B, 0x1825, 0x0021, 0x0021, 0x0021, 0x0021, 0x0021, 0x0021, 0x1825, 0xA11B, 0xA11B, 0xA11B, 0xA11B,
        0x1825, 0xA11B, 0xA11B, 0xA11B, 0x1825, 0x0021, 0x0021, 0x0021, 0x0021, 0x0021, 0x0021, 0x1825, 0xA11B, 0xA11B, 0xA11B, 0x1825,
        0x1825, 0x1825, 0x1825, 0x1825, 0x1825, 0x0021, 0x0021, 0x0021, 0x0021, 0x0021, 0x0021, 0x1825, 0x1825, 0x1825, 0x1825, 0x1825,
    },
    {
        0x2025, 0x2025, 0x2025, 0x2025, 0x2025, 0x0021, 0x0021, 0x0021, 0x0021, 0x0021, 0x0021, 0x2025, 0x2025, 0x2025, 0x2025, 0x2025,
        0x2025, 0xF47F, 0xF47F, 0xF47F, 0x2025, 0x0021, 0x0021, 0x0021, 0x0021, 0x0021, 0x0021, 0x2025, 0xF47F, 0xF47F, 0xF47F, 0x2025,
        0xF47F, 0xC11B, 0xC11B, 0xC11B, 0x2025, 0x0021, 0x0021, 0x0021, 0x0021, 0x0021, 0x0021, 0x2025, 0xC11B, 0xC11B, 0xC11B, 0xF47F,
        0xC11B, 0xC11B, 0x602E, 0xC11B, 0x2025, 0x0021, 0x0021, 0x0021, 0x0021, 0x0021, 0x0021, 0x2025, 0xC11B, 0x602E, 0xC11B, 0xC11B,
        0xC11B, 0xC11B, 0x602E, 0xC11B, 0x2025, 0x0021, 0x2025, 0x2025, 0x2025, 0x2025, 0x0021, 0x2025, 0xC11B, 0x602E, 0xC11B, 0xC11B,
        0xC11B, 0xC11B, 0x602E, 0xC11B, 0x2025, 0x2025, 0x2025, 0xF47F, 0xF47F, 0x2025, 0x2025, 0x2025, 0xC11B, 0x602E, 0xC11B, 0xC11B,
        0xC11B, 0xC11B, 0x602E, 0xC11B, 0x2025, 0x2025, 0xF47F, 0xC11B, 0xC11B, 0xF47F, 0x2025, 0x2025, 0xC11B, 0x602E, 0xC11B, 0xC11B,
        0xC11B, 0xC11B, 0x602E, 0xC11B, 0xF47F, 0xF47F, 0xC11B, 0x0000, 0x0000, 0xC11B, 0xF47F, 0xF47F, 0xC11B, 0x602E, 0xC11B, 0xC11B,
        0xC11B, 0xC11B, 0x602E, 0xC11B, 0xC11B, 0xC11B, 0xC11B, 0x0000, 0x0000, 0xC11B, 0xC11B, 0xC11B, 0xC11B, 0x602E, 0xC11B, 0xC11B,
        0xC11B, 0xC11B, 0x602E, 0xC11B, 0x2025, 0x2025, 0xC11B, 0xC11B, 0xC11B, 0xC11B, 0x2025, 0x2025, 0xC11B, 0x602E, 0xC11B, 0xC11B,
        0xC11B, 0xC11B, 0x602E, 0xC11B, 0x2025, 0x2025, 0x2025, 0xC11B, 0xC11B, 0x2025, 0x2025, 0x2025, 0xC11B, 0x602E, 0xC11B, 0xC11B,
        0xC11B, 0xC11B, 0x602E, 0xC11B, 0x2025, 0x0021, 0x2025, 0x2025, 0x2025, 0x2025, 0x0021, 0x2025, 0xC11B, 0x602E, 0xC11B, 0xC11B,
        0xC11B, 0xC11B, 0x602E, 0xC11B, 0x2025, 0x0021, 0x0021, 0x0021, 0x0021, 0x0021, 0x0021, 0x2025, 0xC11B, 0x602E, 0xC11B, 0xC11B,
        0xC11B, 0xC11B, 0xC11B, 0xC11B, 0x2025, 0x0021, 0x0021, 0x0021, 0x0021, 0x0021, 0x0021, 0x2025, 0xC11B, 0xC11B, 0xC11B, 0xC11B,
        0x2025, 0xC11B, 0xC11B, 0xC11B, 0x2025, 0x0021, 0x0021, 0x0021, 0x0021, 0x0021, 0x0021, 0x2025, 0xC11B, 0xC11B, 0xC11B, 0x2025,
        0x2025, 0x2025, 0x2025, 0x2025, 0x2025, 0x0021, 0x0021, 0x0021, 0x0021, 0x0021, 0x0021, 0x2025, 0x2025, 0x2025, 0x2025, 0x2025,
    },
    {
        0x2824, 0x2824, 0x2824, 0x2824, 0x2824, 0x0021, 0x0021, 0x0021, 0x0021, 0x0021, 0x0021, 0x2824, 0x2824, 0x2824, 0x2824, 0x2824,
        0x2824, 0xFC7E, 0xFC7E, 0xFC7E, 0x2824, 0x0021, 0x0021, 0x0021, 0x0021, 0x0021, 0x0021, 0x2824, 0xFC7E, 0xFC7E, 0xFC7E, 0x2824,
        0xFC7E, 0xD919, 0xD919, 0xD919, 0x2824, 0x0021, 0x0021, 0x0021, 0x0021, 0x0021, 0x0021, 0x2824, 0xD919, 0xD919, 0xD919, 0xFC7E,
        0xD919, 0xD919, 0x702D, 0xD919, 0x2824, 0x0021, 0x0021, 0x0021, 0x0021, 0x0021, 0x0021, 0x2824, 0xD919, 0x702D, 0xD919, 0xD919,
        0xD919, 0xD919, 0x702D, 0xD919, 0x2824, 0x0021, 0x2824, 0x2824, 0x2824, 0x2824, 0x0021, 0x2824, 0xD919, 0x702D, 0xD919, 0xD919,
        0xD919, 0xD919, 0x702D, 0xD919, 0x2824, 0x2824, 0x2824, 0xFC7E, 0xFC7E, 0x2824, 0x2824, 0x2824, 0xD919, 0x702D, 0xD919, 0xD919,
        0xD919, 0xD919, 0x702D, 0xD919, 0x2824, 0x2824, 0xFC7E, 0xD919, 0xD919, 0xFC7E, 0x2824, 0x2824, 0xD919, 0x702D, 0xD919, 0xD919,
        0xD919, 0xD919, 0x702D, 0xD919, 0xFC7E, 0xFC7E, 0xD919, 0x0000, 0x0000, 0xD919, 0xFC7E, 0xFC7E, 0xD919, 0x702D, 0xD919, 0xD919,
        0xD919, 0xD919, 0x702D, 0xD919, 0xD919, 0xD919, 0xD919, 0x0000, 0x0000, 0xD919, 0xD919, 0xD919, 0xD919, 0x702D, 0xD919, 0xD919,
        0xD919, 0xD919, 0x702D, 0xD919, 0x2824, 0x2824, 0xD919, 0xD919, 0xD919, 0xD919, 0x2824, 0x2824, 0xD919, 0x702D, 0xD919, 0xD919,
        0xD919, 0xD919, 0x702D, 0xD919, 0x2824, 0x2824, 0x2824, 0xD919, 0xD919, 0x2824, 0x2824, 0x2824, 0xD919, 0x702D, 0xD919, 0xD919,
        0xD919, 0xD919, 0x702D, 0xD919, 0x2824, 0x0021, 0x2824, 0x2824, 0x2824, 0x2824, 0x0021, 0x2824, 0xD919, 0x702D, 0xD919, 0xD919,
        0xD919, 0xD919, 0x702D, 0xD919, 0x2824, 0x0021, 0x0021, 0x0021, 0x0021, 0x0021, 0x0021, 0x2824, 0xD919, 0x702D, 0xD919, 0xD919,
        0xD919, 0xD919, 0xD919, 0xD919, 0x2824, 0x0021, 0x0021, 0x0021, 0x0021, 0x0021, 0x0021, 0x2824, 0xD919, 0xD919, 0xD919, 0xD919,
        0x2824, 0xD919, 0xD919, 0xD919, 0x2824, 0x0021, 0x0021, 0x0021, 0x0021, 0x0021, 0x0021, 0x2824, 0xD919, 0xD919, 0xD919, 0x2824,
        0x2824, 0x2824, 0x2824, 0x2824, 0x2824, 0x0021, 0x0021, 0x0021, 0x0021, 0x0021, 0x0021, 0x2824, 0x2824, 0x2824, 0x2824, 0x2824,
    },
    {
        0x2823, 0x2823, 0x2823, 0x2823, 0x2823, 0x0021, 0x0021, 0x0021, 0x0021, 0x0021, 0x0021, 0x2823, 0x2823, 0x2823, 0x2823, 0x2823,
        0x2823, 0xFC7C, 0xFC7C, 0xFC7C, 0x2823, 0x0021, 0x0021, 0x0021, 0x0021, 0x0021, 0x0021, 0x2823, 0xFC7C, 0xFC7C, 0xFC7C, 0x2823,
        0xFC7C, 0xD915, 0xD915, 0xD915, 0x2823, 0x0021, 0x0021, 0x0021, 0x0021, 0x0021, 0x0021, 0x2823, 0xD915, 0xD915, 0xD915, 0xFC7C,
        0xD915, 0xD915, 0x702A, 0xD915, 0x2823, 0x0021, 0x0021, 0x0021, 0x0021, 0x0021, 0x0021, 0x2823, 0xD915, 0x702A, 0xD915, 0xD915,
        0xD915, 0xD915, 0x702A, 0xD915, 0x2823, 0x0021, 0x2823, 0x2823, 0x2823, 0x2823, 0x0021, 0x2823, 0xD915, 0x702A, 0xD915, 0xD915,
        0xD915, 0xD915, 0x702A, 0xD915, 0x2823, 0x2823, 0x2823, 0xFC7C, 0xFC7C, 0x2823, 0x2823, 0x2823, 0xD915, 0x702A, 0xD915, 0xD915,
        0xD915, 0xD915, 0x702A, 0xD915, 0x2823, 0x2823, 0xFC7C, 0xD915, 0xD915, 0xFC7C, 0x2823, 0x2823, 0xD915, 0x702A, 0xD915, 0xD915,
        0xD915, 0xD915, 0x702A, 0xD915, 0xFC7C, 0xFC7C, 0xD915, 0x0000, 0x0000, 0xD915, 0xFC7C, 0xFC7C, 0xD915, 0x702A, 0xD915, 0xD915,
        0xD915, 0xD915, 0x702A, 0xD915, 0xD915, 0xD915, 0xD915, 0x0000, 0x0000, 0xD915, 0xD915, 0xD915, 0xD915, 0x702A, 0xD915, 0xD915,
        0xD915, 0xD915, 0x702A, 0xD915, 0x2823, 0x2823, 0xD915, 0xD915, 0xD915, 0xD915, 0x2823, 0x2823, 0xD915, 0x702A, 0xD915, 0xD915,
        0xD915, 0xD915, 0x702A, 0xD915, 0x2823, 0x2823, 0x2823, 0xD915, 0xD915, 0x2823, 0x2823, 0x2823, 0xD915, 0x702A, 0xD915, 0xD915,
        0xD915, 0xD915, 0x702A, 0xD915, 0x2823, 0x0021, 0x2823, 0x2823, 0x2823, 0x2823, 0x0021, 0x2823, 0xD915, 0x702A, 0xD915, 0xD915,
        0xD915, 0xD915, 0x702A, 0xD915, 0x2823, 0x0021, 0x0021, 0x0021, 0x0021, 0x0021, 0x0021, 0x2823, 0xD915, 0x702A, 0xD915, 0xD915,
        0xD915, 0xD915, 0xD915, 0xD915, 0x2823, 0x0021, 0x0021, 0x0021, 0x0021, 0x0021, 0x0021, 0x2823, 0xD915, 0xD915, 0xD915, 0xD915,
        0x2823, 0xD915, 0xD915, 0xD915, 0x2823, 0x0021, 0x0021, 0x0021, 0x0021, 0x0021, 0x0021, 0x2823, 0xD915, 0xD915, 0xD915, 0x2823,
        0x2823, 0x2823, 0x2823, 0x2823, 0x2823, 0x0021, 0x0021, 0x0021, 0x0021, 0x0021, 0x0021, 0x2823, 0x2823, 0x2823, 0x2823, 0x2823,
    },
    {
        0x2823, 0x2823, 0x2823, 0x2823, 0x2823, 0x0021, 0x0021, 0x0021, 0x0021, 0x0021, 0x0021, 0x2823, 0x2823, 0x2823, 0x2823, 0x2823,
        0x2823, 0xFC79, 0xFC79, 0xFC79, 0x2823, 0x0021, 0x0021, 0x0021, 0x0021, 0x0021, 0x0021, 0x2823, 0xFC79, 0xFC79, 0xFC79, 0x2823,
        0xFC79, 0xD911, 0xD911, 0xD911, 0x2823, 0x0021, 0x0021, 0x0021, 0x0021, 0x0021, 0x0021, 0x2823, 0xD911, 0xD911, 0xD911, 0xFC79,
        0xD911, 0xD911, 0x7028, 0xD911, 0x2823, 0x0021, 0x0021, 0x0021, 0x0021, 0x0021, 0x0021, 0x2823, 0xD911, 0x7028, 0xD911, 0xD911,
        0xD911, 0xD911, 0x7028, 0xD911, 0x2823, 0x0021, 0x2823, 0x2823, 0x2823, 0x2823, 0x0021, 0x2823, 0xD911, 0x7028, 0xD911, 0xD911,
        0xD911, 0xD911, 0x7028, 0xD911, 0x2823, 0x2823, 0x2823, 0xFC79, 0xFC79, 0x2823, 0x2823, 0x2823, 0xD911, 0x7028, 0xD911, 0xD911,
        0xD911, 0xD911, 0x7028, 0xD911, 0x2823, 0x2823, 0xFC79, 0xD911, 0xD911, 0xFC79, 0x2823, 0x2823, 0xD911, 0x7028, 0xD911, 0xD911,
        0xD911, 0xD911, 0x7028, 0xD911, 0xFC79, 0xFC79, 0xD911, 0x0000, 0x0000, 0xD911, 0xFC79, 0xFC79, 0xD911, 0x7028, 0xD911, 0xD911,
        0xD911, 0xD911, 0x7028, 0xD911, 0xD911, 0xD911, 0xD911, 0x0000, 0x0000, 0xD911, 0xD911, 0xD911, 0xD911, 0x7028, 0xD911, 0xD911,
        0xD911, 0xD911, 0x7028, 0xD911, 0x2823, 0x2823, 0xD911, 0xD911, 0xD911, 0xD911, 0x2823, 0x2823, 0xD911, 0x7028, 0xD911, 0xD911,
        0xD911, 0xD911, 0x7028, 0xD911, 0x2823, 0x2823, 0x2823, 0xD911, 0xD911, 0x2823, 0x2823, 0x2823, 0xD911, 0x7028, 0xD911, 0xD911,
        0xD911, 0xD911, 0x7028, 0xD911, 0x2823, 0x0021, 0x2823, 0x2823, 0x2823, 0x2823, 0x0021, 0x2823, 0xD911, 0x7028, 0xD911, 0xD911,
        0xD911, 0xD911, 0x7028, 0xD911, 0x2823, 0x0021, 0x0021, 0x0021, 0x0021, 0x0021, 0x0021, 0x2823, 0xD911, 0x7028, 0xD911, 0xD911,
        0xD911, 0xD911, 0xD911, 0xD911, 0x2823, 0x0021, 0x0021, 0x0021, 0x0021, 0x0021, 0x0021, 0x2823, 0xD911, 0xD911, 0xD911, 0xD911,
        0x2823, 0xD911, 0xD911, 0xD911, 0x2823, 0x0021, 0x0021, 0x0021, 0x0021, 0x0021, 0x0021, 0x2823, 0xD911, 0xD911, 0xD911, 0x2823,
        0x2823, 0x2823, 0x2823, 0x2823, 0x2823, 0x0021, 0x0021, 0x0021, 0x0021, 0x0021, 0x0021, 0x2823, 0x2823, 0x2823, 0x2823, 0x2823,
    },
    {
        0x2822, 0x2822, 0x2822, 0x2822, 0x2822, 0x0021, 0x0021, 0x0021, 0x0021, 0x0021, 0x0021, 0x2822, 0x2822, 0x2822, 0x2822, 0x2822,
        0x2822, 0xFC76, 0xFC76, 0xFC76, 0x2822, 0x0021, 0x0021, 0x0021, 0x0021, 0x0021, 0x0021, 0x2822, 0xFC76, 0xFC76, 0xFC76, 0x2822,
        0xFC76, 0xD90C, 0xD90C, 0xD90C, 0x2822, 0x0021, 0x0021, 0x0021, 0x0021, 0x0021, 0x0021, 0x2822, 0xD90C, 0xD90C, 0xD90C, 0xFC76,
        0xD90C, 0xD90C, 0x7025, 0xD90C, 0x2822, 0x0021, 0x0021, 0x0021, 0x0021, 0x0021, 0x0021, 0x2822, 0xD90C, 0x7025, 0xD90C, 0xD90C,
        0xD90C, 0xD90C, 0x7025, 0xD90C, 0x2822, 0x0021, 0x2822, 0x2822, 0x2822, 0x2822, 0x0021, 0x2822, 0xD90C, 0x7025, 0xD90C, 0xD90C,
        0xD90C, 0xD90C, 0x7025, 0xD90C, 0x2822, 0x2822, 0x2822, 0xFC76, 0xFC76, 0x2822, 0x2822, 0x2822, 0xD90C, 0x7025, 0xD90C, 0xD90C,
        0xD90C, 0xD90C, 0x7025, 0xD90C, 0x2822, 0x2822, 0xFC76, 0xD90C, 0xD90C, 0xFC76, 0x2822, 0x2822, 0xD90C, 0x7025, 0xD90C, 0xD90C,
        0xD90C, 0xD90C, 0x7025, 0xD90C, 0xFC76, 0xFC76, 0xD90C, 0x0000, 0x0000, 0xD90C, 0xFC76, 0xFC76, 0xD90C, 0x7025, 0xD90C, 0xD90C,
        0xD90C, 0xD90C, 0x7025, 0xD90C, 0xD90C, 0xD90C, 0xD90C, 0x0000, 0x0000, 0xD90C, 0xD90C, 0xD90C, 0xD90C, 0x7025, 0xD90C, 0xD90C,
        0xD90C, 0xD90C, 0x7025, 0xD90C, 0x2822, 0x2822, 0xD90C, 0xD90C, 0xD90C, 0xD90C, 0x2822, 0x2822, 0xD90C, 0x7025, 0xD90C, 0xD90C,
        0xD90C, 0xD90C, 0x7025, 0xD90C, 0x2822, 0x2822, 0x2822, 0xD90C, 0xD90C, 0x2822, 0x2822, 0x2822, 0xD90C, 0x7025, 0xD90C, 0xD90C,
        0xD90C, 0xD90C, 0x7025, 0xD90C, 0x2822, 0x0021, 0x2822, 0x2822, 0x2822, 0x2822, 0x0021, 0x2822, 0xD90C, 0x7025, 0xD90C, 0xD90C,
        0xD90C, 0xD90C, 0x7025, 0xD90C, 0x2822, 0x0021, 0x0021, 0x0021, 0x0021, 0x0021, 0x0021, 0x2822, 0xD90C, 0x7025, 0xD90C, 0xD90C,
        0xD90C, 0xD90C, 0xD90C, 0xD90C, 0x2822, 0x0021, 0x0021, 0x0021, 0x0021, 0x0021, 0x0021, 0x2822, 0xD90C, 0xD90C, 0xD90C, 0xD90C,
        0x2822, 0xD90C, 0xD90C, 0xD90C, 0x2822, 0x0021, 0x0021, 0x0021, 0x0021, 0x0021, 0x0021, 0x2822, 0xD90C, 0xD90C, 0xD90C, 0x2822,
        0x2822, 0x2822, 0x2822, 0x2822, 0x2822, 0x0021, 0x0021, 0x0021, 0x0021, 0x0021, 0x0021, 0x2822, 0x2822, 0x2822, 0x2822, 0x2822,
    },
    {
        0x2821, 0x2821, 0x2821, 0x2821, 0x2821, 0x0021, 0x0021, 0x0021, 0x0021, 0x0021, 0x0021, 0x2821, 0x2821, 0x2821, 0x2821, 0x2821,
        0x2821, 0xFC74, 0xFC74, 0xFC74, 0x2821, 0x0021, 0x0021, 0x0021, 0x0021, 0x0021, 0x0021, 0x2821, 0xFC74, 0xFC74, 0xFC74, 0x2821,
        0xFC74, 0xD908, 0xD908, 0xD908, 0x2821, 0x0021, 0x0021, 0x0021, 0x0021, 0x0021, 0x0021, 0x2821, 0xD908, 0xD908, 0xD908, 0xFC74,
        0xD908, 0xD908, 0x7023, 0xD908, 0x2821, 0x0021, 0x0021, 0x0021, 0x0021, 0x0021, 0x0021, 0x2821, 0xD908, 0x7023, 0xD908, 0xD908,
        0xD908, 0xD908, 0x7023, 0xD908, 0x2821, 0x0021, 0x2821, 0x2821, 0x2821, 0x2821, 0x0021, 0x2821, 0xD908, 0x7023, 0xD908, 0xD908,
        0xD908, 0xD908, 0x7023, 0xD908, 0x2821, 0x2821, 0x2821, 0xFC74, 0xFC74, 0x2821, 0x2821, 0x2821, 0xD908, 0x7023, 0xD908, 0xD908,
        0xD908, 0xD908, 0x7023, 0xD908, 0x2821, 0x2821, 0xFC74, 0xD908, 0xD908, 0xFC74, 0x2821, 0x2821, 0xD908, 0x7023, 0xD908, 0xD908,
        0xD908, 0xD908, 0x7023, 0xD908, 0xFC74, 0xFC74, 0xD908, 0x0000, 0x0000, 0xD908, 0xFC74, 0xFC74, 0xD908, 0x7023, 0xD908, 0xD908,
        0xD908, 0xD908, 0x7023, 0xD908, 0xD908, 0xD908, 0xD908, 0x0000, 0x0000, 0xD908, 0xD908, 0xD908, 0xD908, 0x7023, 0xD908, 0xD908,
        0xD908, 0xD908, 0x7023, 0xD908, 0x2821, 0x2821, 0xD908, 0xD908, 0xD908, 0xD908, 0x2821, 0x2821, 0xD908, 0x7023, 0xD908, 0xD908,
        0xD908, 0xD908, 0x7023, 0xD908, 0x2821, 0x2821, 0x2821, 0xD908, 0xD908, 0x2821, 0x2821, 0x2821, 0xD908, 0x7023, 0xD908, 0xD908,
        0xD908, 0xD908, 0x7023, 0xD908, 0x2821, 0x0021, 0x2821, 0x2821, 0x2821, 0x2821, 0x0021, 0x2821, 0xD908, 0x7023, 0xD908, 0xD908,
        0xD908, 0xD908, 0x7023, 0xD908, 0x2821, 0x0021, 0x0021, 0x0021, 0x0021, 0x0021, 0x0021, 0x2821, 0xD908, 0x7023, 0xD908, 0xD908,
        0xD908, 0xD908, 0xD908, 0xD908, 0x2821, 0x0021, 0x0021, 0x0021, 0x0021, 0x0021, 0x0021, 0x2821, 0xD908, 0xD908, 0xD908, 0xD908,
        0x2821, 0xD908, 0xD908, 0xD908, 0x2821, 0x0021, 0x0021, 0x0021, 0x0021, 0x0021, 0x0021, 0x2821, 0xD908, 0xD908, 0xD908, 0x2821,
        0x2821, 0x2821, 0x2821, 0x2821, 0x2821, 0x0021, 0x0021, 0x0021, 0x0021, 0x0021, 0x0021, 0x2821, 0x2821, 0x2821, 0x2821, 0x2821,
    },
};
