// 16x16 LED-matrix animation, 80 frames at 100 ms.
// Row-major, top-left origin. Generated -- do not edit by hand.
#pragma once
#include <stdint.h>

#define TORO16_ANIM_W 16
#define TORO16_ANIM_H 16
#define TORO16_ANIM_FRAMES 80
#define TORO16_ANIM_DELAY_MS 100

// RGB888 array omitted: 80 frames. Play from the RGB565 copy.

static const uint16_t toro16_anim_rgb565[80][256] = {
    {
        0x0021, 0x0041, 0x0041, 0x0841, 0x0841, 0x0841, 0x0861, 0x5AEA, 0x5AEA, 0x0861, 0x0841, 0x0841, 0x0041, 0x0041, 0x0021, 0x0021,
        0x0041, 0x0041, 0x0841, 0x0861, 0x0862, 0x5AEA, 0x62EA, 0x62EA, 0x62EA, 0x5AEA, 0x5AEA, 0x0861, 0x0841, 0x0841, 0x0041, 0x0021,
        0x0041, 0x5ACA, 0x0862, 0x5AEA, 0x62EA, 0x62EA, 0x630A, 0x630A, 0x630A, 0x62EA, 0x62EA, 0x5AEA, 0x5AEA, 0x0862, 0x5ACA, 0x0041,
        0x0842, 0x0862, 0x5AEA, 0x62EA, 0x630A, 0x6B09, 0x6B09, 0x6B09, 0x6B09, 0x6B09, 0x630A, 0x62EA, 0x5AEA, 0x5AEA, 0x0842, 0x0041,
        0x0862, 0x0862, 0x1082, 0x18A2, 0x41E5, 0x49E5, 0x4A05, 0x5205, 0x5205, 0x4A05, 0x41E5, 0x41C5, 0x1082, 0x1082, 0x0862, 0x0842,
        0x10A2, 0x20C2, 0x3123, 0x4983, 0x6203, 0xA3C8, 0xBC08, 0xED48, 0xED48, 0xABE8, 0x9BA8, 0x51A3, 0x3943, 0x28E2, 0x18A2, 0x1082,
        0x18A2, 0x20E2, 0x3923, 0x4983, 0x6203, 0xABE8, 0xED48, 0xED48, 0xED48, 0xED48, 0x9BA8, 0x51C3, 0x3943, 0x2902, 0x18A2, 0x1082,
        0x18C2, 0x3103, 0x4183, 0x6203, 0x8284, 0xC428, 0xED48, 0xED48, 0xED48, 0xED48, 0xB3E8, 0x6A24, 0x51A3, 0x3923, 0x20E2, 0x1082,
        0x18A2, 0x28E2, 0x3943, 0x51C3, 0x6A44, 0xB3E8, 0xC428, 0xED48, 0xED48, 0xB408, 0xA3C8, 0x59E3, 0x4183, 0x3123, 0x20C2, 0x1082,
        0x10A2, 0x20C2, 0x3123, 0x4183, 0x8B89, 0x9BA8, 0xA3C8, 0xABE8, 0xABC8, 0xA3C8, 0x9389, 0x8369, 0x3943, 0x28E2, 0x18A2, 0x0882,
        0x1082, 0x18A2, 0x20E2, 0x3123, 0x4163, 0x49A3, 0x59E3, 0x9389, 0x9389, 0x51C3, 0x4983, 0x3943, 0x2903, 0x18C2, 0x1082, 0x0862,
        0x0862, 0x1082, 0x18A2, 0x20E2, 0x2903, 0x3123, 0x3943, 0x7B49, 0x7B49, 0x3943, 0x3123, 0x20E2, 0x18C2, 0x1082, 0x0862, 0x0862,
        0x0862, 0x0862, 0x1082, 0x10A2, 0x18C2, 0x6B09, 0x6B09, 0x6B09, 0x6B09, 0x6B09, 0x6309, 0x18A2, 0x1082, 0x0882, 0x0862, 0x0062,
        0x0062, 0x0862, 0x0862, 0x29E3, 0x5AEA, 0x5AEA, 0x62EA, 0x62EA, 0x62EA, 0x5AEA, 0x5AEA, 0x5AEA, 0x29E3, 0x0862, 0x0062, 0x0062,
        0x10A2, 0x10A2, 0x10A2, 0x10A2, 0x10A2, 0x18A2, 0x18A2, 0x18A2, 0x18A2, 0x18A2, 0x10A2, 0x10A2, 0x10A2, 0x10A2, 0x10A2, 0x10A2,
        0x1122, 0x1122, 0x0862, 0x10A2, 0x10A2, 0x10A2, 0x10A2, 0x10A2, 0x10A2, 0x10A2, 0x10A2, 0x10A2, 0x10A2, 0x0862, 0x1122, 0x1122,
    },
    {
        0x0021, 0x0041, 0x0041, 0x0841, 0x0841, 0x0841, 0x0861, 0x5AEA, 0x5AEA, 0x0861, 0x0841, 0x0841, 0x0041, 0x0041, 0x0021, 0x0021,
        0x0041, 0x0041, 0x0841, 0x0841, 0x0862, 0x5AEA, 0x5AEA, 0x62EA, 0x62EA, 0x5AEA, 0x5AEA, 0x0861, 0x0841, 0x0841, 0x0041, 0x0021,
        0x0041, 0x5ACA, 0x0862, 0x5AEA, 0x62EA, 0x62EA, 0x630A, 0x630A, 0x630A, 0x62EA, 0x62EA, 0x5AEA, 0x5AEA, 0x0862, 0x5ACA, 0x0041,
        0x0842, 0x0862, 0x5AEA, 0x62EA, 0x630A, 0x6B09, 0x6B09, 0x6B09, 0x6B09, 0x6B09, 0x630A, 0x62EA, 0x5AEA, 0x5AEA, 0x0842, 0x0841,
        0x0862, 0x0862, 0x1082, 0x18A2, 0x41E5, 0x49E5, 0x4A05, 0x5205, 0x5205, 0x4A05, 0x41E5, 0x41C5, 0x1082, 0x1082, 0x0862, 0x0842,
        0x1082, 0x20C2, 0x3122, 0x4183, 0x59E3, 0xA3C8, 0xB408, 0xED48, 0xED48, 0xABE8, 0x9BA8, 0x51C3, 0x3943, 0x2902, 0x18A2, 0x1082,
        0x18A2, 0x20C2, 0x3123, 0x4983, 0x6203, 0xABC8, 0xED48, 0xED48, 0xED48, 0xED48, 0xA3C8, 0x59C3, 0x4163, 0x2902, 0x18C2, 0x1082,
        0x18A2, 0x2902, 0x4163, 0x59E3, 0x7A84, 0xBC28, 0xED48, 0xED48, 0xED48, 0xED48, 0xB408, 0x6A44, 0x51A3, 0x3943, 0x20E2, 0x10A2,
        0x18A2, 0x28E2, 0x3943, 0x51A3, 0x6A24, 0xABE8, 0xBC28, 0xED48, 0xED48, 0xB408, 0xA3C8, 0x6203, 0x4983, 0x3123, 0x20C2, 0x1082,
        0x1082, 0x20C2, 0x3123, 0x4163, 0x8B89, 0x9BA9, 0xA3C8, 0xABE8, 0xABC8, 0xA3C8, 0x9389, 0x8369, 0x3943, 0x28E2, 0x18A2, 0x1082,
        0x1082, 0x18A2, 0x20E2, 0x3123, 0x4163, 0x49A3, 0x59C3, 0x9389, 0x9389, 0x51C3, 0x4983, 0x3943, 0x2903, 0x18C2, 0x1082, 0x0862,
        0x0862, 0x1082, 0x18A2, 0x20C2, 0x2903, 0x3123, 0x3943, 0x7B49, 0x7B49, 0x3943, 0x3123, 0x28E2, 0x18C2, 0x1082, 0x0862, 0x0862,
        0x0862, 0x0862, 0x1082, 0x10A2, 0x18C2, 0x6B09, 0x6B09, 0x6B09, 0x6B09, 0x6B09, 0x6309, 0x18A2, 0x1082, 0x0882, 0x0862, 0x0062,
        0x0062, 0x0862, 0x0862, 0x29E3, 0x5AEA, 0x5AEA, 0x62EA, 0x62EA, 0x62EA, 0x62EA, 0x5AEA, 0x5AEA, 0x29E3, 0x0862, 0x0062, 0x0062,
        0x10A2, 0x10A2, 0x10A2, 0x10A2, 0x10A2, 0x10A2, 0x18A2, 0x18A2, 0x18A2, 0x18A2, 0x10A2, 0x10A2, 0x10A2, 0x10A2, 0x10A2, 0x10A2,
        0x1122, 0x1122, 0x0862, 0x10A2, 0x10A2, 0x10A2, 0x10A2, 0x10A2, 0x10A2, 0x10A2, 0x10A2, 0x10A2, 0x10A2, 0x0862, 0x1122, 0x1122,
    },
    {
        0x0021, 0x0041, 0x0041, 0x0841, 0x0841, 0x0841, 0x0861, 0x5AEA, 0x5AEA, 0x0861, 0x0841, 0x0841, 0x0041, 0x0041, 0x0021, 0x0021,
        0x0041, 0x0041, 0x0841, 0x0841, 0x0862, 0x5AEA, 0x5AEA, 0x62EA, 0x62EA, 0x5AEA, 0x5AEA, 0x0861, 0x0841, 0x0841, 0x0041, 0x0021,
        0x0041, 0x5ACA, 0x0862, 0x5AEA, 0x62EA, 0x62EA, 0x630A, 0x630A, 0x630A, 0x62EA, 0x62EA, 0x5AEA, 0x5AEA, 0x0862, 0x5ACA, 0x0041,
        0x0842, 0x0862, 0x5AEA, 0x62EA, 0x630A, 0x6309, 0x6B09, 0x6B09, 0x6B09, 0x6B09, 0x630A, 0x62EA, 0x5AEA, 0x5AEA, 0x0842, 0x0841,
        0x0862, 0x0862, 0x1082, 0x18A2, 0x41C5, 0x49E5, 0x4A05, 0x5205, 0x4A05, 0x4A05, 0x41E5, 0x41C5, 0x1082, 0x1082, 0x0862, 0x0842,
        0x1082, 0x20C2, 0x3102, 0x4163, 0x59E3, 0xA3C8, 0xB408, 0xED48, 0xED48, 0xABE8, 0x9BA8, 0x51A3, 0x3943, 0x28E2, 0x18A2, 0x1082,
        0x1082, 0x20C2, 0x3122, 0x4983, 0x61E3, 0xA3C8, 0xED48, 0xED48, 0xED48, 0xED48, 0x9BA8, 0x51C3, 0x4163, 0x2902, 0x18C2, 0x1082,
        0x18A2, 0x2902, 0x4163, 0x59E3, 0x7A64, 0xBC08, 0xED48, 0xED48, 0xED48, 0xED48, 0xB3E8, 0x6A44, 0x51A3, 0x3943, 0x20E2, 0x10A2,
        0x18A2, 0x20E2, 0x3943, 0x51A3, 0x6A24, 0xABE8, 0xBC08, 0xED48, 0xED48, 0xB408, 0xA3C8, 0x59E3, 0x4183, 0x3123, 0x20C2, 0x1082,
        0x1082, 0x20C2, 0x2903, 0x4163, 0x8B69, 0x9BA9, 0xA3C8, 0xABC8, 0xA3C8, 0x9BA8, 0x9389, 0x8369, 0x3943, 0x28E2, 0x18A2, 0x1082,
        0x0882, 0x18A2, 0x20E2, 0x3123, 0x3963, 0x49A3, 0x51C3, 0x8B89, 0x8B89, 0x51C3, 0x4183, 0x3943, 0x2903, 0x18C2, 0x1082, 0x0862,
        0x0862, 0x1082, 0x18A2, 0x20C2, 0x2903, 0x3123, 0x3943, 0x7B49, 0x7B49, 0x3943, 0x3123, 0x28E2, 0x18C2, 0x1082, 0x0862, 0x0862,
        0x0862, 0x0862, 0x0882, 0x10A2, 0x18C2, 0x6B09, 0x6B09, 0x6B09, 0x6B09, 0x6B09, 0x6309, 0x18A2, 0x1082, 0x0882, 0x0862, 0x0062,
        0x0062, 0x0862, 0x0862, 0x29E3, 0x5AEA, 0x5AEA, 0x62EA, 0x62EA, 0x62EA, 0x5AEA, 0x5AEA, 0x5AEA, 0x29E3, 0x0862, 0x0062, 0x0062,
        0x10A2, 0x10A2, 0x10A2, 0x10A2, 0x10A2, 0x10A2, 0x18A2, 0x18A2, 0x18A2, 0x18A2, 0x10A2, 0x10A2, 0x10A2, 0x10A2, 0x10A2, 0x10A2,
        0x1122, 0x1122, 0x0862, 0x10A2, 0x10A2, 0x10A2, 0x10A2, 0x10A2, 0x10A2, 0x10A2, 0x10A2, 0x10A2, 0x10A2, 0x0862, 0x1122, 0x1122,
    },
    {
        0x0021, 0x0041, 0x0041, 0x0841, 0x0841, 0x0841, 0x0861, 0x5AEA, 0x5AEA, 0x0861, 0x0841, 0x0841, 0x0041, 0x0041, 0x0021, 0x0021,
        0x0041, 0x0041, 0x0841, 0x0841, 0x0862, 0x5AEA, 0x5AEA, 0x62EA, 0x62EA, 0x5AEA, 0x5AEA, 0x0861, 0x0841, 0x0841, 0x0041, 0x0021,
        0x0041, 0x5ACA, 0x0862, 0x5AEA, 0x62EA, 0x62EA, 0x630A, 0x630A, 0x630A, 0x62EA, 0x62EA, 0x5AEA, 0x5AEA, 0x0862, 0x5ACA, 0x0041,
        0x0842, 0x0862, 0x5AEA, 0x62EA, 0x630A, 0x6B09, 0x6B09, 0x6B09, 0x6B09, 0x6B09, 0x630A, 0x62EA, 0x5AEA, 0x5AEA, 0x0842, 0x0841,
        0x0862, 0x0862, 0x1082, 0x18A2, 0x41E5, 0x49E5, 0x4A05, 0x5205, 0x4A05, 0x4A05, 0x41E5, 0x41C5, 0x1082, 0x1082, 0x0862, 0x0842,
        0x1082, 0x20C2, 0x3122, 0x4183, 0x59E3, 0xA3C8, 0xB408, 0xED48, 0xED48, 0xABE8, 0x9BA8, 0x51A3, 0x3943, 0x28E2, 0x18A2, 0x1082,
        0x18A2, 0x20E2, 0x3123, 0x4983, 0x6203, 0xABC8, 0xED48, 0xED48, 0xED48, 0xED48, 0x9BA8, 0x51C3, 0x4163, 0x2902, 0x18A2, 0x1082,
        0x18C2, 0x2902, 0x4163, 0x59E3, 0x7A84, 0xBC28, 0xED48, 0xED48, 0xED48, 0xED48, 0xB3E8, 0x6A44, 0x51A3, 0x3943, 0x20E2, 0x10A2,
        0x18A2, 0x28E2, 0x3943, 0x51C3, 0x6A24, 0xABE8, 0xBC28, 0xED48, 0xED48, 0xB408, 0xA3C8, 0x61E3, 0x4183, 0x3123, 0x20C2, 0x1082,
        0x1082, 0x20C2, 0x3123, 0x4163, 0x8B89, 0x9BA9, 0xA3C8, 0xABC8, 0xA3C8, 0x9BC8, 0x9389, 0x8369, 0x3943, 0x28E2, 0x18A2, 0x1082,
        0x1082, 0x18A2, 0x20E2, 0x3123, 0x4163, 0x49A3, 0x59C3, 0x9389, 0x8B89, 0x51C3, 0x4983, 0x3943, 0x2903, 0x18C2, 0x1082, 0x0862,
        0x0862, 0x1082, 0x18A2, 0x20C2, 0x2903, 0x3123, 0x3943, 0x7B49, 0x7B49, 0x3943, 0x3123, 0x28E2, 0x18C2, 0x1082, 0x0862, 0x0862,
        0x0862, 0x0862, 0x1082, 0x10A2, 0x18C2, 0x6B09, 0x6B09, 0x6B09, 0x6B09, 0x6B09, 0x6309, 0x18A2, 0x1082, 0x0882, 0x0862, 0x0062,
        0x0062, 0x0862, 0x0862, 0x29E3, 0x5AEA, 0x5AEA, 0x62EA, 0x62EA, 0x62EA, 0x62EA, 0x5AEA, 0x5AEA, 0x29E3, 0x0862, 0x0062, 0x0062,
        0x10A2, 0x10A2, 0x10A2, 0x10A2, 0x10A2, 0x18A2, 0x18A2, 0x18A2, 0x18A2, 0x18A2, 0x10A2, 0x10A2, 0x10A2, 0x10A2, 0x10A2, 0x10A2,
        0x1122, 0x1122, 0x0862, 0x10A2, 0x10A2, 0x10A2, 0x10A2, 0x10A2, 0x10A2, 0x10A2, 0x10A2, 0x10A2, 0x10A2, 0x0862, 0x1122, 0x1122,
    },
    {
        0x0021, 0x0041, 0x0041, 0x0841, 0x0841, 0x0841, 0x0861, 0x5AEA, 0x5AEA, 0x0861, 0x0841, 0x0841, 0x0041, 0x0041, 0x0021, 0x0021,
        0x0041, 0x0041, 0x0841, 0x0861, 0x0862, 0x5AEA, 0x62EA, 0x62EA, 0x62EA, 0x5AEA, 0x5AEA, 0x0861, 0x0841, 0x0841, 0x0041, 0x0021,
        0x0841, 0x5ACA, 0x0862, 0x5AEA, 0x62EA, 0x62EA, 0x630A, 0x630A, 0x630A, 0x62EA, 0x62EA, 0x5AEA, 0x5AEA, 0x0862, 0x5ACA, 0x0041,
        0x0842, 0x0862, 0x5AEA, 0x62EA, 0x630A, 0x6B09, 0x6B09, 0x6B09, 0x6B09, 0x6B09, 0x630A, 0x62EA, 0x5AEA, 0x5AEA, 0x0842, 0x0041,
        0x0862, 0x0862, 0x1082, 0x18A2, 0x41E5, 0x49E5, 0x4A05, 0x5205, 0x5205, 0x4A05, 0x41E5, 0x39C5, 0x1082, 0x1082, 0x0862, 0x0842,
        0x10A2, 0x20E2, 0x3123, 0x4983, 0x6203, 0xA3C8, 0xBC08, 0xED48, 0xED48, 0xABE8, 0x9BA8, 0x51A3, 0x3943, 0x28E2, 0x18A2, 0x1082,
        0x18A2, 0x20E2, 0x3923, 0x49A3, 0x6A04, 0xABE8, 0xED48, 0xED48, 0xED48, 0xED48, 0x9BA8, 0x51C3, 0x3943, 0x2902, 0x18A2, 0x1082,
        0x18C2, 0x3103, 0x4183, 0x6204, 0x82A4, 0xC428, 0xED48, 0xED48, 0xED48, 0xED48, 0xB3E8, 0x6A24, 0x49A3, 0x3123, 0x20E2, 0x1082,
        0x18A2, 0x2902, 0x3963, 0x51C3, 0x7244, 0xB3E8, 0xC428, 0xED48, 0xED48, 0xB408, 0xA3C8, 0x59E3, 0x4183, 0x3103, 0x18C2, 0x1082,
        0x10A2, 0x20E2, 0x3123, 0x4183, 0x8B89, 0x9BA8, 0xA3C8, 0xABE8, 0xABC8, 0xA3C8, 0x9389, 0x8369, 0x3943, 0x20E2, 0x18A2, 0x0882,
        0x1082, 0x18A2, 0x20E2, 0x3123, 0x4163, 0x51A3, 0x59E3, 0x9389, 0x9389, 0x51C3, 0x4183, 0x3943, 0x2902, 0x18C2, 0x1082, 0x0862,
        0x0862, 0x1082, 0x18A2, 0x20E2, 0x2903, 0x3123, 0x3943, 0x7B49, 0x7B49, 0x3943, 0x3123, 0x20E2, 0x18C2, 0x1082, 0x0862, 0x0862,
        0x0862, 0x0862, 0x1082, 0x10A2, 0x18C2, 0x6B09, 0x6B09, 0x6B09, 0x6B09, 0x6B09, 0x6309, 0x18A2, 0x1082, 0x0862, 0x0862, 0x0062,
        0x0062, 0x0862, 0x0862, 0x29E3, 0x5AEA, 0x5AEA, 0x62EA, 0x62EA, 0x62EA, 0x5AEA, 0x5AEA, 0x5AEA, 0x29E3, 0x0862, 0x0062, 0x0062,
        0x10A2, 0x10A2, 0x10A2, 0x10A2, 0x10A2, 0x18A2, 0x18A2, 0x18A2, 0x18A2, 0x18A2, 0x10A2, 0x10A2, 0x10A2, 0x10A2, 0x10A2, 0x10A2,
        0x1122, 0x1122, 0x0862, 0x10A2, 0x10A2, 0x10A2, 0x10A2, 0x10A2, 0x10A2, 0x10A2, 0x10A2, 0x10A2, 0x10A2, 0x0862, 0x1122, 0x1122,
    },
    {
        0x0021, 0x0041, 0x0041, 0x0841, 0x0841, 0x0841, 0x0861, 0x5AEA, 0x5AEA, 0x0841, 0x0841, 0x0841, 0x0041, 0x0041, 0x0021, 0x0021,
        0x0041, 0x0041, 0x0841, 0x0861, 0x0862, 0x5AEA, 0x5AEA, 0x62EA, 0x5AEA, 0x5AEA, 0x5AEA, 0x0861, 0x0841, 0x0041, 0x0041, 0x0021,
        0x0841, 0x5ACA, 0x0862, 0x5AEA, 0x62EA, 0x62EA, 0x630A, 0x630A, 0x630A, 0x62EA, 0x62EA, 0x5AEA, 0x5AEA, 0x0842, 0x5ACA, 0x0041,
        0x0842, 0x0862, 0x5AEA, 0x62EA, 0x630A, 0x6B09, 0x6B09, 0x6B09, 0x6B09, 0x6B09, 0x630A, 0x62EA, 0x5AEA, 0x5AEA, 0x0842, 0x0041,
        0x0862, 0x0862, 0x1082, 0x18A2, 0x41E5, 0x49E5, 0x4A05, 0x5205, 0x4A05, 0x49E5, 0x41E5, 0x39C5, 0x1082, 0x0862, 0x0862, 0x0842,
        0x18A2, 0x20E2, 0x3123, 0x4983, 0x6203, 0xA3C8, 0xBC08, 0xED48, 0xED48, 0xA3C8, 0x93A9, 0x4983, 0x3123, 0x20E2, 0x18A2, 0x0862,
        0x18A2, 0x28E2, 0x3943, 0x49A3, 0x6A24, 0xABE8, 0xED48, 0xED48, 0xED48, 0xED48, 0x9BA9, 0x51A3, 0x3943, 0x28E2, 0x18A2, 0x1062,
        0x20C2, 0x3123, 0x4983, 0x6204, 0x82A4, 0xC428, 0xED48, 0xED48, 0xED48, 0xED48, 0xABE8, 0x6204, 0x4983, 0x3123, 0x20C2, 0x1082,
        0x18A2, 0x2902, 0x4163, 0x51C3, 0x7244, 0xB3E8, 0xBC28, 0xED48, 0xED48, 0xB3E8, 0x9BC8, 0x59C3, 0x4163, 0x2902, 0x18A2, 0x1082,
        0x10A2, 0x20E2, 0x3123, 0x4183, 0x8B89, 0x9BA8, 0xA3C8, 0xABC8, 0xA3C8, 0x9BA8, 0x8B89, 0x8369, 0x3123, 0x20E2, 0x10A2, 0x0862,
        0x1082, 0x18A2, 0x20E2, 0x3123, 0x4163, 0x49A3, 0x59C3, 0x9389, 0x8B89, 0x51A3, 0x4163, 0x3123, 0x28E2, 0x18A2, 0x1082, 0x0862,
        0x0862, 0x1082, 0x18A2, 0x20E2, 0x2903, 0x3123, 0x3943, 0x7B49, 0x7B49, 0x3123, 0x2903, 0x20E2, 0x18A2, 0x1082, 0x0862, 0x0862,
        0x0862, 0x0862, 0x1082, 0x10A2, 0x18C2, 0x6B09, 0x6B09, 0x6B09, 0x6B09, 0x6B09, 0x630A, 0x10A2, 0x1082, 0x0862, 0x0862, 0x0062,
        0x0062, 0x0862, 0x0862, 0x29E3, 0x5AEA, 0x5AEA, 0x62EA, 0x62EA, 0x62EA, 0x5AEA, 0x5AEA, 0x5AEA, 0x29E3, 0x0862, 0x0062, 0x0062,
        0x10A2, 0x10A2, 0x10A2, 0x10A2, 0x10A2, 0x18A2, 0x18A2, 0x18A2, 0x18A2, 0x18A2, 0x10A2, 0x10A2, 0x10A2, 0x10A2, 0x10A2, 0x10A2,
        0x1122, 0x1122, 0x0862, 0x10A2, 0x10A2, 0x10A2, 0x10A2, 0x10A2, 0x10A2, 0x10A2, 0x10A2, 0x10A2, 0x10A2, 0x0862, 0x1122, 0x1122,
    },
    {
        0x0021, 0x0041, 0x0041, 0x0841, 0x0841, 0x0841, 0x0861, 0x5AEA, 0x5AEA, 0x0841, 0x0841, 0x0841, 0x0041, 0x0041, 0x0021, 0x0021,
        0x0041, 0x0041, 0x0841, 0x0861, 0x0862, 0x5AEA, 0x5AEA, 0x5AEA, 0x5AEA, 0x5AEA, 0x5AEA, 0x0841, 0x0841, 0x0041, 0x0041, 0x0021,
        0x0841, 0x5ACA, 0x0862, 0x5AEA, 0x62EA, 0x62EA, 0x630A, 0x630A, 0x62EA, 0x62EA, 0x62EA, 0x5AEA, 0x5AEA, 0x0842, 0x5ACA, 0x0041,
        0x0842, 0x0862, 0x5AEA, 0x62EA, 0x630A, 0x6309, 0x6B09, 0x6B09, 0x6B09, 0x6309, 0x630A, 0x62EA, 0x5AEA, 0x5AEA, 0x0842, 0x0041,
        0x0862, 0x0862, 0x1082, 0x18A2, 0x41E5, 0x49E5, 0x4A05, 0x4A05, 0x4A05, 0x41E5, 0x41C5, 0x39C5, 0x1082, 0x0862, 0x0862, 0x0042,
        0x18A2, 0x20E2, 0x3123, 0x4983, 0x6203, 0xA3C8, 0xB408, 0xE528, 0xE528, 0xA3C8, 0x9389, 0x4163, 0x3122, 0x20C2, 0x1082, 0x0862,
        0x18A2, 0x28E2, 0x3943, 0x49A3, 0x6204, 0xABE8, 0xE528, 0xE528, 0xE528, 0xE528, 0x9389, 0x4983, 0x3123, 0x20E2, 0x18A2, 0x0862,
        0x20C2, 0x3123, 0x4983, 0x6204, 0x82A4, 0xC428, 0xE528, 0xE528, 0xE528, 0xE528, 0xA3C8, 0x59E3, 0x4163, 0x2902, 0x18C2, 0x1082,
        0x18C2, 0x2902, 0x4163, 0x51C3, 0x6A44, 0xABE8, 0xBC08, 0xE528, 0xE528, 0xABE8, 0x9BA9, 0x51A3, 0x3943, 0x28E2, 0x18A2, 0x0862,
        0x10A2, 0x20E2, 0x3123, 0x4183, 0x8B89, 0x9BA9, 0xA3C8, 0xA3C8, 0xA3C8, 0x93A9, 0x8B69, 0x7B49, 0x3123, 0x20C2, 0x10A2, 0x0862,
        0x1082, 0x18A2, 0x20E2, 0x3123, 0x4163, 0x49A3, 0x51C3, 0x8B89, 0x8B69, 0x4983, 0x3963, 0x3123, 0x20E2, 0x18A2, 0x1082, 0x0862,
        0x0862, 0x1082, 0x18A2, 0x20E2, 0x2903, 0x3123, 0x3943, 0x7B49, 0x7B49, 0x3123, 0x2903, 0x20C2, 0x18A2, 0x1082, 0x0862, 0x0862,
        0x0862, 0x0862, 0x1082, 0x10A2, 0x18C2, 0x6B09, 0x6B09, 0x6B09, 0x6B09, 0x6B09, 0x630A, 0x10A2, 0x1082, 0x0862, 0x0862, 0x0062,
        0x0062, 0x0862, 0x0862, 0x29E3, 0x5AEA, 0x5AEA, 0x62EA, 0x62EA, 0x62EA, 0x5AEA, 0x5AEA, 0x5AEA, 0x29E3, 0x0862, 0x0062, 0x0062,
        0x10A2, 0x10A2, 0x10A2, 0x10A2, 0x10A2, 0x18A2, 0x18A2, 0x18A2, 0x18A2, 0x10A2, 0x10A2, 0x10A2, 0x10A2, 0x10A2, 0x10A2, 0x10A2,
        0x1122, 0x1122, 0x0862, 0x10A2, 0x10A2, 0x10A2, 0x10A2, 0x10A2, 0x10A2, 0x10A2, 0x10A2, 0x10A2, 0x10A2, 0x0862, 0x1122, 0x1122,
    },
    {
        0x0021, 0x0041, 0x0041, 0x0841, 0x0841, 0x0841, 0x0861, 0x5AEA, 0x5AEA, 0x0841, 0x0841, 0x0841, 0x0041, 0x0041, 0x0021, 0x0021,
        0x0041, 0x0041, 0x0841, 0x0861, 0x0862, 0x5AEA, 0x5AEA, 0x5AEA, 0x5AEA, 0x5AEA, 0x5AEA, 0x0841, 0x0841, 0x0041, 0x0041, 0x0021,
        0x0842, 0x5AEA, 0x0862, 0x5AEA, 0x62EA, 0x62EA, 0x630A, 0x630A, 0x630A, 0x62EA, 0x62EA, 0x5AEA, 0x5AEA, 0x0842, 0x5ACA, 0x0041,
        0x0842, 0x0862, 0x5AEA, 0x62EA, 0x630A, 0x6B09, 0x6B09, 0x6B09, 0x6B09, 0x6309, 0x62EA, 0x62EA, 0x5AEA, 0x5AEA, 0x0842, 0x0041,
        0x0862, 0x1062, 0x1082, 0x18A2, 0x41E5, 0x49E5, 0x4A05, 0x4A05, 0x4A05, 0x41E5, 0x41C5, 0x39C5, 0x1082, 0x0862, 0x0862, 0x0042,
        0x18A2, 0x28E2, 0x3943, 0x49A3, 0x6203, 0xABC8, 0xBC08, 0xE528, 0xE528, 0xA3C8, 0x9389, 0x4163, 0x3102, 0x20C2, 0x1082, 0x0862,
        0x18A2, 0x28E2, 0x3943, 0x51A3, 0x6A24, 0xABE8, 0xE528, 0xE528, 0xE528, 0xE528, 0x9389, 0x4983, 0x3122, 0x20C2, 0x1082, 0x0862,
        0x20C2, 0x3123, 0x49A3, 0x6A24, 0x8AA4, 0xC428, 0xE528, 0xE528, 0xE528, 0xE528, 0xA3C8, 0x59E3, 0x4163, 0x2902, 0x18A2, 0x1082,
        0x18C2, 0x2902, 0x4163, 0x59E3, 0x7264, 0xB3E8, 0xBC28, 0xE528, 0xE528, 0xABE8, 0x9BA9, 0x51A3, 0x3943, 0x20E2, 0x18A2, 0x0862,
        0x18A2, 0x20E2, 0x3143, 0x4983, 0x9389, 0x9BA8, 0xA3C8, 0xA3C8, 0xA3C8, 0x93A9, 0x8B69, 0x7B49, 0x2903, 0x20C2, 0x1082, 0x0862,
        0x1082, 0x18C2, 0x28E2, 0x3123, 0x4163, 0x51A3, 0x51C3, 0x8B89, 0x8B69, 0x4983, 0x3963, 0x3123, 0x20E2, 0x18A2, 0x1082, 0x0862,
        0x0862, 0x1082, 0x18C2, 0x20E2, 0x2903, 0x3123, 0x3943, 0x7B49, 0x7B49, 0x3123, 0x2903, 0x20C2, 0x18A2, 0x1082, 0x0862, 0x0842,
        0x0862, 0x0862, 0x1082, 0x18A2, 0x18C2, 0x6B09, 0x6B09, 0x6B09, 0x6B09, 0x6B09, 0x630A, 0x10A2, 0x1082, 0x0862, 0x0862, 0x0062,
        0x0062, 0x0862, 0x0862, 0x29E3, 0x5AEA, 0x5AEA, 0x62EA, 0x62EA, 0x62EA, 0x5AEA, 0x5AEA, 0x5AEA, 0x29E3, 0x0862, 0x0062, 0x0062,
        0x10A2, 0x10A2, 0x10A2, 0x10A2, 0x10A2, 0x18A2, 0x18A2, 0x18A2, 0x18A2, 0x10A2, 0x10A2, 0x10A2, 0x10A2, 0x10A2, 0x10A2, 0x10A2,
        0x1122, 0x1122, 0x0862, 0x10A2, 0x10A2, 0x10A2, 0x10A2, 0x10A2, 0x10A2, 0x10A2, 0x10A2, 0x10A2, 0x10A2, 0x0862, 0x1122, 0x1122,
    },
    {
        0x0021, 0x0041, 0x0041, 0x0841, 0x0841, 0x0861, 0x0861, 0x5AEA, 0x5AEA, 0x0841, 0x0841, 0x0841, 0x0041, 0x0041, 0x0021, 0x0021,
        0x0041, 0x0841, 0x0841, 0x0861, 0x1062, 0x5AEA, 0x62EA, 0x62EA, 0x62EA, 0x5AEA, 0x5AEA, 0x0841, 0x0841, 0x0041, 0x0041, 0x0021,
        0x0842, 0x5AEA, 0x0862, 0x5AEA, 0x62EA, 0x630A, 0x630A, 0x630A, 0x630A, 0x62EA, 0x62EA, 0x5AEA, 0x5AEA, 0x0842, 0x5ACA, 0x0041,
        0x0842, 0x0862, 0x5AEA, 0x62EA, 0x6309, 0x6B09, 0x6B09, 0x6B09, 0x6B09, 0x6B09, 0x630A, 0x62EA, 0x5AEA, 0x5AEA, 0x0842, 0x0041,
        0x0862, 0x1082, 0x10A2, 0x18A2, 0x41E5, 0x4A05, 0x5205, 0x5205, 0x4A05, 0x49E5, 0x41E5, 0x39C5, 0x1082, 0x0862, 0x0862, 0x0042,
        0x18A2, 0x2902, 0x3963, 0x51C3, 0x6A44, 0xB3E8, 0xC428, 0xED68, 0xED68, 0xA3C8, 0x9389, 0x4983, 0x3122, 0x20C2, 0x1082, 0x0862,
        0x18C2, 0x2902, 0x4163, 0x59C3, 0x7264, 0xBC08, 0xED68, 0xED68, 0xED68, 0xED68, 0x93A9, 0x4983, 0x3123, 0x20E2, 0x18A2, 0x0862,
        0x20E2, 0x3943, 0x51C3, 0x7244, 0x92E4, 0xD447, 0xED68, 0xED68, 0xED68, 0xED68, 0xABC8, 0x61E3, 0x4163, 0x2902, 0x18C2, 0x1082,
        0x20C2, 0x3123, 0x4983, 0x6204, 0x7A84, 0xBC08, 0xC428, 0xED68, 0xED68, 0xB3E8, 0x9BA8, 0x51C3, 0x3943, 0x28E2, 0x18A2, 0x0862,
        0x18A2, 0x2902, 0x3943, 0x51A3, 0x93A9, 0xA3C8, 0xABE8, 0xABE8, 0xA3C8, 0x9BA8, 0x8B89, 0x8349, 0x3123, 0x20C2, 0x1082, 0x0862,
        0x1082, 0x20C2, 0x2903, 0x3943, 0x4983, 0x51C3, 0x59E3, 0x9389, 0x8B89, 0x51A3, 0x4163, 0x3123, 0x20E2, 0x18A2, 0x1082, 0x0862,
        0x0862, 0x10A2, 0x18C2, 0x28E2, 0x3123, 0x3943, 0x4163, 0x7B49, 0x7B49, 0x3123, 0x2903, 0x20E2, 0x18A2, 0x1082, 0x0862, 0x0842,
        0x0862, 0x0882, 0x1082, 0x18A2, 0x20C2, 0x6B09, 0x6B09, 0x6B09, 0x6B09, 0x6B09, 0x630A, 0x10A2, 0x1082, 0x0862, 0x0862, 0x0062,
        0x0062, 0x0862, 0x0862, 0x29E3, 0x5AEA, 0x62EA, 0x62EA, 0x62EA, 0x62EA, 0x5AEA, 0x5AEA, 0x5AEA, 0x29E3, 0x0862, 0x0062, 0x0062,
        0x10A2, 0x10A2, 0x10A2, 0x10A2, 0x10A2, 0x18A2, 0x18A2, 0x18A2, 0x18A2, 0x18A2, 0x10A2, 0x10A2, 0x10A2, 0x10A2, 0x10A2, 0x10A2,
        0x1122, 0x1122, 0x0862, 0x10A2, 0x10A2, 0x10A2, 0x10A2, 0x10A2, 0x10A2, 0x10A2, 0x10A2, 0x10A2, 0x10A2, 0x0862, 0x1122, 0x1122,
    },
    {
        0x0021, 0x0041, 0x0041, 0x0841, 0x0841, 0x0861, 0x0862, 0x5AEA, 0x5AEA, 0x0841, 0x0841, 0x0841, 0x0041, 0x0041, 0x0021, 0x0021,
        0x0041, 0x0841, 0x0841, 0x0862, 0x1062, 0x5AEA, 0x62EA, 0x62EA, 0x62EA, 0x5AEA, 0x5AEA, 0x0861, 0x0841, 0x0041, 0x0041, 0x0021,
        0x0842, 0x5AEA, 0x0862, 0x62EA, 0x62EA, 0x630A, 0x630A, 0x630A, 0x630A, 0x62EA, 0x62EA, 0x5AEA, 0x5AEA, 0x0842, 0x5ACA, 0x0041,
        0x0842, 0x0862, 0x62EA, 0x62EA, 0x6309, 0x6B09, 0x6B09, 0x6B09, 0x6B09, 0x6B09, 0x630A, 0x62EA, 0x5AEA, 0x5AEA, 0x0842, 0x0041,
        0x0862, 0x1082, 0x10A2, 0x18C2, 0x41E5, 0x4A05, 0x5225, 0x5225, 0x4A05, 0x4A05, 0x41E5, 0x39C5, 0x1082, 0x0862, 0x0862, 0x0042,
        0x18C2, 0x2902, 0x4163, 0x59C3, 0x7244, 0xB3E8, 0xC428, 0xED89, 0xED89, 0xABC8, 0x9389, 0x4983, 0x3123, 0x20C2, 0x1082, 0x0862,
        0x20C2, 0x3102, 0x4163, 0x59E3, 0x7A64, 0xBC08, 0xED89, 0xED89, 0xED89, 0xED89, 0x9BA9, 0x49A3, 0x3923, 0x20E2, 0x18A2, 0x0862,
        0x20E2, 0x3943, 0x51C3, 0x7264, 0x9B05, 0xD467, 0xED89, 0xED89, 0xED89, 0xED89, 0xABE8, 0x6204, 0x4183, 0x2902, 0x18C2, 0x1082,
        0x20C2, 0x3123, 0x4983, 0x6204, 0x82A4, 0xBC08, 0xCC48, 0xED89, 0xED89, 0xB3E8, 0x9BA8, 0x51C3, 0x3943, 0x28E2, 0x18A2, 0x0862,
        0x18C2, 0x2903, 0x3963, 0x51C3, 0x9BA9, 0xA3C8, 0xABE8, 0xABE8, 0xABC8, 0x9BA8, 0x8B89, 0x8349, 0x3123, 0x20C2, 0x10A2, 0x0862,
        0x1082, 0x20C2, 0x2903, 0x3943, 0x49A3, 0x59C3, 0x6204, 0x9389, 0x9389, 0x51A3, 0x4163, 0x3123, 0x20E2, 0x18A2, 0x1082, 0x0862,
        0x0862, 0x10A2, 0x20C2, 0x2902, 0x3123, 0x3943, 0x4163, 0x7B49, 0x7B49, 0x3943, 0x2903, 0x20E2, 0x18A2, 0x1082, 0x0862, 0x0842,
        0x0862, 0x0882, 0x1082, 0x18A2, 0x20C2, 0x6B09, 0x6B09, 0x6B29, 0x6B09, 0x6B09, 0x630A, 0x10A2, 0x1082, 0x0862, 0x0862, 0x0062,
        0x0062, 0x0862, 0x0862, 0x29E3, 0x5AEA, 0x62EA, 0x62EA, 0x62EA, 0x62EA, 0x5AEA, 0x5AEA, 0x5AEA, 0x29E3, 0x0862, 0x0062, 0x0062,
        0x10A2, 0x10A2, 0x10A2, 0x10A2, 0x10A2, 0x18A2, 0x18A2, 0x18A2, 0x18A2, 0x18A2, 0x10A2, 0x10A2, 0x10A2, 0x10A2, 0x10A2, 0x10A2,
        0x1122, 0x1122, 0x0862, 0x10A2, 0x10A2, 0x10A2, 0x10A2, 0x10A2, 0x10A2, 0x10A2, 0x10A2, 0x10A2, 0x10A2, 0x0862, 0x1122, 0x1122,
    },
    {
        0x0021, 0x0041, 0x0041, 0x0841, 0x0841, 0x0861, 0x0861, 0x5AEA, 0x5AEA, 0x0841, 0x0841, 0x0841, 0x0041, 0x0041, 0x0021, 0x0021,
        0x0041, 0x0841, 0x0841, 0x0861, 0x0862, 0x5AEA, 0x62EA, 0x62EA, 0x5AEA, 0x5AEA, 0x5AEA, 0x0841, 0x0841, 0x0041, 0x0041, 0x0021,
        0x0842, 0x5AEA, 0x0862, 0x5AEA, 0x62EA, 0x62EA, 0x630A, 0x630A, 0x630A, 0x62EA, 0x62EA, 0x5AEA, 0x5AEA, 0x0842, 0x5ACA, 0x0041,
        0x0842, 0x0862, 0x5AEA, 0x62EA, 0x630A, 0x6B09, 0x6B09, 0x6B09, 0x6B09, 0x6309, 0x630A, 0x62EA, 0x5AEA, 0x5AEA, 0x0842, 0x0041,
        0x0862, 0x1082, 0x1082, 0x18A2, 0x41E5, 0x4A05, 0x4A05, 0x5205, 0x4A05, 0x49E5, 0x41E5, 0x39C5, 0x1082, 0x0862, 0x0862, 0x0042,
        0x18A2, 0x28E2, 0x3943, 0x51A3, 0x6A24, 0xABE8, 0xBC08, 0xED48, 0xED48, 0xA3C8, 0x9389, 0x4183, 0x3122, 0x20C2, 0x1082, 0x0862,
        0x18A2, 0x2902, 0x3943, 0x51C3, 0x7244, 0xB3E8, 0xED48, 0xED48, 0xED48, 0xED48, 0x9389, 0x4983, 0x3123, 0x20E2, 0x18A2, 0x0862,
        0x20E2, 0x3123, 0x49A3, 0x6A24, 0x8AC4, 0xCC48, 0xED48, 0xED48, 0xED48, 0xED48, 0xA3C8, 0x59E3, 0x4163, 0x2902, 0x18C2, 0x1082,
        0x20C2, 0x3103, 0x4183, 0x59E3, 0x7A64, 0xB408, 0xC428, 0xED48, 0xED48, 0xABE8, 0x9BA8, 0x51A3, 0x3943, 0x28E2, 0x18A2, 0x0862,
        0x18A2, 0x20E2, 0x3943, 0x49A3, 0x9389, 0x9BA8, 0xA3C8, 0xABC8, 0xA3C8, 0x9BA9, 0x8B89, 0x7B49, 0x3123, 0x20C2, 0x1082, 0x0862,
        0x1082, 0x18C2, 0x2902, 0x3943, 0x4183, 0x51C3, 0x59E3, 0x9389, 0x8B89, 0x49A3, 0x4163, 0x3123, 0x20E2, 0x18A2, 0x1082, 0x0862,
        0x0862, 0x1082, 0x18C2, 0x20E2, 0x3123, 0x3943, 0x3943, 0x7B49, 0x7B49, 0x3123, 0x2903, 0x20C2, 0x18A2, 0x1082, 0x0862, 0x0842,
        0x0862, 0x0882, 0x1082, 0x18A2, 0x18C2, 0x6B09, 0x6B09, 0x6B09, 0x6B09, 0x6B09, 0x630A, 0x10A2, 0x1082, 0x0862, 0x0862, 0x0062,
        0x0062, 0x0862, 0x0862, 0x29E3, 0x5AEA, 0x5AEA, 0x62EA, 0x62EA, 0x62EA, 0x5AEA, 0x5AEA, 0x5AEA, 0x29E3, 0x0862, 0x0062, 0x0062,
        0x10A2, 0x10A2, 0x10A2, 0x10A2, 0x10A2, 0x18A2, 0x18A2, 0x18A2, 0x18A2, 0x10A2, 0x10A2, 0x10A2, 0x10A2, 0x10A2, 0x10A2, 0x10A2,
        0x1122, 0x1122, 0x0862, 0x10A2, 0x10A2, 0x10A2, 0x10A2, 0x10A2, 0x10A2, 0x10A2, 0x10A2, 0x10A2, 0x10A2, 0x0862, 0x1122, 0x1122,
    },
    {
        0x0021, 0x0041, 0x0041, 0x0841, 0x0841, 0x0841, 0x0841, 0x5AEA, 0x5AEA, 0x0841, 0x0841, 0x0841, 0x0041, 0x0041, 0x0021, 0x0021,
        0x0041, 0x0041, 0x0841, 0x0841, 0x0862, 0x5AEA, 0x5AEA, 0x5AEA, 0x5AEA, 0x5AEA, 0x5AEA, 0x0841, 0x0841, 0x0041, 0x0041, 0x0021,
        0x0841, 0x5ACA, 0x0862, 0x5AEA, 0x62EA, 0x62EA, 0x62EA, 0x62EA, 0x62EA, 0x62EA, 0x5AEA, 0x5AEA, 0x5AEA, 0x0842, 0x5ACA, 0x0041,
        0x0842, 0x0862, 0x5AEA, 0x62EA, 0x62EA, 0x630A, 0x6B09, 0x6B09, 0x6B09, 0x630A, 0x62EA, 0x62EA, 0x5AEA, 0x5AEA, 0x0842, 0x0041,
        0x0862, 0x0862, 0x1082, 0x18A2, 0x41C5, 0x41E5, 0x4A05, 0x4A05, 0x49E5, 0x41E5, 0x41C5, 0x39C5, 0x1082, 0x0862, 0x0862, 0x0042,
        0x18A2, 0x20C2, 0x3122, 0x4163, 0x59E3, 0xA3C8, 0xABE8, 0xDCE7, 0xDCE7, 0x9BA8, 0x8B89, 0x4163, 0x2902, 0x20C2, 0x1082, 0x0862,
        0x18A2, 0x20E2, 0x3123, 0x4983, 0x61E3, 0xA3C8, 0xDCE7, 0xDCE7, 0xDCE7, 0xDCE7, 0x9389, 0x4163, 0x3102, 0x20C2, 0x1082, 0x0862,
        0x18C2, 0x2902, 0x4163, 0x59E3, 0x7A64, 0xBC08, 0xDCE7, 0xDCE7, 0xDCE7, 0xDCE7, 0xA3C8, 0x51C3, 0x3963, 0x2902, 0x18A2, 0x1082,
        0x18A2, 0x28E2, 0x3943, 0x51A3, 0x6A24, 0xABC8, 0xB408, 0xDCE7, 0xDCE7, 0xA3C8, 0x9389, 0x4983, 0x3123, 0x20E2, 0x18A2, 0x0862,
        0x10A2, 0x20C2, 0x3123, 0x4163, 0x8B69, 0x9389, 0x9BA8, 0x9BA8, 0x9BA8, 0x9389, 0x8369, 0x7B49, 0x2903, 0x18C2, 0x1082, 0x0862,
        0x1082, 0x18A2, 0x20E2, 0x3123, 0x3943, 0x4983, 0x51A3, 0x8B69, 0x8369, 0x4183, 0x3943, 0x2903, 0x20C2, 0x18A2, 0x1082, 0x0862,
        0x0862, 0x1082, 0x18A2, 0x20C2, 0x2902, 0x3123, 0x3123, 0x7329, 0x7329, 0x3123, 0x28E2, 0x20C2, 0x18A2, 0x1082, 0x0862, 0x0862,
        0x0862, 0x0862, 0x1082, 0x10A2, 0x18C2, 0x6309, 0x6B09, 0x6B09, 0x6B09, 0x6309, 0x62EA, 0x10A2, 0x0882, 0x0862, 0x0862, 0x0062,
        0x0062, 0x0862, 0x0862, 0x29E3, 0x5AEA, 0x5AEA, 0x5AEA, 0x62EA, 0x5AEA, 0x5AEA, 0x5AEA, 0x5ACA, 0x29E3, 0x0862, 0x0062, 0x0062,
        0x10A2, 0x10A2, 0x10A2, 0x10A2, 0x10A2, 0x10A2, 0x18A2, 0x18A2, 0x18A2, 0x10A2, 0x10A2, 0x10A2, 0x10A2, 0x10A2, 0x10A2, 0x10A2,
        0x1122, 0x1122, 0x0862, 0x10A2, 0x10A2, 0x10A2, 0x10A2, 0x10A2, 0x10A2, 0x10A2, 0x10A2, 0x10A2, 0x10A2, 0x0862, 0x1122, 0x1122,
    },
    {
        0x0021, 0x0041, 0x0041, 0x0041, 0x0841, 0x0841, 0x0841, 0x5AEA, 0x5AEA, 0x0841, 0x0841, 0x0041, 0x0041, 0x0041, 0x0021, 0x0021,
        0x0041, 0x0041, 0x0841, 0x0841, 0x0861, 0x5AEA, 0x5AEA, 0x5AEA, 0x5AEA, 0x5AEA, 0x5AEA, 0x0841, 0x0841, 0x0041, 0x0041, 0x0021,
        0x0041, 0x5ACA, 0x0862, 0x5AEA, 0x5AEA, 0x62EA, 0x62EA, 0x62EA, 0x62EA, 0x62EA, 0x5AEA, 0x5AEA, 0x5AEA, 0x0842, 0x5ACA, 0x0041,
        0x0842, 0x0862, 0x5AEA, 0x5AEA, 0x62EA, 0x630A, 0x6309, 0x6309, 0x6309, 0x630A, 0x62EA, 0x5AEA, 0x5AEA, 0x5AEA, 0x0842, 0x0041,
        0x0862, 0x0862, 0x1082, 0x1082, 0x39C5, 0x41E5, 0x49E5, 0x49E5, 0x49E5, 0x41E5, 0x39C5, 0x39C5, 0x1082, 0x0862, 0x0862, 0x0042,
        0x1082, 0x20C2, 0x2902, 0x3943, 0x51A3, 0x9BA9, 0xA3C8, 0xDCA7, 0xDCA7, 0x9BA9, 0x8B69, 0x3943, 0x2902, 0x20C2, 0x1082, 0x0862,
        0x1082, 0x20C2, 0x3102, 0x4163, 0x51C3, 0x9BA8, 0xDCA7, 0xDCA7, 0xDCA7, 0xDCA7, 0x8B89, 0x4163, 0x3102, 0x20C2, 0x1082, 0x0862,
        0x18A2, 0x28E2, 0x3943, 0x51A3, 0x6A24, 0xABE8, 0xDCA7, 0xDCA7, 0xDCA7, 0xDCA7, 0x9BA8, 0x51C3, 0x3943, 0x2902, 0x18A2, 0x1082,
        0x18A2, 0x20E2, 0x3123, 0x4983, 0x59E3, 0xA3C8, 0xABE8, 0xDCA7, 0xDCA7, 0xA3C8, 0x9389, 0x4983, 0x3123, 0x20E2, 0x18A2, 0x0862,
        0x1082, 0x18C2, 0x2903, 0x3943, 0x8369, 0x8B89, 0x93A9, 0x9BA9, 0x93A9, 0x8B89, 0x8369, 0x7B49, 0x2903, 0x18C2, 0x1082, 0x0862,
        0x1082, 0x10A2, 0x20C2, 0x2903, 0x3943, 0x4163, 0x4983, 0x8369, 0x8369, 0x4163, 0x3943, 0x2903, 0x20C2, 0x18A2, 0x1082, 0x0862,
        0x0862, 0x1082, 0x10A2, 0x18C2, 0x20E2, 0x2903, 0x3123, 0x7329, 0x7329, 0x2903, 0x20E2, 0x18C2, 0x18A2, 0x1082, 0x0862, 0x0862,
        0x0862, 0x0862, 0x0882, 0x10A2, 0x18A2, 0x630A, 0x6309, 0x6B09, 0x6309, 0x630A, 0x62EA, 0x10A2, 0x0882, 0x0862, 0x0862, 0x0062,
        0x0062, 0x0862, 0x0862, 0x29E3, 0x5AEA, 0x5AEA, 0x5AEA, 0x5AEA, 0x5AEA, 0x5AEA, 0x5AEA, 0x5ACA, 0x29E3, 0x0862, 0x0062, 0x0062,
        0x10A2, 0x10A2, 0x10A2, 0x10A2, 0x10A2, 0x10A2, 0x18A2, 0x18A2, 0x18A2, 0x10A2, 0x10A2, 0x10A2, 0x10A2, 0x10A2, 0x10A2, 0x10A2,
        0x1122, 0x1122, 0x0862, 0x10A2, 0x10A2, 0x10A2, 0x10A2, 0x10A2, 0x10A2, 0x10A2, 0x10A2, 0x10A2, 0x10A2, 0x0862, 0x1122, 0x1122,
    },
    {
        0x0021, 0x0041, 0x0041, 0x0041, 0x0841, 0x0841, 0x0841, 0x5AEA, 0x5AEA, 0x0841, 0x0841, 0x0841, 0x0041, 0x0041, 0x0021, 0x0021,
        0x0041, 0x0041, 0x0841, 0x0841, 0x0861, 0x5AEA, 0x5AEA, 0x5AEA, 0x5AEA, 0x5AEA, 0x5AEA, 0x0841, 0x0841, 0x0041, 0x0041, 0x0021,
        0x0041, 0x5ACA, 0x0862, 0x5AEA, 0x5AEA, 0x62EA, 0x62EA, 0x62EA, 0x62EA, 0x62EA, 0x5AEA, 0x5AEA, 0x5AEA, 0x0842, 0x5ACA, 0x0041,
        0x0842, 0x0842, 0x5AEA, 0x5AEA, 0x62EA, 0x630A, 0x630A, 0x6309, 0x6309, 0x630A, 0x62EA, 0x5AEA, 0x5AEA, 0x5AEA, 0x0842, 0x0041,
        0x0862, 0x0862, 0x1082, 0x1082, 0x39C5, 0x41E5, 0x41E5, 0x49E5, 0x41E5, 0x41E5, 0x41C5, 0x39C5, 0x1082, 0x0862, 0x0862, 0x0842,
        0x1082, 0x18C2, 0x28E2, 0x3943, 0x49A3, 0x9389, 0xA3C8, 0xD4A7, 0xD4A7, 0x9BA9, 0x8B69, 0x4163, 0x2902, 0x20C2, 0x1082, 0x0862,
        0x1082, 0x18C2, 0x2902, 0x3943, 0x51A3, 0x9BA9, 0xD4A7, 0xD4A7, 0xD4A7, 0xD4A7, 0x8B89, 0x4163, 0x3102, 0x20C2, 0x18A2, 0x0862,
        0x18A2, 0x20E2, 0x3943, 0x49A3, 0x6204, 0xABE8, 0xD4A7, 0xD4A7, 0xD4A7, 0xD4A7, 0x9BA8, 0x51C3, 0x3963, 0x2902, 0x18C2, 0x1082,
        0x10A2, 0x20C2, 0x3123, 0x4163, 0x59C3, 0x9BA8, 0xABC8, 0xD4A7, 0xD4A7, 0xA3C8, 0x9389, 0x4983, 0x3123, 0x20E2, 0x18A2, 0x1082,
        0x1082, 0x18C2, 0x28E2, 0x3143, 0x8369, 0x8B89, 0x9389, 0x93A9, 0x9389, 0x8B89, 0x8369, 0x7B49, 0x2903, 0x20C2, 0x10A2, 0x0862,
        0x0862, 0x10A2, 0x18C2, 0x2902, 0x3123, 0x3963, 0x4183, 0x8369, 0x8369, 0x4163, 0x3943, 0x2903, 0x20C2, 0x18A2, 0x1082, 0x0862,
        0x0862, 0x0882, 0x10A2, 0x18C2, 0x20E2, 0x2903, 0x3123, 0x7329, 0x7329, 0x2903, 0x20E2, 0x20C2, 0x18A2, 0x1082, 0x0862, 0x0862,
        0x0862, 0x0862, 0x0882, 0x1082, 0x18A2, 0x630A, 0x6309, 0x6B09, 0x6309, 0x630A, 0x62EA, 0x10A2, 0x1082, 0x0862, 0x0862, 0x0062,
        0x0062, 0x0862, 0x0862, 0x29E3, 0x5AEA, 0x5AEA, 0x5AEA, 0x5AEA, 0x5AEA, 0x5AEA, 0x5AEA, 0x5AEA, 0x29E3, 0x0862, 0x0062, 0x0062,
        0x10A2, 0x10A2, 0x10A2, 0x10A2, 0x10A2, 0x10A2, 0x18A2, 0x18A2, 0x18A2, 0x10A2, 0x10A2, 0x10A2, 0x10A2, 0x10A2, 0x10A2, 0x10A2,
        0x1122, 0x1122, 0x0862, 0x10A2, 0x10A2, 0x10A2, 0x10A2, 0x10A2, 0x10A2, 0x10A2, 0x10A2, 0x10A2, 0x10A2, 0x0862, 0x1122, 0x1122,
    },
    {
        0x0021, 0x0021, 0x0041, 0x0041, 0x0841, 0x0841, 0x0841, 0x5AEA, 0x5AEA, 0x0841, 0x0841, 0x0841, 0x0041, 0x0041, 0x0021, 0x0021,
        0x0021, 0x0041, 0x0841, 0x0841, 0x0841, 0x5AEA, 0x5AEA, 0x5AEA, 0x5AEA, 0x5AEA, 0x5AEA, 0x0841, 0x0841, 0x0041, 0x0041, 0x0021,
        0x0041, 0x5ACA, 0x0862, 0x5AEA, 0x5AEA, 0x5AEA, 0x62EA, 0x62EA, 0x62EA, 0x62EA, 0x5AEA, 0x5AEA, 0x5AEA, 0x0842, 0x5ACA, 0x0041,
        0x0841, 0x0842, 0x5AEA, 0x5AEA, 0x62EA, 0x62EA, 0x630A, 0x6309, 0x630A, 0x630A, 0x62EA, 0x5AEA, 0x5AEA, 0x5AEA, 0x0842, 0x0041,
        0x0842, 0x0862, 0x1062, 0x1082, 0x39C5, 0x41C5, 0x41E5, 0x49E5, 0x41E5, 0x41E5, 0x39C5, 0x39C5, 0x1082, 0x0862, 0x0862, 0x0842,
        0x1082, 0x18A2, 0x28E2, 0x3123, 0x4983, 0x9389, 0x9BA8, 0xD487, 0xD487, 0x9BA9, 0x8B69, 0x4163, 0x2902, 0x20C2, 0x1082, 0x0862,
        0x1082, 0x18A2, 0x28E2, 0x3943, 0x4983, 0x9389, 0xD487, 0xD487, 0xD487, 0xD487, 0x8B89, 0x4163, 0x3102, 0x20C2, 0x18A2, 0x1062,
        0x10A2, 0x20E2, 0x3123, 0x4983, 0x6203, 0xA3C8, 0xD487, 0xD487, 0xD487, 0xD487, 0x9BA8, 0x51C3, 0x3963, 0x2902, 0x18C2, 0x1082,
        0x1082, 0x20C2, 0x2902, 0x4163, 0x51C3, 0x9BA9, 0xA3C8, 0xD487, 0xD487, 0x9BA8, 0x9389, 0x4983, 0x3123, 0x20E2, 0x18A2, 0x1082,
        0x1082, 0x18A2, 0x20E2, 0x3123, 0x7B49, 0x8B69, 0x9389, 0x9389, 0x9389, 0x8B89, 0x8369, 0x7B49, 0x2903, 0x20C2, 0x10A2, 0x0862,
        0x0862, 0x1082, 0x18C2, 0x28E2, 0x3123, 0x3943, 0x4163, 0x8369, 0x8349, 0x4163, 0x3943, 0x2903, 0x20C2, 0x18A2, 0x1082, 0x0862,
        0x0862, 0x0882, 0x1082, 0x18A2, 0x20E2, 0x2902, 0x2903, 0x7329, 0x7329, 0x2903, 0x20E2, 0x20C2, 0x18A2, 0x1082, 0x0862, 0x0862,
        0x0862, 0x0862, 0x0882, 0x1082, 0x10A2, 0x630A, 0x630A, 0x6309, 0x6309, 0x630A, 0x62EA, 0x10A2, 0x1082, 0x0862, 0x0862, 0x0062,
        0x0062, 0x0062, 0x0862, 0x29E3, 0x5AEA, 0x5AEA, 0x5AEA, 0x5AEA, 0x5AEA, 0x5AEA, 0x5AEA, 0x5AEA, 0x29E3, 0x0862, 0x0062, 0x0062,
        0x10A2, 0x10A2, 0x10A2, 0x10A2, 0x10A2, 0x10A2, 0x18A2, 0x18A2, 0x18A2, 0x10A2, 0x10A2, 0x10A2, 0x10A2, 0x10A2, 0x10A2, 0x10A2,
        0x1122, 0x1122, 0x0862, 0x10A2, 0x10A2, 0x10A2, 0x10A2, 0x10A2, 0x10A2, 0x10A2, 0x10A2, 0x10A2, 0x10A2, 0x0862, 0x1122, 0x1122,
    },
    {
        0x0021, 0x0021, 0x0041, 0x0041, 0x0841, 0x0841, 0x0841, 0x5AEA, 0x5AEA, 0x0841, 0x0841, 0x0041, 0x0041, 0x0041, 0x0021, 0x0021,
        0x0021, 0x0041, 0x0041, 0x0841, 0x0841, 0x5AEA, 0x5AEA, 0x5AEA, 0x5AEA, 0x5AEA, 0x5AEA, 0x0841, 0x0841, 0x0041, 0x0041, 0x0021,
        0x0041, 0x5ACA, 0x0842, 0x5AEA, 0x5AEA, 0x5AEA, 0x62EA, 0x62EA, 0x62EA, 0x62EA, 0x5AEA, 0x5AEA, 0x5AEA, 0x0842, 0x5ACA, 0x0041,
        0x0841, 0x0842, 0x5AEA, 0x5AEA, 0x62EA, 0x62EA, 0x630A, 0x630A, 0x630A, 0x630A, 0x62EA, 0x5AEA, 0x5AEA, 0x5AEA, 0x0842, 0x0041,
        0x0842, 0x0862, 0x0862, 0x1082, 0x39C5, 0x41C5, 0x41E5, 0x41E5, 0x41E5, 0x41E5, 0x39C5, 0x39A5, 0x1082, 0x0862, 0x0862, 0x0842,
        0x1082, 0x18A2, 0x20E2, 0x3122, 0x4163, 0x8B89, 0x9BA8, 0xD466, 0xD466, 0x9389, 0x8B69, 0x3943, 0x2902, 0x20C2, 0x1082, 0x0862,
        0x1082, 0x18A2, 0x28E2, 0x3123, 0x4983, 0x9389, 0xD466, 0xD466, 0xD466, 0xD466, 0x8B69, 0x4163, 0x3102, 0x20C2, 0x18A2, 0x1062,
        0x10A2, 0x20C2, 0x3123, 0x4163, 0x59E3, 0xA3C8, 0xD466, 0xD466, 0xD466, 0xD466, 0x9BA9, 0x51A3, 0x3943, 0x2902, 0x18C2, 0x1082,
        0x1082, 0x18C2, 0x2902, 0x3943, 0x49A3, 0x9389, 0xA3C8, 0xD466, 0xD466, 0x9BA8, 0x8B89, 0x4183, 0x3123, 0x20E2, 0x18A2, 0x1082,
        0x1082, 0x18A2, 0x20E2, 0x3123, 0x7B49, 0x8369, 0x8B89, 0x9389, 0x9389, 0x8B69, 0x8369, 0x7B49, 0x2903, 0x18C2, 0x10A2, 0x0862,
        0x0862, 0x1082, 0x18A2, 0x20E2, 0x3103, 0x3943, 0x4163, 0x8349, 0x7B49, 0x3963, 0x3123, 0x2903, 0x20C2, 0x18A2, 0x1082, 0x0862,
        0x0862, 0x0862, 0x1082, 0x18A2, 0x20C2, 0x28E2, 0x2903, 0x7329, 0x7329, 0x2903, 0x20E2, 0x18C2, 0x18A2, 0x1082, 0x0862, 0x0862,
        0x0862, 0x0862, 0x0882, 0x1082, 0x10A2, 0x62EA, 0x630A, 0x630A, 0x630A, 0x630A, 0x62EA, 0x10A2, 0x1082, 0x0862, 0x0862, 0x0062,
        0x0062, 0x0062, 0x0862, 0x29E3, 0x5AEA, 0x5AEA, 0x5AEA, 0x5AEA, 0x5AEA, 0x5AEA, 0x5AEA, 0x5AEA, 0x29E3, 0x0862, 0x0062, 0x0062,
        0x10A2, 0x10A2, 0x10A2, 0x10A2, 0x10A2, 0x10A2, 0x10A2, 0x18A2, 0x18A2, 0x10A2, 0x10A2, 0x10A2, 0x10A2, 0x10A2, 0x10A2, 0x10A2,
        0x1122, 0x1122, 0x0862, 0x10A2, 0x10A2, 0x10A2, 0x10A2, 0x10A2, 0x10A2, 0x10A2, 0x10A2, 0x10A2, 0x10A2, 0x0862, 0x1122, 0x1122,
    },
    {
        0x0021, 0x0021, 0x0041, 0x0041, 0x0841, 0x0841, 0x0841, 0x5AEA, 0x5AEA, 0x0841, 0x0841, 0x0841, 0x0041, 0x0041, 0x0021, 0x0021,
        0x0021, 0x0041, 0x0041, 0x0841, 0x0841, 0x5AEA, 0x5AEA, 0x5AEA, 0x5AEA, 0x5AEA, 0x5AEA, 0x0841, 0x0841, 0x0041, 0x0041, 0x0021,
        0x0041, 0x5ACA, 0x0842, 0x5AEA, 0x5AEA, 0x5AEA, 0x62EA, 0x62EA, 0x62EA, 0x62EA, 0x5AEA, 0x5AEA, 0x5AEA, 0x0842, 0x5ACA, 0x0041,
        0x0841, 0x0842, 0x5AEA, 0x5AEA, 0x62EA, 0x62EA, 0x630A, 0x630A, 0x630A, 0x630A, 0x62EA, 0x5AEA, 0x5AEA, 0x5AEA, 0x0842, 0x0041,
        0x0842, 0x0862, 0x0862, 0x1082, 0x39C5, 0x41C5, 0x41E5, 0x41E5, 0x41E5, 0x41E5, 0x39C5, 0x39C5, 0x1082, 0x0862, 0x0862, 0x0842,
        0x1082, 0x18A2, 0x20E2, 0x3123, 0x4183, 0x8B89, 0x9BA8, 0xD487, 0xD487, 0x93A9, 0x8B69, 0x3943, 0x2902, 0x20C2, 0x1082, 0x0862,
        0x1082, 0x18A2, 0x28E2, 0x3923, 0x4983, 0x9389, 0xD487, 0xD487, 0xD487, 0xD487, 0x8B89, 0x4163, 0x3102, 0x20C2, 0x18A2, 0x1062,
        0x10A2, 0x20C2, 0x3123, 0x4183, 0x59E3, 0xA3C8, 0xD487, 0xD487, 0xD487, 0xD487, 0x9BA8, 0x51C3, 0x3943, 0x2902, 0x18C2, 0x1082,
        0x1082, 0x18C2, 0x2902, 0x3943, 0x51A3, 0x93A9, 0xA3C8, 0xD487, 0xD487, 0x9BA8, 0x9389, 0x4983, 0x3123, 0x20E2, 0x18A2, 0x1082,
        0x1082, 0x18A2, 0x20E2, 0x3123, 0x7B49, 0x8B69, 0x8B89, 0x9389, 0x9389, 0x8B89, 0x8369, 0x7B49, 0x2903, 0x20C2, 0x10A2, 0x0862,
        0x0862, 0x1082, 0x18C2, 0x20E2, 0x3123, 0x3943, 0x4163, 0x8349, 0x8349, 0x4163, 0x3123, 0x2903, 0x20C2, 0x18A2, 0x1082, 0x0862,
        0x0862, 0x0862, 0x1082, 0x18A2, 0x20C2, 0x28E2, 0x2903, 0x7329, 0x7329, 0x2903, 0x20E2, 0x18C2, 0x18A2, 0x1082, 0x0862, 0x0862,
        0x0862, 0x0862, 0x0882, 0x1082, 0x10A2, 0x62EA, 0x630A, 0x6309, 0x6309, 0x630A, 0x62EA, 0x10A2, 0x1082, 0x0862, 0x0862, 0x0062,
        0x0062, 0x0062, 0x0862, 0x29E3, 0x5AEA, 0x5AEA, 0x5AEA, 0x5AEA, 0x5AEA, 0x5AEA, 0x5AEA, 0x5AEA, 0x29E3, 0x0862, 0x0062, 0x0062,
        0x10A2, 0x10A2, 0x10A2, 0x10A2, 0x10A2, 0x10A2, 0x10A2, 0x18A2, 0x18A2, 0x10A2, 0x10A2, 0x10A2, 0x10A2, 0x10A2, 0x10A2, 0x10A2,
        0x1122, 0x1122, 0x0862, 0x10A2, 0x10A2, 0x10A2, 0x10A2, 0x10A2, 0x10A2, 0x10A2, 0x10A2, 0x10A2, 0x10A2, 0x0862, 0x1122, 0x1122,
    },
    {
        0x0021, 0x0041, 0x0041, 0x0041, 0x0841, 0x0841, 0x0841, 0x5AEA, 0x5AEA, 0x0841, 0x0841, 0x0841, 0x0041, 0x0041, 0x0021, 0x0021,
        0x0041, 0x0041, 0x0841, 0x0841, 0x0861, 0x5AEA, 0x5AEA, 0x5AEA, 0x5AEA, 0x5AEA, 0x5AEA, 0x0841, 0x0841, 0x0041, 0x0041, 0x0021,
        0x0041, 0x5ACA, 0x0862, 0x5AEA, 0x5AEA, 0x62EA, 0x62EA, 0x62EA, 0x62EA, 0x62EA, 0x5AEA, 0x5AEA, 0x5AEA, 0x0842, 0x5ACA, 0x0041,
        0x0842, 0x0862, 0x5AEA, 0x5AEA, 0x62EA, 0x630A, 0x6309, 0x6B09, 0x6B09, 0x630A, 0x62EA, 0x62EA, 0x5AEA, 0x5AEA, 0x0842, 0x0041,
        0x0862, 0x0862, 0x1082, 0x1082, 0x39C5, 0x41E5, 0x49E5, 0x4A05, 0x49E5, 0x41E5, 0x41C5, 0x39C5, 0x1082, 0x0862, 0x0862, 0x0842,
        0x1082, 0x18C2, 0x2902, 0x3943, 0x51A3, 0x9BA9, 0xA3C8, 0xDCC7, 0xDCC7, 0x9BA8, 0x8B89, 0x4163, 0x3122, 0x20C2, 0x18A2, 0x0862,
        0x1082, 0x20C2, 0x2902, 0x4163, 0x51C3, 0x9BA8, 0xDCC7, 0xDCC7, 0xDCC7, 0xDCC7, 0x9389, 0x4983, 0x3123, 0x20E2, 0x18A2, 0x1062,
        0x18A2, 0x28E2, 0x3943, 0x51A3, 0x6A24, 0xABE8, 0xDCC7, 0xDCC7, 0xDCC7, 0xDCC7, 0xA3C8, 0x59E3, 0x4163, 0x2902, 0x18C2, 0x1082,
        0x10A2, 0x20E2, 0x3123, 0x4983, 0x59E3, 0xA3C8, 0xABE8, 0xDCC7, 0xDCC7, 0xA3C8, 0x93A9, 0x51A3, 0x3943, 0x28E2, 0x18A2, 0x1082,
        0x1082, 0x18C2, 0x2903, 0x3943, 0x8369, 0x8B89, 0x9BA9, 0x9BA8, 0x9BA9, 0x9389, 0x8B69, 0x7B49, 0x3123, 0x20C2, 0x10A2, 0x0882,
        0x0882, 0x10A2, 0x20C2, 0x2903, 0x3943, 0x4163, 0x49A3, 0x8369, 0x8369, 0x4183, 0x3943, 0x3123, 0x20E2, 0x18A2, 0x1082, 0x0862,
        0x0862, 0x1082, 0x10A2, 0x18C2, 0x20E2, 0x2903, 0x3123, 0x7329, 0x7329, 0x3123, 0x2902, 0x20C2, 0x18A2, 0x1082, 0x0862, 0x0862,
        0x0862, 0x0862, 0x0882, 0x1082, 0x18A2, 0x630A, 0x6B09, 0x6B09, 0x6B09, 0x6309, 0x62EA, 0x10A2, 0x1082, 0x0862, 0x0862, 0x0062,
        0x0062, 0x0862, 0x0862, 0x29E3, 0x5AEA, 0x5AEA, 0x5AEA, 0x5AEA, 0x5AEA, 0x5AEA, 0x5AEA, 0x5AEA, 0x29E3, 0x0862, 0x0062, 0x0062,
        0x10A2, 0x10A2, 0x10A2, 0x10A2, 0x10A2, 0x10A2, 0x18A2, 0x18A2, 0x18A2, 0x10A2, 0x10A2, 0x10A2, 0x10A2, 0x10A2, 0x10A2, 0x10A2,
        0x1122, 0x1122, 0x0862, 0x10A2, 0x10A2, 0x10A2, 0x10A2, 0x10A2, 0x10A2, 0x10A2, 0x10A2, 0x10A2, 0x10A2, 0x0862, 0x1122, 0x1122,
    },
    {
        0x0021, 0x0041, 0x0041, 0x0841, 0x0841, 0x0841, 0x0861, 0x5AEA, 0x5AEA, 0x0841, 0x0841, 0x0841, 0x0041, 0x0041, 0x0021, 0x0021,
        0x0041, 0x0041, 0x0841, 0x0841, 0x0862, 0x5AEA, 0x5AEA, 0x5AEA, 0x5AEA, 0x5AEA, 0x5AEA, 0x0861, 0x0841, 0x0041, 0x0041, 0x0021,
        0x0841, 0x5ACA, 0x0862, 0x5AEA, 0x62EA, 0x62EA, 0x630A, 0x630A, 0x630A, 0x62EA, 0x62EA, 0x5AEA, 0x5AEA, 0x0842, 0x5ACA, 0x0041,
        0x0842, 0x0862, 0x5AEA, 0x62EA, 0x630A, 0x6309, 0x6B09, 0x6B09, 0x6B09, 0x6B09, 0x630A, 0x62EA, 0x5AEA, 0x5AEA, 0x0842, 0x0041,
        0x0862, 0x0862, 0x1082, 0x18A2, 0x41E5, 0x49E5, 0x4A05, 0x4A05, 0x4A05, 0x49E5, 0x41E5, 0x39C5, 0x1082, 0x0862, 0x0862, 0x0842,
        0x10A2, 0x20C2, 0x3122, 0x4183, 0x59E3, 0xA3C8, 0xB408, 0xE528, 0xE528, 0xA3C8, 0x9389, 0x4983, 0x3123, 0x20E2, 0x18A2, 0x0862,
        0x18A2, 0x20E2, 0x3123, 0x4983, 0x6203, 0xABC8, 0xE528, 0xE528, 0xE528, 0xE528, 0x9BA9, 0x49A3, 0x3943, 0x28E2, 0x18A2, 0x1062,
        0x18C2, 0x2902, 0x4163, 0x59E3, 0x7A84, 0xBC28, 0xE528, 0xE528, 0xE528, 0xE528, 0xABE8, 0x6204, 0x4983, 0x3123, 0x20C2, 0x1082,
        0x18A2, 0x28E2, 0x3943, 0x51C3, 0x6A24, 0xABE8, 0xBC08, 0xE528, 0xE528, 0xABE8, 0x9BA8, 0x51C3, 0x4163, 0x2902, 0x18A2, 0x1082,
        0x10A2, 0x20C2, 0x3123, 0x4163, 0x8B89, 0x9BA9, 0xA3C8, 0xA3C8, 0xA3C8, 0x9BA9, 0x8B89, 0x8349, 0x3123, 0x20E2, 0x10A2, 0x0882,
        0x1082, 0x18A2, 0x20E2, 0x3123, 0x4163, 0x49A3, 0x51C3, 0x8B89, 0x8B89, 0x49A3, 0x4163, 0x3123, 0x20E2, 0x18A2, 0x1082, 0x0862,
        0x0862, 0x1082, 0x18A2, 0x20E2, 0x2903, 0x3123, 0x3943, 0x7B49, 0x7B49, 0x3123, 0x2903, 0x20E2, 0x18A2, 0x1082, 0x0862, 0x0862,
        0x0862, 0x0862, 0x1082, 0x10A2, 0x18C2, 0x6B09, 0x6B09, 0x6B09, 0x6B09, 0x6B09, 0x630A, 0x10A2, 0x1082, 0x0862, 0x0862, 0x0062,
        0x0062, 0x0862, 0x0862, 0x29E3, 0x5AEA, 0x5AEA, 0x62EA, 0x62EA, 0x62EA, 0x5AEA, 0x5AEA, 0x5AEA, 0x29E3, 0x0862, 0x0062, 0x0062,
        0x10A2, 0x10A2, 0x10A2, 0x10A2, 0x10A2, 0x18A2, 0x18A2, 0x18A2, 0x18A2, 0x18A2, 0x10A2, 0x10A2, 0x10A2, 0x10A2, 0x10A2, 0x10A2,
        0x1122, 0x1122, 0x0862, 0x10A2, 0x10A2, 0x10A2, 0x10A2, 0x10A2, 0x10A2, 0x10A2, 0x10A2, 0x10A2, 0x10A2, 0x0862, 0x1122, 0x1122,
    },
    {
        0x0021, 0x0041, 0x0041, 0x0841, 0x0841, 0x0841, 0x0861, 0x5AEA, 0x5AEA, 0x0841, 0x0841, 0x0841, 0x0041, 0x0041, 0x0021, 0x0021,
        0x0041, 0x0041, 0x0841, 0x0861, 0x0862, 0x5AEA, 0x5AEA, 0x62EA, 0x5AEA, 0x5AEA, 0x5AEA, 0x0861, 0x0841, 0x0041, 0x0041, 0x0021,
        0x0841, 0x5ACA, 0x0862, 0x5AEA, 0x62EA, 0x62EA, 0x630A, 0x630A, 0x630A, 0x62EA, 0x62EA, 0x5AEA, 0x5AEA, 0x0842, 0x5ACA, 0x0041,
        0x0842, 0x0862, 0x5AEA, 0x62EA, 0x630A, 0x6B09, 0x6B09, 0x6B09, 0x6B09, 0x6B09, 0x630A, 0x62EA, 0x5AEA, 0x5AEA, 0x0842, 0x0041,
        0x0862, 0x0862, 0x1082, 0x18A2, 0x41E5, 0x49E5, 0x4A05, 0x4A05, 0x4A05, 0x49E5, 0x41E5, 0x39C5, 0x1082, 0x0862, 0x0862, 0x0842,
        0x18A2, 0x20E2, 0x3123, 0x4983, 0x6203, 0xA3C8, 0xBC08, 0xE528, 0xE528, 0xA3C8, 0x9389, 0x4983, 0x3123, 0x20E2, 0x10A2, 0x0862,
        0x18A2, 0x28E2, 0x3943, 0x51A3, 0x6A24, 0xABE8, 0xE528, 0xE528, 0xE528, 0xE528, 0x93A9, 0x4983, 0x3923, 0x20E2, 0x18A2, 0x1062,
        0x20C2, 0x3123, 0x4983, 0x6204, 0x82A4, 0xC428, 0xE528, 0xE528, 0xE528, 0xE528, 0xABC8, 0x6203, 0x4183, 0x3103, 0x18C2, 0x1082,
        0x18C2, 0x2902, 0x4163, 0x59C3, 0x7244, 0xB3E8, 0xBC28, 0xE528, 0xE528, 0xABE8, 0x9BA8, 0x51C3, 0x3943, 0x2902, 0x18A2, 0x1082,
        0x10A2, 0x20E2, 0x3123, 0x4183, 0x8B89, 0x9BA8, 0xA3C8, 0xA3C8, 0xA3C8, 0x9BA9, 0x8B89, 0x8349, 0x3123, 0x20E2, 0x10A2, 0x0862,
        0x1082, 0x18A2, 0x28E2, 0x3123, 0x4163, 0x49A3, 0x59C3, 0x8B89, 0x8B89, 0x49A3, 0x4163, 0x3123, 0x20E2, 0x18A2, 0x1082, 0x0862,
        0x0862, 0x1082, 0x18A2, 0x20E2, 0x2903, 0x3123, 0x3943, 0x7B49, 0x7B49, 0x3123, 0x2903, 0x20E2, 0x18A2, 0x1082, 0x0862, 0x0862,
        0x0862, 0x0862, 0x1082, 0x10A2, 0x18C2, 0x6B09, 0x6B09, 0x6B09, 0x6B09, 0x6B09, 0x630A, 0x10A2, 0x1082, 0x0862, 0x0862, 0x0062,
        0x0062, 0x0862, 0x0862, 0x29E3, 0x5AEA, 0x5AEA, 0x62EA, 0x62EA, 0x62EA, 0x5AEA, 0x5AEA, 0x5AEA, 0x29E3, 0x0862, 0x0062, 0x0062,
        0x10A2, 0x10A2, 0x10A2, 0x10A2, 0x10A2, 0x18A2, 0x18A2, 0x18A2, 0x18A2, 0x18A2, 0x10A2, 0x10A2, 0x10A2, 0x10A2, 0x10A2, 0x10A2,
        0x1122, 0x1122, 0x0862, 0x10A2, 0x10A2, 0x10A2, 0x10A2, 0x10A2, 0x10A2, 0x10A2, 0x10A2, 0x10A2, 0x10A2, 0x0862, 0x1122, 0x1122,
    },
    {
        0x0021, 0x0041, 0x0041, 0x0841, 0x0841, 0x0841, 0x0861, 0x5AEA, 0x5AEA, 0x0841, 0x0841, 0x0841, 0x0041, 0x0041, 0x0021, 0x0021,
        0x0041, 0x0041, 0x0841, 0x0861, 0x0862, 0x5AEA, 0x5AEA, 0x5AEA, 0x5AEA, 0x5AEA, 0x5AEA, 0x0841, 0x0841, 0x0041, 0x0041, 0x0021,
        0x0841, 0x5ACA, 0x0862, 0x5AEA, 0x62EA, 0x62EA, 0x62EA, 0x630A, 0x62EA, 0x62EA, 0x62EA, 0x5AEA, 0x5AEA, 0x0842, 0x5ACA, 0x0041,
        0x0842, 0x0862, 0x5AEA, 0x62EA, 0x630A, 0x6309, 0x6B09, 0x6B09, 0x6B09, 0x6309, 0x62EA, 0x62EA, 0x5AEA, 0x5AEA, 0x0842, 0x0041,
        0x0862, 0x0862, 0x1082, 0x18A2, 0x41E5, 0x49E5, 0x4A05, 0x4A05, 0x4A05, 0x41E5, 0x41C5, 0x39C5, 0x1082, 0x0862, 0x0862, 0x0042,
        0x18A2, 0x20E2, 0x3123, 0x4983, 0x6203, 0xA3C8, 0xB408, 0xE508, 0xE508, 0x9BA8, 0x8B89, 0x4163, 0x3102, 0x20C2, 0x1082, 0x0862,
        0x18A2, 0x28E2, 0x3943, 0x49A3, 0x6204, 0xABE8, 0xE508, 0xE508, 0xE508, 0xE508, 0x9389, 0x4183, 0x3122, 0x20C2, 0x1082, 0x0862,
        0x20C2, 0x3123, 0x4983, 0x6204, 0x82A4, 0xC428, 0xE508, 0xE508, 0xE508, 0xE508, 0xA3C8, 0x59C3, 0x4163, 0x2902, 0x18A2, 0x1082,
        0x18C2, 0x2902, 0x4163, 0x51C3, 0x6A44, 0xABE8, 0xBC08, 0xE508, 0xE508, 0xABC8, 0x93A9, 0x49A3, 0x3943, 0x20E2, 0x18A2, 0x0862,
        0x18A2, 0x20E2, 0x3123, 0x4183, 0x8B89, 0x9BA9, 0xA3C8, 0xA3C8, 0x9BA8, 0x9389, 0x8B69, 0x7B49, 0x2903, 0x18C2, 0x1082, 0x0862,
        0x1082, 0x18A2, 0x28E2, 0x3123, 0x4163, 0x49A3, 0x51C3, 0x8B89, 0x8B69, 0x4983, 0x3943, 0x3103, 0x20E2, 0x18A2, 0x1082, 0x0862,
        0x0862, 0x1082, 0x18A2, 0x20E2, 0x2903, 0x3123, 0x3943, 0x7B49, 0x7329, 0x3123, 0x2902, 0x20C2, 0x18A2, 0x1082, 0x0862, 0x0842,
        0x0862, 0x0862, 0x1082, 0x10A2, 0x18C2, 0x6B09, 0x6B09, 0x6B09, 0x6B09, 0x6309, 0x62EA, 0x10A2, 0x0882, 0x0862, 0x0862, 0x0062,
        0x0062, 0x0862, 0x0862, 0x29E3, 0x5AEA, 0x5AEA, 0x62EA, 0x62EA, 0x5AEA, 0x5AEA, 0x5AEA, 0x5ACA, 0x29E3, 0x0862, 0x0062, 0x0062,
        0x10A2, 0x10A2, 0x10A2, 0x10A2, 0x10A2, 0x18A2, 0x18A2, 0x18A2, 0x18A2, 0x10A2, 0x10A2, 0x10A2, 0x10A2, 0x10A2, 0x10A2, 0x10A2,
        0x1122, 0x1122, 0x0862, 0x10A2, 0x10A2, 0x10A2, 0x10A2, 0x10A2, 0x10A2, 0x10A2, 0x10A2, 0x10A2, 0x10A2, 0x0862, 0x1122, 0x1122,
    },
    {
        0x0021, 0x0041, 0x0041, 0x0841, 0x0841, 0x0841, 0x0861, 0x5AEA, 0x5AEA, 0x0841, 0x0841, 0x0041, 0x0041, 0x0041, 0x0021, 0x0021,
        0x0041, 0x0041, 0x0841, 0x0861, 0x0862, 0x5AEA, 0x5AEA, 0x5AEA, 0x5AEA, 0x5AEA, 0x5AEA, 0x0841, 0x0841, 0x0041, 0x0041, 0x0021,
        0x0842, 0x5AEA, 0x0862, 0x5AEA, 0x62EA, 0x62EA, 0x62EA, 0x62EA, 0x62EA, 0x62EA, 0x5AEA, 0x5AEA, 0x5AEA, 0x0842, 0x52CA, 0x0041,
        0x0842, 0x0862, 0x5AEA, 0x62EA, 0x630A, 0x6309, 0x6B09, 0x6B09, 0x6B09, 0x630A, 0x62EA, 0x5AEA, 0x5AEA, 0x5AEA, 0x0842, 0x0041,
        0x0862, 0x0862, 0x1082, 0x18A2, 0x41E5, 0x49E5, 0x4A05, 0x4A05, 0x4A05, 0x41E5, 0x41C5, 0x39C5, 0x1082, 0x0862, 0x0862, 0x0042,
        0x18A2, 0x20E2, 0x3123, 0x4983, 0x61E3, 0xA3C8, 0xB3E8, 0xE4E8, 0xE4E8, 0x9BA8, 0x8B69, 0x3963, 0x2902, 0x18C2, 0x1082, 0x0862,
        0x18A2, 0x28E2, 0x3943, 0x49A3, 0x6204, 0xABE8, 0xE4E8, 0xE4E8, 0xE4E8, 0xE4E8, 0x8B89, 0x4163, 0x3102, 0x20C2, 0x1082, 0x0862,
        0x20C2, 0x3123, 0x4983, 0x6204, 0x8284, 0xBC28, 0xE4E8, 0xE4E8, 0xE4E8, 0xE4E8, 0x9BA8, 0x51C3, 0x3943, 0x28E2, 0x18A2, 0x0882,
        0x18C2, 0x2902, 0x4163, 0x51C3, 0x6A44, 0xABE8, 0xBC08, 0xE4E8, 0xE4E8, 0xA3C8, 0x9389, 0x4983, 0x3123, 0x20E2, 0x10A2, 0x0862,
        0x18A2, 0x20E2, 0x3123, 0x4183, 0x8B89, 0x9BA9, 0x9BA8, 0xA3C8, 0x9BA8, 0x9389, 0x8369, 0x7B49, 0x2903, 0x18C2, 0x1082, 0x0862,
        0x1082, 0x18C2, 0x28E2, 0x3123, 0x4163, 0x49A3, 0x51C3, 0x8B69, 0x8369, 0x4183, 0x3943, 0x2903, 0x20C2, 0x10A2, 0x0882, 0x0862,
        0x0862, 0x1082, 0x18A2, 0x20E2, 0x2903, 0x3123, 0x3943, 0x7B49, 0x7329, 0x3103, 0x28E2, 0x18C2, 0x10A2, 0x1082, 0x0862, 0x0842,
        0x0862, 0x0862, 0x1082, 0x10A2, 0x18C2, 0x6B09, 0x6B09, 0x6B09, 0x6B09, 0x630A, 0x62EA, 0x10A2, 0x0882, 0x0862, 0x0862, 0x0062,
        0x0062, 0x0862, 0x0862, 0x29E3, 0x5AEA, 0x5AEA, 0x62EA, 0x62EA, 0x5AEA, 0x5AEA, 0x5AEA, 0x5ACA, 0x29E3, 0x0862, 0x0062, 0x0062,
        0x10A2, 0x10A2, 0x10A2, 0x10A2, 0x10A2, 0x18A2, 0x18A2, 0x18A2, 0x18A2, 0x10A2, 0x10A2, 0x10A2, 0x10A2, 0x10A2, 0x10A2, 0x10A2,
        0x1122, 0x1122, 0x0862, 0x10A2, 0x10A2, 0x10A2, 0x10A2, 0x10A2, 0x10A2, 0x10A2, 0x10A2, 0x10A2, 0x10A2, 0x0862, 0x1122, 0x1122,
    },
    {
        0x0021, 0x0041, 0x0041, 0x0841, 0x0841, 0x0841, 0x0861, 0x5AEA, 0x5AEA, 0x0841, 0x0841, 0x0841, 0x0041, 0x0041, 0x0021, 0x0021,
        0x0041, 0x0041, 0x0841, 0x0861, 0x0862, 0x5AEA, 0x5AEA, 0x5AEA, 0x5AEA, 0x5AEA, 0x5AEA, 0x0841, 0x0841, 0x0041, 0x0041, 0x0021,
        0x0842, 0x5AEA, 0x0862, 0x5AEA, 0x62EA, 0x62EA, 0x630A, 0x630A, 0x62EA, 0x62EA, 0x5AEA, 0x5AEA, 0x5AEA, 0x0842, 0x52CA, 0x0041,
        0x0842, 0x0862, 0x5AEA, 0x62EA, 0x630A, 0x6B09, 0x6B09, 0x6B09, 0x6B09, 0x630A, 0x62EA, 0x62EA, 0x5AEA, 0x5AEA, 0x0842, 0x0041,
        0x0862, 0x1062, 0x1082, 0x18A2, 0x41E5, 0x49E5, 0x4A05, 0x4A05, 0x4A05, 0x41E5, 0x41C5, 0x39C5, 0x1082, 0x0862, 0x0862, 0x0042,
        0x18A2, 0x28E2, 0x3943, 0x49A3, 0x6203, 0xABC8, 0xB408, 0xE508, 0xE508, 0x9BA8, 0x8B89, 0x4163, 0x2902, 0x20C2, 0x1082, 0x0862,
        0x18A2, 0x28E2, 0x3943, 0x51A3, 0x6A24, 0xABE8, 0xE508, 0xE508, 0xE508, 0xE508, 0x9389, 0x4163, 0x3102, 0x20C2, 0x1082, 0x0862,
        0x20E2, 0x3123, 0x49A3, 0x6A24, 0x82A4, 0xC428, 0xE508, 0xE508, 0xE508, 0xE508, 0xA3C8, 0x51C3, 0x3963, 0x2902, 0x18A2, 0x0882,
        0x18C2, 0x2902, 0x4163, 0x59E3, 0x7244, 0xB3E8, 0xBC08, 0xE508, 0xE508, 0xA3C8, 0x93A9, 0x49A3, 0x3123, 0x20E2, 0x10A2, 0x0862,
        0x18A2, 0x20E2, 0x3143, 0x4983, 0x9389, 0x9BA8, 0xA3C8, 0xA3C8, 0x9BA8, 0x9389, 0x8B69, 0x7B49, 0x2903, 0x18C2, 0x1082, 0x0862,
        0x1082, 0x18C2, 0x28E2, 0x3123, 0x4163, 0x49A3, 0x51C3, 0x8B89, 0x8B69, 0x4983, 0x3943, 0x2903, 0x20C2, 0x10A2, 0x0882, 0x0862,
        0x0862, 0x1082, 0x18C2, 0x20E2, 0x2903, 0x3123, 0x3943, 0x7B49, 0x7329, 0x3123, 0x28E2, 0x20C2, 0x18A2, 0x1082, 0x0862, 0x0842,
        0x0862, 0x0882, 0x1082, 0x18A2, 0x18C2, 0x6B09, 0x6B09, 0x6B09, 0x6B09, 0x6309, 0x62EA, 0x10A2, 0x0882, 0x0862, 0x0862, 0x0062,
        0x0062, 0x0862, 0x0862, 0x29E3, 0x5AEA, 0x5AEA, 0x62EA, 0x62EA, 0x5AEA, 0x5AEA, 0x5AEA, 0x5ACA, 0x29E3, 0x0062, 0x0062, 0x0062,
        0x10A2, 0x10A2, 0x10A2, 0x10A2, 0x10A2, 0x18A2, 0x18A2, 0x18A2, 0x18A2, 0x10A2, 0x10A2, 0x10A2, 0x10A2, 0x10A2, 0x10A2, 0x10A2,
        0x1122, 0x1122, 0x0862, 0x10A2, 0x10A2, 0x10A2, 0x10A2, 0x10A2, 0x10A2, 0x10A2, 0x10A2, 0x10A2, 0x10A2, 0x0862, 0x1122, 0x1122,
    },
    {
        0x0021, 0x0041, 0x0041, 0x0841, 0x0841, 0x0861, 0x0861, 0x5AEA, 0x5AEA, 0x0841, 0x0841, 0x0841, 0x0041, 0x0041, 0x0021, 0x0021,
        0x0041, 0x0841, 0x0841, 0x0861, 0x0862, 0x5AEA, 0x62EA, 0x62EA, 0x5AEA, 0x5AEA, 0x5AEA, 0x0841, 0x0841, 0x0041, 0x0041, 0x0021,
        0x0842, 0x5AEA, 0x0862, 0x5AEA, 0x62EA, 0x62EA, 0x630A, 0x630A, 0x630A, 0x62EA, 0x62EA, 0x5AEA, 0x5AEA, 0x0842, 0x5ACA, 0x0041,
        0x0842, 0x0862, 0x5AEA, 0x62EA, 0x630A, 0x6B09, 0x6B09, 0x6B09, 0x6B09, 0x6309, 0x630A, 0x62EA, 0x5AEA, 0x5AEA, 0x0842, 0x0041,
        0x0862, 0x1082, 0x1082, 0x18A2, 0x41E5, 0x4A05, 0x4A05, 0x5205, 0x4A05, 0x49E5, 0x41C5, 0x39C5, 0x1082, 0x0862, 0x0862, 0x0042,
        0x18A2, 0x28E2, 0x3943, 0x51A3, 0x6A24, 0xABE8, 0xBC08, 0xED48, 0xED48, 0xA3C8, 0x9389, 0x4163, 0x3122, 0x20C2, 0x1082, 0x0862,
        0x18A2, 0x2902, 0x3943, 0x51C3, 0x7244, 0xB3E8, 0xED48, 0xED48, 0xED48, 0xED48, 0x9389, 0x4983, 0x3123, 0x20C2, 0x1082, 0x0862,
        0x20E2, 0x3123, 0x49A3, 0x6A24, 0x8AC4, 0xCC48, 0xED48, 0xED48, 0xED48, 0xED48, 0xA3C8, 0x59E3, 0x4163, 0x2902, 0x18A2, 0x1082,
        0x20C2, 0x3103, 0x4183, 0x59E3, 0x7A64, 0xB408, 0xC428, 0xED48, 0xED48, 0xABE8, 0x9BA9, 0x51A3, 0x3943, 0x28E2, 0x18A2, 0x0862,
        0x18A2, 0x28E2, 0x3943, 0x49A3, 0x9389, 0x9BA8, 0xA3C8, 0xA3C8, 0xA3C8, 0x9BA9, 0x8B89, 0x7B49, 0x2903, 0x20C2, 0x1082, 0x0862,
        0x1082, 0x18C2, 0x2902, 0x3943, 0x4183, 0x51A3, 0x59E3, 0x8B89, 0x8B89, 0x49A3, 0x3963, 0x3123, 0x20E2, 0x18A2, 0x1082, 0x0862,
        0x0862, 0x1082, 0x18C2, 0x20E2, 0x3123, 0x3943, 0x3943, 0x7B49, 0x7B49, 0x3123, 0x2903, 0x20C2, 0x18A2, 0x1082, 0x0862, 0x0842,
        0x0862, 0x0882, 0x1082, 0x18A2, 0x18C2, 0x6B09, 0x6B09, 0x6B09, 0x6B09, 0x6B09, 0x630A, 0x10A2, 0x1082, 0x0862, 0x0862, 0x0062,
        0x0062, 0x0862, 0x0862, 0x29E3, 0x5AEA, 0x5AEA, 0x62EA, 0x62EA, 0x62EA, 0x5AEA, 0x5AEA, 0x5AEA, 0x29E3, 0x0862, 0x0062, 0x0062,
        0x10A2, 0x10A2, 0x10A2, 0x10A2, 0x10A2, 0x18A2, 0x18A2, 0x18A2, 0x18A2, 0x10A2, 0x10A2, 0x10A2, 0x10A2, 0x10A2, 0x10A2, 0x10A2,
        0x1122, 0x1122, 0x0862, 0x10A2, 0x10A2, 0x10A2, 0x10A2, 0x10A2, 0x10A2, 0x10A2, 0x10A2, 0x10A2, 0x10A2, 0x0862, 0x1122, 0x1122,
    },
    {
        0x0021, 0x0041, 0x0041, 0x0841, 0x0841, 0x0841, 0x0861, 0x5AEA, 0x5AEA, 0x0841, 0x0841, 0x0841, 0x0041, 0x0041, 0x0021, 0x0021,
        0x0041, 0x0041, 0x0841, 0x0861, 0x0862, 0x5AEA, 0x62EA, 0x62EA, 0x5AEA, 0x5AEA, 0x5AEA, 0x0841, 0x0841, 0x0041, 0x0041, 0x0021,
        0x0842, 0x5AEA, 0x0862, 0x5AEA, 0x62EA, 0x62EA, 0x630A, 0x630A, 0x630A, 0x62EA, 0x62EA, 0x5AEA, 0x5AEA, 0x0842, 0x5ACA, 0x0041,
        0x0842, 0x0862, 0x5AEA, 0x62EA, 0x630A, 0x6B09, 0x6B09, 0x6B09, 0x6B09, 0x6B09, 0x630A, 0x62EA, 0x5AEA, 0x5AEA, 0x0842, 0x0041,
        0x0862, 0x1062, 0x1082, 0x18A2, 0x41E5, 0x4A05, 0x4A05, 0x5205, 0x4A05, 0x49E5, 0x41E5, 0x39C5, 0x1082, 0x0862, 0x0862, 0x0042,
        0x18A2, 0x28E2, 0x3943, 0x49A3, 0x6224, 0xABE8, 0xBC08, 0xED48, 0xED48, 0xA3C8, 0x9389, 0x4983, 0x3123, 0x20C2, 0x10A2, 0x0862,
        0x18A2, 0x28E2, 0x3943, 0x51A3, 0x6A24, 0xB3E8, 0xED48, 0xED48, 0xED48, 0xED48, 0x93A9, 0x4983, 0x3123, 0x20E2, 0x18A2, 0x0862,
        0x20C2, 0x3123, 0x49A3, 0x6A24, 0x8AC4, 0xCC48, 0xED48, 0xED48, 0xED48, 0xED48, 0xABC8, 0x6203, 0x4183, 0x2902, 0x18C2, 0x1082,
        0x18C2, 0x2902, 0x4163, 0x59E3, 0x7264, 0xB408, 0xC428, 0xED48, 0xED48, 0xABE8, 0x9BA8, 0x51C3, 0x3943, 0x28E2, 0x18A2, 0x0882,
        0x18A2, 0x20E2, 0x3143, 0x4983, 0x9389, 0x9BA8, 0xA3C8, 0xABC8, 0xA3C8, 0x9BA9, 0x8B89, 0x8349, 0x3123, 0x20C2, 0x10A2, 0x0862,
        0x1082, 0x18C2, 0x2902, 0x3943, 0x4183, 0x51A3, 0x59E3, 0x9389, 0x8B89, 0x49A3, 0x4163, 0x3123, 0x20E2, 0x18A2, 0x1082, 0x0862,
        0x0862, 0x1082, 0x18C2, 0x20E2, 0x3103, 0x3943, 0x3943, 0x7B49, 0x7B49, 0x3123, 0x2903, 0x20E2, 0x18A2, 0x1082, 0x0862, 0x0862,
        0x0862, 0x0862, 0x1082, 0x18A2, 0x18C2, 0x6B09, 0x6B09, 0x6B09, 0x6B09, 0x6B09, 0x630A, 0x10A2, 0x1082, 0x0862, 0x0862, 0x0062,
        0x0062, 0x0862, 0x0862, 0x29E3, 0x5AEA, 0x5AEA, 0x62EA, 0x62EA, 0x62EA, 0x5AEA, 0x5AEA, 0x5AEA, 0x29E3, 0x0862, 0x0062, 0x0062,
        0x10A2, 0x10A2, 0x10A2, 0x10A2, 0x10A2, 0x18A2, 0x18A2, 0x18A2, 0x18A2, 0x18A2, 0x10A2, 0x10A2, 0x10A2, 0x10A2, 0x10A2, 0x10A2,
        0x1122, 0x1122, 0x0862, 0x10A2, 0x10A2, 0x10A2, 0x10A2, 0x10A2, 0x10A2, 0x10A2, 0x10A2, 0x10A2, 0x10A2, 0x0862, 0x1122, 0x1122,
    },
    {
        0x0021, 0x0041, 0x0041, 0x0841, 0x0841, 0x0841, 0x0861, 0x5AEA, 0x5AEA, 0x0841, 0x0841, 0x0841, 0x0041, 0x0041, 0x0021, 0x0021,
        0x0041, 0x0041, 0x0841, 0x0861, 0x0862, 0x5AEA, 0x62EA, 0x62EA, 0x5AEA, 0x5AEA, 0x5AEA, 0x0861, 0x0841, 0x0041, 0x0041, 0x0021,
        0x0841, 0x5ACA, 0x0862, 0x5AEA, 0x62EA, 0x62EA, 0x630A, 0x630A, 0x630A, 0x62EA, 0x62EA, 0x5AEA, 0x5AEA, 0x0842, 0x5ACA, 0x0041,
        0x0842, 0x0862, 0x5AEA, 0x62EA, 0x630A, 0x6B09, 0x6B09, 0x6B09, 0x6B09, 0x6B09, 0x630A, 0x62EA, 0x5AEA, 0x5AEA, 0x0842, 0x0041,
        0x0862, 0x0862, 0x1082, 0x18A2, 0x41E5, 0x49E5, 0x4A05, 0x5205, 0x4A05, 0x49E5, 0x41E5, 0x39C5, 0x1082, 0x0862, 0x0862, 0x0842,
        0x18A2, 0x20E2, 0x3923, 0x49A3, 0x6203, 0xABC8, 0xBC08, 0xED48, 0xED48, 0xA3C8, 0x93A9, 0x4983, 0x3123, 0x20E2, 0x18A2, 0x0862,
        0x18A2, 0x28E2, 0x3943, 0x51A3, 0x6A24, 0xABE8, 0xED48, 0xED48, 0xED48, 0xED48, 0x9BA9, 0x49A3, 0x3943, 0x28E2, 0x18A2, 0x1062,
        0x20C2, 0x3123, 0x4983, 0x6204, 0x82A4, 0xC428, 0xED48, 0xED48, 0xED48, 0xED48, 0xABE8, 0x6204, 0x4983, 0x3123, 0x20C2, 0x1082,
        0x18C2, 0x2902, 0x4163, 0x59C3, 0x7244, 0xB3E8, 0xC428, 0xED48, 0xED48, 0xB3E8, 0x9BA8, 0x59C3, 0x4163, 0x2902, 0x18A2, 0x1082,
        0x10A2, 0x20E2, 0x3123, 0x4983, 0x9389, 0x9BA8, 0xA3C8, 0xABC8, 0xA3C8, 0x9BA8, 0x8B89, 0x8369, 0x3123, 0x20E2, 0x10A2, 0x0862,
        0x1082, 0x18A2, 0x28E2, 0x3123, 0x4163, 0x51A3, 0x59E3, 0x9389, 0x8B89, 0x51A3, 0x4163, 0x3123, 0x20E2, 0x18A2, 0x1082, 0x0862,
        0x0862, 0x1082, 0x18A2, 0x20E2, 0x2903, 0x3143, 0x3943, 0x7B49, 0x7B49, 0x3123, 0x2903, 0x20E2, 0x18A2, 0x1082, 0x0862, 0x0862,
        0x0862, 0x0862, 0x1082, 0x10A2, 0x18C2, 0x6B09, 0x6B09, 0x6B09, 0x6B09, 0x6B09, 0x630A, 0x10A2, 0x1082, 0x0862, 0x0862, 0x0062,
        0x0062, 0x0862, 0x0862, 0x29E3, 0x5AEA, 0x5AEA, 0x62EA, 0x62EA, 0x62EA, 0x5AEA, 0x5AEA, 0x5AEA, 0x29E3, 0x0862, 0x0062, 0x0062,
        0x10A2, 0x10A2, 0x10A2, 0x10A2, 0x10A2, 0x18A2, 0x18A2, 0x18A2, 0x18A2, 0x18A2, 0x10A2, 0x10A2, 0x10A2, 0x10A2, 0x10A2, 0x10A2,
        0x1122, 0x1122, 0x0862, 0x10A2, 0x10A2, 0x10A2, 0x10A2, 0x10A2, 0x10A2, 0x10A2, 0x10A2, 0x10A2, 0x10A2, 0x0862, 0x1122, 0x1122,
    },
    {
        0x0021, 0x0041, 0x0041, 0x0841, 0x0841, 0x0861, 0x0861, 0x5AEA, 0x5AEA, 0x0861, 0x0841, 0x0841, 0x0041, 0x0041, 0x0021, 0x0021,
        0x0041, 0x0041, 0x0841, 0x0861, 0x0862, 0x5AEA, 0x62EA, 0x62EA, 0x62EA, 0x5AEA, 0x5AEA, 0x0861, 0x0841, 0x0041, 0x0041, 0x0021,
        0x0841, 0x5ACA, 0x0862, 0x5AEA, 0x62EA, 0x62EA, 0x630A, 0x630A, 0x630A, 0x630A, 0x62EA, 0x5AEA, 0x5AEA, 0x0862, 0x5ACA, 0x0041,
        0x0842, 0x0862, 0x5AEA, 0x62EA, 0x630A, 0x6B09, 0x6B09, 0x6B09, 0x6B09, 0x6B09, 0x630A, 0x62EA, 0x5AEA, 0x5AEA, 0x0842, 0x0041,
        0x0862, 0x0862, 0x1082, 0x18A2, 0x41E5, 0x4A05, 0x5205, 0x5225, 0x5205, 0x4A05, 0x41E5, 0x41C5, 0x1082, 0x1082, 0x0862, 0x0842,
        0x18A2, 0x20E2, 0x3923, 0x49A3, 0x6203, 0xABE8, 0xBC08, 0xED69, 0xED69, 0xABE8, 0x9BA8, 0x51A3, 0x3943, 0x28E2, 0x18A2, 0x1082,
        0x18A2, 0x28E2, 0x3943, 0x51A3, 0x6A24, 0xB3E8, 0xED69, 0xED69, 0xED69, 0xED69, 0x9BA8, 0x51C3, 0x3943, 0x2902, 0x18A2, 0x1082,
        0x20C2, 0x3123, 0x4983, 0x6204, 0x82A4, 0xC428, 0xED69, 0xED69, 0xED69, 0xED69, 0xB408, 0x6A44, 0x51A3, 0x3123, 0x20E2, 0x1082,
        0x18A2, 0x2902, 0x4163, 0x59E3, 0x7264, 0xB408, 0xC428, 0xED69, 0xED69, 0xBC08, 0xA3C8, 0x59E3, 0x4183, 0x3103, 0x18C2, 0x1082,
        0x10A2, 0x20E2, 0x3123, 0x4983, 0x9389, 0x9BA8, 0xABC8, 0xABE8, 0xABE8, 0xA3C8, 0x9389, 0x8369, 0x3943, 0x20E2, 0x18A2, 0x0882,
        0x1082, 0x18A2, 0x28E2, 0x3123, 0x4183, 0x51C3, 0x59E3, 0x9389, 0x9389, 0x51C3, 0x4983, 0x3943, 0x2903, 0x18C2, 0x1082, 0x0862,
        0x0862, 0x1082, 0x18A2, 0x20E2, 0x2903, 0x3943, 0x3963, 0x7B49, 0x7B49, 0x3943, 0x3123, 0x28E2, 0x18C2, 0x1082, 0x0862, 0x0862,
        0x0862, 0x0862, 0x1082, 0x10A2, 0x18C2, 0x6B09, 0x6B09, 0x6B09, 0x6B09, 0x6B09, 0x6309, 0x18A2, 0x1082, 0x0862, 0x0862, 0x0062,
        0x0062, 0x0862, 0x0862, 0x29E3, 0x5AEA, 0x5AEA, 0x62EA, 0x62EA, 0x62EA, 0x62EA, 0x5AEA, 0x5AEA, 0x29E3, 0x0862, 0x0062, 0x0062,
        0x10A2, 0x10A2, 0x10A2, 0x10A2, 0x10A2, 0x18A2, 0x18A2, 0x18A2, 0x18A2, 0x18A2, 0x10A2, 0x10A2, 0x10A2, 0x10A2, 0x10A2, 0x10A2,
        0x1122, 0x1122, 0x0862, 0x10A2, 0x10A2, 0x10A2, 0x10A2, 0x10A2, 0x10A2, 0x10A2, 0x10A2, 0x10A2, 0x10A2, 0x0862, 0x1122, 0x1122,
    },
    {
        0x0021, 0x0041, 0x0041, 0x0841, 0x0841, 0x0861, 0x0862, 0x5AEA, 0x5AEA, 0x0861, 0x0841, 0x0841, 0x0041, 0x0041, 0x0021, 0x0021,
        0x0041, 0x0041, 0x0841, 0x0861, 0x0862, 0x5AEA, 0x62EA, 0x62EA, 0x62EA, 0x62EA, 0x5AEA, 0x0862, 0x0841, 0x0841, 0x0041, 0x0021,
        0x0841, 0x5ACA, 0x0862, 0x5AEA, 0x62EA, 0x630A, 0x630A, 0x6309, 0x6309, 0x630A, 0x62EA, 0x62EA, 0x5AEA, 0x0862, 0x5ACA, 0x0041,
        0x0842, 0x0862, 0x5AEA, 0x62EA, 0x630A, 0x6B09, 0x6B09, 0x6B29, 0x6B09, 0x6B09, 0x6309, 0x62EA, 0x62EA, 0x5AEA, 0x0842, 0x0841,
        0x0862, 0x0862, 0x1082, 0x18A2, 0x41E5, 0x4A05, 0x5205, 0x5225, 0x5225, 0x4A05, 0x49E5, 0x41C5, 0x10A2, 0x1082, 0x0862, 0x0842,
        0x18A2, 0x20E2, 0x3943, 0x49A3, 0x6A24, 0xABE8, 0xC428, 0xF5A9, 0xF5A9, 0xB408, 0xA3C8, 0x59C3, 0x4163, 0x2902, 0x18C2, 0x1082,
        0x18A2, 0x28E2, 0x3943, 0x51A3, 0x6A24, 0xB3E8, 0xF5A9, 0xF5A9, 0xF5A9, 0xF5A9, 0xA3C8, 0x59E3, 0x4163, 0x3102, 0x20C2, 0x1082,
        0x20C2, 0x3123, 0x4983, 0x6A24, 0x8AC4, 0xCC48, 0xF5A9, 0xF5A9, 0xF5A9, 0xF5A9, 0xBC08, 0x7A64, 0x59C3, 0x3943, 0x28E2, 0x18A2,
        0x18A2, 0x2902, 0x4163, 0x59E3, 0x7A64, 0xB408, 0xCC48, 0xF5A9, 0xF5A9, 0xC428, 0xABE8, 0x6A24, 0x49A3, 0x3123, 0x20C2, 0x1082,
        0x10A2, 0x20E2, 0x3123, 0x4983, 0x9389, 0xA3C8, 0xABE8, 0xB3E8, 0xB3E8, 0xA3C8, 0x9BA9, 0x8B69, 0x3963, 0x2903, 0x18C2, 0x1082,
        0x1082, 0x18A2, 0x28E2, 0x3143, 0x4183, 0x51C3, 0x6204, 0x93A9, 0x9389, 0x59E3, 0x49A3, 0x3963, 0x2903, 0x20C2, 0x1082, 0x0862,
        0x0862, 0x1082, 0x18A2, 0x20E2, 0x3123, 0x3943, 0x4163, 0x8349, 0x7B49, 0x3963, 0x3123, 0x2902, 0x20C2, 0x10A2, 0x0862, 0x0862,
        0x0862, 0x0862, 0x1082, 0x18A2, 0x18C2, 0x6B09, 0x6B09, 0x6B29, 0x6B29, 0x6B09, 0x6B09, 0x18C2, 0x10A2, 0x0882, 0x0862, 0x0062,
        0x0062, 0x0862, 0x0862, 0x29E3, 0x5AEA, 0x62EA, 0x62EA, 0x62EA, 0x62EA, 0x62EA, 0x5AEA, 0x5AEA, 0x29E3, 0x0862, 0x0062, 0x0062,
        0x10A2, 0x10A2, 0x10A2, 0x10A2, 0x10A2, 0x18A2, 0x18A2, 0x18A2, 0x18A2, 0x18A2, 0x10A2, 0x10A2, 0x10A2, 0x10A2, 0x10A2, 0x10A2,
        0x1122, 0x1122, 0x0862, 0x10A2, 0x10A2, 0x10A2, 0x10A2, 0x10A2, 0x10A2, 0x10A2, 0x10A2, 0x10A2, 0x10A2, 0x0862, 0x1122, 0x1122,
    },
    {
        0x0021, 0x0041, 0x0041, 0x0841, 0x0841, 0x0861, 0x0861, 0x5AEA, 0x5AEA, 0x0861, 0x0841, 0x0841, 0x0041, 0x0041, 0x0021, 0x0021,
        0x0041, 0x0041, 0x0841, 0x0861, 0x0862, 0x5AEA, 0x62EA, 0x62EA, 0x62EA, 0x62EA, 0x5AEA, 0x0862, 0x0841, 0x0841, 0x0041, 0x0021,
        0x0041, 0x5ACA, 0x0862, 0x5AEA, 0x62EA, 0x62EA, 0x630A, 0x6309, 0x630A, 0x630A, 0x62EA, 0x62EA, 0x5AEA, 0x0862, 0x5ACA, 0x0041,
        0x0842, 0x0862, 0x5AEA, 0x62EA, 0x630A, 0x6B09, 0x6B09, 0x6B09, 0x6B09, 0x6B09, 0x6309, 0x630A, 0x62EA, 0x5AEA, 0x0842, 0x0841,
        0x0862, 0x0862, 0x1082, 0x18A2, 0x41E5, 0x4A05, 0x5205, 0x5225, 0x5225, 0x4A05, 0x49E5, 0x41C5, 0x18A2, 0x1082, 0x0862, 0x0842,
        0x10A2, 0x20E2, 0x3123, 0x4983, 0x6203, 0xABE8, 0xBC28, 0xF589, 0xF589, 0xB408, 0xA3C8, 0x59E3, 0x4163, 0x2902, 0x18C2, 0x1082,
        0x18A2, 0x20E2, 0x3943, 0x51A3, 0x6A24, 0xB3E8, 0xF589, 0xF589, 0xF589, 0xF589, 0xA3C8, 0x59E3, 0x4163, 0x3102, 0x20C2, 0x1082,
        0x18C2, 0x3103, 0x4983, 0x6204, 0x82A4, 0xC448, 0xF589, 0xF589, 0xF589, 0xF589, 0xBC08, 0x7A64, 0x59C3, 0x3943, 0x28E2, 0x18A2,
        0x18A2, 0x2902, 0x4163, 0x59C3, 0x7264, 0xB408, 0xC428, 0xF589, 0xF589, 0xC428, 0xABE8, 0x6A24, 0x49A3, 0x3123, 0x20C2, 0x1082,
        0x10A2, 0x20E2, 0x3123, 0x4183, 0x9389, 0x9BA8, 0xABE8, 0xB3E8, 0xABE8, 0xA3C8, 0x9BA9, 0x8B69, 0x3963, 0x2903, 0x18C2, 0x1082,
        0x1082, 0x18A2, 0x20E2, 0x3123, 0x4183, 0x51C3, 0x59E3, 0x93A9, 0x9389, 0x59E3, 0x49A3, 0x3963, 0x2903, 0x20C2, 0x10A2, 0x0862,
        0x0862, 0x1082, 0x18A2, 0x20E2, 0x2903, 0x3943, 0x4163, 0x8349, 0x7B49, 0x3963, 0x3123, 0x2903, 0x20C2, 0x10A2, 0x0882, 0x0862,
        0x0862, 0x0862, 0x1082, 0x10A2, 0x18C2, 0x6B09, 0x6B09, 0x6B29, 0x6B29, 0x6B09, 0x6B09, 0x18C2, 0x10A2, 0x0882, 0x0862, 0x0062,
        0x0062, 0x0862, 0x0862, 0x29E3, 0x5AEA, 0x5AEA, 0x62EA, 0x62EA, 0x62EA, 0x62EA, 0x5AEA, 0x5AEA, 0x29E3, 0x0862, 0x0062, 0x0062,
        0x10A2, 0x10A2, 0x10A2, 0x10A2, 0x10A2, 0x18A2, 0x18A2, 0x18A2, 0x18A2, 0x18A2, 0x10A2, 0x10A2, 0x10A2, 0x10A2, 0x10A2, 0x10A2,
        0x1122, 0x1122, 0x0862, 0x10A2, 0x10A2, 0x10A2, 0x10A2, 0x10A2, 0x10A2, 0x10A2, 0x10A2, 0x10A2, 0x10A2, 0x0862, 0x1122, 0x1122,
    },
    {
        0x0021, 0x0041, 0x0041, 0x0841, 0x0841, 0x0841, 0x0861, 0x5AEA, 0x5AEA, 0x0861, 0x0841, 0x0841, 0x0041, 0x0041, 0x0021, 0x0021,
        0x0041, 0x0041, 0x0841, 0x0841, 0x0862, 0x5AEA, 0x5AEA, 0x62EA, 0x5AEA, 0x5AEA, 0x5AEA, 0x0861, 0x0841, 0x0841, 0x0041, 0x0021,
        0x0041, 0x5ACA, 0x0862, 0x5AEA, 0x62EA, 0x62EA, 0x630A, 0x630A, 0x630A, 0x62EA, 0x62EA, 0x5AEA, 0x5AEA, 0x0862, 0x5ACA, 0x0041,
        0x0842, 0x0862, 0x5AEA, 0x62EA, 0x62EA, 0x6309, 0x6B09, 0x6B09, 0x6B09, 0x6B09, 0x630A, 0x62EA, 0x5AEA, 0x5AEA, 0x0842, 0x0841,
        0x0862, 0x0862, 0x1082, 0x18A2, 0x41C5, 0x41E5, 0x4A05, 0x4A05, 0x4A05, 0x4A05, 0x41E5, 0x39C5, 0x1082, 0x1082, 0x0862, 0x0842,
        0x1082, 0x20C2, 0x3102, 0x4163, 0x59E3, 0xA3C8, 0xB3E8, 0xE528, 0xE528, 0xABE8, 0x9BA9, 0x51A3, 0x3943, 0x28E2, 0x18A2, 0x1082,
        0x1082, 0x20C2, 0x3122, 0x4983, 0x61E3, 0xA3C8, 0xE528, 0xE528, 0xE528, 0xE528, 0x9BA8, 0x51C3, 0x3943, 0x2902, 0x18A2, 0x1082,
        0x18A2, 0x2902, 0x4163, 0x59E3, 0x7A64, 0xBC08, 0xE528, 0xE528, 0xE528, 0xE528, 0xB3E8, 0x6A24, 0x51A3, 0x3943, 0x20E2, 0x10A2,
        0x18A2, 0x20E2, 0x3943, 0x51A3, 0x6A24, 0xABE8, 0xBC08, 0xE528, 0xE528, 0xB408, 0xA3C8, 0x59E3, 0x4183, 0x3123, 0x20C2, 0x1082,
        0x1082, 0x18C2, 0x2903, 0x4163, 0x8B69, 0x93A9, 0xA3C8, 0xA3C8, 0xA3C8, 0x9BA8, 0x9389, 0x8369, 0x3943, 0x28E2, 0x18A2, 0x1082,
        0x0882, 0x18A2, 0x20E2, 0x3123, 0x3963, 0x49A3, 0x51C3, 0x8B89, 0x8B89, 0x51A3, 0x4183, 0x3943, 0x2903, 0x18C2, 0x1082, 0x0862,
        0x0862, 0x1082, 0x18A2, 0x20C2, 0x2903, 0x3123, 0x3943, 0x7B49, 0x7B49, 0x3943, 0x3123, 0x20E2, 0x18C2, 0x1082, 0x0862, 0x0862,
        0x0862, 0x0862, 0x0882, 0x10A2, 0x18C2, 0x6B09, 0x6B09, 0x6B09, 0x6B09, 0x6B09, 0x630A, 0x18A2, 0x1082, 0x0882, 0x0862, 0x0062,
        0x0062, 0x0862, 0x0862, 0x29E3, 0x5AEA, 0x5AEA, 0x62EA, 0x62EA, 0x62EA, 0x5AEA, 0x5AEA, 0x5AEA, 0x29E3, 0x0862, 0x0062, 0x0062,
        0x10A2, 0x10A2, 0x10A2, 0x10A2, 0x10A2, 0x10A2, 0x18A2, 0x18A2, 0x18A2, 0x18A2, 0x10A2, 0x10A2, 0x10A2, 0x10A2, 0x10A2, 0x10A2,
        0x1122, 0x1122, 0x0862, 0x10A2, 0x10A2, 0x10A2, 0x10A2, 0x10A2, 0x10A2, 0x10A2, 0x10A2, 0x10A2, 0x10A2, 0x0862, 0x1122, 0x1122,
    },
    {
        0x0021, 0x0041, 0x0041, 0x0041, 0x0841, 0x0841, 0x0841, 0x5AEA, 0x5AEA, 0x0841, 0x0841, 0x0841, 0x0041, 0x0041, 0x0021, 0x0021,
        0x0041, 0x0041, 0x0841, 0x0841, 0x0861, 0x5AEA, 0x5AEA, 0x5AEA, 0x5AEA, 0x5AEA, 0x5AEA, 0x0841, 0x0841, 0x0041, 0x0041, 0x0021,
        0x0041, 0x5ACA, 0x0862, 0x5AEA, 0x5AEA, 0x62EA, 0x62EA, 0x62EA, 0x62EA, 0x62EA, 0x62EA, 0x5AEA, 0x5AEA, 0x0842, 0x5ACA, 0x0041,
        0x0842, 0x0862, 0x5AEA, 0x5AEA, 0x62EA, 0x630A, 0x6309, 0x6B09, 0x6B09, 0x630A, 0x62EA, 0x62EA, 0x5AEA, 0x5AEA, 0x0842, 0x0041,
        0x0862, 0x0862, 0x1082, 0x1082, 0x39C5, 0x41E5, 0x49E5, 0x4A05, 0x4A05, 0x41E5, 0x41C5, 0x39C5, 0x1082, 0x0862, 0x0862, 0x0842,
        0x1082, 0x18C2, 0x2902, 0x3943, 0x51A3, 0x9BA9, 0xA3C8, 0xDCC7, 0xDCC7, 0x9BA8, 0x9389, 0x4183, 0x3122, 0x20E2, 0x18A2, 0x0862,
        0x1082, 0x20C2, 0x2902, 0x4163, 0x51C3, 0x9BA8, 0xDCC7, 0xDCC7, 0xDCC7, 0xDCC7, 0x9389, 0x4983, 0x3123, 0x20E2, 0x18A2, 0x1062,
        0x18A2, 0x28E2, 0x3943, 0x51A3, 0x6A24, 0xABE8, 0xDCC7, 0xDCC7, 0xDCC7, 0xDCC7, 0xA3C8, 0x59E3, 0x4163, 0x3103, 0x20C2, 0x1082,
        0x10A2, 0x20C2, 0x3123, 0x4183, 0x59E3, 0xA3C8, 0xABE8, 0xDCC7, 0xDCC7, 0xA3C8, 0x9BA9, 0x51A3, 0x3943, 0x2902, 0x18A2, 0x1082,
        0x1082, 0x18C2, 0x2903, 0x3943, 0x8369, 0x8B89, 0x9BA9, 0x9BA8, 0x9BA8, 0x9389, 0x8B69, 0x7B49, 0x3123, 0x20E2, 0x10A2, 0x0882,
        0x0882, 0x10A2, 0x20C2, 0x2903, 0x3943, 0x4163, 0x49A3, 0x8369, 0x8369, 0x4183, 0x3943, 0x3123, 0x20E2, 0x18A2, 0x1082, 0x0862,
        0x0862, 0x1082, 0x10A2, 0x18C2, 0x20E2, 0x2903, 0x3123, 0x7329, 0x7329, 0x3123, 0x2902, 0x20C2, 0x18A2, 0x1082, 0x0862, 0x0862,
        0x0862, 0x0862, 0x0882, 0x1082, 0x18A2, 0x630A, 0x6B09, 0x6B09, 0x6B09, 0x6309, 0x630A, 0x10A2, 0x1082, 0x0862, 0x0862, 0x0062,
        0x0062, 0x0862, 0x0862, 0x29E3, 0x5AEA, 0x5AEA, 0x5AEA, 0x5AEA, 0x5AEA, 0x5AEA, 0x5AEA, 0x5AEA, 0x29E3, 0x0862, 0x0062, 0x0062,
        0x10A2, 0x10A2, 0x10A2, 0x10A2, 0x10A2, 0x10A2, 0x18A2, 0x18A2, 0x18A2, 0x10A2, 0x10A2, 0x10A2, 0x10A2, 0x10A2, 0x10A2, 0x10A2,
        0x1122, 0x1122, 0x0862, 0x10A2, 0x10A2, 0x10A2, 0x10A2, 0x10A2, 0x10A2, 0x10A2, 0x10A2, 0x10A2, 0x10A2, 0x0862, 0x1122, 0x1122,
    },
    {
        0x0021, 0x0041, 0x0041, 0x0041, 0x0841, 0x0841, 0x0841, 0x5AEA, 0x5AEA, 0x0841, 0x0841, 0x0841, 0x0041, 0x0041, 0x0021, 0x0021,
        0x0041, 0x0041, 0x0841, 0x0841, 0x0861, 0x5AEA, 0x5AEA, 0x5AEA, 0x5AEA, 0x5AEA, 0x5AEA, 0x0841, 0x0841, 0x0041, 0x0041, 0x0021,
        0x0041, 0x5ACA, 0x0862, 0x5AEA, 0x5AEA, 0x62EA, 0x62EA, 0x62EA, 0x62EA, 0x62EA, 0x5AEA, 0x5AEA, 0x5AEA, 0x0842, 0x5ACA, 0x0041,
        0x0842, 0x0862, 0x5AEA, 0x5AEA, 0x62EA, 0x630A, 0x630A, 0x6309, 0x6309, 0x630A, 0x62EA, 0x5AEA, 0x5AEA, 0x5AEA, 0x0842, 0x0041,
        0x0862, 0x0862, 0x1082, 0x1082, 0x39C5, 0x41E5, 0x41E5, 0x49E5, 0x49E5, 0x41E5, 0x41C5, 0x39C5, 0x1082, 0x0862, 0x0862, 0x0042,
        0x1082, 0x18C2, 0x2902, 0x3943, 0x49A3, 0x93A9, 0xA3C8, 0xD4A7, 0xD4A7, 0x9BA9, 0x8B69, 0x4163, 0x2902, 0x20C2, 0x1082, 0x0862,
        0x1082, 0x20C2, 0x2902, 0x3943, 0x51A3, 0x9BA9, 0xD4A7, 0xD4A7, 0xD4A7, 0xD4A7, 0x8B89, 0x4163, 0x3102, 0x20C2, 0x18A2, 0x0862,
        0x18A2, 0x28E2, 0x3943, 0x49A3, 0x6A24, 0xABE8, 0xD4A7, 0xD4A7, 0xD4A7, 0xD4A7, 0x9BA8, 0x51C3, 0x3963, 0x2902, 0x18A2, 0x1082,
        0x10A2, 0x20C2, 0x3123, 0x4183, 0x59E3, 0x9BA8, 0xABE8, 0xD4A7, 0xD4A7, 0xA3C8, 0x9389, 0x4983, 0x3123, 0x20E2, 0x18A2, 0x1082,
        0x1082, 0x18C2, 0x2902, 0x3943, 0x8369, 0x8B89, 0x9389, 0x9BA9, 0x93A9, 0x8B89, 0x8369, 0x7B49, 0x2903, 0x18C2, 0x10A2, 0x0862,
        0x0882, 0x10A2, 0x20C2, 0x2903, 0x3123, 0x4163, 0x4983, 0x8369, 0x8369, 0x4163, 0x3943, 0x2903, 0x20C2, 0x18A2, 0x1082, 0x0862,
        0x0862, 0x1082, 0x10A2, 0x18C2, 0x20E2, 0x2903, 0x3123, 0x7329, 0x7329, 0x2903, 0x28E2, 0x20C2, 0x18A2, 0x1082, 0x0862, 0x0862,
        0x0862, 0x0862, 0x0882, 0x1082, 0x18A2, 0x630A, 0x6309, 0x6B09, 0x6309, 0x630A, 0x62EA, 0x10A2, 0x1082, 0x0862, 0x0862, 0x0062,
        0x0062, 0x0862, 0x0862, 0x29E3, 0x5AEA, 0x5AEA, 0x5AEA, 0x5AEA, 0x5AEA, 0x5AEA, 0x5AEA, 0x5AEA, 0x29E3, 0x0862, 0x0062, 0x0062,
        0x10A2, 0x10A2, 0x10A2, 0x10A2, 0x10A2, 0x10A2, 0x18A2, 0x18A2, 0x18A2, 0x10A2, 0x10A2, 0x10A2, 0x10A2, 0x10A2, 0x10A2, 0x10A2,
        0x1122, 0x1122, 0x0862, 0x10A2, 0x10A2, 0x10A2, 0x10A2, 0x10A2, 0x10A2, 0x10A2, 0x10A2, 0x10A2, 0x10A2, 0x0862, 0x1122, 0x1122,
    },
    {
        0x0021, 0x0041, 0x0041, 0x0041, 0x0841, 0x0841, 0x0841, 0x5AEA, 0x5AEA, 0x0841, 0x0841, 0x0041, 0x0041, 0x0041, 0x0021, 0x0021,
        0x0041, 0x0041, 0x0841, 0x0841, 0x0861, 0x5AEA, 0x5AEA, 0x5AEA, 0x5AEA, 0x5AEA, 0x5AEA, 0x0841, 0x0841, 0x0041, 0x0041, 0x0021,
        0x0041, 0x5ACA, 0x0862, 0x5AEA, 0x5AEA, 0x62EA, 0x62EA, 0x62EA, 0x62EA, 0x62EA, 0x5AEA, 0x5AEA, 0x5AEA, 0x0842, 0x5ACA, 0x0041,
        0x0842, 0x0862, 0x5AEA, 0x5AEA, 0x62EA, 0x630A, 0x6309, 0x6309, 0x6309, 0x630A, 0x62EA, 0x5AEA, 0x5AEA, 0x5AEA, 0x0842, 0x0041,
        0x0862, 0x0862, 0x1082, 0x1082, 0x39C5, 0x41E5, 0x49E5, 0x49E5, 0x49E5, 0x41E5, 0x39C5, 0x39C5, 0x1082, 0x0862, 0x0862, 0x0042,
        0x1082, 0x20C2, 0x2902, 0x3943, 0x51A3, 0x9BA9, 0xA3C8, 0xD4A7, 0xD4A7, 0x9BA9, 0x8B69, 0x3943, 0x2902, 0x20C2, 0x1082, 0x0862,
        0x1082, 0x20C2, 0x3102, 0x4163, 0x51C3, 0x9BA8, 0xD4A7, 0xD4A7, 0xD4A7, 0xD4A7, 0x8B89, 0x4163, 0x3102, 0x20C2, 0x1082, 0x0862,
        0x18A2, 0x2902, 0x3943, 0x51C3, 0x6A24, 0xABE8, 0xD4A7, 0xD4A7, 0xD4A7, 0xD4A7, 0x9BA8, 0x51A3, 0x3943, 0x28E2, 0x18A2, 0x1082,
        0x18A2, 0x20E2, 0x3123, 0x4983, 0x59E3, 0xA3C8, 0xABE8, 0xD4A7, 0xD4A7, 0x9BC8, 0x9389, 0x4983, 0x3123, 0x20E2, 0x18A2, 0x0862,
        0x1082, 0x18C2, 0x2903, 0x3943, 0x8369, 0x8B89, 0x93A9, 0x9BA9, 0x93A9, 0x8B89, 0x8369, 0x7B49, 0x2903, 0x18C2, 0x1082, 0x0862,
        0x1082, 0x18A2, 0x20C2, 0x2903, 0x3943, 0x4163, 0x4983, 0x8369, 0x8369, 0x4163, 0x3943, 0x2903, 0x20C2, 0x10A2, 0x1082, 0x0862,
        0x0862, 0x1082, 0x18A2, 0x18C2, 0x20E2, 0x2903, 0x3123, 0x7329, 0x7329, 0x2903, 0x20E2, 0x18C2, 0x10A2, 0x1082, 0x0862, 0x0862,
        0x0862, 0x0862, 0x0882, 0x10A2, 0x18A2, 0x630A, 0x6309, 0x6B09, 0x6309, 0x630A, 0x62EA, 0x10A2, 0x0882, 0x0862, 0x0862, 0x0062,
        0x0062, 0x0862, 0x0862, 0x29E3, 0x5AEA, 0x5AEA, 0x5AEA, 0x5AEA, 0x5AEA, 0x5AEA, 0x5AEA, 0x5ACA, 0x29E3, 0x0862, 0x0062, 0x0062,
        0x10A2, 0x10A2, 0x10A2, 0x10A2, 0x10A2, 0x10A2, 0x18A2, 0x18A2, 0x18A2, 0x10A2, 0x10A2, 0x10A2, 0x10A2, 0x10A2, 0x10A2, 0x10A2,
        0x1122, 0x1122, 0x0862, 0x10A2, 0x10A2, 0x10A2, 0x10A2, 0x10A2, 0x10A2, 0x10A2, 0x10A2, 0x10A2, 0x10A2, 0x0862, 0x1122, 0x1122,
    },
    {
        0x0021, 0x0041, 0x0041, 0x0841, 0x0841, 0x0841, 0x0841, 0x5AEA, 0x5AEA, 0x0841, 0x0841, 0x0041, 0x0041, 0x0041, 0x0021, 0x0021,
        0x0041, 0x0041, 0x0841, 0x0841, 0x0861, 0x5AEA, 0x5AEA, 0x5AEA, 0x5AEA, 0x5AEA, 0x5AEA, 0x0841, 0x0841, 0x0041, 0x0041, 0x0021,
        0x0841, 0x5ACA, 0x0862, 0x5AEA, 0x5AEA, 0x62EA, 0x62EA, 0x62EA, 0x62EA, 0x62EA, 0x5AEA, 0x5AEA, 0x5AEA, 0x0842, 0x52CA, 0x0041,
        0x0842, 0x0862, 0x5AEA, 0x62EA, 0x62EA, 0x630A, 0x6309, 0x6309, 0x630A, 0x630A, 0x62EA, 0x5AEA, 0x5AEA, 0x5AEA, 0x0842, 0x0041,
        0x0862, 0x0862, 0x1082, 0x10A2, 0x41C5, 0x41E5, 0x49E5, 0x49E5, 0x41E5, 0x41E5, 0x39C5, 0x39A5, 0x1082, 0x0862, 0x0862, 0x0042,
        0x1082, 0x20C2, 0x3102, 0x4163, 0x51C3, 0x9BA9, 0xA3C8, 0xD4A7, 0xD4A7, 0x9389, 0x8369, 0x3943, 0x2902, 0x18C2, 0x1082, 0x0862,
        0x18A2, 0x20C2, 0x3122, 0x4163, 0x59C3, 0x9BA8, 0xD4A7, 0xD4A7, 0xD4A7, 0xD4A7, 0x8B69, 0x3943, 0x2902, 0x20C2, 0x1082, 0x0862,
        0x18C2, 0x2902, 0x3963, 0x51C3, 0x7244, 0xB3E8, 0xD4A7, 0xD4A7, 0xD4A7, 0xD4A7, 0x9BA9, 0x49A3, 0x3943, 0x20E2, 0x18A2, 0x0882,
        0x18A2, 0x20E2, 0x3943, 0x4983, 0x6203, 0xA3C8, 0xABE8, 0xD4A7, 0xD4A7, 0x9BA8, 0x8B89, 0x4163, 0x3123, 0x20C2, 0x10A2, 0x0862,
        0x10A2, 0x20C2, 0x2903, 0x3943, 0x8369, 0x9389, 0x93A9, 0x9BA9, 0x9389, 0x8B89, 0x8369, 0x7B49, 0x2902, 0x18C2, 0x1082, 0x0862,
        0x1082, 0x18A2, 0x20E2, 0x2903, 0x3943, 0x4163, 0x4983, 0x8369, 0x8369, 0x4163, 0x3123, 0x2902, 0x20C2, 0x10A2, 0x0882, 0x0862,
        0x0862, 0x1082, 0x18A2, 0x20C2, 0x28E2, 0x2903, 0x3123, 0x7329, 0x7329, 0x2903, 0x20E2, 0x18C2, 0x10A2, 0x1082, 0x0862, 0x0842,
        0x0862, 0x0862, 0x1082, 0x10A2, 0x18A2, 0x630A, 0x6309, 0x6B09, 0x6309, 0x630A, 0x62EA, 0x1082, 0x0882, 0x0862, 0x0862, 0x0062,
        0x0062, 0x0862, 0x0862, 0x29E3, 0x5AEA, 0x5AEA, 0x5AEA, 0x5AEA, 0x5AEA, 0x5AEA, 0x5AEA, 0x5ACA, 0x29E3, 0x0862, 0x0062, 0x0062,
        0x10A2, 0x10A2, 0x10A2, 0x10A2, 0x10A2, 0x10A2, 0x18A2, 0x18A2, 0x18A2, 0x10A2, 0x10A2, 0x10A2, 0x10A2, 0x10A2, 0x10A2, 0x10A2,
        0x1122, 0x1122, 0x0862, 0x10A2, 0x10A2, 0x10A2, 0x10A2, 0x10A2, 0x10A2, 0x10A2, 0x10A2, 0x10A2, 0x10A2, 0x0862, 0x1122, 0x1122,
    },
    {
        0x0021, 0x0041, 0x0041, 0x0841, 0x0841, 0x0841, 0x0841, 0x5AEA, 0x5AEA, 0x0841, 0x0841, 0x0041, 0x0041, 0x0021, 0x0021, 0x0021,
        0x0041, 0x0041, 0x0841, 0x0841, 0x0861, 0x5AEA, 0x5AEA, 0x5AEA, 0x5AEA, 0x5AEA, 0x5AEA, 0x0841, 0x0841, 0x0041, 0x0021, 0x0021,
        0x0841, 0x5ACA, 0x0862, 0x5AEA, 0x5AEA, 0x62EA, 0x62EA, 0x62EA, 0x62EA, 0x62EA, 0x5AEA, 0x5AEA, 0x5AEA, 0x0842, 0x52CA, 0x0041,
        0x0842, 0x0862, 0x5AEA, 0x62EA, 0x62EA, 0x630A, 0x6309, 0x6309, 0x630A, 0x62EA, 0x62EA, 0x5AEA, 0x5AEA, 0x5ACA, 0x0841, 0x0041,
        0x0862, 0x0862, 0x1082, 0x10A2, 0x41C5, 0x41E5, 0x41E5, 0x49E5, 0x41E5, 0x41C5, 0x39C5, 0x39A5, 0x1062, 0x0862, 0x0842, 0x0042,
        0x10A2, 0x20C2, 0x3102, 0x4163, 0x51C3, 0x9BA9, 0xA3C8, 0xD4A7, 0xD4A7, 0x9389, 0x8369, 0x3923, 0x28E2, 0x18A2, 0x1082, 0x0862,
        0x18A2, 0x20C2, 0x3122, 0x4163, 0x59C3, 0x9BA8, 0xD4A7, 0xD4A7, 0xD4A7, 0xD4A7, 0x8369, 0x3943, 0x28E2, 0x18A2, 0x1082, 0x0862,
        0x18C2, 0x2902, 0x4163, 0x51C3, 0x7244, 0xB3E8, 0xD4A7, 0xD4A7, 0xD4A7, 0xD4A7, 0x9389, 0x4983, 0x3123, 0x20E2, 0x18A2, 0x0862,
        0x18A2, 0x28E2, 0x3943, 0x4983, 0x61E3, 0xA3C8, 0xABE8, 0xD4A7, 0xD4A7, 0x9BA9, 0x8B89, 0x4163, 0x3103, 0x20C2, 0x1082, 0x0862,
        0x10A2, 0x20C2, 0x2903, 0x3943, 0x8369, 0x8B89, 0x9389, 0x93A9, 0x9389, 0x8B69, 0x8349, 0x7329, 0x20E2, 0x18A2, 0x1082, 0x0862,
        0x1082, 0x18A2, 0x20E2, 0x2903, 0x3943, 0x4163, 0x4983, 0x8369, 0x8349, 0x3963, 0x3123, 0x28E2, 0x18C2, 0x1082, 0x0862, 0x0862,
        0x0862, 0x1082, 0x18A2, 0x20C2, 0x28E2, 0x2903, 0x3123, 0x7329, 0x7329, 0x2903, 0x20E2, 0x18C2, 0x1082, 0x0882, 0x0862, 0x0842,
        0x0862, 0x0862, 0x1082, 0x10A2, 0x18A2, 0x630A, 0x6309, 0x6309, 0x6309, 0x630A, 0x62EA, 0x1082, 0x0882, 0x0862, 0x0862, 0x0062,
        0x0062, 0x0862, 0x0862, 0x29E3, 0x5AEA, 0x5AEA, 0x5AEA, 0x5AEA, 0x5AEA, 0x5AEA, 0x5AEA, 0x5ACA, 0x29E3, 0x0062, 0x0062, 0x0062,
        0x10A2, 0x10A2, 0x10A2, 0x10A2, 0x10A2, 0x10A2, 0x18A2, 0x18A2, 0x18A2, 0x10A2, 0x10A2, 0x10A2, 0x10A2, 0x10A2, 0x10A2, 0x10A2,
        0x1122, 0x1122, 0x0862, 0x10A2, 0x10A2, 0x10A2, 0x10A2, 0x10A2, 0x10A2, 0x10A2, 0x10A2, 0x10A2, 0x10A2, 0x0862, 0x1122, 0x1122,
    },
    {
        0x0021, 0x0041, 0x0041, 0x0841, 0x0841, 0x0841, 0x0841, 0x5AEA, 0x5AEA, 0x0841, 0x0841, 0x0041, 0x0041, 0x0021, 0x0021, 0x0021,
        0x0041, 0x0041, 0x0841, 0x0841, 0x0861, 0x5AEA, 0x5AEA, 0x5AEA, 0x5AEA, 0x5AEA, 0x5AEA, 0x0841, 0x0841, 0x0041, 0x0021, 0x0021,
        0x0841, 0x5ACA, 0x0862, 0x5AEA, 0x5AEA, 0x62EA, 0x62EA, 0x62EA, 0x62EA, 0x62EA, 0x5AEA, 0x5AEA, 0x5AEA, 0x0842, 0x52CA, 0x0041,
        0x0842, 0x0862, 0x5AEA, 0x62EA, 0x62EA, 0x630A, 0x6309, 0x6309, 0x630A, 0x630A, 0x62EA, 0x5AEA, 0x5AEA, 0x5ACA, 0x0841, 0x0041,
        0x0862, 0x0862, 0x1082, 0x18A2, 0x41C5, 0x41E5, 0x49E5, 0x49E5, 0x41E5, 0x41E5, 0x39C5, 0x39A5, 0x1062, 0x0862, 0x0842, 0x0042,
        0x18A2, 0x20C2, 0x3122, 0x4163, 0x51C3, 0x9BA8, 0xABC8, 0xD4A7, 0xD4A7, 0x9389, 0x8369, 0x3943, 0x28E2, 0x18A2, 0x1082, 0x0862,
        0x18A2, 0x20E2, 0x3123, 0x4183, 0x59E3, 0xA3C8, 0xD4A7, 0xD4A7, 0xD4A7, 0xD4A7, 0x8B69, 0x3943, 0x28E2, 0x18A2, 0x1082, 0x0862,
        0x18C2, 0x2902, 0x4163, 0x59E3, 0x7244, 0xB408, 0xD4A7, 0xD4A7, 0xD4A7, 0xD4A7, 0x93A9, 0x4983, 0x3123, 0x20E2, 0x18A2, 0x0862,
        0x18A2, 0x28E2, 0x3943, 0x49A3, 0x6204, 0xA3C8, 0xABE8, 0xD4A7, 0xD4A7, 0x9BA8, 0x8B89, 0x4163, 0x3103, 0x20C2, 0x1082, 0x0862,
        0x10A2, 0x20C2, 0x2903, 0x3963, 0x8369, 0x9389, 0x93A9, 0x9BA9, 0x9389, 0x8B69, 0x8349, 0x7329, 0x20E2, 0x18A2, 0x1082, 0x0862,
        0x1082, 0x18A2, 0x20E2, 0x3103, 0x3943, 0x4163, 0x4983, 0x8369, 0x8369, 0x3963, 0x3123, 0x28E2, 0x18C2, 0x1082, 0x0862, 0x0862,
        0x0862, 0x1082, 0x18A2, 0x20C2, 0x28E2, 0x2903, 0x3123, 0x7329, 0x7329, 0x2903, 0x20E2, 0x18C2, 0x1082, 0x0882, 0x0862, 0x0042,
        0x0862, 0x0862, 0x1082, 0x10A2, 0x18A2, 0x630A, 0x6B09, 0x6B09, 0x6309, 0x630A, 0x62EA, 0x1082, 0x0882, 0x0862, 0x0862, 0x0062,
        0x0062, 0x0862, 0x0862, 0x29E3, 0x5AEA, 0x5AEA, 0x5AEA, 0x5AEA, 0x5AEA, 0x5AEA, 0x5AEA, 0x5ACA, 0x29E3, 0x0062, 0x0062, 0x0062,
        0x10A2, 0x10A2, 0x10A2, 0x10A2, 0x10A2, 0x10A2, 0x18A2, 0x18A2, 0x18A2, 0x10A2, 0x10A2, 0x10A2, 0x10A2, 0x10A2, 0x10A2, 0x10A2,
        0x1122, 0x1122, 0x0862, 0x10A2, 0x10A2, 0x10A2, 0x10A2, 0x10A2, 0x10A2, 0x10A2, 0x10A2, 0x10A2, 0x10A2, 0x0862, 0x1122, 0x1122,
    },
    {
        0x0021, 0x0041, 0x0041, 0x0841, 0x0841, 0x0841, 0x0841, 0x5AEA, 0x5AEA, 0x0841, 0x0841, 0x0041, 0x0041, 0x0041, 0x0021, 0x0021,
        0x0041, 0x0041, 0x0841, 0x0861, 0x0862, 0x5AEA, 0x5AEA, 0x5AEA, 0x5AEA, 0x5AEA, 0x5AEA, 0x0841, 0x0841, 0x0041, 0x0041, 0x0021,
        0x0841, 0x5ACA, 0x0862, 0x5AEA, 0x62EA, 0x62EA, 0x62EA, 0x62EA, 0x62EA, 0x62EA, 0x5AEA, 0x5AEA, 0x5AEA, 0x0842, 0x52CA, 0x0041,
        0x0842, 0x0862, 0x5AEA, 0x62EA, 0x630A, 0x6309, 0x6B09, 0x6B09, 0x6309, 0x630A, 0x62EA, 0x5AEA, 0x5AEA, 0x5AEA, 0x0842, 0x0041,
        0x0862, 0x0862, 0x1082, 0x18A2, 0x41E5, 0x41E5, 0x4A05, 0x4A05, 0x49E5, 0x41E5, 0x39C5, 0x39C5, 0x1082, 0x0862, 0x0862, 0x0042,
        0x18A2, 0x20E2, 0x3123, 0x4983, 0x59E3, 0xA3C8, 0xB3E8, 0xDCE7, 0xDCE7, 0x9BA9, 0x8B69, 0x3943, 0x2902, 0x18C2, 0x1082, 0x0862,
        0x18A2, 0x28E2, 0x3923, 0x4983, 0x6203, 0xABC8, 0xDCE7, 0xDCE7, 0xDCE7, 0xDCE7, 0x8B89, 0x4163, 0x2902, 0x20C2, 0x1082, 0x0862,
        0x20C2, 0x3123, 0x4183, 0x6203, 0x7A84, 0xBC08, 0xDCE7, 0xDCE7, 0xDCE7, 0xDCE7, 0x9BA8, 0x51A3, 0x3943, 0x28E2, 0x18A2, 0x0862,
        0x18C2, 0x2902, 0x3963, 0x51C3, 0x6A24, 0xABE8, 0xB408, 0xDCE7, 0xDCE7, 0xA3C8, 0x9389, 0x4983, 0x3123, 0x20C2, 0x10A2, 0x0862,
        0x18A2, 0x20E2, 0x3123, 0x4163, 0x8B89, 0x93A9, 0x9BA8, 0x9BA8, 0x9BA9, 0x9389, 0x8369, 0x7B49, 0x2903, 0x18C2, 0x1082, 0x0862,
        0x1082, 0x18A2, 0x20E2, 0x3123, 0x3963, 0x4983, 0x51A3, 0x8B69, 0x8369, 0x4163, 0x3943, 0x2903, 0x20C2, 0x10A2, 0x0862, 0x0862,
        0x0862, 0x1082, 0x18A2, 0x20E2, 0x2903, 0x3123, 0x3123, 0x7329, 0x7329, 0x2903, 0x20E2, 0x18C2, 0x10A2, 0x1082, 0x0862, 0x0842,
        0x0862, 0x0862, 0x1082, 0x10A2, 0x18C2, 0x6309, 0x6B09, 0x6B09, 0x6B09, 0x630A, 0x62EA, 0x1082, 0x0882, 0x0862, 0x0862, 0x0062,
        0x0062, 0x0862, 0x0862, 0x29E3, 0x5AEA, 0x5AEA, 0x5AEA, 0x62EA, 0x5AEA, 0x5AEA, 0x5AEA, 0x5ACA, 0x29E3, 0x0062, 0x0062, 0x0062,
        0x10A2, 0x10A2, 0x10A2, 0x10A2, 0x10A2, 0x18A2, 0x18A2, 0x18A2, 0x18A2, 0x10A2, 0x10A2, 0x10A2, 0x10A2, 0x10A2, 0x10A2, 0x10A2,
        0x1122, 0x1122, 0x0862, 0x10A2, 0x10A2, 0x10A2, 0x10A2, 0x10A2, 0x10A2, 0x10A2, 0x10A2, 0x10A2, 0x10A2, 0x0862, 0x1122, 0x1122,
    },
    {
        0x0021, 0x0041, 0x0041, 0x0841, 0x0841, 0x0841, 0x0861, 0x5AEA, 0x5AEA, 0x0841, 0x0841, 0x0841, 0x0041, 0x0041, 0x0021, 0x0021,
        0x0041, 0x0041, 0x0841, 0x0861, 0x0862, 0x5AEA, 0x5AEA, 0x5AEA, 0x5AEA, 0x5AEA, 0x5AEA, 0x0841, 0x0841, 0x0041, 0x0041, 0x0021,
        0x0841, 0x5ACA, 0x0862, 0x5AEA, 0x62EA, 0x62EA, 0x62EA, 0x630A, 0x62EA, 0x62EA, 0x5AEA, 0x5AEA, 0x5AEA, 0x0842, 0x52CA, 0x0041,
        0x0842, 0x0862, 0x5AEA, 0x62EA, 0x630A, 0x6309, 0x6B09, 0x6B09, 0x6B09, 0x630A, 0x62EA, 0x62EA, 0x5AEA, 0x5AEA, 0x0842, 0x0041,
        0x0862, 0x0862, 0x1082, 0x18A2, 0x41E5, 0x49E5, 0x4A05, 0x4A05, 0x4A05, 0x41E5, 0x41C5, 0x39C5, 0x1082, 0x0862, 0x0862, 0x0042,
        0x18A2, 0x20E2, 0x3123, 0x4983, 0x6203, 0xA3C8, 0xB408, 0xE508, 0xE508, 0x9BA8, 0x8B89, 0x4163, 0x3102, 0x20C2, 0x1082, 0x0862,
        0x18A2, 0x28E2, 0x3943, 0x49A3, 0x6204, 0xABE8, 0xE508, 0xE508, 0xE508, 0xE508, 0x9389, 0x4163, 0x3122, 0x20C2, 0x1082, 0x0862,
        0x20C2, 0x3123, 0x4983, 0x6204, 0x82A4, 0xC428, 0xE508, 0xE508, 0xE508, 0xE508, 0xA3C8, 0x59C3, 0x4163, 0x2902, 0x18A2, 0x1082,
        0x18C2, 0x2902, 0x4163, 0x51C3, 0x6A44, 0xABE8, 0xBC08, 0xE508, 0xE508, 0xA3C8, 0x93A9, 0x49A3, 0x3943, 0x20E2, 0x18A2, 0x0862,
        0x18A2, 0x20E2, 0x3123, 0x4183, 0x8B89, 0x9BA9, 0xA3C8, 0xA3C8, 0x9BA8, 0x9389, 0x8B69, 0x7B49, 0x2903, 0x18C2, 0x1082, 0x0862,
        0x1082, 0x18A2, 0x28E2, 0x3123, 0x4163, 0x49A3, 0x51C3, 0x8B89, 0x8B69, 0x4983, 0x3943, 0x2903, 0x20E2, 0x18A2, 0x0882, 0x0862,
        0x0862, 0x1082, 0x18A2, 0x20E2, 0x2903, 0x3123, 0x3943, 0x7B49, 0x7329, 0x3123, 0x2902, 0x20C2, 0x18A2, 0x1082, 0x0862, 0x0842,
        0x0862, 0x0862, 0x1082, 0x10A2, 0x18C2, 0x6B09, 0x6B09, 0x6B09, 0x6B09, 0x6309, 0x62EA, 0x10A2, 0x0882, 0x0862, 0x0862, 0x0062,
        0x0062, 0x0862, 0x0862, 0x29E3, 0x5AEA, 0x5AEA, 0x62EA, 0x62EA, 0x5AEA, 0x5AEA, 0x5AEA, 0x5ACA, 0x29E3, 0x0862, 0x0062, 0x0062,
        0x10A2, 0x10A2, 0x10A2, 0x10A2, 0x10A2, 0x18A2, 0x18A2, 0x18A2, 0x18A2, 0x10A2, 0x10A2, 0x10A2, 0x10A2, 0x10A2, 0x10A2, 0x10A2,
        0x1122, 0x1122, 0x0862, 0x10A2, 0x10A2, 0x10A2, 0x10A2, 0x10A2, 0x10A2, 0x10A2, 0x10A2, 0x10A2, 0x10A2, 0x0862, 0x1122, 0x1122,
    },
    {
        0x0021, 0x0041, 0x0041, 0x0841, 0x0841, 0x0841, 0x0841, 0x5AEA, 0x5AEA, 0x0841, 0x0841, 0x0841, 0x0041, 0x0041, 0x0021, 0x0021,
        0x0041, 0x0041, 0x0841, 0x0841, 0x0862, 0x5AEA, 0x5AEA, 0x5AEA, 0x5AEA, 0x5AEA, 0x5AEA, 0x0841, 0x0841, 0x0041, 0x0041, 0x0021,
        0x0841, 0x5ACA, 0x0862, 0x5AEA, 0x62EA, 0x62EA, 0x62EA, 0x62EA, 0x62EA, 0x62EA, 0x5AEA, 0x5AEA, 0x5AEA, 0x0842, 0x5ACA, 0x0041,
        0x0842, 0x0862, 0x5AEA, 0x62EA, 0x62EA, 0x6309, 0x6B09, 0x6B09, 0x6B09, 0x630A, 0x62EA, 0x62EA, 0x5AEA, 0x5AEA, 0x0842, 0x0041,
        0x0862, 0x0862, 0x1082, 0x18A2, 0x41C5, 0x41E5, 0x4A05, 0x4A05, 0x4A05, 0x41E5, 0x41C5, 0x39C5, 0x1082, 0x0862, 0x0862, 0x0042,
        0x10A2, 0x20C2, 0x3122, 0x4163, 0x59E3, 0xA3C8, 0xABE8, 0xDCE7, 0xDCE7, 0x9BA8, 0x8B89, 0x4163, 0x3102, 0x20C2, 0x1082, 0x0862,
        0x18A2, 0x20E2, 0x3123, 0x4983, 0x61E3, 0xA3C8, 0xDCE7, 0xDCE7, 0xDCE7, 0xDCE7, 0x9389, 0x4163, 0x3122, 0x20C2, 0x18A2, 0x0862,
        0x18C2, 0x2902, 0x4163, 0x59E3, 0x7A64, 0xBC08, 0xDCE7, 0xDCE7, 0xDCE7, 0xDCE7, 0xA3C8, 0x59C3, 0x4163, 0x2902, 0x18A2, 0x1082,
        0x18A2, 0x28E2, 0x3943, 0x51A3, 0x6A24, 0xABC8, 0xB408, 0xDCE7, 0xDCE7, 0xA3C8, 0x93A9, 0x49A3, 0x3943, 0x20E2, 0x18A2, 0x0862,
        0x10A2, 0x20C2, 0x3123, 0x4163, 0x8B69, 0x9389, 0x9BA8, 0x9BC8, 0x9BA8, 0x9389, 0x8B69, 0x7B49, 0x2903, 0x20C2, 0x1082, 0x0862,
        0x1082, 0x18A2, 0x20E2, 0x3123, 0x3943, 0x4983, 0x51A3, 0x8B69, 0x8369, 0x4183, 0x3943, 0x2903, 0x20E2, 0x18A2, 0x1082, 0x0862,
        0x0862, 0x1082, 0x18A2, 0x20C2, 0x2902, 0x3123, 0x3123, 0x7B49, 0x7329, 0x3123, 0x28E2, 0x20C2, 0x18A2, 0x1082, 0x0862, 0x0862,
        0x0862, 0x0862, 0x1082, 0x10A2, 0x18C2, 0x6309, 0x6B09, 0x6B09, 0x6B09, 0x6309, 0x62EA, 0x10A2, 0x1082, 0x0862, 0x0862, 0x0062,
        0x0062, 0x0862, 0x0862, 0x29E3, 0x5AEA, 0x5AEA, 0x5AEA, 0x62EA, 0x5AEA, 0x5AEA, 0x5AEA, 0x5AEA, 0x29E3, 0x0862, 0x0062, 0x0062,
        0x10A2, 0x10A2, 0x10A2, 0x10A2, 0x10A2, 0x10A2, 0x18A2, 0x18A2, 0x18A2, 0x10A2, 0x10A2, 0x10A2, 0x10A2, 0x10A2, 0x10A2, 0x10A2,
        0x1122, 0x1122, 0x0862, 0x10A2, 0x10A2, 0x10A2, 0x10A2, 0x10A2, 0x10A2, 0x10A2, 0x10A2, 0x10A2, 0x10A2, 0x0862, 0x1122, 0x1122,
    },
    {
        0x0021, 0x0041, 0x0041, 0x0041, 0x0841, 0x0841, 0x0841, 0x5AEA, 0x5AEA, 0x0841, 0x0841, 0x0841, 0x0041, 0x0041, 0x0021, 0x0021,
        0x0041, 0x0041, 0x0841, 0x0841, 0x0861, 0x5AEA, 0x5AEA, 0x5AEA, 0x5AEA, 0x5AEA, 0x5AEA, 0x0841, 0x0841, 0x0041, 0x0041, 0x0021,
        0x0041, 0x5ACA, 0x0862, 0x5AEA, 0x5AEA, 0x62EA, 0x62EA, 0x62EA, 0x62EA, 0x62EA, 0x5AEA, 0x5AEA, 0x5AEA, 0x0842, 0x5ACA, 0x0041,
        0x0842, 0x0862, 0x5AEA, 0x5AEA, 0x62EA, 0x630A, 0x6309, 0x6B09, 0x6309, 0x630A, 0x62EA, 0x62EA, 0x5AEA, 0x5AEA, 0x0842, 0x0041,
        0x0862, 0x0862, 0x1082, 0x1082, 0x39C5, 0x41E5, 0x49E5, 0x49E5, 0x49E5, 0x41E5, 0x41C5, 0x39C5, 0x1082, 0x0862, 0x0862, 0x0042,
        0x1082, 0x18C2, 0x2902, 0x3943, 0x51A3, 0x9BA9, 0xA3C8, 0xDCC7, 0xDCC7, 0x9BA9, 0x8B69, 0x4163, 0x2902, 0x20C2, 0x1082, 0x0862,
        0x1082, 0x20C2, 0x3102, 0x4163, 0x51C3, 0x9BA8, 0xDCC7, 0xDCC7, 0xDCC7, 0xDCC7, 0x8B89, 0x4163, 0x3102, 0x20C2, 0x18A2, 0x0862,
        0x18A2, 0x28E2, 0x3943, 0x51A3, 0x6A24, 0xABE8, 0xDCC7, 0xDCC7, 0xDCC7, 0xDCC7, 0x9BA8, 0x51C3, 0x3963, 0x2902, 0x18A2, 0x1082,
        0x18A2, 0x20E2, 0x3123, 0x4983, 0x59E3, 0xA3C8, 0xABE8, 0xDCC7, 0xDCC7, 0xA3C8, 0x9389, 0x4983, 0x3123, 0x20E2, 0x18A2, 0x0882,
        0x1082, 0x18C2, 0x2903, 0x3943, 0x8369, 0x8B89, 0x93A9, 0x9BA9, 0x93A9, 0x9389, 0x8369, 0x7B49, 0x2903, 0x18C2, 0x10A2, 0x0862,
        0x0882, 0x10A2, 0x20C2, 0x2903, 0x3943, 0x4163, 0x4983, 0x8369, 0x8369, 0x4163, 0x3943, 0x2903, 0x20C2, 0x18A2, 0x1082, 0x0862,
        0x0862, 0x1082, 0x10A2, 0x18C2, 0x20E2, 0x2903, 0x3123, 0x7329, 0x7329, 0x2903, 0x28E2, 0x20C2, 0x18A2, 0x1082, 0x0862, 0x0862,
        0x0862, 0x0862, 0x0882, 0x10A2, 0x18A2, 0x630A, 0x6309, 0x6B09, 0x6B09, 0x630A, 0x62EA, 0x10A2, 0x1082, 0x0862, 0x0862, 0x0062,
        0x0062, 0x0862, 0x0862, 0x29E3, 0x5AEA, 0x5AEA, 0x5AEA, 0x5AEA, 0x5AEA, 0x5AEA, 0x5AEA, 0x5AEA, 0x29E3, 0x0862, 0x0062, 0x0062,
        0x10A2, 0x10A2, 0x10A2, 0x10A2, 0x10A2, 0x10A2, 0x18A2, 0x18A2, 0x18A2, 0x10A2, 0x10A2, 0x10A2, 0x10A2, 0x10A2, 0x10A2, 0x10A2,
        0x1122, 0x1122, 0x0862, 0x10A2, 0x10A2, 0x10A2, 0x10A2, 0x10A2, 0x10A2, 0x10A2, 0x10A2, 0x10A2, 0x10A2, 0x0862, 0x1122, 0x1122,
    },
    {
        0x0021, 0x0041, 0x0041, 0x0041, 0x0841, 0x0841, 0x0841, 0x5AEA, 0x5AEA, 0x0841, 0x0841, 0x0841, 0x0041, 0x0041, 0x0021, 0x0021,
        0x0041, 0x0041, 0x0841, 0x0841, 0x0861, 0x5AEA, 0x5AEA, 0x5AEA, 0x5AEA, 0x5AEA, 0x5AEA, 0x0841, 0x0841, 0x0041, 0x0041, 0x0021,
        0x0041, 0x5ACA, 0x0862, 0x5AEA, 0x5AEA, 0x62EA, 0x62EA, 0x62EA, 0x62EA, 0x62EA, 0x5AEA, 0x5AEA, 0x5AEA, 0x0842, 0x5ACA, 0x0041,
        0x0842, 0x0842, 0x5AEA, 0x5AEA, 0x62EA, 0x630A, 0x6309, 0x6309, 0x6309, 0x630A, 0x62EA, 0x62EA, 0x5AEA, 0x5AEA, 0x0842, 0x0041,
        0x0862, 0x0862, 0x1082, 0x1082, 0x39C5, 0x41E5, 0x41E5, 0x49E5, 0x49E5, 0x41E5, 0x41C5, 0x39C5, 0x1082, 0x0862, 0x0862, 0x0842,
        0x1082, 0x18C2, 0x2902, 0x3943, 0x49A3, 0x93A9, 0xA3C8, 0xDCC7, 0xDCC7, 0x9BA8, 0x8B89, 0x4163, 0x3102, 0x20C2, 0x10A2, 0x0862,
        0x1082, 0x20C2, 0x2902, 0x3943, 0x51A3, 0x9BA8, 0xDCC7, 0xDCC7, 0xDCC7, 0xDCC7, 0x9389, 0x4163, 0x3122, 0x20C2, 0x18A2, 0x1062,
        0x18A2, 0x20E2, 0x3943, 0x49A3, 0x6A24, 0xABE8, 0xDCC7, 0xDCC7, 0xDCC7, 0xDCC7, 0xA3C8, 0x59C3, 0x4163, 0x2902, 0x18C2, 0x1082,
        0x10A2, 0x20C2, 0x3123, 0x4183, 0x59E3, 0x9BA8, 0xABE8, 0xDCC7, 0xDCC7, 0xA3C8, 0x9389, 0x49A3, 0x3943, 0x28E2, 0x18A2, 0x1082,
        0x1082, 0x18C2, 0x2902, 0x3943, 0x8369, 0x8B89, 0x93A9, 0x9BA9, 0x9BA9, 0x9389, 0x8369, 0x7B49, 0x2903, 0x20C2, 0x10A2, 0x0862,
        0x0862, 0x10A2, 0x20C2, 0x2902, 0x3123, 0x4163, 0x4983, 0x8369, 0x8369, 0x4163, 0x3943, 0x2903, 0x20E2, 0x18A2, 0x1082, 0x0862,
        0x0862, 0x0882, 0x10A2, 0x18C2, 0x20E2, 0x2903, 0x3123, 0x7329, 0x7329, 0x2903, 0x28E2, 0x20C2, 0x18A2, 0x1082, 0x0862, 0x0862,
        0x0862, 0x0862, 0x0882, 0x1082, 0x18A2, 0x630A, 0x6309, 0x6B09, 0x6B09, 0x630A, 0x62EA, 0x10A2, 0x1082, 0x0862, 0x0862, 0x0062,
        0x0062, 0x0862, 0x0862, 0x29E3, 0x5AEA, 0x5AEA, 0x5AEA, 0x5AEA, 0x5AEA, 0x5AEA, 0x5AEA, 0x5AEA, 0x29E3, 0x0862, 0x0062, 0x0062,
        0x10A2, 0x10A2, 0x10A2, 0x10A2, 0x10A2, 0x10A2, 0x18A2, 0x18A2, 0x18A2, 0x10A2, 0x10A2, 0x10A2, 0x10A2, 0x10A2, 0x10A2, 0x10A2,
        0x1122, 0x1122, 0x0862, 0x10A2, 0x10A2, 0x10A2, 0x10A2, 0x10A2, 0x10A2, 0x10A2, 0x10A2, 0x10A2, 0x10A2, 0x0862, 0x1122, 0x1122,
    },
    {
        0x0021, 0x0041, 0x0041, 0x0041, 0x0841, 0x0841, 0x0841, 0x5AEA, 0x5AEA, 0x0841, 0x0841, 0x0841, 0x0041, 0x0041, 0x0021, 0x0021,
        0x0041, 0x0041, 0x0841, 0x0841, 0x0861, 0x5AEA, 0x5AEA, 0x5AEA, 0x5AEA, 0x5AEA, 0x5AEA, 0x0861, 0x0841, 0x0041, 0x0041, 0x0021,
        0x0041, 0x5ACA, 0x0862, 0x5AEA, 0x5AEA, 0x62EA, 0x62EA, 0x62EA, 0x62EA, 0x62EA, 0x62EA, 0x5AEA, 0x5AEA, 0x0842, 0x5ACA, 0x0041,
        0x0842, 0x0862, 0x5AEA, 0x5AEA, 0x62EA, 0x630A, 0x6B09, 0x6B09, 0x6B09, 0x6309, 0x630A, 0x62EA, 0x5AEA, 0x5AEA, 0x0842, 0x0041,
        0x0862, 0x0862, 0x1082, 0x10A2, 0x41C5, 0x41E5, 0x4A05, 0x4A05, 0x4A05, 0x49E5, 0x41E5, 0x39C5, 0x1082, 0x0862, 0x0862, 0x0842,
        0x1082, 0x18C2, 0x2902, 0x3963, 0x51C3, 0x9BA8, 0xABE8, 0xE508, 0xE508, 0xA3C8, 0x9389, 0x4983, 0x3123, 0x20E2, 0x18A2, 0x1082,
        0x1082, 0x20C2, 0x3102, 0x4163, 0x59C3, 0xA3C8, 0xE508, 0xE508, 0xE508, 0xE508, 0x9BA9, 0x49A3, 0x3943, 0x28E2, 0x18A2, 0x1082,
        0x18A2, 0x28E2, 0x3943, 0x51C3, 0x7244, 0xB408, 0xE508, 0xE508, 0xE508, 0xE508, 0xABE8, 0x6204, 0x4983, 0x3123, 0x20C2, 0x1082,
        0x10A2, 0x20E2, 0x3123, 0x4983, 0x6203, 0xA3C8, 0xB3E8, 0xE508, 0xE508, 0xABE8, 0x9BA8, 0x51C3, 0x4163, 0x2902, 0x18C2, 0x1082,
        0x1082, 0x18C2, 0x2903, 0x3943, 0x8369, 0x9389, 0x9BA8, 0xA3C8, 0x9BA8, 0x9BA9, 0x8B89, 0x8349, 0x3123, 0x20E2, 0x18A2, 0x0882,
        0x0882, 0x10A2, 0x20C2, 0x2903, 0x3943, 0x4183, 0x49A3, 0x8B69, 0x8B69, 0x49A3, 0x4163, 0x3123, 0x28E2, 0x18C2, 0x1082, 0x0862,
        0x0862, 0x1082, 0x10A2, 0x20C2, 0x28E2, 0x3103, 0x3123, 0x7B49, 0x7B49, 0x3123, 0x2903, 0x20E2, 0x18A2, 0x1082, 0x0862, 0x0862,
        0x0862, 0x0862, 0x0882, 0x10A2, 0x18A2, 0x6309, 0x6B09, 0x6B09, 0x6B09, 0x6B09, 0x630A, 0x10A2, 0x1082, 0x0862, 0x0862, 0x0062,
        0x0062, 0x0862, 0x0862, 0x29E3, 0x5AEA, 0x5AEA, 0x5AEA, 0x62EA, 0x62EA, 0x5AEA, 0x5AEA, 0x5AEA, 0x29E3, 0x0862, 0x0062, 0x0062,
        0x10A2, 0x10A2, 0x10A2, 0x10A2, 0x10A2, 0x10A2, 0x18A2, 0x18A2, 0x18A2, 0x18A2, 0x10A2, 0x10A2, 0x10A2, 0x10A2, 0x10A2, 0x10A2,
        0x1122, 0x1122, 0x0862, 0x10A2, 0x10A2, 0x10A2, 0x10A2, 0x10A2, 0x10A2, 0x10A2, 0x10A2, 0x10A2, 0x10A2, 0x0862, 0x1122, 0x1122,
    },
    {
        0x0021, 0x0041, 0x0041, 0x0841, 0x0841, 0x0841, 0x0861, 0x5AEA, 0x5AEA, 0x0861, 0x0841, 0x0841, 0x0041, 0x0041, 0x0021, 0x0021,
        0x0041, 0x0041, 0x0841, 0x0841, 0x0862, 0x5AEA, 0x5AEA, 0x62EA, 0x62EA, 0x5AEA, 0x5AEA, 0x0861, 0x0841, 0x0841, 0x0041, 0x0021,
        0x0041, 0x5ACA, 0x0862, 0x5AEA, 0x62EA, 0x62EA, 0x630A, 0x630A, 0x630A, 0x62EA, 0x62EA, 0x5AEA, 0x5AEA, 0x0862, 0x5ACA, 0x0041,
        0x0842, 0x0862, 0x5AEA, 0x62EA, 0x630A, 0x6309, 0x6B09, 0x6B09, 0x6B09, 0x6B09, 0x630A, 0x62EA, 0x5AEA, 0x5AEA, 0x0842, 0x0841,
        0x0862, 0x0862, 0x1082, 0x18A2, 0x41C5, 0x49E5, 0x4A05, 0x5205, 0x4A05, 0x4A05, 0x41E5, 0x41C5, 0x1082, 0x1082, 0x0862, 0x0842,
        0x1082, 0x20C2, 0x3102, 0x4163, 0x59E3, 0xA3C8, 0xB3E8, 0xED48, 0xED48, 0xABE8, 0x9BA8, 0x51A3, 0x3943, 0x28E2, 0x18A2, 0x1082,
        0x1082, 0x20C2, 0x3122, 0x4983, 0x61E3, 0xA3C8, 0xED48, 0xED48, 0xED48, 0xED48, 0x9BA8, 0x51C3, 0x4163, 0x2902, 0x18C2, 0x1082,
        0x18A2, 0x2902, 0x4163, 0x59E3, 0x7A64, 0xBC08, 0xED48, 0xED48, 0xED48, 0xED48, 0xB3E8, 0x6A24, 0x51A3, 0x3943, 0x20E2, 0x10A2,
        0x18A2, 0x20E2, 0x3943, 0x51A3, 0x6A24, 0xABE8, 0xBC08, 0xED48, 0xED48, 0xB408, 0xA3C8, 0x59E3, 0x4183, 0x3123, 0x20C2, 0x1082,
        0x1082, 0x18C2, 0x2903, 0x4163, 0x8B69, 0x9BA9, 0xA3C8, 0xABC8, 0xA3C8, 0x9BA8, 0x9389, 0x8369, 0x3943, 0x28E2, 0x18A2, 0x1082,
        0x0882, 0x18A2, 0x20E2, 0x3123, 0x3963, 0x49A3, 0x51C3, 0x8B89, 0x8B89, 0x51C3, 0x4183, 0x3943, 0x2903, 0x18C2, 0x1082, 0x0862,
        0x0862, 0x1082, 0x18A2, 0x20C2, 0x2903, 0x3123, 0x3943, 0x7B49, 0x7B49, 0x3943, 0x3123, 0x28E2, 0x18C2, 0x1082, 0x0862, 0x0862,
        0x0862, 0x0862, 0x0882, 0x10A2, 0x18C2, 0x6B09, 0x6B09, 0x6B09, 0x6B09, 0x6B09, 0x6309, 0x18A2, 0x1082, 0x0882, 0x0862, 0x0062,
        0x0062, 0x0862, 0x0862, 0x29E3, 0x5AEA, 0x5AEA, 0x62EA, 0x62EA, 0x62EA, 0x5AEA, 0x5AEA, 0x5AEA, 0x29E3, 0x0862, 0x0062, 0x0062,
        0x10A2, 0x10A2, 0x10A2, 0x10A2, 0x10A2, 0x10A2, 0x18A2, 0x18A2, 0x18A2, 0x18A2, 0x10A2, 0x10A2, 0x10A2, 0x10A2, 0x10A2, 0x10A2,
        0x1122, 0x1122, 0x0862, 0x10A2, 0x10A2, 0x10A2, 0x10A2, 0x10A2, 0x10A2, 0x10A2, 0x10A2, 0x10A2, 0x10A2, 0x0862, 0x1122, 0x1122,
    },
    {
        0x0021, 0x0041, 0x0041, 0x0841, 0x0841, 0x0841, 0x0861, 0x5AEA, 0x5AEA, 0x0861, 0x0841, 0x0841, 0x0041, 0x0041, 0x0021, 0x0021,
        0x0041, 0x0041, 0x0841, 0x0841, 0x0862, 0x5AEA, 0x62EA, 0x62EA, 0x62EA, 0x5AEA, 0x5AEA, 0x0861, 0x0841, 0x0841, 0x0041, 0x0021,
        0x0041, 0x5ACA, 0x0862, 0x5AEA, 0x62EA, 0x62EA, 0x630A, 0x630A, 0x630A, 0x630A, 0x62EA, 0x5AEA, 0x5AEA, 0x0862, 0x5ACA, 0x0041,
        0x0842, 0x0862, 0x5AEA, 0x62EA, 0x630A, 0x6B09, 0x6B09, 0x6B09, 0x6B09, 0x6B09, 0x630A, 0x62EA, 0x5AEA, 0x5AEA, 0x0842, 0x0841,
        0x0862, 0x0862, 0x1082, 0x18A2, 0x41E5, 0x49E5, 0x4A05, 0x5205, 0x5205, 0x4A05, 0x41E5, 0x41C5, 0x1082, 0x1082, 0x0862, 0x0842,
        0x1082, 0x20C2, 0x3122, 0x4983, 0x61E3, 0xA3C8, 0xB408, 0xED68, 0xED68, 0xABE8, 0x9BA8, 0x51C3, 0x3943, 0x2902, 0x18A2, 0x1082,
        0x18A2, 0x20E2, 0x3123, 0x4983, 0x6203, 0xABE8, 0xED68, 0xED68, 0xED68, 0xED68, 0xA3C8, 0x59C3, 0x4163, 0x2902, 0x18C2, 0x1082,
        0x18C2, 0x2902, 0x4163, 0x6203, 0x8284, 0xC428, 0xED68, 0xED68, 0xED68, 0xED68, 0xB408, 0x7244, 0x51A3, 0x3943, 0x20E2, 0x10A2,
        0x18A2, 0x28E2, 0x3943, 0x51C3, 0x6A44, 0xABE8, 0xC428, 0xED68, 0xED68, 0xBC08, 0xA3C8, 0x6203, 0x4983, 0x3123, 0x20C2, 0x1082,
        0x10A2, 0x20C2, 0x3123, 0x4163, 0x8B89, 0x9BA8, 0xA3C8, 0xABE8, 0xABC8, 0xA3C8, 0x9389, 0x8369, 0x3943, 0x2902, 0x18A2, 0x1082,
        0x1082, 0x18A2, 0x20E2, 0x3123, 0x4163, 0x49A3, 0x59E3, 0x9389, 0x9389, 0x51C3, 0x4983, 0x3943, 0x2903, 0x18C2, 0x1082, 0x0862,
        0x0862, 0x1082, 0x18A2, 0x20E2, 0x2903, 0x3123, 0x3943, 0x7B49, 0x7B49, 0x3943, 0x3123, 0x28E2, 0x18C2, 0x1082, 0x0862, 0x0862,
        0x0862, 0x0862, 0x1082, 0x10A2, 0x18C2, 0x6B09, 0x6B09, 0x6B09, 0x6B09, 0x6B09, 0x6309, 0x18A2, 0x1082, 0x0882, 0x0862, 0x0062,
        0x0062, 0x0862, 0x0862, 0x29E3, 0x5AEA, 0x5AEA, 0x62EA, 0x62EA, 0x62EA, 0x62EA, 0x5AEA, 0x5AEA, 0x29E3, 0x0862, 0x0062, 0x0062,
        0x10A2, 0x10A2, 0x10A2, 0x10A2, 0x10A2, 0x18A2, 0x18A2, 0x18A2, 0x18A2, 0x18A2, 0x10A2, 0x10A2, 0x10A2, 0x10A2, 0x10A2, 0x10A2,
        0x1122, 0x1122, 0x0862, 0x10A2, 0x10A2, 0x10A2, 0x10A2, 0x10A2, 0x10A2, 0x10A2, 0x10A2, 0x10A2, 0x10A2, 0x0862, 0x1122, 0x1122,
    },
    {
        0x0021, 0x0041, 0x0041, 0x0841, 0x0841, 0x0841, 0x0861, 0x5AEA, 0x5AEA, 0x0861, 0x0841, 0x0841, 0x0041, 0x0041, 0x0021, 0x0021,
        0x0041, 0x0041, 0x0841, 0x0861, 0x0862, 0x5AEA, 0x62EA, 0x62EA, 0x62EA, 0x5AEA, 0x5AEA, 0x0861, 0x0841, 0x0841, 0x0041, 0x0021,
        0x0841, 0x5ACA, 0x0862, 0x5AEA, 0x62EA, 0x62EA, 0x630A, 0x630A, 0x630A, 0x630A, 0x62EA, 0x5AEA, 0x5AEA, 0x0862, 0x5ACA, 0x0041,
        0x0842, 0x0862, 0x5AEA, 0x62EA, 0x630A, 0x6B09, 0x6B09, 0x6B09, 0x6B09, 0x6B09, 0x630A, 0x62EA, 0x5AEA, 0x5AEA, 0x0842, 0x0041,
        0x0862, 0x0862, 0x1082, 0x18A2, 0x41E5, 0x4A05, 0x4A05, 0x5225, 0x5205, 0x4A05, 0x41E5, 0x41C5, 0x1082, 0x1082, 0x0862, 0x0842,
        0x18A2, 0x20E2, 0x3123, 0x4983, 0x6203, 0xABC8, 0xBC08, 0xED69, 0xED69, 0xABE8, 0x9BA8, 0x51A3, 0x3943, 0x28E2, 0x18A2, 0x1082,
        0x18A2, 0x28E2, 0x3943, 0x51A3, 0x6A24, 0xABE8, 0xED69, 0xED69, 0xED69, 0xED69, 0xA3C8, 0x51C3, 0x4163, 0x2902, 0x18A2, 0x1082,
        0x18C2, 0x3123, 0x4983, 0x6204, 0x82A4, 0xC428, 0xED69, 0xED69, 0xED69, 0xED69, 0xB408, 0x6A44, 0x51A3, 0x3943, 0x20E2, 0x1082,
        0x18A2, 0x2902, 0x4163, 0x59C3, 0x7244, 0xB3E8, 0xC428, 0xED69, 0xED69, 0xBC08, 0xA3C8, 0x6203, 0x4183, 0x3123, 0x20C2, 0x1082,
        0x10A2, 0x20E2, 0x3123, 0x4183, 0x9389, 0x9BA8, 0xABC8, 0xABE8, 0xABE8, 0xA3C8, 0x9389, 0x8369, 0x3943, 0x28E2, 0x18A2, 0x0882,
        0x1082, 0x18A2, 0x20E2, 0x3123, 0x4163, 0x51A3, 0x59E3, 0x9389, 0x9389, 0x51C3, 0x4983, 0x3943, 0x2903, 0x18C2, 0x1082, 0x0862,
        0x0862, 0x1082, 0x18A2, 0x20E2, 0x2903, 0x3943, 0x3963, 0x7B49, 0x7B49, 0x3943, 0x3123, 0x28E2, 0x18C2, 0x1082, 0x0862, 0x0862,
        0x0862, 0x0862, 0x1082, 0x10A2, 0x18C2, 0x6B09, 0x6B09, 0x6B09, 0x6B09, 0x6B09, 0x6309, 0x18A2, 0x1082, 0x0882, 0x0862, 0x0062,
        0x0062, 0x0862, 0x0862, 0x29E3, 0x5AEA, 0x5AEA, 0x62EA, 0x62EA, 0x62EA, 0x62EA, 0x5AEA, 0x5AEA, 0x29E3, 0x0862, 0x0062, 0x0062,
        0x10A2, 0x10A2, 0x10A2, 0x10A2, 0x10A2, 0x18A2, 0x18A2, 0x18A2, 0x18A2, 0x18A2, 0x10A2, 0x10A2, 0x10A2, 0x10A2, 0x10A2, 0x10A2,
        0x1122, 0x1122, 0x0862, 0x10A2, 0x10A2, 0x10A2, 0x10A2, 0x10A2, 0x10A2, 0x10A2, 0x10A2, 0x10A2, 0x10A2, 0x0862, 0x1122, 0x1122,
    },
    {
        0x0021, 0x0041, 0x0041, 0x0841, 0x0841, 0x0861, 0x0861, 0x5AEA, 0x5AEA, 0x0861, 0x0841, 0x0841, 0x0041, 0x0041, 0x0021, 0x0021,
        0x0041, 0x0041, 0x0841, 0x0861, 0x0862, 0x5AEA, 0x62EA, 0x62EA, 0x62EA, 0x5AEA, 0x5AEA, 0x0861, 0x0841, 0x0041, 0x0041, 0x0021,
        0x0841, 0x5AEA, 0x0862, 0x5AEA, 0x62EA, 0x630A, 0x630A, 0x6309, 0x630A, 0x630A, 0x62EA, 0x5AEA, 0x5AEA, 0x0862, 0x5ACA, 0x0041,
        0x0842, 0x0862, 0x5AEA, 0x62EA, 0x630A, 0x6B09, 0x6B09, 0x6B09, 0x6B09, 0x6B09, 0x6309, 0x62EA, 0x5AEA, 0x5AEA, 0x0842, 0x0041,
        0x0862, 0x1062, 0x1082, 0x18A2, 0x41E5, 0x4A05, 0x5205, 0x5225, 0x5205, 0x4A05, 0x41E5, 0x41C5, 0x1082, 0x1082, 0x0862, 0x0842,
        0x18A2, 0x28E2, 0x3943, 0x51A3, 0x6A24, 0xABE8, 0xC428, 0xF589, 0xF589, 0xABE8, 0x9BA8, 0x51A3, 0x3943, 0x28E2, 0x18A2, 0x1062,
        0x18A2, 0x28E2, 0x3943, 0x51C3, 0x7244, 0xB408, 0xF589, 0xF589, 0xF589, 0xF589, 0xA3C8, 0x51C3, 0x3943, 0x2902, 0x18A2, 0x1082,
        0x20C2, 0x3123, 0x49A3, 0x6A24, 0x8AC4, 0xCC48, 0xF589, 0xF589, 0xF589, 0xF589, 0xB408, 0x6A44, 0x51A3, 0x3123, 0x20C2, 0x1082,
        0x18C2, 0x2902, 0x4163, 0x59E3, 0x7A64, 0xBC08, 0xCC48, 0xF589, 0xF589, 0xBC08, 0xA3C8, 0x61E3, 0x4183, 0x3103, 0x18C2, 0x1082,
        0x18A2, 0x20E2, 0x3943, 0x49A3, 0x9389, 0xA3C8, 0xABE8, 0xB3E8, 0xABE8, 0xA3C8, 0x9389, 0x8369, 0x3943, 0x20E2, 0x18A2, 0x0882,
        0x1082, 0x18C2, 0x2902, 0x3943, 0x4983, 0x51C3, 0x6204, 0x9389, 0x9389, 0x51C3, 0x4983, 0x3943, 0x2903, 0x18C2, 0x1082, 0x0862,
        0x0862, 0x1082, 0x18C2, 0x20E2, 0x3123, 0x3943, 0x4163, 0x7B49, 0x7B49, 0x3943, 0x3123, 0x28E2, 0x18C2, 0x1082, 0x0862, 0x0862,
        0x0862, 0x0862, 0x1082, 0x18A2, 0x18C2, 0x6B09, 0x6B09, 0x6B29, 0x6B09, 0x6B09, 0x6309, 0x18A2, 0x1082, 0x0862, 0x0862, 0x0062,
        0x0062, 0x0862, 0x0862, 0x29E3, 0x5AEA, 0x62EA, 0x62EA, 0x62EA, 0x62EA, 0x62EA, 0x5AEA, 0x5AEA, 0x29E3, 0x0862, 0x0062, 0x0062,
        0x10A2, 0x10A2, 0x10A2, 0x10A2, 0x10A2, 0x18A2, 0x18A2, 0x18A2, 0x18A2, 0x18A2, 0x10A2, 0x10A2, 0x10A2, 0x10A2, 0x10A2, 0x10A2,
        0x1122, 0x1122, 0x0862, 0x10A2, 0x10A2, 0x10A2, 0x10A2, 0x10A2, 0x10A2, 0x10A2, 0x10A2, 0x10A2, 0x10A2, 0x0862, 0x1122, 0x1122,
    },
    {
        0x0021, 0x0041, 0x0041, 0x0841, 0x0841, 0x0861, 0x0862, 0x5AEA, 0x5AEA, 0x0861, 0x0841, 0x0841, 0x0041, 0x0041, 0x0021, 0x0021,
        0x0041, 0x0841, 0x0841, 0x0862, 0x1062, 0x62EA, 0x62EA, 0x62EA, 0x62EA, 0x5AEA, 0x5AEA, 0x0861, 0x0841, 0x0041, 0x0041, 0x0021,
        0x0842, 0x5AEA, 0x0862, 0x5AEA, 0x62EA, 0x630A, 0x630A, 0x6309, 0x630A, 0x630A, 0x62EA, 0x5AEA, 0x5AEA, 0x0842, 0x5ACA, 0x0041,
        0x0842, 0x0862, 0x5AEA, 0x62EA, 0x6309, 0x6B09, 0x6B09, 0x6B29, 0x6B09, 0x6B09, 0x630A, 0x62EA, 0x5AEA, 0x5AEA, 0x0842, 0x0041,
        0x0862, 0x1082, 0x1082, 0x18C2, 0x41E5, 0x4A05, 0x5225, 0x5225, 0x5205, 0x4A05, 0x41E5, 0x39C5, 0x1082, 0x1062, 0x0862, 0x0842,
        0x18A2, 0x2902, 0x3963, 0x51C3, 0x7244, 0xB3E8, 0xC428, 0xF589, 0xF589, 0xABE8, 0x9BA8, 0x51A3, 0x3943, 0x28E2, 0x18A2, 0x0862,
        0x18C2, 0x2902, 0x4163, 0x59E3, 0x7A64, 0xBC08, 0xF589, 0xF589, 0xF589, 0xF589, 0x9BA8, 0x51C3, 0x3943, 0x28E2, 0x18A2, 0x1062,
        0x20E2, 0x3943, 0x51C3, 0x7244, 0x9305, 0xD467, 0xF589, 0xF589, 0xF589, 0xF589, 0xB3E8, 0x6A24, 0x49A3, 0x3123, 0x20C2, 0x1082,
        0x20C2, 0x3123, 0x4983, 0x6204, 0x8284, 0xBC08, 0xCC48, 0xF589, 0xF589, 0xBC08, 0xA3C8, 0x59E3, 0x4163, 0x2902, 0x18C2, 0x1082,
        0x18A2, 0x2902, 0x3943, 0x51A3, 0x93A9, 0xA3C8, 0xABE8, 0xB3E8, 0xABE8, 0xA3C8, 0x9389, 0x8369, 0x3143, 0x20E2, 0x10A2, 0x0862,
        0x1082, 0x18C2, 0x2903, 0x3943, 0x49A3, 0x59E3, 0x6204, 0x93A9, 0x9389, 0x51C3, 0x4983, 0x3943, 0x2902, 0x18C2, 0x1082, 0x0862,
        0x0862, 0x1082, 0x18C2, 0x28E2, 0x3123, 0x3943, 0x4163, 0x8349, 0x7B49, 0x3943, 0x3123, 0x20E2, 0x18C2, 0x1082, 0x0862, 0x0862,
        0x0862, 0x0882, 0x1082, 0x18A2, 0x20C2, 0x6B09, 0x6B29, 0x6B29, 0x6B09, 0x6B09, 0x6309, 0x18A2, 0x1082, 0x0862, 0x0862, 0x0062,
        0x0062, 0x0862, 0x0862, 0x29E3, 0x5AEA, 0x62EA, 0x62EA, 0x62EA, 0x62EA, 0x62EA, 0x5AEA, 0x5AEA, 0x29E3, 0x0862, 0x0062, 0x0062,
        0x10A2, 0x10A2, 0x10A2, 0x10A2, 0x10A2, 0x18A2, 0x18A2, 0x18A2, 0x18A2, 0x18A2, 0x10A2, 0x10A2, 0x10A2, 0x10A2, 0x10A2, 0x10A2,
        0x1122, 0x1122, 0x0862, 0x10A2, 0x10A2, 0x10A2, 0x10A2, 0x10A2, 0x10A2, 0x10A2, 0x10A2, 0x10A2, 0x10A2, 0x0862, 0x1122, 0x1122,
    },
    {
        0x0021, 0x0041, 0x0041, 0x0841, 0x0841, 0x0861, 0x0861, 0x5AEA, 0x5AEA, 0x0841, 0x0841, 0x0841, 0x0041, 0x0041, 0x0021, 0x0021,
        0x0041, 0x0841, 0x0841, 0x0861, 0x0862, 0x5AEA, 0x62EA, 0x62EA, 0x62EA, 0x5AEA, 0x5AEA, 0x0861, 0x0841, 0x0041, 0x0041, 0x0021,
        0x0842, 0x5AEA, 0x0862, 0x5AEA, 0x62EA, 0x630A, 0x630A, 0x630A, 0x630A, 0x62EA, 0x62EA, 0x5AEA, 0x5AEA, 0x0842, 0x5ACA, 0x0041,
        0x0842, 0x0862, 0x5AEA, 0x62EA, 0x630A, 0x6B09, 0x6B09, 0x6B09, 0x6B09, 0x6B09, 0x630A, 0x62EA, 0x5AEA, 0x5AEA, 0x0842, 0x0041,
        0x0862, 0x1082, 0x1082, 0x18A2, 0x41E5, 0x4A05, 0x5205, 0x5205, 0x4A05, 0x49E5, 0x41E5, 0x39C5, 0x1082, 0x0862, 0x0862, 0x0042,
        0x18A2, 0x2902, 0x3943, 0x51C3, 0x6A24, 0xABE8, 0xC428, 0xED68, 0xED68, 0xA3C8, 0x9389, 0x4983, 0x3123, 0x20C2, 0x10A2, 0x0862,
        0x18C2, 0x2902, 0x4163, 0x59C3, 0x7244, 0xB408, 0xED68, 0xED68, 0xED68, 0xED68, 0x9BA9, 0x49A3, 0x3923, 0x20E2, 0x18A2, 0x0862,
        0x20E2, 0x3943, 0x51A3, 0x7244, 0x92E4, 0xCC48, 0xED68, 0xED68, 0xED68, 0xED68, 0xABE8, 0x6203, 0x4183, 0x2902, 0x18C2, 0x1082,
        0x20C2, 0x3123, 0x4983, 0x6203, 0x7A84, 0xBC08, 0xC428, 0xED68, 0xED68, 0xB3E8, 0x9BA8, 0x51C3, 0x3943, 0x28E2, 0x18A2, 0x0862,
        0x18A2, 0x28E2, 0x3943, 0x49A3, 0x9389, 0xA3C8, 0xABE8, 0xABE8, 0xA3C8, 0x9BA8, 0x8B89, 0x8349, 0x3123, 0x20C2, 0x10A2, 0x0862,
        0x1082, 0x18C2, 0x2903, 0x3943, 0x4983, 0x51C3, 0x59E3, 0x9389, 0x8B89, 0x51A3, 0x4163, 0x3123, 0x20E2, 0x18A2, 0x1082, 0x0862,
        0x0862, 0x1082, 0x18C2, 0x28E2, 0x3123, 0x3943, 0x3963, 0x7B49, 0x7B49, 0x3123, 0x2903, 0x20E2, 0x18A2, 0x1082, 0x0862, 0x0842,
        0x0862, 0x0882, 0x1082, 0x18A2, 0x20C2, 0x6B09, 0x6B09, 0x6B09, 0x6B09, 0x6B09, 0x630A, 0x10A2, 0x1082, 0x0862, 0x0862, 0x0062,
        0x0062, 0x0862, 0x0862, 0x29E3, 0x5AEA, 0x62EA, 0x62EA, 0x62EA, 0x62EA, 0x5AEA, 0x5AEA, 0x5AEA, 0x29E3, 0x0862, 0x0062, 0x0062,
        0x10A2, 0x10A2, 0x10A2, 0x10A2, 0x10A2, 0x18A2, 0x18A2, 0x18A2, 0x18A2, 0x18A2, 0x10A2, 0x10A2, 0x10A2, 0x10A2, 0x10A2, 0x10A2,
        0x1122, 0x1122, 0x0862, 0x10A2, 0x10A2, 0x10A2, 0x10A2, 0x10A2, 0x10A2, 0x10A2, 0x10A2, 0x10A2, 0x10A2, 0x0862, 0x1122, 0x1122,
    },
    {
        0x0021, 0x0041, 0x0041, 0x0841, 0x0841, 0x0841, 0x0841, 0x5AEA, 0x5AEA, 0x0841, 0x0841, 0x0041, 0x0041, 0x0041, 0x0021, 0x0021,
        0x0041, 0x0041, 0x0841, 0x0861, 0x0862, 0x5AEA, 0x5AEA, 0x5AEA, 0x5AEA, 0x5AEA, 0x5AEA, 0x0841, 0x0841, 0x0041, 0x0041, 0x0021,
        0x0842, 0x5ACA, 0x0862, 0x5AEA, 0x62EA, 0x62EA, 0x62EA, 0x62EA, 0x62EA, 0x62EA, 0x5AEA, 0x5AEA, 0x5AEA, 0x0842, 0x52CA, 0x0041,
        0x0842, 0x0862, 0x5AEA, 0x62EA, 0x630A, 0x6309, 0x6B09, 0x6B09, 0x6B09, 0x630A, 0x62EA, 0x5AEA, 0x5AEA, 0x5AEA, 0x0842, 0x0041,
        0x0862, 0x0862, 0x1082, 0x18A2, 0x41E5, 0x41E5, 0x4A05, 0x4A05, 0x49E5, 0x41E5, 0x41C5, 0x39C5, 0x1082, 0x0862, 0x0862, 0x0042,
        0x18A2, 0x20E2, 0x3123, 0x4983, 0x59E3, 0xA3C8, 0xB3E8, 0xDCE7, 0xDCE7, 0x9BA9, 0x8B69, 0x3943, 0x2902, 0x18C2, 0x1082, 0x0862,
        0x18A2, 0x28E2, 0x3943, 0x49A3, 0x6203, 0xABC8, 0xDCE7, 0xDCE7, 0xDCE7, 0xDCE7, 0x8B89, 0x4163, 0x2902, 0x20C2, 0x1082, 0x0862,
        0x20C2, 0x3123, 0x4983, 0x6203, 0x7A84, 0xBC28, 0xDCE7, 0xDCE7, 0xDCE7, 0xDCE7, 0x9BA8, 0x51A3, 0x3943, 0x28E2, 0x18A2, 0x0862,
        0x18C2, 0x2902, 0x4163, 0x51C3, 0x6A24, 0xABE8, 0xB408, 0xDCE7, 0xDCE7, 0xA3C8, 0x9389, 0x4983, 0x3123, 0x20E2, 0x10A2, 0x0862,
        0x18A2, 0x20E2, 0x3123, 0x4183, 0x8B89, 0x93A9, 0x9BA8, 0x9BA8, 0x9BA9, 0x9389, 0x8369, 0x7B49, 0x2903, 0x18C2, 0x1082, 0x0862,
        0x1082, 0x18A2, 0x20E2, 0x3123, 0x4163, 0x4983, 0x51A3, 0x8B69, 0x8369, 0x4183, 0x3943, 0x2903, 0x20C2, 0x10A2, 0x0862, 0x0862,
        0x0862, 0x1082, 0x18A2, 0x20E2, 0x2903, 0x3123, 0x3143, 0x7329, 0x7329, 0x2903, 0x28E2, 0x18C2, 0x10A2, 0x1082, 0x0862, 0x0842,
        0x0862, 0x0862, 0x1082, 0x10A2, 0x18C2, 0x6B09, 0x6B09, 0x6B09, 0x6B09, 0x630A, 0x62EA, 0x10A2, 0x0882, 0x0862, 0x0862, 0x0062,
        0x0062, 0x0862, 0x0862, 0x29E3, 0x5AEA, 0x5AEA, 0x5AEA, 0x62EA, 0x5AEA, 0x5AEA, 0x5AEA, 0x5ACA, 0x29E3, 0x0062, 0x0062, 0x0062,
        0x10A2, 0x10A2, 0x10A2, 0x10A2, 0x10A2, 0x18A2, 0x18A2, 0x18A2, 0x18A2, 0x10A2, 0x10A2, 0x10A2, 0x10A2, 0x10A2, 0x10A2, 0x10A2,
        0x1122, 0x1122, 0x0862, 0x10A2, 0x10A2, 0x10A2, 0x10A2, 0x10A2, 0x10A2, 0x10A2, 0x10A2, 0x10A2, 0x10A2, 0x0862, 0x1122, 0x1122,
    },
    {
        0x0021, 0x0041, 0x0041, 0x0841, 0x0841, 0x0841, 0x0841, 0x5AEA, 0x5AEA, 0x0841, 0x0841, 0x0041, 0x0041, 0x0021, 0x0021, 0x0021,
        0x0041, 0x0041, 0x0841, 0x0841, 0x0861, 0x5AEA, 0x5AEA, 0x5AEA, 0x5AEA, 0x5AEA, 0x5AEA, 0x0841, 0x0841, 0x0041, 0x0021, 0x0021,
        0x0841, 0x5ACA, 0x0862, 0x5AEA, 0x5AEA, 0x62EA, 0x62EA, 0x62EA, 0x62EA, 0x5AEA, 0x5AEA, 0x5AEA, 0x5AEA, 0x0842, 0x52CA, 0x0041,
        0x0842, 0x0862, 0x5AEA, 0x5AEA, 0x62EA, 0x630A, 0x630A, 0x630A, 0x630A, 0x62EA, 0x62EA, 0x5AEA, 0x5AEA, 0x5ACA, 0x0841, 0x0041,
        0x0862, 0x0862, 0x1082, 0x10A2, 0x39C5, 0x41E5, 0x41E5, 0x41E5, 0x41E5, 0x41C5, 0x39C5, 0x39A5, 0x0862, 0x0862, 0x0842, 0x0042,
        0x1082, 0x20C2, 0x2902, 0x4163, 0x51A3, 0x9BA9, 0xA3C8, 0xD487, 0xD487, 0x9389, 0x8369, 0x3123, 0x20E2, 0x18A2, 0x1082, 0x0862,
        0x18A2, 0x20C2, 0x3102, 0x4163, 0x59C3, 0x9BA8, 0xD487, 0xD487, 0xD487, 0xD487, 0x8369, 0x3923, 0x28E2, 0x18A2, 0x1082, 0x0862,
        0x18C2, 0x2902, 0x3963, 0x51C3, 0x6A44, 0xABE8, 0xD487, 0xD487, 0xD487, 0xD487, 0x9389, 0x4983, 0x3123, 0x20C2, 0x10A2, 0x0862,
        0x18A2, 0x20E2, 0x3123, 0x4983, 0x59E3, 0x9BA8, 0xABC8, 0xD487, 0xD487, 0x93A9, 0x8B69, 0x3963, 0x2902, 0x18C2, 0x1082, 0x0862,
        0x10A2, 0x20C2, 0x2903, 0x3943, 0x8369, 0x8B89, 0x9389, 0x9389, 0x9389, 0x8B69, 0x7B49, 0x7329, 0x20E2, 0x18A2, 0x1082, 0x0862,
        0x1082, 0x18A2, 0x20C2, 0x2903, 0x3943, 0x4163, 0x4183, 0x8369, 0x7B49, 0x3943, 0x3123, 0x20E2, 0x18C2, 0x1082, 0x0862, 0x0862,
        0x0862, 0x1082, 0x18A2, 0x20C2, 0x20E2, 0x2903, 0x3123, 0x7329, 0x7329, 0x2902, 0x20E2, 0x18A2, 0x1082, 0x0862, 0x0862, 0x0042,
        0x0862, 0x0862, 0x1082, 0x10A2, 0x18A2, 0x630A, 0x6309, 0x6309, 0x630A, 0x62EA, 0x62EA, 0x1082, 0x0882, 0x0862, 0x0862, 0x0062,
        0x0062, 0x0862, 0x0862, 0x29E3, 0x5AEA, 0x5AEA, 0x5AEA, 0x5AEA, 0x5AEA, 0x5AEA, 0x5AEA, 0x5ACA, 0x29E3, 0x0062, 0x0062, 0x0062,
        0x10A2, 0x10A2, 0x10A2, 0x10A2, 0x10A2, 0x10A2, 0x18A2, 0x18A2, 0x10A2, 0x10A2, 0x10A2, 0x10A2, 0x10A2, 0x10A2, 0x10A2, 0x10A2,
        0x1122, 0x1122, 0x0862, 0x10A2, 0x10A2, 0x10A2, 0x10A2, 0x10A2, 0x10A2, 0x10A2, 0x10A2, 0x10A2, 0x10A2, 0x0862, 0x1122, 0x1122,
    },
    {
        0x0021, 0x0041, 0x0041, 0x0041, 0x0841, 0x0841, 0x0841, 0x5AEA, 0x5AEA, 0x0841, 0x0841, 0x0041, 0x0041, 0x0021, 0x0021, 0x0021,
        0x0041, 0x0041, 0x0841, 0x0841, 0x0861, 0x5AEA, 0x5AEA, 0x5AEA, 0x5AEA, 0x5AEA, 0x5AEA, 0x0841, 0x0041, 0x0041, 0x0021, 0x0021,
        0x0041, 0x5ACA, 0x0862, 0x5AEA, 0x5AEA, 0x62EA, 0x62EA, 0x62EA, 0x62EA, 0x5AEA, 0x5AEA, 0x5AEA, 0x5AEA, 0x0842, 0x52CA, 0x0041,
        0x0842, 0x0862, 0x5AEA, 0x5AEA, 0x62EA, 0x62EA, 0x630A, 0x630A, 0x630A, 0x62EA, 0x62EA, 0x5AEA, 0x5AEA, 0x5ACA, 0x0841, 0x0041,
        0x0862, 0x0862, 0x1082, 0x1082, 0x39C5, 0x41E5, 0x41E5, 0x41E5, 0x41E5, 0x41C5, 0x39C5, 0x39A5, 0x0862, 0x0862, 0x0842, 0x0042,
        0x1082, 0x18C2, 0x2902, 0x3943, 0x49A3, 0x9389, 0xA3C8, 0xD466, 0xD466, 0x8B89, 0x8349, 0x3123, 0x20E2, 0x18A2, 0x1082, 0x0862,
        0x1082, 0x20C2, 0x2902, 0x3943, 0x51A3, 0x9BA9, 0xD466, 0xD466, 0xD466, 0xD466, 0x8369, 0x3923, 0x28E2, 0x18A2, 0x1082, 0x0862,
        0x18A2, 0x28E2, 0x3943, 0x51A3, 0x6224, 0xABE8, 0xD466, 0xD466, 0xD466, 0xD466, 0x9389, 0x4183, 0x3123, 0x20C2, 0x10A2, 0x0862,
        0x18A2, 0x20E2, 0x3123, 0x4183, 0x59C3, 0x9BA8, 0xA3C8, 0xD466, 0xD466, 0x9389, 0x8B69, 0x3943, 0x2902, 0x18C2, 0x1082, 0x0862,
        0x1082, 0x18C2, 0x2903, 0x3943, 0x8369, 0x8B69, 0x9389, 0x9389, 0x8B89, 0x8369, 0x7B49, 0x7329, 0x20E2, 0x18A2, 0x1082, 0x0862,
        0x1082, 0x18A2, 0x20C2, 0x2903, 0x3123, 0x3943, 0x4163, 0x8349, 0x7B49, 0x3943, 0x3123, 0x20E2, 0x18C2, 0x1082, 0x0862, 0x0862,
        0x0862, 0x1082, 0x10A2, 0x18C2, 0x20E2, 0x2902, 0x2903, 0x7329, 0x7329, 0x28E2, 0x20C2, 0x18A2, 0x1082, 0x0862, 0x0862, 0x0842,
        0x0862, 0x0862, 0x0882, 0x10A2, 0x18A2, 0x630A, 0x630A, 0x630A, 0x630A, 0x62EA, 0x62EA, 0x1082, 0x0882, 0x0862, 0x0862, 0x0062,
        0x0062, 0x0862, 0x0862, 0x29E3, 0x5AEA, 0x5AEA, 0x5AEA, 0x5AEA, 0x5AEA, 0x5AEA, 0x5AEA, 0x5ACA, 0x29E3, 0x0062, 0x0062, 0x0062,
        0x10A2, 0x10A2, 0x10A2, 0x10A2, 0x10A2, 0x10A2, 0x18A2, 0x18A2, 0x10A2, 0x10A2, 0x10A2, 0x10A2, 0x10A2, 0x10A2, 0x10A2, 0x10A2,
        0x1122, 0x1122, 0x0862, 0x10A2, 0x10A2, 0x10A2, 0x10A2, 0x10A2, 0x10A2, 0x10A2, 0x10A2, 0x10A2, 0x10A2, 0x0862, 0x1122, 0x1122,
    },
    {
        0x0021, 0x0041, 0x0041, 0x0041, 0x0841, 0x0841, 0x0841, 0x5AEA, 0x5AEA, 0x0841, 0x0841, 0x0041, 0x0041, 0x0041, 0x0021, 0x0021,
        0x0041, 0x0041, 0x0841, 0x0841, 0x0861, 0x5AEA, 0x5AEA, 0x5AEA, 0x5AEA, 0x5AEA, 0x5AEA, 0x0841, 0x0841, 0x0041, 0x0041, 0x0021,
        0x0041, 0x5ACA, 0x0862, 0x5AEA, 0x5AEA, 0x62EA, 0x62EA, 0x62EA, 0x62EA, 0x5AEA, 0x5AEA, 0x5AEA, 0x5AEA, 0x0842, 0x52CA, 0x0041,
        0x0842, 0x0862, 0x5AEA, 0x5AEA, 0x62EA, 0x62EA, 0x630A, 0x630A, 0x630A, 0x62EA, 0x62EA, 0x5AEA, 0x5AEA, 0x5ACA, 0x0841, 0x0041,
        0x0862, 0x0862, 0x1082, 0x1082, 0x39C5, 0x41C5, 0x41E5, 0x41E5, 0x41E5, 0x41C5, 0x39C5, 0x39A5, 0x1062, 0x0862, 0x0842, 0x0042,
        0x1082, 0x18C2, 0x2902, 0x3943, 0x4983, 0x9389, 0x9BA8, 0xD466, 0xD466, 0x9389, 0x8369, 0x3123, 0x28E2, 0x18A2, 0x1082, 0x0862,
        0x1082, 0x20C2, 0x2902, 0x3943, 0x51A3, 0x93A9, 0xD466, 0xD466, 0xD466, 0xD466, 0x8369, 0x3943, 0x28E2, 0x18A2, 0x1082, 0x0862,
        0x18A2, 0x28E2, 0x3943, 0x49A3, 0x6204, 0xABC8, 0xD466, 0xD466, 0xD466, 0xD466, 0x9389, 0x4983, 0x3123, 0x20E2, 0x18A2, 0x0862,
        0x18A2, 0x20E2, 0x3123, 0x4163, 0x51C3, 0x9BA9, 0xA3C8, 0xD466, 0xD466, 0x93A9, 0x8B69, 0x4163, 0x2902, 0x20C2, 0x1082, 0x0862,
        0x1082, 0x18C2, 0x2902, 0x3143, 0x8349, 0x8B69, 0x9389, 0x9389, 0x8B89, 0x8B69, 0x7B49, 0x7329, 0x20E2, 0x18A2, 0x1082, 0x0862,
        0x1082, 0x10A2, 0x20C2, 0x2902, 0x3123, 0x3943, 0x4163, 0x8349, 0x7B49, 0x3943, 0x3123, 0x28E2, 0x18C2, 0x1082, 0x0862, 0x0862,
        0x0862, 0x1082, 0x10A2, 0x18C2, 0x20E2, 0x2902, 0x2903, 0x7329, 0x7329, 0x28E2, 0x20E2, 0x18A2, 0x1082, 0x0882, 0x0862, 0x0842,
        0x0862, 0x0862, 0x0882, 0x1082, 0x18A2, 0x630A, 0x630A, 0x630A, 0x630A, 0x62EA, 0x62EA, 0x1082, 0x0882, 0x0862, 0x0862, 0x0062,
        0x0062, 0x0862, 0x0862, 0x29E3, 0x5AEA, 0x5AEA, 0x5AEA, 0x5AEA, 0x5AEA, 0x5AEA, 0x5AEA, 0x5ACA, 0x29E3, 0x0862, 0x0062, 0x0062,
        0x10A2, 0x10A2, 0x10A2, 0x10A2, 0x10A2, 0x10A2, 0x18A2, 0x18A2, 0x10A2, 0x10A2, 0x10A2, 0x10A2, 0x10A2, 0x10A2, 0x10A2, 0x10A2,
        0x1122, 0x1122, 0x0862, 0x10A2, 0x10A2, 0x10A2, 0x10A2, 0x10A2, 0x10A2, 0x10A2, 0x10A2, 0x10A2, 0x10A2, 0x0862, 0x1122, 0x1122,
    },
    {
        0x0021, 0x0041, 0x0041, 0x0041, 0x0841, 0x0841, 0x0841, 0x5AEA, 0x5AEA, 0x0841, 0x0841, 0x0041, 0x0041, 0x0041, 0x0021, 0x0021,
        0x0041, 0x0041, 0x0841, 0x0841, 0x0841, 0x5AEA, 0x5AEA, 0x5AEA, 0x5AEA, 0x5AEA, 0x5AEA, 0x0841, 0x0841, 0x0041, 0x0041, 0x0021,
        0x0041, 0x5ACA, 0x0842, 0x5AEA, 0x5AEA, 0x5AEA, 0x62EA, 0x62EA, 0x62EA, 0x5AEA, 0x5AEA, 0x5AEA, 0x5AEA, 0x0842, 0x52CA, 0x0041,
        0x0841, 0x0842, 0x5AEA, 0x5AEA, 0x62EA, 0x62EA, 0x630A, 0x630A, 0x630A, 0x62EA, 0x62EA, 0x5AEA, 0x5AEA, 0x5ACA, 0x0842, 0x0041,
        0x0842, 0x0862, 0x0862, 0x1082, 0x39C5, 0x41C5, 0x41E5, 0x41E5, 0x41E5, 0x41C5, 0x39C5, 0x39A5, 0x1062, 0x0862, 0x0842, 0x0042,
        0x1082, 0x18A2, 0x20E2, 0x3123, 0x4163, 0x8B89, 0x9BA9, 0xCC46, 0xCC46, 0x8B89, 0x8369, 0x3123, 0x28E2, 0x18A2, 0x1082, 0x0862,
        0x1082, 0x18A2, 0x28E2, 0x3923, 0x4983, 0x9389, 0xCC46, 0xCC46, 0xCC46, 0xCC46, 0x8369, 0x3943, 0x28E2, 0x18A2, 0x1082, 0x0862,
        0x18A2, 0x20E2, 0x3123, 0x4183, 0x59E3, 0xA3C8, 0xCC46, 0xCC46, 0xCC46, 0xCC46, 0x9389, 0x4983, 0x3123, 0x20E2, 0x18A2, 0x0862,
        0x1082, 0x20C2, 0x2902, 0x3943, 0x51A3, 0x9389, 0x9BA8, 0xCC46, 0xCC46, 0x9389, 0x8B69, 0x3963, 0x2902, 0x20C2, 0x1082, 0x0862,
        0x1082, 0x18A2, 0x20E2, 0x3123, 0x7B49, 0x8369, 0x8B89, 0x8B89, 0x8B89, 0x8369, 0x7B49, 0x7329, 0x20E2, 0x18A2, 0x1082, 0x0862,
        0x0862, 0x1082, 0x18C2, 0x20E2, 0x3103, 0x3943, 0x3963, 0x7B49, 0x7B49, 0x3943, 0x3123, 0x20E2, 0x18C2, 0x1082, 0x0862, 0x0862,
        0x0862, 0x0882, 0x1082, 0x18A2, 0x20C2, 0x28E2, 0x2903, 0x7329, 0x6B29, 0x28E2, 0x20C2, 0x18A2, 0x1082, 0x0882, 0x0862, 0x0862,
        0x0862, 0x0862, 0x0882, 0x1082, 0x10A2, 0x62EA, 0x630A, 0x630A, 0x630A, 0x62EA, 0x62EA, 0x1082, 0x0882, 0x0862, 0x0862, 0x0062,
        0x0062, 0x0862, 0x0862, 0x29E3, 0x5AEA, 0x5AEA, 0x5AEA, 0x5AEA, 0x5AEA, 0x5AEA, 0x5AEA, 0x5ACA, 0x29E3, 0x0862, 0x0062, 0x0062,
        0x10A2, 0x10A2, 0x10A2, 0x10A2, 0x10A2, 0x10A2, 0x10A2, 0x18A2, 0x10A2, 0x10A2, 0x10A2, 0x10A2, 0x10A2, 0x10A2, 0x10A2, 0x10A2,
        0x1122, 0x1122, 0x0862, 0x10A2, 0x10A2, 0x10A2, 0x10A2, 0x10A2, 0x10A2, 0x10A2, 0x10A2, 0x10A2, 0x10A2, 0x0862, 0x1122, 0x1122,
    },
    {
        0x0021, 0x0021, 0x0041, 0x0041, 0x0841, 0x0841, 0x0841, 0x5AEA, 0x5AEA, 0x0841, 0x0841, 0x0041, 0x0041, 0x0041, 0x0021, 0x0021,
        0x0021, 0x0041, 0x0041, 0x0841, 0x0841, 0x5AEA, 0x5AEA, 0x5AEA, 0x5AEA, 0x5AEA, 0x5AEA, 0x0841, 0x0841, 0x0041, 0x0041, 0x0021,
        0x0041, 0x5ACA, 0x0842, 0x5AEA, 0x5AEA, 0x5AEA, 0x62EA, 0x62EA, 0x62EA, 0x5AEA, 0x5AEA, 0x5AEA, 0x5AEA, 0x0842, 0x52CA, 0x0041,
        0x0841, 0x0842, 0x5AEA, 0x5AEA, 0x62EA, 0x62EA, 0x630A, 0x630A, 0x630A, 0x62EA, 0x62EA, 0x5AEA, 0x5AEA, 0x5AEA, 0x0842, 0x0041,
        0x0842, 0x0862, 0x0862, 0x1082, 0x39C5, 0x41C5, 0x41E5, 0x41E5, 0x41E5, 0x41C5, 0x39C5, 0x39A5, 0x1082, 0x0862, 0x0862, 0x0042,
        0x1082, 0x18A2, 0x20E2, 0x3122, 0x4163, 0x8B89, 0x9BA9, 0xCC66, 0xCC66, 0x9389, 0x8369, 0x3943, 0x28E2, 0x18C2, 0x1082, 0x0862,
        0x1082, 0x18A2, 0x28E2, 0x3123, 0x4983, 0x9389, 0xCC66, 0xCC66, 0xCC66, 0xCC66, 0x8369, 0x3943, 0x2902, 0x20C2, 0x1082, 0x0862,
        0x10A2, 0x20C2, 0x3123, 0x4163, 0x59E3, 0x9BC8, 0xCC66, 0xCC66, 0xCC66, 0xCC66, 0x9389, 0x4983, 0x3123, 0x20E2, 0x18A2, 0x1082,
        0x1082, 0x18C2, 0x2902, 0x3943, 0x49A3, 0x9389, 0x9BA8, 0xCC66, 0xCC66, 0x93A9, 0x8B69, 0x4163, 0x3103, 0x20C2, 0x10A2, 0x0862,
        0x1082, 0x18A2, 0x20E2, 0x3123, 0x7B49, 0x8369, 0x8B89, 0x8B89, 0x8B89, 0x8369, 0x7B49, 0x7329, 0x28E2, 0x18C2, 0x1082, 0x0862,
        0x0862, 0x1082, 0x18C2, 0x20E2, 0x2903, 0x3943, 0x3963, 0x7B49, 0x7B49, 0x3943, 0x3123, 0x28E2, 0x18C2, 0x10A2, 0x0882, 0x0862,
        0x0862, 0x0862, 0x1082, 0x18A2, 0x20C2, 0x20E2, 0x2903, 0x7329, 0x7329, 0x28E2, 0x20E2, 0x18C2, 0x10A2, 0x1082, 0x0862, 0x0862,
        0x0862, 0x0862, 0x0882, 0x1082, 0x10A2, 0x62EA, 0x630A, 0x630A, 0x630A, 0x62EA, 0x62EA, 0x1082, 0x0882, 0x0862, 0x0862, 0x0062,
        0x0062, 0x0862, 0x0862, 0x29E3, 0x5AEA, 0x5AEA, 0x5AEA, 0x5AEA, 0x5AEA, 0x5AEA, 0x5AEA, 0x5ACA, 0x29E3, 0x0862, 0x0062, 0x0062,
        0x10A2, 0x10A2, 0x10A2, 0x10A2, 0x10A2, 0x10A2, 0x10A2, 0x18A2, 0x10A2, 0x10A2, 0x10A2, 0x10A2, 0x10A2, 0x10A2, 0x10A2, 0x10A2,
        0x1122, 0x1122, 0x0862, 0x10A2, 0x10A2, 0x10A2, 0x10A2, 0x10A2, 0x10A2, 0x10A2, 0x10A2, 0x10A2, 0x10A2, 0x0862, 0x1122, 0x1122,
    },
    {
        0x0021, 0x0021, 0x0041, 0x0041, 0x0841, 0x0841, 0x0841, 0x5AEA, 0x5AEA, 0x0841, 0x0841, 0x0041, 0x0041, 0x0041, 0x0021, 0x0021,
        0x0021, 0x0041, 0x0041, 0x0841, 0x0841, 0x5AEA, 0x5AEA, 0x5AEA, 0x5AEA, 0x5AEA, 0x5AEA, 0x0841, 0x0841, 0x0041, 0x0041, 0x0021,
        0x0041, 0x5ACA, 0x0842, 0x5AEA, 0x5AEA, 0x5AEA, 0x62EA, 0x62EA, 0x62EA, 0x62EA, 0x5AEA, 0x5AEA, 0x5AEA, 0x0842, 0x5ACA, 0x0041,
        0x0841, 0x0842, 0x5AEA, 0x5AEA, 0x62EA, 0x62EA, 0x630A, 0x630A, 0x630A, 0x62EA, 0x62EA, 0x5AEA, 0x5AEA, 0x5AEA, 0x0842, 0x0041,
        0x0842, 0x0862, 0x0862, 0x1082, 0x39C5, 0x41C5, 0x41E5, 0x41E5, 0x41E5, 0x41E5, 0x39C5, 0x39A5, 0x1082, 0x0862, 0x0862, 0x0042,
        0x1082, 0x18A2, 0x20E2, 0x3122, 0x4163, 0x8B89, 0x9BA9, 0xCC66, 0xCC66, 0x9389, 0x8369, 0x3943, 0x2902, 0x20C2, 0x1082, 0x0862,
        0x1082, 0x18A2, 0x28E2, 0x3123, 0x4983, 0x9389, 0xCC66, 0xCC66, 0xCC66, 0xCC66, 0x8B69, 0x3943, 0x2902, 0x20C2, 0x1082, 0x0862,
        0x10A2, 0x20C2, 0x3123, 0x4163, 0x59E3, 0xA3C8, 0xCC66, 0xCC66, 0xCC66, 0xCC66, 0x9BA9, 0x51A3, 0x3943, 0x28E2, 0x18A2, 0x1082,
        0x1082, 0x18C2, 0x2902, 0x3943, 0x49A3, 0x9389, 0xA3C8, 0xCC66, 0xCC66, 0x9BA8, 0x8B89, 0x4183, 0x3123, 0x20E2, 0x18A2, 0x1082,
        0x1082, 0x18A2, 0x20E2, 0x3123, 0x7B49, 0x8369, 0x8B89, 0x9389, 0x9389, 0x8B69, 0x8369, 0x7B49, 0x2903, 0x18C2, 0x1082, 0x0862,
        0x0862, 0x1082, 0x18C2, 0x20E2, 0x3103, 0x3943, 0x4163, 0x7B49, 0x7B49, 0x3943, 0x3123, 0x2903, 0x20C2, 0x18A2, 0x1082, 0x0862,
        0x0862, 0x0862, 0x1082, 0x18A2, 0x20C2, 0x28E2, 0x2903, 0x7329, 0x7329, 0x2902, 0x20E2, 0x18C2, 0x10A2, 0x1082, 0x0862, 0x0862,
        0x0862, 0x0862, 0x0882, 0x1082, 0x10A2, 0x62EA, 0x630A, 0x630A, 0x630A, 0x630A, 0x62EA, 0x10A2, 0x0882, 0x0862, 0x0862, 0x0062,
        0x0062, 0x0062, 0x0862, 0x29E3, 0x5AEA, 0x5AEA, 0x5AEA, 0x5AEA, 0x5AEA, 0x5AEA, 0x5AEA, 0x5ACA, 0x29E3, 0x0862, 0x0062, 0x0062,
        0x10A2, 0x10A2, 0x10A2, 0x10A2, 0x10A2, 0x10A2, 0x10A2, 0x18A2, 0x18A2, 0x10A2, 0x10A2, 0x10A2, 0x10A2, 0x10A2, 0x10A2, 0x10A2,
        0x1122, 0x1122, 0x0862, 0x10A2, 0x10A2, 0x10A2, 0x10A2, 0x10A2, 0x10A2, 0x10A2, 0x10A2, 0x10A2, 0x10A2, 0x0862, 0x1122, 0x1122,
    },
    {
        0x0021, 0x0021, 0x0041, 0x0041, 0x0841, 0x0841, 0x0841, 0x5AEA, 0x5AEA, 0x0841, 0x0841, 0x0841, 0x0041, 0x0041, 0x0021, 0x0021,
        0x0021, 0x0041, 0x0841, 0x0841, 0x0841, 0x5AEA, 0x5AEA, 0x5AEA, 0x5AEA, 0x5AEA, 0x5AEA, 0x0841, 0x0841, 0x0041, 0x0041, 0x0021,
        0x0041, 0x5ACA, 0x0862, 0x5AEA, 0x5AEA, 0x62EA, 0x62EA, 0x62EA, 0x62EA, 0x62EA, 0x5AEA, 0x5AEA, 0x5AEA, 0x0842, 0x5ACA, 0x0041,
        0x0841, 0x0842, 0x5AEA, 0x5AEA, 0x62EA, 0x62EA, 0x630A, 0x6309, 0x630A, 0x630A, 0x62EA, 0x62EA, 0x5AEA, 0x5AEA, 0x0842, 0x0041,
        0x0842, 0x0862, 0x1062, 0x1082, 0x39C5, 0x41C5, 0x41E5, 0x49E5, 0x41E5, 0x41E5, 0x41C5, 0x39C5, 0x1082, 0x0862, 0x0862, 0x0842,
        0x1082, 0x18A2, 0x28E2, 0x3123, 0x4983, 0x9389, 0x9BA8, 0xD487, 0xD487, 0x9BA9, 0x8B69, 0x4163, 0x3102, 0x20C2, 0x10A2, 0x0862,
        0x1082, 0x18A2, 0x28E2, 0x3943, 0x4983, 0x9389, 0xD487, 0xD487, 0xD487, 0xD487, 0x8B89, 0x4163, 0x3122, 0x20C2, 0x18A2, 0x1062,
        0x10A2, 0x20E2, 0x3123, 0x4983, 0x6203, 0xA3C8, 0xD487, 0xD487, 0xD487, 0xD487, 0x9BA8, 0x51C3, 0x4163, 0x2902, 0x18C2, 0x1082,
        0x1082, 0x20C2, 0x2902, 0x4163, 0x51C3, 0x9BA9, 0xA3C8, 0xD487, 0xD487, 0xA3C8, 0x9389, 0x4983, 0x3943, 0x28E2, 0x18A2, 0x1082,
        0x1082, 0x18A2, 0x20E2, 0x3123, 0x7B49, 0x8B69, 0x9389, 0x93A9, 0x9389, 0x8B89, 0x8369, 0x7B49, 0x2903, 0x20C2, 0x10A2, 0x0882,
        0x0862, 0x1082, 0x18C2, 0x28E2, 0x3123, 0x3943, 0x4183, 0x8369, 0x8369, 0x4163, 0x3943, 0x2903, 0x20E2, 0x18A2, 0x1082, 0x0862,
        0x0862, 0x0862, 0x1082, 0x18A2, 0x20E2, 0x2902, 0x2903, 0x7329, 0x7329, 0x2903, 0x28E2, 0x20C2, 0x18A2, 0x1082, 0x0862, 0x0862,
        0x0862, 0x0862, 0x0882, 0x1082, 0x10A2, 0x630A, 0x630A, 0x6309, 0x6309, 0x630A, 0x62EA, 0x10A2, 0x1082, 0x0862, 0x0862, 0x0062,
        0x0062, 0x0062, 0x0862, 0x29E3, 0x5AEA, 0x5AEA, 0x5AEA, 0x5AEA, 0x5AEA, 0x5AEA, 0x5AEA, 0x5AEA, 0x29E3, 0x0862, 0x0062, 0x0062,
        0x10A2, 0x10A2, 0x10A2, 0x10A2, 0x10A2, 0x10A2, 0x18A2, 0x18A2, 0x18A2, 0x10A2, 0x10A2, 0x10A2, 0x10A2, 0x10A2, 0x10A2, 0x10A2,
        0x1122, 0x1122, 0x0862, 0x10A2, 0x10A2, 0x10A2, 0x10A2, 0x10A2, 0x10A2, 0x10A2, 0x10A2, 0x10A2, 0x10A2, 0x0862, 0x1122, 0x1122,
    },
    {
        0x0021, 0x0021, 0x0041, 0x0041, 0x0841, 0x0841, 0x0841, 0x5AEA, 0x5AEA, 0x0841, 0x0841, 0x0841, 0x0041, 0x0041, 0x0021, 0x0021,
        0x0021, 0x0041, 0x0841, 0x0841, 0x0861, 0x5AEA, 0x5AEA, 0x5AEA, 0x5AEA, 0x5AEA, 0x5AEA, 0x0841, 0x0841, 0x0041, 0x0041, 0x0021,
        0x0041, 0x5ACA, 0x0862, 0x5AEA, 0x5AEA, 0x62EA, 0x62EA, 0x62EA, 0x62EA, 0x62EA, 0x5AEA, 0x5AEA, 0x5AEA, 0x0842, 0x5ACA, 0x0041,
        0x0841, 0x0842, 0x5AEA, 0x5AEA, 0x62EA, 0x630A, 0x630A, 0x6309, 0x6309, 0x630A, 0x62EA, 0x62EA, 0x5AEA, 0x5AEA, 0x0842, 0x0041,
        0x0842, 0x0862, 0x1062, 0x1082, 0x39C5, 0x41E5, 0x41E5, 0x49E5, 0x49E5, 0x41E5, 0x41C5, 0x39C5, 0x1082, 0x0862, 0x0862, 0x0842,
        0x1082, 0x18A2, 0x28E2, 0x3943, 0x4983, 0x9389, 0xA3C8, 0xD4A7, 0xD4A7, 0x9BA8, 0x8B89, 0x4163, 0x3102, 0x20C2, 0x10A2, 0x0862,
        0x1082, 0x18A2, 0x28E2, 0x3943, 0x49A3, 0x93A9, 0xD4A7, 0xD4A7, 0xD4A7, 0xD4A7, 0x9389, 0x4163, 0x3122, 0x20E2, 0x18A2, 0x1062,
        0x18A2, 0x20E2, 0x3123, 0x4983, 0x6204, 0xABC8, 0xD4A7, 0xD4A7, 0xD4A7, 0xD4A7, 0xA3C8, 0x59C3, 0x4163, 0x2902, 0x18C2, 0x1082,
        0x1082, 0x20C2, 0x3103, 0x4163, 0x51C3, 0x9BA8, 0xA3C8, 0xD4A7, 0xD4A7, 0xA3C8, 0x9389, 0x49A3, 0x3943, 0x28E2, 0x18A2, 0x1082,
        0x1082, 0x18A2, 0x20E2, 0x3123, 0x8349, 0x8B69, 0x9389, 0x93A9, 0x93A9, 0x9389, 0x8369, 0x7B49, 0x2903, 0x20C2, 0x10A2, 0x0882,
        0x0862, 0x1082, 0x18C2, 0x28E2, 0x3123, 0x3963, 0x4183, 0x8369, 0x8369, 0x4163, 0x3943, 0x2903, 0x20E2, 0x18A2, 0x1082, 0x0862,
        0x0862, 0x0882, 0x1082, 0x18C2, 0x20E2, 0x2903, 0x3123, 0x7329, 0x7329, 0x2903, 0x28E2, 0x20C2, 0x18A2, 0x1082, 0x0862, 0x0862,
        0x0862, 0x0862, 0x0882, 0x1082, 0x18A2, 0x630A, 0x6309, 0x6B09, 0x6309, 0x630A, 0x62EA, 0x10A2, 0x1082, 0x0862, 0x0862, 0x0062,
        0x0062, 0x0062, 0x0862, 0x29E3, 0x5AEA, 0x5AEA, 0x5AEA, 0x5AEA, 0x5AEA, 0x5AEA, 0x5AEA, 0x5AEA, 0x29E3, 0x0862, 0x0062, 0x0062,
        0x10A2, 0x10A2, 0x10A2, 0x10A2, 0x10A2, 0x10A2, 0x18A2, 0x18A2, 0x18A2, 0x10A2, 0x10A2, 0x10A2, 0x10A2, 0x10A2, 0x10A2, 0x10A2,
        0x1122, 0x1122, 0x0862, 0x10A2, 0x10A2, 0x10A2, 0x10A2, 0x10A2, 0x10A2, 0x10A2, 0x10A2, 0x10A2, 0x10A2, 0x0862, 0x1122, 0x1122,
    },
    {
        0x0021, 0x0021, 0x0041, 0x0041, 0x0841, 0x0841, 0x0841, 0x5AEA, 0x5AEA, 0x0841, 0x0841, 0x0041, 0x0041, 0x0041, 0x0021, 0x0021,
        0x0041, 0x0041, 0x0841, 0x0841, 0x0841, 0x5AEA, 0x5AEA, 0x5AEA, 0x5AEA, 0x5AEA, 0x5AEA, 0x0841, 0x0841, 0x0041, 0x0041, 0x0021,
        0x0041, 0x5ACA, 0x0862, 0x5AEA, 0x5AEA, 0x5AEA, 0x62EA, 0x62EA, 0x62EA, 0x62EA, 0x5AEA, 0x5AEA, 0x5AEA, 0x0842, 0x5ACA, 0x0041,
        0x0841, 0x0842, 0x5AEA, 0x5AEA, 0x62EA, 0x62EA, 0x630A, 0x630A, 0x630A, 0x630A, 0x62EA, 0x5AEA, 0x5AEA, 0x5AEA, 0x0842, 0x0041,
        0x0842, 0x0862, 0x1062, 0x1082, 0x39C5, 0x41C5, 0x41E5, 0x41E5, 0x41E5, 0x41E5, 0x39C5, 0x39C5, 0x1082, 0x0862, 0x0862, 0x0042,
        0x1082, 0x18A2, 0x28E2, 0x3123, 0x4983, 0x9389, 0x9BA8, 0xD487, 0xD487, 0x93A9, 0x8B69, 0x3943, 0x2902, 0x20C2, 0x1082, 0x0862,
        0x1082, 0x18A2, 0x28E2, 0x3943, 0x4983, 0x9389, 0xD487, 0xD487, 0xD487, 0xD487, 0x8B89, 0x4163, 0x3102, 0x20C2, 0x1082, 0x0862,
        0x18A2, 0x20E2, 0x3123, 0x4983, 0x6203, 0xA3C8, 0xD487, 0xD487, 0xD487, 0xD487, 0x9BA9, 0x51A3, 0x3943, 0x2902, 0x18A2, 0x1082,
        0x1082, 0x20C2, 0x2902, 0x4163, 0x51C3, 0x9BA9, 0xA3C8, 0xD487, 0xD487, 0x9BA8, 0x9389, 0x4183, 0x3123, 0x20E2, 0x18A2, 0x1082,
        0x1082, 0x18A2, 0x20E2, 0x3123, 0x7B49, 0x8B69, 0x9389, 0x9389, 0x9389, 0x8B89, 0x8369, 0x7B49, 0x2903, 0x18C2, 0x10A2, 0x0862,
        0x0862, 0x1082, 0x18C2, 0x28E2, 0x3123, 0x3943, 0x4163, 0x8369, 0x8349, 0x3963, 0x3123, 0x2903, 0x20C2, 0x18A2, 0x1082, 0x0862,
        0x0862, 0x0882, 0x1082, 0x18A2, 0x20E2, 0x2902, 0x2903, 0x7329, 0x7329, 0x2903, 0x20E2, 0x18C2, 0x18A2, 0x1082, 0x0862, 0x0862,
        0x0862, 0x0862, 0x0882, 0x1082, 0x10A2, 0x630A, 0x630A, 0x6309, 0x6309, 0x630A, 0x62EA, 0x10A2, 0x0882, 0x0862, 0x0862, 0x0062,
        0x0062, 0x0862, 0x0862, 0x29E3, 0x5AEA, 0x5AEA, 0x5AEA, 0x5AEA, 0x5AEA, 0x5AEA, 0x5AEA, 0x5ACA, 0x29E3, 0x0862, 0x0062, 0x0062,
        0x10A2, 0x10A2, 0x10A2, 0x10A2, 0x10A2, 0x10A2, 0x10A2, 0x18A2, 0x18A2, 0x10A2, 0x10A2, 0x10A2, 0x10A2, 0x10A2, 0x10A2, 0x10A2,
        0x1122, 0x1122, 0x0862, 0x10A2, 0x10A2, 0x10A2, 0x10A2, 0x10A2, 0x10A2, 0x10A2, 0x10A2, 0x10A2, 0x10A2, 0x0862, 0x1122, 0x1122,
    },
    {
        0x0021, 0x0041, 0x0041, 0x0041, 0x0841, 0x0841, 0x0841, 0x5AEA, 0x5AEA, 0x0841, 0x0841, 0x0041, 0x0041, 0x0041, 0x0021, 0x0021,
        0x0041, 0x0041, 0x0841, 0x0841, 0x0841, 0x5AEA, 0x5AEA, 0x5AEA, 0x5AEA, 0x5AEA, 0x5AEA, 0x0841, 0x0841, 0x0041, 0x0041, 0x0021,
        0x0041, 0x5ACA, 0x0862, 0x5AEA, 0x5AEA, 0x5AEA, 0x62EA, 0x62EA, 0x62EA, 0x5AEA, 0x5AEA, 0x5AEA, 0x5AEA, 0x0842, 0x52CA, 0x0041,
        0x0841, 0x0842, 0x5AEA, 0x5AEA, 0x62EA, 0x62EA, 0x630A, 0x630A, 0x630A, 0x62EA, 0x62EA, 0x5AEA, 0x5AEA, 0x5AEA, 0x0842, 0x0041,
        0x0842, 0x0862, 0x1062, 0x1082, 0x39C5, 0x41C5, 0x41E5, 0x41E5, 0x41E5, 0x41C5, 0x39C5, 0x39A5, 0x1082, 0x0862, 0x0862, 0x0042,
        0x1082, 0x18A2, 0x28E2, 0x3123, 0x4183, 0x8B89, 0x9BA8, 0xCC66, 0xCC66, 0x9389, 0x8369, 0x3943, 0x28E2, 0x18C2, 0x1082, 0x0862,
        0x1082, 0x18A2, 0x28E2, 0x3943, 0x4983, 0x9389, 0xCC66, 0xCC66, 0xCC66, 0xCC66, 0x8369, 0x3943, 0x2902, 0x20C2, 0x1082, 0x0862,
        0x18A2, 0x20E2, 0x3123, 0x4983, 0x59E3, 0xA3C8, 0xCC66, 0xCC66, 0xCC66, 0xCC66, 0x9389, 0x4983, 0x3923, 0x20E2, 0x18A2, 0x1082,
        0x1082, 0x20C2, 0x2902, 0x3963, 0x51A3, 0x93A9, 0xA3C8, 0xCC66, 0xCC66, 0x9BA9, 0x8B89, 0x4163, 0x3123, 0x20C2, 0x10A2, 0x0862,
        0x1082, 0x18A2, 0x20E2, 0x3123, 0x7B49, 0x8369, 0x8B89, 0x9389, 0x8B89, 0x8B69, 0x8349, 0x7329, 0x28E2, 0x18C2, 0x1082, 0x0862,
        0x0862, 0x1082, 0x18C2, 0x28E2, 0x3123, 0x3943, 0x4163, 0x7B49, 0x7B49, 0x3943, 0x3123, 0x28E2, 0x18C2, 0x10A2, 0x0882, 0x0862,
        0x0862, 0x0882, 0x1082, 0x18A2, 0x20C2, 0x28E2, 0x2903, 0x7329, 0x7329, 0x2902, 0x20E2, 0x18C2, 0x10A2, 0x1082, 0x0862, 0x0862,
        0x0862, 0x0862, 0x0882, 0x1082, 0x10A2, 0x62EA, 0x630A, 0x630A, 0x630A, 0x630A, 0x62EA, 0x1082, 0x0882, 0x0862, 0x0862, 0x0062,
        0x0062, 0x0862, 0x0862, 0x29E3, 0x5AEA, 0x5AEA, 0x5AEA, 0x5AEA, 0x5AEA, 0x5AEA, 0x5AEA, 0x5ACA, 0x29E3, 0x0862, 0x0062, 0x0062,
        0x10A2, 0x10A2, 0x10A2, 0x10A2, 0x10A2, 0x10A2, 0x10A2, 0x18A2, 0x10A2, 0x10A2, 0x10A2, 0x10A2, 0x10A2, 0x10A2, 0x10A2, 0x10A2,
        0x1122, 0x1122, 0x0862, 0x10A2, 0x10A2, 0x10A2, 0x10A2, 0x10A2, 0x10A2, 0x10A2, 0x10A2, 0x10A2, 0x10A2, 0x0862, 0x1122, 0x1122,
    },
    {
        0x0021, 0x0041, 0x0041, 0x0041, 0x0841, 0x0841, 0x0841, 0x5AEA, 0x5AEA, 0x0841, 0x0841, 0x0041, 0x0041, 0x0041, 0x0021, 0x0021,
        0x0041, 0x0041, 0x0841, 0x0841, 0x0861, 0x5AEA, 0x5AEA, 0x5AEA, 0x5AEA, 0x5AEA, 0x5AEA, 0x0841, 0x0841, 0x0041, 0x0041, 0x0021,
        0x0041, 0x5ACA, 0x0862, 0x5AEA, 0x5AEA, 0x62EA, 0x62EA, 0x62EA, 0x62EA, 0x62EA, 0x5AEA, 0x5AEA, 0x5AEA, 0x0842, 0x52CA, 0x0041,
        0x0842, 0x0862, 0x5AEA, 0x5AEA, 0x62EA, 0x630A, 0x630A, 0x6309, 0x630A, 0x630A, 0x62EA, 0x5AEA, 0x5AEA, 0x5AEA, 0x0842, 0x0041,
        0x0862, 0x0862, 0x1082, 0x1082, 0x39C5, 0x41E5, 0x41E5, 0x49E5, 0x41E5, 0x41E5, 0x39C5, 0x39A5, 0x1082, 0x0862, 0x0862, 0x0042,
        0x1082, 0x18C2, 0x2902, 0x3943, 0x49A3, 0x93A9, 0xA3C8, 0xD4A7, 0xD4A7, 0x9389, 0x8369, 0x3943, 0x2902, 0x18C2, 0x1082, 0x0862,
        0x1082, 0x20C2, 0x3102, 0x4163, 0x51C3, 0x9BA8, 0xD4A7, 0xD4A7, 0xD4A7, 0xD4A7, 0x8B69, 0x3943, 0x2902, 0x20C2, 0x1082, 0x0862,
        0x18A2, 0x28E2, 0x3943, 0x51A3, 0x6A24, 0xABE8, 0xD4A7, 0xD4A7, 0xD4A7, 0xD4A7, 0x9BA9, 0x49A3, 0x3943, 0x20E2, 0x18A2, 0x1082,
        0x18A2, 0x20E2, 0x3123, 0x4183, 0x59E3, 0x9BA8, 0xABC8, 0xD4A7, 0xD4A7, 0x9BA8, 0x8B89, 0x4163, 0x3123, 0x20C2, 0x10A2, 0x0862,
        0x1082, 0x18C2, 0x2903, 0x3943, 0x8369, 0x8B89, 0x9389, 0x93A9, 0x9389, 0x8B89, 0x8369, 0x7329, 0x2902, 0x18C2, 0x1082, 0x0862,
        0x1082, 0x10A2, 0x20C2, 0x2903, 0x3123, 0x4163, 0x4183, 0x8369, 0x8349, 0x3963, 0x3123, 0x2902, 0x20C2, 0x10A2, 0x0882, 0x0862,
        0x0862, 0x1082, 0x10A2, 0x18C2, 0x20E2, 0x2903, 0x3123, 0x7329, 0x7329, 0x2903, 0x20E2, 0x18C2, 0x10A2, 0x1082, 0x0862, 0x0862,
        0x0862, 0x0862, 0x0882, 0x10A2, 0x18A2, 0x630A, 0x6309, 0x6309, 0x6309, 0x630A, 0x62EA, 0x1082, 0x0882, 0x0862, 0x0862, 0x0062,
        0x0062, 0x0862, 0x0862, 0x29E3, 0x5AEA, 0x5AEA, 0x5AEA, 0x5AEA, 0x5AEA, 0x5AEA, 0x5AEA, 0x5ACA, 0x29E3, 0x0862, 0x0062, 0x0062,
        0x10A2, 0x10A2, 0x10A2, 0x10A2, 0x10A2, 0x10A2, 0x18A2, 0x18A2, 0x18A2, 0x10A2, 0x10A2, 0x10A2, 0x10A2, 0x10A2, 0x10A2, 0x10A2,
        0x1122, 0x1122, 0x0862, 0x10A2, 0x10A2, 0x10A2, 0x10A2, 0x10A2, 0x10A2, 0x10A2, 0x10A2, 0x10A2, 0x10A2, 0x0862, 0x1122, 0x1122,
    },
    {
        0x0021, 0x0041, 0x0041, 0x0841, 0x0841, 0x0841, 0x0861, 0x5AEA, 0x5AEA, 0x0841, 0x0841, 0x0841, 0x0041, 0x0041, 0x0021, 0x0021,
        0x0041, 0x0041, 0x0841, 0x0861, 0x0862, 0x5AEA, 0x5AEA, 0x5AEA, 0x5AEA, 0x5AEA, 0x5AEA, 0x0841, 0x0841, 0x0041, 0x0041, 0x0021,
        0x0841, 0x5ACA, 0x0862, 0x5AEA, 0x62EA, 0x62EA, 0x62EA, 0x62EA, 0x62EA, 0x62EA, 0x5AEA, 0x5AEA, 0x5AEA, 0x0842, 0x52CA, 0x0041,
        0x0842, 0x0862, 0x5AEA, 0x62EA, 0x630A, 0x6309, 0x6B09, 0x6B09, 0x6B09, 0x630A, 0x62EA, 0x62EA, 0x5AEA, 0x5AEA, 0x0842, 0x0041,
        0x0862, 0x0862, 0x1082, 0x18A2, 0x41E5, 0x49E5, 0x4A05, 0x4A05, 0x4A05, 0x41E5, 0x41C5, 0x39C5, 0x1082, 0x0862, 0x0862, 0x0042,
        0x18A2, 0x20E2, 0x3123, 0x4983, 0x59E3, 0xA3C8, 0xB3E8, 0xE508, 0xE508, 0x9BA8, 0x8B89, 0x4163, 0x2902, 0x20C2, 0x1082, 0x0862,
        0x18A2, 0x28E2, 0x3943, 0x49A3, 0x6203, 0xABE8, 0xE508, 0xE508, 0xE508, 0xE508, 0x9389, 0x4163, 0x3102, 0x20C2, 0x1082, 0x0862,
        0x20C2, 0x3123, 0x4983, 0x6203, 0x7A84, 0xBC28, 0xE508, 0xE508, 0xE508, 0xE508, 0xA3C8, 0x51C3, 0x3963, 0x2902, 0x18A2, 0x1082,
        0x18C2, 0x2902, 0x3963, 0x51C3, 0x6A24, 0xABE8, 0xBC08, 0xE508, 0xE508, 0xA3C8, 0x93A9, 0x49A3, 0x3123, 0x20E2, 0x18A2, 0x0862,
        0x10A2, 0x20E2, 0x3123, 0x4183, 0x8B89, 0x93A9, 0x9BA8, 0xA3C8, 0x9BA8, 0x9389, 0x8B69, 0x7B49, 0x2903, 0x18C2, 0x1082, 0x0862,
        0x1082, 0x18A2, 0x20E2, 0x3123, 0x4163, 0x49A3, 0x51C3, 0x8B69, 0x8B69, 0x4183, 0x3943, 0x2903, 0x20C2, 0x18A2, 0x0882, 0x0862,
        0x0862, 0x1082, 0x18A2, 0x20E2, 0x2903, 0x3123, 0x3943, 0x7B49, 0x7329, 0x3123, 0x28E2, 0x20C2, 0x18A2, 0x1082, 0x0862, 0x0842,
        0x0862, 0x0862, 0x1082, 0x10A2, 0x18C2, 0x6B09, 0x6B09, 0x6B09, 0x6B09, 0x6309, 0x62EA, 0x10A2, 0x0882, 0x0862, 0x0862, 0x0062,
        0x0062, 0x0862, 0x0862, 0x29E3, 0x5AEA, 0x5AEA, 0x62EA, 0x62EA, 0x5AEA, 0x5AEA, 0x5AEA, 0x5ACA, 0x29E3, 0x0862, 0x0062, 0x0062,
        0x10A2, 0x10A2, 0x10A2, 0x10A2, 0x10A2, 0x18A2, 0x18A2, 0x18A2, 0x18A2, 0x10A2, 0x10A2, 0x10A2, 0x10A2, 0x10A2, 0x10A2, 0x10A2,
        0x1122, 0x1122, 0x0862, 0x10A2, 0x10A2, 0x10A2, 0x10A2, 0x10A2, 0x10A2, 0x10A2, 0x10A2, 0x10A2, 0x10A2, 0x0862, 0x1122, 0x1122,
    },
    {
        0x0021, 0x0041, 0x0041, 0x0841, 0x0841, 0x0861, 0x0861, 0x5AEA, 0x5AEA, 0x0841, 0x0841, 0x0841, 0x0041, 0x0041, 0x0021, 0x0021,
        0x0041, 0x0841, 0x0841, 0x0861, 0x0862, 0x5AEA, 0x62EA, 0x62EA, 0x5AEA, 0x5AEA, 0x5AEA, 0x0841, 0x0841, 0x0041, 0x0041, 0x0021,
        0x0842, 0x5AEA, 0x0862, 0x5AEA, 0x62EA, 0x62EA, 0x630A, 0x630A, 0x630A, 0x62EA, 0x62EA, 0x5AEA, 0x5AEA, 0x0842, 0x5ACA, 0x0041,
        0x0842, 0x0862, 0x5AEA, 0x62EA, 0x630A, 0x6B09, 0x6B09, 0x6B09, 0x6B09, 0x6B09, 0x630A, 0x62EA, 0x5AEA, 0x5AEA, 0x0842, 0x0041,
        0x0862, 0x1082, 0x1082, 0x18A2, 0x41E5, 0x4A05, 0x5205, 0x5205, 0x4A05, 0x49E5, 0x41E5, 0x39C5, 0x1082, 0x0862, 0x0862, 0x0042,
        0x18A2, 0x2902, 0x3943, 0x51C3, 0x6A24, 0xABE8, 0xBC28, 0xED48, 0xED48, 0xA3C8, 0x9389, 0x4183, 0x3122, 0x20C2, 0x1082, 0x0862,
        0x18C2, 0x2902, 0x4163, 0x59C3, 0x7244, 0xB408, 0xED48, 0xED48, 0xED48, 0xED48, 0x93A9, 0x4983, 0x3123, 0x20C2, 0x18A2, 0x0862,
        0x20E2, 0x3943, 0x51A3, 0x6A44, 0x92E4, 0xCC48, 0xED48, 0xED48, 0xED48, 0xED48, 0xA3C8, 0x59E3, 0x4163, 0x2902, 0x18A2, 0x1082,
        0x20C2, 0x3123, 0x4983, 0x6203, 0x7A84, 0xB408, 0xC428, 0xED48, 0xED48, 0xABE8, 0x9BA8, 0x51C3, 0x3943, 0x28E2, 0x18A2, 0x0862,
        0x18A2, 0x2902, 0x3943, 0x49A3, 0x9389, 0xA3C8, 0xABC8, 0xABE8, 0xA3C8, 0x9BA9, 0x8B89, 0x7B49, 0x3123, 0x20C2, 0x1082, 0x0862,
        0x1082, 0x18C2, 0x2903, 0x3943, 0x4983, 0x51C3, 0x59E3, 0x9389, 0x8B89, 0x49A3, 0x4163, 0x3123, 0x20E2, 0x18A2, 0x1082, 0x0862,
        0x0862, 0x1082, 0x18C2, 0x28E2, 0x3123, 0x3943, 0x3963, 0x7B49, 0x7B49, 0x3123, 0x2903, 0x20C2, 0x18A2, 0x1082, 0x0862, 0x0842,
        0x0862, 0x0882, 0x1082, 0x18A2, 0x18C2, 0x6B09, 0x6B09, 0x6B09, 0x6B09, 0x6B09, 0x630A, 0x10A2, 0x1082, 0x0862, 0x0862, 0x0062,
        0x0062, 0x0862, 0x0862, 0x29E3, 0x5AEA, 0x62EA, 0x62EA, 0x62EA, 0x62EA, 0x5AEA, 0x5AEA, 0x5AEA, 0x29E3, 0x0862, 0x0062, 0x0062,
        0x10A2, 0x10A2, 0x10A2, 0x10A2, 0x10A2, 0x18A2, 0x18A2, 0x18A2, 0x18A2, 0x10A2, 0x10A2, 0x10A2, 0x10A2, 0x10A2, 0x10A2, 0x10A2,
        0x1122, 0x1122, 0x0862, 0x10A2, 0x10A2, 0x10A2, 0x10A2, 0x10A2, 0x10A2, 0x10A2, 0x10A2, 0x10A2, 0x10A2, 0x0862, 0x1122, 0x1122,
    },
    {
        0x0021, 0x0041, 0x0041, 0x0841, 0x0841, 0x0861, 0x0861, 0x5AEA, 0x5AEA, 0x0841, 0x0841, 0x0841, 0x0041, 0x0041, 0x0021, 0x0021,
        0x0041, 0x0841, 0x0841, 0x0862, 0x1062, 0x5AEA, 0x62EA, 0x62EA, 0x62EA, 0x5AEA, 0x5AEA, 0x0841, 0x0841, 0x0041, 0x0041, 0x0021,
        0x0842, 0x5AEA, 0x0862, 0x5AEA, 0x62EA, 0x630A, 0x630A, 0x630A, 0x630A, 0x62EA, 0x62EA, 0x5AEA, 0x5AEA, 0x0842, 0x5ACA, 0x0041,
        0x0842, 0x0862, 0x62EA, 0x62EA, 0x6309, 0x6B09, 0x6B09, 0x6B09, 0x6B09, 0x6B09, 0x630A, 0x62EA, 0x5AEA, 0x5AEA, 0x0842, 0x0041,
        0x0862, 0x1082, 0x10A2, 0x18C2, 0x41E5, 0x4A05, 0x5205, 0x5225, 0x4A05, 0x49E5, 0x41E5, 0x39C5, 0x1082, 0x0862, 0x0862, 0x0042,
        0x18C2, 0x2902, 0x4163, 0x51C3, 0x7244, 0xB3E8, 0xC428, 0xED69, 0xED69, 0xA3C8, 0x9389, 0x4983, 0x3122, 0x20C2, 0x1082, 0x0862,
        0x20C2, 0x2902, 0x4163, 0x59E3, 0x7264, 0xBC08, 0xED69, 0xED69, 0xED69, 0xED69, 0x93A9, 0x4983, 0x3123, 0x20E2, 0x18A2, 0x0862,
        0x20E2, 0x3943, 0x51C3, 0x7244, 0x92E4, 0xD447, 0xED69, 0xED69, 0xED69, 0xED69, 0xABC8, 0x6203, 0x4163, 0x2902, 0x18C2, 0x1082,
        0x20C2, 0x3123, 0x4983, 0x6204, 0x8284, 0xBC08, 0xCC48, 0xED69, 0xED69, 0xB3E8, 0x9BA8, 0x51C3, 0x3943, 0x28E2, 0x18A2, 0x0862,
        0x18C2, 0x2903, 0x3943, 0x51A3, 0x93A9, 0xA3C8, 0xABE8, 0xABE8, 0xA3C8, 0x9BA8, 0x8B89, 0x8349, 0x3123, 0x20C2, 0x1082, 0x0862,
        0x1082, 0x20C2, 0x2903, 0x3943, 0x4983, 0x51C3, 0x59E3, 0x9389, 0x8B89, 0x51A3, 0x4163, 0x3123, 0x20E2, 0x18A2, 0x1082, 0x0862,
        0x0862, 0x10A2, 0x18C2, 0x28E2, 0x3123, 0x3943, 0x4163, 0x7B49, 0x7B49, 0x3123, 0x2903, 0x20E2, 0x18A2, 0x1082, 0x0862, 0x0842,
        0x0862, 0x0882, 0x1082, 0x18A2, 0x20C2, 0x6B09, 0x6B09, 0x6B09, 0x6B09, 0x6B09, 0x630A, 0x10A2, 0x1082, 0x0862, 0x0862, 0x0062,
        0x0062, 0x0862, 0x0862, 0x29E3, 0x5AEA, 0x62EA, 0x62EA, 0x62EA, 0x62EA, 0x5AEA, 0x5AEA, 0x5AEA, 0x29E3, 0x0862, 0x0062, 0x0062,
        0x10A2, 0x10A2, 0x10A2, 0x10A2, 0x10A2, 0x18A2, 0x18A2, 0x18A2, 0x18A2, 0x18A2, 0x10A2, 0x10A2, 0x10A2, 0x10A2, 0x10A2, 0x10A2,
        0x1122, 0x1122, 0x0862, 0x10A2, 0x10A2, 0x10A2, 0x10A2, 0x10A2, 0x10A2, 0x10A2, 0x10A2, 0x10A2, 0x10A2, 0x0862, 0x1122, 0x1122,
    },
    {
        0x0021, 0x0041, 0x0041, 0x0841, 0x0841, 0x0861, 0x0861, 0x5AEA, 0x5AEA, 0x0841, 0x0841, 0x0841, 0x0041, 0x0041, 0x0021, 0x0021,
        0x0041, 0x0841, 0x0841, 0x0861, 0x1062, 0x5AEA, 0x62EA, 0x62EA, 0x62EA, 0x5AEA, 0x5AEA, 0x0861, 0x0841, 0x0041, 0x0041, 0x0021,
        0x0842, 0x5AEA, 0x0862, 0x5AEA, 0x62EA, 0x630A, 0x630A, 0x630A, 0x630A, 0x62EA, 0x62EA, 0x5AEA, 0x5AEA, 0x0842, 0x5ACA, 0x0041,
        0x0842, 0x0862, 0x5AEA, 0x62EA, 0x6309, 0x6B09, 0x6B09, 0x6B09, 0x6B09, 0x6B09, 0x630A, 0x62EA, 0x5AEA, 0x5AEA, 0x0842, 0x0041,
        0x0862, 0x1082, 0x1082, 0x18A2, 0x41E5, 0x4A05, 0x5205, 0x5225, 0x4A05, 0x49E5, 0x41E5, 0x39C5, 0x1082, 0x0862, 0x0862, 0x0042,
        0x18A2, 0x2902, 0x3963, 0x51C3, 0x6A44, 0xB3E8, 0xC428, 0xED69, 0xED69, 0xA3C8, 0x9389, 0x4983, 0x3123, 0x20C2, 0x10A2, 0x0862,
        0x18C2, 0x2902, 0x4163, 0x59C3, 0x7264, 0xBC08, 0xED69, 0xED69, 0xED69, 0xED69, 0x9BA9, 0x49A3, 0x3923, 0x20E2, 0x18A2, 0x0862,
        0x20E2, 0x3943, 0x51C3, 0x7244, 0x92E4, 0xD447, 0xED69, 0xED69, 0xED69, 0xED69, 0xABE8, 0x6203, 0x4183, 0x2902, 0x18C2, 0x1082,
        0x20C2, 0x3123, 0x4983, 0x6204, 0x7A84, 0xBC08, 0xCC48, 0xED69, 0xED69, 0xB3E8, 0x9BA8, 0x51C3, 0x3943, 0x28E2, 0x18A2, 0x0862,
        0x18A2, 0x2902, 0x3943, 0x51A3, 0x93A9, 0xA3C8, 0xABE8, 0xABE8, 0xA3C8, 0x9BA8, 0x8B89, 0x8349, 0x3123, 0x20C2, 0x10A2, 0x0862,
        0x1082, 0x20C2, 0x2903, 0x3943, 0x4983, 0x51C3, 0x59E3, 0x9389, 0x8B89, 0x51A3, 0x4163, 0x3123, 0x20E2, 0x18A2, 0x1082, 0x0862,
        0x0862, 0x10A2, 0x18C2, 0x28E2, 0x3123, 0x3943, 0x4163, 0x7B49, 0x7B49, 0x3143, 0x2903, 0x20E2, 0x18A2, 0x1082, 0x0862, 0x0842,
        0x0862, 0x0882, 0x1082, 0x18A2, 0x20C2, 0x6B09, 0x6B09, 0x6B09, 0x6B09, 0x6B09, 0x630A, 0x10A2, 0x1082, 0x0862, 0x0862, 0x0062,
        0x0062, 0x0862, 0x0862, 0x29E3, 0x5AEA, 0x62EA, 0x62EA, 0x62EA, 0x62EA, 0x5AEA, 0x5AEA, 0x5AEA, 0x29E3, 0x0862, 0x0062, 0x0062,
        0x10A2, 0x10A2, 0x10A2, 0x10A2, 0x10A2, 0x18A2, 0x18A2, 0x18A2, 0x18A2, 0x18A2, 0x10A2, 0x10A2, 0x10A2, 0x10A2, 0x10A2, 0x10A2,
        0x1122, 0x1122, 0x0862, 0x10A2, 0x10A2, 0x10A2, 0x10A2, 0x10A2, 0x10A2, 0x10A2, 0x10A2, 0x10A2, 0x10A2, 0x0862, 0x1122, 0x1122,
    },
    {
        0x0021, 0x0041, 0x0041, 0x0841, 0x0841, 0x0861, 0x0862, 0x5AEA, 0x5AEA, 0x0861, 0x0841, 0x0841, 0x0041, 0x0041, 0x0021, 0x0021,
        0x0041, 0x0841, 0x0841, 0x0861, 0x1062, 0x5AEA, 0x62EA, 0x62EA, 0x62EA, 0x5AEA, 0x5AEA, 0x0861, 0x0841, 0x0041, 0x0041, 0x0021,
        0x0842, 0x5AEA, 0x0862, 0x5AEA, 0x62EA, 0x630A, 0x630A, 0x630A, 0x630A, 0x62EA, 0x62EA, 0x5AEA, 0x5AEA, 0x0842, 0x5ACA, 0x0041,
        0x0842, 0x0862, 0x5AEA, 0x62EA, 0x6309, 0x6B09, 0x6B09, 0x6B09, 0x6B09, 0x6B09, 0x630A, 0x62EA, 0x5AEA, 0x5AEA, 0x0842, 0x0041,
        0x0862, 0x1082, 0x1082, 0x18A2, 0x41E5, 0x4A05, 0x5225, 0x5225, 0x5205, 0x4A05, 0x41E5, 0x39C5, 0x1082, 0x0862, 0x0862, 0x0842,
        0x18A2, 0x2902, 0x3943, 0x51C3, 0x6A44, 0xB3E8, 0xC428, 0xF589, 0xF589, 0xABE8, 0x9BA9, 0x49A3, 0x3923, 0x20E2, 0x18A2, 0x0862,
        0x18C2, 0x2902, 0x4163, 0x59C3, 0x7264, 0xBC08, 0xF589, 0xF589, 0xF589, 0xF589, 0x9BA8, 0x51A3, 0x3943, 0x28E2, 0x18A2, 0x1062,
        0x20E2, 0x3943, 0x51C3, 0x7244, 0x92E4, 0xD447, 0xF589, 0xF589, 0xF589, 0xF589, 0xABE8, 0x6224, 0x4983, 0x3123, 0x20C2, 0x1082,
        0x20C2, 0x3123, 0x4983, 0x6204, 0x7A84, 0xBC08, 0xCC48, 0xF589, 0xF589, 0xB408, 0xA3C8, 0x59E3, 0x4163, 0x2902, 0x18A2, 0x1082,
        0x18A2, 0x2902, 0x3943, 0x49A3, 0x93A9, 0xA3C8, 0xABE8, 0xABE8, 0xABE8, 0x9BA8, 0x9389, 0x8369, 0x3123, 0x20E2, 0x10A2, 0x0862,
        0x1082, 0x18C2, 0x2903, 0x3943, 0x4983, 0x59C3, 0x6204, 0x9389, 0x9389, 0x51C3, 0x4183, 0x3123, 0x28E2, 0x18A2, 0x1082, 0x0862,
        0x0862, 0x1082, 0x18C2, 0x28E2, 0x3123, 0x3943, 0x4163, 0x7B49, 0x7B49, 0x3943, 0x3103, 0x20E2, 0x18A2, 0x1082, 0x0862, 0x0862,
        0x0862, 0x0882, 0x1082, 0x18A2, 0x20C2, 0x6B09, 0x6B09, 0x6B29, 0x6B09, 0x6B09, 0x630A, 0x10A2, 0x1082, 0x0862, 0x0862, 0x0062,
        0x0062, 0x0862, 0x0862, 0x29E3, 0x5AEA, 0x62EA, 0x62EA, 0x62EA, 0x62EA, 0x5AEA, 0x5AEA, 0x5AEA, 0x29E3, 0x0862, 0x0062, 0x0062,
        0x10A2, 0x10A2, 0x10A2, 0x10A2, 0x10A2, 0x18A2, 0x18A2, 0x18A2, 0x18A2, 0x18A2, 0x10A2, 0x10A2, 0x10A2, 0x10A2, 0x10A2, 0x10A2,
        0x1122, 0x1122, 0x0862, 0x10A2, 0x10A2, 0x10A2, 0x10A2, 0x10A2, 0x10A2, 0x10A2, 0x10A2, 0x10A2, 0x10A2, 0x0862, 0x1122, 0x1122,
    },
    {
        0x0021, 0x0041, 0x0041, 0x0841, 0x0841, 0x0861, 0x0862, 0x5AEA, 0x5AEA, 0x0861, 0x0841, 0x0841, 0x0041, 0x0041, 0x0021, 0x0021,
        0x0041, 0x0041, 0x0841, 0x0861, 0x0862, 0x5AEA, 0x62EA, 0x62EA, 0x62EA, 0x5AEA, 0x5AEA, 0x0861, 0x0841, 0x0041, 0x0041, 0x0021,
        0x0842, 0x5AEA, 0x0862, 0x5AEA, 0x62EA, 0x630A, 0x630A, 0x6309, 0x630A, 0x630A, 0x62EA, 0x5AEA, 0x5AEA, 0x0842, 0x5ACA, 0x0041,
        0x0842, 0x0862, 0x5AEA, 0x62EA, 0x6309, 0x6B09, 0x6B09, 0x6B09, 0x6B09, 0x6B09, 0x630A, 0x62EA, 0x5AEA, 0x5AEA, 0x0842, 0x0041,
        0x0862, 0x1082, 0x1082, 0x18A2, 0x41E5, 0x4A05, 0x5205, 0x5225, 0x5205, 0x4A05, 0x41E5, 0x39C5, 0x1082, 0x1062, 0x0862, 0x0842,
        0x18A2, 0x28E2, 0x3943, 0x51A3, 0x6A24, 0xABE8, 0xC428, 0xF589, 0xF589, 0xABE8, 0x9BA8, 0x51A3, 0x3943, 0x28E2, 0x18A2, 0x0862,
        0x18A2, 0x2902, 0x3943, 0x51C3, 0x7244, 0xB408, 0xF589, 0xF589, 0xF589, 0xF589, 0x9BA8, 0x51C3, 0x3943, 0x28E2, 0x18A2, 0x1082,
        0x20C2, 0x3123, 0x51A3, 0x6A44, 0x92E4, 0xCC48, 0xF589, 0xF589, 0xF589, 0xF589, 0xB3E8, 0x6A24, 0x49A3, 0x3123, 0x20C2, 0x1082,
        0x18C2, 0x3103, 0x4183, 0x6203, 0x7A84, 0xBC08, 0xCC48, 0xF589, 0xF589, 0xBC08, 0xA3C8, 0x59E3, 0x4163, 0x2902, 0x18C2, 0x1082,
        0x18A2, 0x20E2, 0x3943, 0x49A3, 0x9389, 0xA3C8, 0xABE8, 0xB3E8, 0xABE8, 0xA3C8, 0x9389, 0x8369, 0x3943, 0x20E2, 0x18A2, 0x0882,
        0x1082, 0x18C2, 0x2903, 0x3943, 0x4983, 0x51C3, 0x6204, 0x9389, 0x9389, 0x51C3, 0x4983, 0x3943, 0x2902, 0x18C2, 0x1082, 0x0862,
        0x0862, 0x1082, 0x18C2, 0x28E2, 0x3123, 0x3943, 0x4163, 0x7B49, 0x7B49, 0x3943, 0x3123, 0x20E2, 0x18C2, 0x1082, 0x0862, 0x0862,
        0x0862, 0x0862, 0x1082, 0x18A2, 0x20C2, 0x6B09, 0x6B09, 0x6B29, 0x6B09, 0x6B09, 0x6309, 0x18A2, 0x1082, 0x0862, 0x0862, 0x0062,
        0x0062, 0x0862, 0x0862, 0x29E3, 0x5AEA, 0x62EA, 0x62EA, 0x62EA, 0x62EA, 0x62EA, 0x5AEA, 0x5AEA, 0x29E3, 0x0862, 0x0062, 0x0062,
        0x10A2, 0x10A2, 0x10A2, 0x10A2, 0x10A2, 0x18A2, 0x18A2, 0x18A2, 0x18A2, 0x18A2, 0x10A2, 0x10A2, 0x10A2, 0x10A2, 0x10A2, 0x10A2,
        0x1122, 0x1122, 0x0862, 0x10A2, 0x10A2, 0x10A2, 0x10A2, 0x10A2, 0x10A2, 0x10A2, 0x10A2, 0x10A2, 0x10A2, 0x0862, 0x1122, 0x1122,
    },
    {
        0x0021, 0x0041, 0x0041, 0x0841, 0x0841, 0x0841, 0x0861, 0x5AEA, 0x5AEA, 0x0861, 0x0841, 0x0841, 0x0041, 0x0041, 0x0021, 0x0021,
        0x0041, 0x0041, 0x0841, 0x0861, 0x0862, 0x5AEA, 0x62EA, 0x62EA, 0x62EA, 0x5AEA, 0x5AEA, 0x0861, 0x0841, 0x0041, 0x0041, 0x0021,
        0x0841, 0x5ACA, 0x0862, 0x5AEA, 0x62EA, 0x62EA, 0x630A, 0x630A, 0x630A, 0x62EA, 0x62EA, 0x5AEA, 0x5AEA, 0x0842, 0x5ACA, 0x0041,
        0x0842, 0x0862, 0x5AEA, 0x62EA, 0x630A, 0x6B09, 0x6B09, 0x6B09, 0x6B09, 0x6B09, 0x630A, 0x62EA, 0x5AEA, 0x5AEA, 0x0842, 0x0041,
        0x0862, 0x0862, 0x1082, 0x18A2, 0x41E5, 0x49E5, 0x4A05, 0x5205, 0x4A05, 0x4A05, 0x41E5, 0x39C5, 0x1082, 0x1062, 0x0862, 0x0842,
        0x18A2, 0x20E2, 0x3123, 0x4983, 0x6203, 0xA3C8, 0xBC08, 0xED48, 0xED48, 0xABE8, 0x9BA9, 0x51A3, 0x3943, 0x28E2, 0x18A2, 0x1082,
        0x18A2, 0x28E2, 0x3943, 0x49A3, 0x6A24, 0xABE8, 0xED48, 0xED48, 0xED48, 0xED48, 0x9BA8, 0x51C3, 0x3943, 0x28E2, 0x18A2, 0x1082,
        0x18C2, 0x3123, 0x4983, 0x6204, 0x82A4, 0xC428, 0xED48, 0xED48, 0xED48, 0xED48, 0xB3E8, 0x6A24, 0x49A3, 0x3123, 0x20C2, 0x1082,
        0x18A2, 0x2902, 0x4163, 0x51C3, 0x7244, 0xB3E8, 0xC428, 0xED48, 0xED48, 0xB408, 0xA3C8, 0x59E3, 0x4163, 0x3103, 0x18C2, 0x1082,
        0x10A2, 0x20E2, 0x3123, 0x4183, 0x8B89, 0x9BA8, 0xA3C8, 0xABE8, 0xABC8, 0x9BA8, 0x9389, 0x8369, 0x3143, 0x20E2, 0x18A2, 0x0882,
        0x1082, 0x18A2, 0x20E2, 0x3123, 0x4163, 0x51A3, 0x59E3, 0x9389, 0x9389, 0x51C3, 0x4183, 0x3943, 0x2902, 0x18C2, 0x1082, 0x0862,
        0x0862, 0x1082, 0x18A2, 0x20E2, 0x2903, 0x3143, 0x3943, 0x7B49, 0x7B49, 0x3943, 0x3123, 0x20E2, 0x18C2, 0x1082, 0x0862, 0x0862,
        0x0862, 0x0862, 0x1082, 0x10A2, 0x18C2, 0x6B09, 0x6B09, 0x6B09, 0x6B09, 0x6B09, 0x630A, 0x18A2, 0x1082, 0x0862, 0x0862, 0x0062,
        0x0062, 0x0862, 0x0862, 0x29E3, 0x5AEA, 0x5AEA, 0x62EA, 0x62EA, 0x62EA, 0x5AEA, 0x5AEA, 0x5AEA, 0x29E3, 0x0862, 0x0062, 0x0062,
        0x10A2, 0x10A2, 0x10A2, 0x10A2, 0x10A2, 0x18A2, 0x18A2, 0x18A2, 0x18A2, 0x18A2, 0x10A2, 0x10A2, 0x10A2, 0x10A2, 0x10A2, 0x10A2,
        0x1122, 0x1122, 0x0862, 0x10A2, 0x10A2, 0x10A2, 0x10A2, 0x10A2, 0x10A2, 0x10A2, 0x10A2, 0x10A2, 0x10A2, 0x0862, 0x1122, 0x1122,
    },
    {
        0x0021, 0x0041, 0x0041, 0x0841, 0x0841, 0x0841, 0x0841, 0x5AEA, 0x5AEA, 0x0841, 0x0841, 0x0841, 0x0041, 0x0041, 0x0021, 0x0021,
        0x0041, 0x0041, 0x0841, 0x0841, 0x0862, 0x5AEA, 0x5AEA, 0x5AEA, 0x5AEA, 0x5AEA, 0x5AEA, 0x0861, 0x0841, 0x0041, 0x0041, 0x0021,
        0x0041, 0x5ACA, 0x0862, 0x5AEA, 0x5AEA, 0x62EA, 0x62EA, 0x630A, 0x62EA, 0x62EA, 0x62EA, 0x5AEA, 0x5AEA, 0x0842, 0x5ACA, 0x0041,
        0x0842, 0x0862, 0x5AEA, 0x62EA, 0x62EA, 0x630A, 0x6B09, 0x6B09, 0x6B09, 0x6309, 0x630A, 0x62EA, 0x5AEA, 0x5AEA, 0x0842, 0x0041,
        0x0862, 0x0862, 0x1082, 0x10A2, 0x41C5, 0x41E5, 0x4A05, 0x4A05, 0x4A05, 0x49E5, 0x41E5, 0x39C5, 0x1082, 0x0862, 0x0862, 0x0842,
        0x1082, 0x20C2, 0x3102, 0x4163, 0x51C3, 0x9BA8, 0xABE8, 0xE508, 0xE508, 0xA3C8, 0x9389, 0x4983, 0x3123, 0x20E2, 0x18A2, 0x1062,
        0x1082, 0x20C2, 0x3122, 0x4163, 0x59E3, 0xA3C8, 0xE508, 0xE508, 0xE508, 0xE508, 0x9BA9, 0x49A3, 0x3943, 0x28E2, 0x18A2, 0x1082,
        0x18A2, 0x2902, 0x3963, 0x59C3, 0x7264, 0xB408, 0xE508, 0xE508, 0xE508, 0xE508, 0xABE8, 0x6204, 0x4983, 0x3123, 0x20C2, 0x1082,
        0x18A2, 0x20E2, 0x3943, 0x49A3, 0x6204, 0xA3C8, 0xB408, 0xE508, 0xE508, 0xABE8, 0x9BA8, 0x51C3, 0x4163, 0x2902, 0x18C2, 0x1082,
        0x1082, 0x18C2, 0x2903, 0x3963, 0x8B69, 0x9389, 0x9BA8, 0xA3C8, 0xA3C8, 0x9BA9, 0x8B89, 0x8369, 0x3123, 0x20E2, 0x18A2, 0x0882,
        0x0882, 0x18A2, 0x20C2, 0x2903, 0x3943, 0x4983, 0x51A3, 0x8B89, 0x8B69, 0x49A3, 0x4163, 0x3123, 0x28E2, 0x18C2, 0x1082, 0x0862,
        0x0862, 0x1082, 0x18A2, 0x20C2, 0x2902, 0x3123, 0x3943, 0x7B49, 0x7B49, 0x3123, 0x2903, 0x20E2, 0x18A2, 0x1082, 0x0862, 0x0862,
        0x0862, 0x0862, 0x0882, 0x10A2, 0x18A2, 0x6309, 0x6B09, 0x6B09, 0x6B09, 0x6B09, 0x630A, 0x10A2, 0x1082, 0x0862, 0x0862, 0x0062,
        0x0062, 0x0862, 0x0862, 0x29E3, 0x5AEA, 0x5AEA, 0x5AEA, 0x62EA, 0x62EA, 0x5AEA, 0x5AEA, 0x5AEA, 0x29E3, 0x0862, 0x0062, 0x0062,
        0x10A2, 0x10A2, 0x10A2, 0x10A2, 0x10A2, 0x10A2, 0x18A2, 0x18A2, 0x18A2, 0x18A2, 0x10A2, 0x10A2, 0x10A2, 0x10A2, 0x10A2, 0x10A2,
        0x1122, 0x1122, 0x0862, 0x10A2, 0x10A2, 0x10A2, 0x10A2, 0x10A2, 0x10A2, 0x10A2, 0x10A2, 0x10A2, 0x10A2, 0x0862, 0x1122, 0x1122,
    },
    {
        0x0021, 0x0041, 0x0041, 0x0041, 0x0841, 0x0841, 0x0841, 0x5AEA, 0x5AEA, 0x0841, 0x0841, 0x0841, 0x0041, 0x0041, 0x0021, 0x0021,
        0x0041, 0x0041, 0x0841, 0x0841, 0x0861, 0x5AEA, 0x5AEA, 0x5AEA, 0x5AEA, 0x5AEA, 0x5AEA, 0x0861, 0x0841, 0x0041, 0x0041, 0x0021,
        0x0041, 0x5ACA, 0x0862, 0x5AEA, 0x5AEA, 0x62EA, 0x62EA, 0x62EA, 0x62EA, 0x62EA, 0x62EA, 0x5AEA, 0x5AEA, 0x0842, 0x5ACA, 0x0041,
        0x0842, 0x0862, 0x5AEA, 0x5AEA, 0x62EA, 0x630A, 0x6B09, 0x6B09, 0x6B09, 0x6309, 0x630A, 0x62EA, 0x5AEA, 0x5AEA, 0x0842, 0x0041,
        0x0862, 0x0862, 0x1082, 0x1082, 0x41C5, 0x41E5, 0x49E5, 0x4A05, 0x4A05, 0x41E5, 0x41E5, 0x39C5, 0x1082, 0x0862, 0x0862, 0x0842,
        0x1082, 0x18C2, 0x2902, 0x3943, 0x51A3, 0x9BA9, 0xABC8, 0xDCE7, 0xDCE7, 0xA3C8, 0x9389, 0x4983, 0x3123, 0x20E2, 0x18A2, 0x1062,
        0x1082, 0x20C2, 0x2902, 0x4163, 0x51C3, 0x9BA8, 0xDCE7, 0xDCE7, 0xDCE7, 0xDCE7, 0x93A9, 0x49A3, 0x3943, 0x28E2, 0x18A2, 0x1082,
        0x18A2, 0x28E2, 0x3943, 0x51C3, 0x6A44, 0xB3E8, 0xDCE7, 0xDCE7, 0xDCE7, 0xDCE7, 0xABC8, 0x6203, 0x4983, 0x3123, 0x20C2, 0x1082,
        0x10A2, 0x20E2, 0x3123, 0x4983, 0x59E3, 0xA3C8, 0xB3E8, 0xDCE7, 0xDCE7, 0xABE8, 0x9BA8, 0x51C3, 0x4163, 0x2902, 0x18C2, 0x1082,
        0x1082, 0x18C2, 0x2903, 0x3943, 0x8369, 0x9389, 0x9BA9, 0x9BA8, 0x9BA8, 0x93A9, 0x8B89, 0x8349, 0x3123, 0x20E2, 0x18A2, 0x0882,
        0x0862, 0x10A2, 0x20C2, 0x2903, 0x3943, 0x4183, 0x49A3, 0x8B69, 0x8B69, 0x4983, 0x4163, 0x3123, 0x20E2, 0x18C2, 0x1082, 0x0862,
        0x0862, 0x1082, 0x10A2, 0x18C2, 0x28E2, 0x2903, 0x3123, 0x7B29, 0x7329, 0x3123, 0x2903, 0x20E2, 0x18A2, 0x1082, 0x0862, 0x0862,
        0x0862, 0x0862, 0x0882, 0x10A2, 0x18A2, 0x630A, 0x6B09, 0x6B09, 0x6B09, 0x6B09, 0x630A, 0x10A2, 0x1082, 0x0862, 0x0862, 0x0062,
        0x0062, 0x0062, 0x0862, 0x29E3, 0x5AEA, 0x5AEA, 0x5AEA, 0x62EA, 0x5AEA, 0x5AEA, 0x5AEA, 0x5AEA, 0x29E3, 0x0862, 0x0062, 0x0062,
        0x10A2, 0x10A2, 0x10A2, 0x10A2, 0x10A2, 0x10A2, 0x18A2, 0x18A2, 0x18A2, 0x18A2, 0x10A2, 0x10A2, 0x10A2, 0x10A2, 0x10A2, 0x10A2,
        0x1122, 0x1122, 0x0862, 0x10A2, 0x10A2, 0x10A2, 0x10A2, 0x10A2, 0x10A2, 0x10A2, 0x10A2, 0x10A2, 0x10A2, 0x0862, 0x1122, 0x1122,
    },
    {
        0x0021, 0x0041, 0x0041, 0x0841, 0x0841, 0x0841, 0x0861, 0x5AEA, 0x5AEA, 0x0841, 0x0841, 0x0841, 0x0041, 0x0041, 0x0021, 0x0021,
        0x0041, 0x0041, 0x0841, 0x0841, 0x0862, 0x5AEA, 0x5AEA, 0x5AEA, 0x5AEA, 0x5AEA, 0x5AEA, 0x0861, 0x0841, 0x0041, 0x0041, 0x0021,
        0x0041, 0x5ACA, 0x0862, 0x5AEA, 0x5AEA, 0x62EA, 0x62EA, 0x630A, 0x630A, 0x62EA, 0x62EA, 0x5AEA, 0x5AEA, 0x0842, 0x5ACA, 0x0041,
        0x0842, 0x0862, 0x5AEA, 0x62EA, 0x62EA, 0x630A, 0x6B09, 0x6B09, 0x6B09, 0x6B09, 0x630A, 0x62EA, 0x5AEA, 0x5AEA, 0x0842, 0x0041,
        0x0862, 0x0862, 0x1082, 0x10A2, 0x41C5, 0x41E5, 0x4A05, 0x4A05, 0x4A05, 0x49E5, 0x41E5, 0x39C5, 0x1082, 0x1062, 0x0862, 0x0842,
        0x1082, 0x20C2, 0x2902, 0x4163, 0x51C3, 0x9BA8, 0xABE8, 0xE508, 0xE508, 0xA3C8, 0x93A9, 0x49A3, 0x3943, 0x28E2, 0x18A2, 0x1082,
        0x1082, 0x20C2, 0x3102, 0x4163, 0x59E3, 0xA3C8, 0xE508, 0xE508, 0xE508, 0xE508, 0x9BA9, 0x51A3, 0x3943, 0x28E2, 0x18A2, 0x1082,
        0x18A2, 0x28E2, 0x3943, 0x51C3, 0x7244, 0xB408, 0xE508, 0xE508, 0xE508, 0xE508, 0xABE8, 0x6224, 0x49A3, 0x3123, 0x20C2, 0x1082,
        0x10A2, 0x20E2, 0x3123, 0x49A3, 0x6204, 0xA3C8, 0xB408, 0xE508, 0xE508, 0xB3E8, 0x9BC8, 0x59E3, 0x4163, 0x2902, 0x18C2, 0x1082,
        0x1082, 0x18C2, 0x2903, 0x3963, 0x8B69, 0x9389, 0x9BA8, 0xA3C8, 0xA3C8, 0x9BA9, 0x8B89, 0x8369, 0x3123, 0x20E2, 0x18A2, 0x0882,
        0x0882, 0x10A2, 0x20C2, 0x2903, 0x3943, 0x4983, 0x51A3, 0x8B89, 0x8B69, 0x49A3, 0x4163, 0x3123, 0x28E2, 0x18C2, 0x1082, 0x0862,
        0x0862, 0x1082, 0x10A2, 0x20C2, 0x28E2, 0x3123, 0x3943, 0x7B49, 0x7B49, 0x3123, 0x2903, 0x20E2, 0x18C2, 0x1082, 0x0862, 0x0862,
        0x0862, 0x0862, 0x0882, 0x10A2, 0x18A2, 0x6309, 0x6B09, 0x6B09, 0x6B09, 0x6B09, 0x630A, 0x18A2, 0x1082, 0x0882, 0x0862, 0x0062,
        0x0062, 0x0862, 0x0862, 0x29E3, 0x5AEA, 0x5AEA, 0x5AEA, 0x62EA, 0x62EA, 0x5AEA, 0x5AEA, 0x5AEA, 0x29E3, 0x0862, 0x0062, 0x0062,
        0x10A2, 0x10A2, 0x10A2, 0x10A2, 0x10A2, 0x10A2, 0x18A2, 0x18A2, 0x18A2, 0x18A2, 0x10A2, 0x10A2, 0x10A2, 0x10A2, 0x10A2, 0x10A2,
        0x1122, 0x1122, 0x0862, 0x10A2, 0x10A2, 0x10A2, 0x10A2, 0x10A2, 0x10A2, 0x10A2, 0x10A2, 0x10A2, 0x10A2, 0x0862, 0x1122, 0x1122,
    },
    {
        0x0021, 0x0041, 0x0041, 0x0841, 0x0841, 0x0841, 0x0861, 0x5AEA, 0x5AEA, 0x0841, 0x0841, 0x0841, 0x0041, 0x0041, 0x0021, 0x0021,
        0x0041, 0x0041, 0x0841, 0x0841, 0x0862, 0x5AEA, 0x5AEA, 0x62EA, 0x5AEA, 0x5AEA, 0x5AEA, 0x0861, 0x0841, 0x0841, 0x0041, 0x0021,
        0x0041, 0x5ACA, 0x0862, 0x5AEA, 0x62EA, 0x62EA, 0x630A, 0x630A, 0x630A, 0x62EA, 0x62EA, 0x5AEA, 0x5AEA, 0x0862, 0x5ACA, 0x0041,
        0x0842, 0x0862, 0x5AEA, 0x62EA, 0x630A, 0x6309, 0x6B09, 0x6B09, 0x6B09, 0x6B09, 0x630A, 0x62EA, 0x5AEA, 0x5AEA, 0x0842, 0x0041,
        0x0862, 0x0862, 0x1082, 0x18A2, 0x41E5, 0x49E5, 0x4A05, 0x4A05, 0x4A05, 0x4A05, 0x41E5, 0x39C5, 0x1082, 0x1082, 0x0862, 0x0842,
        0x1082, 0x20C2, 0x3122, 0x4183, 0x59E3, 0xA3C8, 0xB408, 0xED48, 0xED48, 0xABE8, 0x9BA9, 0x51A3, 0x3943, 0x28E2, 0x18A2, 0x1082,
        0x18A2, 0x20C2, 0x3123, 0x4983, 0x6203, 0xABC8, 0xED48, 0xED48, 0xED48, 0xED48, 0x9BA8, 0x51C3, 0x3943, 0x2902, 0x18A2, 0x1082,
        0x18A2, 0x2902, 0x4163, 0x59E3, 0x7A84, 0xBC08, 0xED48, 0xED48, 0xED48, 0xED48, 0xB3E8, 0x6A24, 0x49A3, 0x3123, 0x20E2, 0x1082,
        0x18A2, 0x28E2, 0x3943, 0x51A3, 0x6A24, 0xABE8, 0xBC08, 0xED48, 0xED48, 0xB408, 0xA3C8, 0x59E3, 0x4163, 0x3103, 0x18C2, 0x1082,
        0x1082, 0x20C2, 0x3123, 0x4163, 0x8B89, 0x9BA9, 0xA3C8, 0xA3C8, 0xA3C8, 0x9BA8, 0x9389, 0x8369, 0x3943, 0x20E2, 0x18A2, 0x0882,
        0x1082, 0x18A2, 0x20E2, 0x3123, 0x4163, 0x49A3, 0x51C3, 0x8B89, 0x8B89, 0x51A3, 0x4183, 0x3943, 0x2902, 0x18C2, 0x1082, 0x0862,
        0x0862, 0x1082, 0x18A2, 0x20C2, 0x2903, 0x3123, 0x3943, 0x7B49, 0x7B49, 0x3943, 0x3103, 0x20E2, 0x18C2, 0x1082, 0x0862, 0x0862,
        0x0862, 0x0862, 0x1082, 0x10A2, 0x18C2, 0x6B09, 0x6B09, 0x6B09, 0x6B09, 0x6B09, 0x630A, 0x18A2, 0x1082, 0x0882, 0x0862, 0x0062,
        0x0062, 0x0862, 0x0862, 0x29E3, 0x5AEA, 0x5AEA, 0x62EA, 0x62EA, 0x62EA, 0x5AEA, 0x5AEA, 0x5AEA, 0x29E3, 0x0862, 0x0062, 0x0062,
        0x10A2, 0x10A2, 0x10A2, 0x10A2, 0x10A2, 0x10A2, 0x18A2, 0x18A2, 0x18A2, 0x18A2, 0x10A2, 0x10A2, 0x10A2, 0x10A2, 0x10A2, 0x10A2,
        0x1122, 0x1122, 0x0862, 0x10A2, 0x10A2, 0x10A2, 0x10A2, 0x10A2, 0x10A2, 0x10A2, 0x10A2, 0x10A2, 0x10A2, 0x0862, 0x1122, 0x1122,
    },
    {
        0x0021, 0x0041, 0x0041, 0x0841, 0x0841, 0x0841, 0x0861, 0x5AEA, 0x5AEA, 0x0841, 0x0841, 0x0841, 0x0041, 0x0041, 0x0021, 0x0021,
        0x0041, 0x0041, 0x0841, 0x0841, 0x0862, 0x5AEA, 0x5AEA, 0x5AEA, 0x5AEA, 0x5AEA, 0x5AEA, 0x0861, 0x0841, 0x0041, 0x0041, 0x0021,
        0x0041, 0x5ACA, 0x0862, 0x5AEA, 0x62EA, 0x62EA, 0x630A, 0x630A, 0x630A, 0x62EA, 0x62EA, 0x5AEA, 0x5AEA, 0x0842, 0x5ACA, 0x0041,
        0x0842, 0x0862, 0x5AEA, 0x62EA, 0x630A, 0x6309, 0x6B09, 0x6B09, 0x6B09, 0x6B09, 0x630A, 0x62EA, 0x5AEA, 0x5AEA, 0x0842, 0x0041,
        0x0862, 0x0862, 0x1082, 0x18A2, 0x41E5, 0x49E5, 0x4A05, 0x4A05, 0x4A05, 0x49E5, 0x41E5, 0x39C5, 0x1082, 0x0862, 0x0862, 0x0842,
        0x10A2, 0x20C2, 0x3122, 0x4183, 0x59E3, 0xA3C8, 0xB3E8, 0xE528, 0xE528, 0xA3C8, 0x9389, 0x4983, 0x3123, 0x20E2, 0x18A2, 0x0862,
        0x18A2, 0x20E2, 0x3123, 0x4983, 0x6203, 0xABC8, 0xE528, 0xE528, 0xE528, 0xE528, 0x9BA9, 0x51A3, 0x3943, 0x28E2, 0x18A2, 0x1082,
        0x18C2, 0x2902, 0x4163, 0x59E3, 0x7A84, 0xBC08, 0xE528, 0xE528, 0xE528, 0xE528, 0xABE8, 0x6204, 0x4983, 0x3123, 0x20C2, 0x1082,
        0x18A2, 0x28E2, 0x3943, 0x51A3, 0x6A24, 0xABE8, 0xBC08, 0xE528, 0xE528, 0xB3E8, 0x9BA8, 0x59C3, 0x4163, 0x2902, 0x18C2, 0x1082,
        0x10A2, 0x20C2, 0x3123, 0x4163, 0x8B89, 0x9BA9, 0xA3C8, 0xA3C8, 0xA3C8, 0x9BA8, 0x8B89, 0x8369, 0x3123, 0x20E2, 0x18A2, 0x0882,
        0x1082, 0x18A2, 0x20E2, 0x3123, 0x4163, 0x49A3, 0x51C3, 0x8B89, 0x8B89, 0x49A3, 0x4163, 0x3123, 0x28E2, 0x18A2, 0x1082, 0x0862,
        0x0862, 0x1082, 0x18A2, 0x20C2, 0x2903, 0x3123, 0x3943, 0x7B49, 0x7B49, 0x3123, 0x2903, 0x20E2, 0x18A2, 0x1082, 0x0862, 0x0862,
        0x0862, 0x0862, 0x1082, 0x10A2, 0x18C2, 0x6B09, 0x6B09, 0x6B09, 0x6B09, 0x6B09, 0x630A, 0x10A2, 0x1082, 0x0862, 0x0862, 0x0062,
        0x0062, 0x0862, 0x0862, 0x29E3, 0x5AEA, 0x5AEA, 0x62EA, 0x62EA, 0x62EA, 0x5AEA, 0x5AEA, 0x5AEA, 0x29E3, 0x0862, 0x0062, 0x0062,
        0x10A2, 0x10A2, 0x10A2, 0x10A2, 0x10A2, 0x18A2, 0x18A2, 0x18A2, 0x18A2, 0x18A2, 0x10A2, 0x10A2, 0x10A2, 0x10A2, 0x10A2, 0x10A2,
        0x1122, 0x1122, 0x0862, 0x10A2, 0x10A2, 0x10A2, 0x10A2, 0x10A2, 0x10A2, 0x10A2, 0x10A2, 0x10A2, 0x10A2, 0x0862, 0x1122, 0x1122,
    },
    {
        0x0021, 0x0041, 0x0041, 0x0841, 0x0841, 0x0841, 0x0841, 0x5AEA, 0x5AEA, 0x0841, 0x0841, 0x0841, 0x0041, 0x0041, 0x0021, 0x0021,
        0x0041, 0x0041, 0x0841, 0x0841, 0x0862, 0x5AEA, 0x5AEA, 0x5AEA, 0x5AEA, 0x5AEA, 0x5AEA, 0x0841, 0x0841, 0x0041, 0x0041, 0x0021,
        0x0841, 0x5ACA, 0x0862, 0x5AEA, 0x62EA, 0x62EA, 0x62EA, 0x62EA, 0x62EA, 0x62EA, 0x5AEA, 0x5AEA, 0x5AEA, 0x0842, 0x5ACA, 0x0041,
        0x0842, 0x0862, 0x5AEA, 0x62EA, 0x62EA, 0x630A, 0x6B09, 0x6B09, 0x6B09, 0x630A, 0x62EA, 0x62EA, 0x5AEA, 0x5AEA, 0x0842, 0x0041,
        0x0862, 0x0862, 0x1082, 0x18A2, 0x41C5, 0x41E5, 0x4A05, 0x4A05, 0x4A05, 0x41E5, 0x41C5, 0x39C5, 0x1082, 0x0862, 0x0862, 0x0042,
        0x10A2, 0x20C2, 0x3122, 0x4163, 0x59C3, 0x9BA8, 0xABE8, 0xDCE7, 0xDCE7, 0x9BA8, 0x8B89, 0x4163, 0x3102, 0x20C2, 0x1082, 0x0862,
        0x18A2, 0x20E2, 0x3123, 0x4983, 0x59E3, 0xA3C8, 0xDCE7, 0xDCE7, 0xDCE7, 0xDCE7, 0x9389, 0x4183, 0x3122, 0x20C2, 0x18A2, 0x0862,
        0x18C2, 0x2902, 0x4163, 0x59E3, 0x7264, 0xBC08, 0xDCE7, 0xDCE7, 0xDCE7, 0xDCE7, 0xA3C8, 0x59E3, 0x4163, 0x2902, 0x18C2, 0x1082,
        0x18A2, 0x28E2, 0x3943, 0x49A3, 0x6204, 0xA3C8, 0xB408, 0xDCE7, 0xDCE7, 0xA3C8, 0x93A9, 0x49A3, 0x3943, 0x28E2, 0x18A2, 0x0882,
        0x10A2, 0x20C2, 0x2903, 0x4163, 0x8B69, 0x9389, 0x9BA8, 0x9BA8, 0x9BA8, 0x9389, 0x8B69, 0x7B49, 0x2903, 0x20C2, 0x10A2, 0x0862,
        0x1082, 0x18A2, 0x20E2, 0x3123, 0x3943, 0x4983, 0x51A3, 0x8B69, 0x8369, 0x4983, 0x3943, 0x3103, 0x20E2, 0x18A2, 0x1082, 0x0862,
        0x0862, 0x1082, 0x18A2, 0x20C2, 0x2902, 0x3123, 0x3123, 0x7B49, 0x7329, 0x3123, 0x2902, 0x20C2, 0x18A2, 0x1082, 0x0862, 0x0862,
        0x0862, 0x0862, 0x1082, 0x10A2, 0x18C2, 0x6309, 0x6B09, 0x6B09, 0x6B09, 0x6309, 0x62EA, 0x10A2, 0x1082, 0x0862, 0x0862, 0x0062,
        0x0062, 0x0862, 0x0862, 0x29E3, 0x5AEA, 0x5AEA, 0x5AEA, 0x62EA, 0x5AEA, 0x5AEA, 0x5AEA, 0x5AEA, 0x29E3, 0x0862, 0x0062, 0x0062,
        0x10A2, 0x10A2, 0x10A2, 0x10A2, 0x10A2, 0x10A2, 0x18A2, 0x18A2, 0x18A2, 0x10A2, 0x10A2, 0x10A2, 0x10A2, 0x10A2, 0x10A2, 0x10A2,
        0x1122, 0x1122, 0x0862, 0x10A2, 0x10A2, 0x10A2, 0x10A2, 0x10A2, 0x10A2, 0x10A2, 0x10A2, 0x10A2, 0x10A2, 0x0862, 0x1122, 0x1122,
    },
    {
        0x0021, 0x0041, 0x0041, 0x0841, 0x0841, 0x0841, 0x0841, 0x5AEA, 0x5AEA, 0x0841, 0x0841, 0x0041, 0x0041, 0x0041, 0x0021, 0x0021,
        0x0041, 0x0041, 0x0841, 0x0841, 0x0862, 0x5AEA, 0x5AEA, 0x5AEA, 0x5AEA, 0x5AEA, 0x5AEA, 0x0841, 0x0841, 0x0041, 0x0041, 0x0021,
        0x0841, 0x5ACA, 0x0862, 0x5AEA, 0x5AEA, 0x62EA, 0x62EA, 0x62EA, 0x62EA, 0x62EA, 0x5AEA, 0x5AEA, 0x5AEA, 0x0842, 0x52CA, 0x0041,
        0x0842, 0x0862, 0x5AEA, 0x62EA, 0x62EA, 0x630A, 0x6309, 0x6B09, 0x6309, 0x630A, 0x62EA, 0x5AEA, 0x5AEA, 0x5AEA, 0x0842, 0x0041,
        0x0862, 0x0862, 0x1082, 0x18A2, 0x41C5, 0x41E5, 0x49E5, 0x4A05, 0x49E5, 0x41E5, 0x39C5, 0x39A5, 0x1082, 0x0862, 0x0862, 0x0042,
        0x10A2, 0x20C2, 0x3102, 0x4163, 0x51C3, 0x9BA8, 0xABE8, 0xDCC7, 0xDCC7, 0x9BA9, 0x8B69, 0x3943, 0x2902, 0x18C2, 0x1082, 0x0862,
        0x18A2, 0x20E2, 0x3122, 0x4183, 0x59E3, 0xA3C8, 0xDCC7, 0xDCC7, 0xDCC7, 0xDCC7, 0x8B89, 0x4163, 0x2902, 0x20C2, 0x1082, 0x0862,
        0x18C2, 0x2902, 0x4163, 0x59C3, 0x7264, 0xB408, 0xDCC7, 0xDCC7, 0xDCC7, 0xDCC7, 0x9BA8, 0x51A3, 0x3943, 0x28E2, 0x18A2, 0x1082,
        0x18A2, 0x28E2, 0x3943, 0x49A3, 0x6204, 0xA3C8, 0xB3E8, 0xDCC7, 0xDCC7, 0xA3C8, 0x9389, 0x4183, 0x3123, 0x20E2, 0x10A2, 0x0862,
        0x10A2, 0x20C2, 0x2903, 0x3963, 0x8B69, 0x9389, 0x9BA9, 0x9BA8, 0x93A9, 0x8B89, 0x8369, 0x7B49, 0x2903, 0x18C2, 0x1082, 0x0862,
        0x1082, 0x18A2, 0x20E2, 0x3103, 0x3943, 0x4183, 0x49A3, 0x8369, 0x8369, 0x4163, 0x3943, 0x2903, 0x20C2, 0x10A2, 0x0882, 0x0862,
        0x0862, 0x1082, 0x18A2, 0x20C2, 0x28E2, 0x3103, 0x3123, 0x7329, 0x7329, 0x2903, 0x20E2, 0x18C2, 0x10A2, 0x1082, 0x0862, 0x0842,
        0x0862, 0x0862, 0x1082, 0x10A2, 0x18A2, 0x630A, 0x6B09, 0x6B09, 0x6B09, 0x630A, 0x62EA, 0x10A2, 0x0882, 0x0862, 0x0862, 0x0062,
        0x0062, 0x0862, 0x0862, 0x29E3, 0x5AEA, 0x5AEA, 0x5AEA, 0x5AEA, 0x5AEA, 0x5AEA, 0x5AEA, 0x5ACA, 0x29E3, 0x0862, 0x0062, 0x0062,
        0x10A2, 0x10A2, 0x10A2, 0x10A2, 0x10A2, 0x10A2, 0x18A2, 0x18A2, 0x18A2, 0x10A2, 0x10A2, 0x10A2, 0x10A2, 0x10A2, 0x10A2, 0x10A2,
        0x1122, 0x1122, 0x0862, 0x10A2, 0x10A2, 0x10A2, 0x10A2, 0x10A2, 0x10A2, 0x10A2, 0x10A2, 0x10A2, 0x10A2, 0x0862, 0x1122, 0x1122,
    },
    {
        0x0021, 0x0041, 0x0041, 0x0841, 0x0841, 0x0841, 0x0841, 0x5AEA, 0x5AEA, 0x0841, 0x0841, 0x0041, 0x0041, 0x0041, 0x0021, 0x0021,
        0x0041, 0x0041, 0x0841, 0x0841, 0x0862, 0x5AEA, 0x5AEA, 0x5AEA, 0x5AEA, 0x5AEA, 0x5AEA, 0x0841, 0x0841, 0x0041, 0x0041, 0x0021,
        0x0841, 0x5ACA, 0x0862, 0x5AEA, 0x5AEA, 0x62EA, 0x62EA, 0x62EA, 0x62EA, 0x62EA, 0x5AEA, 0x5AEA, 0x5AEA, 0x0842, 0x52CA, 0x0041,
        0x0842, 0x0862, 0x5AEA, 0x62EA, 0x62EA, 0x630A, 0x6309, 0x6B09, 0x6309, 0x630A, 0x62EA, 0x5AEA, 0x5AEA, 0x5AEA, 0x0841, 0x0041,
        0x0862, 0x0862, 0x1082, 0x18A2, 0x41C5, 0x41E5, 0x49E5, 0x49E5, 0x41E5, 0x41E5, 0x39C5, 0x39A5, 0x1082, 0x0862, 0x0842, 0x0042,
        0x18A2, 0x20C2, 0x3122, 0x4163, 0x59C3, 0x9BA8, 0xABE8, 0xDCC7, 0xDCC7, 0x9389, 0x8369, 0x3943, 0x28E2, 0x18A2, 0x1082, 0x0862,
        0x18A2, 0x20E2, 0x3123, 0x4983, 0x59E3, 0xA3C8, 0xDCC7, 0xDCC7, 0xDCC7, 0xDCC7, 0x8B69, 0x3943, 0x2902, 0x18C2, 0x1082, 0x0862,
        0x18C2, 0x2902, 0x4163, 0x59E3, 0x7264, 0xB408, 0xDCC7, 0xDCC7, 0xDCC7, 0xDCC7, 0x9BA9, 0x49A3, 0x3943, 0x20E2, 0x18A2, 0x0862,
        0x18A2, 0x28E2, 0x3943, 0x49A3, 0x6204, 0xA3C8, 0xABE8, 0xDCC7, 0xDCC7, 0x9BA8, 0x8B89, 0x4163, 0x3123, 0x20C2, 0x1082, 0x0862,
        0x10A2, 0x20C2, 0x3123, 0x3963, 0x8B69, 0x9389, 0x9BA9, 0x9BA9, 0x93A9, 0x8B89, 0x8369, 0x7329, 0x28E2, 0x18C2, 0x1082, 0x0862,
        0x1082, 0x18A2, 0x20E2, 0x3103, 0x3943, 0x4183, 0x49A3, 0x8369, 0x8369, 0x4163, 0x3123, 0x2902, 0x18C2, 0x10A2, 0x0862, 0x0862,
        0x0862, 0x1082, 0x18A2, 0x20C2, 0x28E2, 0x3103, 0x3123, 0x7329, 0x7329, 0x2903, 0x20E2, 0x18C2, 0x10A2, 0x0882, 0x0862, 0x0842,
        0x0862, 0x0862, 0x1082, 0x10A2, 0x18C2, 0x630A, 0x6B09, 0x6B09, 0x6309, 0x630A, 0x62EA, 0x1082, 0x0882, 0x0862, 0x0862, 0x0062,
        0x0062, 0x0862, 0x0862, 0x29E3, 0x5AEA, 0x5AEA, 0x5AEA, 0x5AEA, 0x5AEA, 0x5AEA, 0x5AEA, 0x5ACA, 0x29E3, 0x0062, 0x0062, 0x0062,
        0x10A2, 0x10A2, 0x10A2, 0x10A2, 0x10A2, 0x10A2, 0x18A2, 0x18A2, 0x18A2, 0x10A2, 0x10A2, 0x10A2, 0x10A2, 0x10A2, 0x10A2, 0x10A2,
        0x1122, 0x1122, 0x0862, 0x10A2, 0x10A2, 0x10A2, 0x10A2, 0x10A2, 0x10A2, 0x10A2, 0x10A2, 0x10A2, 0x10A2, 0x0862, 0x1122, 0x1122,
    },
    {
        0x0021, 0x0041, 0x0041, 0x0841, 0x0841, 0x0841, 0x0841, 0x5AEA, 0x5AEA, 0x0841, 0x0841, 0x0041, 0x0041, 0x0021, 0x0021, 0x0021,
        0x0041, 0x0041, 0x0841, 0x0841, 0x0861, 0x5AEA, 0x5AEA, 0x5AEA, 0x5AEA, 0x5AEA, 0x5AEA, 0x0841, 0x0841, 0x0041, 0x0021, 0x0021,
        0x0841, 0x5ACA, 0x0862, 0x5AEA, 0x5AEA, 0x62EA, 0x62EA, 0x62EA, 0x62EA, 0x62EA, 0x5AEA, 0x5AEA, 0x5AEA, 0x0842, 0x52CA, 0x0041,
        0x0842, 0x0862, 0x5AEA, 0x62EA, 0x62EA, 0x630A, 0x6309, 0x6309, 0x630A, 0x62EA, 0x62EA, 0x5AEA, 0x5AEA, 0x5ACA, 0x0841, 0x0041,
        0x0862, 0x0862, 0x1082, 0x10A2, 0x41C5, 0x41E5, 0x49E5, 0x49E5, 0x41E5, 0x41C5, 0x39C5, 0x39A5, 0x1062, 0x0862, 0x0842, 0x0042,
        0x10A2, 0x20C2, 0x3102, 0x4163, 0x51C3, 0x9BA8, 0xA3C8, 0xD4A7, 0xD4A7, 0x9389, 0x8369, 0x3923, 0x28E2, 0x18A2, 0x1082, 0x0862,
        0x18A2, 0x20E2, 0x3122, 0x4163, 0x59E3, 0xA3C8, 0xD4A7, 0xD4A7, 0xD4A7, 0xD4A7, 0x8369, 0x3943, 0x28E2, 0x18A2, 0x1082, 0x0862,
        0x18C2, 0x2902, 0x4163, 0x59C3, 0x7244, 0xB3E8, 0xD4A7, 0xD4A7, 0xD4A7, 0xD4A7, 0x9389, 0x4983, 0x3123, 0x20E2, 0x10A2, 0x0862,
        0x18A2, 0x28E2, 0x3943, 0x49A3, 0x6203, 0xA3C8, 0xABE8, 0xD4A7, 0xD4A7, 0x9BA9, 0x8B89, 0x4163, 0x2902, 0x20C2, 0x1082, 0x0862,
        0x10A2, 0x20C2, 0x2903, 0x3963, 0x8369, 0x9389, 0x93A9, 0x93A9, 0x9389, 0x8B69, 0x8349, 0x7329, 0x20E2, 0x18A2, 0x1082, 0x0862,
        0x1082, 0x18A2, 0x20E2, 0x2903, 0x3943, 0x4163, 0x4983, 0x8369, 0x8349, 0x3963, 0x3123, 0x28E2, 0x18C2, 0x1082, 0x0862, 0x0862,
        0x0862, 0x1082, 0x18A2, 0x20C2, 0x28E2, 0x2903, 0x3123, 0x7329, 0x7329, 0x2903, 0x20E2, 0x18C2, 0x1082, 0x0882, 0x0862, 0x0042,
        0x0862, 0x0862, 0x1082, 0x10A2, 0x18A2, 0x630A, 0x6309, 0x6B09, 0x6309, 0x630A, 0x62EA, 0x1082, 0x0882, 0x0862, 0x0862, 0x0062,
        0x0062, 0x0862, 0x0862, 0x29E3, 0x5AEA, 0x5AEA, 0x5AEA, 0x5AEA, 0x5AEA, 0x5AEA, 0x5AEA, 0x5ACA, 0x29E3, 0x0062, 0x0062, 0x0062,
        0x10A2, 0x10A2, 0x10A2, 0x10A2, 0x10A2, 0x10A2, 0x18A2, 0x18A2, 0x18A2, 0x10A2, 0x10A2, 0x10A2, 0x10A2, 0x10A2, 0x10A2, 0x10A2,
        0x1122, 0x1122, 0x0862, 0x10A2, 0x10A2, 0x10A2, 0x10A2, 0x10A2, 0x10A2, 0x10A2, 0x10A2, 0x10A2, 0x10A2, 0x0862, 0x1122, 0x1122,
    },
    {
        0x0021, 0x0041, 0x0041, 0x0041, 0x0841, 0x0841, 0x0841, 0x5AEA, 0x5AEA, 0x0841, 0x0841, 0x0041, 0x0041, 0x0021, 0x0021, 0x0021,
        0x0041, 0x0041, 0x0841, 0x0841, 0x0861, 0x5AEA, 0x5AEA, 0x5AEA, 0x5AEA, 0x5AEA, 0x5AEA, 0x0841, 0x0041, 0x0041, 0x0021, 0x0021,
        0x0841, 0x5ACA, 0x0862, 0x5AEA, 0x5AEA, 0x62EA, 0x62EA, 0x62EA, 0x62EA, 0x5AEA, 0x5AEA, 0x5AEA, 0x5AEA, 0x0842, 0x52CA, 0x0041,
        0x0842, 0x0862, 0x5AEA, 0x5AEA, 0x62EA, 0x630A, 0x630A, 0x630A, 0x630A, 0x62EA, 0x62EA, 0x5AEA, 0x5AEA, 0x5ACA, 0x0841, 0x0041,
        0x0862, 0x0862, 0x1082, 0x1082, 0x39C5, 0x41E5, 0x41E5, 0x41E5, 0x41E5, 0x41C5, 0x39C5, 0x39A5, 0x0862, 0x0862, 0x0842, 0x0042,
        0x1082, 0x20C2, 0x2902, 0x3943, 0x49A3, 0x9389, 0xA3C8, 0xD466, 0xD466, 0x8B89, 0x8349, 0x3123, 0x20E2, 0x18A2, 0x1082, 0x0862,
        0x18A2, 0x20C2, 0x3102, 0x4163, 0x51C3, 0x9BA9, 0xD466, 0xD466, 0xD466, 0xD466, 0x8369, 0x3123, 0x28E2, 0x18A2, 0x1082, 0x0862,
        0x18A2, 0x2902, 0x3943, 0x51A3, 0x6A24, 0xABE8, 0xD466, 0xD466, 0xD466, 0xD466, 0x9389, 0x4183, 0x3123, 0x20C2, 0x10A2, 0x0862,
        0x18A2, 0x20E2, 0x3123, 0x4183, 0x59E3, 0x9BA8, 0xA3C8, 0xD466, 0xD466, 0x9389, 0x8B69, 0x3943, 0x2902, 0x18C2, 0x1082, 0x0862,
        0x10A2, 0x18C2, 0x2903, 0x3943, 0x8369, 0x8B69, 0x9389, 0x9389, 0x8B89, 0x8369, 0x7B49, 0x7329, 0x20E2, 0x18A2, 0x1082, 0x0862,
        0x1082, 0x18A2, 0x20C2, 0x2903, 0x3123, 0x3963, 0x4163, 0x8349, 0x7B49, 0x3943, 0x3103, 0x20E2, 0x18C2, 0x1082, 0x0862, 0x0862,
        0x0862, 0x1082, 0x18A2, 0x18C2, 0x20E2, 0x2903, 0x2903, 0x7329, 0x7329, 0x28E2, 0x20C2, 0x18A2, 0x1082, 0x0862, 0x0862, 0x0042,
        0x0862, 0x0862, 0x1082, 0x10A2, 0x18A2, 0x630A, 0x630A, 0x630A, 0x630A, 0x62EA, 0x62EA, 0x1082, 0x0882, 0x0862, 0x0862, 0x0062,
        0x0062, 0x0862, 0x0862, 0x29E3, 0x5AEA, 0x5AEA, 0x5AEA, 0x5AEA, 0x5AEA, 0x5AEA, 0x5AEA, 0x5ACA, 0x29E3, 0x0062, 0x0062, 0x0062,
        0x10A2, 0x10A2, 0x10A2, 0x10A2, 0x10A2, 0x10A2, 0x18A2, 0x18A2, 0x10A2, 0x10A2, 0x10A2, 0x10A2, 0x10A2, 0x10A2, 0x10A2, 0x10A2,
        0x1122, 0x1122, 0x0862, 0x10A2, 0x10A2, 0x10A2, 0x10A2, 0x10A2, 0x10A2, 0x10A2, 0x10A2, 0x10A2, 0x10A2, 0x0862, 0x1122, 0x1122,
    },
    {
        0x0021, 0x0041, 0x0041, 0x0041, 0x0841, 0x0841, 0x0841, 0x5AEA, 0x5AEA, 0x0841, 0x0841, 0x0041, 0x0041, 0x0021, 0x0021, 0x0021,
        0x0041, 0x0041, 0x0841, 0x0841, 0x0861, 0x5AEA, 0x5AEA, 0x5AEA, 0x5AEA, 0x5AEA, 0x5AEA, 0x0841, 0x0041, 0x0041, 0x0021, 0x0021,
        0x0041, 0x5ACA, 0x0862, 0x5AEA, 0x5AEA, 0x5AEA, 0x62EA, 0x62EA, 0x62EA, 0x5AEA, 0x5AEA, 0x5AEA, 0x5AEA, 0x0842, 0x52CA, 0x0041,
        0x0842, 0x0862, 0x5AEA, 0x5AEA, 0x62EA, 0x62EA, 0x630A, 0x630A, 0x630A, 0x62EA, 0x62EA, 0x5AEA, 0x5AEA, 0x5ACA, 0x0841, 0x0041,
        0x0862, 0x0862, 0x1082, 0x1082, 0x39C5, 0x41C5, 0x41E5, 0x41E5, 0x41E5, 0x41C5, 0x39C5, 0x39A5, 0x0862, 0x0862, 0x0842, 0x0042,
        0x1082, 0x18C2, 0x2902, 0x3943, 0x4983, 0x9389, 0x9BA8, 0xCC66, 0xCC66, 0x8B89, 0x8349, 0x3123, 0x20E2, 0x18A2, 0x1082, 0x0862,
        0x1082, 0x20C2, 0x2902, 0x3943, 0x51A3, 0x9BA9, 0xCC66, 0xCC66, 0xCC66, 0xCC66, 0x8369, 0x3923, 0x28E2, 0x18A2, 0x1082, 0x0862,
        0x18A2, 0x28E2, 0x3943, 0x49A3, 0x6204, 0xABC8, 0xCC66, 0xCC66, 0xCC66, 0xCC66, 0x9389, 0x4183, 0x3123, 0x20C2, 0x10A2, 0x0862,
        0x18A2, 0x20E2, 0x3123, 0x4163, 0x51C3, 0x9BA9, 0xA3C8, 0xCC66, 0xCC66, 0x9389, 0x8B69, 0x3943, 0x2902, 0x18C2, 0x1082, 0x0862,
        0x1082, 0x18C2, 0x2902, 0x3143, 0x8349, 0x8B69, 0x8B89, 0x9389, 0x8B89, 0x8369, 0x7B49, 0x7329, 0x20E2, 0x18A2, 0x1082, 0x0862,
        0x1082, 0x10A2, 0x20C2, 0x2902, 0x3123, 0x3943, 0x4163, 0x7B49, 0x7B49, 0x3943, 0x3103, 0x20E2, 0x18C2, 0x1082, 0x0862, 0x0862,
        0x0862, 0x1082, 0x10A2, 0x18C2, 0x20E2, 0x2902, 0x2903, 0x7329, 0x7329, 0x28E2, 0x20C2, 0x18A2, 0x1082, 0x0862, 0x0862, 0x0842,
        0x0862, 0x0862, 0x0882, 0x1082, 0x18A2, 0x630A, 0x630A, 0x630A, 0x630A, 0x62EA, 0x62EA, 0x1082, 0x0882, 0x0862, 0x0862, 0x0062,
        0x0062, 0x0862, 0x0862, 0x29E3, 0x5AEA, 0x5AEA, 0x5AEA, 0x5AEA, 0x5AEA, 0x5AEA, 0x5AEA, 0x5ACA, 0x29E3, 0x0062, 0x0062, 0x0062,
        0x10A2, 0x10A2, 0x10A2, 0x10A2, 0x10A2, 0x10A2, 0x10A2, 0x18A2, 0x10A2, 0x10A2, 0x10A2, 0x10A2, 0x10A2, 0x10A2, 0x10A2, 0x10A2,
        0x1122, 0x1122, 0x0862, 0x10A2, 0x10A2, 0x10A2, 0x10A2, 0x10A2, 0x10A2, 0x10A2, 0x10A2, 0x10A2, 0x10A2, 0x0862, 0x1122, 0x1122,
    },
    {
        0x0021, 0x0041, 0x0041, 0x0841, 0x0841, 0x0841, 0x0841, 0x5AEA, 0x5AEA, 0x0841, 0x0841, 0x0041, 0x0041, 0x0041, 0x0021, 0x0021,
        0x0041, 0x0041, 0x0841, 0x0841, 0x0861, 0x5AEA, 0x5AEA, 0x5AEA, 0x5AEA, 0x5AEA, 0x5AEA, 0x0841, 0x0841, 0x0041, 0x0041, 0x0021,
        0x0041, 0x5ACA, 0x0862, 0x5AEA, 0x5AEA, 0x62EA, 0x62EA, 0x62EA, 0x62EA, 0x62EA, 0x5AEA, 0x5AEA, 0x5AEA, 0x0842, 0x52CA, 0x0041,
        0x0842, 0x0862, 0x5AEA, 0x5AEA, 0x62EA, 0x630A, 0x6309, 0x6309, 0x6309, 0x630A, 0x62EA, 0x5AEA, 0x5AEA, 0x5AEA, 0x0842, 0x0041,
        0x0862, 0x0862, 0x1082, 0x1082, 0x39C5, 0x41E5, 0x49E5, 0x49E5, 0x41E5, 0x41E5, 0x39C5, 0x39A5, 0x1082, 0x0862, 0x0862, 0x0042,
        0x1082, 0x20C2, 0x2902, 0x3963, 0x51A3, 0x9BA9, 0xA3C8, 0xD4A7, 0xD4A7, 0x93A9, 0x8B69, 0x3943, 0x2902, 0x18C2, 0x1082, 0x0862,
        0x1082, 0x20C2, 0x3102, 0x4163, 0x59C3, 0x9BA8, 0xD4A7, 0xD4A7, 0xD4A7, 0xD4A7, 0x8B69, 0x4163, 0x2902, 0x20C2, 0x1082, 0x0862,
        0x18A2, 0x2902, 0x3943, 0x51C3, 0x6A44, 0xB3E8, 0xD4A7, 0xD4A7, 0xD4A7, 0xD4A7, 0x9BA9, 0x51A3, 0x3943, 0x28E2, 0x18A2, 0x1082,
        0x18A2, 0x20E2, 0x3123, 0x4983, 0x59E3, 0xA3C8, 0xABE8, 0xD4A7, 0xD4A7, 0x9BA8, 0x9389, 0x4183, 0x3123, 0x20E2, 0x10A2, 0x0862,
        0x1082, 0x18C2, 0x2903, 0x3943, 0x8369, 0x8B89, 0x93A9, 0x9BA9, 0x9389, 0x8B89, 0x8369, 0x7B49, 0x2903, 0x18C2, 0x1082, 0x0862,
        0x1082, 0x18A2, 0x20C2, 0x2903, 0x3943, 0x4163, 0x4983, 0x8369, 0x8369, 0x4163, 0x3123, 0x2903, 0x20C2, 0x10A2, 0x0882, 0x0862,
        0x0862, 0x1082, 0x18A2, 0x20C2, 0x20E2, 0x2903, 0x3123, 0x7329, 0x7329, 0x2903, 0x20E2, 0x18C2, 0x10A2, 0x1082, 0x0862, 0x0862,
        0x0862, 0x0862, 0x1082, 0x10A2, 0x18A2, 0x630A, 0x6309, 0x6B09, 0x6309, 0x630A, 0x62EA, 0x1082, 0x0882, 0x0862, 0x0862, 0x0062,
        0x0062, 0x0862, 0x0862, 0x29E3, 0x5AEA, 0x5AEA, 0x5AEA, 0x5AEA, 0x5AEA, 0x5AEA, 0x5AEA, 0x5ACA, 0x29E3, 0x0862, 0x0062, 0x0062,
        0x10A2, 0x10A2, 0x10A2, 0x10A2, 0x10A2, 0x10A2, 0x18A2, 0x18A2, 0x18A2, 0x10A2, 0x10A2, 0x10A2, 0x10A2, 0x10A2, 0x10A2, 0x10A2,
        0x1122, 0x1122, 0x0862, 0x10A2, 0x10A2, 0x10A2, 0x10A2, 0x10A2, 0x10A2, 0x10A2, 0x10A2, 0x10A2, 0x10A2, 0x0862, 0x1122, 0x1122,
    },
    {
        0x0021, 0x0041, 0x0041, 0x0841, 0x0841, 0x0841, 0x0861, 0x5AEA, 0x5AEA, 0x0841, 0x0841, 0x0841, 0x0041, 0x0041, 0x0021, 0x0021,
        0x0041, 0x0041, 0x0841, 0x0841, 0x0862, 0x5AEA, 0x5AEA, 0x5AEA, 0x5AEA, 0x5AEA, 0x5AEA, 0x0861, 0x0841, 0x0041, 0x0041, 0x0021,
        0x0841, 0x5ACA, 0x0862, 0x5AEA, 0x62EA, 0x62EA, 0x62EA, 0x630A, 0x630A, 0x62EA, 0x62EA, 0x5AEA, 0x5AEA, 0x0842, 0x5ACA, 0x0041,
        0x0842, 0x0862, 0x5AEA, 0x62EA, 0x630A, 0x6309, 0x6B09, 0x6B09, 0x6B09, 0x6309, 0x630A, 0x62EA, 0x5AEA, 0x5AEA, 0x0842, 0x0041,
        0x0862, 0x0862, 0x1082, 0x18A2, 0x41C5, 0x41E5, 0x4A05, 0x4A05, 0x4A05, 0x49E5, 0x41E5, 0x39C5, 0x1082, 0x0862, 0x0862, 0x0842,
        0x10A2, 0x20C2, 0x3122, 0x4183, 0x59E3, 0xA3C8, 0xB3E8, 0xE528, 0xE528, 0xA3C8, 0x9389, 0x4983, 0x3123, 0x20E2, 0x18A2, 0x0862,
        0x18A2, 0x20E2, 0x3123, 0x4983, 0x6203, 0xA3C8, 0xE528, 0xE528, 0xE528, 0xE528, 0x93A9, 0x49A3, 0x3923, 0x28E2, 0x18A2, 0x1062,
        0x18C2, 0x2902, 0x4163, 0x59E3, 0x7A84, 0xBC08, 0xE528, 0xE528, 0xE528, 0xE528, 0xABC8, 0x6203, 0x4183, 0x3123, 0x20C2, 0x1082,
        0x18A2, 0x28E2, 0x3943, 0x51A3, 0x6A24, 0xABE8, 0xBC08, 0xE528, 0xE528, 0xABE8, 0x9BA8, 0x51C3, 0x3963, 0x2902, 0x18A2, 0x1082,
        0x10A2, 0x20C2, 0x3123, 0x4163, 0x8B69, 0x93A9, 0xA3C8, 0xA3C8, 0xA3C8, 0x9BA9, 0x8B89, 0x8349, 0x3123, 0x20E2, 0x10A2, 0x0862,
        0x1082, 0x18A2, 0x20E2, 0x3123, 0x3963, 0x4983, 0x51C3, 0x8B89, 0x8B69, 0x49A3, 0x4163, 0x3123, 0x20E2, 0x18A2, 0x1082, 0x0862,
        0x0862, 0x1082, 0x18A2, 0x20C2, 0x2903, 0x3123, 0x3943, 0x7B49, 0x7B49, 0x3123, 0x2903, 0x20E2, 0x18A2, 0x1082, 0x0862, 0x0862,
        0x0862, 0x0862, 0x1082, 0x10A2, 0x18C2, 0x6B09, 0x6B09, 0x6B09, 0x6B09, 0x6B09, 0x630A, 0x10A2, 0x1082, 0x0862, 0x0862, 0x0062,
        0x0062, 0x0862, 0x0862, 0x29E3, 0x5AEA, 0x5AEA, 0x62EA, 0x62EA, 0x62EA, 0x5AEA, 0x5AEA, 0x5AEA, 0x29E3, 0x0862, 0x0062, 0x0062,
        0x10A2, 0x10A2, 0x10A2, 0x10A2, 0x10A2, 0x10A2, 0x18A2, 0x18A2, 0x18A2, 0x18A2, 0x10A2, 0x10A2, 0x10A2, 0x10A2, 0x10A2, 0x10A2,
        0x1122, 0x1122, 0x0862, 0x10A2, 0x10A2, 0x10A2, 0x10A2, 0x10A2, 0x10A2, 0x10A2, 0x10A2, 0x10A2, 0x10A2, 0x0862, 0x1122, 0x1122,
    },
};
